[0.000000] (-) TimerEvent: {}
[0.000265] (air_pkg) JobQueued: {'identifier': 'air_pkg', 'dependencies': OrderedDict()}
[0.000284] (vacuum_switch) JobQueued: {'identifier': 'vacuum_switch', 'dependencies': OrderedDict()}
[0.000296] (yolo_msgs) JobQueued: {'identifier': 'yolo_msgs', 'dependencies': OrderedDict()}
[0.000305] (yolo_ros) JobQueued: {'identifier': 'yolo_ros', 'dependencies': OrderedDict([('yolo_msgs', '/home/matsunaga-h/pickup_ws/install/yolo_msgs')])}
[0.000315] (yolo_bringup) JobQueued: {'identifier': 'yolo_bringup', 'dependencies': OrderedDict([('yolo_msgs', '/home/matsunaga-h/pickup_ws/install/yolo_msgs'), ('yolo_ros', '/home/matsunaga-h/pickup_ws/install/yolo_ros')])}
[0.000333] (yolo_msgs) JobStarted: {'identifier': 'yolo_msgs'}
[0.003990] (air_pkg) JobStarted: {'identifier': 'air_pkg'}
[0.007386] (vacuum_switch) JobStarted: {'identifier': 'vacuum_switch'}
[0.010728] (yolo_msgs) JobProgress: {'identifier': 'yolo_msgs', 'progress': 'cmake'}
[0.011022] (yolo_msgs) JobProgress: {'identifier': 'yolo_msgs', 'progress': 'build'}
[0.011545] (yolo_msgs) Command: {'cmd': ['/usr/bin/cmake', '--build', '/home/matsunaga-h/pickup_ws/build/yolo_msgs', '--', '-j16', '-l16'], 'cwd': '/home/matsunaga-h/pickup_ws/build/yolo_msgs', 'env': OrderedDict([('GJS_DEBUG_TOPICS', 'JS ERROR;JS LOG'), ('LESSOPEN', '| /usr/bin/lesspipe %s'), ('LANGUAGE', 'ja:en'), ('USER', 'matsunaga-h'), ('LC_TIME', 'ja_JP.UTF-8'), ('XDG_SESSION_TYPE', 'wayland'), ('SHLVL', '1'), ('LD_LIBRARY_PATH', '/opt/ros/humble/opt/rviz_ogre_vendor/lib:/opt/ros/humble/lib/x86_64-linux-gnu:/opt/ros/humble/lib'), ('HOME', '/home/matsunaga-h'), ('OLDPWD', '/home/matsunaga-h'), ('DESKTOP_SESSION', 'ubuntu'), ('ROS_PYTHON_VERSION', '3'), ('GNOME_SHELL_SESSION_MODE', 'ubuntu'), ('GTK_MODULES', 'gail:atk-bridge'), ('LC_MONETARY', 'ja_JP.UTF-8'), ('MANAGERPID', '2068'), ('SYSTEMD_EXEC_PID', '2236'), ('DBUS_SESSION_BUS_ADDRESS', 'unix:path=/run/user/1000/bus'), ('COLORTERM', 'truecolor'), ('TERMINATOR_DBUS_NAME', 'net.tenshu.Terminator25ef4b219e3b005583550f2b0f9f990c3'), ('IM_CONFIG_PHASE', '1'), ('WAYLAND_DISPLAY', 'wayland-0'), ('COLCON_PREFIX_PATH', '/home/matsunaga-h/pickup_ws/install'), ('ROS_DISTRO', 'humble'), ('LOGNAME', 'matsunaga-h'), ('JOURNAL_STREAM', '8:15755'), ('_', '/usr/bin/colcon'), ('ROS_VERSION', '2'), ('XDG_SESSION_CLASS', 'user'), ('USERNAME', 'matsunaga-h'), ('TERM', 'xterm-256color'), ('GNOME_DESKTOP_SESSION_ID', 'this-is-deprecated'), ('ROS_LOCALHOST_ONLY', '0'), ('PATH', '/opt/ros/humble/bin:/home/matsunaga-h/.local/bin:/usr/local/sbin:/usr/local/bin:/usr/sbin:/usr/bin:/sbin:/bin:/usr/games:/usr/local/games:/snap/bin:/snap/bin'), ('SESSION_MANAGER', 'local/matsunagah-NUC13ANH-B:@/tmp/.ICE-unix/2206,unix/matsunagah-NUC13ANH-B:/tmp/.ICE-unix/2206'), ('INVOCATION_ID', '741cca31c22a48bea7c1cb2486f1ecb7'), ('PAPERSIZE', 'a4'), ('XDG_MENU_PREFIX', 'gnome-'), ('LC_ADDRESS', 'ja_JP.UTF-8'), ('GNOME_SETUP_DISPLAY', ':1'), ('XDG_RUNTIME_DIR', '/run/user/1000'), ('DISPLAY', ':0'), ('TERMINATOR_DBUS_PATH', '/net/tenshu/Terminator2'), ('LANG', 'ja_JP.UTF-8'), ('XDG_CURRENT_DESKTOP', 'ubuntu:GNOME'), ('IBUS_DISABLE_SNOOPER', '1'), ('LC_TELEPHONE', 'ja_JP.UTF-8'), ('XMODIFIERS', '@im=ibus'), ('XDG_SESSION_DESKTOP', 'ubuntu'), ('XAUTHORITY', '/run/user/1000/.mutter-Xwaylandauth.VC0T62'), ('LS_COLORS', 'rs=0:di=01;34:ln=01;36:mh=00:pi=40;33:so=01;35:do=01;35:bd=40;33;01:cd=40;33;01:or=40;31;01:mi=00:su=37;41:sg=30;43:ca=30;41:tw=30;42:ow=34;42:st=37;44:ex=01;32:*.tar=01;31:*.tgz=01;31:*.arc=01;31:*.arj=01;31:*.taz=01;31:*.lha=01;31:*.lz4=01;31:*.lzh=01;31:*.lzma=01;31:*.tlz=01;31:*.txz=01;31:*.tzo=01;31:*.t7z=01;31:*.zip=01;31:*.z=01;31:*.dz=01;31:*.gz=01;31:*.lrz=01;31:*.lz=01;31:*.lzo=01;31:*.xz=01;31:*.zst=01;31:*.tzst=01;31:*.bz2=01;31:*.bz=01;31:*.tbz=01;31:*.tbz2=01;31:*.tz=01;31:*.deb=01;31:*.rpm=01;31:*.jar=01;31:*.war=01;31:*.ear=01;31:*.sar=01;31:*.rar=01;31:*.alz=01;31:*.ace=01;31:*.zoo=01;31:*.cpio=01;31:*.7z=01;31:*.rz=01;31:*.cab=01;31:*.wim=01;31:*.swm=01;31:*.dwm=01;31:*.esd=01;31:*.jpg=01;35:*.jpeg=01;35:*.mjpg=01;35:*.mjpeg=01;35:*.gif=01;35:*.bmp=01;35:*.pbm=01;35:*.pgm=01;35:*.ppm=01;35:*.tga=01;35:*.xbm=01;35:*.xpm=01;35:*.tif=01;35:*.tiff=01;35:*.png=01;35:*.svg=01;35:*.svgz=01;35:*.mng=01;35:*.pcx=01;35:*.mov=01;35:*.mpg=01;35:*.mpeg=01;35:*.m2v=01;35:*.mkv=01;35:*.webm=01;35:*.webp=01;35:*.ogm=01;35:*.mp4=01;35:*.m4v=01;35:*.mp4v=01;35:*.vob=01;35:*.qt=01;35:*.nuv=01;35:*.wmv=01;35:*.asf=01;35:*.rm=01;35:*.rmvb=01;35:*.flc=01;35:*.avi=01;35:*.fli=01;35:*.flv=01;35:*.gl=01;35:*.dl=01;35:*.xcf=01;35:*.xwd=01;35:*.yuv=01;35:*.cgm=01;35:*.emf=01;35:*.ogv=01;35:*.ogx=01;35:*.aac=00;36:*.au=00;36:*.flac=00;36:*.m4a=00;36:*.mid=00;36:*.midi=00;36:*.mka=00;36:*.mp3=00;36:*.mpc=00;36:*.ogg=00;36:*.ra=00;36:*.wav=00;36:*.oga=00;36:*.opus=00;36:*.spx=00;36:*.xspf=00;36:'), ('SSH_AGENT_LAUNCHER', 'gnome-keyring'), ('SSH_AUTH_SOCK', '/run/user/1000/keyring/ssh'), ('AMENT_PREFIX_PATH', '/home/matsunaga-h/pickup_ws/install/vacuum_switch:/home/matsunaga-h/pickup_ws/install/my_package:/home/matsunaga-h/pickup_ws/install/air_pkg:/opt/ros/humble'), ('SHELL', '/bin/bash'), ('LC_NAME', 'ja_JP.UTF-8'), ('TERMINATOR_UUID', 'urn:uuid:9183111f-79a4-4828-929a-6d6d10820a9e'), ('QT_ACCESSIBILITY', '1'), ('GDMSESSION', 'ubuntu'), ('LESSCLOSE', '/usr/bin/lesspipe %s %s'), ('LC_MEASUREMENT', 'ja_JP.UTF-8'), ('GJS_DEBUG_OUTPUT', 'stderr'), ('LC_IDENTIFICATION', 'ja_JP.UTF-8'), ('QT_IM_MODULE', 'ibus'), ('PWD', '/home/matsunaga-h/pickup_ws/build/yolo_msgs'), ('LC_ALL', 'en_US.UTF-8'), ('XDG_CONFIG_DIRS', '/etc/xdg/xdg-ubuntu:/etc/xdg'), ('XDG_DATA_DIRS', '/usr/share/ubuntu:/usr/local/share/:/usr/share/:/var/lib/snapd/desktop'), ('PYTHONPATH', '/home/matsunaga-h/pickup_ws/install/vacuum_switch/lib/python3.10/site-packages:/home/matsunaga-h/pickup_ws/install/my_package/lib/python3.10/site-packages:/home/matsunaga-h/pickup_ws/install/air_pkg/lib/python3.10/site-packages:/opt/ros/humble/lib/python3.10/site-packages:/opt/ros/humble/local/lib/python3.10/dist-packages'), ('LC_NUMERIC', 'ja_JP.UTF-8'), ('LC_PAPER', 'ja_JP.UTF-8'), ('COLCON', '1'), ('VTE_VERSION', '6800'), ('CMAKE_PREFIX_PATH', '/home/matsunaga-h/pickup_ws/install/vacuum_switch:/home/matsunaga-h/pickup_ws/install/my_package:/home/matsunaga-h/pickup_ws/install/air_pkg:/opt/ros/humble')]), 'shell': False}
[0.099726] (-) TimerEvent: {}
[0.197151] (yolo_msgs) StdoutLine: {'line': b'\x1b[35m\x1b[1mConsolidate compiler generated dependencies of target yolo_msgs__rosidl_generator_c\x1b[0m\n'}
[0.197729] (yolo_msgs) StdoutLine: {'line': b'[  0%] Built target yolo_msgs__cpp\n'}
[0.198211] (yolo_msgs) StdoutLine: {'line': b'[ 12%] Built target yolo_msgs__rosidl_generator_c\n'}
[0.198303] (yolo_msgs) StdoutLine: {'line': b'[ 12%] Built target ament_cmake_python_copy_yolo_msgs\n'}
[0.198408] (yolo_msgs) StdoutLine: {'line': b'\x1b[35m\x1b[1mConsolidate compiler generated dependencies of target yolo_msgs__rosidl_typesupport_introspection_cpp\x1b[0m\n'}
[0.198497] (yolo_msgs) StdoutLine: {'line': b'\x1b[35m\x1b[1mConsolidate compiler generated dependencies of target yolo_msgs__rosidl_typesupport_cpp\x1b[0m\n'}
[0.198650] (yolo_msgs) StdoutLine: {'line': b'\x1b[35m\x1b[1mConsolidate compiler generated dependencies of target yolo_msgs__rosidl_typesupport_c\x1b[0m\n'}
[0.198730] (yolo_msgs) StdoutLine: {'line': b'\x1b[35m\x1b[1mConsolidate compiler generated dependencies of target yolo_msgs__rosidl_typesupport_fastrtps_cpp\x1b[0m\n'}
[0.198808] (yolo_msgs) StdoutLine: {'line': b'\x1b[35m\x1b[1mConsolidate compiler generated dependencies of target yolo_msgs__rosidl_typesupport_introspection_c\x1b[0m\n'}
[0.198886] (yolo_msgs) StdoutLine: {'line': b'\x1b[35m\x1b[1mConsolidate compiler generated dependencies of target yolo_msgs__rosidl_typesupport_fastrtps_c\x1b[0m\n'}
[0.198964] (yolo_msgs) StdoutLine: {'line': b'[ 24%] Built target yolo_msgs__rosidl_typesupport_c\n'}
[0.199043] (yolo_msgs) StdoutLine: {'line': b'[ 36%] Built target yolo_msgs__rosidl_typesupport_introspection_c\n'}
[0.199122] (yolo_msgs) StdoutLine: {'line': b'[ 48%] Built target yolo_msgs__rosidl_typesupport_introspection_cpp\n'}
[0.199202] (yolo_msgs) StdoutLine: {'line': b'[ 60%] Built target yolo_msgs__rosidl_typesupport_cpp\n'}
[0.199394] (yolo_msgs) StdoutLine: {'line': b'[ 72%] Built target yolo_msgs__rosidl_typesupport_fastrtps_cpp\n'}
[0.199479] (yolo_msgs) StdoutLine: {'line': b'[ 84%] Built target yolo_msgs__rosidl_typesupport_fastrtps_c\n'}
[0.199939] (-) TimerEvent: {}
[0.200057] (yolo_msgs) StdoutLine: {'line': b'[ 84%] Built target yolo_msgs\n'}
[0.200148] (yolo_msgs) StdoutLine: {'line': b'[ 85%] Built target yolo_msgs__py\n'}
[0.200227] (yolo_msgs) StdoutLine: {'line': b'\x1b[35m\x1b[1mConsolidate compiler generated dependencies of target yolo_msgs__rosidl_generator_py\x1b[0m\n'}
[0.200304] (yolo_msgs) StdoutLine: {'line': b'[ 96%] Built target yolo_msgs__rosidl_generator_py\n'}
[0.200385] (yolo_msgs) StdoutLine: {'line': b'\x1b[35m\x1b[1mConsolidate compiler generated dependencies of target yolo_msgs__rosidl_typesupport_fastrtps_c__pyext\x1b[0m\n'}
[0.200461] (yolo_msgs) StdoutLine: {'line': b'\x1b[35m\x1b[1mConsolidate compiler generated dependencies of target yolo_msgs__rosidl_typesupport_introspection_c__pyext\x1b[0m\n'}
[0.200553] (yolo_msgs) StdoutLine: {'line': b'\x1b[35m\x1b[1mConsolidate compiler generated dependencies of target yolo_msgs__rosidl_typesupport_c__pyext\x1b[0m\n'}
[0.200631] (yolo_msgs) StdoutLine: {'line': b'[ 97%] Built target yolo_msgs__rosidl_typesupport_c__pyext\n'}
[0.200707] (yolo_msgs) StdoutLine: {'line': b'[100%] Built target yolo_msgs__rosidl_typesupport_introspection_c__pyext\n'}
[0.200783] (yolo_msgs) StdoutLine: {'line': b'[100%] Built target yolo_msgs__rosidl_typesupport_fastrtps_c__pyext\n'}
[0.234920] (yolo_msgs) StdoutLine: {'line': b'running egg_info\n'}
[0.235389] (yolo_msgs) StdoutLine: {'line': b'writing yolo_msgs.egg-info/PKG-INFO\n'}
[0.235573] (yolo_msgs) StdoutLine: {'line': b'writing dependency_links to yolo_msgs.egg-info/dependency_links.txt\n'}
[0.235685] (yolo_msgs) StdoutLine: {'line': b'writing top-level names to yolo_msgs.egg-info/top_level.txt\n'}
[0.237192] (yolo_msgs) StdoutLine: {'line': b"reading manifest file 'yolo_msgs.egg-info/SOURCES.txt'\n"}
[0.237541] (yolo_msgs) StdoutLine: {'line': b"writing manifest file 'yolo_msgs.egg-info/SOURCES.txt'\n"}
[0.256703] (yolo_msgs) StdoutLine: {'line': b'[100%] Built target ament_cmake_python_build_yolo_msgs_egg\n'}
[0.300069] (-) TimerEvent: {}
[0.369419] (yolo_msgs) CommandEnded: {'returncode': 0}
[0.369836] (yolo_msgs) JobProgress: {'identifier': 'yolo_msgs', 'progress': 'install'}
[0.378386] (yolo_msgs) Command: {'cmd': ['/usr/bin/cmake', '--install', '/home/matsunaga-h/pickup_ws/build/yolo_msgs'], 'cwd': '/home/matsunaga-h/pickup_ws/build/yolo_msgs', 'env': OrderedDict([('GJS_DEBUG_TOPICS', 'JS ERROR;JS LOG'), ('LESSOPEN', '| /usr/bin/lesspipe %s'), ('LANGUAGE', 'ja:en'), ('USER', 'matsunaga-h'), ('LC_TIME', 'ja_JP.UTF-8'), ('XDG_SESSION_TYPE', 'wayland'), ('SHLVL', '1'), ('LD_LIBRARY_PATH', '/opt/ros/humble/opt/rviz_ogre_vendor/lib:/opt/ros/humble/lib/x86_64-linux-gnu:/opt/ros/humble/lib'), ('HOME', '/home/matsunaga-h'), ('OLDPWD', '/home/matsunaga-h'), ('DESKTOP_SESSION', 'ubuntu'), ('ROS_PYTHON_VERSION', '3'), ('GNOME_SHELL_SESSION_MODE', 'ubuntu'), ('GTK_MODULES', 'gail:atk-bridge'), ('LC_MONETARY', 'ja_JP.UTF-8'), ('MANAGERPID', '2068'), ('SYSTEMD_EXEC_PID', '2236'), ('DBUS_SESSION_BUS_ADDRESS', 'unix:path=/run/user/1000/bus'), ('COLORTERM', 'truecolor'), ('TERMINATOR_DBUS_NAME', 'net.tenshu.Terminator25ef4b219e3b005583550f2b0f9f990c3'), ('IM_CONFIG_PHASE', '1'), ('WAYLAND_DISPLAY', 'wayland-0'), ('COLCON_PREFIX_PATH', '/home/matsunaga-h/pickup_ws/install'), ('ROS_DISTRO', 'humble'), ('LOGNAME', 'matsunaga-h'), ('JOURNAL_STREAM', '8:15755'), ('_', '/usr/bin/colcon'), ('ROS_VERSION', '2'), ('XDG_SESSION_CLASS', 'user'), ('USERNAME', 'matsunaga-h'), ('TERM', 'xterm-256color'), ('GNOME_DESKTOP_SESSION_ID', 'this-is-deprecated'), ('ROS_LOCALHOST_ONLY', '0'), ('PATH', '/opt/ros/humble/bin:/home/matsunaga-h/.local/bin:/usr/local/sbin:/usr/local/bin:/usr/sbin:/usr/bin:/sbin:/bin:/usr/games:/usr/local/games:/snap/bin:/snap/bin'), ('SESSION_MANAGER', 'local/matsunagah-NUC13ANH-B:@/tmp/.ICE-unix/2206,unix/matsunagah-NUC13ANH-B:/tmp/.ICE-unix/2206'), ('INVOCATION_ID', '741cca31c22a48bea7c1cb2486f1ecb7'), ('PAPERSIZE', 'a4'), ('XDG_MENU_PREFIX', 'gnome-'), ('LC_ADDRESS', 'ja_JP.UTF-8'), ('GNOME_SETUP_DISPLAY', ':1'), ('XDG_RUNTIME_DIR', '/run/user/1000'), ('DISPLAY', ':0'), ('TERMINATOR_DBUS_PATH', '/net/tenshu/Terminator2'), ('LANG', 'ja_JP.UTF-8'), ('XDG_CURRENT_DESKTOP', 'ubuntu:GNOME'), ('IBUS_DISABLE_SNOOPER', '1'), ('LC_TELEPHONE', 'ja_JP.UTF-8'), ('XMODIFIERS', '@im=ibus'), ('XDG_SESSION_DESKTOP', 'ubuntu'), ('XAUTHORITY', '/run/user/1000/.mutter-Xwaylandauth.VC0T62'), ('LS_COLORS', 'rs=0:di=01;34:ln=01;36:mh=00:pi=40;33:so=01;35:do=01;35:bd=40;33;01:cd=40;33;01:or=40;31;01:mi=00:su=37;41:sg=30;43:ca=30;41:tw=30;42:ow=34;42:st=37;44:ex=01;32:*.tar=01;31:*.tgz=01;31:*.arc=01;31:*.arj=01;31:*.taz=01;31:*.lha=01;31:*.lz4=01;31:*.lzh=01;31:*.lzma=01;31:*.tlz=01;31:*.txz=01;31:*.tzo=01;31:*.t7z=01;31:*.zip=01;31:*.z=01;31:*.dz=01;31:*.gz=01;31:*.lrz=01;31:*.lz=01;31:*.lzo=01;31:*.xz=01;31:*.zst=01;31:*.tzst=01;31:*.bz2=01;31:*.bz=01;31:*.tbz=01;31:*.tbz2=01;31:*.tz=01;31:*.deb=01;31:*.rpm=01;31:*.jar=01;31:*.war=01;31:*.ear=01;31:*.sar=01;31:*.rar=01;31:*.alz=01;31:*.ace=01;31:*.zoo=01;31:*.cpio=01;31:*.7z=01;31:*.rz=01;31:*.cab=01;31:*.wim=01;31:*.swm=01;31:*.dwm=01;31:*.esd=01;31:*.jpg=01;35:*.jpeg=01;35:*.mjpg=01;35:*.mjpeg=01;35:*.gif=01;35:*.bmp=01;35:*.pbm=01;35:*.pgm=01;35:*.ppm=01;35:*.tga=01;35:*.xbm=01;35:*.xpm=01;35:*.tif=01;35:*.tiff=01;35:*.png=01;35:*.svg=01;35:*.svgz=01;35:*.mng=01;35:*.pcx=01;35:*.mov=01;35:*.mpg=01;35:*.mpeg=01;35:*.m2v=01;35:*.mkv=01;35:*.webm=01;35:*.webp=01;35:*.ogm=01;35:*.mp4=01;35:*.m4v=01;35:*.mp4v=01;35:*.vob=01;35:*.qt=01;35:*.nuv=01;35:*.wmv=01;35:*.asf=01;35:*.rm=01;35:*.rmvb=01;35:*.flc=01;35:*.avi=01;35:*.fli=01;35:*.flv=01;35:*.gl=01;35:*.dl=01;35:*.xcf=01;35:*.xwd=01;35:*.yuv=01;35:*.cgm=01;35:*.emf=01;35:*.ogv=01;35:*.ogx=01;35:*.aac=00;36:*.au=00;36:*.flac=00;36:*.m4a=00;36:*.mid=00;36:*.midi=00;36:*.mka=00;36:*.mp3=00;36:*.mpc=00;36:*.ogg=00;36:*.ra=00;36:*.wav=00;36:*.oga=00;36:*.opus=00;36:*.spx=00;36:*.xspf=00;36:'), ('SSH_AGENT_LAUNCHER', 'gnome-keyring'), ('SSH_AUTH_SOCK', '/run/user/1000/keyring/ssh'), ('AMENT_PREFIX_PATH', '/home/matsunaga-h/pickup_ws/install/vacuum_switch:/home/matsunaga-h/pickup_ws/install/my_package:/home/matsunaga-h/pickup_ws/install/air_pkg:/opt/ros/humble'), ('SHELL', '/bin/bash'), ('LC_NAME', 'ja_JP.UTF-8'), ('TERMINATOR_UUID', 'urn:uuid:9183111f-79a4-4828-929a-6d6d10820a9e'), ('QT_ACCESSIBILITY', '1'), ('GDMSESSION', 'ubuntu'), ('LESSCLOSE', '/usr/bin/lesspipe %s %s'), ('LC_MEASUREMENT', 'ja_JP.UTF-8'), ('GJS_DEBUG_OUTPUT', 'stderr'), ('LC_IDENTIFICATION', 'ja_JP.UTF-8'), ('QT_IM_MODULE', 'ibus'), ('PWD', '/home/matsunaga-h/pickup_ws/build/yolo_msgs'), ('LC_ALL', 'en_US.UTF-8'), ('XDG_CONFIG_DIRS', '/etc/xdg/xdg-ubuntu:/etc/xdg'), ('XDG_DATA_DIRS', '/usr/share/ubuntu:/usr/local/share/:/usr/share/:/var/lib/snapd/desktop'), ('PYTHONPATH', '/home/matsunaga-h/pickup_ws/install/vacuum_switch/lib/python3.10/site-packages:/home/matsunaga-h/pickup_ws/install/my_package/lib/python3.10/site-packages:/home/matsunaga-h/pickup_ws/install/air_pkg/lib/python3.10/site-packages:/opt/ros/humble/lib/python3.10/site-packages:/opt/ros/humble/local/lib/python3.10/dist-packages'), ('LC_NUMERIC', 'ja_JP.UTF-8'), ('LC_PAPER', 'ja_JP.UTF-8'), ('COLCON', '1'), ('VTE_VERSION', '6800'), ('CMAKE_PREFIX_PATH', '/home/matsunaga-h/pickup_ws/install/vacuum_switch:/home/matsunaga-h/pickup_ws/install/my_package:/home/matsunaga-h/pickup_ws/install/air_pkg:/opt/ros/humble')]), 'shell': False}
[0.387576] (yolo_msgs) StdoutLine: {'line': b'-- Install configuration: ""\n'}
[0.387841] (yolo_msgs) StdoutLine: {'line': b'-- Up-to-date: /home/matsunaga-h/pickup_ws/install/yolo_msgs/share/ament_index/resource_index/rosidl_interfaces/yolo_msgs\n'}
[0.387977] (yolo_msgs) StdoutLine: {'line': b'-- Up-to-date: /home/matsunaga-h/pickup_ws/install/yolo_msgs/include/yolo_msgs/yolo_msgs\n'}
[0.388065] (yolo_msgs) StdoutLine: {'line': b'-- Up-to-date: /home/matsunaga-h/pickup_ws/install/yolo_msgs/include/yolo_msgs/yolo_msgs/msg\n'}
[0.388164] (yolo_msgs) StdoutLine: {'line': b'-- Up-to-date: /home/matsunaga-h/pickup_ws/install/yolo_msgs/include/yolo_msgs/yolo_msgs/msg/detection_array.h\n'}
[0.388281] (yolo_msgs) StdoutLine: {'line': b'-- Up-to-date: /home/matsunaga-h/pickup_ws/install/yolo_msgs/include/yolo_msgs/yolo_msgs/msg/point2_d.h\n'}
[0.388366] (yolo_msgs) StdoutLine: {'line': b'-- Up-to-date: /home/matsunaga-h/pickup_ws/install/yolo_msgs/include/yolo_msgs/yolo_msgs/msg/key_point2_d.h\n'}
[0.388447] (yolo_msgs) StdoutLine: {'line': b'-- Up-to-date: /home/matsunaga-h/pickup_ws/install/yolo_msgs/include/yolo_msgs/yolo_msgs/msg/mask.h\n'}
[0.388665] (yolo_msgs) StdoutLine: {'line': b'-- Up-to-date: /home/matsunaga-h/pickup_ws/install/yolo_msgs/include/yolo_msgs/yolo_msgs/msg/pose2_d.h\n'}
[0.388782] (yolo_msgs) StdoutLine: {'line': b'-- Up-to-date: /home/matsunaga-h/pickup_ws/install/yolo_msgs/include/yolo_msgs/yolo_msgs/msg/key_point2_d_array.h\n'}
[0.388865] (yolo_msgs) StdoutLine: {'line': b'-- Up-to-date: /home/matsunaga-h/pickup_ws/install/yolo_msgs/include/yolo_msgs/yolo_msgs/msg/key_point3_d_array.h\n'}
[0.388945] (yolo_msgs) StdoutLine: {'line': b'-- Up-to-date: /home/matsunaga-h/pickup_ws/install/yolo_msgs/include/yolo_msgs/yolo_msgs/msg/bounding_box2_d.h\n'}
[0.389026] (yolo_msgs) StdoutLine: {'line': b'-- Up-to-date: /home/matsunaga-h/pickup_ws/install/yolo_msgs/include/yolo_msgs/yolo_msgs/msg/bounding_box3_d.h\n'}
[0.389107] (yolo_msgs) StdoutLine: {'line': b'-- Up-to-date: /home/matsunaga-h/pickup_ws/install/yolo_msgs/include/yolo_msgs/yolo_msgs/msg/rosidl_generator_c__visibility_control.h\n'}
[0.389188] (yolo_msgs) StdoutLine: {'line': b'-- Up-to-date: /home/matsunaga-h/pickup_ws/install/yolo_msgs/include/yolo_msgs/yolo_msgs/msg/vector2.h\n'}
[0.389270] (yolo_msgs) StdoutLine: {'line': b'-- Up-to-date: /home/matsunaga-h/pickup_ws/install/yolo_msgs/include/yolo_msgs/yolo_msgs/msg/detail\n'}
[0.389350] (yolo_msgs) StdoutLine: {'line': b'-- Up-to-date: /home/matsunaga-h/pickup_ws/install/yolo_msgs/include/yolo_msgs/yolo_msgs/msg/detail/detection_array__functions.h\n'}
[0.389531] (yolo_msgs) StdoutLine: {'line': b'-- Up-to-date: /home/matsunaga-h/pickup_ws/install/yolo_msgs/include/yolo_msgs/yolo_msgs/msg/detail/key_point3_d_array__type_support.h\n'}
[0.389633] (yolo_msgs) StdoutLine: {'line': b'-- Up-to-date: /home/matsunaga-h/pickup_ws/install/yolo_msgs/include/yolo_msgs/yolo_msgs/msg/detail/key_point2_d_array__struct.h\n'}
[0.389710] (yolo_msgs) StdoutLine: {'line': b'-- Up-to-date: /home/matsunaga-h/pickup_ws/install/yolo_msgs/include/yolo_msgs/yolo_msgs/msg/detail/key_point2_d__struct.h\n'}
[0.389789] (yolo_msgs) StdoutLine: {'line': b'-- Up-to-date: /home/matsunaga-h/pickup_ws/install/yolo_msgs/include/yolo_msgs/yolo_msgs/msg/detail/mask__struct.h\n'}
[0.389868] (yolo_msgs) StdoutLine: {'line': b'-- Up-to-date: /home/matsunaga-h/pickup_ws/install/yolo_msgs/include/yolo_msgs/yolo_msgs/msg/detail/detection__struct.h\n'}
[0.389948] (yolo_msgs) StdoutLine: {'line': b'-- Up-to-date: /home/matsunaga-h/pickup_ws/install/yolo_msgs/include/yolo_msgs/yolo_msgs/msg/detail/vector2__functions.h\n'}
[0.390027] (yolo_msgs) StdoutLine: {'line': b'-- Up-to-date: /home/matsunaga-h/pickup_ws/install/yolo_msgs/include/yolo_msgs/yolo_msgs/msg/detail/key_point2_d__type_support.h\n'}
[0.390106] (yolo_msgs) StdoutLine: {'line': b'-- Up-to-date: /home/matsunaga-h/pickup_ws/install/yolo_msgs/include/yolo_msgs/yolo_msgs/msg/detail/key_point3_d__functions.h\n'}
[0.390185] (yolo_msgs) StdoutLine: {'line': b'-- Up-to-date: /home/matsunaga-h/pickup_ws/install/yolo_msgs/include/yolo_msgs/yolo_msgs/msg/detail/pose2_d__struct.h\n'}
[0.390266] (yolo_msgs) StdoutLine: {'line': b'-- Up-to-date: /home/matsunaga-h/pickup_ws/install/yolo_msgs/include/yolo_msgs/yolo_msgs/msg/detail/detection_array__struct.h\n'}
[0.390346] (yolo_msgs) StdoutLine: {'line': b'-- Up-to-date: /home/matsunaga-h/pickup_ws/install/yolo_msgs/include/yolo_msgs/yolo_msgs/msg/detail/key_point3_d__functions.c\n'}
[0.390425] (yolo_msgs) StdoutLine: {'line': b'-- Up-to-date: /home/matsunaga-h/pickup_ws/install/yolo_msgs/include/yolo_msgs/yolo_msgs/msg/detail/detection__functions.h\n'}
[0.390597] (yolo_msgs) StdoutLine: {'line': b'-- Up-to-date: /home/matsunaga-h/pickup_ws/install/yolo_msgs/include/yolo_msgs/yolo_msgs/msg/detail/detection_array__type_support.h\n'}
[0.390680] (yolo_msgs) StdoutLine: {'line': b'-- Up-to-date: /home/matsunaga-h/pickup_ws/install/yolo_msgs/include/yolo_msgs/yolo_msgs/msg/detail/point2_d__struct.h\n'}
[0.390761] (yolo_msgs) StdoutLine: {'line': b'-- Up-to-date: /home/matsunaga-h/pickup_ws/install/yolo_msgs/include/yolo_msgs/yolo_msgs/msg/detail/bounding_box3_d__functions.c\n'}
[0.390841] (yolo_msgs) StdoutLine: {'line': b'-- Up-to-date: /home/matsunaga-h/pickup_ws/install/yolo_msgs/include/yolo_msgs/yolo_msgs/msg/detail/detection_array__functions.c\n'}
[0.390923] (yolo_msgs) StdoutLine: {'line': b'-- Up-to-date: /home/matsunaga-h/pickup_ws/install/yolo_msgs/include/yolo_msgs/yolo_msgs/msg/detail/bounding_box2_d__functions.h\n'}
[0.391003] (yolo_msgs) StdoutLine: {'line': b'-- Up-to-date: /home/matsunaga-h/pickup_ws/install/yolo_msgs/include/yolo_msgs/yolo_msgs/msg/detail/key_point2_d__functions.h\n'}
[0.391082] (yolo_msgs) StdoutLine: {'line': b'-- Up-to-date: /home/matsunaga-h/pickup_ws/install/yolo_msgs/include/yolo_msgs/yolo_msgs/msg/detail/mask__type_support.h\n'}
[0.391161] (yolo_msgs) StdoutLine: {'line': b'-- Up-to-date: /home/matsunaga-h/pickup_ws/install/yolo_msgs/include/yolo_msgs/yolo_msgs/msg/detail/point2_d__type_support.h\n'}
[0.391261] (yolo_msgs) StdoutLine: {'line': b'-- Up-to-date: /home/matsunaga-h/pickup_ws/install/yolo_msgs/include/yolo_msgs/yolo_msgs/msg/detail/point2_d__functions.c\n'}
[0.391345] (yolo_msgs) StdoutLine: {'line': b'-- Up-to-date: /home/matsunaga-h/pickup_ws/install/yolo_msgs/include/yolo_msgs/yolo_msgs/msg/detail/point2_d__functions.h\n'}
[0.391425] (yolo_msgs) StdoutLine: {'line': b'-- Up-to-date: /home/matsunaga-h/pickup_ws/install/yolo_msgs/include/yolo_msgs/yolo_msgs/msg/detail/detection__functions.c\n'}
[0.391618] (yolo_msgs) StdoutLine: {'line': b'-- Up-to-date: /home/matsunaga-h/pickup_ws/install/yolo_msgs/include/yolo_msgs/yolo_msgs/msg/detail/key_point3_d__struct.h\n'}
[0.391702] (yolo_msgs) StdoutLine: {'line': b'-- Up-to-date: /home/matsunaga-h/pickup_ws/install/yolo_msgs/include/yolo_msgs/yolo_msgs/msg/detail/key_point2_d_array__type_support.h\n'}
[0.391779] (yolo_msgs) StdoutLine: {'line': b'-- Up-to-date: /home/matsunaga-h/pickup_ws/install/yolo_msgs/include/yolo_msgs/yolo_msgs/msg/detail/pose2_d__functions.h\n'}
[0.391859] (yolo_msgs) StdoutLine: {'line': b'-- Up-to-date: /home/matsunaga-h/pickup_ws/install/yolo_msgs/include/yolo_msgs/yolo_msgs/msg/detail/bounding_box3_d__type_support.h\n'}
[0.391939] (yolo_msgs) StdoutLine: {'line': b'-- Up-to-date: /home/matsunaga-h/pickup_ws/install/yolo_msgs/include/yolo_msgs/yolo_msgs/msg/detail/key_point2_d__functions.c\n'}
[0.392019] (yolo_msgs) StdoutLine: {'line': b'-- Up-to-date: /home/matsunaga-h/pickup_ws/install/yolo_msgs/include/yolo_msgs/yolo_msgs/msg/detail/bounding_box3_d__functions.h\n'}
[0.392098] (yolo_msgs) StdoutLine: {'line': b'-- Up-to-date: /home/matsunaga-h/pickup_ws/install/yolo_msgs/include/yolo_msgs/yolo_msgs/msg/detail/key_point2_d_array__functions.h\n'}
[0.392176] (yolo_msgs) StdoutLine: {'line': b'-- Up-to-date: /home/matsunaga-h/pickup_ws/install/yolo_msgs/include/yolo_msgs/yolo_msgs/msg/detail/key_point3_d_array__functions.c\n'}
[0.392255] (yolo_msgs) StdoutLine: {'line': b'-- Up-to-date: /home/matsunaga-h/pickup_ws/install/yolo_msgs/include/yolo_msgs/yolo_msgs/msg/detail/detection__type_support.h\n'}
[0.392335] (yolo_msgs) StdoutLine: {'line': b'-- Up-to-date: /home/matsunaga-h/pickup_ws/install/yolo_msgs/include/yolo_msgs/yolo_msgs/msg/detail/key_point3_d__type_support.h\n'}
[0.392531] (yolo_msgs) StdoutLine: {'line': b'-- Up-to-date: /home/matsunaga-h/pickup_ws/install/yolo_msgs/include/yolo_msgs/yolo_msgs/msg/detail/bounding_box2_d__type_support.h\n'}
[0.392612] (yolo_msgs) StdoutLine: {'line': b'-- Up-to-date: /home/matsunaga-h/pickup_ws/install/yolo_msgs/include/yolo_msgs/yolo_msgs/msg/detail/vector2__struct.h\n'}
[0.392697] (yolo_msgs) StdoutLine: {'line': b'-- Up-to-date: /home/matsunaga-h/pickup_ws/install/yolo_msgs/include/yolo_msgs/yolo_msgs/msg/detail/pose2_d__type_support.h\n'}
[0.392777] (yolo_msgs) StdoutLine: {'line': b'-- Up-to-date: /home/matsunaga-h/pickup_ws/install/yolo_msgs/include/yolo_msgs/yolo_msgs/msg/detail/key_point2_d_array__functions.c\n'}
[0.392856] (yolo_msgs) StdoutLine: {'line': b'-- Up-to-date: /home/matsunaga-h/pickup_ws/install/yolo_msgs/include/yolo_msgs/yolo_msgs/msg/detail/mask__functions.h\n'}
[0.392936] (yolo_msgs) StdoutLine: {'line': b'-- Up-to-date: /home/matsunaga-h/pickup_ws/install/yolo_msgs/include/yolo_msgs/yolo_msgs/msg/detail/pose2_d__functions.c\n'}
[0.393015] (yolo_msgs) StdoutLine: {'line': b'-- Up-to-date: /home/matsunaga-h/pickup_ws/install/yolo_msgs/include/yolo_msgs/yolo_msgs/msg/detail/key_point3_d_array__struct.h\n'}
[0.393096] (yolo_msgs) StdoutLine: {'line': b'-- Up-to-date: /home/matsunaga-h/pickup_ws/install/yolo_msgs/include/yolo_msgs/yolo_msgs/msg/detail/mask__functions.c\n'}
[0.393176] (yolo_msgs) StdoutLine: {'line': b'-- Up-to-date: /home/matsunaga-h/pickup_ws/install/yolo_msgs/include/yolo_msgs/yolo_msgs/msg/detail/vector2__functions.c\n'}
[0.393255] (yolo_msgs) StdoutLine: {'line': b'-- Up-to-date: /home/matsunaga-h/pickup_ws/install/yolo_msgs/include/yolo_msgs/yolo_msgs/msg/detail/bounding_box2_d__struct.h\n'}
[0.393335] (yolo_msgs) StdoutLine: {'line': b'-- Up-to-date: /home/matsunaga-h/pickup_ws/install/yolo_msgs/include/yolo_msgs/yolo_msgs/msg/detail/bounding_box3_d__struct.h\n'}
[0.393413] (yolo_msgs) StdoutLine: {'line': b'-- Up-to-date: /home/matsunaga-h/pickup_ws/install/yolo_msgs/include/yolo_msgs/yolo_msgs/msg/detail/key_point3_d_array__functions.h\n'}
[0.393547] (yolo_msgs) StdoutLine: {'line': b'-- Up-to-date: /home/matsunaga-h/pickup_ws/install/yolo_msgs/include/yolo_msgs/yolo_msgs/msg/detail/vector2__type_support.h\n'}
[0.393782] (yolo_msgs) StdoutLine: {'line': b'-- Up-to-date: /home/matsunaga-h/pickup_ws/install/yolo_msgs/include/yolo_msgs/yolo_msgs/msg/detail/bounding_box2_d__functions.c\n'}
[0.393863] (yolo_msgs) StdoutLine: {'line': b'-- Up-to-date: /home/matsunaga-h/pickup_ws/install/yolo_msgs/include/yolo_msgs/yolo_msgs/msg/key_point3_d.h\n'}
[0.393943] (yolo_msgs) StdoutLine: {'line': b'-- Up-to-date: /home/matsunaga-h/pickup_ws/install/yolo_msgs/include/yolo_msgs/yolo_msgs/msg/detection.h\n'}
[0.394022] (yolo_msgs) StdoutLine: {'line': b'-- Up-to-date: /home/matsunaga-h/pickup_ws/install/yolo_msgs/include/yolo_msgs/yolo_msgs/srv\n'}
[0.394101] (yolo_msgs) StdoutLine: {'line': b'-- Up-to-date: /home/matsunaga-h/pickup_ws/install/yolo_msgs/include/yolo_msgs/yolo_msgs/srv/set_classes.h\n'}
[0.394262] (yolo_msgs) StdoutLine: {'line': b'-- Up-to-date: /home/matsunaga-h/pickup_ws/install/yolo_msgs/include/yolo_msgs/yolo_msgs/srv/detail\n'}
[0.394360] (yolo_msgs) StdoutLine: {'line': b'-- Up-to-date: /home/matsunaga-h/pickup_ws/install/yolo_msgs/include/yolo_msgs/yolo_msgs/srv/detail/set_classes__struct.h\n'}
[0.394435] (yolo_msgs) StdoutLine: {'line': b'-- Up-to-date: /home/matsunaga-h/pickup_ws/install/yolo_msgs/include/yolo_msgs/yolo_msgs/srv/detail/set_classes__type_support.h\n'}
[0.394541] (yolo_msgs) StdoutLine: {'line': b'-- Up-to-date: /home/matsunaga-h/pickup_ws/install/yolo_msgs/include/yolo_msgs/yolo_msgs/srv/detail/set_classes__functions.h\n'}
[0.394622] (yolo_msgs) StdoutLine: {'line': b'-- Up-to-date: /home/matsunaga-h/pickup_ws/install/yolo_msgs/include/yolo_msgs/yolo_msgs/srv/detail/set_classes__functions.c\n'}
[0.394703] (yolo_msgs) StdoutLine: {'line': b'-- Up-to-date: /home/matsunaga-h/pickup_ws/install/yolo_msgs/share/yolo_msgs/environment/library_path.sh\n'}
[0.394783] (yolo_msgs) StdoutLine: {'line': b'-- Up-to-date: /home/matsunaga-h/pickup_ws/install/yolo_msgs/share/yolo_msgs/environment/library_path.dsv\n'}
[0.394864] (yolo_msgs) StdoutLine: {'line': b'-- Up-to-date: /home/matsunaga-h/pickup_ws/install/yolo_msgs/lib/libyolo_msgs__rosidl_generator_c.so\n'}
[0.395004] (yolo_msgs) StdoutLine: {'line': b'-- Up-to-date: /home/matsunaga-h/pickup_ws/install/yolo_msgs/include/yolo_msgs/yolo_msgs\n'}
[0.395084] (yolo_msgs) StdoutLine: {'line': b'-- Up-to-date: /home/matsunaga-h/pickup_ws/install/yolo_msgs/include/yolo_msgs/yolo_msgs/msg\n'}
[0.395165] (yolo_msgs) StdoutLine: {'line': b'-- Up-to-date: /home/matsunaga-h/pickup_ws/install/yolo_msgs/include/yolo_msgs/yolo_msgs/msg/rosidl_typesupport_fastrtps_c__visibility_control.h\n'}
[0.395247] (yolo_msgs) StdoutLine: {'line': b'-- Up-to-date: /home/matsunaga-h/pickup_ws/install/yolo_msgs/include/yolo_msgs/yolo_msgs/msg/detail\n'}
[0.395328] (yolo_msgs) StdoutLine: {'line': b'-- Up-to-date: /home/matsunaga-h/pickup_ws/install/yolo_msgs/include/yolo_msgs/yolo_msgs/msg/detail/key_point3_d_array__rosidl_typesupport_fastrtps_c.h\n'}
[0.395410] (yolo_msgs) StdoutLine: {'line': b'-- Up-to-date: /home/matsunaga-h/pickup_ws/install/yolo_msgs/include/yolo_msgs/yolo_msgs/msg/detail/pose2_d__rosidl_typesupport_fastrtps_c.h\n'}
[0.395514] (yolo_msgs) StdoutLine: {'line': b'-- Up-to-date: /home/matsunaga-h/pickup_ws/install/yolo_msgs/include/yolo_msgs/yolo_msgs/msg/detail/bounding_box3_d__rosidl_typesupport_fastrtps_c.h\n'}
[0.395667] (yolo_msgs) StdoutLine: {'line': b'-- Up-to-date: /home/matsunaga-h/pickup_ws/install/yolo_msgs/include/yolo_msgs/yolo_msgs/msg/detail/vector2__rosidl_typesupport_fastrtps_c.h\n'}
[0.395755] (yolo_msgs) StdoutLine: {'line': b'-- Up-to-date: /home/matsunaga-h/pickup_ws/install/yolo_msgs/include/yolo_msgs/yolo_msgs/msg/detail/detection_array__rosidl_typesupport_fastrtps_c.h\n'}
[0.395832] (yolo_msgs) StdoutLine: {'line': b'-- Up-to-date: /home/matsunaga-h/pickup_ws/install/yolo_msgs/include/yolo_msgs/yolo_msgs/msg/detail/key_point2_d_array__rosidl_typesupport_fastrtps_c.h\n'}
[0.395911] (yolo_msgs) StdoutLine: {'line': b'-- Up-to-date: /home/matsunaga-h/pickup_ws/install/yolo_msgs/include/yolo_msgs/yolo_msgs/msg/detail/point2_d__rosidl_typesupport_fastrtps_c.h\n'}
[0.395991] (yolo_msgs) StdoutLine: {'line': b'-- Up-to-date: /home/matsunaga-h/pickup_ws/install/yolo_msgs/include/yolo_msgs/yolo_msgs/msg/detail/key_point2_d__rosidl_typesupport_fastrtps_c.h\n'}
[0.396072] (yolo_msgs) StdoutLine: {'line': b'-- Up-to-date: /home/matsunaga-h/pickup_ws/install/yolo_msgs/include/yolo_msgs/yolo_msgs/msg/detail/detection__rosidl_typesupport_fastrtps_c.h\n'}
[0.396153] (yolo_msgs) StdoutLine: {'line': b'-- Up-to-date: /home/matsunaga-h/pickup_ws/install/yolo_msgs/include/yolo_msgs/yolo_msgs/msg/detail/mask__rosidl_typesupport_fastrtps_c.h\n'}
[0.396234] (yolo_msgs) StdoutLine: {'line': b'-- Up-to-date: /home/matsunaga-h/pickup_ws/install/yolo_msgs/include/yolo_msgs/yolo_msgs/msg/detail/key_point3_d__rosidl_typesupport_fastrtps_c.h\n'}
[0.396315] (yolo_msgs) StdoutLine: {'line': b'-- Up-to-date: /home/matsunaga-h/pickup_ws/install/yolo_msgs/include/yolo_msgs/yolo_msgs/msg/detail/bounding_box2_d__rosidl_typesupport_fastrtps_c.h\n'}
[0.396397] (yolo_msgs) StdoutLine: {'line': b'-- Up-to-date: /home/matsunaga-h/pickup_ws/install/yolo_msgs/include/yolo_msgs/yolo_msgs/srv\n'}
[0.396483] (yolo_msgs) StdoutLine: {'line': b'-- Up-to-date: /home/matsunaga-h/pickup_ws/install/yolo_msgs/include/yolo_msgs/yolo_msgs/srv/detail\n'}
[0.396616] (yolo_msgs) StdoutLine: {'line': b'-- Up-to-date: /home/matsunaga-h/pickup_ws/install/yolo_msgs/include/yolo_msgs/yolo_msgs/srv/detail/set_classes__rosidl_typesupport_fastrtps_c.h\n'}
[0.396693] (yolo_msgs) StdoutLine: {'line': b'-- Up-to-date: /home/matsunaga-h/pickup_ws/install/yolo_msgs/lib/libyolo_msgs__rosidl_typesupport_fastrtps_c.so\n'}
[0.396775] (yolo_msgs) StdoutLine: {'line': b'-- Up-to-date: /home/matsunaga-h/pickup_ws/install/yolo_msgs/include/yolo_msgs/yolo_msgs\n'}
[0.396857] (yolo_msgs) StdoutLine: {'line': b'-- Up-to-date: /home/matsunaga-h/pickup_ws/install/yolo_msgs/include/yolo_msgs/yolo_msgs/msg\n'}
[0.396938] (yolo_msgs) StdoutLine: {'line': b'-- Up-to-date: /home/matsunaga-h/pickup_ws/install/yolo_msgs/include/yolo_msgs/yolo_msgs/msg/rosidl_typesupport_introspection_c__visibility_control.h\n'}
[0.397147] (yolo_msgs) StdoutLine: {'line': b'-- Up-to-date: /home/matsunaga-h/pickup_ws/install/yolo_msgs/include/yolo_msgs/yolo_msgs/msg/detail\n'}
[0.397230] (yolo_msgs) StdoutLine: {'line': b'-- Up-to-date: /home/matsunaga-h/pickup_ws/install/yolo_msgs/include/yolo_msgs/yolo_msgs/msg/detail/detection_array__rosidl_typesupport_introspection_c.h\n'}
[0.397313] (yolo_msgs) StdoutLine: {'line': b'-- Up-to-date: /home/matsunaga-h/pickup_ws/install/yolo_msgs/include/yolo_msgs/yolo_msgs/msg/detail/bounding_box2_d__type_support.c\n'}
[0.397394] (yolo_msgs) StdoutLine: {'line': b'-- Up-to-date: /home/matsunaga-h/pickup_ws/install/yolo_msgs/include/yolo_msgs/yolo_msgs/msg/detail/key_point2_d__type_support.c\n'}
[0.397480] (yolo_msgs) StdoutLine: {'line': b'-- Up-to-date: /home/matsunaga-h/pickup_ws/install/yolo_msgs/include/yolo_msgs/yolo_msgs/msg/detail/mask__type_support.c\n'}
[0.397634] (yolo_msgs) StdoutLine: {'line': b'-- Up-to-date: /home/matsunaga-h/pickup_ws/install/yolo_msgs/include/yolo_msgs/yolo_msgs/msg/detail/detection_array__type_support.c\n'}
[0.397712] (yolo_msgs) StdoutLine: {'line': b'-- Up-to-date: /home/matsunaga-h/pickup_ws/install/yolo_msgs/include/yolo_msgs/yolo_msgs/msg/detail/key_point3_d__rosidl_typesupport_introspection_c.h\n'}
[0.397789] (yolo_msgs) StdoutLine: {'line': b'-- Up-to-date: /home/matsunaga-h/pickup_ws/install/yolo_msgs/include/yolo_msgs/yolo_msgs/msg/detail/bounding_box3_d__rosidl_typesupport_introspection_c.h\n'}
[0.397865] (yolo_msgs) StdoutLine: {'line': b'-- Up-to-date: /home/matsunaga-h/pickup_ws/install/yolo_msgs/include/yolo_msgs/yolo_msgs/msg/detail/detection__type_support.c\n'}
[0.397942] (yolo_msgs) StdoutLine: {'line': b'-- Up-to-date: /home/matsunaga-h/pickup_ws/install/yolo_msgs/include/yolo_msgs/yolo_msgs/msg/detail/mask__rosidl_typesupport_introspection_c.h\n'}
[0.398019] (yolo_msgs) StdoutLine: {'line': b'-- Up-to-date: /home/matsunaga-h/pickup_ws/install/yolo_msgs/include/yolo_msgs/yolo_msgs/msg/detail/key_point2_d__rosidl_typesupport_introspection_c.h\n'}
[0.398096] (yolo_msgs) StdoutLine: {'line': b'-- Up-to-date: /home/matsunaga-h/pickup_ws/install/yolo_msgs/include/yolo_msgs/yolo_msgs/msg/detail/key_point2_d_array__rosidl_typesupport_introspection_c.h\n'}
[0.398173] (yolo_msgs) StdoutLine: {'line': b'-- Up-to-date: /home/matsunaga-h/pickup_ws/install/yolo_msgs/include/yolo_msgs/yolo_msgs/msg/detail/pose2_d__type_support.c\n'}
[0.398250] (yolo_msgs) StdoutLine: {'line': b'-- Up-to-date: /home/matsunaga-h/pickup_ws/install/yolo_msgs/include/yolo_msgs/yolo_msgs/msg/detail/bounding_box2_d__rosidl_typesupport_introspection_c.h\n'}
[0.398328] (yolo_msgs) StdoutLine: {'line': b'-- Up-to-date: /home/matsunaga-h/pickup_ws/install/yolo_msgs/include/yolo_msgs/yolo_msgs/msg/detail/point2_d__type_support.c\n'}
[0.398403] (yolo_msgs) StdoutLine: {'line': b'-- Up-to-date: /home/matsunaga-h/pickup_ws/install/yolo_msgs/include/yolo_msgs/yolo_msgs/msg/detail/bounding_box3_d__type_support.c\n'}
[0.398494] (yolo_msgs) StdoutLine: {'line': b'-- Up-to-date: /home/matsunaga-h/pickup_ws/install/yolo_msgs/include/yolo_msgs/yolo_msgs/msg/detail/detection__rosidl_typesupport_introspection_c.h\n'}
[0.398576] (yolo_msgs) StdoutLine: {'line': b'-- Up-to-date: /home/matsunaga-h/pickup_ws/install/yolo_msgs/include/yolo_msgs/yolo_msgs/msg/detail/key_point3_d_array__rosidl_typesupport_introspection_c.h\n'}
[0.398651] (yolo_msgs) StdoutLine: {'line': b'-- Up-to-date: /home/matsunaga-h/pickup_ws/install/yolo_msgs/include/yolo_msgs/yolo_msgs/msg/detail/vector2__rosidl_typesupport_introspection_c.h\n'}
[0.398724] (yolo_msgs) StdoutLine: {'line': b'-- Up-to-date: /home/matsunaga-h/pickup_ws/install/yolo_msgs/include/yolo_msgs/yolo_msgs/msg/detail/point2_d__rosidl_typesupport_introspection_c.h\n'}
[0.398800] (yolo_msgs) StdoutLine: {'line': b'-- Up-to-date: /home/matsunaga-h/pickup_ws/install/yolo_msgs/include/yolo_msgs/yolo_msgs/msg/detail/key_point3_d_array__type_support.c\n'}
[0.398878] (yolo_msgs) StdoutLine: {'line': b'-- Up-to-date: /home/matsunaga-h/pickup_ws/install/yolo_msgs/include/yolo_msgs/yolo_msgs/msg/detail/pose2_d__rosidl_typesupport_introspection_c.h\n'}
[0.398963] (yolo_msgs) StdoutLine: {'line': b'-- Up-to-date: /home/matsunaga-h/pickup_ws/install/yolo_msgs/include/yolo_msgs/yolo_msgs/msg/detail/key_point2_d_array__type_support.c\n'}
[0.399038] (yolo_msgs) StdoutLine: {'line': b'-- Up-to-date: /home/matsunaga-h/pickup_ws/install/yolo_msgs/include/yolo_msgs/yolo_msgs/msg/detail/key_point3_d__type_support.c\n'}
[0.399112] (yolo_msgs) StdoutLine: {'line': b'-- Up-to-date: /home/matsunaga-h/pickup_ws/install/yolo_msgs/include/yolo_msgs/yolo_msgs/msg/detail/vector2__type_support.c\n'}
[0.399188] (yolo_msgs) StdoutLine: {'line': b'-- Up-to-date: /home/matsunaga-h/pickup_ws/install/yolo_msgs/include/yolo_msgs/yolo_msgs/srv\n'}
[0.399262] (yolo_msgs) StdoutLine: {'line': b'-- Up-to-date: /home/matsunaga-h/pickup_ws/install/yolo_msgs/include/yolo_msgs/yolo_msgs/srv/detail\n'}
[0.399336] (yolo_msgs) StdoutLine: {'line': b'-- Up-to-date: /home/matsunaga-h/pickup_ws/install/yolo_msgs/include/yolo_msgs/yolo_msgs/srv/detail/set_classes__rosidl_typesupport_introspection_c.h\n'}
[0.399415] (yolo_msgs) StdoutLine: {'line': b'-- Up-to-date: /home/matsunaga-h/pickup_ws/install/yolo_msgs/include/yolo_msgs/yolo_msgs/srv/detail/set_classes__type_support.c\n'}
[0.399495] (yolo_msgs) StdoutLine: {'line': b'-- Up-to-date: /home/matsunaga-h/pickup_ws/install/yolo_msgs/lib/libyolo_msgs__rosidl_typesupport_introspection_c.so\n'}
[0.399576] (yolo_msgs) StdoutLine: {'line': b'-- Up-to-date: /home/matsunaga-h/pickup_ws/install/yolo_msgs/lib/libyolo_msgs__rosidl_typesupport_c.so\n'}
[0.399650] (yolo_msgs) StdoutLine: {'line': b'-- Up-to-date: /home/matsunaga-h/pickup_ws/install/yolo_msgs/include/yolo_msgs/yolo_msgs\n'}
[0.399724] (yolo_msgs) StdoutLine: {'line': b'-- Up-to-date: /home/matsunaga-h/pickup_ws/install/yolo_msgs/include/yolo_msgs/yolo_msgs/msg\n'}
[0.399796] (yolo_msgs) StdoutLine: {'line': b'-- Up-to-date: /home/matsunaga-h/pickup_ws/install/yolo_msgs/include/yolo_msgs/yolo_msgs/msg/key_point3_d_array.hpp\n'}
[0.399871] (yolo_msgs) StdoutLine: {'line': b'-- Up-to-date: /home/matsunaga-h/pickup_ws/install/yolo_msgs/include/yolo_msgs/yolo_msgs/msg/key_point2_d.hpp\n'}
[0.399944] (yolo_msgs) StdoutLine: {'line': b'-- Up-to-date: /home/matsunaga-h/pickup_ws/install/yolo_msgs/include/yolo_msgs/yolo_msgs/msg/key_point3_d.hpp\n'}
[0.400017] (yolo_msgs) StdoutLine: {'line': b'-- Up-to-date: /home/matsunaga-h/pickup_ws/install/yolo_msgs/include/yolo_msgs/yolo_msgs/msg/key_point2_d_array.hpp\n'}
[0.400088] (-) TimerEvent: {}
[0.400212] (yolo_msgs) StdoutLine: {'line': b'-- Up-to-date: /home/matsunaga-h/pickup_ws/install/yolo_msgs/include/yolo_msgs/yolo_msgs/msg/detection_array.hpp\n'}
[0.400300] (yolo_msgs) StdoutLine: {'line': b'-- Up-to-date: /home/matsunaga-h/pickup_ws/install/yolo_msgs/include/yolo_msgs/yolo_msgs/msg/bounding_box3_d.hpp\n'}
[0.400376] (yolo_msgs) StdoutLine: {'line': b'-- Up-to-date: /home/matsunaga-h/pickup_ws/install/yolo_msgs/include/yolo_msgs/yolo_msgs/msg/rosidl_generator_cpp__visibility_control.hpp\n'}
[0.400451] (yolo_msgs) StdoutLine: {'line': b'-- Up-to-date: /home/matsunaga-h/pickup_ws/install/yolo_msgs/include/yolo_msgs/yolo_msgs/msg/pose2_d.hpp\n'}
[0.400538] (yolo_msgs) StdoutLine: {'line': b'-- Up-to-date: /home/matsunaga-h/pickup_ws/install/yolo_msgs/include/yolo_msgs/yolo_msgs/msg/detection.hpp\n'}
[0.400614] (yolo_msgs) StdoutLine: {'line': b'-- Up-to-date: /home/matsunaga-h/pickup_ws/install/yolo_msgs/include/yolo_msgs/yolo_msgs/msg/point2_d.hpp\n'}
[0.400687] (yolo_msgs) StdoutLine: {'line': b'-- Up-to-date: /home/matsunaga-h/pickup_ws/install/yolo_msgs/include/yolo_msgs/yolo_msgs/msg/detail\n'}
[0.400760] (yolo_msgs) StdoutLine: {'line': b'-- Up-to-date: /home/matsunaga-h/pickup_ws/install/yolo_msgs/include/yolo_msgs/yolo_msgs/msg/detail/point2_d__builder.hpp\n'}
[0.400833] (yolo_msgs) StdoutLine: {'line': b'-- Up-to-date: /home/matsunaga-h/pickup_ws/install/yolo_msgs/include/yolo_msgs/yolo_msgs/msg/detail/key_point3_d_array__traits.hpp\n'}
[0.400914] (yolo_msgs) StdoutLine: {'line': b'-- Up-to-date: /home/matsunaga-h/pickup_ws/install/yolo_msgs/include/yolo_msgs/yolo_msgs/msg/detail/vector2__traits.hpp\n'}
[0.400988] (yolo_msgs) StdoutLine: {'line': b'-- Up-to-date: /home/matsunaga-h/pickup_ws/install/yolo_msgs/include/yolo_msgs/yolo_msgs/msg/detail/pose2_d__builder.hpp\n'}
[0.401061] (yolo_msgs) StdoutLine: {'line': b'-- Up-to-date: /home/matsunaga-h/pickup_ws/install/yolo_msgs/include/yolo_msgs/yolo_msgs/msg/detail/key_point3_d_array__struct.hpp\n'}
[0.401144] (yolo_msgs) StdoutLine: {'line': b'-- Up-to-date: /home/matsunaga-h/pickup_ws/install/yolo_msgs/include/yolo_msgs/yolo_msgs/msg/detail/key_point3_d__builder.hpp\n'}
[0.401218] (yolo_msgs) StdoutLine: {'line': b'-- Up-to-date: /home/matsunaga-h/pickup_ws/install/yolo_msgs/include/yolo_msgs/yolo_msgs/msg/detail/detection_array__builder.hpp\n'}
[0.401293] (yolo_msgs) StdoutLine: {'line': b'-- Up-to-date: /home/matsunaga-h/pickup_ws/install/yolo_msgs/include/yolo_msgs/yolo_msgs/msg/detail/key_point3_d_array__type_support.hpp\n'}
[0.401366] (yolo_msgs) StdoutLine: {'line': b'-- Up-to-date: /home/matsunaga-h/pickup_ws/install/yolo_msgs/include/yolo_msgs/yolo_msgs/msg/detail/bounding_box3_d__traits.hpp\n'}
[0.401439] (yolo_msgs) StdoutLine: {'line': b'-- Up-to-date: /home/matsunaga-h/pickup_ws/install/yolo_msgs/include/yolo_msgs/yolo_msgs/msg/detail/vector2__struct.hpp\n'}
[0.401519] (yolo_msgs) StdoutLine: {'line': b'-- Up-to-date: /home/matsunaga-h/pickup_ws/install/yolo_msgs/include/yolo_msgs/yolo_msgs/msg/detail/key_point2_d__struct.hpp\n'}
[0.401595] (yolo_msgs) StdoutLine: {'line': b'-- Up-to-date: /home/matsunaga-h/pickup_ws/install/yolo_msgs/include/yolo_msgs/yolo_msgs/msg/detail/bounding_box2_d__struct.hpp\n'}
[0.401669] (yolo_msgs) StdoutLine: {'line': b'-- Up-to-date: /home/matsunaga-h/pickup_ws/install/yolo_msgs/include/yolo_msgs/yolo_msgs/msg/detail/detection_array__traits.hpp\n'}
[0.401743] (yolo_msgs) StdoutLine: {'line': b'-- Up-to-date: /home/matsunaga-h/pickup_ws/install/yolo_msgs/include/yolo_msgs/yolo_msgs/msg/detail/key_point3_d__type_support.hpp\n'}
[0.401818] (yolo_msgs) StdoutLine: {'line': b'-- Up-to-date: /home/matsunaga-h/pickup_ws/install/yolo_msgs/include/yolo_msgs/yolo_msgs/msg/detail/bounding_box3_d__builder.hpp\n'}
[0.401891] (yolo_msgs) StdoutLine: {'line': b'-- Up-to-date: /home/matsunaga-h/pickup_ws/install/yolo_msgs/include/yolo_msgs/yolo_msgs/msg/detail/key_point3_d_array__builder.hpp\n'}
[0.401970] (yolo_msgs) StdoutLine: {'line': b'-- Up-to-date: /home/matsunaga-h/pickup_ws/install/yolo_msgs/include/yolo_msgs/yolo_msgs/msg/detail/pose2_d__struct.hpp\n'}
[0.402045] (yolo_msgs) StdoutLine: {'line': b'-- Up-to-date: /home/matsunaga-h/pickup_ws/install/yolo_msgs/include/yolo_msgs/yolo_msgs/msg/detail/key_point2_d_array__type_support.hpp\n'}
[0.402118] (yolo_msgs) StdoutLine: {'line': b'-- Up-to-date: /home/matsunaga-h/pickup_ws/install/yolo_msgs/include/yolo_msgs/yolo_msgs/msg/detail/key_point2_d__type_support.hpp\n'}
[0.402192] (yolo_msgs) StdoutLine: {'line': b'-- Up-to-date: /home/matsunaga-h/pickup_ws/install/yolo_msgs/include/yolo_msgs/yolo_msgs/msg/detail/mask__type_support.hpp\n'}
[0.402266] (yolo_msgs) StdoutLine: {'line': b'-- Up-to-date: /home/matsunaga-h/pickup_ws/install/yolo_msgs/include/yolo_msgs/yolo_msgs/msg/detail/bounding_box2_d__traits.hpp\n'}
[0.402340] (yolo_msgs) StdoutLine: {'line': b'-- Up-to-date: /home/matsunaga-h/pickup_ws/install/yolo_msgs/include/yolo_msgs/yolo_msgs/msg/detail/detection__traits.hpp\n'}
[0.402413] (yolo_msgs) StdoutLine: {'line': b'-- Up-to-date: /home/matsunaga-h/pickup_ws/install/yolo_msgs/include/yolo_msgs/yolo_msgs/msg/detail/detection__type_support.hpp\n'}
[0.402491] (yolo_msgs) StdoutLine: {'line': b'-- Up-to-date: /home/matsunaga-h/pickup_ws/install/yolo_msgs/include/yolo_msgs/yolo_msgs/msg/detail/key_point2_d_array__struct.hpp\n'}
[0.402571] (yolo_msgs) StdoutLine: {'line': b'-- Up-to-date: /home/matsunaga-h/pickup_ws/install/yolo_msgs/include/yolo_msgs/yolo_msgs/msg/detail/mask__traits.hpp\n'}
[0.402648] (yolo_msgs) StdoutLine: {'line': b'-- Up-to-date: /home/matsunaga-h/pickup_ws/install/yolo_msgs/include/yolo_msgs/yolo_msgs/msg/detail/detection_array__struct.hpp\n'}
[0.402727] (yolo_msgs) StdoutLine: {'line': b'-- Up-to-date: /home/matsunaga-h/pickup_ws/install/yolo_msgs/include/yolo_msgs/yolo_msgs/msg/detail/mask__builder.hpp\n'}
[0.402800] (yolo_msgs) StdoutLine: {'line': b'-- Up-to-date: /home/matsunaga-h/pickup_ws/install/yolo_msgs/include/yolo_msgs/yolo_msgs/msg/detail/detection__builder.hpp\n'}
[0.402874] (yolo_msgs) StdoutLine: {'line': b'-- Up-to-date: /home/matsunaga-h/pickup_ws/install/yolo_msgs/include/yolo_msgs/yolo_msgs/msg/detail/key_point3_d__struct.hpp\n'}
[0.402947] (yolo_msgs) StdoutLine: {'line': b'-- Up-to-date: /home/matsunaga-h/pickup_ws/install/yolo_msgs/include/yolo_msgs/yolo_msgs/msg/detail/key_point2_d__builder.hpp\n'}
[0.403020] (yolo_msgs) StdoutLine: {'line': b'-- Up-to-date: /home/matsunaga-h/pickup_ws/install/yolo_msgs/include/yolo_msgs/yolo_msgs/msg/detail/detection_array__type_support.hpp\n'}
[0.403093] (yolo_msgs) StdoutLine: {'line': b'-- Up-to-date: /home/matsunaga-h/pickup_ws/install/yolo_msgs/include/yolo_msgs/yolo_msgs/msg/detail/mask__struct.hpp\n'}
[0.403165] (yolo_msgs) StdoutLine: {'line': b'-- Up-to-date: /home/matsunaga-h/pickup_ws/install/yolo_msgs/include/yolo_msgs/yolo_msgs/msg/detail/vector2__builder.hpp\n'}
[0.403238] (yolo_msgs) StdoutLine: {'line': b'-- Up-to-date: /home/matsunaga-h/pickup_ws/install/yolo_msgs/include/yolo_msgs/yolo_msgs/msg/detail/bounding_box3_d__struct.hpp\n'}
[0.403310] (yolo_msgs) StdoutLine: {'line': b'-- Up-to-date: /home/matsunaga-h/pickup_ws/install/yolo_msgs/include/yolo_msgs/yolo_msgs/msg/detail/key_point3_d__traits.hpp\n'}
[0.403383] (yolo_msgs) StdoutLine: {'line': b'-- Up-to-date: /home/matsunaga-h/pickup_ws/install/yolo_msgs/include/yolo_msgs/yolo_msgs/msg/detail/key_point2_d_array__traits.hpp\n'}
[0.403456] (yolo_msgs) StdoutLine: {'line': b'-- Up-to-date: /home/matsunaga-h/pickup_ws/install/yolo_msgs/include/yolo_msgs/yolo_msgs/msg/detail/detection__struct.hpp\n'}
[0.403539] (yolo_msgs) StdoutLine: {'line': b'-- Up-to-date: /home/matsunaga-h/pickup_ws/install/yolo_msgs/include/yolo_msgs/yolo_msgs/msg/detail/pose2_d__type_support.hpp\n'}
[0.403623] (yolo_msgs) StdoutLine: {'line': b'-- Up-to-date: /home/matsunaga-h/pickup_ws/install/yolo_msgs/include/yolo_msgs/yolo_msgs/msg/detail/point2_d__struct.hpp\n'}
[0.403696] (yolo_msgs) StdoutLine: {'line': b'-- Up-to-date: /home/matsunaga-h/pickup_ws/install/yolo_msgs/include/yolo_msgs/yolo_msgs/msg/detail/bounding_box2_d__type_support.hpp\n'}
[0.403769] (yolo_msgs) StdoutLine: {'line': b'-- Up-to-date: /home/matsunaga-h/pickup_ws/install/yolo_msgs/include/yolo_msgs/yolo_msgs/msg/detail/bounding_box3_d__type_support.hpp\n'}
[0.403845] (yolo_msgs) StdoutLine: {'line': b'-- Up-to-date: /home/matsunaga-h/pickup_ws/install/yolo_msgs/include/yolo_msgs/yolo_msgs/msg/detail/point2_d__traits.hpp\n'}
[0.403918] (yolo_msgs) StdoutLine: {'line': b'-- Up-to-date: /home/matsunaga-h/pickup_ws/install/yolo_msgs/include/yolo_msgs/yolo_msgs/msg/detail/vector2__type_support.hpp\n'}
[0.403990] (yolo_msgs) StdoutLine: {'line': b'-- Up-to-date: /home/matsunaga-h/pickup_ws/install/yolo_msgs/include/yolo_msgs/yolo_msgs/msg/detail/pose2_d__traits.hpp\n'}
[0.404063] (yolo_msgs) StdoutLine: {'line': b'-- Up-to-date: /home/matsunaga-h/pickup_ws/install/yolo_msgs/include/yolo_msgs/yolo_msgs/msg/detail/bounding_box2_d__builder.hpp\n'}
[0.404136] (yolo_msgs) StdoutLine: {'line': b'-- Up-to-date: /home/matsunaga-h/pickup_ws/install/yolo_msgs/include/yolo_msgs/yolo_msgs/msg/detail/key_point2_d_array__builder.hpp\n'}
[0.404214] (yolo_msgs) StdoutLine: {'line': b'-- Up-to-date: /home/matsunaga-h/pickup_ws/install/yolo_msgs/include/yolo_msgs/yolo_msgs/msg/detail/point2_d__type_support.hpp\n'}
[0.404288] (yolo_msgs) StdoutLine: {'line': b'-- Up-to-date: /home/matsunaga-h/pickup_ws/install/yolo_msgs/include/yolo_msgs/yolo_msgs/msg/detail/key_point2_d__traits.hpp\n'}
[0.404361] (yolo_msgs) StdoutLine: {'line': b'-- Up-to-date: /home/matsunaga-h/pickup_ws/install/yolo_msgs/include/yolo_msgs/yolo_msgs/msg/vector2.hpp\n'}
[0.404438] (yolo_msgs) StdoutLine: {'line': b'-- Up-to-date: /home/matsunaga-h/pickup_ws/install/yolo_msgs/include/yolo_msgs/yolo_msgs/msg/mask.hpp\n'}
[0.404521] (yolo_msgs) StdoutLine: {'line': b'-- Up-to-date: /home/matsunaga-h/pickup_ws/install/yolo_msgs/include/yolo_msgs/yolo_msgs/msg/bounding_box2_d.hpp\n'}
[0.404597] (yolo_msgs) StdoutLine: {'line': b'-- Up-to-date: /home/matsunaga-h/pickup_ws/install/yolo_msgs/include/yolo_msgs/yolo_msgs/srv\n'}
[0.404671] (yolo_msgs) StdoutLine: {'line': b'-- Up-to-date: /home/matsunaga-h/pickup_ws/install/yolo_msgs/include/yolo_msgs/yolo_msgs/srv/set_classes.hpp\n'}
[0.404745] (yolo_msgs) StdoutLine: {'line': b'-- Up-to-date: /home/matsunaga-h/pickup_ws/install/yolo_msgs/include/yolo_msgs/yolo_msgs/srv/detail\n'}
[0.404818] (yolo_msgs) StdoutLine: {'line': b'-- Up-to-date: /home/matsunaga-h/pickup_ws/install/yolo_msgs/include/yolo_msgs/yolo_msgs/srv/detail/set_classes__traits.hpp\n'}
[0.404891] (yolo_msgs) StdoutLine: {'line': b'-- Up-to-date: /home/matsunaga-h/pickup_ws/install/yolo_msgs/include/yolo_msgs/yolo_msgs/srv/detail/set_classes__struct.hpp\n'}
[0.404964] (yolo_msgs) StdoutLine: {'line': b'-- Up-to-date: /home/matsunaga-h/pickup_ws/install/yolo_msgs/include/yolo_msgs/yolo_msgs/srv/detail/set_classes__type_support.hpp\n'}
[0.405039] (yolo_msgs) StdoutLine: {'line': b'-- Up-to-date: /home/matsunaga-h/pickup_ws/install/yolo_msgs/include/yolo_msgs/yolo_msgs/srv/detail/set_classes__builder.hpp\n'}
[0.405112] (yolo_msgs) StdoutLine: {'line': b'-- Up-to-date: /home/matsunaga-h/pickup_ws/install/yolo_msgs/include/yolo_msgs/yolo_msgs\n'}
[0.405184] (yolo_msgs) StdoutLine: {'line': b'-- Up-to-date: /home/matsunaga-h/pickup_ws/install/yolo_msgs/include/yolo_msgs/yolo_msgs/msg\n'}
[0.405257] (yolo_msgs) StdoutLine: {'line': b'-- Up-to-date: /home/matsunaga-h/pickup_ws/install/yolo_msgs/include/yolo_msgs/yolo_msgs/msg/rosidl_typesupport_fastrtps_cpp__visibility_control.h\n'}
[0.405331] (yolo_msgs) StdoutLine: {'line': b'-- Up-to-date: /home/matsunaga-h/pickup_ws/install/yolo_msgs/include/yolo_msgs/yolo_msgs/msg/detail\n'}
[0.405403] (yolo_msgs) StdoutLine: {'line': b'-- Up-to-date: /home/matsunaga-h/pickup_ws/install/yolo_msgs/include/yolo_msgs/yolo_msgs/msg/detail/pose2_d__rosidl_typesupport_fastrtps_cpp.hpp\n'}
[0.405481] (yolo_msgs) StdoutLine: {'line': b'-- Up-to-date: /home/matsunaga-h/pickup_ws/install/yolo_msgs/include/yolo_msgs/yolo_msgs/msg/detail/vector2__rosidl_typesupport_fastrtps_cpp.hpp\n'}
[0.405563] (yolo_msgs) StdoutLine: {'line': b'-- Up-to-date: /home/matsunaga-h/pickup_ws/install/yolo_msgs/include/yolo_msgs/yolo_msgs/msg/detail/key_point3_d__rosidl_typesupport_fastrtps_cpp.hpp\n'}
[0.405637] (yolo_msgs) StdoutLine: {'line': b'-- Up-to-date: /home/matsunaga-h/pickup_ws/install/yolo_msgs/include/yolo_msgs/yolo_msgs/msg/detail/key_point2_d_array__rosidl_typesupport_fastrtps_cpp.hpp\n'}
[0.405712] (yolo_msgs) StdoutLine: {'line': b'-- Up-to-date: /home/matsunaga-h/pickup_ws/install/yolo_msgs/include/yolo_msgs/yolo_msgs/msg/detail/dds_fastrtps\n'}
[0.405786] (yolo_msgs) StdoutLine: {'line': b'-- Up-to-date: /home/matsunaga-h/pickup_ws/install/yolo_msgs/include/yolo_msgs/yolo_msgs/msg/detail/key_point2_d__rosidl_typesupport_fastrtps_cpp.hpp\n'}
[0.405860] (yolo_msgs) StdoutLine: {'line': b'-- Up-to-date: /home/matsunaga-h/pickup_ws/install/yolo_msgs/include/yolo_msgs/yolo_msgs/msg/detail/mask__rosidl_typesupport_fastrtps_cpp.hpp\n'}
[0.405933] (yolo_msgs) StdoutLine: {'line': b'-- Up-to-date: /home/matsunaga-h/pickup_ws/install/yolo_msgs/include/yolo_msgs/yolo_msgs/msg/detail/bounding_box2_d__rosidl_typesupport_fastrtps_cpp.hpp\n'}
[0.406006] (yolo_msgs) StdoutLine: {'line': b'-- Up-to-date: /home/matsunaga-h/pickup_ws/install/yolo_msgs/include/yolo_msgs/yolo_msgs/msg/detail/detection__rosidl_typesupport_fastrtps_cpp.hpp\n'}
[0.406091] (yolo_msgs) StdoutLine: {'line': b'-- Up-to-date: /home/matsunaga-h/pickup_ws/install/yolo_msgs/include/yolo_msgs/yolo_msgs/msg/detail/key_point3_d_array__rosidl_typesupport_fastrtps_cpp.hpp\n'}
[0.406169] (yolo_msgs) StdoutLine: {'line': b'-- Up-to-date: /home/matsunaga-h/pickup_ws/install/yolo_msgs/include/yolo_msgs/yolo_msgs/msg/detail/point2_d__rosidl_typesupport_fastrtps_cpp.hpp\n'}
[0.406245] (yolo_msgs) StdoutLine: {'line': b'-- Up-to-date: /home/matsunaga-h/pickup_ws/install/yolo_msgs/include/yolo_msgs/yolo_msgs/msg/detail/detection_array__rosidl_typesupport_fastrtps_cpp.hpp\n'}
[0.406318] (yolo_msgs) StdoutLine: {'line': b'-- Up-to-date: /home/matsunaga-h/pickup_ws/install/yolo_msgs/include/yolo_msgs/yolo_msgs/msg/detail/bounding_box3_d__rosidl_typesupport_fastrtps_cpp.hpp\n'}
[0.406391] (yolo_msgs) StdoutLine: {'line': b'-- Up-to-date: /home/matsunaga-h/pickup_ws/install/yolo_msgs/include/yolo_msgs/yolo_msgs/srv\n'}
[0.406464] (yolo_msgs) StdoutLine: {'line': b'-- Up-to-date: /home/matsunaga-h/pickup_ws/install/yolo_msgs/include/yolo_msgs/yolo_msgs/srv/detail\n'}
[0.406555] (yolo_msgs) StdoutLine: {'line': b'-- Up-to-date: /home/matsunaga-h/pickup_ws/install/yolo_msgs/include/yolo_msgs/yolo_msgs/srv/detail/set_classes__rosidl_typesupport_fastrtps_cpp.hpp\n'}
[0.406634] (yolo_msgs) StdoutLine: {'line': b'-- Up-to-date: /home/matsunaga-h/pickup_ws/install/yolo_msgs/include/yolo_msgs/yolo_msgs/srv/detail/dds_fastrtps\n'}
[0.406708] (yolo_msgs) StdoutLine: {'line': b'-- Up-to-date: /home/matsunaga-h/pickup_ws/install/yolo_msgs/lib/libyolo_msgs__rosidl_typesupport_fastrtps_cpp.so\n'}
[0.406781] (yolo_msgs) StdoutLine: {'line': b'-- Up-to-date: /home/matsunaga-h/pickup_ws/install/yolo_msgs/include/yolo_msgs/yolo_msgs\n'}
[0.406855] (yolo_msgs) StdoutLine: {'line': b'-- Up-to-date: /home/matsunaga-h/pickup_ws/install/yolo_msgs/include/yolo_msgs/yolo_msgs/msg\n'}
[0.406929] (yolo_msgs) StdoutLine: {'line': b'-- Up-to-date: /home/matsunaga-h/pickup_ws/install/yolo_msgs/include/yolo_msgs/yolo_msgs/msg/detail\n'}
[0.407003] (yolo_msgs) StdoutLine: {'line': b'-- Up-to-date: /home/matsunaga-h/pickup_ws/install/yolo_msgs/include/yolo_msgs/yolo_msgs/msg/detail/detection__rosidl_typesupport_introspection_cpp.hpp\n'}
[0.407075] (yolo_msgs) StdoutLine: {'line': b'-- Up-to-date: /home/matsunaga-h/pickup_ws/install/yolo_msgs/include/yolo_msgs/yolo_msgs/msg/detail/pose2_d__rosidl_typesupport_introspection_cpp.hpp\n'}
[0.407149] (yolo_msgs) StdoutLine: {'line': b'-- Up-to-date: /home/matsunaga-h/pickup_ws/install/yolo_msgs/include/yolo_msgs/yolo_msgs/msg/detail/mask__rosidl_typesupport_introspection_cpp.hpp\n'}
[0.407222] (yolo_msgs) StdoutLine: {'line': b'-- Up-to-date: /home/matsunaga-h/pickup_ws/install/yolo_msgs/include/yolo_msgs/yolo_msgs/msg/detail/bounding_box3_d__rosidl_typesupport_introspection_cpp.hpp\n'}
[0.407297] (yolo_msgs) StdoutLine: {'line': b'-- Up-to-date: /home/matsunaga-h/pickup_ws/install/yolo_msgs/include/yolo_msgs/yolo_msgs/msg/detail/point2_d__type_support.cpp\n'}
[0.407370] (yolo_msgs) StdoutLine: {'line': b'-- Up-to-date: /home/matsunaga-h/pickup_ws/install/yolo_msgs/include/yolo_msgs/yolo_msgs/msg/detail/detection_array__rosidl_typesupport_introspection_cpp.hpp\n'}
[0.407444] (yolo_msgs) StdoutLine: {'line': b'-- Up-to-date: /home/matsunaga-h/pickup_ws/install/yolo_msgs/include/yolo_msgs/yolo_msgs/msg/detail/vector2__rosidl_typesupport_introspection_cpp.hpp\n'}
[0.407527] (yolo_msgs) StdoutLine: {'line': b'-- Up-to-date: /home/matsunaga-h/pickup_ws/install/yolo_msgs/include/yolo_msgs/yolo_msgs/msg/detail/vector2__type_support.cpp\n'}
[0.407602] (yolo_msgs) StdoutLine: {'line': b'-- Up-to-date: /home/matsunaga-h/pickup_ws/install/yolo_msgs/include/yolo_msgs/yolo_msgs/msg/detail/key_point2_d__rosidl_typesupport_introspection_cpp.hpp\n'}
[0.407674] (yolo_msgs) StdoutLine: {'line': b'-- Up-to-date: /home/matsunaga-h/pickup_ws/install/yolo_msgs/include/yolo_msgs/yolo_msgs/msg/detail/bounding_box2_d__type_support.cpp\n'}
[0.407747] (yolo_msgs) StdoutLine: {'line': b'-- Up-to-date: /home/matsunaga-h/pickup_ws/install/yolo_msgs/include/yolo_msgs/yolo_msgs/msg/detail/detection_array__type_support.cpp\n'}
[0.407820] (yolo_msgs) StdoutLine: {'line': b'-- Up-to-date: /home/matsunaga-h/pickup_ws/install/yolo_msgs/include/yolo_msgs/yolo_msgs/msg/detail/key_point2_d_array__rosidl_typesupport_introspection_cpp.hpp\n'}
[0.407901] (yolo_msgs) StdoutLine: {'line': b'-- Up-to-date: /home/matsunaga-h/pickup_ws/install/yolo_msgs/include/yolo_msgs/yolo_msgs/msg/detail/point2_d__rosidl_typesupport_introspection_cpp.hpp\n'}
[0.407974] (yolo_msgs) StdoutLine: {'line': b'-- Up-to-date: /home/matsunaga-h/pickup_ws/install/yolo_msgs/include/yolo_msgs/yolo_msgs/msg/detail/pose2_d__type_support.cpp\n'}
[0.408046] (yolo_msgs) StdoutLine: {'line': b'-- Up-to-date: /home/matsunaga-h/pickup_ws/install/yolo_msgs/include/yolo_msgs/yolo_msgs/msg/detail/key_point3_d__type_support.cpp\n'}
[0.408116] (yolo_msgs) StdoutLine: {'line': b'-- Up-to-date: /home/matsunaga-h/pickup_ws/install/yolo_msgs/include/yolo_msgs/yolo_msgs/msg/detail/bounding_box2_d__rosidl_typesupport_introspection_cpp.hpp\n'}
[0.408187] (yolo_msgs) StdoutLine: {'line': b'-- Up-to-date: /home/matsunaga-h/pickup_ws/install/yolo_msgs/include/yolo_msgs/yolo_msgs/msg/detail/mask__type_support.cpp\n'}
[0.408257] (yolo_msgs) StdoutLine: {'line': b'-- Up-to-date: /home/matsunaga-h/pickup_ws/install/yolo_msgs/include/yolo_msgs/yolo_msgs/msg/detail/detection__type_support.cpp\n'}
[0.408338] (yolo_msgs) StdoutLine: {'line': b'-- Up-to-date: /home/matsunaga-h/pickup_ws/install/yolo_msgs/include/yolo_msgs/yolo_msgs/msg/detail/key_point3_d_array__rosidl_typesupport_introspection_cpp.hpp\n'}
[0.408408] (yolo_msgs) StdoutLine: {'line': b'-- Up-to-date: /home/matsunaga-h/pickup_ws/install/yolo_msgs/include/yolo_msgs/yolo_msgs/msg/detail/key_point3_d_array__type_support.cpp\n'}
[0.408483] (yolo_msgs) StdoutLine: {'line': b'-- Up-to-date: /home/matsunaga-h/pickup_ws/install/yolo_msgs/include/yolo_msgs/yolo_msgs/msg/detail/key_point3_d__rosidl_typesupport_introspection_cpp.hpp\n'}
[0.408560] (yolo_msgs) StdoutLine: {'line': b'-- Up-to-date: /home/matsunaga-h/pickup_ws/install/yolo_msgs/include/yolo_msgs/yolo_msgs/msg/detail/bounding_box3_d__type_support.cpp\n'}
[0.408636] (yolo_msgs) StdoutLine: {'line': b'-- Up-to-date: /home/matsunaga-h/pickup_ws/install/yolo_msgs/include/yolo_msgs/yolo_msgs/msg/detail/key_point2_d__type_support.cpp\n'}
[0.408707] (yolo_msgs) StdoutLine: {'line': b'-- Up-to-date: /home/matsunaga-h/pickup_ws/install/yolo_msgs/include/yolo_msgs/yolo_msgs/msg/detail/key_point2_d_array__type_support.cpp\n'}
[0.408777] (yolo_msgs) StdoutLine: {'line': b'-- Up-to-date: /home/matsunaga-h/pickup_ws/install/yolo_msgs/include/yolo_msgs/yolo_msgs/srv\n'}
[0.408848] (yolo_msgs) StdoutLine: {'line': b'-- Up-to-date: /home/matsunaga-h/pickup_ws/install/yolo_msgs/include/yolo_msgs/yolo_msgs/srv/detail\n'}
[0.408917] (yolo_msgs) StdoutLine: {'line': b'-- Up-to-date: /home/matsunaga-h/pickup_ws/install/yolo_msgs/include/yolo_msgs/yolo_msgs/srv/detail/set_classes__type_support.cpp\n'}
[0.408987] (yolo_msgs) StdoutLine: {'line': b'-- Up-to-date: /home/matsunaga-h/pickup_ws/install/yolo_msgs/include/yolo_msgs/yolo_msgs/srv/detail/set_classes__rosidl_typesupport_introspection_cpp.hpp\n'}
[0.409057] (yolo_msgs) StdoutLine: {'line': b'-- Up-to-date: /home/matsunaga-h/pickup_ws/install/yolo_msgs/lib/libyolo_msgs__rosidl_typesupport_introspection_cpp.so\n'}
[0.409126] (yolo_msgs) StdoutLine: {'line': b'-- Up-to-date: /home/matsunaga-h/pickup_ws/install/yolo_msgs/lib/libyolo_msgs__rosidl_typesupport_cpp.so\n'}
[0.409197] (yolo_msgs) StdoutLine: {'line': b'-- Up-to-date: /home/matsunaga-h/pickup_ws/install/yolo_msgs/share/yolo_msgs/environment/pythonpath.sh\n'}
[0.409266] (yolo_msgs) StdoutLine: {'line': b'-- Up-to-date: /home/matsunaga-h/pickup_ws/install/yolo_msgs/share/yolo_msgs/environment/pythonpath.dsv\n'}
[0.409336] (yolo_msgs) StdoutLine: {'line': b'-- Up-to-date: /home/matsunaga-h/pickup_ws/install/yolo_msgs/local/lib/python3.10/dist-packages/yolo_msgs-4.2.0-py3.10.egg-info\n'}
[0.409407] (yolo_msgs) StdoutLine: {'line': b'-- Installing: /home/matsunaga-h/pickup_ws/install/yolo_msgs/local/lib/python3.10/dist-packages/yolo_msgs-4.2.0-py3.10.egg-info/PKG-INFO\n'}
[0.409488] (yolo_msgs) StdoutLine: {'line': b'-- Installing: /home/matsunaga-h/pickup_ws/install/yolo_msgs/local/lib/python3.10/dist-packages/yolo_msgs-4.2.0-py3.10.egg-info/SOURCES.txt\n'}
[0.409566] (yolo_msgs) StdoutLine: {'line': b'-- Installing: /home/matsunaga-h/pickup_ws/install/yolo_msgs/local/lib/python3.10/dist-packages/yolo_msgs-4.2.0-py3.10.egg-info/top_level.txt\n'}
[0.409636] (yolo_msgs) StdoutLine: {'line': b'-- Installing: /home/matsunaga-h/pickup_ws/install/yolo_msgs/local/lib/python3.10/dist-packages/yolo_msgs-4.2.0-py3.10.egg-info/dependency_links.txt\n'}
[0.409706] (yolo_msgs) StdoutLine: {'line': b'-- Up-to-date: /home/matsunaga-h/pickup_ws/install/yolo_msgs/local/lib/python3.10/dist-packages/yolo_msgs\n'}
[0.409777] (yolo_msgs) StdoutLine: {'line': b'-- Up-to-date: /home/matsunaga-h/pickup_ws/install/yolo_msgs/local/lib/python3.10/dist-packages/yolo_msgs/_yolo_msgs_s.ep.rosidl_typesupport_c.c\n'}
[0.409848] (yolo_msgs) StdoutLine: {'line': b'-- Up-to-date: /home/matsunaga-h/pickup_ws/install/yolo_msgs/local/lib/python3.10/dist-packages/yolo_msgs/_yolo_msgs_s.ep.rosidl_typesupport_fastrtps_c.c\n'}
[0.409920] (yolo_msgs) StdoutLine: {'line': b'-- Up-to-date: /home/matsunaga-h/pickup_ws/install/yolo_msgs/local/lib/python3.10/dist-packages/yolo_msgs/yolo_msgs_s__rosidl_typesupport_fastrtps_c.cpython-310-x86_64-linux-gnu.so\n'}
[0.409991] (yolo_msgs) StdoutLine: {'line': b'-- Up-to-date: /home/matsunaga-h/pickup_ws/install/yolo_msgs/local/lib/python3.10/dist-packages/yolo_msgs/yolo_msgs_s__rosidl_typesupport_c.cpython-310-x86_64-linux-gnu.so\n'}
[0.410062] (yolo_msgs) StdoutLine: {'line': b'-- Up-to-date: /home/matsunaga-h/pickup_ws/install/yolo_msgs/local/lib/python3.10/dist-packages/yolo_msgs/libyolo_msgs__rosidl_generator_py.so\n'}
[0.410134] (yolo_msgs) StdoutLine: {'line': b'-- Up-to-date: /home/matsunaga-h/pickup_ws/install/yolo_msgs/local/lib/python3.10/dist-packages/yolo_msgs/_yolo_msgs_s.ep.rosidl_typesupport_introspection_c.c\n'}
[0.410204] (yolo_msgs) StdoutLine: {'line': b'-- Up-to-date: /home/matsunaga-h/pickup_ws/install/yolo_msgs/local/lib/python3.10/dist-packages/yolo_msgs/yolo_msgs_s__rosidl_typesupport_introspection_c.cpython-310-x86_64-linux-gnu.so\n'}
[0.410275] (yolo_msgs) StdoutLine: {'line': b'-- Up-to-date: /home/matsunaga-h/pickup_ws/install/yolo_msgs/local/lib/python3.10/dist-packages/yolo_msgs/__init__.py\n'}
[0.410345] (yolo_msgs) StdoutLine: {'line': b'-- Up-to-date: /home/matsunaga-h/pickup_ws/install/yolo_msgs/local/lib/python3.10/dist-packages/yolo_msgs/msg\n'}
[0.410416] (yolo_msgs) StdoutLine: {'line': b'-- Up-to-date: /home/matsunaga-h/pickup_ws/install/yolo_msgs/local/lib/python3.10/dist-packages/yolo_msgs/msg/_bounding_box2_d.py\n'}
[0.410506] (yolo_msgs) StdoutLine: {'line': b'-- Up-to-date: /home/matsunaga-h/pickup_ws/install/yolo_msgs/local/lib/python3.10/dist-packages/yolo_msgs/msg/_key_point3_d_array.py\n'}
[0.410581] (yolo_msgs) StdoutLine: {'line': b'-- Up-to-date: /home/matsunaga-h/pickup_ws/install/yolo_msgs/local/lib/python3.10/dist-packages/yolo_msgs/msg/_key_point3_d_s.c\n'}
[0.410652] (yolo_msgs) StdoutLine: {'line': b'-- Up-to-date: /home/matsunaga-h/pickup_ws/install/yolo_msgs/local/lib/python3.10/dist-packages/yolo_msgs/msg/_vector2_s.c\n'}
[0.410728] (yolo_msgs) StdoutLine: {'line': b'-- Up-to-date: /home/matsunaga-h/pickup_ws/install/yolo_msgs/local/lib/python3.10/dist-packages/yolo_msgs/msg/_key_point3_d_array_s.c\n'}
[0.410799] (yolo_msgs) StdoutLine: {'line': b'-- Up-to-date: /home/matsunaga-h/pickup_ws/install/yolo_msgs/local/lib/python3.10/dist-packages/yolo_msgs/msg/_key_point2_d_array.py\n'}
[0.410870] (yolo_msgs) StdoutLine: {'line': b'-- Up-to-date: /home/matsunaga-h/pickup_ws/install/yolo_msgs/local/lib/python3.10/dist-packages/yolo_msgs/msg/_bounding_box3_d_s.c\n'}
[0.410940] (yolo_msgs) StdoutLine: {'line': b'-- Up-to-date: /home/matsunaga-h/pickup_ws/install/yolo_msgs/local/lib/python3.10/dist-packages/yolo_msgs/msg/_detection_array.py\n'}
[0.411010] (yolo_msgs) StdoutLine: {'line': b'-- Up-to-date: /home/matsunaga-h/pickup_ws/install/yolo_msgs/local/lib/python3.10/dist-packages/yolo_msgs/msg/_mask.py\n'}
[0.411085] (yolo_msgs) StdoutLine: {'line': b'-- Up-to-date: /home/matsunaga-h/pickup_ws/install/yolo_msgs/local/lib/python3.10/dist-packages/yolo_msgs/msg/_pose2_d_s.c\n'}
[0.411156] (yolo_msgs) StdoutLine: {'line': b'-- Up-to-date: /home/matsunaga-h/pickup_ws/install/yolo_msgs/local/lib/python3.10/dist-packages/yolo_msgs/msg/_key_point2_d_array_s.c\n'}
[0.411226] (yolo_msgs) StdoutLine: {'line': b'-- Up-to-date: /home/matsunaga-h/pickup_ws/install/yolo_msgs/local/lib/python3.10/dist-packages/yolo_msgs/msg/_point2_d.py\n'}
[0.411296] (yolo_msgs) StdoutLine: {'line': b'-- Up-to-date: /home/matsunaga-h/pickup_ws/install/yolo_msgs/local/lib/python3.10/dist-packages/yolo_msgs/msg/_detection_s.c\n'}
[0.411367] (yolo_msgs) StdoutLine: {'line': b'-- Up-to-date: /home/matsunaga-h/pickup_ws/install/yolo_msgs/local/lib/python3.10/dist-packages/yolo_msgs/msg/_mask_s.c\n'}
[0.411437] (yolo_msgs) StdoutLine: {'line': b'-- Up-to-date: /home/matsunaga-h/pickup_ws/install/yolo_msgs/local/lib/python3.10/dist-packages/yolo_msgs/msg/_bounding_box2_d_s.c\n'}
[0.411517] (yolo_msgs) StdoutLine: {'line': b'-- Up-to-date: /home/matsunaga-h/pickup_ws/install/yolo_msgs/local/lib/python3.10/dist-packages/yolo_msgs/msg/_vector2.py\n'}
[0.411593] (yolo_msgs) StdoutLine: {'line': b'-- Up-to-date: /home/matsunaga-h/pickup_ws/install/yolo_msgs/local/lib/python3.10/dist-packages/yolo_msgs/msg/_key_point2_d_s.c\n'}
[0.411665] (yolo_msgs) StdoutLine: {'line': b'-- Up-to-date: /home/matsunaga-h/pickup_ws/install/yolo_msgs/local/lib/python3.10/dist-packages/yolo_msgs/msg/_key_point2_d.py\n'}
[0.411738] (yolo_msgs) StdoutLine: {'line': b'-- Up-to-date: /home/matsunaga-h/pickup_ws/install/yolo_msgs/local/lib/python3.10/dist-packages/yolo_msgs/msg/_point2_d_s.c\n'}
[0.411809] (yolo_msgs) StdoutLine: {'line': b'-- Up-to-date: /home/matsunaga-h/pickup_ws/install/yolo_msgs/local/lib/python3.10/dist-packages/yolo_msgs/msg/__init__.py\n'}
[0.411879] (yolo_msgs) StdoutLine: {'line': b'-- Up-to-date: /home/matsunaga-h/pickup_ws/install/yolo_msgs/local/lib/python3.10/dist-packages/yolo_msgs/msg/_key_point3_d.py\n'}
[0.411949] (yolo_msgs) StdoutLine: {'line': b'-- Up-to-date: /home/matsunaga-h/pickup_ws/install/yolo_msgs/local/lib/python3.10/dist-packages/yolo_msgs/msg/_bounding_box3_d.py\n'}
[0.412020] (yolo_msgs) StdoutLine: {'line': b'-- Up-to-date: /home/matsunaga-h/pickup_ws/install/yolo_msgs/local/lib/python3.10/dist-packages/yolo_msgs/msg/_detection.py\n'}
[0.412094] (yolo_msgs) StdoutLine: {'line': b'-- Up-to-date: /home/matsunaga-h/pickup_ws/install/yolo_msgs/local/lib/python3.10/dist-packages/yolo_msgs/msg/_detection_array_s.c\n'}
[0.412165] (yolo_msgs) StdoutLine: {'line': b'-- Up-to-date: /home/matsunaga-h/pickup_ws/install/yolo_msgs/local/lib/python3.10/dist-packages/yolo_msgs/msg/_pose2_d.py\n'}
[0.412235] (yolo_msgs) StdoutLine: {'line': b'-- Up-to-date: /home/matsunaga-h/pickup_ws/install/yolo_msgs/local/lib/python3.10/dist-packages/yolo_msgs/srv\n'}
[0.412306] (yolo_msgs) StdoutLine: {'line': b'-- Up-to-date: /home/matsunaga-h/pickup_ws/install/yolo_msgs/local/lib/python3.10/dist-packages/yolo_msgs/srv/_set_classes_s.c\n'}
[0.412377] (yolo_msgs) StdoutLine: {'line': b'-- Up-to-date: /home/matsunaga-h/pickup_ws/install/yolo_msgs/local/lib/python3.10/dist-packages/yolo_msgs/srv/_set_classes.py\n'}
[0.412447] (yolo_msgs) StdoutLine: {'line': b'-- Up-to-date: /home/matsunaga-h/pickup_ws/install/yolo_msgs/local/lib/python3.10/dist-packages/yolo_msgs/srv/__init__.py\n'}
[0.427446] (yolo_msgs) StdoutLine: {'line': b"Listing '/home/matsunaga-h/pickup_ws/install/yolo_msgs/local/lib/python3.10/dist-packages/yolo_msgs'...\n"}
[0.427647] (yolo_msgs) StdoutLine: {'line': b"Listing '/home/matsunaga-h/pickup_ws/install/yolo_msgs/local/lib/python3.10/dist-packages/yolo_msgs/msg'...\n"}
[0.427739] (yolo_msgs) StdoutLine: {'line': b"Listing '/home/matsunaga-h/pickup_ws/install/yolo_msgs/local/lib/python3.10/dist-packages/yolo_msgs/srv'...\n"}
[0.430911] (yolo_msgs) StdoutLine: {'line': b'-- Up-to-date: /home/matsunaga-h/pickup_ws/install/yolo_msgs/local/lib/python3.10/dist-packages/yolo_msgs/yolo_msgs_s__rosidl_typesupport_fastrtps_c.cpython-310-x86_64-linux-gnu.so\n'}
[0.431151] (yolo_msgs) StdoutLine: {'line': b'-- Up-to-date: /home/matsunaga-h/pickup_ws/install/yolo_msgs/local/lib/python3.10/dist-packages/yolo_msgs/yolo_msgs_s__rosidl_typesupport_introspection_c.cpython-310-x86_64-linux-gnu.so\n'}
[0.431269] (yolo_msgs) StdoutLine: {'line': b'-- Up-to-date: /home/matsunaga-h/pickup_ws/install/yolo_msgs/local/lib/python3.10/dist-packages/yolo_msgs/yolo_msgs_s__rosidl_typesupport_c.cpython-310-x86_64-linux-gnu.so\n'}
[0.431409] (yolo_msgs) StdoutLine: {'line': b'-- Up-to-date: /home/matsunaga-h/pickup_ws/install/yolo_msgs/lib/libyolo_msgs__rosidl_generator_py.so\n'}
[0.431624] (yolo_msgs) StdoutLine: {'line': b'-- Up-to-date: /home/matsunaga-h/pickup_ws/install/yolo_msgs/share/yolo_msgs/msg/Point2D.idl\n'}
[0.431871] (yolo_msgs) StdoutLine: {'line': b'-- Up-to-date: /home/matsunaga-h/pickup_ws/install/yolo_msgs/share/yolo_msgs/msg/Vector2.idl\n'}
[0.431975] (yolo_msgs) StdoutLine: {'line': b'-- Up-to-date: /home/matsunaga-h/pickup_ws/install/yolo_msgs/share/yolo_msgs/msg/Pose2D.idl\n'}
[0.432073] (yolo_msgs) StdoutLine: {'line': b'-- Up-to-date: /home/matsunaga-h/pickup_ws/install/yolo_msgs/share/yolo_msgs/msg/BoundingBox2D.idl\n'}
[0.432163] (yolo_msgs) StdoutLine: {'line': b'-- Up-to-date: /home/matsunaga-h/pickup_ws/install/yolo_msgs/share/yolo_msgs/msg/BoundingBox3D.idl\n'}
[0.432284] (yolo_msgs) StdoutLine: {'line': b'-- Up-to-date: /home/matsunaga-h/pickup_ws/install/yolo_msgs/share/yolo_msgs/msg/Mask.idl\n'}
[0.432371] (yolo_msgs) StdoutLine: {'line': b'-- Up-to-date: /home/matsunaga-h/pickup_ws/install/yolo_msgs/share/yolo_msgs/msg/KeyPoint2D.idl\n'}
[0.432546] (yolo_msgs) StdoutLine: {'line': b'-- Up-to-date: /home/matsunaga-h/pickup_ws/install/yolo_msgs/share/yolo_msgs/msg/KeyPoint2DArray.idl\n'}
[0.432675] (yolo_msgs) StdoutLine: {'line': b'-- Up-to-date: /home/matsunaga-h/pickup_ws/install/yolo_msgs/share/yolo_msgs/msg/KeyPoint3D.idl\n'}
[0.432763] (yolo_msgs) StdoutLine: {'line': b'-- Up-to-date: /home/matsunaga-h/pickup_ws/install/yolo_msgs/share/yolo_msgs/msg/KeyPoint3DArray.idl\n'}
[0.432848] (yolo_msgs) StdoutLine: {'line': b'-- Up-to-date: /home/matsunaga-h/pickup_ws/install/yolo_msgs/share/yolo_msgs/msg/Detection.idl\n'}
[0.432932] (yolo_msgs) StdoutLine: {'line': b'-- Up-to-date: /home/matsunaga-h/pickup_ws/install/yolo_msgs/share/yolo_msgs/msg/DetectionArray.idl\n'}
[0.433017] (yolo_msgs) StdoutLine: {'line': b'-- Up-to-date: /home/matsunaga-h/pickup_ws/install/yolo_msgs/share/yolo_msgs/srv/SetClasses.idl\n'}
[0.433102] (yolo_msgs) StdoutLine: {'line': b'-- Up-to-date: /home/matsunaga-h/pickup_ws/install/yolo_msgs/share/yolo_msgs/msg/Point2D.msg\n'}
[0.433187] (yolo_msgs) StdoutLine: {'line': b'-- Up-to-date: /home/matsunaga-h/pickup_ws/install/yolo_msgs/share/yolo_msgs/msg/Vector2.msg\n'}
[0.433270] (yolo_msgs) StdoutLine: {'line': b'-- Up-to-date: /home/matsunaga-h/pickup_ws/install/yolo_msgs/share/yolo_msgs/msg/Pose2D.msg\n'}
[0.433353] (yolo_msgs) StdoutLine: {'line': b'-- Up-to-date: /home/matsunaga-h/pickup_ws/install/yolo_msgs/share/yolo_msgs/msg/BoundingBox2D.msg\n'}
[0.433434] (yolo_msgs) StdoutLine: {'line': b'-- Up-to-date: /home/matsunaga-h/pickup_ws/install/yolo_msgs/share/yolo_msgs/msg/BoundingBox3D.msg\n'}
[0.433593] (yolo_msgs) StdoutLine: {'line': b'-- Up-to-date: /home/matsunaga-h/pickup_ws/install/yolo_msgs/share/yolo_msgs/msg/Mask.msg\n'}
[0.433676] (yolo_msgs) StdoutLine: {'line': b'-- Up-to-date: /home/matsunaga-h/pickup_ws/install/yolo_msgs/share/yolo_msgs/msg/KeyPoint2D.msg\n'}
[0.433752] (yolo_msgs) StdoutLine: {'line': b'-- Up-to-date: /home/matsunaga-h/pickup_ws/install/yolo_msgs/share/yolo_msgs/msg/KeyPoint2DArray.msg\n'}
[0.433829] (yolo_msgs) StdoutLine: {'line': b'-- Up-to-date: /home/matsunaga-h/pickup_ws/install/yolo_msgs/share/yolo_msgs/msg/KeyPoint3D.msg\n'}
[0.433905] (yolo_msgs) StdoutLine: {'line': b'-- Up-to-date: /home/matsunaga-h/pickup_ws/install/yolo_msgs/share/yolo_msgs/msg/KeyPoint3DArray.msg\n'}
[0.433996] (yolo_msgs) StdoutLine: {'line': b'-- Up-to-date: /home/matsunaga-h/pickup_ws/install/yolo_msgs/share/yolo_msgs/msg/Detection.msg\n'}
[0.434072] (yolo_msgs) StdoutLine: {'line': b'-- Up-to-date: /home/matsunaga-h/pickup_ws/install/yolo_msgs/share/yolo_msgs/msg/DetectionArray.msg\n'}
[0.434148] (yolo_msgs) StdoutLine: {'line': b'-- Up-to-date: /home/matsunaga-h/pickup_ws/install/yolo_msgs/share/yolo_msgs/srv/SetClasses.srv\n'}
[0.434226] (yolo_msgs) StdoutLine: {'line': b'-- Up-to-date: /home/matsunaga-h/pickup_ws/install/yolo_msgs/share/yolo_msgs/srv/SetClasses_Request.msg\n'}
[0.434303] (yolo_msgs) StdoutLine: {'line': b'-- Up-to-date: /home/matsunaga-h/pickup_ws/install/yolo_msgs/share/yolo_msgs/srv/SetClasses_Response.msg\n'}
[0.434380] (yolo_msgs) StdoutLine: {'line': b'-- Up-to-date: /home/matsunaga-h/pickup_ws/install/yolo_msgs/share/ament_index/resource_index/package_run_dependencies/yolo_msgs\n'}
[0.434543] (yolo_msgs) StdoutLine: {'line': b'-- Up-to-date: /home/matsunaga-h/pickup_ws/install/yolo_msgs/share/ament_index/resource_index/parent_prefix_path/yolo_msgs\n'}
[0.434680] (yolo_msgs) StdoutLine: {'line': b'-- Up-to-date: /home/matsunaga-h/pickup_ws/install/yolo_msgs/share/yolo_msgs/environment/ament_prefix_path.sh\n'}
[0.434763] (yolo_msgs) StdoutLine: {'line': b'-- Up-to-date: /home/matsunaga-h/pickup_ws/install/yolo_msgs/share/yolo_msgs/environment/ament_prefix_path.dsv\n'}
[0.434845] (yolo_msgs) StdoutLine: {'line': b'-- Up-to-date: /home/matsunaga-h/pickup_ws/install/yolo_msgs/share/yolo_msgs/environment/path.sh\n'}
[0.434944] (yolo_msgs) StdoutLine: {'line': b'-- Up-to-date: /home/matsunaga-h/pickup_ws/install/yolo_msgs/share/yolo_msgs/environment/path.dsv\n'}
[0.435026] (yolo_msgs) StdoutLine: {'line': b'-- Up-to-date: /home/matsunaga-h/pickup_ws/install/yolo_msgs/share/yolo_msgs/local_setup.bash\n'}
[0.435205] (yolo_msgs) StdoutLine: {'line': b'-- Up-to-date: /home/matsunaga-h/pickup_ws/install/yolo_msgs/share/yolo_msgs/local_setup.sh\n'}
[0.435290] (yolo_msgs) StdoutLine: {'line': b'-- Up-to-date: /home/matsunaga-h/pickup_ws/install/yolo_msgs/share/yolo_msgs/local_setup.zsh\n'}
[0.435371] (yolo_msgs) StdoutLine: {'line': b'-- Up-to-date: /home/matsunaga-h/pickup_ws/install/yolo_msgs/share/yolo_msgs/local_setup.dsv\n'}
[0.435838] (yolo_msgs) StdoutLine: {'line': b'-- Installing: /home/matsunaga-h/pickup_ws/install/yolo_msgs/share/yolo_msgs/package.dsv\n'}
[0.436236] (yolo_msgs) StdoutLine: {'line': b'-- Up-to-date: /home/matsunaga-h/pickup_ws/install/yolo_msgs/share/ament_index/resource_index/packages/yolo_msgs\n'}
[0.436325] (yolo_msgs) StdoutLine: {'line': b'-- Up-to-date: /home/matsunaga-h/pickup_ws/install/yolo_msgs/share/yolo_msgs/cmake/export_yolo_msgs__rosidl_generator_cExport.cmake\n'}
[0.436406] (yolo_msgs) StdoutLine: {'line': b'-- Up-to-date: /home/matsunaga-h/pickup_ws/install/yolo_msgs/share/yolo_msgs/cmake/export_yolo_msgs__rosidl_generator_cExport-noconfig.cmake\n'}
[0.436493] (yolo_msgs) StdoutLine: {'line': b'-- Up-to-date: /home/matsunaga-h/pickup_ws/install/yolo_msgs/share/yolo_msgs/cmake/export_yolo_msgs__rosidl_typesupport_fastrtps_cExport.cmake\n'}
[0.437011] (yolo_msgs) StdoutLine: {'line': b'-- Up-to-date: /home/matsunaga-h/pickup_ws/install/yolo_msgs/share/yolo_msgs/cmake/export_yolo_msgs__rosidl_typesupport_fastrtps_cExport-noconfig.cmake\n'}
[0.437098] (yolo_msgs) StdoutLine: {'line': b'-- Up-to-date: /home/matsunaga-h/pickup_ws/install/yolo_msgs/share/yolo_msgs/cmake/yolo_msgs__rosidl_typesupport_introspection_cExport.cmake\n'}
[0.437179] (yolo_msgs) StdoutLine: {'line': b'-- Up-to-date: /home/matsunaga-h/pickup_ws/install/yolo_msgs/share/yolo_msgs/cmake/yolo_msgs__rosidl_typesupport_introspection_cExport-noconfig.cmake\n'}
[0.437260] (yolo_msgs) StdoutLine: {'line': b'-- Up-to-date: /home/matsunaga-h/pickup_ws/install/yolo_msgs/share/yolo_msgs/cmake/yolo_msgs__rosidl_typesupport_cExport.cmake\n'}
[0.437341] (yolo_msgs) StdoutLine: {'line': b'-- Up-to-date: /home/matsunaga-h/pickup_ws/install/yolo_msgs/share/yolo_msgs/cmake/yolo_msgs__rosidl_typesupport_cExport-noconfig.cmake\n'}
[0.437444] (yolo_msgs) StdoutLine: {'line': b'-- Up-to-date: /home/matsunaga-h/pickup_ws/install/yolo_msgs/share/yolo_msgs/cmake/export_yolo_msgs__rosidl_generator_cppExport.cmake\n'}
[0.437623] (yolo_msgs) StdoutLine: {'line': b'-- Up-to-date: /home/matsunaga-h/pickup_ws/install/yolo_msgs/share/yolo_msgs/cmake/export_yolo_msgs__rosidl_typesupport_fastrtps_cppExport.cmake\n'}
[0.437713] (yolo_msgs) StdoutLine: {'line': b'-- Up-to-date: /home/matsunaga-h/pickup_ws/install/yolo_msgs/share/yolo_msgs/cmake/export_yolo_msgs__rosidl_typesupport_fastrtps_cppExport-noconfig.cmake\n'}
[0.437795] (yolo_msgs) StdoutLine: {'line': b'-- Up-to-date: /home/matsunaga-h/pickup_ws/install/yolo_msgs/share/yolo_msgs/cmake/yolo_msgs__rosidl_typesupport_introspection_cppExport.cmake\n'}
[0.437875] (yolo_msgs) StdoutLine: {'line': b'-- Up-to-date: /home/matsunaga-h/pickup_ws/install/yolo_msgs/share/yolo_msgs/cmake/yolo_msgs__rosidl_typesupport_introspection_cppExport-noconfig.cmake\n'}
[0.437954] (yolo_msgs) StdoutLine: {'line': b'-- Up-to-date: /home/matsunaga-h/pickup_ws/install/yolo_msgs/share/yolo_msgs/cmake/yolo_msgs__rosidl_typesupport_cppExport.cmake\n'}
[0.438037] (yolo_msgs) StdoutLine: {'line': b'-- Up-to-date: /home/matsunaga-h/pickup_ws/install/yolo_msgs/share/yolo_msgs/cmake/yolo_msgs__rosidl_typesupport_cppExport-noconfig.cmake\n'}
[0.438123] (yolo_msgs) StdoutLine: {'line': b'-- Up-to-date: /home/matsunaga-h/pickup_ws/install/yolo_msgs/share/yolo_msgs/cmake/export_yolo_msgs__rosidl_generator_pyExport.cmake\n'}
[0.438206] (yolo_msgs) StdoutLine: {'line': b'-- Up-to-date: /home/matsunaga-h/pickup_ws/install/yolo_msgs/share/yolo_msgs/cmake/export_yolo_msgs__rosidl_generator_pyExport-noconfig.cmake\n'}
[0.438288] (yolo_msgs) StdoutLine: {'line': b'-- Up-to-date: /home/matsunaga-h/pickup_ws/install/yolo_msgs/share/yolo_msgs/cmake/rosidl_cmake-extras.cmake\n'}
[0.438369] (yolo_msgs) StdoutLine: {'line': b'-- Up-to-date: /home/matsunaga-h/pickup_ws/install/yolo_msgs/share/yolo_msgs/cmake/ament_cmake_export_dependencies-extras.cmake\n'}
[0.438450] (yolo_msgs) StdoutLine: {'line': b'-- Up-to-date: /home/matsunaga-h/pickup_ws/install/yolo_msgs/share/yolo_msgs/cmake/ament_cmake_export_include_directories-extras.cmake\n'}
[0.438651] (yolo_msgs) StdoutLine: {'line': b'-- Up-to-date: /home/matsunaga-h/pickup_ws/install/yolo_msgs/share/yolo_msgs/cmake/ament_cmake_export_libraries-extras.cmake\n'}
[0.438752] (yolo_msgs) StdoutLine: {'line': b'-- Up-to-date: /home/matsunaga-h/pickup_ws/install/yolo_msgs/share/yolo_msgs/cmake/ament_cmake_export_targets-extras.cmake\n'}
[0.438833] (yolo_msgs) StdoutLine: {'line': b'-- Up-to-date: /home/matsunaga-h/pickup_ws/install/yolo_msgs/share/yolo_msgs/cmake/rosidl_cmake_export_typesupport_targets-extras.cmake\n'}
[0.438913] (yolo_msgs) StdoutLine: {'line': b'-- Up-to-date: /home/matsunaga-h/pickup_ws/install/yolo_msgs/share/yolo_msgs/cmake/rosidl_cmake_export_typesupport_libraries-extras.cmake\n'}
[0.439062] (yolo_msgs) StdoutLine: {'line': b'-- Up-to-date: /home/matsunaga-h/pickup_ws/install/yolo_msgs/share/yolo_msgs/cmake/yolo_msgsConfig.cmake\n'}
[0.439146] (yolo_msgs) StdoutLine: {'line': b'-- Up-to-date: /home/matsunaga-h/pickup_ws/install/yolo_msgs/share/yolo_msgs/cmake/yolo_msgsConfig-version.cmake\n'}
[0.439226] (yolo_msgs) StdoutLine: {'line': b'-- Up-to-date: /home/matsunaga-h/pickup_ws/install/yolo_msgs/share/yolo_msgs/package.xml\n'}
[0.439307] (yolo_msgs) CommandEnded: {'returncode': 0}
[0.454256] (yolo_msgs) JobEnded: {'identifier': 'yolo_msgs', 'rc': 0}
[0.455019] (yolo_ros) JobStarted: {'identifier': 'yolo_ros'}
[0.500243] (-) TimerEvent: {}
[0.600561] (-) TimerEvent: {}
[0.641211] (air_pkg) Command: {'cmd': ['/usr/bin/python3', '-W', 'ignore:setup.py install is deprecated', '-W', 'ignore:easy_install command is deprecated', 'setup.py', 'egg_info', '--egg-base', '../../build/air_pkg', 'build', '--build-base', '/home/matsunaga-h/pickup_ws/build/air_pkg/build', 'install', '--record', '/home/matsunaga-h/pickup_ws/build/air_pkg/install.log', '--single-version-externally-managed', 'install_data'], 'cwd': '/home/matsunaga-h/pickup_ws/src/air_pkg', 'env': {'GJS_DEBUG_TOPICS': 'JS ERROR;JS LOG', 'LESSOPEN': '| /usr/bin/lesspipe %s', 'LANGUAGE': 'ja:en', 'USER': 'matsunaga-h', 'LC_TIME': 'ja_JP.UTF-8', 'XDG_SESSION_TYPE': 'wayland', 'SHLVL': '1', 'LD_LIBRARY_PATH': '/opt/ros/humble/opt/rviz_ogre_vendor/lib:/opt/ros/humble/lib/x86_64-linux-gnu:/opt/ros/humble/lib', 'HOME': '/home/matsunaga-h', 'OLDPWD': '/home/matsunaga-h', 'DESKTOP_SESSION': 'ubuntu', 'ROS_PYTHON_VERSION': '3', 'GNOME_SHELL_SESSION_MODE': 'ubuntu', 'GTK_MODULES': 'gail:atk-bridge', 'LC_MONETARY': 'ja_JP.UTF-8', 'MANAGERPID': '2068', 'SYSTEMD_EXEC_PID': '2236', 'DBUS_SESSION_BUS_ADDRESS': 'unix:path=/run/user/1000/bus', 'COLORTERM': 'truecolor', 'TERMINATOR_DBUS_NAME': 'net.tenshu.Terminator25ef4b219e3b005583550f2b0f9f990c3', 'IM_CONFIG_PHASE': '1', 'WAYLAND_DISPLAY': 'wayland-0', 'COLCON_PREFIX_PATH': '/home/matsunaga-h/pickup_ws/install', 'ROS_DISTRO': 'humble', 'LOGNAME': 'matsunaga-h', 'JOURNAL_STREAM': '8:15755', '_': '/usr/bin/colcon', 'ROS_VERSION': '2', 'XDG_SESSION_CLASS': 'user', 'USERNAME': 'matsunaga-h', 'TERM': 'xterm-256color', 'GNOME_DESKTOP_SESSION_ID': 'this-is-deprecated', 'ROS_LOCALHOST_ONLY': '0', 'PATH': '/opt/ros/humble/bin:/home/matsunaga-h/.local/bin:/usr/local/sbin:/usr/local/bin:/usr/sbin:/usr/bin:/sbin:/bin:/usr/games:/usr/local/games:/snap/bin:/snap/bin', 'SESSION_MANAGER': 'local/matsunagah-NUC13ANH-B:@/tmp/.ICE-unix/2206,unix/matsunagah-NUC13ANH-B:/tmp/.ICE-unix/2206', 'INVOCATION_ID': '741cca31c22a48bea7c1cb2486f1ecb7', 'PAPERSIZE': 'a4', 'XDG_MENU_PREFIX': 'gnome-', 'LC_ADDRESS': 'ja_JP.UTF-8', 'GNOME_SETUP_DISPLAY': ':1', 'XDG_RUNTIME_DIR': '/run/user/1000', 'DISPLAY': ':0', 'TERMINATOR_DBUS_PATH': '/net/tenshu/Terminator2', 'LANG': 'ja_JP.UTF-8', 'XDG_CURRENT_DESKTOP': 'ubuntu:GNOME', 'IBUS_DISABLE_SNOOPER': '1', 'LC_TELEPHONE': 'ja_JP.UTF-8', 'XMODIFIERS': '@im=ibus', 'XDG_SESSION_DESKTOP': 'ubuntu', 'XAUTHORITY': '/run/user/1000/.mutter-Xwaylandauth.VC0T62', 'LS_COLORS': 'rs=0:di=01;34:ln=01;36:mh=00:pi=40;33:so=01;35:do=01;35:bd=40;33;01:cd=40;33;01:or=40;31;01:mi=00:su=37;41:sg=30;43:ca=30;41:tw=30;42:ow=34;42:st=37;44:ex=01;32:*.tar=01;31:*.tgz=01;31:*.arc=01;31:*.arj=01;31:*.taz=01;31:*.lha=01;31:*.lz4=01;31:*.lzh=01;31:*.lzma=01;31:*.tlz=01;31:*.txz=01;31:*.tzo=01;31:*.t7z=01;31:*.zip=01;31:*.z=01;31:*.dz=01;31:*.gz=01;31:*.lrz=01;31:*.lz=01;31:*.lzo=01;31:*.xz=01;31:*.zst=01;31:*.tzst=01;31:*.bz2=01;31:*.bz=01;31:*.tbz=01;31:*.tbz2=01;31:*.tz=01;31:*.deb=01;31:*.rpm=01;31:*.jar=01;31:*.war=01;31:*.ear=01;31:*.sar=01;31:*.rar=01;31:*.alz=01;31:*.ace=01;31:*.zoo=01;31:*.cpio=01;31:*.7z=01;31:*.rz=01;31:*.cab=01;31:*.wim=01;31:*.swm=01;31:*.dwm=01;31:*.esd=01;31:*.jpg=01;35:*.jpeg=01;35:*.mjpg=01;35:*.mjpeg=01;35:*.gif=01;35:*.bmp=01;35:*.pbm=01;35:*.pgm=01;35:*.ppm=01;35:*.tga=01;35:*.xbm=01;35:*.xpm=01;35:*.tif=01;35:*.tiff=01;35:*.png=01;35:*.svg=01;35:*.svgz=01;35:*.mng=01;35:*.pcx=01;35:*.mov=01;35:*.mpg=01;35:*.mpeg=01;35:*.m2v=01;35:*.mkv=01;35:*.webm=01;35:*.webp=01;35:*.ogm=01;35:*.mp4=01;35:*.m4v=01;35:*.mp4v=01;35:*.vob=01;35:*.qt=01;35:*.nuv=01;35:*.wmv=01;35:*.asf=01;35:*.rm=01;35:*.rmvb=01;35:*.flc=01;35:*.avi=01;35:*.fli=01;35:*.flv=01;35:*.gl=01;35:*.dl=01;35:*.xcf=01;35:*.xwd=01;35:*.yuv=01;35:*.cgm=01;35:*.emf=01;35:*.ogv=01;35:*.ogx=01;35:*.aac=00;36:*.au=00;36:*.flac=00;36:*.m4a=00;36:*.mid=00;36:*.midi=00;36:*.mka=00;36:*.mp3=00;36:*.mpc=00;36:*.ogg=00;36:*.ra=00;36:*.wav=00;36:*.oga=00;36:*.opus=00;36:*.spx=00;36:*.xspf=00;36:', 'SSH_AGENT_LAUNCHER': 'gnome-keyring', 'SSH_AUTH_SOCK': '/run/user/1000/keyring/ssh', 'AMENT_PREFIX_PATH': '/home/matsunaga-h/pickup_ws/install/vacuum_switch:/home/matsunaga-h/pickup_ws/install/my_package:/home/matsunaga-h/pickup_ws/install/air_pkg:/opt/ros/humble', 'SHELL': '/bin/bash', 'LC_NAME': 'ja_JP.UTF-8', 'TERMINATOR_UUID': 'urn:uuid:9183111f-79a4-4828-929a-6d6d10820a9e', 'QT_ACCESSIBILITY': '1', 'GDMSESSION': 'ubuntu', 'LESSCLOSE': '/usr/bin/lesspipe %s %s', 'LC_MEASUREMENT': 'ja_JP.UTF-8', 'GJS_DEBUG_OUTPUT': 'stderr', 'LC_IDENTIFICATION': 'ja_JP.UTF-8', 'QT_IM_MODULE': 'ibus', 'PWD': '/home/matsunaga-h/pickup_ws/build/air_pkg', 'LC_ALL': 'en_US.UTF-8', 'XDG_CONFIG_DIRS': '/etc/xdg/xdg-ubuntu:/etc/xdg', 'XDG_DATA_DIRS': '/usr/share/ubuntu:/usr/local/share/:/usr/share/:/var/lib/snapd/desktop', 'PYTHONPATH': '/home/matsunaga-h/pickup_ws/build/air_pkg/prefix_override:/usr/lib/python3/dist-packages/colcon_core/task/python/colcon_distutils_commands:/home/matsunaga-h/pickup_ws/install/air_pkg/lib/python3.10/site-packages:/home/matsunaga-h/pickup_ws/install/vacuum_switch/lib/python3.10/site-packages:/home/matsunaga-h/pickup_ws/install/my_package/lib/python3.10/site-packages:/home/matsunaga-h/pickup_ws/install/air_pkg/lib/python3.10/site-packages:/opt/ros/humble/lib/python3.10/site-packages:/opt/ros/humble/local/lib/python3.10/dist-packages', 'LC_NUMERIC': 'ja_JP.UTF-8', 'LC_PAPER': 'ja_JP.UTF-8', 'COLCON': '1', 'VTE_VERSION': '6800'}, 'shell': False}
[0.664943] (vacuum_switch) Command: {'cmd': ['/usr/bin/python3', '-W', 'ignore:setup.py install is deprecated', '-W', 'ignore:easy_install command is deprecated', 'setup.py', 'egg_info', '--egg-base', '../../build/vacuum_switch', 'build', '--build-base', '/home/matsunaga-h/pickup_ws/build/vacuum_switch/build', 'install', '--record', '/home/matsunaga-h/pickup_ws/build/vacuum_switch/install.log', '--single-version-externally-managed', 'install_data'], 'cwd': '/home/matsunaga-h/pickup_ws/src/vacuum_switch', 'env': {'GJS_DEBUG_TOPICS': 'JS ERROR;JS LOG', 'LESSOPEN': '| /usr/bin/lesspipe %s', 'LANGUAGE': 'ja:en', 'USER': 'matsunaga-h', 'LC_TIME': 'ja_JP.UTF-8', 'XDG_SESSION_TYPE': 'wayland', 'SHLVL': '1', 'LD_LIBRARY_PATH': '/opt/ros/humble/opt/rviz_ogre_vendor/lib:/opt/ros/humble/lib/x86_64-linux-gnu:/opt/ros/humble/lib', 'HOME': '/home/matsunaga-h', 'OLDPWD': '/home/matsunaga-h', 'DESKTOP_SESSION': 'ubuntu', 'ROS_PYTHON_VERSION': '3', 'GNOME_SHELL_SESSION_MODE': 'ubuntu', 'GTK_MODULES': 'gail:atk-bridge', 'LC_MONETARY': 'ja_JP.UTF-8', 'MANAGERPID': '2068', 'SYSTEMD_EXEC_PID': '2236', 'DBUS_SESSION_BUS_ADDRESS': 'unix:path=/run/user/1000/bus', 'COLORTERM': 'truecolor', 'TERMINATOR_DBUS_NAME': 'net.tenshu.Terminator25ef4b219e3b005583550f2b0f9f990c3', 'IM_CONFIG_PHASE': '1', 'WAYLAND_DISPLAY': 'wayland-0', 'COLCON_PREFIX_PATH': '/home/matsunaga-h/pickup_ws/install', 'ROS_DISTRO': 'humble', 'LOGNAME': 'matsunaga-h', 'JOURNAL_STREAM': '8:15755', '_': '/usr/bin/colcon', 'ROS_VERSION': '2', 'XDG_SESSION_CLASS': 'user', 'USERNAME': 'matsunaga-h', 'TERM': 'xterm-256color', 'GNOME_DESKTOP_SESSION_ID': 'this-is-deprecated', 'ROS_LOCALHOST_ONLY': '0', 'PATH': '/opt/ros/humble/bin:/home/matsunaga-h/.local/bin:/usr/local/sbin:/usr/local/bin:/usr/sbin:/usr/bin:/sbin:/bin:/usr/games:/usr/local/games:/snap/bin:/snap/bin', 'SESSION_MANAGER': 'local/matsunagah-NUC13ANH-B:@/tmp/.ICE-unix/2206,unix/matsunagah-NUC13ANH-B:/tmp/.ICE-unix/2206', 'INVOCATION_ID': '741cca31c22a48bea7c1cb2486f1ecb7', 'PAPERSIZE': 'a4', 'XDG_MENU_PREFIX': 'gnome-', 'LC_ADDRESS': 'ja_JP.UTF-8', 'GNOME_SETUP_DISPLAY': ':1', 'XDG_RUNTIME_DIR': '/run/user/1000', 'DISPLAY': ':0', 'TERMINATOR_DBUS_PATH': '/net/tenshu/Terminator2', 'LANG': 'ja_JP.UTF-8', 'XDG_CURRENT_DESKTOP': 'ubuntu:GNOME', 'IBUS_DISABLE_SNOOPER': '1', 'LC_TELEPHONE': 'ja_JP.UTF-8', 'XMODIFIERS': '@im=ibus', 'XDG_SESSION_DESKTOP': 'ubuntu', 'XAUTHORITY': '/run/user/1000/.mutter-Xwaylandauth.VC0T62', 'LS_COLORS': 'rs=0:di=01;34:ln=01;36:mh=00:pi=40;33:so=01;35:do=01;35:bd=40;33;01:cd=40;33;01:or=40;31;01:mi=00:su=37;41:sg=30;43:ca=30;41:tw=30;42:ow=34;42:st=37;44:ex=01;32:*.tar=01;31:*.tgz=01;31:*.arc=01;31:*.arj=01;31:*.taz=01;31:*.lha=01;31:*.lz4=01;31:*.lzh=01;31:*.lzma=01;31:*.tlz=01;31:*.txz=01;31:*.tzo=01;31:*.t7z=01;31:*.zip=01;31:*.z=01;31:*.dz=01;31:*.gz=01;31:*.lrz=01;31:*.lz=01;31:*.lzo=01;31:*.xz=01;31:*.zst=01;31:*.tzst=01;31:*.bz2=01;31:*.bz=01;31:*.tbz=01;31:*.tbz2=01;31:*.tz=01;31:*.deb=01;31:*.rpm=01;31:*.jar=01;31:*.war=01;31:*.ear=01;31:*.sar=01;31:*.rar=01;31:*.alz=01;31:*.ace=01;31:*.zoo=01;31:*.cpio=01;31:*.7z=01;31:*.rz=01;31:*.cab=01;31:*.wim=01;31:*.swm=01;31:*.dwm=01;31:*.esd=01;31:*.jpg=01;35:*.jpeg=01;35:*.mjpg=01;35:*.mjpeg=01;35:*.gif=01;35:*.bmp=01;35:*.pbm=01;35:*.pgm=01;35:*.ppm=01;35:*.tga=01;35:*.xbm=01;35:*.xpm=01;35:*.tif=01;35:*.tiff=01;35:*.png=01;35:*.svg=01;35:*.svgz=01;35:*.mng=01;35:*.pcx=01;35:*.mov=01;35:*.mpg=01;35:*.mpeg=01;35:*.m2v=01;35:*.mkv=01;35:*.webm=01;35:*.webp=01;35:*.ogm=01;35:*.mp4=01;35:*.m4v=01;35:*.mp4v=01;35:*.vob=01;35:*.qt=01;35:*.nuv=01;35:*.wmv=01;35:*.asf=01;35:*.rm=01;35:*.rmvb=01;35:*.flc=01;35:*.avi=01;35:*.fli=01;35:*.flv=01;35:*.gl=01;35:*.dl=01;35:*.xcf=01;35:*.xwd=01;35:*.yuv=01;35:*.cgm=01;35:*.emf=01;35:*.ogv=01;35:*.ogx=01;35:*.aac=00;36:*.au=00;36:*.flac=00;36:*.m4a=00;36:*.mid=00;36:*.midi=00;36:*.mka=00;36:*.mp3=00;36:*.mpc=00;36:*.ogg=00;36:*.ra=00;36:*.wav=00;36:*.oga=00;36:*.opus=00;36:*.spx=00;36:*.xspf=00;36:', 'SSH_AGENT_LAUNCHER': 'gnome-keyring', 'SSH_AUTH_SOCK': '/run/user/1000/keyring/ssh', 'AMENT_PREFIX_PATH': '/home/matsunaga-h/pickup_ws/install/vacuum_switch:/home/matsunaga-h/pickup_ws/install/my_package:/home/matsunaga-h/pickup_ws/install/air_pkg:/opt/ros/humble', 'SHELL': '/bin/bash', 'LC_NAME': 'ja_JP.UTF-8', 'TERMINATOR_UUID': 'urn:uuid:9183111f-79a4-4828-929a-6d6d10820a9e', 'QT_ACCESSIBILITY': '1', 'GDMSESSION': 'ubuntu', 'LESSCLOSE': '/usr/bin/lesspipe %s %s', 'LC_MEASUREMENT': 'ja_JP.UTF-8', 'GJS_DEBUG_OUTPUT': 'stderr', 'LC_IDENTIFICATION': 'ja_JP.UTF-8', 'QT_IM_MODULE': 'ibus', 'PWD': '/home/matsunaga-h/pickup_ws/build/vacuum_switch', 'LC_ALL': 'en_US.UTF-8', 'XDG_CONFIG_DIRS': '/etc/xdg/xdg-ubuntu:/etc/xdg', 'XDG_DATA_DIRS': '/usr/share/ubuntu:/usr/local/share/:/usr/share/:/var/lib/snapd/desktop', 'PYTHONPATH': '/home/matsunaga-h/pickup_ws/build/vacuum_switch/prefix_override:/usr/lib/python3/dist-packages/colcon_core/task/python/colcon_distutils_commands:/home/matsunaga-h/pickup_ws/install/vacuum_switch/lib/python3.10/site-packages:/home/matsunaga-h/pickup_ws/install/vacuum_switch/lib/python3.10/site-packages:/home/matsunaga-h/pickup_ws/install/my_package/lib/python3.10/site-packages:/home/matsunaga-h/pickup_ws/install/air_pkg/lib/python3.10/site-packages:/opt/ros/humble/lib/python3.10/site-packages:/opt/ros/humble/local/lib/python3.10/dist-packages', 'LC_NUMERIC': 'ja_JP.UTF-8', 'LC_PAPER': 'ja_JP.UTF-8', 'COLCON': '1', 'VTE_VERSION': '6800'}, 'shell': False}
[0.700661] (-) TimerEvent: {}
[0.801019] (-) TimerEvent: {}
[0.811200] (air_pkg) StdoutLine: {'line': b'running egg_info\n'}
[0.811684] (air_pkg) StdoutLine: {'line': b'writing ../../build/air_pkg/air_pkg.egg-info/PKG-INFO\n'}
[0.811920] (air_pkg) StdoutLine: {'line': b'writing dependency_links to ../../build/air_pkg/air_pkg.egg-info/dependency_links.txt\n'}
[0.812151] (air_pkg) StdoutLine: {'line': b'writing entry points to ../../build/air_pkg/air_pkg.egg-info/entry_points.txt\n'}
[0.812250] (air_pkg) StdoutLine: {'line': b'writing requirements to ../../build/air_pkg/air_pkg.egg-info/requires.txt\n'}
[0.812331] (air_pkg) StdoutLine: {'line': b'writing top-level names to ../../build/air_pkg/air_pkg.egg-info/top_level.txt\n'}
[0.813557] (air_pkg) StdoutLine: {'line': b"reading manifest file '../../build/air_pkg/air_pkg.egg-info/SOURCES.txt'\n"}
[0.814069] (air_pkg) StdoutLine: {'line': b"writing manifest file '../../build/air_pkg/air_pkg.egg-info/SOURCES.txt'\n"}
[0.814196] (air_pkg) StdoutLine: {'line': b'running build\n'}
[0.814251] (air_pkg) StdoutLine: {'line': b'running build_py\n'}
[0.814322] (air_pkg) StdoutLine: {'line': b'running install\n'}
[0.814588] (air_pkg) StdoutLine: {'line': b'running install_lib\n'}
[0.815497] (air_pkg) StdoutLine: {'line': b'running install_data\n'}
[0.815591] (air_pkg) StdoutLine: {'line': b'running install_egg_info\n'}
[0.816994] (air_pkg) StdoutLine: {'line': b"removing '/home/matsunaga-h/pickup_ws/install/air_pkg/lib/python3.10/site-packages/air_pkg-0.0.0-py3.10.egg-info' (and everything under it)\n"}
[0.817159] (air_pkg) StdoutLine: {'line': b'Copying ../../build/air_pkg/air_pkg.egg-info to /home/matsunaga-h/pickup_ws/install/air_pkg/lib/python3.10/site-packages/air_pkg-0.0.0-py3.10.egg-info\n'}
[0.817499] (air_pkg) StdoutLine: {'line': b'running install_scripts\n'}
[0.833394] (air_pkg) StdoutLine: {'line': b'Installing arduino_reader script to /home/matsunaga-h/pickup_ws/install/air_pkg/lib/air_pkg\n'}
[0.833646] (air_pkg) StdoutLine: {'line': b'Installing hello_node script to /home/matsunaga-h/pickup_ws/install/air_pkg/lib/air_pkg\n'}
[0.833801] (air_pkg) StdoutLine: {'line': b"writing list of installed files to '/home/matsunaga-h/pickup_ws/build/air_pkg/install.log'\n"}
[0.854412] (vacuum_switch) StdoutLine: {'line': b'running egg_info\n'}
[0.854963] (vacuum_switch) StdoutLine: {'line': b'writing ../../build/vacuum_switch/vacuum_switch.egg-info/PKG-INFO\n'}
[0.855129] (vacuum_switch) StdoutLine: {'line': b'writing dependency_links to ../../build/vacuum_switch/vacuum_switch.egg-info/dependency_links.txt\n'}
[0.855265] (vacuum_switch) StdoutLine: {'line': b'writing entry points to ../../build/vacuum_switch/vacuum_switch.egg-info/entry_points.txt\n'}
[0.855397] (vacuum_switch) StdoutLine: {'line': b'writing requirements to ../../build/vacuum_switch/vacuum_switch.egg-info/requires.txt\n'}
[0.855499] (vacuum_switch) StdoutLine: {'line': b'writing top-level names to ../../build/vacuum_switch/vacuum_switch.egg-info/top_level.txt\n'}
[0.856701] (air_pkg) CommandEnded: {'returncode': 0}
[0.857436] (vacuum_switch) StdoutLine: {'line': b"reading manifest file '../../build/vacuum_switch/vacuum_switch.egg-info/SOURCES.txt'\n"}
[0.857631] (vacuum_switch) StdoutLine: {'line': b"writing manifest file '../../build/vacuum_switch/vacuum_switch.egg-info/SOURCES.txt'\n"}
[0.857737] (vacuum_switch) StdoutLine: {'line': b'running build\n'}
[0.857832] (vacuum_switch) StdoutLine: {'line': b'running build_py\n'}
[0.857960] (vacuum_switch) StdoutLine: {'line': b'running install\n'}
[0.858159] (vacuum_switch) StdoutLine: {'line': b'running install_lib\n'}
[0.858887] (vacuum_switch) StdoutLine: {'line': b'running install_data\n'}
[0.859797] (vacuum_switch) StdoutLine: {'line': b'running install_egg_info\n'}
[0.860353] (vacuum_switch) StdoutLine: {'line': b"removing '/home/matsunaga-h/pickup_ws/install/vacuum_switch/lib/python3.10/site-packages/vacuum_switch-0.0.0-py3.10.egg-info' (and everything under it)\n"}
[0.860728] (vacuum_switch) StdoutLine: {'line': b'Copying ../../build/vacuum_switch/vacuum_switch.egg-info to /home/matsunaga-h/pickup_ws/install/vacuum_switch/lib/python3.10/site-packages/vacuum_switch-0.0.0-py3.10.egg-info\n'}
[0.861081] (vacuum_switch) StdoutLine: {'line': b'running install_scripts\n'}
[0.864952] (air_pkg) JobEnded: {'identifier': 'air_pkg', 'rc': 0}
[0.876655] (vacuum_switch) StdoutLine: {'line': b"writing list of installed files to '/home/matsunaga-h/pickup_ws/build/vacuum_switch/install.log'\n"}
[0.900218] (vacuum_switch) CommandEnded: {'returncode': 0}
[0.901268] (-) TimerEvent: {}
[0.907418] (vacuum_switch) JobEnded: {'identifier': 'vacuum_switch', 'rc': 0}
[0.940407] (yolo_ros) Command: {'cmd': ['/usr/bin/python3', '-W', 'ignore:setup.py install is deprecated', '-W', 'ignore:easy_install command is deprecated', 'setup.py', 'egg_info', '--egg-base', '../../../build/yolo_ros', 'build', '--build-base', '/home/matsunaga-h/pickup_ws/build/yolo_ros/build', 'install', '--record', '/home/matsunaga-h/pickup_ws/build/yolo_ros/install.log', '--single-version-externally-managed', 'install_data'], 'cwd': '/home/matsunaga-h/pickup_ws/src/yolo_ros/yolo_ros', 'env': {'GJS_DEBUG_TOPICS': 'JS ERROR;JS LOG', 'LESSOPEN': '| /usr/bin/lesspipe %s', 'LANGUAGE': 'ja:en', 'USER': 'matsunaga-h', 'LC_TIME': 'ja_JP.UTF-8', 'XDG_SESSION_TYPE': 'wayland', 'SHLVL': '1', 'LD_LIBRARY_PATH': '/home/matsunaga-h/pickup_ws/install/yolo_msgs/lib:/opt/ros/humble/opt/rviz_ogre_vendor/lib:/opt/ros/humble/lib/x86_64-linux-gnu:/opt/ros/humble/lib', 'HOME': '/home/matsunaga-h', 'OLDPWD': '/home/matsunaga-h', 'DESKTOP_SESSION': 'ubuntu', 'ROS_PYTHON_VERSION': '3', 'GNOME_SHELL_SESSION_MODE': 'ubuntu', 'GTK_MODULES': 'gail:atk-bridge', 'LC_MONETARY': 'ja_JP.UTF-8', 'MANAGERPID': '2068', 'SYSTEMD_EXEC_PID': '2236', 'DBUS_SESSION_BUS_ADDRESS': 'unix:path=/run/user/1000/bus', 'COLORTERM': 'truecolor', 'TERMINATOR_DBUS_NAME': 'net.tenshu.Terminator25ef4b219e3b005583550f2b0f9f990c3', 'IM_CONFIG_PHASE': '1', 'WAYLAND_DISPLAY': 'wayland-0', 'COLCON_PREFIX_PATH': '/home/matsunaga-h/pickup_ws/install', 'ROS_DISTRO': 'humble', 'LOGNAME': 'matsunaga-h', 'JOURNAL_STREAM': '8:15755', '_': '/usr/bin/colcon', 'ROS_VERSION': '2', 'XDG_SESSION_CLASS': 'user', 'USERNAME': 'matsunaga-h', 'TERM': 'xterm-256color', 'GNOME_DESKTOP_SESSION_ID': 'this-is-deprecated', 'ROS_LOCALHOST_ONLY': '0', 'PATH': '/opt/ros/humble/bin:/home/matsunaga-h/.local/bin:/usr/local/sbin:/usr/local/bin:/usr/sbin:/usr/bin:/sbin:/bin:/usr/games:/usr/local/games:/snap/bin:/snap/bin', 'SESSION_MANAGER': 'local/matsunagah-NUC13ANH-B:@/tmp/.ICE-unix/2206,unix/matsunagah-NUC13ANH-B:/tmp/.ICE-unix/2206', 'INVOCATION_ID': '741cca31c22a48bea7c1cb2486f1ecb7', 'PAPERSIZE': 'a4', 'XDG_MENU_PREFIX': 'gnome-', 'LC_ADDRESS': 'ja_JP.UTF-8', 'GNOME_SETUP_DISPLAY': ':1', 'XDG_RUNTIME_DIR': '/run/user/1000', 'DISPLAY': ':0', 'TERMINATOR_DBUS_PATH': '/net/tenshu/Terminator2', 'LANG': 'ja_JP.UTF-8', 'XDG_CURRENT_DESKTOP': 'ubuntu:GNOME', 'IBUS_DISABLE_SNOOPER': '1', 'LC_TELEPHONE': 'ja_JP.UTF-8', 'XMODIFIERS': '@im=ibus', 'XDG_SESSION_DESKTOP': 'ubuntu', 'XAUTHORITY': '/run/user/1000/.mutter-Xwaylandauth.VC0T62', 'LS_COLORS': 'rs=0:di=01;34:ln=01;36:mh=00:pi=40;33:so=01;35:do=01;35:bd=40;33;01:cd=40;33;01:or=40;31;01:mi=00:su=37;41:sg=30;43:ca=30;41:tw=30;42:ow=34;42:st=37;44:ex=01;32:*.tar=01;31:*.tgz=01;31:*.arc=01;31:*.arj=01;31:*.taz=01;31:*.lha=01;31:*.lz4=01;31:*.lzh=01;31:*.lzma=01;31:*.tlz=01;31:*.txz=01;31:*.tzo=01;31:*.t7z=01;31:*.zip=01;31:*.z=01;31:*.dz=01;31:*.gz=01;31:*.lrz=01;31:*.lz=01;31:*.lzo=01;31:*.xz=01;31:*.zst=01;31:*.tzst=01;31:*.bz2=01;31:*.bz=01;31:*.tbz=01;31:*.tbz2=01;31:*.tz=01;31:*.deb=01;31:*.rpm=01;31:*.jar=01;31:*.war=01;31:*.ear=01;31:*.sar=01;31:*.rar=01;31:*.alz=01;31:*.ace=01;31:*.zoo=01;31:*.cpio=01;31:*.7z=01;31:*.rz=01;31:*.cab=01;31:*.wim=01;31:*.swm=01;31:*.dwm=01;31:*.esd=01;31:*.jpg=01;35:*.jpeg=01;35:*.mjpg=01;35:*.mjpeg=01;35:*.gif=01;35:*.bmp=01;35:*.pbm=01;35:*.pgm=01;35:*.ppm=01;35:*.tga=01;35:*.xbm=01;35:*.xpm=01;35:*.tif=01;35:*.tiff=01;35:*.png=01;35:*.svg=01;35:*.svgz=01;35:*.mng=01;35:*.pcx=01;35:*.mov=01;35:*.mpg=01;35:*.mpeg=01;35:*.m2v=01;35:*.mkv=01;35:*.webm=01;35:*.webp=01;35:*.ogm=01;35:*.mp4=01;35:*.m4v=01;35:*.mp4v=01;35:*.vob=01;35:*.qt=01;35:*.nuv=01;35:*.wmv=01;35:*.asf=01;35:*.rm=01;35:*.rmvb=01;35:*.flc=01;35:*.avi=01;35:*.fli=01;35:*.flv=01;35:*.gl=01;35:*.dl=01;35:*.xcf=01;35:*.xwd=01;35:*.yuv=01;35:*.cgm=01;35:*.emf=01;35:*.ogv=01;35:*.ogx=01;35:*.aac=00;36:*.au=00;36:*.flac=00;36:*.m4a=00;36:*.mid=00;36:*.midi=00;36:*.mka=00;36:*.mp3=00;36:*.mpc=00;36:*.ogg=00;36:*.ra=00;36:*.wav=00;36:*.oga=00;36:*.opus=00;36:*.spx=00;36:*.xspf=00;36:', 'SSH_AGENT_LAUNCHER': 'gnome-keyring', 'SSH_AUTH_SOCK': '/run/user/1000/keyring/ssh', 'AMENT_PREFIX_PATH': '/home/matsunaga-h/pickup_ws/install/yolo_msgs:/home/matsunaga-h/pickup_ws/install/vacuum_switch:/home/matsunaga-h/pickup_ws/install/my_package:/home/matsunaga-h/pickup_ws/install/air_pkg:/opt/ros/humble', 'SHELL': '/bin/bash', 'LC_NAME': 'ja_JP.UTF-8', 'TERMINATOR_UUID': 'urn:uuid:9183111f-79a4-4828-929a-6d6d10820a9e', 'QT_ACCESSIBILITY': '1', 'GDMSESSION': 'ubuntu', 'LESSCLOSE': '/usr/bin/lesspipe %s %s', 'LC_MEASUREMENT': 'ja_JP.UTF-8', 'GJS_DEBUG_OUTPUT': 'stderr', 'LC_IDENTIFICATION': 'ja_JP.UTF-8', 'QT_IM_MODULE': 'ibus', 'PWD': '/home/matsunaga-h/pickup_ws/build/yolo_ros', 'LC_ALL': 'en_US.UTF-8', 'XDG_CONFIG_DIRS': '/etc/xdg/xdg-ubuntu:/etc/xdg', 'XDG_DATA_DIRS': '/usr/share/ubuntu:/usr/local/share/:/usr/share/:/var/lib/snapd/desktop', 'PYTHONPATH': '/home/matsunaga-h/pickup_ws/build/yolo_ros/prefix_override:/usr/lib/python3/dist-packages/colcon_core/task/python/colcon_distutils_commands:/home/matsunaga-h/pickup_ws/install/yolo_ros/lib/python3.10/site-packages:/home/matsunaga-h/pickup_ws/install/yolo_msgs/local/lib/python3.10/dist-packages:/home/matsunaga-h/pickup_ws/install/vacuum_switch/lib/python3.10/site-packages:/home/matsunaga-h/pickup_ws/install/my_package/lib/python3.10/site-packages:/home/matsunaga-h/pickup_ws/install/air_pkg/lib/python3.10/site-packages:/opt/ros/humble/lib/python3.10/site-packages:/opt/ros/humble/local/lib/python3.10/dist-packages', 'LC_NUMERIC': 'ja_JP.UTF-8', 'LC_PAPER': 'ja_JP.UTF-8', 'COLCON': '1', 'VTE_VERSION': '6800', 'CMAKE_PREFIX_PATH': '/home/matsunaga-h/pickup_ws/install/yolo_msgs'}, 'shell': False}
[1.001519] (-) TimerEvent: {}
[1.101841] (-) TimerEvent: {}
[1.108559] (yolo_ros) StdoutLine: {'line': b'running egg_info\n'}
[1.109031] (yolo_ros) StdoutLine: {'line': b'writing ../../../build/yolo_ros/yolo_ros.egg-info/PKG-INFO\n'}
[1.109310] (yolo_ros) StdoutLine: {'line': b'writing dependency_links to ../../../build/yolo_ros/yolo_ros.egg-info/dependency_links.txt\n'}
[1.109432] (yolo_ros) StdoutLine: {'line': b'writing entry points to ../../../build/yolo_ros/yolo_ros.egg-info/entry_points.txt\n'}
[1.109542] (yolo_ros) StdoutLine: {'line': b'writing requirements to ../../../build/yolo_ros/yolo_ros.egg-info/requires.txt\n'}
[1.109627] (yolo_ros) StdoutLine: {'line': b'writing top-level names to ../../../build/yolo_ros/yolo_ros.egg-info/top_level.txt\n'}
[1.110643] (yolo_ros) StdoutLine: {'line': b"reading manifest file '../../../build/yolo_ros/yolo_ros.egg-info/SOURCES.txt'\n"}
[1.111183] (yolo_ros) StdoutLine: {'line': b"writing manifest file '../../../build/yolo_ros/yolo_ros.egg-info/SOURCES.txt'\n"}
[1.111353] (yolo_ros) StdoutLine: {'line': b'running build\n'}
[1.111450] (yolo_ros) StdoutLine: {'line': b'running build_py\n'}
[1.111691] (yolo_ros) StdoutLine: {'line': b'copying yolo_ros/test.py -> /home/matsunaga-h/pickup_ws/build/yolo_ros/build/lib/yolo_ros\n'}
[1.111831] (yolo_ros) StdoutLine: {'line': b'running install\n'}
[1.111920] (yolo_ros) StdoutLine: {'line': b'running install_lib\n'}
[1.112164] (yolo_ros) StdoutLine: {'line': b'copying /home/matsunaga-h/pickup_ws/build/yolo_ros/build/lib/yolo_ros/test.py -> /home/matsunaga-h/pickup_ws/install/yolo_ros/lib/python3.10/site-packages/yolo_ros\n'}
[1.112597] (yolo_ros) StdoutLine: {'line': b'byte-compiling /home/matsunaga-h/pickup_ws/install/yolo_ros/lib/python3.10/site-packages/yolo_ros/test.py to test.cpython-310.pyc\n'}
[1.113648] (yolo_ros) StdoutLine: {'line': b'running install_data\n'}
[1.113775] (yolo_ros) StdoutLine: {'line': b'running install_egg_info\n'}
[1.114822] (yolo_ros) StdoutLine: {'line': b"removing '/home/matsunaga-h/pickup_ws/install/yolo_ros/lib/python3.10/site-packages/yolo_ros-0.0.0-py3.10.egg-info' (and everything under it)\n"}
[1.115050] (yolo_ros) StdoutLine: {'line': b'Copying ../../../build/yolo_ros/yolo_ros.egg-info to /home/matsunaga-h/pickup_ws/install/yolo_ros/lib/python3.10/site-packages/yolo_ros-0.0.0-py3.10.egg-info\n'}
[1.115334] (yolo_ros) StdoutLine: {'line': b'running install_scripts\n'}
[1.129662] (yolo_ros) StdoutLine: {'line': b'Installing debug_node script to /home/matsunaga-h/pickup_ws/install/yolo_ros/lib/yolo_ros\n'}
[1.129865] (yolo_ros) StdoutLine: {'line': b'Installing detect_3d_node script to /home/matsunaga-h/pickup_ws/install/yolo_ros/lib/yolo_ros\n'}
[1.129951] (yolo_ros) StdoutLine: {'line': b'Installing tracking_node script to /home/matsunaga-h/pickup_ws/install/yolo_ros/lib/yolo_ros\n'}
[1.130041] (yolo_ros) StdoutLine: {'line': b'Installing yolo_node script to /home/matsunaga-h/pickup_ws/install/yolo_ros/lib/yolo_ros\n'}
[1.130118] (yolo_ros) StdoutLine: {'line': b'Installing yolodetection_node script to /home/matsunaga-h/pickup_ws/install/yolo_ros/lib/yolo_ros\n'}
[1.130191] (yolo_ros) StdoutLine: {'line': b"writing list of installed files to '/home/matsunaga-h/pickup_ws/build/yolo_ros/install.log'\n"}
[1.148528] (yolo_ros) CommandEnded: {'returncode': 0}
[1.153902] (yolo_ros) JobEnded: {'identifier': 'yolo_ros', 'rc': 0}
[1.154315] (yolo_bringup) JobStarted: {'identifier': 'yolo_bringup'}
[1.160705] (yolo_bringup) JobProgress: {'identifier': 'yolo_bringup', 'progress': 'cmake'}
[1.161272] (yolo_bringup) JobProgress: {'identifier': 'yolo_bringup', 'progress': 'build'}
[1.161590] (yolo_bringup) Command: {'cmd': ['/usr/bin/cmake', '--build', '/home/matsunaga-h/pickup_ws/build/yolo_bringup', '--', '-j16', '-l16'], 'cwd': '/home/matsunaga-h/pickup_ws/build/yolo_bringup', 'env': OrderedDict([('GJS_DEBUG_TOPICS', 'JS ERROR;JS LOG'), ('LESSOPEN', '| /usr/bin/lesspipe %s'), ('LANGUAGE', 'ja:en'), ('USER', 'matsunaga-h'), ('LC_TIME', 'ja_JP.UTF-8'), ('XDG_SESSION_TYPE', 'wayland'), ('SHLVL', '1'), ('LD_LIBRARY_PATH', '/home/matsunaga-h/pickup_ws/install/yolo_msgs/lib:/opt/ros/humble/opt/rviz_ogre_vendor/lib:/opt/ros/humble/lib/x86_64-linux-gnu:/opt/ros/humble/lib'), ('HOME', '/home/matsunaga-h'), ('OLDPWD', '/home/matsunaga-h'), ('DESKTOP_SESSION', 'ubuntu'), ('ROS_PYTHON_VERSION', '3'), ('GNOME_SHELL_SESSION_MODE', 'ubuntu'), ('GTK_MODULES', 'gail:atk-bridge'), ('LC_MONETARY', 'ja_JP.UTF-8'), ('MANAGERPID', '2068'), ('SYSTEMD_EXEC_PID', '2236'), ('DBUS_SESSION_BUS_ADDRESS', 'unix:path=/run/user/1000/bus'), ('COLORTERM', 'truecolor'), ('TERMINATOR_DBUS_NAME', 'net.tenshu.Terminator25ef4b219e3b005583550f2b0f9f990c3'), ('IM_CONFIG_PHASE', '1'), ('WAYLAND_DISPLAY', 'wayland-0'), ('COLCON_PREFIX_PATH', '/home/matsunaga-h/pickup_ws/install'), ('ROS_DISTRO', 'humble'), ('LOGNAME', 'matsunaga-h'), ('JOURNAL_STREAM', '8:15755'), ('_', '/usr/bin/colcon'), ('ROS_VERSION', '2'), ('XDG_SESSION_CLASS', 'user'), ('USERNAME', 'matsunaga-h'), ('TERM', 'xterm-256color'), ('GNOME_DESKTOP_SESSION_ID', 'this-is-deprecated'), ('ROS_LOCALHOST_ONLY', '0'), ('PATH', '/opt/ros/humble/bin:/home/matsunaga-h/.local/bin:/usr/local/sbin:/usr/local/bin:/usr/sbin:/usr/bin:/sbin:/bin:/usr/games:/usr/local/games:/snap/bin:/snap/bin'), ('SESSION_MANAGER', 'local/matsunagah-NUC13ANH-B:@/tmp/.ICE-unix/2206,unix/matsunagah-NUC13ANH-B:/tmp/.ICE-unix/2206'), ('INVOCATION_ID', '741cca31c22a48bea7c1cb2486f1ecb7'), ('PAPERSIZE', 'a4'), ('XDG_MENU_PREFIX', 'gnome-'), ('LC_ADDRESS', 'ja_JP.UTF-8'), ('GNOME_SETUP_DISPLAY', ':1'), ('XDG_RUNTIME_DIR', '/run/user/1000'), ('DISPLAY', ':0'), ('TERMINATOR_DBUS_PATH', '/net/tenshu/Terminator2'), ('LANG', 'ja_JP.UTF-8'), ('XDG_CURRENT_DESKTOP', 'ubuntu:GNOME'), ('IBUS_DISABLE_SNOOPER', '1'), ('LC_TELEPHONE', 'ja_JP.UTF-8'), ('XMODIFIERS', '@im=ibus'), ('XDG_SESSION_DESKTOP', 'ubuntu'), ('XAUTHORITY', '/run/user/1000/.mutter-Xwaylandauth.VC0T62'), ('LS_COLORS', 'rs=0:di=01;34:ln=01;36:mh=00:pi=40;33:so=01;35:do=01;35:bd=40;33;01:cd=40;33;01:or=40;31;01:mi=00:su=37;41:sg=30;43:ca=30;41:tw=30;42:ow=34;42:st=37;44:ex=01;32:*.tar=01;31:*.tgz=01;31:*.arc=01;31:*.arj=01;31:*.taz=01;31:*.lha=01;31:*.lz4=01;31:*.lzh=01;31:*.lzma=01;31:*.tlz=01;31:*.txz=01;31:*.tzo=01;31:*.t7z=01;31:*.zip=01;31:*.z=01;31:*.dz=01;31:*.gz=01;31:*.lrz=01;31:*.lz=01;31:*.lzo=01;31:*.xz=01;31:*.zst=01;31:*.tzst=01;31:*.bz2=01;31:*.bz=01;31:*.tbz=01;31:*.tbz2=01;31:*.tz=01;31:*.deb=01;31:*.rpm=01;31:*.jar=01;31:*.war=01;31:*.ear=01;31:*.sar=01;31:*.rar=01;31:*.alz=01;31:*.ace=01;31:*.zoo=01;31:*.cpio=01;31:*.7z=01;31:*.rz=01;31:*.cab=01;31:*.wim=01;31:*.swm=01;31:*.dwm=01;31:*.esd=01;31:*.jpg=01;35:*.jpeg=01;35:*.mjpg=01;35:*.mjpeg=01;35:*.gif=01;35:*.bmp=01;35:*.pbm=01;35:*.pgm=01;35:*.ppm=01;35:*.tga=01;35:*.xbm=01;35:*.xpm=01;35:*.tif=01;35:*.tiff=01;35:*.png=01;35:*.svg=01;35:*.svgz=01;35:*.mng=01;35:*.pcx=01;35:*.mov=01;35:*.mpg=01;35:*.mpeg=01;35:*.m2v=01;35:*.mkv=01;35:*.webm=01;35:*.webp=01;35:*.ogm=01;35:*.mp4=01;35:*.m4v=01;35:*.mp4v=01;35:*.vob=01;35:*.qt=01;35:*.nuv=01;35:*.wmv=01;35:*.asf=01;35:*.rm=01;35:*.rmvb=01;35:*.flc=01;35:*.avi=01;35:*.fli=01;35:*.flv=01;35:*.gl=01;35:*.dl=01;35:*.xcf=01;35:*.xwd=01;35:*.yuv=01;35:*.cgm=01;35:*.emf=01;35:*.ogv=01;35:*.ogx=01;35:*.aac=00;36:*.au=00;36:*.flac=00;36:*.m4a=00;36:*.mid=00;36:*.midi=00;36:*.mka=00;36:*.mp3=00;36:*.mpc=00;36:*.ogg=00;36:*.ra=00;36:*.wav=00;36:*.oga=00;36:*.opus=00;36:*.spx=00;36:*.xspf=00;36:'), ('SSH_AGENT_LAUNCHER', 'gnome-keyring'), ('SSH_AUTH_SOCK', '/run/user/1000/keyring/ssh'), ('AMENT_PREFIX_PATH', '/home/matsunaga-h/pickup_ws/install/yolo_ros:/home/matsunaga-h/pickup_ws/install/yolo_msgs:/home/matsunaga-h/pickup_ws/install/vacuum_switch:/home/matsunaga-h/pickup_ws/install/my_package:/home/matsunaga-h/pickup_ws/install/air_pkg:/opt/ros/humble'), ('SHELL', '/bin/bash'), ('LC_NAME', 'ja_JP.UTF-8'), ('TERMINATOR_UUID', 'urn:uuid:9183111f-79a4-4828-929a-6d6d10820a9e'), ('QT_ACCESSIBILITY', '1'), ('GDMSESSION', 'ubuntu'), ('LESSCLOSE', '/usr/bin/lesspipe %s %s'), ('LC_MEASUREMENT', 'ja_JP.UTF-8'), ('GJS_DEBUG_OUTPUT', 'stderr'), ('LC_IDENTIFICATION', 'ja_JP.UTF-8'), ('QT_IM_MODULE', 'ibus'), ('PWD', '/home/matsunaga-h/pickup_ws/build/yolo_bringup'), ('LC_ALL', 'en_US.UTF-8'), ('XDG_CONFIG_DIRS', '/etc/xdg/xdg-ubuntu:/etc/xdg'), ('XDG_DATA_DIRS', '/usr/share/ubuntu:/usr/local/share/:/usr/share/:/var/lib/snapd/desktop'), ('PYTHONPATH', '/home/matsunaga-h/pickup_ws/install/yolo_ros/lib/python3.10/site-packages:/home/matsunaga-h/pickup_ws/install/yolo_msgs/local/lib/python3.10/dist-packages:/home/matsunaga-h/pickup_ws/install/vacuum_switch/lib/python3.10/site-packages:/home/matsunaga-h/pickup_ws/install/my_package/lib/python3.10/site-packages:/home/matsunaga-h/pickup_ws/install/air_pkg/lib/python3.10/site-packages:/opt/ros/humble/lib/python3.10/site-packages:/opt/ros/humble/local/lib/python3.10/dist-packages'), ('LC_NUMERIC', 'ja_JP.UTF-8'), ('LC_PAPER', 'ja_JP.UTF-8'), ('COLCON', '1'), ('VTE_VERSION', '6800'), ('CMAKE_PREFIX_PATH', '/home/matsunaga-h/pickup_ws/install/yolo_msgs:/home/matsunaga-h/pickup_ws/install/vacuum_switch:/home/matsunaga-h/pickup_ws/install/my_package:/home/matsunaga-h/pickup_ws/install/air_pkg:/opt/ros/humble')]), 'shell': False}
[1.194523] (yolo_bringup) CommandEnded: {'returncode': 0}
[1.195126] (yolo_bringup) JobProgress: {'identifier': 'yolo_bringup', 'progress': 'install'}
[1.195364] (yolo_bringup) Command: {'cmd': ['/usr/bin/cmake', '--install', '/home/matsunaga-h/pickup_ws/build/yolo_bringup'], 'cwd': '/home/matsunaga-h/pickup_ws/build/yolo_bringup', 'env': OrderedDict([('GJS_DEBUG_TOPICS', 'JS ERROR;JS LOG'), ('LESSOPEN', '| /usr/bin/lesspipe %s'), ('LANGUAGE', 'ja:en'), ('USER', 'matsunaga-h'), ('LC_TIME', 'ja_JP.UTF-8'), ('XDG_SESSION_TYPE', 'wayland'), ('SHLVL', '1'), ('LD_LIBRARY_PATH', '/home/matsunaga-h/pickup_ws/install/yolo_msgs/lib:/opt/ros/humble/opt/rviz_ogre_vendor/lib:/opt/ros/humble/lib/x86_64-linux-gnu:/opt/ros/humble/lib'), ('HOME', '/home/matsunaga-h'), ('OLDPWD', '/home/matsunaga-h'), ('DESKTOP_SESSION', 'ubuntu'), ('ROS_PYTHON_VERSION', '3'), ('GNOME_SHELL_SESSION_MODE', 'ubuntu'), ('GTK_MODULES', 'gail:atk-bridge'), ('LC_MONETARY', 'ja_JP.UTF-8'), ('MANAGERPID', '2068'), ('SYSTEMD_EXEC_PID', '2236'), ('DBUS_SESSION_BUS_ADDRESS', 'unix:path=/run/user/1000/bus'), ('COLORTERM', 'truecolor'), ('TERMINATOR_DBUS_NAME', 'net.tenshu.Terminator25ef4b219e3b005583550f2b0f9f990c3'), ('IM_CONFIG_PHASE', '1'), ('WAYLAND_DISPLAY', 'wayland-0'), ('COLCON_PREFIX_PATH', '/home/matsunaga-h/pickup_ws/install'), ('ROS_DISTRO', 'humble'), ('LOGNAME', 'matsunaga-h'), ('JOURNAL_STREAM', '8:15755'), ('_', '/usr/bin/colcon'), ('ROS_VERSION', '2'), ('XDG_SESSION_CLASS', 'user'), ('USERNAME', 'matsunaga-h'), ('TERM', 'xterm-256color'), ('GNOME_DESKTOP_SESSION_ID', 'this-is-deprecated'), ('ROS_LOCALHOST_ONLY', '0'), ('PATH', '/opt/ros/humble/bin:/home/matsunaga-h/.local/bin:/usr/local/sbin:/usr/local/bin:/usr/sbin:/usr/bin:/sbin:/bin:/usr/games:/usr/local/games:/snap/bin:/snap/bin'), ('SESSION_MANAGER', 'local/matsunagah-NUC13ANH-B:@/tmp/.ICE-unix/2206,unix/matsunagah-NUC13ANH-B:/tmp/.ICE-unix/2206'), ('INVOCATION_ID', '741cca31c22a48bea7c1cb2486f1ecb7'), ('PAPERSIZE', 'a4'), ('XDG_MENU_PREFIX', 'gnome-'), ('LC_ADDRESS', 'ja_JP.UTF-8'), ('GNOME_SETUP_DISPLAY', ':1'), ('XDG_RUNTIME_DIR', '/run/user/1000'), ('DISPLAY', ':0'), ('TERMINATOR_DBUS_PATH', '/net/tenshu/Terminator2'), ('LANG', 'ja_JP.UTF-8'), ('XDG_CURRENT_DESKTOP', 'ubuntu:GNOME'), ('IBUS_DISABLE_SNOOPER', '1'), ('LC_TELEPHONE', 'ja_JP.UTF-8'), ('XMODIFIERS', '@im=ibus'), ('XDG_SESSION_DESKTOP', 'ubuntu'), ('XAUTHORITY', '/run/user/1000/.mutter-Xwaylandauth.VC0T62'), ('LS_COLORS', 'rs=0:di=01;34:ln=01;36:mh=00:pi=40;33:so=01;35:do=01;35:bd=40;33;01:cd=40;33;01:or=40;31;01:mi=00:su=37;41:sg=30;43:ca=30;41:tw=30;42:ow=34;42:st=37;44:ex=01;32:*.tar=01;31:*.tgz=01;31:*.arc=01;31:*.arj=01;31:*.taz=01;31:*.lha=01;31:*.lz4=01;31:*.lzh=01;31:*.lzma=01;31:*.tlz=01;31:*.txz=01;31:*.tzo=01;31:*.t7z=01;31:*.zip=01;31:*.z=01;31:*.dz=01;31:*.gz=01;31:*.lrz=01;31:*.lz=01;31:*.lzo=01;31:*.xz=01;31:*.zst=01;31:*.tzst=01;31:*.bz2=01;31:*.bz=01;31:*.tbz=01;31:*.tbz2=01;31:*.tz=01;31:*.deb=01;31:*.rpm=01;31:*.jar=01;31:*.war=01;31:*.ear=01;31:*.sar=01;31:*.rar=01;31:*.alz=01;31:*.ace=01;31:*.zoo=01;31:*.cpio=01;31:*.7z=01;31:*.rz=01;31:*.cab=01;31:*.wim=01;31:*.swm=01;31:*.dwm=01;31:*.esd=01;31:*.jpg=01;35:*.jpeg=01;35:*.mjpg=01;35:*.mjpeg=01;35:*.gif=01;35:*.bmp=01;35:*.pbm=01;35:*.pgm=01;35:*.ppm=01;35:*.tga=01;35:*.xbm=01;35:*.xpm=01;35:*.tif=01;35:*.tiff=01;35:*.png=01;35:*.svg=01;35:*.svgz=01;35:*.mng=01;35:*.pcx=01;35:*.mov=01;35:*.mpg=01;35:*.mpeg=01;35:*.m2v=01;35:*.mkv=01;35:*.webm=01;35:*.webp=01;35:*.ogm=01;35:*.mp4=01;35:*.m4v=01;35:*.mp4v=01;35:*.vob=01;35:*.qt=01;35:*.nuv=01;35:*.wmv=01;35:*.asf=01;35:*.rm=01;35:*.rmvb=01;35:*.flc=01;35:*.avi=01;35:*.fli=01;35:*.flv=01;35:*.gl=01;35:*.dl=01;35:*.xcf=01;35:*.xwd=01;35:*.yuv=01;35:*.cgm=01;35:*.emf=01;35:*.ogv=01;35:*.ogx=01;35:*.aac=00;36:*.au=00;36:*.flac=00;36:*.m4a=00;36:*.mid=00;36:*.midi=00;36:*.mka=00;36:*.mp3=00;36:*.mpc=00;36:*.ogg=00;36:*.ra=00;36:*.wav=00;36:*.oga=00;36:*.opus=00;36:*.spx=00;36:*.xspf=00;36:'), ('SSH_AGENT_LAUNCHER', 'gnome-keyring'), ('SSH_AUTH_SOCK', '/run/user/1000/keyring/ssh'), ('AMENT_PREFIX_PATH', '/home/matsunaga-h/pickup_ws/install/yolo_ros:/home/matsunaga-h/pickup_ws/install/yolo_msgs:/home/matsunaga-h/pickup_ws/install/vacuum_switch:/home/matsunaga-h/pickup_ws/install/my_package:/home/matsunaga-h/pickup_ws/install/air_pkg:/opt/ros/humble'), ('SHELL', '/bin/bash'), ('LC_NAME', 'ja_JP.UTF-8'), ('TERMINATOR_UUID', 'urn:uuid:9183111f-79a4-4828-929a-6d6d10820a9e'), ('QT_ACCESSIBILITY', '1'), ('GDMSESSION', 'ubuntu'), ('LESSCLOSE', '/usr/bin/lesspipe %s %s'), ('LC_MEASUREMENT', 'ja_JP.UTF-8'), ('GJS_DEBUG_OUTPUT', 'stderr'), ('LC_IDENTIFICATION', 'ja_JP.UTF-8'), ('QT_IM_MODULE', 'ibus'), ('PWD', '/home/matsunaga-h/pickup_ws/build/yolo_bringup'), ('LC_ALL', 'en_US.UTF-8'), ('XDG_CONFIG_DIRS', '/etc/xdg/xdg-ubuntu:/etc/xdg'), ('XDG_DATA_DIRS', '/usr/share/ubuntu:/usr/local/share/:/usr/share/:/var/lib/snapd/desktop'), ('PYTHONPATH', '/home/matsunaga-h/pickup_ws/install/yolo_ros/lib/python3.10/site-packages:/home/matsunaga-h/pickup_ws/install/yolo_msgs/local/lib/python3.10/dist-packages:/home/matsunaga-h/pickup_ws/install/vacuum_switch/lib/python3.10/site-packages:/home/matsunaga-h/pickup_ws/install/my_package/lib/python3.10/site-packages:/home/matsunaga-h/pickup_ws/install/air_pkg/lib/python3.10/site-packages:/opt/ros/humble/lib/python3.10/site-packages:/opt/ros/humble/local/lib/python3.10/dist-packages'), ('LC_NUMERIC', 'ja_JP.UTF-8'), ('LC_PAPER', 'ja_JP.UTF-8'), ('COLCON', '1'), ('VTE_VERSION', '6800'), ('CMAKE_PREFIX_PATH', '/home/matsunaga-h/pickup_ws/install/yolo_msgs:/home/matsunaga-h/pickup_ws/install/vacuum_switch:/home/matsunaga-h/pickup_ws/install/my_package:/home/matsunaga-h/pickup_ws/install/air_pkg:/opt/ros/humble')]), 'shell': False}
[1.201701] (yolo_bringup) StdoutLine: {'line': b'-- Install configuration: ""\n'}
[1.201965] (-) TimerEvent: {}
[1.202126] (yolo_bringup) StdoutLine: {'line': b'-- Up-to-date: /home/matsunaga-h/pickup_ws/install/yolo_bringup/share/yolo_bringup//launch\n'}
[1.202233] (yolo_bringup) StdoutLine: {'line': b'-- Up-to-date: /home/matsunaga-h/pickup_ws/install/yolo_bringup/share/yolo_bringup//launch/yolo.launch.py\n'}
[1.202322] (yolo_bringup) StdoutLine: {'line': b'-- Up-to-date: /home/matsunaga-h/pickup_ws/install/yolo_bringup/share/yolo_bringup//launch/yolov5.launch.py\n'}
[1.202409] (yolo_bringup) StdoutLine: {'line': b'-- Up-to-date: /home/matsunaga-h/pickup_ws/install/yolo_bringup/share/yolo_bringup//launch/yolov8.launch.py\n'}
[1.202504] (yolo_bringup) StdoutLine: {'line': b'-- Up-to-date: /home/matsunaga-h/pickup_ws/install/yolo_bringup/share/yolo_bringup//launch/yolo-world.launch.py\n'}
[1.202618] (yolo_bringup) StdoutLine: {'line': b'-- Up-to-date: /home/matsunaga-h/pickup_ws/install/yolo_bringup/share/yolo_bringup//launch/yolov9.launch.py\n'}
[1.202706] (yolo_bringup) StdoutLine: {'line': b'-- Up-to-date: /home/matsunaga-h/pickup_ws/install/yolo_bringup/share/yolo_bringup//launch/yolov10.launch.py\n'}
[1.202792] (yolo_bringup) StdoutLine: {'line': b'-- Up-to-date: /home/matsunaga-h/pickup_ws/install/yolo_bringup/share/yolo_bringup//launch/yolov12.launch.py\n'}
[1.202880] (yolo_bringup) StdoutLine: {'line': b'-- Up-to-date: /home/matsunaga-h/pickup_ws/install/yolo_bringup/share/yolo_bringup//launch/yolov11.launch.py\n'}
[1.202975] (yolo_bringup) StdoutLine: {'line': b'-- Up-to-date: /home/matsunaga-h/pickup_ws/install/yolo_bringup/share/ament_index/resource_index/package_run_dependencies/yolo_bringup\n'}
[1.203107] (yolo_bringup) StdoutLine: {'line': b'-- Up-to-date: /home/matsunaga-h/pickup_ws/install/yolo_bringup/share/ament_index/resource_index/parent_prefix_path/yolo_bringup\n'}
[1.203364] (yolo_bringup) StdoutLine: {'line': b'-- Up-to-date: /home/matsunaga-h/pickup_ws/install/yolo_bringup/share/yolo_bringup/environment/ament_prefix_path.sh\n'}
[1.204175] (yolo_bringup) StdoutLine: {'line': b'-- Up-to-date: /home/matsunaga-h/pickup_ws/install/yolo_bringup/share/yolo_bringup/environment/ament_prefix_path.dsv\n'}
[1.204293] (yolo_bringup) StdoutLine: {'line': b'-- Up-to-date: /home/matsunaga-h/pickup_ws/install/yolo_bringup/share/yolo_bringup/environment/path.sh\n'}
[1.204352] (yolo_bringup) StdoutLine: {'line': b'-- Up-to-date: /home/matsunaga-h/pickup_ws/install/yolo_bringup/share/yolo_bringup/environment/path.dsv\n'}
[1.204428] (yolo_bringup) StdoutLine: {'line': b'-- Up-to-date: /home/matsunaga-h/pickup_ws/install/yolo_bringup/share/yolo_bringup/local_setup.bash\n'}
[1.204510] (yolo_bringup) StdoutLine: {'line': b'-- Up-to-date: /home/matsunaga-h/pickup_ws/install/yolo_bringup/share/yolo_bringup/local_setup.sh\n'}
[1.204636] (yolo_bringup) StdoutLine: {'line': b'-- Up-to-date: /home/matsunaga-h/pickup_ws/install/yolo_bringup/share/yolo_bringup/local_setup.zsh\n'}
[1.204774] (yolo_bringup) StdoutLine: {'line': b'-- Up-to-date: /home/matsunaga-h/pickup_ws/install/yolo_bringup/share/yolo_bringup/local_setup.dsv\n'}
[1.204902] (yolo_bringup) StdoutLine: {'line': b'-- Up-to-date: /home/matsunaga-h/pickup_ws/install/yolo_bringup/share/yolo_bringup/package.dsv\n'}
[1.205008] (yolo_bringup) StdoutLine: {'line': b'-- Up-to-date: /home/matsunaga-h/pickup_ws/install/yolo_bringup/share/ament_index/resource_index/packages/yolo_bringup\n'}
[1.205148] (yolo_bringup) StdoutLine: {'line': b'-- Up-to-date: /home/matsunaga-h/pickup_ws/install/yolo_bringup/share/yolo_bringup/cmake/yolo_bringupConfig.cmake\n'}
[1.205279] (yolo_bringup) StdoutLine: {'line': b'-- Up-to-date: /home/matsunaga-h/pickup_ws/install/yolo_bringup/share/yolo_bringup/cmake/yolo_bringupConfig-version.cmake\n'}
[1.205389] (yolo_bringup) StdoutLine: {'line': b'-- Up-to-date: /home/matsunaga-h/pickup_ws/install/yolo_bringup/share/yolo_bringup/package.xml\n'}
[1.205923] (yolo_bringup) CommandEnded: {'returncode': 0}
[1.212250] (yolo_bringup) JobEnded: {'identifier': 'yolo_bringup', 'rc': 0}
[1.212682] (-) EventReactorShutdown: {}
