timestamp,motor1,motor2,motor3,motor4,motor5,motor6,motor7,motor8,motor9,motor10,marker_id,x,y,z,qx,qy,qz,qw
1759043721.7208395,265.25,268.239990234375,212.77999877929688,93.43000030517578,32.70000076293945,47.02000045776367,203.5500030517578,163.0399932861328,95.88999938964844,355.6099853515625,0,-0.1426818915184358,0.21401998036683026,0.7148280495037008,0.9818970433025616,0.011837593161875132,-0.1160077143054825,0.14926579636152162
1759043721.7800028,265.25,268.239990234375,212.77999877929688,93.43000030517578,32.70000076293945,47.02000045776367,217.27000427246094,176.9199981689453,109.77999877929688,355.6099853515625,0,-0.14578739558213333,0.21279116650125163,0.7274848041038817,0.9763141312891891,0.034627450981483704,-0.09010363199988192,0.19363107236182647
1759043721.913146,265.25,268.239990234375,212.77999877929688,93.43000030517578,32.70000076293945,47.02000045776367,217.27000427246094,176.9199981689453,109.77999877929688,355.6099853515625,0,-0.14915932450873856,0.21522587999269852,0.7534946786795872,0.9864789494888357,0.02434184627988248,-0.043106678428985745,0.15623242624343306
1759043721.9465442,265.25,268.239990234375,212.77999877929688,93.43000030517578,32.70000076293945,47.02000045776367,224.3800048828125,182.63999938964844,123.56999969482422,355.6099853515625,0,-0.14765475511063145,0.2133239828628906,0.7489679818879202,0.9843929238705048,0.05404182536811475,-0.04197326424557421,0.1621366634451687
1759043722.0126734,265.25,268.239990234375,212.77999877929688,93.43000030517578,32.70000076293945,47.02000045776367,224.3800048828125,182.63999938964844,123.56999969482422,355.6099853515625,0,-0.1417554053275881,0.20574228399165406,0.7253762769006636,0.9568965188688724,0.09397378314032317,0.260881621541656,0.08636411176365731
1759043722.046934,265.25,268.239990234375,212.77999877929688,93.43000030517578,32.70000076293945,47.02000045776367,224.3800048828125,182.63999938964844,123.56999969482422,355.6099853515625,0,-0.1454101374848212,0.2125147090084079,0.7482813890370648,0.9761637546370014,0.021237525934199808,-0.09959189752752694,0.19166310435775827
1759043722.1456661,265.25,268.3299865722656,212.77999877929688,93.43000030517578,32.70000076293945,47.02000045776367,224.3800048828125,182.63999938964844,136.85000610351562,355.6099853515625,0,-0.13942254766240073,0.20694312520868166,0.725466447388471,0.9575930973237967,0.09405082702995649,0.2584555297766364,0.08585243747662052
1759043722.3480797,265.3399963378906,268.4200134277344,212.77999877929688,93.43000030517578,32.70000076293945,47.11000061035156,224.3800048828125,182.63999938964844,149.77000427246094,355.6099853515625,0,-0.13841420631193974,0.2107214725700788,0.7263398519040505,0.9582165125956512,0.09418752927900699,0.2554854976452597,0.08761840451810628
1759043722.4455326,265.3399963378906,268.4200134277344,212.77999877929688,93.43000030517578,32.70000076293945,47.11000061035156,224.3800048828125,182.63999938964844,149.77000427246094,355.6099853515625,0,-0.14410063295425,0.2158796674228578,0.7494200998776211,0.9837748331176708,0.054095056003767544,-0.04163804574402731,0.1659128560023801
1759043722.5121179,265.3399963378906,268.4200134277344,212.77999877929688,93.43000030517578,32.70000076293945,47.11000061035156,224.3800048828125,182.63999938964844,149.77000427246094,355.6099853515625,0,-0.14171617782765397,0.20696777100108457,0.7297347748402687,0.9435586165891483,0.08727172363262693,0.29216223576732575,0.12931361608895184
1759043722.5461988,265.3399963378906,268.4200134277344,212.77999877929688,93.43000030517578,32.70000076293945,47.11000061035156,224.3800048828125,182.63999938964844,162.9499969482422,355.6099853515625,0,-0.14382801732126774,0.20651067409645624,0.7355770013680056,0.9672629583101152,0.02633563436975156,-0.07936226535666048,0.2396047467830432
1759043722.6135986,265.3399963378906,268.4200134277344,212.77999877929688,93.43000030517578,32.70000076293945,47.11000061035156,224.3800048828125,182.63999938964844,162.9499969482422,355.6099853515625,0,-0.14166449911507492,0.1965463950866609,0.7175179298787725,0.9445875630264611,0.10879925195859536,0.3045438156416767,0.056303844481438936
1759043722.645533,265.3399963378906,268.4200134277344,212.77999877929688,93.43000030517578,32.70000076293945,47.11000061035156,224.3800048828125,182.63999938964844,162.9499969482422,355.6099853515625,0,-0.15137771315612597,0.2064735086431915,0.7650741347056552,0.953427016842439,0.09891014171889967,0.27478361516013156,0.07541665770639454
1759043722.6796305,265.3399963378906,268.4200134277344,212.77999877929688,93.43000030517578,32.70000076293945,47.11000061035156,224.3800048828125,182.63999938964844,162.9499969482422,355.6099853515625,0,-0.14670405395271005,0.19625079086165287,0.7395229009857488,0.9753900206520929,0.05133637774748889,-0.10420617418764165,0.1874031941916994
1759043722.7135272,265.3399963378906,268.4200134277344,212.77999877929688,93.43000030517578,32.70000076293945,47.11000061035156,224.3800048828125,182.63999938964844,162.9499969482422,355.6099853515625,0,-0.1500311278523268,0.19767856522003677,0.7551092567268038,0.9746833570345353,0.09090806567447683,0.2008438925175421,0.03728012813303538
1759043722.7792156,265.3399963378906,268.510009765625,212.77999877929688,93.43000030517578,32.70000076293945,47.11000061035156,225.0,182.63999938964844,176.39999389648438,355.6099853515625,0,-0.14984097206056343,0.19181521359448458,0.7538864667500993,0.9740280211304337,0.04343167999462824,-0.032548917146669805,0.2198264570477243
1759043722.8127897,265.3399963378906,268.510009765625,212.77999877929688,93.43000030517578,32.70000076293945,47.11000061035156,225.0,182.63999938964844,176.39999389648438,355.6099853515625,0,-0.14613753385591668,0.1847528308041257,0.736659916966707,0.975975697647839,0.05187091007191208,-0.10855519955494722,0.181649703932352
1759043722.9795694,265.42999267578125,268.510009765625,212.77999877929688,93.43000030517578,32.70000076293945,47.11000061035156,225.44000244140625,182.63999938964844,189.0500030517578,355.6099853515625,0,-0.14427794530059757,0.1771702913801747,0.7459921730976694,0.9592688908795325,0.10530319478119154,0.26162611743684516,0.01631584611805971
1759043723.146904,265.3399963378906,268.4200134277344,212.77999877929688,93.43000030517578,32.70000076293945,47.11000061035156,225.44000244140625,182.63999938964844,190.5500030517578,355.6099853515625,0,-0.14139060751576868,0.1734197779801854,0.7431018175349875,0.9674382726933406,0.043460228856678114,-0.1021839743927594,0.2274485269531346
1759043723.7266738,265.42999267578125,268.510009765625,212.77999877929688,93.43000030517578,32.70000076293945,47.11000061035156,225.44000244140625,182.63999938964844,190.5500030517578,355.6099853515625,0,-0.14275953331826455,0.17377222727280245,0.7230533293262197,0.9473931426235774,0.10233239937511457,0.30323442153241514,0.004816528402856374
1759043723.747901,265.42999267578125,268.510009765625,212.77999877929688,93.43000030517578,32.70000076293945,47.11000061035156,225.44000244140625,182.63999938964844,190.5500030517578,355.6099853515625,0,-0.14450071910510218,0.17585998848044515,0.7344015879628375,0.9762435240287445,0.0523759698261963,-0.11235102433546088,0.17771490344784396
1759043723.7813897,265.42999267578125,268.510009765625,212.77999877929688,93.43000030517578,32.70000076293945,47.11000061035156,225.44000244140625,182.63999938964844,190.5500030517578,355.6099853515625,0,-0.14183561636846995,0.1729690657907431,0.7223809648871015,0.9685172679985267,0.05652758029298139,-0.09239252085967832,0.22414851403496888
1759043723.814052,265.42999267578125,268.510009765625,212.77999877929688,93.43000030517578,32.70000076293945,47.11000061035156,225.44000244140625,182.63999938964844,190.5500030517578,355.6099853515625,0,-0.14557838999398806,0.1784907577185241,0.7464623087754539,0.9591886753706416,0.10540423016027028,0.2617947706907203,0.01762189955787639
1759043723.8804765,265.42999267578125,268.510009765625,212.77999877929688,93.43000030517578,32.70000076293945,47.11000061035156,225.44000244140625,182.63999938964844,190.5500030517578,355.6099853515625,0,-0.14128541687645751,0.17444678860510476,0.7285267304700906,0.966276216055669,0.05336234797511747,-0.15366487217382635,0.19962424993853392
1759043723.983573,265.42999267578125,268.510009765625,212.77999877929688,93.43000030517578,32.70000076293945,47.11000061035156,225.44000244140625,182.63999938964844,190.5500030517578,355.6099853515625,0,-0.14378463562725374,0.1789693517552324,0.7461591282953249,0.9691073878345975,0.04422798319982763,-0.09611572820218432,0.22279255629092004
1759043724.3283358,265.42999267578125,268.510009765625,212.77999877929688,93.43000030517578,32.70000076293945,47.11000061035156,225.44000244140625,182.63999938964844,190.5500030517578,355.6099853515625,0,-0.14188826609218008,0.17420388032170434,0.7226499445118255,0.9683857816017123,0.05646048377527216,-0.09193862971911068,0.2249188300896019
1759043724.3518853,265.42999267578125,268.510009765625,212.77999877929688,93.43000030517578,32.70000076293945,47.11000061035156,225.44000244140625,182.63999938964844,190.5500030517578,355.6099853515625,0,-0.14688090906258566,0.17981341251541777,0.7469352242804366,0.9591081032574488,0.10550252818364182,0.2619587724192897,0.01893315518707011
1759043724.4480894,265.42999267578125,268.510009765625,212.77999877929688,93.43000030517578,32.70000076293945,47.11000061035156,225.44000244140625,182.63999938964844,190.5500030517578,355.6099853515625,0,-0.14227047889240318,0.1737156882729274,0.7230576952881282,0.9627890476976723,0.028998575195339993,-0.13490163604454092,0.2323744410699159
1759043724.5533817,265.42999267578125,268.510009765625,212.77999877929688,93.43000030517578,32.70000076293945,47.11000061035156,225.44000244140625,182.63999938964844,190.5500030517578,355.6099853515625,0,-0.14688090906258566,0.17981341251541777,0.7469352242804366,0.9591081032574488,0.10550252818364182,0.2619587724192897,0.01893315518707011
1759043724.647914,265.42999267578125,268.510009765625,212.77999877929688,93.43000030517578,32.70000076293945,47.11000061035156,225.44000244140625,182.63999938964844,190.5500030517578,355.6099853515625,0,-0.14067986718967643,0.1741571799267956,0.7224568368818949,0.9681957777551868,0.05649198214807105,-0.09269701279867791,0.22541707057854504
1759043724.680903,265.42999267578125,268.510009765625,212.77999877929688,93.43000030517578,32.70000076293945,47.11000061035156,225.44000244140625,182.63999938964844,190.5500030517578,355.6099853515625,0,-0.1447017501704383,0.18057150286301477,0.7450633848607173,0.9589090295737404,0.10649032411568182,0.26271597526067975,0.011558555900912882
1759043724.747227,265.42999267578125,268.510009765625,212.77999877929688,93.43000030517578,32.70000076293945,47.11000061035156,225.44000244140625,182.63999938964844,190.5500030517578,355.6099853515625,0,-0.1399159858238574,0.17487227865892832,0.7229987200185262,0.9622667378356088,0.02900536352348121,-0.13596219664427078,0.23391386283363189
1759043724.7870955,265.42999267578125,268.510009765625,212.77999877929688,93.43000030517578,32.70000076293945,47.11000061035156,225.44000244140625,182.63999938964844,190.5500030517578,355.6099853515625,0,-0.14899895029775154,0.1862619383094648,0.7700442113399328,0.972720035017582,0.06028056228097306,-0.04394025118807062,0.21966165257507536
1759043724.8140402,265.42999267578125,268.510009765625,212.77999877929688,93.43000030517578,32.70000076293945,47.11000061035156,225.44000244140625,182.63999938964844,190.5500030517578,355.6099853515625,0,-0.1434563007651418,0.18052341934817973,0.7448643638124172,0.959122141408584,0.10646531757667138,0.2619712409025405,0.010996497310238936
1759043724.9508533,265.42999267578125,268.510009765625,212.77999877929688,93.43000030517578,32.70000076293945,47.11000061035156,225.44000244140625,182.63999938964844,190.6300048828125,355.6099853515625,0,-0.1415124407549376,0.17703233542697694,0.7343323208741659,0.9757679838975618,0.052304455759988024,-0.11313751762248035,0.1798360019972697
1759043725.014799,265.42999267578125,268.510009765625,212.77999877929688,93.43000030517578,32.70000076293945,47.11000061035156,225.44000244140625,182.63999938964844,190.6300048828125,355.6099853515625,0,-0.14438649431061867,0.1797214555364606,0.746551968429094,0.9595499002972577,0.10546501400214942,0.26043229383057265,0.017780325958642304
1759043725.0815835,265.42999267578125,268.510009765625,212.77999877929688,93.43000030517578,32.70000076293945,47.11000061035156,225.44000244140625,182.63999938964844,190.6300048828125,355.6099853515625,0,-0.1477122849191615,0.18270607211122405,0.7589915589878792,0.9520506092092824,0.09755129820329256,0.2838912645653388,0.05906887189187991
1759043725.121087,265.42999267578125,268.510009765625,212.77999877929688,93.43000030517578,32.70000076293945,47.11000061035156,225.44000244140625,182.63999938964844,190.6300048828125,355.6099853515625,0,-0.14563342985913091,0.17976748329543576,0.7467438004291376,0.9593298494481548,0.10548414942750384,0.2611941625068889,0.018356024887257336
1759043725.222611,265.42999267578125,268.510009765625,212.77999877929688,93.43000030517578,32.70000076293945,47.11000061035156,225.44000244140625,182.63999938964844,190.72000122070312,355.6099853515625,0,-0.14188826609218008,0.17420388032170434,0.7226499445118255,0.9683857816017123,0.05646048377527216,-0.09193862971911068,0.2249188300896019
1759043725.5199018,265.42999267578125,268.510009765625,212.77999877929688,93.43000030517578,32.70000076293945,47.11000061035156,225.44000244140625,182.63999938964844,190.72000122070312,355.6099853515625,0,-0.1447017501704383,0.18057150286301477,0.7450633848607173,0.9589090295737404,0.10649032411568182,0.26271597526067975,0.011558555900912882
1759043725.6483965,265.42999267578125,268.510009765625,212.77999877929688,93.43000030517578,32.70000076293945,47.11000061035156,225.35000610351562,182.63999938964844,190.72000122070312,355.6099853515625,0,-0.14026691687697249,0.17497219507181921,0.7267745505741281,-0.9608198517696507,-0.1149365385542342,-0.250334641575753,0.030779405089392753
1759043725.9721491,265.42999267578125,268.510009765625,212.77999877929688,93.43000030517578,32.70000076293945,47.11000061035156,225.44000244140625,182.63999938964844,190.72000122070312,355.6099853515625,0,-0.14594784084880358,0.18061958536479789,0.74526240380817,0.9586942524262658,0.1065144088036209,0.26346355745330263,0.012122911206010266
1759043726.2960424,265.42999267578125,268.510009765625,212.77999877929688,93.43000030517578,32.70000076293945,47.11000061035156,225.44000244140625,182.63999938964844,190.72000122070312,355.6099853515625,0,-0.14334769759881816,0.17709503442352947,0.734591217765672,0.9760199036630615,0.052319645690122575,-0.1125329663158212,0.17884108538188453
1759043726.3231747,265.42999267578125,268.510009765625,212.77999877929688,93.43000030517578,32.70000076293945,47.11000061035156,225.44000244140625,182.63999938964844,190.72000122070312,355.6099853515625,0,-0.14067986718967643,0.1741571799267956,0.7224568368818949,0.9681957777551868,0.05649198214807105,-0.09269701279867791,0.22541707057854504
1759043726.3489072,265.42999267578125,268.510009765625,212.77999877929688,93.43000030517578,32.70000076293945,47.11000061035156,225.44000244140625,182.63999938964844,190.72000122070312,355.6099853515625,0,-0.1427243715048735,0.17705997993843822,0.7344463972313019,0.9759326679795673,0.05228683946244814,-0.11250737835900637,0.179342141740571
1759043726.5893545,265.42999267578125,268.510009765625,212.77999877929688,93.43000030517578,32.70000076293945,47.11000061035156,225.44000244140625,182.63999938964844,190.72000122070312,355.6099853515625,0,-0.1456376884353675,0.18137330340485924,0.7510979155628451,0.9747809563228423,0.04349601279982557,-0.04032551755382936,0.21513725083039
1759043726.682567,265.42999267578125,268.510009765625,212.77999877929688,93.43000030517578,32.70000076293945,47.11000061035156,225.44000244140625,182.63999938964844,190.72000122070312,355.6099853515625,0,-0.1502930497219849,0.18631979686067204,0.7702826421075916,0.9729048514761908,0.06028124156706722,-0.043092505211445385,0.21900994928045106
1759043726.714738,265.42999267578125,268.510009765625,212.77999877929688,93.43000030517578,32.70000076293945,47.11000061035156,225.44000244140625,182.63999938964844,190.72000122070312,355.6099853515625,0,-0.14568865385591281,0.1810453520565269,0.7470262308607821,0.9594711141134439,0.10556302468104295,0.26059034324434316,0.019086697197047024
1759043726.7487102,265.42999267578125,268.510009765625,212.77999877929688,93.43000030517578,32.70000076293945,47.11000061035156,225.44000244140625,182.63999938964844,195.1199951171875,355.6099853515625,0,-0.14568865385591281,0.1810453520565269,0.7470262308607821,0.9594711141134439,0.10556302468104295,0.26059034324434316,0.019086697197047024
1759043726.9268816,265.42999267578125,268.510009765625,212.77999877929688,93.43000030517578,32.70000076293945,47.11000061035156,225.44000244140625,182.63999938964844,195.1199951171875,355.6099853515625,0,-0.14226182907801982,0.1694835267961454,0.7274811644498442,0.96677589596656,0.0538053354720226,-0.15432918403904713,0.19654988121756806
1759043726.9837973,265.42999267578125,268.510009765625,212.77999877929688,93.43000030517578,32.70000076293945,47.11000061035156,225.44000244140625,182.63999938964844,208.9199981689453,355.6099853515625,0,-0.14480735807322806,0.166768593202533,0.7439950216340713,-0.9696408209803823,-0.1184786980536171,-0.2106394693053296,0.03728927951542181
1759043727.0489657,265.42999267578125,268.510009765625,212.77999877929688,93.43000030517578,32.70000076293945,47.11000061035156,225.44000244140625,182.63999938964844,208.9199981689453,355.6099853515625,0,-0.1473987251054162,0.16415856464916936,0.7601146921345735,0.9677537212937268,0.06173092917443673,-0.10739560030217496,0.21933584372176812
1759043727.1825242,265.42999267578125,268.510009765625,212.77999877929688,93.43000030517578,32.70000076293945,47.11000061035156,225.44000244140625,182.63999938964844,222.5399932861328,355.6099853515625,0,-0.14577723769970338,0.15512469173441598,0.7580817255945619,0.9684068283150181,0.062434692842444635,-0.11074109762933909,0.21453795304879245
1759043727.2817926,265.42999267578125,268.510009765625,212.77999877929688,93.43000030517578,32.70000076293945,47.11000061035156,225.44000244140625,182.63999938964844,222.5399932861328,355.6099853515625,0,-0.14949052748289218,0.15104523078880563,0.7843638973051679,-0.9647003396039417,-0.1238051119199004,-0.22554039705514956,0.05618788416327717
1759043727.3492696,265.42999267578125,268.510009765625,212.77999877929688,93.43000030517578,32.70000076293945,47.11000061035156,225.8800048828125,182.63999938964844,235.89999389648438,355.6099853515625,0,-0.1427395811283926,0.13753809524880342,0.7521079212795572,-0.9685024474222894,-0.12114257972962361,-0.1861869937248131,0.11252505534859177
1759043727.659854,265.42999267578125,268.510009765625,212.77999877929688,93.43000030517578,32.70000076293945,47.11000061035156,226.22999572753906,182.63999938964844,249.35000610351562,355.6099853515625,0,-0.1429640302317834,0.12418987341265462,0.7530023089966844,0.9497302417056472,0.07534488017040515,-0.11197144692337863,0.2824854192621724
1759043727.7491293,265.42999267578125,268.510009765625,212.77999877929688,93.43000030517578,32.869998931884766,47.11000061035156,226.22999572753906,182.63999938964844,262.7900085449219,355.6099853515625,0,-0.14207237121846508,0.12083452812621291,0.7486920923362352,-0.9482829722700885,-0.14544671946386392,-0.2735723825540132,0.0690130987822414
1759043727.9493647,265.42999267578125,268.510009765625,212.77999877929688,93.43000030517578,32.869998931884766,47.11000061035156,226.32000732421875,182.63999938964844,275.1000061035156,355.6099853515625,0,-0.14713412791487845,0.11243157606752116,0.7684362954066565,0.9640844196101008,0.10028059005413426,-0.0720612055191018,0.23514297306656534
1759043728.0503142,265.42999267578125,268.510009765625,212.77999877929688,93.43000030517578,32.869998931884766,47.11000061035156,226.32000732421875,182.63999938964844,275.1000061035156,355.6099853515625,0,-0.1436628024794032,0.10308161358929095,0.7502706374134629,0.9531796276095351,0.07735203368884908,-0.11482055578275224,0.26885219055102955
1759043728.1501467,265.5199890136719,268.510009765625,212.77999877929688,93.43000030517578,32.869998931884766,47.11000061035156,226.22999572753906,182.63999938964844,276.3299865722656,355.6099853515625,0,-0.14642204831824218,0.10076609773165257,0.7666002805160238,-0.9615057810070229,-0.13722321883367708,-0.1982578054566094,0.13179629690749659
1759043728.1839292,265.5199890136719,268.510009765625,212.77999877929688,93.43000030517578,32.869998931884766,47.11000061035156,226.22999572753906,182.63999938964844,276.3299865722656,355.6099853515625,0,-0.13816889855106204,0.09501049847801378,0.7249973358329559,-0.9468453383621669,-0.13779029753043542,-0.24332947709237884,0.15902359795406948
1759043728.2169554,265.5199890136719,268.510009765625,212.77999877929688,93.43000030517578,32.869998931884766,47.11000061035156,226.22999572753906,182.63999938964844,276.3299865722656,355.6099853515625,0,-0.14228001709470223,0.09810527387758268,0.7493875309649145,0.9537401969931318,0.07800064619758947,-0.11638220430200343,0.2659900719088354
1759043728.3525186,265.69000244140625,268.510009765625,212.77999877929688,93.43000030517578,32.959999084472656,47.11000061035156,226.32000732421875,182.63999938964844,276.3299865722656,355.6099853515625,0,-0.14414811678559278,0.10474062097541419,0.76912242271282,0.9559201432961637,0.09129368280310653,-0.0750224461881562,0.2688006244204671
1759043728.5596933,265.69000244140625,268.510009765625,212.77999877929688,93.43000030517578,32.959999084472656,47.11000061035156,226.32000732421875,182.63999938964844,276.3299865722656,355.6099853515625,0,-0.13924639814505027,0.10960731892478921,0.7465514521682401,-0.9471785095582617,-0.14408336881986789,-0.27612280146858825,0.07647909759958461
1759043728.8180625,265.69000244140625,268.510009765625,212.77999877929688,93.43000030517578,32.959999084472656,47.11000061035156,226.32000732421875,182.63999938964844,276.3299865722656,355.6099853515625,0,-0.13985228528872184,0.10221449816969055,0.7261420049522385,-0.9378938284117783,-0.1489829527866456,-0.27519776760155595,0.14975124411232787
1759043728.8850188,265.69000244140625,268.510009765625,212.77999877929688,93.43000030517578,32.959999084472656,47.11000061035156,226.32000732421875,182.63999938964844,276.3299865722656,355.6099853515625,0,-0.1449521317922023,0.10435004344882601,0.7506533057350959,0.953162037994508,0.07709605193387,-0.1138547294745194,0.26939827148415424
1759043728.9518204,265.69000244140625,268.510009765625,212.77999877929688,93.43000030517578,32.959999084472656,47.11000061035156,226.32000732421875,182.63999938964844,276.239990234375,355.6099853515625,0,-0.1393032143736834,0.10091173447464818,0.7259826875615601,0.9434830688308817,0.0793478551441944,-0.11299407769945678,0.301290482953456
1759043728.9864023,265.69000244140625,268.510009765625,212.77999877929688,93.43000030517578,32.959999084472656,47.11000061035156,226.32000732421875,182.63999938964844,276.239990234375,355.6099853515625,0,-0.14372799310051995,0.10555998345215852,0.7506122159256409,0.9528111647099905,0.07709515712654308,-0.11440894359794539,0.2704030598503414
1759043729.0511672,265.69000244140625,268.510009765625,212.77999877929688,93.43000030517578,32.959999084472656,47.11000061035156,226.32000732421875,182.63999938964844,276.239990234375,355.6099853515625,0,-0.13830943853483782,0.10215933857803078,0.7257327608648635,-0.9480110857000739,-0.13849339720741222,-0.24101302930986473,0.15494282823867553
1759043729.3350792,265.69000244140625,268.510009765625,212.77999877929688,93.43000030517578,32.959999084472656,47.11000061035156,226.32000732421875,182.63999938964844,276.239990234375,355.6099853515625,0,-0.14002387382518566,0.1079483456554992,0.7503142088127238,0.9519324974100671,0.07722161687833091,-0.11630133248140298,0.2726450849077954
1759043729.5854914,265.69000244140625,268.510009765625,212.77999877929688,93.43000030517578,32.959999084472656,47.11000061035156,226.22999572753906,182.63999938964844,276.239990234375,355.6099853515625,0,-0.13830943853483782,0.10215933857803078,0.7257327608648635,-0.9480110857000739,-0.13849339720741222,-0.24101302930986473,0.15494282823867553
1759043729.6522965,265.69000244140625,268.510009765625,212.77999877929688,93.43000030517578,32.959999084472656,47.11000061035156,226.22999572753906,182.63999938964844,276.239990234375,355.6099853515625,0,-0.14287518267062896,0.1059799827998136,0.7465537485304965,-0.9460740102267011,-0.14391515302708247,-0.2796974293792213,0.07747092294154456
1759043729.8869777,265.69000244140625,268.5899963378906,212.77999877929688,93.43000030517578,32.959999084472656,47.11000061035156,226.32000732421875,182.63999938964844,276.239990234375,355.6099853515625,0,-0.138196378805471,0.10566831462436652,0.7263493602419978,0.942422277685622,0.07898398565800248,-0.11307653563993275,0.30465632706230117
1759043729.9535766,265.69000244140625,268.5899963378906,212.77999877929688,93.43000030517578,32.959999084472656,47.11000061035156,226.32000732421875,182.63999938964844,276.239990234375,355.6099853515625,0,-0.14256853781414977,0.10925072132067934,0.7509122497900441,0.9520815047864544,0.07683920681519685,-0.11455260719219422,0.2729729743491892
1759043729.9940772,265.69000244140625,268.5899963378906,212.77999877929688,93.43000030517578,32.959999084472656,47.11000061035156,226.32000732421875,182.63999938964844,276.239990234375,355.6099853515625,0,-0.13930703553870144,0.10646051394630235,0.7371832624579658,-0.9535797467787767,-0.14667973344371532,-0.20480358818875002,0.16500367449004835
1759043730.019588,265.69000244140625,268.5899963378906,212.77999877929688,93.43000030517578,32.959999084472656,47.11000061035156,226.32000732421875,182.63999938964844,276.239990234375,355.6099853515625,0,-0.1371364243395219,0.10451228994845525,0.7257467530580376,-0.9485265818092157,-0.1385786135679703,-0.239560644066846,0.15396099920818423
1759043730.0540786,265.69000244140625,268.5899963378906,212.77999877929688,93.43000030517578,32.959999084472656,47.11000061035156,226.32000732421875,182.63999938964844,276.239990234375,355.6099853515625,0,-0.1444960389231491,0.10982943767148966,0.767648010481552,0.9641298205888643,0.1006322578326801,-0.07423592981231714,0.2341278805688938
1759043730.3611922,265.69000244140625,268.5899963378906,212.77999877929688,93.43000030517578,32.959999084472656,47.11000061035156,226.32000732421875,182.63999938964844,276.3299865722656,363.5199890136719,0,-0.1412476873179785,0.10673928877962777,0.7503571962815716,0.9522895374415072,0.0772218749704116,-0.1157351771472552,0.2716372354376105
1759043730.6416667,265.69000244140625,268.5899963378906,212.77999877929688,93.43000030517578,32.959999084472656,47.11000061035156,226.32000732421875,182.63999938964844,276.3299865722656,375.1199951171875,0,-0.14376068069201484,0.1068000634230464,0.7507834894772096,0.9526251827331167,0.07696706342105675,-0.11420188351477309,0.2711812349199576
1759043730.6622744,265.69000244140625,268.5899963378906,212.77999877929688,93.43000030517578,32.959999084472656,47.11000061035156,226.32000732421875,182.63999938964844,276.3299865722656,375.1199951171875,0,-0.13935940124998272,0.10330519028999481,0.7262766177697968,0.9430397570586556,0.07908920058421431,-0.11264416390779917,0.3028732528554058
1759043730.9397216,265.69000244140625,268.5899963378906,212.77999877929688,93.43000030517578,32.959999084472656,47.11000061035156,226.32000732421875,182.63999938964844,276.239990234375,375.1199951171875,0,-0.14376068069201484,0.1068000634230464,0.7507834894772096,0.9526251827331167,0.07696706342105675,-0.11420188351477309,0.2711812349199576
1759043730.9544566,265.69000244140625,268.67999267578125,212.77999877929688,93.43000030517578,32.959999084472656,47.11000061035156,226.32000732421875,182.63999938964844,276.239990234375,375.1199951171875,0,-0.13814077022294002,0.10327374497671944,0.7260559642384642,0.9428709838110977,0.07924151677305726,-0.11342660941819876,0.3030668147166388
1759043730.9856353,265.69000244140625,268.67999267578125,212.77999877929688,93.43000030517578,32.959999084472656,47.11000061035156,226.32000732421875,182.63999938964844,276.239990234375,375.1199951171875,0,-0.14250375464153503,0.10676961201359784,0.7505698946672803,0.9524575582214863,0.07709417644390228,-0.11496754391200606,0.27141030118999127
1759043731.0246384,265.69000244140625,268.67999267578125,212.77999877929688,93.43000030517578,32.959999084472656,47.11000061035156,226.32000732421875,182.63999938964844,276.239990234375,375.1199951171875,0,-0.14453265755651082,0.1091448652095574,0.7628730731046885,0.9585568687285536,0.1055791330932542,-0.11944899872100308,0.23612224116575162
1759043731.0597315,265.69000244140625,268.67999267578125,212.77999877929688,93.43000030517578,32.959999084472656,47.11000061035156,226.32000732421875,182.63999938964844,276.239990234375,375.1199951171875,0,-0.13610271006036775,0.10343427338275284,0.7203452347572287,-0.9313739860299233,-0.1623406205013025,-0.30484410407946966,0.11514379397071194
1759043731.0872583,265.69000244140625,268.67999267578125,212.77999877929688,93.43000030517578,32.959999084472656,47.11000061035156,226.32000732421875,182.63999938964844,276.239990234375,375.1199951171875,0,-0.1412795469638996,0.10797902913345336,0.7505270186170194,0.9521014415872555,0.07709372812789439,-0.11553026038921851,0.27241909064015973
1759043731.1874573,265.69000244140625,268.67999267578125,212.77999877929688,93.43000030517578,32.959999084472656,47.11000061035156,226.32000732421875,182.63999938964844,276.239990234375,375.1199951171875,0,-0.1444960389231491,0.10982943767148966,0.767648010481552,0.9641298205888643,0.1006322578326801,-0.07423592981231714,0.2341278805688938
1759043731.3688135,265.69000244140625,268.67999267578125,212.77999877929688,93.43000030517578,32.959999084472656,47.11000061035156,226.32000732421875,182.63999938964844,276.3299865722656,375.1199951171875,0,-0.13973840874107418,0.10462036281542177,0.7410872373748935,-0.9456654636944346,-0.1566425100883384,-0.2385828041036622,0.1557504426794623
1759043731.5991154,265.69000244140625,268.67999267578125,212.77999877929688,93.43000030517578,32.959999084472656,47.11000061035156,226.32000732421875,182.63999938964844,276.239990234375,375.1199951171875,0,-0.13935940124998272,0.10330519028999481,0.7262766177697968,0.9430397570586556,0.07908920058421431,-0.11264416390779917,0.3028732528554058
1759043731.6577587,265.69000244140625,268.67999267578125,212.77999877929688,93.43000030517578,32.959999084472656,47.11000061035156,226.32000732421875,182.63999938964844,276.239990234375,375.1199951171875,0,-0.14291187265841665,0.10721656081811345,0.7467450704783264,-0.9462441590665671,-0.14405248297384432,-0.2792587973856651,0.07671634548248331
1759043731.6862383,265.69000244140625,268.67999267578125,212.77999877929688,93.43000030517578,32.959999084472656,47.11000061035156,226.32000732421875,182.63999938964844,276.239990234375,375.1199951171875,0,-0.13938757896572807,0.10450269978523784,0.7264240240673191,0.942816418554863,0.07896046180518163,-0.11246795804829293,0.30366660136956364
1759043731.7528377,265.69000244140625,268.67999267578125,212.77999877929688,93.43000030517578,32.959999084472656,47.11000061035156,226.32000732421875,182.63999938964844,276.239990234375,375.1199951171875,0,-0.14379348949260493,0.1080407951472281,0.7509553981195564,0.9524382105354118,0.07683960087295134,-0.11399334469111547,0.27196074756464544
1759043731.8570187,265.69000244140625,268.67999267578125,212.77999877929688,93.43000030517578,32.959999084472656,47.11000061035156,226.32000732421875,182.63999938964844,276.239990234375,375.1199951171875,0,-0.13868963360129496,0.10457707749026039,0.726213716858711,-0.9384607566775164,-0.1491276122715496,-0.2737413418603046,0.14872135418617408
1759043731.8892326,265.69000244140625,268.67999267578125,212.77999877929688,93.43000030517578,32.959999084472656,47.11000061035156,226.32000732421875,182.63999938964844,276.239990234375,375.1199951171875,0,-0.14099980148532193,0.10579141365167428,0.7395030565807189,0.9490887746614021,0.10680325789561324,-0.11411288818054648,0.27349919682824636
1759043731.9217556,265.69000244140625,268.67999267578125,212.77999877929688,93.43000030517578,32.959999084472656,47.11000061035156,226.32000732421875,182.63999938964844,276.239990234375,375.1199951171875,0,-0.13814077022294002,0.10327374497671944,0.7260559642384642,0.9428709838110977,0.07924151677305726,-0.11342660941819876,0.3030668147166388
1759043732.0228035,265.69000244140625,268.67999267578125,212.77999877929688,93.43000030517578,32.959999084472656,47.11000061035156,226.32000732421875,182.63999938964844,276.3299865722656,375.1199951171875,0,-0.14574949366721499,0.10859340993393168,0.767698769181999,0.9644384993557377,0.10064165896503492,-0.07372137009712006,0.2330124396512384
1759043732.0544078,265.69000244140625,268.67999267578125,212.77999877929688,93.43000030517578,32.959999084472656,47.11000061035156,226.32000732421875,182.63999938964844,276.3299865722656,375.1199951171875,0,-0.14247154243420207,0.10553002518235122,0.7503996650317535,0.9526441122777204,0.07722260894529626,-0.1151727932873062,0.2706309141555626
1759043732.1216116,265.69000244140625,268.67999267578125,212.77999877929688,93.43000030517578,32.959999084472656,47.11000061035156,226.32000732421875,182.63999938964844,276.3299865722656,375.1199951171875,0,-0.13741622930499464,0.10215291437357345,0.7257029090457631,-0.9382348547542217,-0.14869961288538514,-0.2738010554006629,0.15045519104884444
1759043732.1531086,265.69000244140625,268.67999267578125,212.77999877929688,93.43000030517578,32.959999084472656,47.11000061035156,226.32000732421875,182.63999938964844,276.239990234375,375.1199951171875,0,-0.142424102106694,0.10572596042480197,0.7517926716070783,0.9568286856001084,0.07162123700561436,-0.07452262537302852,0.27165353509583845
1759043732.2202265,265.69000244140625,268.67999267578125,212.77999877929688,93.43000030517578,32.959999084472656,47.11000061035156,226.32000732421875,182.63999938964844,276.239990234375,375.1199951171875,0,-0.13606988568171766,0.10224298273792129,0.7201717799266443,-0.9311872587480454,-0.1621730146243845,-0.30523049912283445,0.11586433825023594
1759043732.3543456,265.69000244140625,268.67999267578125,212.77999877929688,93.43000030517578,32.959999084472656,47.11000061035156,226.32000732421875,182.63999938964844,276.239990234375,375.1199951171875,0,-0.14253608695918485,0.1080098471621236,0.750740759020491,0.9522700223751374,0.07696637950149243,-0.11476080937680583,0.2721909946035472
1759043732.421787,265.69000244140625,268.67999267578125,212.77999877929688,93.43000030517578,32.959999084472656,47.11000061035156,226.32000732421875,182.63999938964844,276.239990234375,375.1199951171875,0,-0.13816853383960093,0.1044707640294482,0.7262024476639589,0.9426471670081452,0.07911247231583773,-0.11325212721566744,0.3038609730398433
1759043732.5197964,265.69000244140625,268.67999267578125,212.77999877929688,93.43000030517578,32.959999084472656,47.11000061035156,226.32000732421875,182.63999938964844,276.239990234375,375.1199951171875,0,-0.1416126998879768,0.10647112669375138,0.7415554115202639,-0.9333644061802512,-0.154925476446188,-0.31381243461517366,0.07969151714333254
1759043732.5590463,265.69000244140625,268.67999267578125,212.77999877929688,93.43000030517578,32.959999084472656,47.11000061035156,226.32000732421875,182.63999938964844,276.239990234375,375.1199951171875,0,-0.14706837982506632,0.10989310781071886,0.7680916538741007,0.9644170170297697,0.10046496312751925,-0.07264054306178981,0.2335165089471738
1759043732.621808,265.69000244140625,268.67999267578125,212.77999877929688,93.43000030517578,32.959999084472656,47.11000061035156,226.32000732421875,182.63999938964844,276.239990234375,375.1199951171875,0,-0.14376068069201484,0.1068000634230464,0.7507834894772096,0.9526251827331167,0.07696706342105675,-0.11420188351477309,0.2711812349199576
1759043732.7541144,265.69000244140625,268.67999267578125,212.77999877929688,93.43000030517578,32.959999084472656,47.11000061035156,226.32000732421875,182.63999938964844,276.239990234375,368.7900085449219,0,-0.14376068069201484,0.1068000634230464,0.7507834894772096,0.9526251827331167,0.07696706342105675,-0.11420188351477309,0.2711812349199576
1759043732.8198094,265.69000244140625,268.67999267578125,212.77999877929688,93.43000030517578,32.959999084472656,47.11000061035156,226.32000732421875,182.63999938964844,276.239990234375,368.7900085449219,0,-0.13866167214785394,0.10338008278667703,0.7260675924823893,-0.9382629123613246,-0.14898484843261967,-0.27412101912360326,0.14941181044145008
1759043733.2033424,265.69000244140625,268.67999267578125,212.77999877929688,93.43000030517578,32.959999084472656,47.11000061035156,226.32000732421875,182.63999938964844,276.239990234375,108.54000091552734,0,-0.14203153803956628,0.11340023941318725,0.7680871330650165,-0.9524742209968339,-0.14918260417803325,-0.23606703251846065,0.12169537832252662
1759043733.2278285,265.69000244140625,268.67999267578125,212.77999877929688,93.43000030517578,32.959999084472656,47.11000061035156,226.32000732421875,182.63999938964844,276.239990234375,39.900001525878906,0,-0.13511775755461217,0.10807212272207303,0.7259863182758903,-0.9395494685715124,-0.14912677849477368,-0.27052988659360394,0.1477212933277092
1759043733.2606695,265.69000244140625,268.67999267578125,212.77999877929688,93.43000030517578,32.959999084472656,47.11000061035156,226.32000732421875,182.63999938964844,276.239990234375,39.900001525878906,0,-0.1401185635868076,0.11166977062804029,0.7508233403019768,0.9513599269706542,0.07683871477908372,-0.11568524576568442,0.27500368211648263
1759043733.2890804,265.69000244140625,268.67999267578125,212.77999877929688,93.43000030517578,32.959999084472656,47.11000061035156,226.32000732421875,182.63999938964844,276.239990234375,39.900001525878906,0,-0.1420931233370665,0.11287745252581902,0.7630489238042637,0.9577750938657198,0.1053927417339357,-0.12030963951175395,0.23892431898169653
1759043733.3540657,265.69000244140625,268.67999267578125,212.77999877929688,93.43000030517578,32.959999084472656,47.11000061035156,226.32000732421875,182.63999938964844,276.3299865722656,-28.649999618530273,0,-0.1385817536773157,0.10945620508899982,0.7413213714649445,-0.9465442561595779,-0.15695721218186076,-0.23633957692586055,0.15349921515732623
1759043733.4208252,265.69000244140625,268.67999267578125,212.77999877929688,93.43000030517578,32.959999084472656,47.11000061035156,226.32000732421875,182.63999938964844,276.3299865722656,-28.649999618530273,0,-0.14562928613940473,0.11364461794651086,0.7703700225469177,0.9546007257523839,0.09047986971178279,-0.0725939057955259,0.27437378229581477
1759043733.4542673,265.69000244140625,268.67999267578125,212.77999877929688,93.43000030517578,32.959999084472656,47.11000061035156,226.32000732421875,182.63999938964844,276.3299865722656,-95.70999908447266,0,-0.1459014040029754,0.11350615606131893,0.7688067805850722,-0.9520692839700093,-0.14953969410079104,-0.23808779335210561,0.12048303227343192
1759043733.4879594,265.69000244140625,268.67999267578125,212.77999877929688,93.43000030517578,32.959999084472656,47.11000061035156,226.32000732421875,182.63999938964844,276.3299865722656,-95.70999908447266,0,-0.1410750857416033,0.10952680938433505,0.7418010151213845,-0.9462862188066751,-0.15725224368287424,-0.2376484624202463,0.15276561217289827
1759043733.520806,265.69000244140625,268.67999267578125,212.77999877929688,93.43000030517578,32.959999084472656,47.11000061035156,226.32000732421875,182.63999938964844,276.3299865722656,-95.70999908447266,0,-0.14389244765266718,0.1117667344734238,0.7514739119937773,0.9518707001246508,0.07645982148062448,-0.11336087435212414,0.2743089100074589
1759043733.5541618,265.69000244140625,268.67999267578125,212.77999877929688,93.43000030517578,32.959999084472656,47.11000061035156,226.32000732421875,182.63999938964844,276.239990234375,-162.60000610351562,0,-0.14389244765266718,0.1117667344734238,0.7514739119937773,0.9518707001246508,0.07645982148062448,-0.11336087435212414,0.2743089100074589
1759043733.6578348,265.69000244140625,268.67999267578125,212.77999877929688,93.43000030517578,32.959999084472656,47.11000061035156,226.32000732421875,182.63999938964844,276.239990234375,-230.00999450683594,0,-0.14518577275815595,0.11304305206745759,0.7518672011494615,0.9518493405128836,0.0762092490513454,-0.11237426844230065,0.274858158176679
1759043733.8316839,265.69000244140625,268.67999267578125,212.77999877929688,93.43000030517578,32.959999084472656,47.11000061035156,226.32000732421875,182.63999938964844,276.3299865722656,-369.3999938964844,0,-0.14399220645942631,0.11549836231988893,0.7519966235072019,0.9512932741441104,0.07608417249222815,-0.11271790220344256,0.27667124857347664
1759043734.0694978,265.69000244140625,268.67999267578125,212.77999877929688,93.43000030517578,32.959999084472656,47.11000061035156,226.32000732421875,182.63999938964844,276.239990234375,-500.45001220703125,0,-0.14730315915863448,0.11768284613774073,0.7696179424576274,-0.9457590702768086,-0.14725269339520042,-0.24316751467627934,0.15724498428620054
1759043734.1216967,265.69000244140625,268.67999267578125,212.77999877929688,93.43000030517578,32.959999084472656,47.11000061035156,226.32000732421875,182.63999938964844,276.239990234375,-500.45001220703125,0,-0.14395888019639738,0.11425386174604925,0.7518220017071874,0.9514869143103252,0.07620901934658403,-0.11293322616676843,0.27588208295214367
1759043734.154661,265.69000244140625,268.67999267578125,212.77999877929688,93.43000030517578,32.959999084472656,47.11000061035156,226.32000732421875,182.63999938964844,276.239990234375,-566.1900024414062,0,-0.14342509695708563,0.11374074549360642,0.7478552894256756,-0.931560197714231,-0.15310525507325284,-0.3094462922444245,0.11400601352453026
1759043734.2217414,265.69000244140625,268.67999267578125,212.77999877929688,93.43000030517578,32.959999084472656,47.11000061035156,226.32000732421875,182.63999938964844,276.239990234375,-566.1900024414062,0,-0.148605395792328,0.11664893688158902,0.7696211326031686,0.9521352509617246,0.08846177047944381,-0.0750490384603422,0.28280845260683835
1759043734.3560467,265.69000244140625,268.67999267578125,212.77999877929688,93.43000030517578,32.959999084472656,47.11000061035156,226.32000732421875,182.63999938964844,276.239990234375,-702.3300170898438,0,-0.1499574840048881,0.11922584487418182,0.7701625659980472,0.9518420505223939,0.08814216999073331,-0.07375731498427181,0.2842314676684479
1759043734.4217105,265.69000244140625,268.67999267578125,212.77999877929688,93.43000030517578,32.959999084472656,47.11000061035156,226.32000732421875,182.63999938964844,276.239990234375,-702.3300170898438,0,-0.1460410156923012,0.1175291138222859,0.7488421771596985,-0.9316944804818537,-0.15383159346412337,-0.309729432885766,0.11112566893476583
1759043734.487655,265.69000244140625,268.67999267578125,212.77999877929688,93.43000030517578,32.959999084472656,47.11000061035156,226.32000732421875,182.63999938964844,276.239990234375,-768.52001953125,0,-0.1478833238835171,0.11934326726458765,0.7532008626851424,0.9512234169632202,0.07534470302138319,-0.1097215794064131,0.27831342360726635
1759043734.5545614,265.69000244140625,268.67999267578125,212.77999877929688,93.43000030517578,32.959999084472656,47.11000061035156,226.32000732421875,182.63999938964844,276.239990234375,-832.0599975585938,0,-0.1478833238835171,0.11934326726458765,0.7532008626851424,0.9512234169632202,0.07534470302138319,-0.1097215794064131,0.27831342360726635
1759043734.6558497,265.69000244140625,268.67999267578125,212.77999877929688,93.43000030517578,32.959999084472656,47.11000061035156,226.32000732421875,182.63999938964844,276.239990234375,-893.5800170898438,0,-0.1575316568450681,0.1262326193991056,0.8007303555621913,0.9520859442670969,0.07547308240604389,-0.07481909965219785,0.28677215849589666
1759043734.7218416,265.69000244140625,268.67999267578125,212.77999877929688,93.43000030517578,32.959999084472656,47.11000061035156,226.32000732421875,182.63999938964844,276.239990234375,-893.5800170898438,0,-0.14802508062993916,0.11750418066663093,0.7492556414398623,0.9457573567978127,0.0808086829767522,-0.14654232739987694,0.27845704354281475
1759043734.7546177,265.69000244140625,268.67999267578125,212.8699951171875,93.43000030517578,32.959999084472656,47.11000061035156,226.32000732421875,182.63999938964844,276.239990234375,-955.4600219726562,0,-0.15201679385859546,0.12092653003801307,0.7710219215422445,0.953720153661677,0.07791821080196422,-0.15441989271003942,0.24596974948230485
1759043734.9551182,265.69000244140625,268.67999267578125,212.8699951171875,93.43000030517578,32.959999084472656,47.11000061035156,226.32000732421875,182.63999938964844,276.239990234375,-1086.77001953125,0,-0.15750034435734753,0.12491079668648712,0.8005706587668477,0.9523083426076699,0.07557251172015723,-0.07506176354133222,0.2859429099072133
1759043735.022889,265.69000244140625,268.67999267578125,212.8699951171875,93.43000030517578,32.959999084472656,47.11000061035156,226.32000732421875,182.63999938964844,276.239990234375,-1150.75,0,-0.15127113067953316,0.12160459166445102,0.7707747982777623,-0.9459313104655254,-0.1480510295027275,-0.2439520109011985,0.15421499577349151
1759043735.05518,265.69000244140625,268.67999267578125,212.8699951171875,93.43000030517578,32.959999084472656,47.11000061035156,226.32000732421875,182.63999938964844,276.239990234375,-1150.75,0,-0.1478833238835171,0.11934326726458765,0.7532008626851424,0.9512234169632202,0.07534470302138319,-0.1097215794064131,0.27831342360726635
1759043735.0890896,265.69000244140625,268.67999267578125,212.8699951171875,93.43000030517578,32.959999084472656,47.11000061035156,226.32000732421875,182.63999938964844,276.239990234375,-1150.75,0,-0.1512970585681526,0.1228739862860386,0.7709065836023072,-0.9461211889570389,-0.14816659684445316,-0.24355267068313854,0.15356904632497786
1759043735.3312998,265.69000244140625,268.67999267578125,212.8699951171875,93.43000030517578,32.959999084472656,47.11000061035156,226.32000732421875,182.63999938964844,276.239990234375,-1325.3900146484375,0,-0.15894432269135608,0.12892025115952066,0.8013130158990517,0.9517907555151309,0.07515468048091484,-0.07350644308135089,0.2881717101716892
1759043735.3558733,265.69000244140625,268.67999267578125,212.8699951171875,93.5199966430664,32.959999084472656,47.11000061035156,226.32000732421875,182.63999938964844,276.239990234375,-1325.3900146484375,0,-0.1539257982772445,0.12422782929255305,0.77156153289165,-0.9460473343250624,-0.14857574906665522,-0.24445254794449614,0.1521927718690012
1759043735.5325398,265.69000244140625,268.67999267578125,212.8699951171875,93.5199966430664,32.959999084472656,47.11000061035156,226.32000732421875,182.63999938964844,276.239990234375,-1452.219970703125,0,-0.15520190553314936,0.12299874628282605,0.7716913300898984,-0.9457244190668932,-0.14860719970553005,-0.24550865034968955,0.15246877050642915
1759043735.6602812,265.69000244140625,268.67999267578125,212.8699951171875,93.69000244140625,32.959999084472656,47.11000061035156,226.32000732421875,182.63999938964844,276.239990234375,-1511.5400390625,0,-0.16161493328551618,0.12768102840747192,0.8016801179751453,0.9523220544833384,0.07501348439311256,-0.07211120767157862,0.28680246761836636
1759043735.7608094,265.69000244140625,268.67999267578125,212.8699951171875,93.69000244140625,32.959999084472656,47.11000061035156,226.32000732421875,182.63999938964844,276.239990234375,-1567.6199951171875,0,-0.15473727057355374,0.12506057774033402,0.7709684149190552,-0.9414268410625919,-0.16252729414805556,-0.2756228908171809,0.10645376292739103
1759043735.999068,265.69000244140625,268.67999267578125,212.8699951171875,93.69000244140625,32.959999084472656,47.11000061035156,226.32000732421875,182.63999938964844,276.3299865722656,-1681.52001953125,0,-0.15059940448649126,0.12429940367344301,0.7549318468332386,-0.9390250274492062,-0.14082480481754966,-0.2782771179283469,0.14478334783257915
1759043736.1695926,265.69000244140625,268.67999267578125,212.8699951171875,93.69000244140625,32.959999084472656,47.11000061035156,226.32000732421875,182.63999938964844,276.3299865722656,-1800.969970703125,0,-0.1552559672747517,0.1255421040084803,0.7719594785058588,-0.9461056462620916,-0.14883576436810628,-0.24469616305300768,0.15118137829470782
1759043736.189571,265.69000244140625,268.67999267578125,212.8699951171875,93.69000244140625,32.959999084472656,47.11000061035156,226.32000732421875,182.63999938964844,276.3299865722656,-1800.969970703125,0,-0.16170565594552724,0.13008412786339257,0.8004878164654265,0.9476609317582074,0.08047265062318265,-0.11413191040053845,0.28711812542779114
1759043736.223178,265.69000244140625,268.67999267578125,212.8699951171875,93.69000244140625,32.959999084472656,47.11000061035156,226.32000732421875,182.63999938964844,276.3299865722656,-1860.030029296875,0,-0.16170565594552724,0.13008412786339257,0.8004878164654265,0.9476609317582074,0.08047265062318265,-0.11413191040053845,0.28711812542779114
1759043736.3290312,265.69000244140625,268.67999267578125,212.8699951171875,93.69000244140625,32.959999084472656,47.11000061035156,226.32000732421875,182.63999938964844,276.3299865722656,-1917.25,0,-0.1630533624262951,0.13012472507543538,0.8007372209450951,0.9478373506891193,0.08034729441928323,-0.11335463383931121,0.2868787128827937
1759043736.3565607,265.69000244140625,268.67999267578125,212.8699951171875,93.69000244140625,32.959999084472656,47.11000061035156,226.32000732421875,182.63999938964844,276.239990234375,-1917.25,0,-0.15789417562449,0.12690208156655236,0.7726284903161454,-0.9460330143514595,-0.1492384868242786,-0.24558249882394162,0.14979534732053496
1759043736.4895253,265.69000244140625,268.67999267578125,212.8699951171875,93.69000244140625,32.959999084472656,47.11000061035156,226.32000732421875,182.63999938964844,276.239990234375,-1972.7099609375,0,-0.16448213789269675,0.1328249601543758,0.8013786725924026,0.9476070205921445,0.07997265579236518,-0.11214091976368463,0.2882181863875871
1759043736.5926752,265.69000244140625,268.67999267578125,212.8699951171875,93.77999877929688,32.959999084472656,47.11000061035156,226.32000732421875,182.63999938964844,276.3299865722656,-2028.4300537109375,0,-0.1645222566484277,0.13415572910268353,0.8015746573892091,0.9474019603113493,0.07984837789379647,-0.11192056918163307,0.2890113290859054
1759043736.7228453,265.69000244140625,268.67999267578125,212.8699951171875,93.77999877929688,32.959999084472656,47.11000061035156,226.32000732421875,182.63999938964844,276.3299865722656,-2084.93994140625,0,-0.1645222566484277,0.13415572910268353,0.8015746573892091,0.9474019603113493,0.07984837789379647,-0.11192056918163307,0.2890113290859054
1759043736.7564166,265.69000244140625,268.67999267578125,213.22000122070312,93.69000244140625,32.959999084472656,47.11000061035156,226.32000732421875,182.63999938964844,276.239990234375,-2143.64990234375,0,-0.1645222566484277,0.13415572910268353,0.8015746573892091,0.9474019603113493,0.07984837789379647,-0.11192056918163307,0.2890113290859054
1759043737.0321996,265.69000244140625,268.67999267578125,213.22000122070312,93.69000244140625,32.959999084472656,47.11000061035156,226.32000732421875,182.63999938964844,276.239990234375,-2312.139892578125,0,-0.16505709904335153,0.1331646185080022,0.8028922895992447,-0.9529611914844742,-0.1404947417489593,-0.24389409037672355,0.11243606069538004
1759043737.1571338,265.69000244140625,268.67999267578125,213.22000122070312,93.69000244140625,32.959999084472656,47.11000061035156,226.49000549316406,182.63999938964844,276.239990234375,-2365.219970703125,0,-0.16587374933818785,0.13419852512976568,0.8018299442954094,0.9475796514367766,0.07972512553739891,-0.11114030544547346,0.28876381533441803
1759043737.3634927,265.69000244140625,268.7699890136719,213.22000122070312,93.77999877929688,32.959999084472656,47.11000061035156,226.5800018310547,182.63999938964844,276.3299865722656,-2474.739990234375,0,-0.16727581641287773,0.13715278084115937,0.8039210204793704,0.951348067528523,0.07387802700245905,-0.06700866193881078,0.2915282675164434
1759043737.4233284,265.69000244140625,268.7699890136719,213.22000122070312,93.77999877929688,32.959999084472656,47.11000061035156,226.5800018310547,182.63999938964844,276.3299865722656,-2531.60009765625,0,-0.1673088913130737,0.13690748512101014,0.8024834830836376,0.9473454298938588,0.07935683934697058,-0.10991098018674718,0.2901011977611732
1759043737.634288,265.69000244140625,268.7699890136719,213.22000122070312,93.77999877929688,32.959999084472656,47.11000061035156,226.5800018310547,182.63999938964844,276.239990234375,-2637.330078125,0,-0.16862157992136828,0.13561778722971699,0.8025425927601888,0.9477291556409617,0.07935782864698615,-0.10935845381849062,0.2890545124348253
1759043737.72782,265.69000244140625,268.7699890136719,213.22000122070312,93.77999877929688,32.959999084472656,47.11000061035156,226.5800018310547,182.63999938964844,276.239990234375,-2689.719970703125,0,-0.16862157992136828,0.13561778722971699,0.8025425927601888,0.9477291556409617,0.07935782864698615,-0.10935845381849062,0.2890545124348253
1759043737.756574,265.69000244140625,268.7699890136719,213.22000122070312,93.69000244140625,32.959999084472656,47.11000061035156,226.5800018310547,182.63999938964844,276.239990234375,-2689.719970703125,0,-0.1727222573093447,0.13972520665248278,0.8223364094706246,-0.9421104071913915,-0.1590878785764548,-0.2515269219642795,0.154444925714279
1759043737.8291912,265.69000244140625,268.7699890136719,213.22000122070312,93.69000244140625,32.959999084472656,47.11000061035156,226.5800018310547,182.63999938964844,276.239990234375,-2743.14990234375,0,-0.1686635112599291,0.13695177655206675,0.8027426772378295,0.9475234239389467,0.07923558203671538,-0.10913062078086189,0.2898475310129479
1759043738.0049045,265.69000244140625,268.7699890136719,213.22000122070312,93.69000244140625,32.959999084472656,47.11000061035156,226.5800018310547,182.63999938964844,276.3299865722656,-2797.2099609375,0,-0.16877411691293423,0.13816311048934168,0.8035799929477724,-0.93447111494269,-0.1505718772531371,-0.28693423174235344,0.14751471713919756
1759043738.1232672,265.69000244140625,268.7699890136719,213.22000122070312,93.69000244140625,32.959999084472656,47.11000061035156,226.5800018310547,182.63999938964844,276.3299865722656,-2905.659912109375,0,-0.1727831690608753,0.1424391684693928,0.8226258159554609,-0.9424971077891003,-0.1593206282505194,-0.2506975838038859,0.1531889705492356
1759043738.190709,265.69000244140625,268.7699890136719,213.22000122070312,93.69000244140625,32.959999084472656,47.11000061035156,226.5800018310547,182.63999938964844,276.3299865722656,-2905.659912109375,0,-0.18001903748612788,0.1478206912258976,0.853735770418168,-0.9608408272587812,-0.13741960815893317,-0.205409699648181,0.1253300094013817
1759043738.4073174,265.69000244140625,268.7699890136719,213.22000122070312,93.77999877929688,32.959999084472656,47.11000061035156,226.5800018310547,182.63999938964844,276.239990234375,-3009.3798828125,0,-0.1775393039093228,0.1450170543214819,0.835605852177665,-0.9524229591756261,-0.12942662560028378,-0.25108282899984574,0.11444067634500325
1759043738.4276786,265.69000244140625,268.7699890136719,213.22000122070312,93.77999877929688,32.959999084472656,47.11000061035156,226.5800018310547,182.63999938964844,276.239990234375,-3060.35009765625,0,-0.1775393039093228,0.1450170543214819,0.835605852177665,-0.9524229591756261,-0.12942662560028378,-0.25108282899984574,0.11444067634500325
1759043738.4956515,265.69000244140625,268.7699890136719,213.22000122070312,93.77999877929688,32.959999084472656,47.11000061035156,226.5800018310547,182.63999938964844,276.239990234375,-3060.35009765625,0,-0.17557586854561386,0.14254210956496666,0.8232215076428788,-0.942230855544,-0.15961550634420352,-0.25196632394925345,0.1524364673915181
1759043738.7310183,265.69000244140625,268.7699890136719,213.22000122070312,93.77999877929688,32.959999084472656,47.11000061035156,226.5800018310547,182.63999938964844,276.3299865722656,-3220.659912109375,0,-0.17153418582638463,0.13959145496583614,0.8043118862015535,-0.9343277354136122,-0.15099866099504847,-0.287884701858629,0.14612831912515079
1759043738.8320034,265.69000244140625,268.7699890136719,213.22000122070312,93.69000244140625,32.959999084472656,47.11000061035156,226.5800018310547,182.63999938964844,276.3299865722656,-3276.300048828125,0,-0.1756071418878939,0.1439010434422109,0.8233678380213714,-0.9424244709285264,-0.15973085876757415,-0.2515464623714709,0.15181089098236208
1759043739.0052953,265.69000244140625,268.7699890136719,213.22000122070312,93.69000244140625,32.959999084472656,47.11000061035156,226.5800018310547,182.63999938964844,276.3299865722656,-3328.070068359375,0,-0.1715728175984808,0.14092585751643358,0.8044927632459765,-0.934531180985881,-0.15114165034454896,-0.28748468666387067,0.14546555685122503
1759043739.2332954,265.69000244140625,268.7699890136719,213.22000122070312,93.69000244140625,32.959999084472656,47.11000061035156,226.5800018310547,182.63999938964844,277.0299987792969,-3482.669921875,0,-0.1756383945121372,0.14526043446028494,0.8235140695016808,-0.9426171772630821,-0.15984568069481864,-0.2511260419820149,0.1511883809366205
1759043739.2580516,265.69000244140625,268.7699890136719,213.22000122070312,93.69000244140625,32.959999084472656,47.11000061035156,226.5800018310547,182.63999938964844,277.0299987792969,-3482.669921875,0,-0.1717772483766965,0.14272708685126761,0.8054453533387652,-0.9280917899370326,-0.1479518739225331,-0.29078294222604334,0.179446797030907
1759043739.2936537,265.69000244140625,268.7699890136719,213.22000122070312,93.69000244140625,32.959999084472656,47.11000061035156,226.5800018310547,182.63999938964844,277.0299987792969,-3482.669921875,0,-0.17515055874592117,0.14585875232900636,0.821226646248286,-0.9340368072246874,-0.15709492793850646,-0.25944342062729747,0.18864129415033895
1759043739.2936537,265.69000244140625,268.7699890136719,213.22000122070312,93.69000244140625,32.959999084472656,47.11000061035156,226.5800018310547,182.63999938964844,277.0299987792969,-3482.669921875,2,-0.1839493311185963,0.13772331045145458,0.8756896915659151,0.7828002935198076,-0.0819445446915209,0.30119505566179233,0.5383217722751813
1759043739.3260334,265.69000244140625,268.7699890136719,213.22000122070312,93.69000244140625,32.959999084472656,47.11000061035156,226.5800018310547,182.63999938964844,277.0299987792969,-3536.4599609375,0,-0.17515055874592117,0.14585875232900636,0.821226646248286,-0.9340368072246874,-0.15709492793850646,-0.25944342062729747,0.18864129415033895
1759043739.4252126,265.69000244140625,268.7699890136719,213.22000122070312,93.77999877929688,32.959999084472656,47.11000061035156,226.5800018310547,182.63999938964844,277.6499938964844,-3590.239990234375,0,-0.17520334980078783,0.14642376564915038,0.8212548544074141,0.9209707939027796,0.06811229240572897,-0.08480685439684452,0.374140762078436
1759043739.5591283,265.69000244140625,268.7699890136719,213.22000122070312,93.77999877929688,32.959999084472656,47.11000061035156,226.5800018310547,182.63999938964844,278.0,-3624.080078125,0,-0.17181293901537714,0.1440615369108207,0.8056124891062812,-0.9283082408956957,-0.14810081564169614,-0.2904167581974421,0.1787961544594622
1759043739.597651,265.69000244140625,268.7699890136719,213.22000122070312,93.77999877929688,32.959999084472656,47.11000061035156,226.5800018310547,182.63999938964844,278.0,-3624.080078125,2,-0.1839346520356297,0.13913060217270712,0.8756195823785188,0.7823181488641053,-0.08175938150836326,0.3012581116473249,0.5390150903823542
1759043739.6275854,265.69000244140625,268.7699890136719,213.22000122070312,93.77999877929688,32.959999084472656,47.11000061035156,226.5800018310547,182.63999938964844,278.0,-3625.75,0,-0.17181293901537714,0.1440615369108207,0.8056124891062812,-0.9283082408956957,-0.14810081564169614,-0.2904167581974421,0.1787961544594622
1759043739.6275854,265.69000244140625,268.7699890136719,213.22000122070312,93.77999877929688,32.959999084472656,47.11000061035156,226.5800018310547,182.63999938964844,278.0,-3625.75,2,-0.1839346520356297,0.13913060217270712,0.8756195823785188,0.7823181488641053,-0.08175938150836326,0.3012581116473249,0.5390150903823542
1759043739.9335794,265.69000244140625,268.7699890136719,213.22000122070312,93.77999877929688,32.959999084472656,47.11000061035156,226.5800018310547,182.63999938964844,278.1700134277344,-3625.75,0,-0.17817800485247665,0.14939032170131603,0.8353829369940101,-0.9391161742015737,-0.16637928906738403,-0.2252624512169327,0.19908684435233412
1759043740.6357749,265.69000244140625,268.7699890136719,213.22000122070312,93.69000244140625,32.959999084472656,47.11000061035156,226.75999450683594,182.63999938964844,326.8699951171875,-3625.75,0,-0.17579648745696577,0.08664355608644221,0.8305365825037689,-0.929187976801264,-0.16115741539828377,-0.24148581126131688,0.2287413259329904
1759043740.6594799,265.69000244140625,268.7699890136719,213.22000122070312,93.69000244140625,32.959999084472656,47.11000061035156,226.75999450683594,182.63999938964844,326.8699951171875,-3625.75,0,-0.16877840470178124,0.08221381422505537,0.8004750863455562,-0.9114103870024932,-0.17926171696973484,-0.2762665655785955,0.2467248022320326
1759043740.692164,265.69000244140625,268.7699890136719,213.22000122070312,93.69000244140625,32.959999084472656,47.11000061035156,226.75999450683594,182.63999938964844,326.8699951171875,-3625.75,0,-0.1743495674696404,0.08390451083809139,0.830054734618072,-0.9288383558780039,-0.16072343120812946,-0.2415138879900584,0.23043074712038297
1759043740.762775,265.69000244140625,268.7699890136719,213.22000122070312,93.77999877929688,32.959999084472656,47.11000061035156,227.11000061035156,182.63999938964844,340.5799865722656,-3625.75,0,-0.17204432033791903,0.0827792798500244,0.8333307039799047,0.9301217520054199,0.09544915800770523,-0.09776043156701829,0.34088983954031055
1759043740.762775,265.69000244140625,268.7699890136719,213.22000122070312,93.77999877929688,32.959999084472656,47.11000061035156,227.11000061035156,182.63999938964844,340.5799865722656,-3625.75,2,-0.17662226761516767,0.0692695035458628,0.8710756415532442,0.8217193672998088,-0.04428813641831974,0.30750803102109553,0.47776003729332905
1759043740.9596453,265.69000244140625,268.7699890136719,213.22000122070312,93.77999877929688,32.959999084472656,47.11000061035156,227.11000061035156,182.63999938964844,353.5799865722656,-3625.75,0,-0.16342072495101634,0.08471905539205342,0.7996428529084206,-0.9125665752677744,-0.17872295381213105,-0.27290023101177713,0.24658835211427022
1759043741.2033844,265.69000244140625,268.7699890136719,213.22000122070312,93.77999877929688,32.959999084472656,47.11000061035156,227.11000061035156,182.63999938964844,360.0,-3625.75,2,-0.17032476315393133,0.06235091524252721,0.824964073301313,-0.9075018715508331,-0.017155882785958646,0.14707005101269102,0.39308577805956585
1759043741.225197,265.69000244140625,268.7699890136719,213.22000122070312,93.77999877929688,32.959999084472656,47.11000061035156,227.11000061035156,182.63999938964844,360.0,-3625.75,2,-0.16900369312343458,0.05955059005914896,0.8108528666609479,0.8198600194217543,-0.03658797975265626,0.30855865087643675,0.4809183166200818
1759043741.259104,265.69000244140625,268.7699890136719,213.22000122070312,93.77999877929688,32.959999084472656,47.11000061035156,227.11000061035156,182.63999938964844,360.0,-3625.75,0,-0.17131728315405154,0.07311460812955663,0.8002192692794461,-0.9092604885836817,-0.1786061845733936,-0.27996718662256803,0.25092542547008617
1759043741.2943387,265.69000244140625,268.7699890136719,213.22000122070312,93.77999877929688,32.959999084472656,47.11000061035156,227.11000061035156,182.63999938964844,360.0,-3625.75,0,-0.1749592650474861,0.07213723184055972,0.8110614869076828,-0.901372048654494,-0.18572974185806607,-0.26056878662452193,0.29178211105336976
1759043741.52525,265.69000244140625,268.7699890136719,213.22000122070312,93.77999877929688,32.959999084472656,47.11000061035156,227.11000061035156,182.63999938964844,360.17999267578125,-3625.75,2,-0.1704997528338597,0.05410004441868842,0.8228351196646465,0.8271459401580673,-0.05342862690187111,0.3299258425497841,0.4518007458218973
1759043741.5920312,265.69000244140625,268.7699890136719,213.22000122070312,93.77999877929688,32.959999084472656,47.11000061035156,227.11000061035156,182.63999938964844,360.17999267578125,-3625.75,2,-0.1754164140508895,0.06060418913653673,0.8582946314124204,0.8367017412098151,-0.04142736253958069,0.32434802542103763,0.4393316836912082
1759043741.6954455,265.69000244140625,268.7699890136719,213.22000122070312,93.77999877929688,32.959999084472656,47.11000061035156,227.11000061035156,182.63999938964844,360.17999267578125,-3625.75,2,-0.17516768223811488,0.06661262219541236,0.8779368682286144,0.8382022704950859,-0.05210005842401801,0.29961555218712277,0.4526953263914954
1759043741.7260156,265.69000244140625,268.7699890136719,213.22000122070312,93.77999877929688,32.959999084472656,47.11000061035156,227.11000061035156,182.63999938964844,360.17999267578125,-3625.75,0,-0.16409115785770015,0.07853608818537629,0.8093071049069918,-0.9039262707725116,-0.1844732264867409,-0.2537207957124412,0.29071065260825485
1759043742.0594213,265.69000244140625,268.7699890136719,213.22000122070312,93.77999877929688,32.959999084472656,47.11000061035156,227.11000061035156,182.63999938964844,360.17999267578125,-3625.75,2,-0.17151842649664303,0.05767483205261825,0.8409007197505489,0.8258061870868296,-0.07684038590345554,0.3701890690412365,0.4184492198889886
1759043742.128884,265.69000244140625,268.7699890136719,213.22000122070312,93.77999877929688,32.959999084472656,47.11000061035156,227.11000061035156,182.63999938964844,360.17999267578125,-3625.75,0,-0.17082595231948292,0.07074465735538595,0.8101551834358718,-0.901534108398824,-0.1848564119458118,-0.2588918874103983,0.2933246477695652
1759043742.128884,265.69000244140625,268.7699890136719,213.22000122070312,93.77999877929688,32.959999084472656,47.11000061035156,227.11000061035156,182.63999938964844,360.17999267578125,-3625.75,2,-0.1768820291631709,0.057848412663568674,0.858659187702556,0.837276190309183,-0.04210072588249758,0.32499068939831827,0.4376952842171292
1759043742.192354,265.69000244140625,268.7699890136719,213.22000122070312,93.77999877929688,32.959999084472656,47.11000061035156,227.11000061035156,182.63999938964844,360.17999267578125,-3625.75,2,-0.18257153393089814,0.05959811373368043,0.8793426716683188,0.8392021303147987,-0.054476443487809445,0.3030411872882194,0.4482612412276681
1759043742.3660743,265.69000244140625,268.7699890136719,213.22000122070312,93.77999877929688,32.959999084472656,47.11000061035156,227.11000061035156,182.63999938964844,360.17999267578125,-3625.75,2,-0.17171551097478788,0.06103396553921425,0.8252245915998463,-0.9073628413515883,-0.017678359180218428,0.14641341369791866,0.39362832982445484
1759043742.5325897,265.69000244140625,268.7699890136719,213.22000122070312,93.77999877929688,32.959999084472656,47.11000061035156,227.11000061035156,182.63999938964844,360.17999267578125,-3625.75,0,-0.16686278821171607,0.07771304450406923,0.7975163124807033,-0.9001872022388128,-0.17462831282550953,-0.28403780704801074,0.28016152029236985
1759043742.6026728,265.69000244140625,268.67999267578125,213.22000122070312,93.77999877929688,32.959999084472656,47.11000061035156,227.11000061035156,182.63999938964844,360.17999267578125,-3625.75,0,-0.16817481135802254,0.07729394547023924,0.810029677351726,-0.9032167503335342,-0.1850736889742616,-0.25600497970666036,0.2905317227632482
1759043742.6026728,265.69000244140625,268.67999267578125,213.22000122070312,93.77999877929688,32.959999084472656,47.11000061035156,227.11000061035156,182.63999938964844,360.17999267578125,-3625.75,2,-0.17808697897130904,0.06664063788546347,0.8783039454839564,0.8377642900217279,-0.052693340036570675,0.30114683442057205,0.4524212532570161
1759043743.0974393,265.69000244140625,268.7699890136719,213.1300048828125,93.77999877929688,32.959999084472656,47.11000061035156,227.11000061035156,182.63999938964844,360.17999267578125,-3625.75,2,-0.16760253330499028,0.060996837086296926,0.8247232727747655,-0.9069675603467247,-0.016651410206249717,0.14819241652523665,0.39391824367660916
1759043743.226969,265.69000244140625,268.7699890136719,213.22000122070312,93.77999877929688,32.959999084472656,47.11000061035156,227.11000061035156,182.63999938964844,360.17999267578125,-3625.75,2,-0.172439483933889,0.06396562538058195,0.8418321045977232,-0.9047503459940563,-0.008642734842304104,0.12807871595601558,0.4061378547699529
1759043743.6400754,265.69000244140625,268.7699890136719,213.22000122070312,93.77999877929688,32.959999084472656,47.11000061035156,227.11000061035156,182.63999938964844,360.17999267578125,-3625.75,2,-0.17960486420186583,0.06240581725145292,0.8787686427414689,0.8388034622314172,-0.05352681258300063,0.30167806527041435,0.4500377506587545
1759043743.7640607,265.69000244140625,268.7699890136719,213.22000122070312,93.69000244140625,32.959999084472656,47.11000061035156,227.11000061035156,182.63999938964844,360.17999267578125,-3625.75,2,-0.16625121596006212,0.05965558535914455,0.8246487197055875,-0.906563076049157,-0.01648896982542386,0.14872436052464758,0.3946549982008609
1759043743.7952948,265.69000244140625,268.7699890136719,213.22000122070312,93.69000244140625,32.959999084472656,47.11000061035156,227.11000061035156,182.63999938964844,360.17999267578125,-3625.75,0,-0.164590095790974,0.07430070577660702,0.7990312171487962,-0.9103511439075064,-0.1777133917592056,-0.2762071548496012,0.25177043667917426
1759043743.8952687,265.69000244140625,268.7699890136719,213.22000122070312,93.69000244140625,32.959999084472656,47.11000061035156,227.11000061035156,182.63999938964844,360.17999267578125,-3625.75,0,-0.173140105739376,0.07917645077907443,0.8453036977956735,0.9157915506196314,0.0964859532452354,-0.07808641504680762,0.3819932046845693
1759043743.9301867,265.69000244140625,268.7699890136719,213.22000122070312,93.69000244140625,32.959999084472656,47.11000061035156,227.11000061035156,182.63999938964844,360.17999267578125,-3625.75,0,-0.1654234993900784,0.07592402992341778,0.8094106786969576,-0.903232348442609,-0.18443995601453939,-0.25499825845835117,0.29176894203361
1759043743.9950407,265.69000244140625,268.7699890136719,213.22000122070312,93.77999877929688,32.959999084472656,47.11000061035156,227.11000061035156,182.63999938964844,360.17999267578125,-3625.75,2,-0.1753885193260646,0.06391504169731065,0.8702360935115352,0.8422962534242546,-0.056785808294985925,0.345338145554528,0.4099438481898571
1759043744.030109,265.69000244140625,268.7699890136719,213.22000122070312,93.77999877929688,32.959999084472656,47.11000061035156,227.11000061035156,182.63999938964844,360.17999267578125,-3627.60009765625,0,-0.16678998374370035,0.0759490368849854,0.8096781582565181,-0.9030868211630526,-0.18468668611813027,-0.25565775557775494,0.2914860775839229
1759043744.0949788,265.69000244140625,268.7699890136719,213.22000122070312,93.77999877929688,32.959999084472656,47.11000061035156,227.11000061035156,182.63999938964844,360.17999267578125,-3627.60009765625,1,-0.18279520077123906,0.06639253076943012,0.8137776283102635,0.662348881234284,0.3788848805790972,0.6027203659755596,0.23338459082497964
1759043744.1313205,265.69000244140625,268.7699890136719,213.22000122070312,93.77999877929688,32.959999084472656,47.11000061035156,227.11000061035156,182.63999938964844,360.17999267578125,-3667.320068359375,0,-0.16950913759985595,0.07467951224709231,0.8101347107790129,-0.9025181532194241,-0.18503739625791402,-0.25729027790823156,0.2915885079858205
1759043744.1313205,265.69000244140625,268.7699890136719,213.22000122070312,93.77999877929688,32.959999084472656,47.11000061035156,227.11000061035156,182.63999938964844,360.17999267578125,-3667.320068359375,2,-0.17539676817504735,0.061987442207216366,0.8581982675401055,0.8362916508308331,-0.0412342516923131,0.32440758214760645,0.4400860505437078
1759043744.2722278,265.69000244140625,268.7699890136719,213.22000122070312,93.77999877929688,33.04999923706055,47.11000061035156,227.11000061035156,182.63999938964844,360.17999267578125,-3716.02001953125,0,-0.17225018378924767,0.07472963388079594,0.810680264653847,-0.9022253077029095,-0.1855266374426745,-0.2586117625396029,0.29101429039785087
1759043744.2722278,265.69000244140625,268.7699890136719,213.22000122070312,93.77999877929688,33.04999923706055,47.11000061035156,227.11000061035156,182.63999938964844,360.17999267578125,-3716.02001953125,2,-0.17824746838766387,0.06201189783843605,0.8585344046848481,0.835801906566144,-0.041806881731372925,0.32594002757393914,0.4398300308589646
1759043744.297872,265.69000244140625,268.7699890136719,213.22000122070312,93.77999877929688,33.04999923706055,47.11000061035156,227.11000061035156,182.63999938964844,360.17999267578125,-3716.02001953125,2,-0.18251215596602885,0.06385024917999299,0.87905610168113,0.8379461486944587,-0.05393770105702389,0.3032846892435197,0.45050568649382106
1759043744.3339746,265.69000244140625,268.7699890136719,213.22000122070312,93.77999877929688,33.04999923706055,47.11000061035156,227.11000061035156,182.63999938964844,360.17999267578125,-3764.090087890625,0,-0.17226811994162086,0.0760506085638204,0.8107645710447646,-0.902503090515546,-0.18566785732802463,-0.2582957591195394,0.29034276155256483
1759043744.3339746,265.69000244140625,268.7699890136719,213.22000122070312,93.77999877929688,33.04999923706055,47.11000061035156,227.11000061035156,182.63999938964844,360.17999267578125,-3764.090087890625,2,-0.17451609245708194,0.061567408413644505,0.8370389036098691,-0.9145614026961194,0.004844385416937824,0.16521938132984726,0.3691294199348264
1759043744.4649818,265.69000244140625,268.7699890136719,213.22000122070312,93.77999877929688,32.959999084472656,47.11000061035156,227.11000061035156,182.63999938964844,360.17999267578125,-3814.6298828125,0,-0.17230396771696843,0.07869337211150397,0.8109330642218882,-0.9030559218869165,-0.18594914307923066,-0.2576621613207267,0.28900368294643414
1759043744.4649818,265.69000244140625,268.7699890136719,213.22000122070312,93.77999877929688,32.959999084472656,47.11000061035156,227.11000061035156,182.63999938964844,360.17999267578125,-3814.6298828125,2,-0.18275935023535894,0.06731480655045625,0.8766114172766922,-0.914614638104944,-0.017362685852193582,0.11567322758617227,0.38703786032371285
1759043744.528957,265.69000244140625,268.7699890136719,213.22000122070312,93.77999877929688,32.959999084472656,47.11000061035156,227.11000061035156,182.63999938964844,360.17999267578125,-3866.75,0,-0.1723218782993841,0.08001516011079969,0.8110172461215744,-0.9033309761321713,-0.18608918408619574,-0.25734459182521224,0.2883361305569376
1759043744.5626707,265.69000244140625,268.7699890136719,213.22000122070312,93.77999877929688,32.959999084472656,47.11000061035156,227.11000061035156,182.63999938964844,360.17999267578125,-3866.75,2,-0.17816716221828968,0.0675437832959869,0.8581466590603635,0.8341524993510393,-0.04103461901413186,0.3261726407910569,0.4428511897558453
1759043744.6281223,265.69000244140625,268.7699890136719,213.22000122070312,93.77999877929688,32.959999084472656,47.11000061035156,227.11000061035156,182.63999938964844,360.17999267578125,-3919.659912109375,2,-0.18097195633855515,0.06950098433923534,0.8784924379931618,0.836482128685144,-0.052925711420097284,0.302829941691545,0.453641426543192
1759043744.6651053,265.69000244140625,268.7699890136719,213.22000122070312,93.77999877929688,32.959999084472656,47.11000061035156,227.11000061035156,182.63999938964844,360.17999267578125,-3919.659912109375,0,-0.1709496972902432,0.07998801922589893,0.8107412987121999,-0.9034758821495636,-0.1858447817220992,-0.25668936061999736,0.2886236643541725
1759043744.6651053,265.69000244140625,268.7699890136719,213.22000122070312,93.77999877929688,32.959999084472656,47.11000061035156,227.11000061035156,182.63999938964844,360.17999267578125,-3919.659912109375,2,-0.17674281927773694,0.06753071466158277,0.8579817425065193,0.8343986422420491,-0.04074899634601492,0.3254043754271004,0.4429790261110749
1759043744.7617888,265.69000244140625,268.7699890136719,213.22000122070312,93.77999877929688,32.959999084472656,47.11000061035156,227.11000061035156,182.63999938964844,360.17999267578125,-3968.090087890625,0,-0.16956137853860329,0.07864026455179879,0.8103840605382588,-0.9033464304191267,-0.1854597221485427,-0.2563488570846682,0.28957759164167307
1759043744.86263,265.69000244140625,268.7699890136719,213.22000122070312,93.77999877929688,32.959999084472656,47.11000061035156,227.11000061035156,182.63999938964844,360.17999267578125,-3977.840087890625,0,-0.16954397212836284,0.07731974983499135,0.810300979932669,-0.9030712489736847,-0.18531933438030906,-0.25666318923117015,0.2902465691022596
1759043744.962523,265.69000244140625,268.7699890136719,213.22000122070312,93.77999877929688,32.959999084472656,47.11000061035156,227.11000061035156,182.63999938964844,360.17999267578125,-3977.840087890625,2,-0.17906006944376637,0.06583323912126858,0.8758328688771866,-0.9172365003438119,0.010712507127022597,0.19287695872202007,0.3483689472703245
1759043745.0621061,265.69000244140625,268.7699890136719,213.22000122070312,93.77999877929688,32.959999084472656,47.11000061035156,227.11000061035156,182.63999938964844,360.17999267578125,-3977.840087890625,2,-0.16901917045626877,0.06204238856753722,0.8221164684072334,0.8248767491946525,-0.05192921552735942,0.32957216657126204,0.45635938933509407
1759043745.1313279,265.69000244140625,268.7699890136719,213.22000122070312,93.77999877929688,32.959999084472656,47.11000061035156,227.11000061035156,182.63999938964844,360.17999267578125,-3977.840087890625,2,-0.1767623660222503,0.066148340455267,0.8580768720135703,0.8348116155975434,-0.040941793463262884,0.32534827961546836,0.44222373631758644
1759043745.1619735,265.69000244140625,268.7699890136719,213.22000122070312,93.77999877929688,32.959999084472656,47.11000061035156,227.11000061035156,182.63999938964844,360.17999267578125,-3977.840087890625,2,-0.18099098241703268,0.06808521724499794,0.8785849982491818,0.8369039745617484,-0.05310495404158866,0.30275404198289235,0.45289247209686573
1759043745.4091282,265.69000244140625,268.7699890136719,213.22000122070312,93.77999877929688,32.959999084472656,47.11000061035156,227.11000061035156,182.63999938964844,360.17999267578125,-3977.840087890625,0,-0.1700799233427579,0.07914774077860143,0.7989845797912687,-0.8900305914264872,-0.18615585193660544,-0.31305239876866237,0.27420747754202596
1759043745.5293667,265.69000244140625,268.7699890136719,213.22000122070312,93.77999877929688,32.959999084472656,47.11000061035156,227.11000061035156,182.63999938964844,360.17999267578125,-4029.169921875,0,-0.17090920723998368,0.07779017306713014,0.798310649463352,-0.8996723069824477,-0.1753297857698452,-0.28606132976083,0.2793172423719063
1759043745.6338892,265.69000244140625,268.7699890136719,213.22000122070312,93.77999877929688,32.959999084472656,47.11000061035156,227.11000061035156,182.63999938964844,360.17999267578125,-4078.1298828125,0,-0.17357422744401074,0.07912124867284237,0.8153702216952371,-0.8951820076637741,-0.19698950467161785,-0.2848792574018417,0.2805140226556611
1759043745.8703656,265.69000244140625,268.7699890136719,213.22000122070312,93.77999877929688,32.959999084472656,47.11000061035156,227.11000061035156,182.63999938964844,360.17999267578125,-4178.759765625,0,-0.1709496972902432,0.07998801922589893,0.8107412987121999,-0.9034758821495636,-0.1858447817220992,-0.25668936061999736,0.2886236643541725
1759043745.9095325,265.69000244140625,268.7699890136719,213.22000122070312,93.77999877929688,32.959999084472656,47.11000061035156,227.11000061035156,182.63999938964844,360.17999267578125,-4178.759765625,2,-0.18097195633855515,0.06950098433923534,0.8784924379931618,0.836482128685144,-0.052925711420097284,0.302829941691545,0.453641426543192
1759043745.9342299,265.69000244140625,268.7699890136719,213.22000122070312,93.77999877929688,32.959999084472656,47.11000061035156,227.11000061035156,182.63999938964844,360.17999267578125,-4229.740234375,0,-0.1711313861403324,0.08105829958716645,0.8116031394487913,-0.9139262021523282,-0.18987625244983306,-0.24806357275428437,0.259133883634327
1759043745.9342299,265.69000244140625,268.7699890136719,213.22000122070312,93.77999877929688,32.959999084472656,47.11000061035156,227.11000061035156,182.63999938964844,360.17999267578125,-4229.740234375,2,-0.18097195633855515,0.06950098433923534,0.8784924379931618,0.836482128685144,-0.052925711420097284,0.302829941691545,0.453641426543192
1759043745.9723015,265.69000244140625,268.7699890136719,213.22000122070312,93.77999877929688,32.959999084472656,47.11000061035156,227.11000061035156,182.63999938964844,360.17999267578125,-4229.740234375,2,-0.17672336927543955,0.06891281520484077,0.8578870812686177,0.8339848782931405,-0.04055622310241059,0.32545951000735035,0.44373474384120365
1759043746.002153,265.69000244140625,268.7699890136719,213.22000122070312,93.77999877929688,32.959999084472656,47.11000061035156,227.11000061035156,182.63999938964844,360.17999267578125,-4229.740234375,2,-0.1809530413944622,0.07091649511456587,0.8784004157607285,0.8360594794164411,-0.052746544470197665,0.3029047227410185,0.4543908866444722
1759043746.5424657,265.69000244140625,268.95001220703125,213.1300048828125,93.77999877929688,32.959999084472656,47.11000061035156,227.11000061035156,182.63999938964844,360.17999267578125,-4330.27978515625,0,-0.17510682031379404,0.08271634189284777,0.8117446148318265,-0.9035896343123326,-0.1868552231515214,-0.2580128440523502,0.28642672823659066
1759043746.566425,265.69000244140625,268.95001220703125,213.22000122070312,93.77999877929688,32.959999084472656,47.11000061035156,227.11000061035156,182.63999938964844,360.17999267578125,-4330.27978515625,2,-0.18477271833333353,0.07152181341376664,0.8760043136814161,-0.9187693459808467,0.010361251697094898,0.19066471661322118,0.34554666716378085
1759043747.335705,265.69000244140625,268.95001220703125,213.22000122070312,93.77999877929688,32.959999084472656,47.11000061035156,227.11000061035156,182.63999938964844,360.17999267578125,-4330.27978515625,0,-0.18247504947435172,0.08635269755129593,0.8474789280760721,-0.9131628022454145,-0.1797556985629234,-0.25293837429636207,0.26427970833526154
1759043747.430655,265.69000244140625,268.95001220703125,213.22000122070312,93.77999877929688,32.959999084472656,47.11000061035156,227.11000061035156,182.63999938964844,360.17999267578125,-4330.27978515625,0,-0.17510682031379404,0.08271634189284777,0.8117446148318265,-0.9035896343123326,-0.1868552231515214,-0.2580128440523502,0.28642672823659066
1759043747.631107,265.69000244140625,268.95001220703125,213.22000122070312,93.77999877929688,32.959999084472656,47.11000061035156,227.11000061035156,182.63999938964844,360.17999267578125,-4330.27978515625,0,-0.18247504947435172,0.08635269755129593,0.8474789280760721,-0.9131628022454145,-0.1797556985629234,-0.25293837429636207,0.26427970833526154
1759043747.6980178,265.69000244140625,268.95001220703125,213.22000122070312,93.77999877929688,32.959999084472656,47.11000061035156,227.11000061035156,182.63999938964844,360.17999267578125,-4330.27978515625,0,-0.17371348749503876,0.08136503015314557,0.8113796460184743,-0.9034604956117341,-0.18647261421503186,-0.2576802433002507,0.2873812610967097
1759043748.1131063,265.69000244140625,268.95001220703125,213.22000122070312,93.77999877929688,32.959999084472656,47.11000061035156,227.11000061035156,182.63999938964844,360.17999267578125,-4363.68017578125,2,-0.18241495989006212,0.0709316390625193,0.878586971240099,0.8358387325937181,-0.053040711419704574,0.3036714492196523,0.45425097353451516
1759043748.197525,265.69000244140625,268.95001220703125,213.22000122070312,93.77999877929688,32.959999084472656,47.11000061035156,227.11000061035156,182.63999938964844,360.17999267578125,-4411.93017578125,0,-0.17308455027399264,0.08205267029471024,0.8084430110245043,-0.8921625726769393,-0.18243230149374232,-0.26693008049533706,0.31545638591240205
1759043748.231188,265.69000244140625,268.95001220703125,213.22000122070312,93.77999877929688,32.959999084472656,47.11000061035156,227.11000061035156,182.63999938964844,360.17999267578125,-4461.419921875,0,-0.17308455027399264,0.08205267029471024,0.8084430110245043,-0.8921625726769393,-0.18243230149374232,-0.26693008049533706,0.31545638591240205
1759043749.3407416,265.69000244140625,268.95001220703125,213.22000122070312,93.77999877929688,32.959999084472656,47.11000061035156,227.11000061035156,182.63999938964844,360.17999267578125,-4680.97021484375,0,-0.18104838335843484,0.08756930028842831,0.8361235530046298,-0.9081672041048097,-0.16478941356373747,-0.23568159123023866,0.3041890302442795
1759043749.3407416,265.69000244140625,268.95001220703125,213.22000122070312,93.77999877929688,32.959999084472656,47.11000061035156,227.11000061035156,182.63999938964844,360.17999267578125,-4680.97021484375,2,-0.18950399425138278,0.07546917584857178,0.893320700692511,-0.9237077466664374,0.007448716123753585,0.1382089876692577,0.35722092758398044
1759043749.4319546,265.69000244140625,268.95001220703125,213.22000122070312,93.77999877929688,32.959999084472656,47.11000061035156,227.11000061035156,182.63999938964844,360.17999267578125,-4681.0498046875,0,-0.18466161903698852,0.08965856659771397,0.8528362935229438,-0.9045291114159254,-0.1915711463626155,-0.28326407861533587,0.25473328060666656
1759043749.465223,265.69000244140625,268.95001220703125,213.22000122070312,93.77999877929688,32.959999084472656,47.11000061035156,227.11000061035156,182.63999938964844,360.17999267578125,-4681.0498046875,0,-0.1872956070454996,0.09128661243223321,0.8649714879854732,-0.9074015790522517,-0.20337170933264026,-0.2535966158284411,0.26636643673136146
1759043749.5317287,265.69000244140625,268.95001220703125,213.22000122070312,93.77999877929688,32.959999084472656,47.11000061035156,227.11000061035156,182.63999938964844,360.17999267578125,-4681.0498046875,0,-0.18466161903698852,0.08965856659771397,0.8528362935229438,-0.9045291114159254,-0.1915711463626155,-0.28326407861533587,0.25473328060666656
1759043749.5649686,265.69000244140625,268.95001220703125,213.22000122070312,93.77999877929688,32.959999084472656,47.11000061035156,227.11000061035156,182.63999938964844,360.17999267578125,-4681.0498046875,0,-0.17652069743511165,0.08539357033277609,0.8121985434401618,-0.9039914503337372,-0.18737494374862096,-0.25801786888703004,0.28481023070406575
1759043749.635427,265.69000244140625,268.95001220703125,213.22000122070312,93.77999877929688,32.959999084472656,47.11000061035156,227.11000061035156,182.63999938964844,360.17999267578125,-4680.97021484375,2,-0.18674610873344388,0.07522556114135791,0.8788719604353424,0.8338994693355423,-0.0533812949662128,0.3061979884560361,0.45607554665330213
1759043749.8377092,265.69000244140625,268.95001220703125,213.22000122070312,93.77999877929688,32.959999084472656,47.11000061035156,227.11000061035156,182.63999938964844,360.17999267578125,-4680.97021484375,0,-0.18393217529323994,0.08776537254530395,0.8478661980207899,-0.913284629953032,-0.18011130054470176,-0.25326158120011805,0.26330528972215106
1759043749.8377092,265.69000244140625,268.95001220703125,213.22000122070312,93.77999877929688,32.959999084472656,47.11000061035156,227.11000061035156,182.63999938964844,360.17999267578125,-4680.97021484375,2,-0.18238303591838492,0.0717315118138471,0.8583565999358722,0.8321652628043652,-0.04130936620741532,0.3286466553651326,0.44473125318847956
1759043749.9720788,265.69000244140625,268.95001220703125,213.22000122070312,93.77999877929688,32.959999084472656,47.11000061035156,227.11000061035156,182.63999938964844,360.17999267578125,-4680.97021484375,2,-0.18530212179954889,0.0737939602988162,0.878777136445154,0.8345474664546738,-0.05326843659127912,0.30535558252267697,0.4554678562966247
1759043750.0325646,265.69000244140625,268.95001220703125,213.22000122070312,93.77999877929688,32.959999084472656,47.11000061035156,227.11000061035156,182.63999938964844,360.17999267578125,-4680.97021484375,0,-0.17912551590894493,0.08679068026644134,0.8319504882665579,-0.899289400157535,-0.16456680774901095,-0.2895436222577115,0.28347986059239694
1759043750.06623,265.69000244140625,268.95001220703125,213.22000122070312,93.77999877929688,32.959999084472656,47.11000061035156,227.11000061035156,182.63999938964844,360.17999267578125,-4680.97021484375,0,-0.1744910780896662,0.08471843543318101,0.8088911657727079,-0.8925907820160035,-0.18299790118356465,-0.26698421969459635,0.31386763206252577
1759043750.0986187,265.69000244140625,268.95001220703125,213.22000122070312,93.77999877929688,32.959999084472656,47.11000061035156,227.11000061035156,182.63999938964844,360.17999267578125,-4680.97021484375,2,-0.18093711996267395,0.07309941463583158,0.8580945505760503,0.8319970842042177,-0.04083280596195137,0.32793049398768387,0.445617689220196
1759043750.133921,265.69000244140625,268.95001220703125,213.22000122070312,93.77999877929688,32.959999084472656,47.11000061035156,227.11000061035156,182.63999938964844,360.17999267578125,-4707.509765625,2,-0.18093711996267395,0.07309941463583158,0.8580945505760503,0.8319970842042177,-0.04083280596195137,0.32793049398768387,0.445617689220196
1759043750.133921,265.69000244140625,268.95001220703125,213.22000122070312,93.77999877929688,32.959999084472656,47.11000061035156,227.11000061035156,182.63999938964844,360.17999267578125,-4707.509765625,1,-0.19651608390292688,0.0795650118023956,0.8488249603177646,0.6627194675316845,0.38991944691068925,0.6094163542117931,0.1933324584610381
1759043750.1682906,265.69000244140625,268.95001220703125,213.22000122070312,93.77999877929688,32.959999084472656,47.11000061035156,227.11000061035156,182.63999938964844,360.17999267578125,-4707.509765625,0,-0.1751435901037108,0.08536382614137629,0.8119148315860011,-0.9041349380590535,-0.1871325830663719,-0.25736878689294357,0.28510124108658935
1759043750.1682906,265.69000244140625,268.95001220703125,213.22000122070312,93.77999877929688,32.959999084472656,47.11000061035156,227.11000061035156,182.63999938964844,360.17999267578125,-4707.509765625,2,-0.1852824200871493,0.07520934723564884,0.8786835024914899,0.8341220682274074,-0.05308901215549755,0.30542953668700284,0.4562178538851242
1759043750.2339942,265.69000244140625,268.95001220703125,213.22000122070312,93.77999877929688,32.959999084472656,47.11000061035156,227.11000061035156,182.63999938964844,360.17999267578125,-4755.22998046875,0,-0.1764471699873651,0.08583665796035361,0.8164379349544174,-0.896219234289316,-0.1982714236461783,-0.28457398518183585,0.276581224259562
1759043750.2683868,265.69000244140625,268.95001220703125,213.22000122070312,93.77999877929688,32.959999084472656,47.11000061035156,227.11000061035156,182.63999938964844,360.17999267578125,-4755.22998046875,0,-0.18466161903698852,0.08965856659771397,0.8528362935229438,-0.9045291114159254,-0.1915711463626155,-0.28326407861533587,0.25473328060666656
1759043750.2683868,265.69000244140625,268.95001220703125,213.22000122070312,93.77999877929688,32.959999084472656,47.11000061035156,227.11000061035156,182.63999938964844,360.17999267578125,-4755.22998046875,2,-0.18387030198192356,0.07392643677775414,0.866747355088709,-0.913682003395307,-0.013232235323494046,0.16861989845450612,0.36956384355761074
1759043750.299198,265.69000244140625,268.95001220703125,213.22000122070312,93.77999877929688,32.959999084472656,47.11000061035156,227.11000061035156,182.63999938964844,360.17999267578125,-4755.22998046875,0,-0.17586304275728687,0.08474794934206824,0.8091737595938349,-0.8924363171760515,-0.18326314342380076,-0.2676309404998711,0.3136012113095674
1759043750.332752,265.69000244140625,268.95001220703125,213.22000122070312,93.77999877929688,32.959999084472656,47.11000061035156,227.11000061035156,182.63999938964844,360.17999267578125,-4805.06982421875,0,-0.17586304275728687,0.08474794934206824,0.8091737595938349,-0.8924363171760515,-0.18326314342380076,-0.2676309404998711,0.3136012113095674
1759043750.4358327,265.69000244140625,268.95001220703125,213.22000122070312,93.77999877929688,32.959999084472656,47.11000061035156,227.11000061035156,182.63999938964844,360.17999267578125,-4853.06005859375,0,-0.18539128632173393,0.0891796573478622,0.8482568038087431,-0.9134063415418185,-0.18046577372997685,-0.2535815105660565,0.26233066393822263
1759043750.4358327,265.69000244140625,268.95001220703125,213.22000122070312,93.77999877929688,32.959999084472656,47.11000061035156,227.11000061035156,182.63999938964844,360.17999267578125,-4853.06005859375,2,-0.18378884841574805,0.07312790443691623,0.8584268985439504,0.831499822036045,-0.04139976932827083,0.329471394591194,0.445356829070494
1759043750.535471,265.69000244140625,268.95001220703125,213.22000122070312,93.77999877929688,32.959999084472656,47.11000061035156,227.11000061035156,182.63999938964844,360.17999267578125,-4901.47998046875,0,-0.1778990555975086,0.08542347036278944,0.8124837405578504,-0.9038477353848384,-0.18761681084991505,-0.25866712972643724,0.28451804780240675
1759043750.535471,265.69000244140625,268.95001220703125,213.22000122070312,93.77999877929688,32.959999084472656,47.11000061035156,227.11000061035156,182.63999938964844,360.17999267578125,-4901.47998046875,2,-0.18821085057660475,0.07524195209363477,0.8790624837767238,0.8336765917366501,-0.05367299058694586,0.3069665091580242,0.4559321360982938
1759043750.735419,265.69000244140625,268.95001220703125,213.22000122070312,93.77999877929688,32.959999084472656,47.11000061035156,227.11000061035156,182.63999938964844,360.17999267578125,-4999.47998046875,0,-0.1856703307818215,0.09125779865789527,0.8462398851271096,0.9024350409836611,0.08209676357912722,-0.08072905061124988,0.4151553186484029
1759043750.9441223,265.69000244140625,268.95001220703125,213.22000122070312,93.77999877929688,32.959999084472656,47.11000061035156,227.11000061035156,182.63999938964844,360.17999267578125,-5032.18017578125,0,-0.17793682783355128,0.08807412308946648,0.8126560049384705,-0.9043910326366106,-0.1878927181334168,-0.2580154132521162,0.2831982222459414
1759043750.9691331,265.69000244140625,268.95001220703125,213.22000122070312,93.77999877929688,32.959999084472656,47.11000061035156,227.11000061035156,182.63999938964844,360.17999267578125,-5032.18017578125,2,-0.18817036866018774,0.07807284638071729,0.8788730111915297,0.8328225980048339,-0.05331389438470669,0.30711369776866515,0.45743341106752594
1759043751.2731898,265.69000244140625,268.95001220703125,213.22000122070312,93.77999877929688,32.959999084472656,47.11000061035156,227.11000061035156,182.63999938964844,360.17999267578125,-5032.08984375,0,-0.1861990329288834,0.09048660734963954,0.8486474623540172,0.9144932303407675,0.09349492680456006,-0.07042744798533537,0.38729937373173096
1759043751.3053653,265.69000244140625,268.95001220703125,213.22000122070312,93.77999877929688,32.959999084472656,47.11000061035156,227.11000061035156,182.63999938964844,360.17999267578125,-5032.08984375,0,-0.17791795884687742,0.08674866479886509,0.8125699515188357,-0.9041198201898291,-0.18775499676606605,-0.2583414118473492,0.28385758199139927
1759043751.3675501,265.69000244140625,268.95001220703125,213.22000122070312,93.77999877929688,32.959999084472656,47.11000061035156,227.11000061035156,182.63999938964844,360.17999267578125,-5032.08984375,0,-0.1851269798865123,0.09030655795765617,0.8437606849149328,0.9009812692086165,0.08138177528059938,-0.08477119602844328,0.4176405194797504
1759043751.4369926,265.69000244140625,268.95001220703125,213.22000122070312,93.77999877929688,32.959999084472656,47.11000061035156,227.11000061035156,182.63999938964844,360.17999267578125,-5032.08984375,0,-0.18760637432936023,0.09251042693230284,0.8536606569002907,-0.9047201720044811,-0.1923156024910006,-0.2839131565190768,0.2527636029219398
1759043751.4369926,265.69000244140625,268.95001220703125,213.22000122070312,93.77999877929688,32.959999084472656,47.11000061035156,227.11000061035156,182.63999938964844,360.17999267578125,-5032.08984375,2,-0.1996655383652324,0.08259971431720829,0.9288039233066991,-0.9206326715409024,-0.012550169885784281,0.14416997666123715,0.36261962875277054
1759043752.0802755,265.69000244140625,268.95001220703125,213.22000122070312,93.77999877929688,32.959999084472656,47.11000061035156,227.11000061035156,182.63999938964844,360.17999267578125,-5032.18017578125,0,-0.19644787032293687,0.0964964219375237,0.8971402058493035,-0.9138583711648092,-0.1805805601162414,-0.22726799502159156,0.28390631764540275
1759043752.1007152,265.69000244140625,268.95001220703125,213.22000122070312,93.77999877929688,32.959999084472656,47.11000061035156,227.11000061035156,182.63999938964844,360.17999267578125,-5032.18017578125,0,-0.1843643919617623,0.09107817003663629,0.8435615274302436,-0.9008698417526416,-0.1769193085218454,-0.26531670794715834,0.29451677537417986
1759043752.639637,265.69000244140625,268.95001220703125,213.22000122070312,93.77999877929688,32.959999084472656,47.11000061035156,227.11000061035156,198.02000427246094,359.55999755859375,-5032.18017578125,0,-0.18794774669297107,0.09203409252387962,0.8566415949288709,0.8962626446605314,0.09336045443546553,-0.05510711934720299,0.4300701137384073
1759043752.7015872,265.69000244140625,268.95001220703125,213.22000122070312,93.77999877929688,32.959999084472656,47.11000061035156,227.11000061035156,198.02000427246094,359.55999755859375,-5032.18017578125,0,-0.1856703307818215,0.09125779865789527,0.8462398851271096,0.9024350409836611,0.08209676357912722,-0.08072905061124988,0.4151553186484029
1759043752.7681882,265.69000244140625,268.95001220703125,213.22000122070312,93.77999877929688,32.959999084472656,47.11000061035156,227.11000061035156,211.72999572753906,359.55999755859375,-5032.08984375,0,-0.18760637432936023,0.09251042693230284,0.8536606569002907,-0.9047201720044811,-0.1923156024910006,-0.2839131565190768,0.2527636029219398
1759043752.9356647,265.69000244140625,268.95001220703125,213.22000122070312,93.77999877929688,32.959999084472656,47.11000061035156,227.11000061035156,211.72999572753906,359.55999755859375,-5032.08984375,0,-0.17727373785682823,0.0874182838925656,0.8096288632344246,-0.8928631241528578,-0.18382604054465881,-0.2676749964519066,0.3120152634409789
1759043753.1137755,265.69000244140625,268.95001220703125,213.22000122070312,93.77999877929688,32.959999084472656,47.11000061035156,227.11000061035156,225.44000244140625,359.55999755859375,-5032.08984375,0,-0.18794774669297107,0.09203409252387962,0.8566415949288709,0.8962626446605314,0.09336045443546553,-0.05510711934720299,0.4300701137384073
1759043753.1377087,265.69000244140625,268.95001220703125,213.22000122070312,93.77999877929688,32.959999084472656,47.11000061035156,227.11000061035156,225.44000244140625,359.55999755859375,-5032.08984375,2,-0.19968805793560837,0.08110444669111826,0.9289089547197557,-0.9203929811554565,-0.012732325484698439,0.1441035024762717,0.36324761348368745
1759043753.2376094,265.69000244140625,268.95001220703125,213.22000122070312,93.77999877929688,32.959999084472656,47.11000061035156,227.11000061035156,239.14999389648438,359.55999755859375,-5032.18017578125,0,-0.1851269798865123,0.09030655795765617,0.8437606849149328,0.9009812692086165,0.08138177528059938,-0.08477119602844328,0.4176405194797504
1759043753.2376094,265.69000244140625,268.95001220703125,213.22000122070312,93.77999877929688,32.959999084472656,47.11000061035156,227.11000061035156,239.14999389648438,359.55999755859375,-5032.18017578125,2,-0.19968805793560837,0.08110444669111826,0.9289089547197557,-0.9203929811554565,-0.012732325484698439,0.1441035024762717,0.36324761348368745
1759043753.2718413,265.69000244140625,268.95001220703125,213.22000122070312,93.77999877929688,32.959999084472656,47.11000061035156,227.11000061035156,239.14999389648438,359.55999755859375,-5032.18017578125,0,-0.18794774669297107,0.09203409252387962,0.8566415949288709,0.8962626446605314,0.09336045443546553,-0.05510711934720299,0.4300701137384073
1759043753.3733428,265.69000244140625,268.95001220703125,213.22000122070312,93.77999877929688,32.959999084472656,47.11000061035156,227.11000061035156,252.77000427246094,359.55999755859375,-5032.08984375,0,-0.18794774669297107,0.09203409252387962,0.8566415949288709,0.8962626446605314,0.09336045443546553,-0.05510711934720299,0.4300701137384073
1759043753.468129,265.69000244140625,268.95001220703125,213.22000122070312,93.77999877929688,32.959999084472656,47.11000061035156,227.11000061035156,252.77000427246094,359.55999755859375,-5032.08984375,0,-0.17727373785682823,0.0874182838925656,0.8096288632344246,-0.8928631241528578,-0.18382604054465881,-0.2676749964519066,0.3120152634409789
1759043753.6037576,265.69000244140625,268.95001220703125,213.22000122070312,93.77999877929688,32.959999084472656,47.11000061035156,227.11000061035156,266.2200012207031,359.55999755859375,-5032.08984375,0,-0.18794774669297107,0.09203409252387962,0.8566415949288709,0.8962626446605314,0.09336045443546553,-0.05510711934720299,0.4300701137384073
1759043753.6348667,265.69000244140625,268.95001220703125,213.22000122070312,93.77999877929688,32.959999084472656,47.11000061035156,227.11000061035156,266.2200012207031,359.55999755859375,-5032.18017578125,0,-0.1851269798865123,0.09030655795765617,0.8437606849149328,0.9009812692086165,0.08138177528059938,-0.08477119602844328,0.4176405194797504
1759043753.9134924,265.69000244140625,268.95001220703125,213.22000122070312,93.77999877929688,32.959999084472656,47.11000061035156,227.11000061035156,272.20001220703125,359.4700012207031,-5032.08984375,0,-0.18564969069140355,0.08987708725555422,0.8461454998117931,0.902769147257143,0.08221146848761479,-0.08081232351762452,0.4143893212637167
1759043754.137475,265.69000244140625,268.95001220703125,213.22000122070312,93.77999877929688,32.959999084472656,47.11000061035156,227.11000061035156,272.20001220703125,359.55999755859375,-5032.08984375,2,-0.1905586864848154,0.07747861200728713,0.8883463494217987,0.8259311781673865,-0.06238878809067716,0.3334740555645608,0.4502670122459936
1759043754.2054873,265.69000244140625,268.95001220703125,213.22000122070312,93.77999877929688,32.959999084472656,47.11000061035156,227.11000061035156,272.20001220703125,359.4700012207031,-5032.08984375,0,-0.18794774669297107,0.09203409252387962,0.8566415949288709,0.8962626446605314,0.09336045443546553,-0.05510711934720299,0.4300701137384073
1759043754.472417,265.69000244140625,268.95001220703125,213.22000122070312,93.77999877929688,32.959999084472656,47.11000061035156,227.11000061035156,272.20001220703125,359.55999755859375,-5032.08984375,0,-0.17923952444938943,0.08723030212989541,0.8171070099143563,-0.8961562031455137,-0.19890083252723292,-0.2855551593889002,0.27531939512168485
1759043754.5035799,265.69000244140625,268.95001220703125,213.22000122070312,93.77999877929688,32.959999084472656,47.11000061035156,227.11000061035156,272.20001220703125,359.55999755859375,-5032.08984375,0,-0.18758009868994308,0.09111498935158284,0.8535412069083539,-0.9044579376566706,-0.19215876890609485,-0.28425565679407216,0.25343553050609724
1759043754.6701984,265.69000244140625,268.95001220703125,213.22000122070312,93.77999877929688,32.959999084472656,47.11000061035156,227.11000061035156,272.20001220703125,359.55999755859375,-5032.18017578125,0,-0.17923952444938943,0.08723030212989541,0.8171070099143563,-0.8961562031455137,-0.19890083252723292,-0.2855551593889002,0.27531939512168485
1759043754.7037206,265.69000244140625,268.95001220703125,213.22000122070312,93.77999877929688,32.959999084472656,47.11000061035156,227.11000061035156,272.20001220703125,359.55999755859375,-5032.18017578125,0,-0.1861990329288834,0.09048660734963954,0.8486474623540172,0.9144932303407675,0.09349492680456006,-0.07042744798533537,0.38729937373173096
1759043754.9795408,265.69000244140625,268.95001220703125,213.22000122070312,93.77999877929688,32.959999084472656,47.11000061035156,227.11000061035156,290.4800109863281,359.3800048828125,-5032.08984375,0,-0.18564969069140355,0.08987708725555422,0.8461454998117931,0.902769147257143,0.08221146848761479,-0.08081232351762452,0.4143893212637167
1759043755.207089,265.69000244140625,268.95001220703125,213.22000122070312,93.77999877929688,32.959999084472656,47.11000061035156,227.11000061035156,304.1000061035156,359.3800048828125,-5032.08984375,0,-0.18571557914069972,0.08542118305846796,0.8450045262906387,-0.9076538222104125,-0.17619597056491335,-0.20932810335745247,0.31827859514627904
1759043755.2713544,265.69000244140625,268.95001220703125,213.22000122070312,93.77999877929688,32.959999084472656,47.11000061035156,227.11000061035156,304.1000061035156,359.3800048828125,-5032.08984375,0,-0.1878744146871928,0.08506305565576722,0.8563060143202037,0.8980366037970646,0.0938478788623292,-0.05544140622430136,0.426203102228911
1759043755.3021507,265.69000244140625,268.95001220703125,213.22000122070312,93.77999877929688,32.959999084472656,47.11000061035156,227.11000061035156,304.1000061035156,359.3800048828125,-5032.08984375,2,-0.19980256793469464,0.07362370165386484,0.9294430185661341,-0.9191835074886715,-0.013640440526133779,0.14376165928184476,0.36639896733425326
1759043755.3361077,265.69000244140625,268.95001220703125,213.22000122070312,93.77999877929688,32.959999084472656,47.11000061035156,227.11000061035156,304.1000061035156,359.3800048828125,-5032.08984375,0,-0.18554627331744025,0.08297801445441735,0.8456725843062208,0.9044227240975704,0.08278795873656859,-0.08122773981212884,0.41057002363686435
1759043755.3720684,265.69000244140625,268.95001220703125,213.22000122070312,93.77999877929688,32.959999084472656,47.11000061035156,227.11000061035156,317.3699951171875,359.3800048828125,-5032.08984375,0,-0.17780440012138266,0.07880161687733928,0.8120520291245592,-0.9024737515647928,-0.18692013378156158,-0.26028726232870014,0.28784115826803214
1759043755.3720684,265.69000244140625,268.95001220703125,213.22000122070312,93.77999877929688,32.959999084472656,47.11000061035156,227.11000061035156,317.3699951171875,359.3800048828125,-5032.08984375,2,-0.1906872212440142,0.06889174830857318,0.888946877508911,0.8284479391625226,-0.0635869311391284,0.33301879394187833,0.445790530593881
1759043755.4060044,265.69000244140625,268.95001220703125,213.22000122070312,93.77999877929688,32.959999084472656,47.11000061035156,227.11000061035156,317.3699951171875,359.3800048828125,-5032.08984375,0,-0.18607241505017544,0.08218304060342282,0.8480684218724998,0.9163467947591715,0.09415737012180726,-0.07101717981506156,0.38262187804339304
1759043755.7508442,265.69000244140625,268.95001220703125,213.22000122070312,93.77999877929688,32.959999084472656,47.11000061035156,227.11000061035156,344.3599853515625,359.3800048828125,-5032.08984375,0,-0.18526620507775254,0.08088152588814941,0.8476853277966719,-0.9118321653136586,-0.1796697058912087,-0.2556037343641128,0.26635996332687006
1759043755.7508442,265.69000244140625,268.95001220703125,213.22000122070312,93.77999877929688,32.959999084472656,47.11000061035156,227.11000061035156,344.3599853515625,359.3800048828125,-5032.08984375,2,-0.19434539662603006,0.06871123966067014,0.909225262276229,-0.9090388675646518,0.0026460862684394844,0.12166421502513844,0.39854630128324153
1759043755.7810888,265.69000244140625,268.95001220703125,213.22000122070312,93.77999877929688,32.959999084472656,47.11000061035156,227.11000061035156,344.3599853515625,359.3800048828125,-5032.08984375,2,-0.18298454255320998,0.06415793558074485,0.854665067767207,0.8204857962481076,-0.03492204723435355,0.33255729740360107,0.46366922769975094
1759043755.8370638,265.69000244140625,268.95001220703125,213.22000122070312,93.77999877929688,32.959999084472656,47.11000061035156,227.11000061035156,344.3599853515625,359.3800048828125,-5032.08984375,0,-0.1777664486969459,0.07615479593819861,0.8118789276396724,-0.9019177738464588,-0.18663866881618643,-0.2609317429429022,0.28917980919688924
1759043755.8697789,265.69000244140625,268.95001220703125,213.22000122070312,93.77999877929688,32.959999084472656,47.11000061035156,227.11000061035156,344.3599853515625,359.3800048828125,-5032.08984375,0,-0.185484134131476,0.07884220828115247,0.8453884309152025,0.9054014184861459,0.0831365454204307,-0.08147549118946347,0.40828706880608806
1759043755.9029434,265.69000244140625,268.95001220703125,213.22000122070312,93.77999877929688,32.959999084472656,47.11000061035156,227.11000061035156,344.3599853515625,359.3800048828125,-5032.08984375,0,-0.1900749218900137,0.08006850979814363,0.8648653977261951,-0.905016338856713,-0.20274142308774645,-0.25766827423493666,0.27101365688750156
1759043755.9367003,265.69000244140625,268.95001220703125,213.22000122070312,93.77999877929688,32.959999084472656,47.11000061035156,227.11000061035156,344.3599853515625,359.3800048828125,-5032.08984375,0,-0.18666192691446,0.07814478648518283,0.8477868888500883,-0.9111584553402362,-0.17962328487477974,-0.2569419061084953,0.26740718329566554
1759043755.9701083,265.69000244140625,268.95001220703125,213.22000122070312,93.77999877929688,32.959999084472656,47.11000061035156,227.11000061035156,357.6300048828125,359.3800048828125,-5032.08984375,0,-0.1791249903019742,0.07485774445023143,0.8120746593210033,-0.901491459901824,-0.18673836887001494,-0.2619131577569535,0.28955729503783145
1759043756.0369737,265.69000244140625,268.95001220703125,213.22000122070312,93.77999877929688,32.959999084472656,47.11000061035156,227.11000061035156,357.6300048828125,359.3800048828125,-5032.08984375,0,-0.1874259726601435,0.07668004204086726,0.8479745414034209,0.9176866442750986,0.09437109696686416,-0.07065037170568211,0.3794124984159433
1759043756.1041884,265.69000244140625,268.95001220703125,213.22000122070312,93.77999877929688,32.959999084472656,47.11000061035156,227.11000061035156,357.6300048828125,359.3800048828125,-5032.08984375,0,-0.185160261355565,0.0754000100365532,0.836340693044116,-0.9052402879483804,-0.16445998728713096,-0.24034487252044479,0.3093982480716098
1759043756.2090387,265.69000244140625,268.95001220703125,213.22000122070312,93.77999877929688,32.959999084472656,47.11000061035156,227.11000061035156,359.4700012207031,359.3800048828125,-5032.08984375,0,-0.18740447811644925,0.07529789456352787,0.8478769703376021,0.9179864154566834,0.09448276330472344,-0.07074913744813513,0.3786403412549143
1759043756.3135695,265.69000244140625,268.95001220703125,213.22000122070312,93.77999877929688,32.959999084472656,47.11000061035156,227.11000061035156,359.4700012207031,359.3800048828125,-5032.18017578125,0,-0.1791057189738527,0.07353451103737683,0.8119874022383661,-0.901210786300043,-0.18659661541478853,-0.2622354030466886,0.29022993498456395
1759043756.3135695,265.69000244140625,268.95001220703125,213.22000122070312,93.77999877929688,32.959999084472656,47.11000061035156,227.11000061035156,359.4700012207031,359.3800048828125,-5032.18017578125,2,-0.18986650460704954,0.06250356082211178,0.8801368178568184,0.8372649484644236,-0.055583841619834984,0.3070190751445735,0.44904023218528893
1759043756.4079356,265.69000244140625,268.95001220703125,213.22000122070312,93.77999877929688,32.959999084472656,47.11000061035156,227.11000061035156,359.4700012207031,359.3800048828125,-5032.08984375,0,-0.18546340326813326,0.07746421471715963,0.8452936321161493,0.9057253160183267,0.08325309206252957,-0.08155787679947327,0.40752777490312525
1759043756.4432554,265.69000244140625,268.95001220703125,213.22000122070312,93.77999877929688,32.959999084472656,47.11000061035156,227.11000061035156,359.4700012207031,359.3800048828125,-5032.08984375,0,-0.17903219386340233,0.07523194339089209,0.8161626240230703,-0.8936601521830051,-0.19743675078740663,-0.2885071496583626,0.28134300495083714
1759043757.646279,265.69000244140625,268.95001220703125,213.22000122070312,93.77999877929688,32.959999084472656,47.11000061035156,227.11000061035156,359.4700012207031,359.3800048828125,-5032.08984375,0,-0.18821723934912898,0.07792346098813954,0.8578696223785784,0.9119059964567415,0.10602387784121148,-0.04133464920533527,0.39430678123616025
1759043757.705362,265.69000244140625,268.95001220703125,213.22000122070312,93.77999877929688,32.959999084472656,47.11000061035156,227.11000061035156,359.4700012207031,359.3800048828125,-5032.08984375,0,-0.1770860168948344,0.07422590483346773,0.8087722959686569,-0.8899201457244966,-0.1823204468461339,-0.27066765204752086,0.31865406168853244
1759043757.7735734,265.69000244140625,268.95001220703125,213.22000122070312,93.77999877929688,32.959999084472656,47.11000061035156,227.11000061035156,359.4700012207031,359.3800048828125,-5032.08984375,0,-0.1873440608033942,0.07857365491787045,0.8524681041379744,-0.9020597817453144,-0.19072892518519785,-0.28730794751893846,0.25954724145663716
1759043757.7735734,265.69000244140625,268.95001220703125,213.22000122070312,93.77999877929688,32.959999084472656,47.11000061035156,227.11000061035156,359.4700012207031,359.3800048828125,-5032.08984375,2,-0.19989646510139136,0.06763365270154206,0.9298809328223627,-0.9182021553873332,-0.014363985069992369,0.143476911177525,0.36893475538897325
1759043757.9734886,265.69000244140625,268.95001220703125,213.22000122070312,93.77999877929688,32.959999084472656,47.11000061035156,227.11000061035156,359.4700012207031,359.3800048828125,-5032.08984375,0,-0.1791249903019742,0.07485774445023143,0.8120746593210033,-0.901491459901824,-0.18673836887001494,-0.2619131577569535,0.28955729503783145
1759043758.2418442,265.69000244140625,268.95001220703125,213.22000122070312,93.77999877929688,32.959999084472656,47.11000061035156,227.11000061035156,359.4700012207031,359.3800048828125,-5032.18017578125,2,-0.19590719562134862,0.06579558967326045,0.9096374165502605,-0.9086084322241416,0.0019862428326735677,0.12093763685239936,0.39975099715091933
1759043758.6469405,265.69000244140625,268.95001220703125,213.22000122070312,93.77999877929688,32.959999084472656,47.11000061035156,227.11000061035156,359.4700012207031,359.3800048828125,-5032.08984375,0,-0.18546340326813326,0.07746421471715963,0.8452936321161493,0.9057253160183267,0.08325309206252957,-0.08155787679947327,0.40752777490312525
1759043758.6728764,265.69000244140625,268.95001220703125,213.22000122070312,93.77999877929688,32.959999084472656,47.11000061035156,227.11000061035156,359.4700012207031,359.3800048828125,-5032.08984375,0,-0.18821723934912898,0.07792346098813954,0.8578696223785784,0.9119059964567415,0.10602387784121148,-0.04133464920533527,0.39430678123616025
1759043759.0905778,265.69000244140625,268.95001220703125,213.22000122070312,93.77999877929688,32.959999084472656,47.11000061035156,227.11000061035156,372.29998779296875,359.1199951171875,-5032.08984375,0,-0.1874259726601435,0.07668004204086726,0.8479745414034209,0.9176866442750986,0.09437109696686416,-0.07065037170568211,0.3794124984159433
1759043759.0905778,265.69000244140625,268.95001220703125,213.22000122070312,93.77999877929688,32.959999084472656,47.11000061035156,227.11000061035156,372.29998779296875,359.1199951171875,-5032.08984375,2,-0.19225711600937945,0.06317499067409287,0.8895474066505468,0.8298676517438343,-0.06467356356171118,0.33345146055639596,0.44265916258246574
1759043759.1392546,265.69000244140625,268.95001220703125,213.22000122070312,93.77999877929688,32.959999084472656,47.11000061035156,227.11000061035156,372.29998779296875,359.1199951171875,-5032.08984375,0,-0.1896596907045345,0.07655517993929958,0.8581071110343105,0.9123352990087433,0.10587596338637403,-0.04063648944818145,0.3934250351527744
1759043759.207198,265.69000244140625,268.95001220703125,213.22000122070312,93.77999877929688,32.959999084472656,47.11000061035156,227.11000061035156,385.92999267578125,359.2099914550781,-5032.08984375,0,-0.1868347974288911,0.07335743708794018,0.8453011442008167,0.9068229780539654,0.08334611810620834,-0.08106303363806361,0.4051595928117188
1759043759.3088367,265.69000244140625,268.95001220703125,213.22000122070312,93.77999877929688,32.959999084472656,47.11000061035156,227.11000061035156,385.92999267578125,359.2099914550781,-5032.08984375,2,-0.18991002225619558,0.05533175594706291,0.8737732802632384,0.8240080474805049,-0.04895683167518472,0.3135893334409181,0.46933537717902146
1759043759.405748,265.69000244140625,268.95001220703125,213.22000122070312,93.77999877929688,32.959999084472656,47.11000061035156,227.11000061035156,399.4599914550781,359.1199951171875,-5032.08984375,0,-0.18794999967186166,0.0685014061250886,0.847402247976705,-0.9091192877997223,-0.17889183174152373,-0.2599555076333281,0.2718877840907656
1759043759.6944523,265.69000244140625,268.95001220703125,213.22000122070312,93.77999877929688,32.959999084472656,47.11000061035156,227.11000061035156,412.9100036621094,359.1199951171875,-5032.08984375,0,-0.18644947299197262,0.06433985448979462,0.8468232147835185,-0.9084383694815441,-0.1782561919096833,-0.2602677724094344,0.27427202836709896
1759043759.9231603,265.69000244140625,268.95001220703125,213.22000122070312,93.77999877929688,32.959999084472656,47.11000061035156,227.11000061035156,426.17999267578125,359.1199951171875,-5032.08984375,0,-0.186321628045379,0.06395219386611499,0.8462449887403657,-0.9181512688260649,-0.1822433991792978,-0.2537079945844129,0.2437577578101216
1759043759.9455905,265.69000244140625,268.95001220703125,213.22000122070312,93.77999877929688,32.959999084472656,47.11000061035156,227.11000061035156,439.5400085449219,359.1199951171875,-5032.08984375,0,-0.18721066792543015,0.06287264337492722,0.8469972130354507,0.9206313409510454,0.09549649311587077,-0.07163089122089339,0.37173561745432876
1759043760.1510975,265.69000244140625,268.95001220703125,213.22000122070312,93.77999877929688,32.959999084472656,47.11000061035156,227.11000061035156,444.80999755859375,359.2099914550781,-5032.08984375,0,-0.18177340484860813,0.05611908422673419,0.8121530470364673,-0.9077648192180436,-0.1890767886488779,-0.2599454545737424,0.26952061448191766
1759043760.1775048,265.69000244140625,268.95001220703125,213.22000122070312,93.77999877929688,32.959999084472656,47.11000061035156,227.11000061035156,444.80999755859375,359.2099914550781,-5032.08984375,2,-0.195561503171473,0.043096432185617074,0.8914732698084917,0.8351322841629117,-0.06805534229603216,0.3336847081155941,0.43194566082276875
1759043761.1207604,265.69000244140625,268.95001220703125,213.22000122070312,93.77999877929688,32.959999084472656,47.11000061035156,227.11000061035156,444.80999755859375,359.1199951171875,-5032.08984375,0,-0.1892348303203351,0.05886613139912545,0.8470086248943858,-0.9070283193734867,-0.17814017383908334,-0.2629579552128438,0.2764395415083909
1759043761.3757234,265.69000244140625,268.95001220703125,213.22000122070312,93.77999877929688,32.959999084472656,47.11000061035156,227.11000061035156,444.80999755859375,359.1199951171875,-5032.08984375,0,-0.1856546083401788,0.05986859114655755,0.8338132665646681,0.9357580280752928,0.09562785912956573,-0.09239681191401969,0.326611473465126
1759043761.4114106,265.69000244140625,268.95001220703125,213.22000122070312,93.77999877929688,32.959999084472656,47.11000061035156,227.11000061035156,444.80999755859375,359.1199951171875,-5032.08984375,0,-0.1802490891879383,0.057697163127588484,0.811213655173806,-0.8976191908518146,-0.18510512443357865,-0.2667349375283812,0.29810795733206047
1759043761.507901,265.69000244140625,268.95001220703125,213.22000122070312,93.77999877929688,32.959999084472656,47.11000061035156,227.11000061035156,444.80999755859375,359.1199951171875,-5032.08984375,0,-0.18779893464170225,0.05884629556453058,0.8467219765013018,-0.9071764300077885,-0.17791962790650692,-0.2622690890989154,0.2767498071312054
1759043761.5760224,265.69000244140625,268.95001220703125,213.22000122070312,93.77999877929688,32.959999084472656,47.11000061035156,227.11000061035156,444.80999755859375,359.2099914550781,-5032.08984375,0,-0.18100553505495948,0.056390461369082066,0.8161208292889551,-0.9003359159223053,-0.19901227561548446,-0.28691717957189855,0.2597458078991785
1759043761.641501,265.69000244140625,268.95001220703125,213.22000122070312,93.77999877929688,32.959999084472656,47.11000061035156,227.11000061035156,444.80999755859375,359.2099914550781,-5032.08984375,0,-0.18831445512296374,0.05876884730540737,0.8506188792043903,-0.9080335947395282,-0.19240042132892793,-0.2872351859064188,0.2365439000992551
1759043761.9208205,265.69000244140625,268.95001220703125,213.22000122070312,93.77999877929688,32.959999084472656,47.11000061035156,227.11000061035156,444.80999755859375,359.2099914550781,-5032.08984375,2,-0.1900678729952466,0.04546247112145486,0.8745009534642297,0.8270061937561096,-0.050271275261761325,0.31307411403061225,0.46423932782190647
1759043762.0419197,265.69000244140625,268.95001220703125,213.22000122070312,93.77999877929688,32.959999084472656,47.11000061035156,227.3699951171875,444.80999755859375,359.1199951171875,-5032.08984375,0,-0.1802490891879383,0.057697163127588484,0.811213655173806,-0.8976191908518146,-0.18510512443357865,-0.2667349375283812,0.29810795733206047
1759043762.1428323,265.69000244140625,268.95001220703125,213.22000122070312,93.77999877929688,32.959999084472656,47.11000061035156,227.3699951171875,444.80999755859375,359.1199951171875,-5032.18017578125,0,-0.18858155699838636,0.058756473448134255,0.8469899612848089,0.9216169669434117,0.09560350231713145,-0.07118374179708459,0.36934402863792276
1759043762.2464352,265.69000244140625,268.95001220703125,213.22000122070312,93.77999877929688,32.959999084472656,47.11000061035156,234.83999633789062,444.1099853515625,359.1199951171875,-5032.08984375,0,-0.18177340484860813,0.05611908422673419,0.8121530470364673,-0.9077648192180436,-0.1890767886488779,-0.2599454545737424,0.26952061448191766
1759043762.3130305,265.69000244140625,268.95001220703125,213.22000122070312,93.77999877929688,32.959999084472656,47.11000061035156,234.83999633789062,444.1099853515625,359.1199951171875,-5032.08984375,0,-0.18997405597566194,0.056018652604254024,0.8470794826415493,0.9223089872811865,0.09559731239405547,-0.07064541189658731,0.36771797837656356
1759043762.9526498,265.69000244140625,268.95001220703125,213.22000122070312,93.77999877929688,32.959999084472656,47.11000061035156,286.3500061035156,444.1099853515625,359.1199951171875,-5032.08984375,0,-0.17992322714225945,0.03021170301168124,0.8142223482817396,-0.9049290001569811,-0.19928958473572395,-0.2883692599287139,0.24130962686746507
1759043762.9762044,265.69000244140625,268.95001220703125,213.22000122070312,93.77999877929688,32.959999084472656,47.11000061035156,286.3500061035156,444.1099853515625,359.1199951171875,-5032.08984375,0,-0.1866058657853308,0.031394133511554276,0.8488874628785532,0.9458656151729613,0.13154734653213723,-0.0917421703840934,0.2821646821043437
1759043763.050125,265.69000244140625,268.95001220703125,213.22000122070312,93.77999877929688,32.959999084472656,47.11000061035156,286.3500061035156,444.1099853515625,359.1199951171875,-5032.18017578125,0,-0.178550051008863,0.030202663858328642,0.8139761872677526,-0.9051076109013692,-0.19910969913407406,-0.28763575852357254,0.24166342465860113
1759043763.252709,265.69000244140625,268.95001220703125,213.22000122070312,93.77999877929688,32.959999084472656,47.11000061035156,299.2699890136719,444.1099853515625,359.1199951171875,-5032.18017578125,0,-0.17930697975152776,0.030103873844938848,0.8141948828846137,0.9364088644749536,0.13205323311132944,-0.09384389898073159,0.3112775365837811
1759043763.2771633,265.69000244140625,268.95001220703125,213.22000122070312,93.77999877929688,32.959999084472656,47.11000061035156,299.2699890136719,444.1099853515625,359.1199951171875,-5032.18017578125,0,-0.1901317101041095,0.03087539426223666,0.8603455969104657,-0.9290943985660799,-0.19446433400660534,-0.21103084053194332,0.23330924905987607
1759043763.3154542,265.69000244140625,268.95001220703125,213.22000122070312,93.77999877929688,32.959999084472656,47.11000061035156,299.2699890136719,444.1099853515625,359.1199951171875,-5032.18017578125,0,-0.18800678991132402,0.030023300508163354,0.8490025096091066,0.9461812398967597,0.13149974597022415,-0.09116237753741091,0.281315301750409
1759043763.3433676,265.69000244140625,268.95001220703125,213.22000122070312,93.77999877929688,32.959999084472656,47.11000061035156,299.2699890136719,444.1099853515625,359.1199951171875,-5032.08984375,0,-0.19142462615762976,0.029626712618864588,0.8646394343847867,-0.9186754469725094,-0.2048840395469123,-0.2527210700179762,0.22403127959677555
1759043763.3764918,265.69000244140625,268.95001220703125,213.22000122070312,93.77999877929688,32.959999084472656,47.11000061035156,311.30999755859375,444.1099853515625,359.1199951171875,-5032.08984375,0,-0.1918467141777948,0.028538810697225997,0.8663743583746626,0.9547301468509946,0.15550245559604786,-0.04306845284688891,0.2499088661229389
1759043763.817768,265.69000244140625,268.95001220703125,213.22000122070312,93.77999877929688,32.959999084472656,47.20000076293945,311.9200134277344,444.1099853515625,359.1199951171875,-5032.08984375,0,-0.1878339659840767,0.021752427016914166,0.8482199824330747,0.9472742458716207,0.13228265048135435,-0.09182571406612626,0.2770213741324422
1759043763.8520548,265.69000244140625,268.95001220703125,213.22000122070312,93.77999877929688,32.959999084472656,47.20000076293945,311.9200134277344,444.1099853515625,359.1199951171875,-5032.08984375,0,-0.17977286740499285,0.022280438982947032,0.8135424872248894,-0.9032582902599583,-0.1983125284105257,-0.2904808602521812,0.24579965821626787
1759043763.8773243,265.69000244140625,268.95001220703125,213.22000122070312,93.77999877929688,32.959999084472656,47.20000076293945,311.9200134277344,444.1099853515625,359.1199951171875,-5032.08984375,0,-0.18660310105534575,0.024579544018127907,0.8475261238780094,-0.9237455584194252,-0.18158349096762585,-0.25224196218424266,0.2238204003701131
1759043763.9449477,265.69000244140625,268.95001220703125,213.22000122070312,93.77999877929688,32.959999084472656,47.11000061035156,311.9200134277344,444.1099853515625,359.1199951171875,-5032.08984375,0,-0.1903596957104152,0.02712359576643078,0.8659949690569044,0.9548012907433202,0.1557396216168334,-0.04394927231878375,0.24933537036727219
1759043764.011006,265.69000244140625,268.95001220703125,213.22000122070312,93.77999877929688,32.959999084472656,47.11000061035156,311.9200134277344,444.1099853515625,359.1199951171875,-5032.08984375,0,-0.18512069800862474,0.0286271901326799,0.8483835638457705,0.9461075504515959,0.13198639974921011,-0.09265423014019794,0.2808474441700515
1759043764.1487846,265.69000244140625,268.95001220703125,213.22000122070312,93.77999877929688,32.959999084472656,47.20000076293945,311.9200134277344,444.1099853515625,359.1199951171875,-5032.08984375,0,-0.1885255103179623,0.03101131295526554,0.8641929749334836,-0.9192176871768333,-0.20468202241339672,-0.25086843012260646,0.22407397004081972
1759043764.2466316,265.69000244140625,268.95001220703125,213.22000122070312,93.77999877929688,32.959999084472656,47.20000076293945,311.9200134277344,444.1099853515625,359.1199951171875,-5032.08984375,0,-0.17852525305468175,0.02888027984219222,0.8138632379734261,-0.9048319118083925,-0.19894781725995883,-0.28798866315076554,0.2424077294091555
1759043764.2815354,265.69000244140625,268.95001220703125,213.22000122070312,93.77999877929688,32.959999084472656,47.20000076293945,311.9200134277344,444.1099853515625,359.1199951171875,-5032.08984375,0,-0.1899635042581707,0.029617409192274798,0.8643653185258532,-0.9188172586059864,-0.20471773328628323,-0.2519920666416767,0.2244225775530683
1759043764.3110046,265.69000244140625,268.95001220703125,213.22000122070312,93.77999877929688,32.959999084472656,47.20000076293945,311.9200134277344,444.1099853515625,359.1199951171875,-5032.08984375,0,-0.18742382972418106,0.027238847098192395,0.847949902402805,0.9493036687996209,0.12167750233506619,-0.05223996323530359,0.2851107084454282
1759043764.8771749,265.69000244140625,268.95001220703125,213.22000122070312,93.77999877929688,32.959999084472656,47.11000061035156,311.9200134277344,444.1099853515625,359.1199951171875,-5032.18017578125,0,-0.18292968482043073,0.02624526662116254,0.827631922596048,0.9345705033188437,0.1434550992275614,-0.06026694038058726,0.3199476593587405
1759043764.948167,265.69000244140625,268.95001220703125,213.22000122070312,93.77999877929688,32.959999084472656,47.11000061035156,311.9200134277344,444.1099853515625,359.1199951171875,-5032.18017578125,0,-0.18654870017479874,0.02863543983307582,0.8486267066249286,0.9462368850895826,0.13180783083613945,-0.09196389871560726,0.2807224507574365
1759043764.9786243,265.69000244140625,268.95001220703125,213.22000122070312,93.77999877929688,32.959999084472656,47.11000061035156,311.9200134277344,444.1099853515625,359.1199951171875,-5032.18017578125,0,-0.1899635042581707,0.029617409192274798,0.8643653185258532,-0.9188172586059864,-0.20471773328628323,-0.2519920666416767,0.2244225775530683
1759043765.0440795,265.69000244140625,268.95001220703125,213.22000122070312,93.77999877929688,32.959999084472656,47.11000061035156,311.9200134277344,444.1099853515625,359.1199951171875,-5032.08984375,0,-0.1852651735258801,0.030076190695253115,0.8476865553041844,-0.9249343005853273,-0.18193425690697923,-0.2499662466689777,0.2211636075186438
1759043765.6099007,265.69000244140625,268.95001220703125,213.22000122070312,93.77999877929688,32.959999084472656,47.20000076293945,311.9200134277344,444.1099853515625,359.1199951171875,-5032.08984375,2,-0.20455569836401297,0.009648048457426067,0.9376300299891678,0.8110483053840314,-0.049046032116374934,0.32263329204665836,0.4854924221143583
1759043765.650026,265.69000244140625,268.95001220703125,213.22000122070312,93.77999877929688,32.959999084472656,47.20000076293945,311.9200134277344,444.1099853515625,359.1199951171875,-5032.08984375,0,-0.19325900528658294,0.02573346959230207,0.8664121078828675,0.9551723876886025,0.15555226198873606,-0.04268572401161424,0.24824812698799184
1759043765.679126,265.69000244140625,268.95001220703125,213.22000122070312,93.77999877929688,32.959999084472656,47.20000076293945,311.9200134277344,444.1099853515625,359.1199951171875,-5032.08984375,0,-0.18934941731825583,0.025893409112977234,0.8488538412539641,0.946860577066081,0.1317125892657578,-0.09081245714898786,0.279033938891959
1759043765.7115958,265.69000244140625,268.95001220703125,213.22000122070312,93.77999877929688,32.959999084472656,47.20000076293945,311.9200134277344,444.1099853515625,359.1199951171875,-5032.08984375,0,-0.1845478041225991,0.026060137569950598,0.82904078970491,-0.9197849199686011,-0.21406592778257555,-0.2487102916219955,0.2152084347841439
1759043765.7445707,265.69000244140625,268.95001220703125,213.22000122070312,93.77999877929688,32.959999084472656,47.11000061035156,311.9200134277344,444.1099853515625,359.2099914550781,-5032.08984375,0,-0.18053682031904886,0.026087056603736503,0.812333423813425,0.939105997728542,0.1218163894912876,-0.05935085038696896,0.31578183741300003
1759043765.811515,265.69000244140625,268.95001220703125,213.22000122070312,93.77999877929688,32.959999084472656,47.11000061035156,311.9200134277344,444.1099853515625,359.2099914550781,-5032.08984375,0,-0.1879778099417261,0.028643738673803047,0.8488712910781058,0.946365995025927,0.13162982951880903,-0.09127466004978563,0.28059566616794457
1759043765.8449488,265.69000244140625,268.95001220703125,213.22000122070312,93.77999877929688,32.959999084472656,47.11000061035156,311.9200134277344,444.1099853515625,359.2099914550781,-5032.08984375,0,-0.19142462615762976,0.029626712618864588,0.8646394343847867,-0.9186754469725094,-0.2048840395469123,-0.2527210700179762,0.22403127959677555
1759043766.0531197,265.69000244140625,268.95001220703125,213.22000122070312,93.77999877929688,32.959999084472656,47.11000061035156,311.9200134277344,444.0199890136719,359.1199951171875,-5032.08984375,0,-0.18654870017479874,0.02863543983307582,0.8486267066249286,0.9462368850895826,0.13180783083613945,-0.09196389871560726,0.2807224507574365
1759043766.083595,265.69000244140625,268.95001220703125,213.22000122070312,93.77999877929688,32.959999084472656,47.11000061035156,311.9200134277344,444.0199890136719,359.1199951171875,-5032.08984375,0,-0.19038448602699773,0.028529972920169577,0.8661081198871412,0.9546293477085845,0.1556439045820397,-0.04378664212784424,0.2500810137357646
1759043766.3504822,265.69000244140625,268.95001220703125,213.22000122070312,93.77999877929688,32.959999084472656,47.20000076293945,315.9700012207031,444.1099853515625,359.1199951171875,-5032.18017578125,0,-0.18289090601227076,0.02355921187448868,0.8274558134083686,0.9350373444588738,0.14367456320523578,-0.060449859507379786,0.31844716805244194
1759043766.4175355,265.69000244140625,268.95001220703125,213.22000122070312,93.77999877929688,32.959999084472656,47.20000076293945,315.9700012207031,444.1099853515625,359.1199951171875,-5032.18017578125,0,-0.1900729886648077,0.02529363562172658,0.8600807800380295,-0.9280807728924878,-0.194071013134828,-0.2126463794122135,0.2361864478986483
1759043766.4473627,265.69000244140625,268.95001220703125,213.22000122070312,93.77999877929688,32.959999084472656,47.20000076293945,315.9700012207031,444.1099853515625,359.1199951171875,-5032.08984375,0,-0.18792006215590495,0.025885919611849297,0.8486098152348586,0.9467323840355636,0.1318905039628236,-0.09149712982255777,0.2791611778471436
1759043766.5122678,265.69000244140625,268.95001220703125,213.22000122070312,93.77999877929688,32.959999084472656,47.20000076293945,315.9700012207031,444.1099853515625,359.1199951171875,-5032.08984375,0,-0.1913872429652016,0.02601548372128907,0.8643016643447436,0.9441301666992458,0.14331917844643066,-0.05533160194359215,0.29157547092348246
1759043767.159899,265.69000244140625,268.95001220703125,213.22000122070312,93.77999877929688,32.959999084472656,47.20000076293945,368.1700134277344,444.1099853515625,359.2099914550781,-5032.08984375,0,-0.18875562157100198,0.0011996298429869288,0.8781600567244069,0.9623870225132961,0.18124055798447467,0.016645324205549435,0.2017077396174003
1759043767.1801724,265.69000244140625,268.95001220703125,213.22000122070312,93.77999877929688,32.959999084472656,47.20000076293945,368.1700134277344,444.1099853515625,359.2099914550781,-5032.08984375,0,-0.17992576654619222,-0.00022403622875136574,0.8402073269157557,0.9519242654991493,0.19030130813626495,-0.046753753173082155,0.23545634720636055
1759043767.4121501,265.69000244140625,268.95001220703125,213.22000122070312,93.77999877929688,32.959999084472656,47.20000076293945,381.3599853515625,444.1099853515625,359.2099914550781,-5032.08984375,0,-0.17704195865880268,-0.004302875877718697,0.8394419013046711,0.952185649061891,0.1908837916581015,-0.04849316032319538,0.2335685792324838
1759043767.5133452,265.69000244140625,268.95001220703125,213.22000122070312,93.77999877929688,32.959999084472656,47.20000076293945,381.3599853515625,444.1099853515625,359.2099914550781,-5032.08984375,0,-0.18452714072439624,-0.005826572605206192,0.8767992995017534,-0.9314129591091203,-0.2279119639272194,-0.2419492832215324,0.14827872622536564
1759043767.7304435,265.69000244140625,268.95001220703125,213.22000122070312,93.77999877929688,32.959999084472656,47.20000076293945,394.19000244140625,444.1099853515625,359.2099914550781,-5032.08984375,0,-0.17555419056950142,-0.009734397305787939,0.838830256049125,0.9526791304546313,0.19142090494119995,-0.04963955296867872,0.23086018783837448
1759043767.7497375,265.69000244140625,268.95001220703125,213.22000122070312,93.77999877929688,32.959999084472656,47.20000076293945,395.3299865722656,444.1099853515625,359.2099914550781,-5032.08984375,0,-0.17553458125941354,-0.011091802675245274,0.8387361985327703,0.9528235017515531,0.19151847126176524,-0.049753706785889286,0.2301578118086121
1759043768.1521113,265.69000244140625,268.95001220703125,213.22000122070312,93.77999877929688,32.959999084472656,47.11000061035156,395.3299865722656,444.1099853515625,359.2099914550781,-5032.18017578125,0,-0.18374956472637363,-0.01157695583656688,0.8762787754577689,0.9625697214847625,0.19441696887326992,-0.04445916311698199,0.1835346188320191
1759043768.2812111,265.69000244140625,268.95001220703125,213.22000122070312,93.77999877929688,32.959999084472656,47.11000061035156,395.3299865722656,444.1099853515625,359.2099914550781,-5032.08984375,0,-0.17561316672876076,-0.005660359421880955,0.8391131444069048,0.9522394529346343,0.19112838997443887,-0.049293518457396664,0.2329809259545025
1759043768.3473768,265.69000244140625,268.95001220703125,213.22000122070312,93.77999877929688,32.959999084472656,47.11000061035156,395.3299865722656,444.1099853515625,359.2099914550781,-5032.18017578125,0,-0.1782037774502768,-0.005045418381631821,0.8515450493616145,0.9564064510543555,0.2133245307778644,0.01530529150985205,0.19885948054295763
1759043768.4137876,265.69000244140625,268.95001220703125,213.22000122070312,93.77999877929688,32.959999084472656,47.11000061035156,395.3299865722656,444.1099853515625,359.2099914550781,-5032.18017578125,0,-0.18387328242213888,-0.0044834066691704045,0.8768706574332664,0.9620583070926012,0.19397512701074626,-0.04363224964559404,0.1868520555042082
1759043768.448954,265.69000244140625,268.95001220703125,213.22000122070312,93.77999877929688,32.959999084472656,47.11000061035156,395.3299865722656,444.1099853515625,359.2099914550781,-5032.08984375,0,-0.17905888271202777,-0.003946304316985951,0.8541524797156066,-0.921382038408388,-0.21423555331632993,-0.28945786209234586,0.14619306777880559
1759043768.5841875,265.69000244140625,268.95001220703125,213.22000122070312,93.77999877929688,32.959999084472656,47.11000061035156,395.3299865722656,444.1099853515625,359.2099914550781,-5032.08984375,0,-0.18425951419916264,-0.004484483171846417,0.8770744635655333,0.96281878414511,0.18177802226023615,0.013485495308420246,0.1993862606519708
1759043768.653706,265.69000244140625,268.95001220703125,213.22000122070312,93.77999877929688,32.959999084472656,47.11000061035156,395.3299865722656,444.1099853515625,359.2099914550781,-5032.08984375,0,-0.17702191179895055,-0.005661871237621189,0.8393464845588487,0.9523341711855646,0.1909810707453576,-0.04861208675421751,0.23285772916238154
1759043768.9577563,265.69000244140625,268.95001220703125,213.22000122070312,93.77999877929688,32.959999084472656,47.11000061035156,395.510009765625,444.1099853515625,359.2099914550781,-5032.08984375,0,-0.1844274185590432,-0.011500734080225505,0.8763264212368,-0.930470090391428,-0.22741498560614698,-0.24390850110704282,0.15171182648837706
1759043769.02035,265.69000244140625,268.95001220703125,213.22000122070312,93.77999877929688,32.959999084472656,47.11000061035156,395.510009765625,444.1099853515625,359.2099914550781,-5032.08984375,0,-0.17553458125941354,-0.011091802675245274,0.8387361985327703,0.9528235017515531,0.19151847126176524,-0.049753706785889286,0.2301578118086121
1759043769.1523788,265.69000244140625,268.95001220703125,213.22000122070312,93.77999877929688,32.959999084472656,47.20000076293945,409.8299865722656,444.1099853515625,359.2099914550781,-5032.08984375,0,-0.17416684085818154,-0.00837445347825057,0.8386944629811747,0.9524392957026245,0.19147176584018527,-0.0502024477016124,0.2316844084790701
1759043769.559236,265.69000244140625,268.95001220703125,213.22000122070312,93.77999877929688,32.959999084472656,47.20000076293945,436.54998779296875,444.1099853515625,359.2099914550781,-5032.08984375,0,-0.1694900090169201,-0.021421112977467918,0.84777919619534,-0.9238526777762542,-0.2563698927394817,-0.23868531276525362,0.15427258127270782
1759043769.5814924,265.69000244140625,268.95001220703125,213.22000122070312,93.77999877929688,32.959999084472656,47.20000076293945,436.54998779296875,444.1099853515625,359.2099914550781,-5032.08984375,0,-0.17162816485717836,-0.024323173796331893,0.8634471143721745,0.9660133380268717,0.24162252411793486,-0.07068506564398784,0.05865499201230926
1759043769.6170743,265.69000244140625,268.95001220703125,213.22000122070312,93.77999877929688,32.959999084472656,47.20000076293945,436.54998779296875,444.1099853515625,359.2099914550781,-5032.08984375,0,-0.17380143599364972,-0.026631035860134874,0.8816111647407924,0.9638322418422767,0.2312026869373396,-0.051415471339084085,0.12218500908550779
1759043769.6812744,265.69000244140625,268.95001220703125,213.22000122070312,93.77999877929688,32.959999084472656,47.20000076293945,436.54998779296875,444.1099853515625,359.2099914550781,-5032.08984375,0,-0.1761599528187075,-0.03195849000646669,0.9010637418383028,0.9610442321492846,0.24344367372646775,0.024195451284477396,0.12862247747689198
1759043769.7819064,265.69000244140625,268.95001220703125,213.22000122070312,93.77999877929688,32.959999084472656,47.20000076293945,449.29998779296875,444.1099853515625,359.2099914550781,-5032.08984375,0,-0.16369913704734634,-0.03864942421063374,0.8549880445339593,0.9499230048555594,0.2508771595872524,-0.05262227828181178,0.178711587402857
1759043769.9483995,265.69000244140625,268.95001220703125,213.22000122070312,93.77999877929688,32.959999084472656,47.20000076293945,461.7799987792969,444.1099853515625,359.2099914550781,-5032.08984375,0,-0.16700027089076536,-0.048572802666187964,0.8990023560235811,-0.9407972226301572,-0.26316447842286533,-0.17150612396464512,0.12739973559794968
1759043770.0500515,265.69000244140625,268.95001220703125,213.22000122070312,93.77999877929688,32.959999084472656,47.20000076293945,461.7799987792969,444.1099853515625,359.2099914550781,-5032.08984375,0,-0.1567003773211391,-0.0496059586728246,0.8603851771536365,-0.9258086429128689,-0.2830983285535596,-0.13226517128920554,0.21269606846824904
1759043770.5719235,265.69000244140625,268.95001220703125,213.22000122070312,93.77999877929688,32.959999084472656,47.20000076293945,476.80999755859375,444.20001220703125,359.2099914550781,-5032.08984375,0,-0.1515615849320845,-0.05799128571538893,0.8648360491326471,0.9541087823433084,0.2746194902915423,0.013543458968102365,0.11864713113498454
1759043771.1287546,265.69000244140625,268.95001220703125,213.22000122070312,93.77999877929688,32.959999084472656,47.20000076293945,476.80999755859375,444.20001220703125,359.2099914550781,-5032.08984375,0,-0.15622319961810882,-0.04588129757107619,0.8673854395839059,0.9464281688698994,0.2629981133984249,-0.0017894489675321906,0.18735664223835508
1759043771.361874,265.69000244140625,268.95001220703125,213.22000122070312,93.77999877929688,32.959999084472656,47.20000076293945,476.80999755859375,448.07000732421875,359.2099914550781,-5032.08984375,0,-0.1536586763863994,-0.050166400397866594,0.8568136574956687,0.9496198304901364,0.27503847740653264,-0.12942641768521987,0.07632048146436175
1759043771.6181867,265.69000244140625,268.95001220703125,213.22000122070312,93.77999877929688,32.959999084472656,47.20000076293945,476.80999755859375,461.1600036621094,359.2099914550781,-5032.08984375,0,-0.15018706868440534,-0.05381855730051029,0.8551903552525999,-0.9159400353237972,-0.2982052087500108,-0.23842033224789655,0.12362544372501316
1759043771.6502333,265.69000244140625,268.95001220703125,213.22000122070312,93.77999877929688,32.959999084472656,47.20000076293945,476.80999755859375,461.1600036621094,359.2099914550781,-5032.08984375,0,-0.1515884728478823,-0.05444358478644249,0.8650862771367528,-0.9328393438416474,-0.2915010573053949,-0.16720825409390347,0.12992032917827157
1759043772.0651665,265.69000244140625,268.95001220703125,213.22000122070312,93.77999877929688,32.959999084472656,47.20000076293945,476.80999755859375,487.7900085449219,359.2099914550781,-5032.08984375,0,-0.1497524947827915,-0.046975109813874864,0.8566671206395657,-0.9178180114254686,-0.2986377057676453,-0.23489114414667564,0.1151163281133549
1759043772.087966,265.69000244140625,268.95001220703125,213.22000122070312,93.77999877929688,32.959999084472656,47.20000076293945,476.80999755859375,487.7900085449219,359.2099914550781,-5032.08984375,0,-0.1445248260035331,-0.04493843302458502,0.8245048646718186,0.9415144746100932,0.3024101162239328,-0.12689350911835506,0.07743805943292614
1759043772.3607168,265.69000244140625,268.95001220703125,213.22000122070312,93.77999877929688,32.959999084472656,47.20000076293945,476.8900146484375,514.1599731445312,359.2099914550781,-5032.08984375,0,-0.14951165700903654,-0.054568091883791504,0.8550308269886983,0.949195998088713,0.2865596527947911,-0.05817196703366913,0.11630367515231221
1759043772.6281955,265.69000244140625,268.95001220703125,213.22000122070312,93.77999877929688,32.959999084472656,47.20000076293945,476.8900146484375,527.52001953125,359.2099914550781,-5032.08984375,0,-0.13903506541838673,-0.06089971297347068,0.8236366963340324,0.9412436328422767,0.3043266091146543,-0.12798810694490653,0.07116728953184218
1759043772.6510022,265.69000244140625,268.95001220703125,213.22000122070312,93.77999877929688,32.959999084472656,47.20000076293945,476.8900146484375,527.52001953125,359.2099914550781,-5032.08984375,0,-0.147072565281429,-0.06529456578536127,0.8735477928289618,0.9474897486343754,0.29928265352958844,0.014029064078389906,0.11178664897983574
1759043772.7507503,265.69000244140625,268.95001220703125,213.22000122070312,93.77999877929688,32.959999084472656,47.20000076293945,476.8900146484375,530.510009765625,359.2099914550781,-5032.08984375,0,-0.14487809027570547,-0.06520954973287703,0.873208142065083,-0.926060418199058,-0.3138159887037904,-0.1637519460787453,0.13083167519477898
1759043772.9178693,265.69000244140625,268.95001220703125,213.22000122070312,93.77999877929688,32.959999084472656,47.20000076293945,476.8900146484375,530.510009765625,359.2099914550781,-5032.08984375,0,-0.13747154411186963,-0.05912008339054277,0.8369524744194771,-0.8964174533054033,-0.29467713021175285,-0.32824338868543224,0.04309775079891149
1759043773.1297514,265.69000244140625,268.95001220703125,213.22000122070312,93.77999877929688,32.959999084472656,47.20000076293945,476.8900146484375,530.510009765625,359.2099914550781,-5032.08984375,0,-0.14422436981825254,-0.05679868381484422,0.873445470770935,0.947030398639433,0.2991756766859209,0.014201451137574459,0.1158691387641471
1759043773.9232433,265.69000244140625,268.95001220703125,213.22000122070312,93.77999877929688,32.959999084472656,47.20000076293945,476.8900146484375,530.510009765625,359.2099914550781,-5032.18017578125,0,-0.13771047372726866,-0.05823584465859561,0.8236962315782357,0.9411441984890463,0.3041333576590557,-0.1286626449223203,0.07208621373766541
1759043773.951754,265.69000244140625,268.95001220703125,213.22000122070312,93.77999877929688,32.959999084472656,47.20000076293945,476.8900146484375,530.510009765625,359.2099914550781,-5032.18017578125,0,-0.1456489088698728,-0.06104658967943154,0.8734997782714837,0.9472649668581009,0.2992294683511672,0.014125097273105479,0.11380373219110192
1759043773.9881728,265.69000244140625,268.95001220703125,213.22000122070312,93.77999877929688,32.959999084472656,47.20000076293945,476.8900146484375,530.510009765625,359.2099914550781,-5032.18017578125,0,-0.13883078362273588,-0.057765983536732755,0.8369722098169344,-0.8961982441475345,-0.2948441651342887,-0.3288635441842103,0.041765952398342056
1759043774.022537,265.69000244140625,268.95001220703125,213.22000122070312,93.77999877929688,32.959999084472656,47.20000076293945,476.8900146484375,530.510009765625,359.2099914550781,-5032.18017578125,0,-0.14275996850486342,-0.05887735451681218,0.8623692286140837,0.9415515609423174,0.31086695252740276,-0.060851357987923654,0.11462769361911085
1759043774.092565,265.69000244140625,268.95001220703125,213.22000122070312,93.77999877929688,32.959999084472656,47.20000076293945,476.8900146484375,530.510009765625,359.2099914550781,-5032.08984375,0,-0.1442167629433862,-0.058210307942547015,0.873398831351303,0.9470975728347846,0.2992136940158328,0.013976405869669455,0.11524761569258601
1759043774.155474,265.69000244140625,268.95001220703125,213.22000122070312,93.77999877929688,32.959999084472656,47.20000076293945,476.8900146484375,530.510009765625,359.2099914550781,-5032.08984375,0,-0.14106694359524038,-0.05590073940758247,0.8542278464827944,0.9488343941069993,0.2871598351613759,-0.06140300122872554,0.1161128462737874
1759043774.2516847,265.69000244140625,268.95001220703125,213.22000122070312,93.77999877929688,32.959999084472656,47.20000076293945,476.8900146484375,530.510009765625,359.2099914550781,-5032.08984375,0,-0.1452186041124547,-0.0548154771130823,0.8814797727258536,0.9516663602943285,0.2915212617456337,-0.08036181062035123,0.053744506958366
1759043774.3524048,265.69000244140625,268.95001220703125,213.22000122070312,93.77999877929688,32.959999084472656,47.20000076293945,476.8900146484375,530.510009765625,359.2099914550781,-5032.08984375,0,-0.1364216384776508,-0.050247938541820227,0.8239736526135497,0.941011772710071,0.30339571999433534,-0.12967455305031442,0.07504925716734198
1759043774.6653712,265.69000244140625,268.95001220703125,213.22000122070312,93.77999877929688,32.959999084472656,47.20000076293945,476.8900146484375,530.510009765625,359.2099914550781,-5032.08984375,0,-0.1485633227912928,-0.05824969988920271,0.8739941002264034,0.9472061003476209,0.2990374489878658,0.01578710578721357,0.11457737498278615
1759043775.0105703,265.69000244140625,268.95001220703125,213.22000122070312,93.77999877929688,32.959999084472656,47.20000076293945,476.8900146484375,530.510009765625,359.2099914550781,-5032.08984375,0,-0.1427928419973962,-0.058773758848542336,0.8459548681683158,0.9432625835605284,0.31906088441291525,-0.07603439853662895,0.05171673550736485
1759043775.085714,265.69000244140625,268.95001220703125,213.22000122070312,93.77999877929688,32.959999084472656,47.20000076293945,476.8900146484375,530.510009765625,359.2099914550781,-5032.08984375,0,-0.13987378331828987,-0.05686928275768445,0.8328076110828652,0.9393284879089002,0.2924011190774329,-0.0052606938144275665,0.17926489468279858
1759043775.1525707,265.69000244140625,268.95001220703125,213.22000122070312,93.95999908447266,32.959999084472656,47.20000076293945,476.8900146484375,530.510009765625,359.2099914550781,-5032.08984375,0,-0.14566470653711794,-0.05822333283184383,0.8735956525883565,0.9471339156529642,0.29915387587523645,0.014581044257011807,0.11502911595366802
1759043776.1886978,265.69000244140625,268.95001220703125,213.22000122070312,93.95999908447266,32.959999084472656,47.20000076293945,480.05999755859375,528.5700073242188,411.67999267578125,-5032.08984375,0,-0.13641957552075087,-0.07921883405790155,0.8756654397763377,-0.9149165740829592,-0.33617291625826823,-0.1666177736416872,0.1488420315280593
1759043776.320318,265.69000244140625,268.95001220703125,213.22000122070312,93.95999908447266,32.959999084472656,47.20000076293945,480.05999755859375,528.5700073242188,411.67999267578125,-5032.08984375,0,-0.12944962044713423,-0.08752580098103621,0.8764158519883668,0.9329596792219988,0.31463497540767627,-0.015480120966542782,0.174216632532767
1759043776.3536754,265.69000244140625,268.95001220703125,213.22000122070312,93.95999908447266,32.959999084472656,47.20000076293945,480.1499938964844,528.5700073242188,424.8599853515625,-5032.08984375,0,-0.12745202007890022,-0.08998578216658955,0.8797777292814919,0.9313008419863119,0.34805414124714334,0.005021007280573884,0.10729327081503579
1759043776.3872175,265.69000244140625,268.95001220703125,213.22000122070312,93.95999908447266,32.959999084472656,47.20000076293945,480.1499938964844,528.5700073242188,424.8599853515625,-5032.08984375,0,-0.12296444973098626,-0.09069852130156557,0.863464245786184,-0.8987029587295938,-0.3398915257522218,-0.2321636399695414,0.15134988261836949
1759043776.4197958,265.69000244140625,268.95001220703125,213.22000122070312,93.95999908447266,32.959999084472656,47.20000076293945,480.1499938964844,528.5700073242188,424.8599853515625,-5032.08984375,0,-0.11683744347101203,-0.08943557941257142,0.8346060211248143,0.9258773126152042,0.3255934113508823,0.03424775354006531,0.18859274600790293
1759043776.453899,265.69000244140625,268.95001220703125,213.22000122070312,93.95999908447266,32.959999084472656,47.20000076293945,480.1499938964844,528.5700073242188,424.8599853515625,-5032.08984375,0,-0.12050590217428452,-0.09457690740192298,0.8734355758081725,-0.9131866657614518,-0.3343197791236633,-0.16345445324962699,0.1661416277609349
1759043776.4868119,265.69000244140625,268.95001220703125,213.22000122070312,93.95999908447266,32.959999084472656,47.20000076293945,480.1499938964844,528.5700073242188,424.8599853515625,-5032.08984375,0,-0.11802260442945446,-0.09419794226783165,0.8628348215232701,0.9329978289605438,0.3380233950390637,-0.06920690365199302,0.10230171087562816
1759043776.5213912,265.69000244140625,268.95001220703125,213.22000122070312,93.95999908447266,32.959999084472656,47.20000076293945,480.1499938964844,528.5700073242188,424.8599853515625,-5032.08984375,0,-0.11337530564721443,-0.09438424566140616,0.848903714937028,0.9337493691208396,0.3460152924231929,-0.0847699850881855,0.034634992476903895
1759043776.620896,265.69000244140625,268.95001220703125,213.22000122070312,93.95999908447266,32.959999084472656,47.20000076293945,480.1499938964844,528.5700073242188,438.2200012207031,-5032.08984375,0,-0.11441302556435745,-0.09835571999499572,0.8781644589032817,0.9312473540109066,0.3489381967732435,-0.0004605419646782248,0.10497756132346166
1759043776.754697,265.69000244140625,268.95001220703125,213.22000122070312,93.95999908447266,32.959999084472656,47.20000076293945,480.1499938964844,528.5700073242188,441.0400085449219,-5032.08984375,0,-0.11338621217559695,-0.09704175293959104,0.872932215410162,0.9239105087650176,0.3826074078810268,0.00043508512985244985,0.0008682908831919161
1759043777.053509,265.69000244140625,268.95001220703125,213.22000122070312,93.95999908447266,32.959999084472656,47.20000076293945,480.1499938964844,528.5700073242188,441.0400085449219,-5032.08984375,0,-0.1148366701455116,-0.08971253564002793,0.8371871120216755,0.9245456957637311,0.3415415289270208,-0.01681515194107752,0.16817220676482172
1759043777.0869267,265.69000244140625,268.95001220703125,213.22000122070312,93.95999908447266,32.959999084472656,47.20000076293945,480.1499938964844,528.5700073242188,441.0400085449219,-5032.08984375,0,-0.12051016926725987,-0.09316555549194545,0.8734661227857103,-0.9134241203800672,-0.33442619224541753,-0.16285312235919275,0.16521004444643655
1759043777.3606467,265.69000244140625,268.95001220703125,213.22000122070312,93.95999908447266,32.959999084472656,47.20000076293945,480.1499938964844,528.5700073242188,441.0400085449219,-5032.08984375,0,-0.11897788163397674,-0.08976664155317239,0.837693611215063,0.9247258733680549,0.34114043933611826,-0.01499336376956533,0.16816794824258838
1759043777.427136,265.69000244140625,268.95001220703125,213.22000122070312,93.95999908447266,32.959999084472656,47.20000076293945,480.1499938964844,528.5700073242188,441.0400085449219,-5032.08984375,0,-0.12328984176146998,-0.0942154377909132,0.8729482029130331,0.9239098610992766,0.38260906133147826,0.00046505813039907106,0.0008114625659428044
1759043777.7630808,265.69000244140625,268.95001220703125,213.22000122070312,93.95999908447266,32.959999084472656,47.20000076293945,480.1499938964844,528.5700073242188,441.1199951171875,-5032.08984375,0,-0.11069836424425912,-0.09236698900785613,0.8366645312404493,0.9245517727370495,0.34205098654525773,-0.0186246023430744,0.16690795762862076
1759043778.1210659,265.69000244140625,268.95001220703125,213.22000122070312,93.95999908447266,32.959999084472656,47.20000076293945,480.1499938964844,528.5700073242188,441.0400085449219,-5032.08984375,0,-0.11803197157373814,-0.09265954908353369,0.8787127879580157,-0.9068888304130643,-0.35790638711706985,-0.1582413830718556,0.15625406239946765
1759043778.4328363,265.7799987792969,268.95001220703125,213.22000122070312,93.95999908447266,32.959999084472656,47.20000076293945,480.1499938964844,528.5700073242188,441.0400085449219,-5086.490234375,0,-0.11759924893935242,-0.08839385432643905,0.8375416950747058,0.9245710316788914,0.34122144388419556,-0.015592485351478877,0.16879931283740252
1759043778.5548136,265.69000244140625,268.95001220703125,213.22000122070312,94.12999725341797,33.04999923706055,47.20000076293945,480.1499938964844,528.5700073242188,441.0400085449219,-5134.31005859375,0,-0.11897788163397674,-0.08976664155317239,0.837693611215063,0.9247258733680549,0.34114043933611826,-0.01499336376956533,0.16816794824258838
1759043778.5886273,265.69000244140625,268.95001220703125,213.22000122070312,94.12999725341797,33.04999923706055,47.20000076293945,480.1499938964844,528.5700073242188,441.0400085449219,-5134.31005859375,0,-0.12454055140633437,-0.0942149755661904,0.8793487935726673,0.931374921536526,0.348304605058454,0.003561327519472381,0.10588661187422921
1759043778.6614304,265.69000244140625,268.95001220703125,213.22000122070312,94.12999725341797,33.04999923706055,47.20000076293945,480.1499938964844,528.5700073242188,441.0400085449219,-5182.3798828125,0,-0.12328984176146998,-0.0942154377909132,0.8729482029130331,0.9239098610992766,0.38260906133147826,0.00046505813039907106,0.0008114625659428044
1759043778.7946658,265.69000244140625,268.95001220703125,213.22000122070312,94.12999725341797,32.959999084472656,47.290000915527344,480.1499938964844,528.5700073242188,441.0400085449219,-5230.4599609375,0,-0.11621630336276587,-0.08973040039695114,0.8373543481226825,0.9246059451919141,0.34140727445376945,-0.016207920515853305,0.1681731916161654
1759043778.8217149,265.69000244140625,268.95001220703125,213.22000122070312,94.12999725341797,32.959999084472656,47.290000915527344,480.1499938964844,528.5700073242188,441.0400085449219,-5230.4599609375,0,0.0,0.0,0.005128205128205128,-0.9065185525343422,-0.3579227947848428,-0.16072866770888863,0.15582580742923888
1759043778.92176,265.69000244140625,268.95001220703125,213.22000122070312,94.12999725341797,32.959999084472656,47.290000915527344,480.1499938964844,528.5700073242188,441.0400085449219,-5278.009765625,0,-0.11904620405330578,-0.09138728356460338,0.8729474095046296,0.9239098930490038,0.38260890349344007,0.000479041505290325,0.0008408406282268592
1759043779.203139,265.69000244140625,268.95001220703125,213.22000122070312,94.22000122070312,32.959999084472656,47.20000076293945,480.1499938964844,528.5700073242188,441.0400085449219,-5382.419921875,0,-0.11877732598498486,-0.08562350027572653,0.8788773948603033,0.9309101459366016,0.3483880710961025,0.002072959859167459,0.10967112175798391
1759043779.5567825,265.69000244140625,268.95001220703125,213.22000122070312,94.22000122070312,32.959999084472656,47.290000915527344,480.1499938964844,528.5700073242188,441.0400085449219,-5382.419921875,0,-0.1189883291618848,-0.08434696780224984,0.8377687955889155,0.9243406744198285,0.34093076782454124,-0.01494948738898883,0.17069575856028749
1759043779.6238897,265.69000244140625,268.95001220703125,213.22000122070312,94.22000122070312,32.959999084472656,47.290000915527344,480.1499938964844,528.5700073242188,441.0400085449219,-5382.419921875,0,-0.1252743548722764,-0.08990279539337521,0.8795850989353671,-0.9069953984432545,-0.3584225514604383,-0.16151422032427035,0.1510158218214059
1759043779.934367,265.69000244140625,268.95001220703125,213.22000122070312,94.22000122070312,32.959999084472656,47.20000076293945,480.1499938964844,528.5700073242188,441.0400085449219,-5386.2001953125,0,-0.123817077879388,-0.09272777978500815,0.8793568634677432,-0.9066072558182131,-0.3581497647788125,-0.16191893806486302,0.1535392040574569
1759043780.1916475,265.69000244140625,268.95001220703125,213.22000122070312,94.22000122070312,32.959999084472656,47.20000076293945,480.1499938964844,528.5700073242188,441.0400085449219,-5474.8798828125,0,-0.12021964113241003,-0.0870601759211988,0.8790107375712587,0.9310030539424196,0.34834821229255997,0.0025193515694683704,0.10899765781949307
1759043780.6476758,265.7799987792969,268.95001220703125,213.22000122070312,94.22000122070312,32.959999084472656,47.20000076293945,480.1499938964844,528.5700073242188,441.0400085449219,-5707.6201171875,0,-0.12414042543595291,-0.08237812111764524,0.879114049054673,-0.8974877761160195,-0.3824141324902477,-0.15931817984233743,0.15130380221850914
1759043781.0987608,265.69000244140625,268.95001220703125,213.22000122070312,94.22000122070312,32.959999084472656,47.290000915527344,480.1499938964844,528.5700073242188,441.0400085449219,-5731.43994140625,0,-0.1267375945692039,-0.08565488131210108,0.8798491380266161,-0.9076042207319576,-0.35879760081328327,-0.16041921757749006,0.1475958495080189
1759043782.5376124,265.69000244140625,268.95001220703125,213.22000122070312,94.22000122070312,32.959999084472656,47.290000915527344,480.1499938964844,528.5700073242188,441.0400085449219,-5295.22998046875,0,-0.11904706209913118,-0.08714580737509182,0.8729537466613829,0.92390949473118,0.38260982196248855,0.0005067436229307318,0.0008443306872125288
1759043782.730529,265.7799987792969,268.95001220703125,213.22000122070312,94.22000122070312,32.959999084472656,47.20000076293945,480.1499938964844,528.5700073242188,441.0400085449219,-5398.509765625,0,-0.11877361953756396,-0.08704427096044048,0.878849448499352,0.9309637967185055,0.34842401441842286,0.0019637102062031115,0.10910205872595577
1759043782.8252149,265.69000244140625,268.95001220703125,213.22000122070312,94.22000122070312,32.959999084472656,47.290000915527344,480.1499938964844,528.5700073242188,441.0400085449219,-5449.75,0,-0.11949285739980114,-0.08699397558502744,0.878985295741576,-0.9077218923102518,-0.3583897667982369,-0.15656969550594518,0.15193311595625497
1759043783.0710595,265.7799987792969,268.95001220703125,213.22000122070312,94.22000122070312,33.04999923706055,47.290000915527344,480.1499938964844,528.5700073242188,441.0400085449219,-5544.31982421875,0,-0.12239079557736142,-0.08560535602296072,0.8793429484961113,-0.9078090308781933,-0.3586181379898788,-0.15771877014122146,0.14966824681878374
1759043784.035729,265.69000244140625,268.95001220703125,213.22000122070312,94.22000122070312,32.959999084472656,47.290000915527344,480.1499938964844,528.5700073242188,441.0400085449219,-5718.25,0,-0.12094336126138647,-0.08558913510646465,0.8791771543147417,-0.9078764824218631,-0.35855619955521806,-0.15681893771092265,0.15035147222771406
1759043784.7360976,265.69000244140625,268.95001220703125,213.22000122070312,94.22000122070312,32.959999084472656,47.290000915527344,480.1499938964844,528.5700073242188,441.0400085449219,-5980.33984375,0,-0.12894928757857216,-0.0757783751133019,0.8802731427621948,0.9307841061249883,0.34761733342473466,0.006971937935239662,0.11293595250942233
1759043785.73871,265.69000244140625,268.95001220703125,213.22000122070312,94.22000122070312,32.959999084472656,47.290000915527344,480.1499938964844,528.5700073242188,441.0400085449219,-6078.9599609375,0,-0.1230659506369377,-0.07283004079687365,0.8378820763965404,0.9081802785275944,0.34029780640060325,0.010931995207431974,0.24348814372216043
1759043785.7937002,265.7799987792969,268.95001220703125,213.22000122070312,94.22000122070312,32.959999084472656,47.20000076293945,480.1499938964844,528.5700073242188,441.0400085449219,-6078.9599609375,0,-0.12872443068319622,-0.07593454554471339,0.8788046562639167,-0.8922960724446465,-0.3583326737458771,-0.17738846739254355,0.20961570948312439
1759043785.8278098,265.7799987792969,268.95001220703125,213.22000122070312,94.22000122070312,32.959999084472656,47.20000076293945,480.1499938964844,528.5700073242188,441.0400085449219,-6128.7001953125,0,-0.12872443068319622,-0.07593454554471339,0.8788046562639167,-0.8922960724446465,-0.3583326737458771,-0.17738846739254355,0.20961570948312439
1759043785.9297085,265.7799987792969,268.95001220703125,213.22000122070312,94.22000122070312,32.959999084472656,47.20000076293945,480.1499938964844,528.5700073242188,441.0400085449219,-6177.919921875,0,-0.12872443068319622,-0.07593454554471339,0.8788046562639167,-0.8922960724446465,-0.3583326737458771,-0.17738846739254355,0.20961570948312439
1759043786.2470198,265.7799987792969,268.95001220703125,213.22000122070312,94.22000122070312,32.959999084472656,47.290000915527344,480.1499938964844,528.5700073242188,441.0400085449219,-6311.60009765625,0,-0.1327219154621663,-0.07985100292504535,0.9239729289983345,-0.9070176086813573,-0.358246345885927,-0.15920251125630136,0.15373084794868055
1759043786.2703953,265.7799987792969,268.95001220703125,213.22000122070312,94.22000122070312,32.959999084472656,47.290000915527344,480.1499938964844,528.5700073242188,441.0400085449219,-6311.60009765625,0,-0.12705799090154593,-0.07529992914078822,0.8795896559654927,-0.8984411568997726,-0.3830755885240913,-0.15757988667780481,0.14568857326547494
1759043786.3623776,265.69000244140625,268.95001220703125,213.22000122070312,94.22000122070312,32.959999084472656,47.20000076293945,480.1499938964844,528.5700073242188,441.0400085449219,-6327.509765625,0,-0.13067521059012804,-0.07756615277649695,0.9095518139238298,0.9329454311230679,0.33402328716424506,-0.07077665243213573,0.11415748617189217
1759043786.3946223,265.69000244140625,268.95001220703125,213.22000122070312,94.22000122070312,32.959999084472656,47.20000076293945,480.1499938964844,528.5700073242188,441.0400085449219,-6327.509765625,0,-0.12582538986133507,-0.07448056709811406,0.8784450281379504,-0.8926939843785269,-0.3581888420820619,-0.17526744456590357,0.20995124800210208
1759043786.494792,265.69000244140625,268.95001220703125,213.22000122070312,94.22000122070312,32.959999084472656,47.20000076293945,480.1499938964844,528.5700073242188,441.0400085449219,-6327.60009765625,0,-0.130683815172127,-0.07609796000894273,0.9096119948768664,0.9329068119809019,0.33393914085372867,-0.07080401661683387,0.11470100957021721
1759043786.5611012,265.69000244140625,268.95001220703125,213.22000122070312,94.22000122070312,32.959999084472656,47.290000915527344,480.1499938964844,528.5700073242188,441.0400085449219,-6327.60009765625,0,-0.1327300278966681,-0.07686264565214967,0.924028562327738,-0.9074505078776908,-0.3584480517120368,-0.15791082340890497,0.1520287532892635
1759043786.8061142,265.7799987792969,268.95001220703125,213.22000122070312,94.22000122070312,32.959999084472656,47.20000076293945,480.1499938964844,528.5700073242188,441.0400085449219,-6327.60009765625,0,-0.1287297110833529,-0.07309078284432852,0.8788400732562005,-0.8927876795775129,-0.3585606321068037,-0.17630089872610857,0.20804428712689038
1759043787.1639543,265.69000244140625,268.95001220703125,213.22000122070312,94.22000122070312,32.959999084472656,47.290000915527344,480.1499938964844,528.5700073242188,441.0400085449219,-6327.60009765625,0,-0.1357713484396796,-0.07988381178376062,0.9243507458975525,-0.9068859553933858,-0.3583915431403851,-0.16090541246466608,0.15239033419234663
1759043787.228706,265.69000244140625,268.95001220703125,213.22000122070312,94.22000122070312,32.959999084472656,47.290000915527344,480.1499938964844,528.5700073242188,441.0400085449219,-6327.60009765625,0,-0.12872443068319622,-0.07593454554471339,0.8788046562639167,-0.8922960724446465,-0.3583326737458771,-0.17738846739254355,0.20961570948312439
1759043787.5192647,265.69000244140625,268.95001220703125,213.22000122070312,94.22000122070312,32.959999084472656,47.20000076293945,480.1499938964844,528.5700073242188,441.0400085449219,-6327.509765625,0,-0.12531278999959772,-0.0732662595142092,0.8673424904893888,0.9238460904685705,0.35968227780095574,-0.06698624556738736,0.1124717878698471
1759043787.7740285,265.7799987792969,268.95001220703125,213.22000122070312,94.22000122070312,32.959999084472656,47.20000076293945,480.1499938964844,528.5700073242188,441.0400085449219,-6398.60986328125,0,-0.12532109717083287,-0.0718661991947014,0.8674003064850048,0.9238088437127981,0.3596019812172673,-0.06701521352954988,0.11301591276553873
1759043788.5729733,265.69000244140625,268.95001220703125,213.22000122070312,94.22000122070312,32.959999084472656,47.20000076293945,480.1499938964844,528.5700073242188,441.0400085449219,-6674.41015625,0,-0.13731954443872368,-0.07242489784964805,0.9246894500780971,-0.9078991248095045,-0.35896548638538106,-0.15846246656615642,0.1474876450554837
1759043788.8033175,265.7799987792969,268.95001220703125,213.22000122070312,94.22000122070312,32.959999084472656,47.290000915527344,480.1499938964844,528.5700073242188,441.0400085449219,-6674.330078125,0,-0.1336909321999908,-0.0717099118241387,0.9100179277492707,0.9329351640426073,0.33349196458262864,-0.06979876924427712,0.11637534560032997
1759043789.712114,265.7799987792969,268.95001220703125,213.22000122070312,94.22000122070312,32.959999084472656,47.290000915527344,480.1499938964844,528.5700073242188,441.0400085449219,-6858.10986328125,0,-0.13885174163229494,-0.07094469541037277,0.9249159038585707,-0.9080475143881447,-0.35913549053311106,-0.15862878996508428,0.14597368957201595
1759043789.91283,265.69000244140625,268.95001220703125,213.22000122070312,94.22000122070312,32.959999084472656,47.20000076293945,480.1499938964844,528.5700073242188,441.0400085449219,-6948.4599609375,0,-0.13238239177014688,-0.06539016774630861,0.879404036350123,0.9224294294476422,0.3372680209380111,-0.013884517864108496,0.18756718770919428
1759043790.0754714,265.69000244140625,268.95001220703125,213.22000122070312,94.22000122070312,32.959999084472656,47.290000915527344,480.1499938964844,528.5700073242188,441.0400085449219,-7017.10009765625,0,-0.13238239177014688,-0.06539016774630861,0.879404036350123,0.9224294294476422,0.3372680209380111,-0.013884517864108496,0.18756718770919428
1759043790.9075925,265.69000244140625,268.95001220703125,213.22000122070312,94.22000122070312,32.959999084472656,47.290000915527344,480.1499938964844,528.5700073242188,441.0400085449219,-7018.77001953125,0,-0.14071166152882011,-0.06931953645725464,0.9272408469087865,0.9222731293732582,0.3351302923298727,-0.014853300207957106,0.19203994759394136
1759043791.2120063,265.69000244140625,268.95001220703125,213.22000122070312,94.22000122070312,32.959999084472656,47.290000915527344,480.1499938964844,528.5700073242188,441.0400085449219,-7018.68017578125,0,-0.13238239177014688,-0.06539016774630861,0.879404036350123,0.9224294294476422,0.3372680209380111,-0.013884517864108496,0.18756718770919428
1759043791.4151595,265.69000244140625,268.95001220703125,213.22000122070312,94.22000122070312,32.959999084472656,47.20000076293945,480.1499938964844,528.5700073242188,441.1199951171875,-7047.419921875,0,-0.13238239177014688,-0.06539016774630861,0.879404036350123,0.9224294294476422,0.3372680209380111,-0.013884517864108496,0.18756718770919428
1759043791.576578,265.69000244140625,268.95001220703125,213.22000122070312,94.22000122070312,32.959999084472656,47.290000915527344,480.1499938964844,528.5700073242188,441.0400085449219,-7128.18994140625,0,-0.1403820078793469,-0.06877112315438816,0.9250623389435374,0.9298784857175257,0.34435707176975106,0.005810214356562949,0.12926890705415064
1759043791.6333563,265.69000244140625,268.95001220703125,213.22000122070312,94.22000122070312,32.959999084472656,47.290000915527344,480.1499938964844,528.5700073242188,441.0400085449219,-7171.0,0,-0.1403820078793469,-0.06877112315438816,0.9250623389435374,0.9298784857175257,0.34435707176975106,0.005810214356562949,0.12926890705415064
1759043791.9092445,265.7799987792969,268.95001220703125,213.22000122070312,94.22000122070312,32.959999084472656,47.20000076293945,480.1499938964844,528.5700073242188,441.0400085449219,-7263.4599609375,0,-0.1419244412157812,-0.06648616419019283,0.9254081416057357,-0.9085518526786802,-0.3595684672206973,-0.15825679059401238,0.14212261116929675
1759043791.9312024,265.7799987792969,268.95001220703125,213.22000122070312,94.22000122070312,32.959999084472656,47.20000076293945,480.1499938964844,528.5700073242188,441.0400085449219,-7305.3798828125,0,-0.1419244412157812,-0.06648616419019283,0.9254081416057357,-0.9085518526786802,-0.3595684672206973,-0.15825679059401238,0.14212261116929675
1759043792.9107895,265.69000244140625,268.95001220703125,213.22000122070312,94.22000122070312,32.959999084472656,47.20000076293945,480.1499938964844,528.5700073242188,441.0400085449219,-7365.759765625,0,-0.1397018374004577,-0.06586723143703714,0.9107561608520373,0.933066775315513,0.33277419029996985,-0.06767056912160191,0.11861039223975339
1759043792.9677439,265.69000244140625,268.95001220703125,213.22000122070312,94.22000122070312,32.959999084472656,47.20000076293945,480.1499938964844,528.5700073242188,441.0400085449219,-7365.759765625,0,-0.1419244412157812,-0.06648616419019283,0.9254081416057357,-0.9085518526786802,-0.3595684672206973,-0.15825679059401238,0.14212261116929675
1759043793.5829244,265.7799987792969,268.95001220703125,213.22000122070312,94.22000122070312,32.959999084472656,47.20000076293945,480.1499938964844,528.5700073242188,441.0400085449219,-7497.509765625,0,-0.1353777789907469,-0.06038773350866905,0.880402098442859,-0.8949560611725094,-0.36009061898713174,-0.1740297536789601,0.19774235641989402
1759043793.6740174,265.7799987792969,268.95001220703125,213.22000122070312,94.22000122070312,32.959999084472656,47.20000076293945,480.1499938964844,528.5700073242188,441.0400085449219,-7540.14013671875,0,-0.14225811631557286,-0.06333175216192255,0.9275298908147754,0.9218375405200027,0.3347514936532965,-0.014144989330721666,0.19482532089477791
1759043794.2171516,265.69000244140625,268.95001220703125,213.22000122070312,94.22000122070312,32.959999084472656,47.20000076293945,480.1499938964844,528.5700073242188,441.0400085449219,-7711.0,0,-0.14678892664438026,-0.0596698039830273,0.9300978636692747,-0.9014768085427854,-0.3848420807961216,-0.15357287919412194,0.1251059842056062
1759043795.8414378,265.69000244140625,268.95001220703125,213.22000122070312,94.22000122070312,32.959999084472656,47.20000076293945,480.1499938964844,528.5700073242188,441.0400085449219,-7985.64990234375,0,-0.14687937210453478,-0.058869863943885055,0.9282439877597192,0.9216374087097615,0.3341527818294332,-0.012043034489556645,0.19692986208975677
1759043796.552965,265.69000244140625,268.95001220703125,213.22000122070312,94.22000122070312,32.959999084472656,47.20000076293945,480.1499938964844,528.5700073242188,441.0400085449219,-8056.22998046875,0,-0.1456251914801691,-0.05604966353763606,0.9203625831900701,-0.8910705720900547,-0.35926456935895923,-0.18038662615208173,0.2106724231215216
1759043796.8106713,265.7799987792969,268.95001220703125,213.22000122070312,94.22000122070312,32.959999084472656,47.290000915527344,480.1499938964844,528.5700073242188,441.0400085449219,-8056.22998046875,0,-0.14833508564080558,-0.05817885028892037,0.9303435733771253,-0.9016195302637668,-0.3849943733305055,-0.15359370114775062,0.12357398641514819
1759043797.1743355,265.7799987792969,268.95001220703125,213.22000122070312,94.22000122070312,32.959999084472656,47.290000915527344,480.1499938964844,528.5700073242188,441.0400085449219,-8097.7099609375,0,-0.14616569609965038,-0.056627817126737666,0.9237070558503642,-0.8902332982237068,-0.3749527049444521,-0.12461451198909622,0.2266414948554185
1759043797.7303913,265.69000244140625,268.95001220703125,213.22000122070312,94.22000122070312,32.959999084472656,47.290000915527344,480.1499938964844,528.5700073242188,441.0400085449219,-8332.4697265625,0,-0.14911413428844997,-0.05372221371059892,0.9304593204449243,0.920223415923281,0.369396029909034,0.014884882595761323,0.12850633503466974
1759043799.1800516,265.69000244140625,268.95001220703125,213.22000122070312,94.22000122070312,32.959999084472656,47.290000915527344,480.1499938964844,528.5700073242188,441.0400085449219,-8398.5595703125,0,-0.14921357623545897,-0.05215864570056375,0.9240447523150599,-0.8908505665625721,-0.3754546789357593,-0.12426797584117262,0.2235542938543744
1759043799.8148348,265.69000244140625,268.95001220703125,213.22000122070312,94.22000122070312,32.959999084472656,47.20000076293945,480.1499938964844,528.5700073242188,459.04998779296875,-8398.5595703125,0,-0.14248648533679015,-0.05785397198043483,0.9194054039246907,-0.871174523513539,-0.39217903295144274,-0.22922553280001673,0.18629603003493658
1759043799.982813,265.69000244140625,268.95001220703125,213.22000122070312,94.22000122070312,32.959999084472656,47.20000076293945,480.1499938964844,528.5700073242188,472.5899963378906,-8398.5595703125,0,-0.13592944262979606,-0.06844160349061022,0.9254340795791479,0.9041809802183529,0.3361735505038449,0.007251758295793419,0.26342268496588656
1759043800.0742002,265.69000244140625,268.95001220703125,213.22000122070312,94.22000122070312,32.959999084472656,47.20000076293945,480.1499938964844,528.5700073242188,472.5899963378906,-8398.5595703125,0,-0.13008668407372592,-0.07037132596321989,0.9080289790561414,-0.868443925286083,-0.41110232461706087,-0.08019217165897427,0.26527201686715235
1759043800.4804559,265.69000244140625,268.95001220703125,213.22000122070312,94.22000122070312,32.959999084472656,47.20000076293945,480.1499938964844,528.5700073242188,499.3900146484375,-8398.5595703125,0,-0.11456963002863114,-0.08779854339620081,0.9134106153602729,-0.8378174883360588,-0.44094863359976155,-0.1460861669854273,0.2868536047886917
1759043801.190299,265.69000244140625,268.95001220703125,213.22000122070312,94.22000122070312,32.959999084472656,47.290000915527344,480.94000244140625,528.5700073242188,522.1599731445312,-8398.5595703125,0,-0.10081049713167779,-0.09443008553285613,0.906075435291638,-0.8387088624602874,-0.42758800104415606,-0.10597440282613872,0.32016460038435995
1759043801.190299,265.69000244140625,268.95001220703125,213.22000122070312,94.22000122070312,32.959999084472656,47.290000915527344,480.94000244140625,528.5700073242188,522.1599731445312,-8398.5595703125,2,-0.09021610190155828,-0.10754114422038848,0.9175800576259502,-0.7889180751593012,-0.30360639628311814,0.25825826827109094,0.46769016847966643
1759043801.8065486,265.7799987792969,268.95001220703125,213.22000122070312,94.22000122070312,32.959999084472656,47.290000915527344,480.94000244140625,528.5700073242188,522.1599731445312,-8398.5595703125,0,-0.10031870477523326,-0.08762372206871394,0.8701978384273347,0.8576870912438229,0.4032211759186485,-0.03929634430866567,0.31660911883340853
1759043801.9069808,265.7799987792969,268.95001220703125,213.22000122070312,94.22000122070312,32.959999084472656,47.290000915527344,480.94000244140625,528.5700073242188,522.1599731445312,-8398.5595703125,0,-0.1037754721875546,-0.09152044036990942,0.9063274872427213,-0.8392568147084393,-0.4281859712757195,-0.10631900853403363,0.3178066100515426
1759043802.0874798,265.69000244140625,268.95001220703125,213.22000122070312,94.22000122070312,32.959999084472656,47.290000915527344,480.94000244140625,528.5700073242188,522.1599731445312,-8445.5,0,-0.10229273679899183,-0.09297542929078625,0.9062010780560147,-0.8389836832623663,-0.42788742831438825,-0.10614843242768922,0.31898469901102977
1759043802.413776,265.7799987792969,268.95001220703125,213.22000122070312,94.22000122070312,32.959999084472656,47.20000076293945,480.94000244140625,528.5700073242188,522.1599731445312,-8564.330078125,0,-0.10228554979040083,-0.09150117217440898,0.9061369317122574,-0.839267406746706,-0.42795246628109423,-0.10564454491491496,0.31831766634340103
1759043802.4812028,265.7799987792969,268.95001220703125,213.22000122070312,94.22000122070312,32.959999084472656,47.20000076293945,480.94000244140625,528.5700073242188,522.1599731445312,-8602.4697265625,0,-0.10437970861509067,-0.09053322694943394,0.9149038158497873,-0.8231219918435941,-0.4364897920381907,-0.16075464001862794,0.32573730781470617
1759043802.6104937,265.69000244140625,268.95001220703125,213.22000122070312,94.22000122070312,32.959999084472656,47.290000915527344,480.94000244140625,528.5700073242188,522.1599731445312,-8644.2197265625,0,-0.10568627076127216,-0.08864808223776477,0.913545342016656,0.8731743168238614,0.4156664065842095,-0.0019716118544297573,0.25452733374482395
1759043802.9142983,265.69000244140625,268.95001220703125,213.22000122070312,94.22000122070312,32.959999084472656,47.290000915527344,480.94000244140625,528.5700073242188,522.1599731445312,-8736.8603515625,0,-0.10316820893073933,-0.08200939854514395,0.8704493135215757,0.8569295651148109,0.40244391900771714,-0.03872042694683216,0.3197050844495695
1759043803.1163027,265.69000244140625,268.95001220703125,213.22000122070312,94.22000122070312,32.959999084472656,47.290000915527344,480.94000244140625,528.5700073242188,522.1599731445312,-8736.8603515625,2,-0.09776935545172082,-0.10194632779151352,0.9444963957021434,0.8081873808662167,0.20661553247407471,0.39767575917854986,0.3820957598702499
1759043804.9480753,265.69000244140625,268.95001220703125,213.22000122070312,94.22000122070312,32.959999084472656,47.290000915527344,480.94000244140625,528.5700073242188,522.1599731445312,-8736.8603515625,0,-0.10523614598699049,-0.08564205886982575,0.906258959649217,-0.8403686270044746,-0.428671478654776,-0.10497535339474964,0.3146450528995963
1759043805.946643,265.69000244140625,268.95001220703125,213.22000122070312,94.22000122070312,32.959999084472656,47.290000915527344,480.94000244140625,570.5900268554688,521.97998046875,-8736.8603515625,0,-0.10226406046281841,-0.08707971581859426,0.9059451343307293,-0.8401126821795327,-0.4281426138545963,-0.10413934871804657,0.31632195543693553
1759043806.249763,265.7799987792969,268.95001220703125,213.22000122070312,94.22000122070312,32.959999084472656,47.290000915527344,480.94000244140625,583.77001953125,521.97998046875,-8736.8603515625,0,-0.09986665270528494,-0.0870829052081339,0.9011806973169642,0.8619184284805288,0.4230863573265782,0.0338174954969429,0.2774003134246549
1759043806.5884514,265.69000244140625,268.95001220703125,213.22000122070312,94.22000122070312,32.959999084472656,47.290000915527344,480.94000244140625,610.3099975585938,522.0700073242188,-8736.8603515625,0,-0.0965788274033214,-0.09053943519471945,0.9112206330757805,-0.8377676933062662,-0.43823156082164383,-0.1388657589189358,0.2946433304047318
1759043808.8192708,265.7799987792969,268.95001220703125,213.22000122070312,94.22000122070312,32.959999084472656,47.290000915527344,480.94000244140625,614.0,521.6300048828125,-8736.8603515625,0,-0.09582940281348591,-0.08873984654572974,0.9041359364943534,-0.8508086497526872,-0.4406605328335895,-0.11767539574771085,0.26095102518374164
1759043809.1595664,265.69000244140625,268.95001220703125,213.22000122070312,94.22000122070312,32.959999084472656,47.290000915527344,480.94000244140625,611.719970703125,498.1600036621094,-8736.8603515625,0,-0.09805841527251734,-0.0846385071135628,0.9112492243816043,-0.8388217115048375,-0.438826286797951,-0.13750157651399664,0.2913810954392601
1759043810.0580957,265.7799987792969,268.95001220703125,213.22000122070312,94.22000122070312,32.959999084472656,47.290000915527344,480.94000244140625,611.719970703125,443.32000732421875,-8736.8603515625,0,-0.11147577798227008,-0.0625720688739615,0.9123067397875569,-0.8423695112406838,-0.4420560143159839,-0.13582782577544603,0.2766783122767545
1759043810.1471744,265.7799987792969,268.95001220703125,213.22000122070312,94.22000122070312,32.959999084472656,47.290000915527344,480.94000244140625,611.719970703125,432.95001220703125,-8736.8603515625,0,-0.11013162984782314,-0.06681995566101179,0.9136038078976575,0.879739801638637,0.4202810810948579,0.026815012636061893,0.2206867675776624
1759043810.249914,265.7799987792969,268.95001220703125,213.22000122070312,94.22000122070312,32.959999084472656,47.290000915527344,480.94000244140625,611.719970703125,432.95001220703125,-8736.8603515625,0,-0.10776924300471717,-0.06887251520370465,0.9028434788438905,-0.8577612693951538,-0.43243531373217114,-0.06971951567672471,0.2690436642940625
1759043810.5491025,265.7799987792969,268.95001220703125,213.22000122070312,94.22000122070312,32.959999084472656,47.290000915527344,480.94000244140625,611.719970703125,432.7699890136719,-8736.8603515625,0,-0.10946825245647218,-0.066479634571669,0.9203562356939657,-0.8484903995118734,-0.42754515160502315,-0.17712702591644958,0.25670060764480634
1759043810.7894561,265.7799987792969,268.95001220703125,213.22000122070312,94.22000122070312,32.959999084472656,47.290000915527344,480.94000244140625,611.719970703125,432.7699890136719,-8736.8603515625,0,-0.11184754492015725,-0.05861092000855415,0.9123578420436952,0.8726691459403066,0.4180811590202425,-0.08896586740278219,0.236096972944121
1759043811.4243855,265.7799987792969,268.95001220703125,213.22000122070312,94.22000122070312,32.959999084472656,47.290000915527344,483.3999938964844,611.719970703125,432.7699890136719,-8736.8603515625,0,-0.1101296164485618,-0.06793446725095166,0.9135731543252703,0.8706564655842597,0.41444947402875065,-0.001995980829352435,0.2649244580519996
1759043811.726163,265.7799987792969,268.95001220703125,213.22000122070312,94.22000122070312,32.959999084472656,47.290000915527344,492.8900146484375,611.719970703125,432.7699890136719,-8736.8603515625,0,-0.09761216212672974,-0.06780041392764168,0.8935425055749134,-0.8458495365025122,-0.45456286533483986,-0.0665844655700637,0.27106765207566674
1759043811.7477703,265.7799987792969,268.95001220703125,213.22000122070312,94.22000122070312,32.959999084472656,47.290000915527344,504.489990234375,611.719970703125,432.7699890136719,-8736.8603515625,0,-0.09628273567334944,-0.06987612326083492,0.9051728194095114,0.8585313378080947,0.44005360104407076,-0.007007205135568553,0.2631115149243326
1759043811.885007,265.7799987792969,268.95001220703125,213.22000122070312,94.22000122070312,32.959999084472656,47.290000915527344,504.489990234375,611.719970703125,432.7699890136719,-8736.8603515625,0,-0.09395220810696392,-0.07647398450234669,0.951880898919625,-0.8418531841379902,-0.4694273790164188,-0.10280957877228272,0.2456651027296483
1759043812.0638673,265.7799987792969,268.95001220703125,213.22000122070312,94.22000122070312,32.959999084472656,47.290000915527344,516.7100219726562,611.719970703125,432.7699890136719,-8736.8603515625,0,-0.07031926289687439,-0.08022906243957695,0.9062766037359394,0.8376059340597971,0.46214889183748875,0.0807915468142896,0.27983464218096854
1759043812.1161823,265.7799987792969,268.95001220703125,213.22000122070312,94.22000122070312,32.959999084472656,47.290000915527344,516.7100219726562,611.719970703125,432.7699890136719,-8736.8603515625,0,-0.061720141279543006,-0.07899121687734145,0.8772438502396634,-0.8075458178567629,-0.4922132630872197,-0.08321937894810803,0.3141184341463815
1759043812.1484997,265.7799987792969,268.95001220703125,213.22000122070312,94.22000122070312,32.959999084472656,47.290000915527344,530.6799926757812,611.719970703125,432.7699890136719,-8736.8603515625,0,-0.06113944784449674,-0.08267744882754076,0.9171558050049227,0.839236615586653,0.48213180923639143,0.04544177387097326,0.24731734021003013
1759043812.4279475,265.7799987792969,268.95001220703125,213.22000122070312,94.22000122070312,32.959999084472656,47.290000915527344,543.8699951171875,611.719970703125,432.7699890136719,-8736.8603515625,0,-0.041921013530110365,-0.07837485467367585,0.9189371248849373,0.833335153785716,0.5172581595997534,-0.05181001166036324,0.18791551421893324
1759043812.4503818,265.7799987792969,268.95001220703125,213.22000122070312,94.22000122070312,32.959999084472656,47.290000915527344,543.8699951171875,611.719970703125,432.7699890136719,-8736.8603515625,0,-0.03908628864125728,-0.07830369007394405,0.9498396354114602,0.8281677270204785,0.5340805609339944,0.03565447100205167,0.16620748795324497
1759043812.5167382,265.7799987792969,268.95001220703125,213.22000122070312,94.22000122070312,32.959999084472656,47.290000915527344,543.8699951171875,611.719970703125,432.7699890136719,-8736.8603515625,0,-0.03388204049905879,-0.07192149145806237,0.9034508414813169,0.833229834280634,0.5264158145692753,0.031701757144423394,0.1661608619079404
1759043812.5587022,265.7799987792969,268.95001220703125,213.22000122070312,94.22000122070312,32.959999084472656,47.290000915527344,555.1199951171875,611.719970703125,432.7699890136719,-8736.8603515625,0,-0.03241305182389788,-0.07044697274642132,0.9033064830764658,0.8330884519186964,0.5265628599731274,0.030790417279601967,0.16657471590964404
1759043812.9973454,265.7799987792969,268.95001220703125,213.22000122070312,94.22000122070312,32.959999084472656,47.290000915527344,557.8400268554688,611.719970703125,432.7699890136719,-8736.8603515625,0,-0.02204479685651353,-0.07470174588933079,0.9289440274640998,0.8135627112216509,0.5562529185948147,0.02731136809460666,0.16718999562542008
1759043813.4259129,265.7799987792969,268.95001220703125,213.22000122070312,94.22000122070312,32.959999084472656,47.290000915527344,557.8400268554688,611.719970703125,432.7699890136719,-8736.8603515625,0,-0.03485912029464078,-0.07397059083009316,0.9198374900826054,0.813156427771451,0.536530059851089,0.07319966672058885,0.21343366098662736
1759043813.7597318,265.7799987792969,268.95001220703125,213.22000122070312,94.22000122070312,32.959999084472656,47.290000915527344,557.8400268554688,627.97998046875,432.7699890136719,-8736.8603515625,0,-0.031693089983836645,-0.07039905670779868,0.9469481446741876,0.823306320449638,0.5504695852292055,-0.03400575658836252,0.13414002744936884
1759043814.2247858,265.7799987792969,268.95001220703125,213.22000122070312,94.22000122070312,32.959999084472656,47.290000915527344,557.9299926757812,653.5499877929688,432.7699890136719,-8736.8603515625,0,-0.017522319043507862,-0.07015951403167699,0.9285664298911047,0.8131260567350519,0.5567102373556901,0.024547043489516973,0.16821762730998294
1759043814.2520816,265.7799987792969,268.95001220703125,213.22000122070312,94.22000122070312,32.959999084472656,47.290000915527344,557.9299926757812,653.5499877929688,432.7699890136719,-8736.8603515625,0,-0.01681929132228133,-0.06932189970518941,0.9086826169392246,-0.770446036645943,-0.5773257410297042,-0.07068731196114941,0.2609812201840749
1759043814.2830348,265.7799987792969,268.95001220703125,213.22000122070312,94.22000122070312,32.959999084472656,47.290000915527344,557.9299926757812,653.5499877929688,432.7699890136719,-8736.8603515625,0,-0.01752323329005404,-0.07166717500495495,0.9286139684776576,0.8132560184478972,0.5566987119346534,0.024840523965886586,0.16758323590882185
1759043814.3521123,265.7799987792969,268.95001220703125,213.22000122070312,94.22000122070312,32.959999084472656,47.290000915527344,557.9299926757812,667.0900268554688,432.7699890136719,-8736.8603515625,0,-0.01752323329005404,-0.07166717500495495,0.9286139684776576,0.8132560184478972,0.5566987119346534,0.024840523965886586,0.16758323590882185
1759043814.4874036,265.7799987792969,268.95001220703125,213.22000122070312,94.22000122070312,32.959999084472656,47.290000915527344,557.9299926757812,667.0900268554688,432.7699890136719,-8736.8603515625,0,-0.01681929132228133,-0.06932189970518941,0.9086826169392246,-0.770446036645943,-0.5773257410297042,-0.07068731196114941,0.2609812201840749
1759043814.515759,265.7799987792969,268.95001220703125,213.22000122070312,94.22000122070312,32.959999084472656,47.290000915527344,557.9299926757812,667.0900268554688,432.7699890136719,-8736.8603515625,0,-0.01696046351535599,-0.07134469589515002,0.9394133966913226,0.7980561863420288,0.58293398623679,0.08594351868601595,0.1261269310146298
1759043814.6490636,265.7799987792969,268.95001220703125,213.22000122070312,94.22000122070312,32.959999084472656,47.290000915527344,557.9299926757812,680.27001953125,432.7699890136719,-8736.8603515625,0,-0.015636154850242473,-0.07109178006997559,0.9511219176313913,0.7912936613102121,0.5864725107874585,0.024444576359284046,0.17119228471969503
1759043814.6824236,265.7799987792969,268.95001220703125,213.22000122070312,94.22000122070312,32.959999084472656,47.290000915527344,557.9299926757812,680.27001953125,432.7699890136719,-8736.8603515625,0,-0.013822798959004986,-0.06750146460262221,0.9079947620133137,0.7999308056897412,0.5775341146548663,0.02488598580344052,0.1610768146847101
1759043814.749191,265.7799987792969,268.95001220703125,213.22000122070312,94.22000122070312,32.959999084472656,47.290000915527344,557.9299926757812,693.280029296875,432.7699890136719,-8736.8603515625,0,-0.012551594086879194,-0.06953763863391833,0.9509348678143988,0.7911278866174265,0.5867709762005315,0.022881925304369794,0.17115170463447005
1759043814.7848592,265.7799987792969,268.95001220703125,213.22000122070312,94.22000122070312,32.959999084472656,47.290000915527344,557.9299926757812,693.280029296875,432.7699890136719,-8736.8603515625,0,-0.010867381801594347,-0.0682717989213532,0.9390011351574252,0.7979859518018992,0.5834742456585821,0.08260045575280256,0.12630673018250063
1759043814.9597807,265.7799987792969,268.95001220703125,213.22000122070312,94.22000122070312,33.04999923706055,47.290000915527344,557.9299926757812,695.739990234375,432.7699890136719,-8736.8603515625,0,-0.003305590010145871,-0.06642587817754084,0.9504843056507607,0.7907591064208059,0.5876578249007157,0.018563168009975543,0.17033415758138917
1759043814.9830894,265.7799987792969,268.95001220703125,213.22000122070312,94.22000122070312,33.04999923706055,47.290000915527344,557.9299926757812,695.739990234375,432.7699890136719,-8736.8603515625,0,-0.0017380703719138218,-0.06519716595113272,0.9385245801956181,0.797973352555043,0.5842352913679894,0.07798386020029466,0.12580210841033884
1759043815.0839114,265.7799987792969,268.95001220703125,213.22000122070312,94.22000122070312,33.04999923706055,47.290000915527344,557.9299926757812,695.739990234375,432.7699890136719,-8736.8603515625,0,0.0034288601433703934,-0.06157931339084042,0.901832543593534,0.7820551179205472,0.5912258670764251,-0.07029771730958431,0.18411951981001393
1759043815.1163316,265.7799987792969,268.95001220703125,213.22000122070312,94.22000122070312,33.04999923706055,47.290000915527344,557.9299926757812,695.739990234375,432.7699890136719,-8736.8603515625,0,0.004734154139973959,-0.064621491318089,0.9475102959167263,-0.776073233590649,-0.5982413065346045,-0.08433968153881755,0.18084383699162737
1759043815.3615122,265.7799987792969,268.95001220703125,213.22000122070312,94.22000122070312,32.959999084472656,47.290000915527344,557.9299926757812,695.739990234375,432.7699890136719,-8736.8603515625,0,0.00312468249313781,-0.06169955981104935,0.9148556892712162,0.7841821425828237,0.6036966388496368,0.07804549421280339,0.1204891544037983
1759043815.3843706,265.7799987792969,268.95001220703125,213.22000122070312,94.22000122070312,32.959999084472656,47.290000915527344,557.9299926757812,695.739990234375,432.7699890136719,-8736.8603515625,0,0.002823179908595558,-0.06366251569156112,0.9383087290751735,0.7979589456928076,0.5846140501531455,0.07572354040175827,0.1255144564637148
1759043815.4534311,265.7799987792969,268.95001220703125,213.22000122070312,94.22000122070312,32.959999084472656,47.290000915527344,557.9299926757812,695.739990234375,432.7699890136719,-8736.8603515625,0,-0.0013934618748786163,-0.06434096058486875,0.9486758857691263,-0.7951875382400552,-0.6017287127009487,-0.06722115124468366,0.032873274316978146
1759043815.4833128,265.7799987792969,268.95001220703125,213.22000122070312,94.22000122070312,32.959999084472656,47.290000915527344,557.9299926757812,695.739990234375,432.7699890136719,-8736.8603515625,0,-0.0024981201413698494,-0.06368129355013431,0.9386650297943661,0.7985043951517027,0.5846030483469771,0.09499628795947238,0.10772981045540109
1759043815.5179126,265.7799987792969,268.95001220703125,213.22000122070312,94.22000122070312,32.959999084472656,47.290000915527344,557.9299926757812,695.739990234375,432.7699890136719,-8736.8603515625,0,-0.003877450973427191,-0.0615875181436008,0.9019537003309003,0.7824529230092198,0.5904142340774462,-0.06751875696581873,0.18606362602846757
1759043816.0839336,265.7799987792969,268.95001220703125,213.22000122070312,94.22000122070312,32.959999084472656,47.290000915527344,557.9299926757812,695.739990234375,432.7699890136719,-8736.8603515625,0,-0.0033133194536301815,-0.06593057381895535,0.9386498905258048,-0.7874867328309628,-0.5886374863713386,0.0349280665241478,0.1793058432470419
1759043816.1848946,265.7799987792969,268.95001220703125,213.22000122070312,94.22000122070312,32.959999084472656,47.290000915527344,557.9299926757812,695.739990234375,432.7699890136719,-8736.8603515625,0,-0.00019771589447365354,-0.062406783145341045,0.9035505888262665,0.7829163678610487,0.5853694688480718,0.10452973940893096,0.182915498126568
1759043816.2828877,265.7799987792969,268.95001220703125,213.22000122070312,94.22000122070312,32.959999084472656,47.290000915527344,557.9299926757812,695.739990234375,432.7699890136719,-8736.8603515625,0,0.0016806359621014469,-0.06434796832275017,0.9487766121771756,-0.795310336884579,-0.6017906606249523,-0.06477201124128269,0.03367573887652711
1759043816.484356,265.7799987792969,268.95001220703125,213.22000122070312,94.22000122070312,32.959999084472656,47.290000915527344,557.9299926757812,695.739990234375,432.7699890136719,-8736.8603515625,0,0.0023577566262619957,-0.05862388915718747,0.9071603897897816,0.7990034807304381,0.5791165873574436,0.016242768730814715,0.16110117470729346
1759043816.660083,265.7799987792969,268.95001220703125,213.22000122070312,94.22000122070312,32.959999084472656,47.290000915527344,557.9299926757812,695.739990234375,432.7699890136719,-8736.8603515625,0,-0.0014064902134845198,-0.06002184659856235,0.9475776848273528,-0.7764078536389833,-0.5990107691966162,-0.0854729769477513,0.17627056874553482
1759043816.6892354,265.7799987792969,268.95001220703125,213.22000122070312,94.22000122070312,32.959999084472656,47.290000915527344,557.9299926757812,695.739990234375,432.7699890136719,-8736.8603515625,0,-0.002415963718852712,-0.057201750472336665,0.9019046943617184,0.7819665238538177,0.5904392620121162,-0.06924674658983529,0.18738922469898786
1759043816.7164934,265.7799987792969,268.95001220703125,213.22000122070312,94.22000122070312,32.959999084472656,47.290000915527344,557.9299926757812,695.739990234375,432.7699890136719,-8736.8603515625,0,-0.0033050283416793083,-0.06025829976971372,0.950333105687864,0.7902226517400134,0.5877132577223819,0.017177150520244735,0.17276062304336479
1759043816.7840116,265.7799987792969,268.95001220703125,213.22000122070312,94.22000122070312,32.959999084472656,47.290000915527344,557.9299926757812,695.739990234375,432.7699890136719,-8736.8603515625,0,-0.004778616792581708,-0.06062883559921439,0.9384018917438723,0.7975711752861742,0.5841644726211715,0.07837211861458104,0.12841300675446213
1759043816.817544,265.7799987792969,268.95001220703125,213.22000122070312,94.22000122070312,32.959999084472656,47.290000915527344,557.9299926757812,695.739990234375,432.7699890136719,-8736.8603515625,0,-0.006002680730061095,-0.06125251722416708,0.9484389387113557,-0.7950864019358217,-0.6017410478813612,-0.06995543042572681,0.02918154391634891
1759043816.9221628,265.7799987792969,268.95001220703125,213.22000122070312,94.22000122070312,32.959999084472656,47.290000915527344,557.9299926757812,695.739990234375,432.7699890136719,-8736.8603515625,0,-0.007820918692159635,-0.06216004002616343,0.9385735799818565,0.7976113718921564,0.5838913131318092,0.08002464845400001,0.12838648494813523
1759043817.0894408,265.7799987792969,268.95001220703125,213.22000122070312,94.22000122070312,32.959999084472656,47.290000915527344,557.9299926757812,695.739990234375,432.7699890136719,-8736.8603515625,0,-0.006800707335518486,-0.06305343850487943,0.9020260761874981,0.7827460941458502,0.5901350357253574,-0.06601284926833771,0.18625653126890002
1759043817.2553382,265.7799987792969,268.95001220703125,213.22000122070312,94.22000122070312,32.959999084472656,47.290000915527344,557.9299926757812,695.739990234375,432.7699890136719,-8736.8603515625,0,0.0,0.0,0.005917159763313609,-0.792985915014449,-0.6024077890572567,-0.04158908629158676,0.08092306329641555
1759043817.3202868,265.7799987792969,268.95001220703125,213.22000122070312,94.22000122070312,32.959999084472656,47.290000915527344,557.9299926757812,695.739990234375,432.7699890136719,-8736.8603515625,0,-0.0017380703719138218,-0.06519716595113272,0.9385245801956181,0.797973352555043,0.5842352913679894,0.07798386020029466,0.12580210841033884
1759043817.355805,265.7799987792969,268.95001220703125,213.22000122070312,94.22000122070312,32.959999084472656,47.290000915527344,557.9299926757812,695.739990234375,432.7699890136719,-8736.8603515625,0,-0.0013224457123378057,-0.06319544326849963,0.9150617321658006,0.7841845095243878,0.6033293668425188,0.08032156380538878,0.1208171201248301
1759043817.3847983,265.7799987792969,268.95001220703125,213.22000122070312,94.22000122070312,32.959999084472656,47.290000915527344,557.9299926757812,695.739990234375,432.7699890136719,-8736.8603515625,0,-0.00022553530360680106,-0.0648767101466458,0.9503418681175367,0.7905903344707848,0.5879592641163328,0.017024218090613753,0.1702380767617998
1759043817.4572628,265.7799987792969,268.95001220703125,213.22000122070312,94.22000122070312,32.959999084472656,47.290000915527344,557.9299926757812,695.739990234375,432.7699890136719,-8736.8603515625,0,0.00050656379917517,-0.06012099551800203,0.9018685955287425,0.7820798629416285,0.5908564178439081,-0.06958305363464987,0.18546692460044292
1759043817.4887676,265.7799987792969,268.95001220703125,213.22000122070312,94.22000122070312,32.959999084472656,47.290000915527344,557.9299926757812,695.739990234375,432.7699890136719,-8736.8603515625,0,0.001302895910783715,-0.06214118511263549,0.9382855859921589,0.797817386107194,0.5845562561301565,0.07605967886032582,0.12647658714498716
1759043817.8289955,265.7799987792969,268.95001220703125,214.72000122070312,94.22000122070312,32.959999084472656,47.290000915527344,557.9299926757812,695.739990234375,432.7699890136719,-8736.8603515625,0,-0.0017918526245774154,-0.05677995055751475,0.9381724284348927,-0.7882239969310627,-0.5883080419186697,0.039329581682537716,0.1762094278990701
1759043817.8836472,265.7799987792969,268.95001220703125,214.72000122070312,94.22000122070312,32.959999084472656,47.290000915527344,557.9299926757812,695.739990234375,432.7699890136719,-8736.8603515625,0,0.0,0.0,0.005952380952380952,0.7820107590943888,0.5854232359066208,0.10399784749107548,0.18687764777645838
1759043817.9844909,265.7799987792969,268.95001220703125,228.0800018310547,94.22000122070312,32.959999084472656,47.290000915527344,557.9299926757812,692.75,432.7699890136719,-8736.8603515625,0,0.0,0.0,0.00625,-0.7764875282647861,-0.5993485527987444,-0.0863107942046385,0.17435273875410878
1759043818.0241098,265.7799987792969,268.95001220703125,228.0800018310547,94.22000122070312,32.959999084472656,47.290000915527344,557.9299926757812,692.75,432.7699890136719,-8736.8603515625,0,-0.0047782314812849355,-0.059104454075358255,0.9383309292215646,0.7974588100589289,0.584214545680391,0.0780523742702998,0.1290760928507698
1759043818.0587347,265.7799987792969,268.95001220703125,228.0800018310547,94.22000122070312,32.959999084472656,47.290000915527344,557.9299926757812,692.75,432.7699890136719,-8736.8603515625,0,-0.005338841669712779,-0.05720527845524188,0.9019607908089734,0.7821242943732325,0.5901133216137504,-0.06811435887253053,0.18817090614795842
1759043818.0890799,265.7799987792969,268.95001220703125,228.0800018310547,94.22000122070312,32.959999084472656,47.290000915527344,557.9299926757812,692.75,432.7699890136719,-8736.8603515625,0,-0.006009170938900236,-0.06043333021369996,0.9477010258243882,-0.7933541084221278,-0.6026746781279172,-0.03888099771475428,0.07655559424266342
1759043818.1847332,265.7799987792969,268.95001220703125,241.7899932861328,94.22000122070312,32.959999084472656,47.290000915527344,557.9299926757812,692.75,432.7699890136719,-8736.8603515625,0,-0.006003058515637881,-0.062791733721299,0.9484865191159428,-0.7950424285363203,-0.6016884094875579,-0.07040282932819461,0.03036505125943389
1759043818.286323,265.7799987792969,268.95001220703125,241.7899932861328,94.22000122070312,32.959999084472656,47.290000915527344,557.9299926757812,692.75,432.7699890136719,-8736.8603515625,0,-0.005338986884746217,-0.06158960271035686,0.901984456703857,0.7825322847670075,0.5902519323797948,-0.06695679169164465,0.18644749305261993
1759043818.35809,265.7799987792969,268.95001220703125,255.75999450683594,94.22000122070312,32.959999084472656,47.290000915527344,557.9299926757812,692.75,432.7699890136719,-8736.8603515625,0,-0.004779830804060175,-0.06520408216739372,0.9386252263745514,0.7979060797653235,0.5840151463230099,0.07930591464484314,0.1264229751318634
1759043818.386292,265.7799987792969,268.95001220703125,255.75999450683594,94.22000122070312,32.959999084472656,47.290000915527344,557.9299926757812,692.75,432.7699890136719,-8736.8603515625,0,-0.00446723820876068,-0.06587398806723038,0.9486289722923066,-0.7950126365411162,-0.6016129854120172,-0.07009111593305793,0.033225878330623716
1759043818.7228987,265.7799987792969,268.95001220703125,269.6499938964844,94.22000122070312,33.04999923706055,47.290000915527344,557.9299926757812,692.75,432.7699890136719,-8736.8603515625,0,-0.001393140497610512,-0.06126144921908227,0.9485736081266467,-0.7952754700400322,-0.6018297672713158,-0.06640474850903806,0.030467480273416222
1759043818.7874036,265.7799987792969,268.95001220703125,283.5400085449219,94.22000122070312,32.959999084472656,47.290000915527344,557.9299926757812,692.75,432.7699890136719,-8736.8603515625,0,-0.0014064902134845198,-0.06002184659856235,0.9475776848273528,-0.7764078536389833,-0.5990107691966162,-0.0854729769477513,0.17627056874553482
1759043818.953284,265.7799987792969,268.95001220703125,297.4200134277344,94.22000122070312,32.959999084472656,47.290000915527344,557.9299926757812,692.75,432.7699890136719,-8736.8603515625,0,0.0,0.0,0.012048192771084338,-0.7953292868760193,-0.6019490356533993,-0.06635484256203553,0.02656536809066631
1759043819.0857506,265.7799987792969,268.95001220703125,297.4200134277344,94.22000122070312,32.959999084472656,47.290000915527344,557.9299926757812,692.75,432.7699890136719,-8736.8603515625,0,-0.003877291323013143,-0.054280895016838075,0.9019176449130474,0.7817698475245473,0.5901816906575492,-0.06946713899283326,0.1889333059949822
1759043819.1870942,265.7799987792969,268.95001220703125,303.2200012207031,94.22000122070312,32.959999084472656,47.290000915527344,558.02001953125,692.75,432.7699890136719,-8736.8603515625,0,-0.004477200783729862,-0.05848999327998051,0.9476244673701718,-0.7764875282647861,-0.5993485527987444,-0.0863107942046385,0.17435273875410878
1759043819.4267106,265.7799987792969,268.95001220703125,303.2200012207031,94.22000122070312,32.959999084472656,47.290000915527344,557.9299926757812,692.75,432.7699890136719,-8736.8603515625,0,-0.004589475094928897,-0.059478802435882154,0.9035357881175329,0.7824318065075846,0.5850455076602151,0.10575033263508311,0.18530809286010277
1759043819.4888613,265.7799987792969,268.95001220703125,303.2200012207031,94.22000122070312,32.959999084472656,47.290000915527344,557.9299926757812,692.75,432.7699890136719,-8736.8603515625,0,-0.0044772710389089495,-0.06309611880333778,0.9476492446410825,-0.7760019206627654,-0.5990911251409251,-0.08812879116867661,0.17647707803629192
1759043819.9533823,265.7799987792969,268.95001220703125,305.510009765625,94.22000122070312,32.959999084472656,47.290000915527344,557.9299926757812,692.4000244140625,432.7699890136719,-8736.8603515625,0,-0.003257763585363811,-0.05910158953808325,0.9382848912556845,0.7974942287819278,0.5843262934659137,0.07738990836272842,0.128749912262159
1759043820.1654382,265.7799987792969,268.95001220703125,318.8699951171875,94.22000122070312,32.959999084472656,47.290000915527344,557.9299926757812,692.4000244140625,432.7699890136719,-8736.8603515625,0,-0.0036934791952120444,-0.05701379397376121,0.9475511347777286,0.7860298062409753,0.6027321063360399,-0.04625601877039516,0.1293504248930333
1759043820.3532805,265.7799987792969,268.95001220703125,332.3999938964844,94.22000122070312,32.959999084472656,47.290000915527344,557.9299926757812,692.4000244140625,432.7699890136719,-8736.8603515625,0,-0.005768582897803687,-0.05577009840151646,0.9148198830557452,0.7835264972852384,0.6032605948054427,0.08065838017113776,0.1251283681467848
1759043820.3862884,265.7799987792969,268.95001220703125,332.3999938964844,94.22000122070312,32.959999084472656,47.290000915527344,557.9299926757812,692.4000244140625,432.7699890136719,-8736.8603515625,0,-0.006384971024009228,-0.0587229943967489,0.9503978285900258,0.7901180974096188,0.5874355656006378,0.018040647256801066,0.17409015899762595
1759043820.6002567,265.7799987792969,268.95001220703125,345.94000244140625,94.22000122070312,32.959999084472656,47.290000915527344,557.9299926757812,692.4000244140625,432.7699890136719,-8736.8603515625,0,-0.011186269098845672,-0.06013758020156201,0.9021192741604073,0.782712993068974,0.5895564608269109,-0.06506514518920684,0.18854728017068506
1759043820.6216676,265.7799987792969,268.95001220703125,345.94000244140625,94.22000122070312,32.959999084472656,47.290000915527344,557.9299926757812,692.4000244140625,432.7699890136719,-8736.8603515625,0,-0.012440078932830757,-0.06289973806424883,0.9387931418280961,-0.7881558905382109,-0.5893862559746316,0.03254524717480545,0.17428407949223795
1759043820.653606,265.7799987792969,268.95001220703125,345.94000244140625,94.22000122070312,32.959999084472656,47.290000915527344,557.9299926757812,692.4000244140625,432.7699890136719,-8736.8603515625,0,-0.013870701044538965,-0.06194377889679504,0.9083996989349519,-0.7715898669865512,-0.5772351882447956,-0.06649146363073533,0.25889669731364756
1759043820.6866844,265.7799987792969,268.95001220703125,345.94000244140625,94.22000122070312,32.959999084472656,47.290000915527344,557.9299926757812,692.4000244140625,432.7699890136719,-8736.8603515625,0,-0.015485200682509345,-0.06443322497925222,0.9389813847609025,-0.7881544178959079,-0.5896851541949157,0.03072422983088043,0.17360891156441347
1759043820.753636,265.7799987792969,268.95001220703125,359.29998779296875,94.22000122070312,32.959999084472656,47.290000915527344,557.9299926757812,692.4000244140625,432.7699890136719,-8736.8603515625,0,-0.018303039958228066,-0.06619357108904178,0.9480450739162813,-0.7753121580404461,-0.600044717941989,-0.09578100838838534,0.17223063750880485
1759043820.8212419,265.7799987792969,268.95001220703125,359.29998779296875,94.22000122070312,32.959999084472656,47.290000915527344,557.9299926757812,692.4000244140625,432.7699890136719,-8736.8603515625,0,-0.020612637281461278,-0.06472847323856107,0.9157901909924424,0.7837551179870135,0.6018693560805652,0.08954145668830277,0.1243524055837496
1759043820.8539736,265.7799987792969,268.95001220703125,359.29998779296875,94.22000122070312,32.959999084472656,47.290000915527344,557.9299926757812,692.4000244140625,432.7699890136719,-8736.8603515625,0,0.0,0.0,0.012048192771084338,-0.7941109177021536,-0.6011411188559781,-0.08499883449424234,0.02814966680880803
1759043821.2284932,265.7799987792969,268.95001220703125,385.92999267578125,94.22000122070312,32.959999084472656,47.290000915527344,557.9299926757812,692.4000244140625,432.69000244140625,-8736.8603515625,0,-0.03522546709378076,-0.06624359163894131,0.9487586025806917,-0.7748629019179366,-0.6013991538099457,-0.10331858158143706,0.16502064030900973
1759043821.3195708,265.7799987792969,268.95001220703125,385.92999267578125,94.22000122070312,32.959999084472656,47.290000915527344,557.9299926757812,692.4000244140625,432.69000244140625,-8736.8603515625,0,-0.035929207807370245,-0.06315791481883487,0.9089883283766838,0.7997059856902199,0.5755122405700773,0.03368556615398758,0.1676940071622381
1759043821.420155,265.7799987792969,268.95001220703125,392.260009765625,94.22000122070312,32.959999084472656,47.290000915527344,557.9299926757812,692.4000244140625,432.7699890136719,-8736.8603515625,0,-0.03761750804537919,-0.06288260261096859,0.904980632674742,0.7958178443692365,0.5897388101707202,-0.029378402516969295,0.13423488305010722
1759043821.8646224,265.7799987792969,268.95001220703125,392.42999267578125,94.22000122070312,32.959999084472656,47.290000915527344,557.9299926757812,692.4000244140625,432.7699890136719,-8736.8603515625,0,-0.035250435098709045,-0.06987276617116384,0.9400886612836499,0.7973952174161325,0.5816008979170658,0.0943064700013066,0.1304130074027674
1759043822.330405,265.7799987792969,268.95001220703125,392.42999267578125,94.22000122070312,32.959999084472656,47.290000915527344,557.9299926757812,692.4000244140625,432.7699890136719,-8736.8603515625,0,-0.03621820800757184,-0.06408098626848957,0.9062957888062662,0.7991494942491538,0.5799961991419608,-0.10334309174400609,0.11951861867922765
1759043822.4543111,265.7799987792969,268.95001220703125,392.42999267578125,94.22000122070312,32.959999084472656,47.290000915527344,557.9299926757812,692.4000244140625,432.7699890136719,-8736.8603515625,0,-0.03745115982087569,-0.06561243982710649,0.9280627830935445,0.8099759068574433,0.5710494948048535,-0.031112490171365945,0.12989810525531484
1759043822.4879441,265.7799987792969,268.95001220703125,392.42999267578125,94.22000122070312,32.959999084472656,47.290000915527344,557.9299926757812,692.4000244140625,432.7699890136719,-8736.8603515625,0,-0.03621820800757184,-0.06408098626848957,0.9062957888062662,0.7991494942491538,0.5799961991419608,-0.10334309174400609,0.11951861867922765
1759043822.5224957,265.7799987792969,268.95001220703125,392.42999267578125,94.22000122070312,32.959999084472656,47.290000915527344,557.9299926757812,692.4000244140625,432.7699890136719,-8736.8603515625,0,-0.036712251308929876,-0.06555019088155645,0.9280855714360373,-0.7969273000334461,-0.5721453229286219,-0.10338485998353428,0.16391515682965294
1759043822.560694,265.7799987792969,268.95001220703125,392.260009765625,94.22000122070312,32.959999084472656,47.290000915527344,557.9299926757812,691.8699951171875,435.5899963378906,-8736.8603515625,0,-0.036767972679434144,-0.06681739969676755,0.9399472269562251,0.7971084812641422,0.5815646177765446,0.09445264472875366,0.13220953956102446
1759043822.7549903,265.7799987792969,268.95001220703125,392.260009765625,94.22000122070312,32.959999084472656,47.290000915527344,557.9299926757812,691.8699951171875,449.2099914550781,-8736.8603515625,0,-0.03524648441722533,-0.06834254938374718,0.9399843233644214,0.7972784537079612,0.5816418774567513,0.09400810961943395,0.1311574205579248
1759043822.8881586,265.7799987792969,268.95001220703125,392.260009765625,94.22000122070312,32.959999084472656,47.290000915527344,557.9299926757812,691.8699951171875,449.2099914550781,-8736.8603515625,0,-0.034457843046241596,-0.06610506380476376,0.9090236341243126,0.7999635331894499,0.5756373035628545,0.033610461181314694,0.16604329921173425
1759043823.1355965,265.7799987792969,268.95001220703125,392.260009765625,94.22000122070312,32.959999084472656,47.290000915527344,557.9299926757812,691.8699951171875,463.1000061035156,-8736.8603515625,0,-0.035830565246795745,-0.06504605249412122,0.9053977081991649,-0.784476553148375,-0.5814205314879054,-0.0416769467399284,0.21168310096746895
1759043823.2612655,265.7799987792969,268.95001220703125,392.260009765625,94.22000122070312,32.959999084472656,47.290000915527344,557.9299926757812,691.8699951171875,477.25,-8736.8603515625,0,-0.036148803183195376,-0.06434404064619968,0.9049189580988554,0.7958515661503724,0.5898808138044354,-0.029694428477030025,0.13333848311286123
1759043823.3223526,265.7799987792969,268.95001220703125,392.260009765625,94.22000122070312,32.959999084472656,47.290000915527344,557.9299926757812,691.8699951171875,477.25,-8736.8603515625,0,-0.036712251308929876,-0.06555019088155645,0.9280855714360373,-0.7969273000334461,-0.5721453229286219,-0.10338485998353428,0.16391515682965294
1759043823.3894393,265.7799987792969,268.95001220703125,392.260009765625,94.22000122070312,32.959999084472656,47.290000915527344,557.9299926757812,691.8699951171875,490.8699951171875,-8736.8603515625,0,-0.0382045706579482,-0.06896523685351894,0.9758531911383773,0.8112805454259058,0.5846535460212875,-0.00028213033446260064,0.0020070228333248182
1759043823.602907,265.7799987792969,268.95001220703125,392.260009765625,94.22000122070312,32.959999084472656,47.290000915527344,557.9299926757812,691.8699951171875,503.9599914550781,-8736.8603515625,0,-0.03524259478389946,-0.06681278352178822,0.9398815923591671,0.7971612623984263,0.5816830348158757,0.09370583554473312,0.13190142199234822
1759043823.7223608,265.7799987792969,268.95001220703125,392.260009765625,94.22000122070312,32.959999084472656,47.290000915527344,557.9299926757812,691.8699951171875,503.9599914550781,-8736.8603515625,0,-0.03445550025411644,-0.06462839051222129,0.908962505941462,0.7998316965686717,0.5756437522949976,0.033313965764570054,0.16671444836262017
1759043823.7600756,265.7799987792969,268.95001220703125,392.260009765625,94.22000122070312,32.959999084472656,47.290000915527344,557.9299926757812,691.8699951171875,516.7100219726562,-8736.8603515625,0,-0.034516564626784436,-0.06496400872940138,0.9094855717088375,-0.7709232779630638,-0.5798894941034476,-0.07666924508716841,0.2520462278648427
1759043824.0658188,265.7799987792969,268.95001220703125,392.260009765625,94.22000122070312,32.959999084472656,47.290000915527344,558.02001953125,691.8699951171875,519.9600219726562,-8736.8603515625,0,-0.034518182795770236,-0.06644027108770868,0.9095292786926307,-0.7707061932129784,-0.5798298212207027,-0.07726000802131672,0.25266624888748634
1759043824.2607381,265.7799987792969,268.95001220703125,392.260009765625,94.22000122070312,32.959999084472656,47.290000915527344,558.02001953125,691.8699951171875,519.9600219726562,-8736.8603515625,0,-0.03377694024667492,-0.06906932192218186,0.9399780478175092,-0.7885114054596141,-0.5913312205794802,0.022036265286593706,0.1676053520634266
1759043824.3620484,265.7799987792969,268.95001220703125,392.260009765625,94.22000122070312,32.959999084472656,47.290000915527344,558.02001953125,691.8699951171875,519.9600219726562,-8736.8603515625,0,-0.03174300027343986,-0.06579464855664763,0.9047102138678181,0.7957712625856065,0.5902428667015767,-0.03118698092691257,0.13186670607654913
1759043824.4244895,265.7799987792969,268.95001220703125,392.260009765625,94.22000122070312,32.959999084472656,47.290000915527344,558.02001953125,691.8699951171875,519.9600219726562,-8736.8603515625,0,-0.03372113156673213,-0.06833778613933418,0.9399181256370434,0.7973298708838099,0.5817595214851125,0.09326484539160394,0.13085337126685076
1759043824.6703506,265.7799987792969,268.95001220703125,392.260009765625,94.22000122070312,32.959999084472656,47.290000915527344,558.02001953125,691.8699951171875,519.9600219726562,-8736.8603515625,0,-0.0366231523500871,-0.06896492167335906,0.9758486403533282,0.8112795472351727,0.5846548711884229,-0.0003193557559589502,0.002018872319662997
1759043824.795546,265.7799987792969,268.95001220703125,392.260009765625,94.22000122070312,32.959999084472656,47.290000915527344,558.02001953125,691.8699951171875,519.9600219726562,-8736.8603515625,0,-0.03524259478389946,-0.06681278352178822,0.9398815923591671,0.7971612623984263,0.5816830348158757,0.09370583554473312,0.13190142199234822
1759043824.8920083,265.7799987792969,268.95001220703125,392.260009765625,94.22000122070312,32.959999084472656,47.290000915527344,558.02001953125,691.8699951171875,519.9600219726562,-8736.8603515625,0,-0.03314374658723864,-0.06458525670268639,0.9030217866737404,0.7842941929848871,0.5872773744562925,-0.055199948868774704,0.19220007790527271
1759043824.9935944,265.7799987792969,268.95001220703125,392.260009765625,94.22000122070312,32.959999084472656,47.290000915527344,558.02001953125,691.8699951171875,519.9600219726562,-8736.8603515625,0,-0.03504167677809717,-0.07054515537396726,0.9758418958510253,0.8112780786615157,0.5846569696687737,-0.00036972803163119787,0.0019925366217294054
1759043825.025219,265.7799987792969,268.95001220703125,392.260009765625,94.22000122070312,32.959999084472656,47.290000915527344,558.02001953125,691.8699951171875,519.9600219726562,-8736.8603515625,0,-0.03372113156673213,-0.06833778613933418,0.9399181256370434,0.7973298708838099,0.5817595214851125,0.09326484539160394,0.13085337126685076
1759043825.1910691,265.7799987792969,268.95001220703125,392.260009765625,94.22000122070312,32.959999084472656,47.290000915527344,558.02001953125,691.7899780273438,519.9600219726562,-8736.8603515625,0,-0.03416108199659015,-0.06961704541425442,0.9520278697675875,0.791310766495396,0.5847542789476726,0.031808302394917366,0.17572118819200488
1759043825.3251054,265.7799987792969,268.95001220703125,392.260009765625,94.22000122070312,32.959999084472656,47.290000915527344,558.02001953125,691.7899780273438,519.9600219726562,-8736.8603515625,0,-0.03298187192781763,-0.06609877631874776,0.9089365645458053,0.7999553562249662,0.5757741595175166,0.03294415131102428,0.1657414497742826
1759043825.5587804,265.7799987792969,268.95001220703125,392.260009765625,94.22000122070312,32.959999084472656,47.290000915527344,558.02001953125,691.8699951171875,519.9600219726562,-8736.8603515625,0,-0.03524259478389946,-0.06681278352178822,0.9398815923591671,0.7971612623984263,0.5816830348158757,0.09370583554473312,0.13190142199234822
1759043825.736738,265.7799987792969,268.95001220703125,392.260009765625,94.22000122070312,32.959999084472656,47.290000915527344,558.02001953125,691.8699951171875,519.9600219726562,-8736.8603515625,0,-0.03369955588746976,-0.0655396351287775,0.9279368035384666,-0.7970103731943234,-0.5719087764472247,-0.10198163111657763,0.16521066357256028
1759043825.9317467,265.7799987792969,268.95001220703125,392.260009765625,94.22000122070312,32.959999084472656,47.290000915527344,558.02001953125,691.7899780273438,519.9600219726562,-8736.8603515625,0,-0.03368621989514456,-0.06777607310908663,0.9487003950406836,-0.7747429744871278,-0.6011878559333451,-0.10331020587139876,0.16635349928364626
1759043826.2602787,265.7799987792969,268.95001220703125,392.260009765625,94.22000122070312,32.959999084472656,47.290000915527344,558.02001953125,691.8699951171875,519.9600219726562,-8736.8603515625,0,-0.03327844813550323,-0.06554307153733405,0.9062147470858402,0.7990132498553296,0.5802995566099799,-0.10409774690419568,0.11829585894424005
1759043826.6367493,265.7799987792969,268.95001220703125,392.260009765625,94.22000122070312,32.959999084472656,47.290000915527344,558.02001953125,691.8699951171875,519.9600219726562,-8736.8603515625,0,-0.03371745094787902,-0.066808210201505,0.9398165678376312,0.7972130145730635,0.5818011067909881,0.09296284344968848,0.13159327972909024
1759043827.0589895,265.7799987792969,268.95001220703125,392.260009765625,94.22000122070312,32.959999084472656,47.290000915527344,558.02001953125,691.8699951171875,519.9600219726562,-8736.8603515625,0,-0.03314374658723864,-0.06458525670268639,0.9030217866737404,0.7842941929848871,0.5872773744562925,-0.055199948868774704,0.19220007790527271
1759043827.259643,265.7799987792969,268.95001220703125,392.260009765625,94.22000122070312,32.959999084472656,47.290000915527344,558.02001953125,691.8699951171875,519.9600219726562,-8736.8603515625,0,-0.03522612931840259,-0.06778158768501844,0.948777264685734,-0.774702288672392,-0.6013095528508675,-0.10398327514945523,0.1656824193004201
1759043827.3959918,265.7799987792969,268.95001220703125,392.260009765625,94.22000122070312,32.959999084472656,47.290000915527344,558.02001953125,691.8699951171875,519.9600219726562,-8736.8603515625,0,-0.03314374658723864,-0.06458525670268639,0.9030217866737404,0.7842941929848871,0.5872773744562925,-0.055199948868774704,0.19220007790527271
1759043827.7757385,265.7799987792969,268.95001220703125,392.260009765625,94.22000122070312,32.959999084472656,47.290000915527344,558.02001953125,691.8699951171875,519.9600219726562,-8736.8603515625,0,-0.03504174477271994,-0.06896459798093638,0.9758439667436998,0.8112784694517239,0.5846563045261483,-0.0003586158244917775,0.002030265151800466
1759043827.9717298,265.7799987792969,268.95001220703125,392.260009765625,94.22000122070312,32.959999084472656,47.290000915527344,558.02001953125,691.8699951171875,519.9600219726562,-8736.8603515625,0,-0.0332786531815926,-0.06407569655304746,0.9062207022191695,0.7989452313025467,0.580218876185802,-0.10444048907466004,0.11884762235085294
1759043828.4307435,265.7799987792969,268.95001220703125,392.260009765625,94.22000122070312,32.959999084472656,47.290000915527344,558.02001953125,691.8699951171875,519.9600219726562,-8736.8603515625,0,-0.034158766388818325,-0.06807048024209604,0.9519639422181775,0.7911713557745657,0.5847604228191512,0.031494828323252885,0.17638369962979092
1759043828.5593436,265.7799987792969,268.95001220703125,392.260009765625,94.22000122070312,32.959999084472656,47.290000915527344,558.02001953125,691.8699951171875,519.9600219726562,-8736.8603515625,0,-0.03371745094787902,-0.066808210201505,0.9398165678376312,0.7972130145730635,0.5818011067909881,0.09296284344968848,0.13159327972909024
1759043828.700187,265.7799987792969,268.95001220703125,392.260009765625,94.22000122070312,32.959999084472656,47.290000915527344,558.02001953125,691.8699951171875,519.9600219726562,-8736.8603515625,0,-0.03369955588746976,-0.0655396351287775,0.9279368035384666,-0.7970103731943234,-0.5719087764472247,-0.10198163111657763,0.16521066357256028
1759043828.7282124,265.7799987792969,268.95001220703125,392.260009765625,94.22000122070312,32.959999084472656,47.290000915527344,558.02001953125,691.8699951171875,519.9600219726562,-8736.8603515625,0,-0.0332786531815926,-0.06407569655304746,0.9062207022191695,0.7989452313025467,0.580218876185802,-0.10444048907466004,0.11884762235085294
1759043829.0599384,265.7799987792969,268.95001220703125,392.260009765625,94.22000122070312,32.959999084472656,47.290000915527344,558.02001953125,691.8699951171875,519.9600219726562,-8736.8603515625,0,-0.03369955588746976,-0.0655396351287775,0.9279368035384666,-0.7970103731943234,-0.5719087764472247,-0.10198163111657763,0.16521066357256028
1759043829.194876,265.7799987792969,268.95001220703125,392.260009765625,94.22000122070312,32.959999084472656,47.290000915527344,558.02001953125,691.8699951171875,519.9600219726562,-8736.8603515625,0,-0.03371745094787902,-0.066808210201505,0.9398165678376312,0.7972130145730635,0.5818011067909881,0.09296284344968848,0.13159327972909024
1759043829.2946749,265.7799987792969,268.95001220703125,392.260009765625,94.22000122070312,32.959999084472656,47.290000915527344,558.02001953125,691.8699951171875,519.9600219726562,-8736.8603515625,0,-0.034158766388818325,-0.06807048024209604,0.9519639422181775,0.7911713557745657,0.5847604228191512,0.031494828323252885,0.17638369962979092
1759043829.4274058,265.7799987792969,268.95001220703125,392.260009765625,94.22000122070312,32.959999084472656,47.290000915527344,558.02001953125,691.8699951171875,519.9600219726562,-8736.8603515625,0,-0.03314374658723864,-0.06458525670268639,0.9030217866737404,0.7842941929848871,0.5872773744562925,-0.055199948868774704,0.19220007790527271
1759043830.3072922,265.7799987792969,268.95001220703125,409.2200012207031,94.22000122070312,32.959999084472656,47.290000915527344,558.02001953125,691.6099853515625,515.2100219726562,-8736.8603515625,0,-0.04361178698073847,-0.06233781172902903,0.907516655014239,0.7893007119081998,0.5764822598760116,-0.10523297974643876,0.18329923677730106
1759043830.361182,265.7799987792969,268.95001220703125,422.75,94.22000122070312,32.959999084472656,47.290000915527344,558.02001953125,691.6099853515625,515.2100219726562,-8736.8603515625,0,-0.050643241123010524,-0.0647663033667367,0.949625153052532,-0.7746120269533844,-0.6026871788483882,-0.10917444412677595,0.15756050552263942
1759043830.3950853,265.7799987792969,268.95001220703125,422.75,94.22000122070312,32.959999084472656,47.290000915527344,558.02001953125,691.6099853515625,515.2100219726562,-8736.8603515625,0,-0.05098518256765542,-0.06236407556581337,0.9079005112475089,0.7898633669343968,0.5757033354739473,-0.10227915229447208,0.18498785393953382
1759043830.5658045,265.7799987792969,268.95001220703125,436.1099853515625,94.22000122070312,32.959999084472656,47.290000915527344,558.02001953125,691.6099853515625,515.2100219726562,-8736.8603515625,0,-0.06312541567090624,-0.06572818494927458,0.9297093720174351,0.8108993193956535,0.5692456152389039,-0.020536043029799087,0.1340895009746326
1759043830.6284902,265.7799987792969,268.95001220703125,436.1099853515625,94.22000122070312,32.959999084472656,47.290000915527344,558.02001953125,691.6099853515625,515.2100219726562,-8736.8603515625,0,-0.06531739080573183,-0.06519501847837114,0.9074632634533735,-0.7847266287136122,-0.5846237006623111,-0.053269596922352384,0.1989512424072879
1759043830.6604152,265.7799987792969,268.95001220703125,436.1099853515625,94.22000122070312,32.959999084472656,47.290000915527344,558.02001953125,691.6099853515625,515.2100219726562,-8736.8603515625,0,-0.06767213060068615,-0.06726136997761735,0.9300893424512543,0.8111422884145559,0.5689750435355463,-0.018386192060906532,0.13408033308736972
1759043830.6959653,265.7799987792969,268.95001220703125,436.1099853515625,94.22000122070312,32.959999084472656,47.290000915527344,558.02001953125,691.6099853515625,515.2100219726562,-8736.8603515625,0,-0.06724347717159808,-0.06685225916560202,0.9089456575750755,0.7914489066512577,0.5742732566407477,-0.09473349335282587,0.18666660147152483
1759043830.7315862,265.7799987792969,268.95001220703125,436.1099853515625,94.22000122070312,32.959999084472656,47.290000915527344,558.02001953125,691.6099853515625,515.2100219726562,-8736.8603515625,0,-0.06996421608492698,-0.06872606856665082,0.9303699950316507,-0.7957111880246963,-0.5744669659141386,-0.1195075723965841,0.15016441144827145
1759043830.7621112,265.7799987792969,268.95001220703125,449.4700012207031,94.22000122070312,32.959999084472656,47.290000915527344,558.02001953125,691.6099853515625,515.2100219726562,-8736.8603515625,0,-0.06766703880702014,-0.06693370530651356,0.8857014776855794,0.8075860761990857,0.5553684852481684,-0.03888254372404825,0.19457318138959218
1759043830.8619013,265.7799987792969,268.95001220703125,449.4700012207031,94.22000122070312,32.959999084472656,47.290000915527344,558.02001953125,691.6099853515625,515.2100219726562,-8736.8603515625,0,-0.07010154579065185,-0.07006221115420662,0.9077199737031003,0.8017195440166012,0.5778164717805083,-0.08930856494835605,0.12408818601222046
1759043830.8957398,265.7799987792969,268.95001220703125,449.4700012207031,94.22000122070312,32.959999084472656,47.290000915527344,558.02001953125,691.6099853515625,515.2100219726562,-8736.8603515625,0,-0.06911578685006103,-0.06981659523046455,0.8858766839677849,0.8079249941284186,0.555320738523687,-0.0377104017143785,0.19353037702294135
1759043830.968612,265.7799987792969,268.95001220703125,462.9200134277344,94.22000122070312,32.959999084472656,47.290000915527344,558.02001953125,691.6099853515625,515.2100219726562,-8736.8603515625,0,-0.07140788953936197,-0.07212345149753156,0.905860880879046,0.7869283706049293,0.5834385680420793,-0.03753729951198178,0.19731732818844658
1759043831.0617602,265.7799987792969,268.95001220703125,462.9200134277344,94.22000122070312,32.959999084472656,47.290000915527344,558.02001953125,691.6099853515625,515.2100219726562,-8736.8603515625,0,-0.07200962981459419,-0.07127432020625153,0.8861622467688178,0.8082004646014331,0.5550685942228328,-0.03616523332925156,0.19339839871042563
1759043831.0969198,265.7799987792969,268.95001220703125,462.9200134277344,94.22000122070312,32.959999084472656,47.290000915527344,558.02001953125,691.6099853515625,515.2100219726562,-8736.8603515625,0,-0.07177433611327975,-0.06990009830914888,0.8701764308315405,-0.7739255415641297,-0.5692000626773774,-0.19846271977617866,0.19406981635942275
1759043831.1297219,265.7799987792969,268.95001220703125,462.9200134277344,94.22000122070312,32.959999084472656,47.290000915527344,558.02001953125,691.6099853515625,515.2100219726562,-8736.8603515625,0,-0.07756405789863642,-0.07481485247292392,0.9311298504968932,-0.7948675080964155,-0.5746210429651541,-0.12562341826852857,0.14904716816083324
1759043831.1658497,265.7799987792969,268.95001220703125,476.9800109863281,94.22000122070312,32.959999084472656,47.290000915527344,558.02001953125,691.6099853515625,515.2100219726562,-8736.8603515625,0,-0.07908463335926473,-0.07482625458718944,0.9312711095888815,-0.7948299190044462,-0.5747264612125379,-0.12626375224566577,0.1482982114064227
1759043831.1965702,265.7799987792969,268.95001220703125,476.9800109863281,94.22000122070312,32.959999084472656,47.290000915527344,558.02001953125,691.6099853515625,515.2100219726562,-8736.8603515625,0,-0.07897142469878504,-0.07304462925712786,0.9082434964928139,0.8024273024898211,0.5773458717236544,-0.0854112379385571,0.12444713358035318
1759043831.6062746,265.7799987792969,268.95001220703125,480.2300109863281,94.22000122070312,32.959999084472656,47.290000915527344,558.02001953125,691.6099853515625,515.2100219726562,-8736.8603515625,0,-0.09064752270357143,-0.07406996430688996,0.9262657233957999,-0.8104399971801303,-0.5691635149912968,-0.13862852653750113,0.004694230870291459
1759043831.795364,265.7799987792969,268.95001220703125,480.2300109863281,94.22000122070312,32.959999084472656,47.290000915527344,558.02001953125,691.6099853515625,515.2100219726562,-8736.8603515625,0,-0.0821297577727785,-0.07636031723377738,0.9315837608735288,-0.7945896353808113,-0.5748360681302059,-0.12828604020264975,0.14742285443959824
1759043831.862285,265.7799987792969,268.95001220703125,480.2300109863281,94.22000122070312,32.959999084472656,47.290000915527344,558.02001953125,691.6099853515625,515.2100219726562,-8736.8603515625,0,-0.07883016758938846,-0.07512688998089136,0.906600935068461,0.7954886111541688,0.5614134708686191,-0.13948172516434887,0.18043733703543466
1759043832.047469,265.7799987792969,268.95001220703125,480.2300109863281,94.22000122070312,32.959999084472656,47.290000915527344,558.02001953125,691.6099853515625,515.2100219726562,-8736.8603515625,0,-0.0821297577727785,-0.07636031723377738,0.9315837608735288,-0.7945896353808113,-0.5748360681302059,-0.12828604020264975,0.14742285443959824
1759043832.067886,265.7799987792969,268.95001220703125,480.2300109863281,94.22000122070312,32.959999084472656,47.290000915527344,558.02001953125,691.6099853515625,515.2100219726562,-8736.8603515625,0,-0.0795535416655212,-0.0725998014351541,0.8981061291634364,0.8032970519363152,0.5631444360191795,-0.1420988183075656,0.13187159044562544
1759043832.1293547,265.7799987792969,268.95001220703125,480.2300109863281,94.22000122070312,32.959999084472656,47.290000915527344,558.02001953125,691.6099853515625,515.2100219726562,-8736.8603515625,0,-0.08517356485742868,-0.07487367727360333,0.9318586018511972,-0.7946814831906507,-0.5751426256166584,-0.12879892195023276,0.14526919211292447
1759043832.2636595,265.7799987792969,268.95001220703125,480.2300109863281,94.22000122070312,32.959999084472656,47.290000915527344,558.02001953125,691.6099853515625,515.2100219726562,-8736.8603515625,0,-0.08638107664564802,-0.07161637315052498,0.9087890942253976,0.8028516305790404,0.5767550098451861,-0.08280935623761092,0.12619638827861798
1759043832.574659,265.7799987792969,268.95001220703125,497.1099853515625,94.22000122070312,32.959999084472656,47.290000915527344,558.02001953125,691.4400024414062,514.9500122070312,-8736.8603515625,0,-0.09127366789319655,-0.07492403313427223,0.9324823982587194,-0.794536897840269,-0.5755493842264134,-0.1312886424375449,0.14218761076079975
1759043832.596733,265.7799987792969,268.95001220703125,497.1099853515625,94.22000122070312,32.959999084472656,47.290000915527344,558.02001953125,691.4400024414062,514.9500122070312,-8736.8603515625,0,-0.08599313151769063,-0.06999878561285401,0.8713999540926172,-0.7728204854666195,-0.5705562911890969,-0.20502848466971924,0.1875562217089051
1759043832.6965816,265.7799987792969,268.95001220703125,497.1099853515625,94.22000122070312,32.959999084472656,47.290000915527344,558.02001953125,691.4400024414062,514.9500122070312,-8736.8603515625,0,-0.09690922940886955,-0.07574156723842385,0.9286917196591002,-0.791199061760971,-0.5583843448166605,-0.20694877797100608,0.13922345861432728
1759043832.870091,265.7799987792969,268.95001220703125,510.4700012207031,94.22000122070312,32.959999084472656,47.290000915527344,558.02001953125,691.4400024414062,514.9500122070312,-8736.8603515625,0,-0.10400316727453476,-0.07299384269374437,0.8896404555646782,0.8098320435053803,0.5518687797125669,-0.02134772607123905,0.19788174721800306
1759043832.8970385,265.7799987792969,268.95001220703125,510.4700012207031,94.22000122070312,32.959999084472656,47.290000915527344,558.02001953125,691.4400024414062,514.9500122070312,-8736.8603515625,0,-0.1106676065044206,-0.07664657338471906,0.9305310141951669,-0.7904624290298664,-0.5584815828076667,-0.21897891408095357,0.12375663677061159
1759043833.2755792,265.7799987792969,268.95001220703125,538.0700073242188,94.22000122070312,32.959999084472656,47.290000915527344,558.02001953125,691.4400024414062,514.9500122070312,-8736.8603515625,0,-0.12134192274847067,-0.06795894656834596,0.8898123248208955,0.8251808521270908,0.5460402015417035,-0.06718274163613112,0.12807473915396902
1759043833.3638012,265.7799987792969,268.95001220703125,551.8699951171875,94.22000122070312,32.959999084472656,47.290000915527344,558.02001953125,691.4400024414062,514.9500122070312,-8736.8603515625,0,-0.1196150508815839,-0.06597684414883312,0.8695633868024613,-0.7673713632541921,-0.5576592831164263,-0.26886538220709355,0.16693927357608132
1759043833.3966732,265.7799987792969,268.95001220703125,551.8699951171875,94.22000122070312,32.959999084472656,47.290000915527344,558.02001953125,691.4400024414062,514.9500122070312,-8736.8603515625,0,-0.12322205633368526,-0.06785254738897899,0.8930454529007313,0.8165516749260511,0.5402676500709577,-0.06849776995271759,0.1914739772756878
1759043833.639903,265.7799987792969,268.95001220703125,565.219970703125,94.22000122070312,32.959999084472656,47.290000915527344,558.02001953125,691.4400024414062,514.9500122070312,-8736.8603515625,0,-0.12911663887106542,-0.07080382618705972,0.8937845213075144,0.8171725089341503,0.539905105764762,-0.06555540800828898,0.1908770701060608
1759043833.8742092,265.7799987792969,268.95001220703125,567.5999755859375,94.22000122070312,32.959999084472656,47.290000915527344,558.02001953125,691.4400024414062,514.9500122070312,-8736.8603515625,0,-0.1365045783133453,-0.07151919311618438,0.8947951269866249,-0.7814222206520594,-0.5553743287573422,-0.22670503057718885,0.17188221879976923
1759043834.0027688,265.7799987792969,268.95001220703125,567.5999755859375,94.22000122070312,32.959999084472656,47.290000915527344,558.02001953125,691.4400024414062,514.9500122070312,-8736.8603515625,0,-0.14128747646072523,-0.07539024454248439,0.9336218709855242,-0.7880399515609378,-0.5598091940835843,-0.2322768497181855,0.1079544628457673
1759043834.6504881,265.7799987792969,268.95001220703125,567.5999755859375,94.22000122070312,32.959999084472656,47.290000915527344,558.02001953125,691.4400024414062,514.9500122070312,-8736.8603515625,0,-0.1320699135875581,-0.06857599681873115,0.8942152976500226,-0.7821745901967366,-0.5553493640385663,-0.22347080906881883,0.17277381690133106
1759043834.7680109,265.7799987792969,268.95001220703125,568.8300170898438,94.22000122070312,32.959999084472656,47.290000915527344,558.02001953125,691.4400024414062,514.780029296875,-8736.8603515625,0,-0.13206710219256498,-0.0692939846584551,0.8893805435390304,-0.7956983334965556,-0.5513804160831911,-0.22900089685824962,0.10199209807062751
1759043834.9321153,265.7799987792969,268.95001220703125,568.8300170898438,94.22000122070312,32.959999084472656,47.290000915527344,558.02001953125,691.4400024414062,514.780029296875,-8736.8603515625,0,-0.1382120942470067,-0.07536275959137992,0.93328316251494,-0.7883020974619085,-0.5597093166580823,-0.23089285949370755,0.10951607835435477
1759043835.206199,265.7799987792969,268.95001220703125,595.5499877929688,94.22000122070312,32.959999084472656,47.290000915527344,558.02001953125,691.4400024414062,514.780029296875,-8736.8603515625,0,-0.13813253850159798,-0.06717857906363593,0.8491705671242801,-0.783471788589923,-0.5320463519727182,-0.2758094583040979,0.1644012729458917
1759043835.4738607,265.7799987792969,268.95001220703125,609.3499755859375,94.22000122070312,32.959999084472656,47.290000915527344,558.02001953125,691.4400024414062,514.780029296875,-8736.8603515625,0,-0.15507680726930365,-0.0646099702628444,0.8515590046653209,-0.7820161714010913,-0.5336466921548463,-0.2823140515305946,0.15482471355617222
1759043835.704336,265.7799987792969,268.95001220703125,623.0599975585938,94.22000122070312,32.959999084472656,47.290000915527344,558.02001953125,691.4400024414062,514.780029296875,-8736.8603515625,1,-0.1739478800410678,-0.07909346891529494,0.8933873637086904,0.7252951988202854,0.4706440041699989,-0.3975023844392004,0.3072994472370932
1759043835.7656753,265.7799987792969,268.95001220703125,636.77001953125,94.22000122070312,32.959999084472656,47.290000915527344,558.02001953125,691.4400024414062,514.780029296875,-8736.8603515625,0,-0.17115676436834232,-0.06548129724152821,0.9114589023949331,-0.8057372795898173,-0.532890296133946,-0.2428817192400843,0.08845246759959208
1759043835.97289,265.7799987792969,268.95001220703125,650.47998046875,94.22000122070312,32.959999084472656,47.290000915527344,558.02001953125,691.4400024414062,514.780029296875,-8736.8603515625,0,-0.16946259477724987,-0.06118424530380704,0.881559000716707,-0.7843173262854404,-0.5368391019087387,-0.29480990392002826,0.09867740826015058
1759043836.2424486,265.7799987792969,268.95001220703125,653.9099731445312,94.22000122070312,32.959999084472656,47.290000915527344,558.02001953125,691.4400024414062,514.780029296875,-8736.8603515625,0,-0.18089049355333375,-0.060778863893098466,0.8848645062314117,0.8314558396759804,0.5265930683181911,-0.10069885515781625,0.14574178411783092
1759043836.4426146,265.7799987792969,268.95001220703125,653.8200073242188,94.22000122070312,32.959999084472656,47.290000915527344,558.02001953125,691.4400024414062,514.780029296875,-8736.8603515625,0,-0.18480387523492062,-0.06708788075913416,0.9132226542815948,-0.8042845007186679,-0.5328756977193843,-0.25002131111184045,0.0816043912649238
1759043836.4657433,265.7799987792969,268.95001220703125,653.8200073242188,94.22000122070312,32.959999084472656,47.290000915527344,558.02001953125,691.4400024414062,514.780029296875,-8736.8603515625,0,-0.1721597276159625,-0.0634259315635737,0.8541745290119347,-0.7803497471313416,-0.5349344071435503,-0.28929132087128195,0.14563647851612782
1759043836.500049,265.7799987792969,268.95001220703125,653.8200073242188,94.22000122070312,32.959999084472656,47.290000915527344,558.02001953125,691.4400024414062,514.780029296875,-8736.8603515625,0,-0.16878864994543316,-0.06303071466098123,0.8442702420532211,-0.773946517932265,-0.5178609410102362,-0.3330052394504373,0.14810247687014505
1759043836.800109,265.7799987792969,268.95001220703125,653.8200073242188,94.22000122070312,32.959999084472656,47.290000915527344,558.02001953125,691.4400024414062,514.780029296875,-8736.8603515625,0,-0.1720182003297286,-0.06497677519608941,0.8834762808086581,0.830920978913538,0.5274742540002938,-0.10380803836100362,0.1434054717918452
1759043836.833856,265.7799987792969,268.95001220703125,653.8200073242188,94.22000122070312,32.959999084472656,47.290000915527344,558.02001953125,691.4400024414062,514.780029296875,-8736.8603515625,0,-0.1786903659159113,-0.06627400249488705,0.9122166460374777,-0.804928000562711,-0.5337855258557526,-0.24201415389811848,0.09269884362812661
1759043836.9339898,265.7799987792969,268.95001220703125,653.8200073242188,94.22000122070312,32.959999084472656,47.290000915527344,558.02001953125,691.4400024414062,514.780029296875,-8736.8603515625,0,-0.1693403825812846,-0.05925728808682448,0.8539138747833194,-0.7813546241466789,-0.5353997704817826,-0.2859464655669109,0.14514357003480527
1759043836.9676178,265.7799987792969,268.95001220703125,653.9099731445312,94.22000122070312,32.959999084472656,47.290000915527344,558.02001953125,691.4400024414062,514.780029296875,-8736.8603515625,0,-0.1731981418514688,-0.060203020119633736,0.8714451102694276,0.8460481739151303,0.5155643095167973,-0.04355096908362931,0.12844938014337837
1759043837.5483303,265.7799987792969,268.95001220703125,680.4500122070312,94.22000122070312,32.959999084472656,47.290000915527344,558.02001953125,691.4400024414062,514.780029296875,-8736.8603515625,0,-0.17860523339171153,-0.06014947854114938,0.8421970328897123,-0.7726779124489414,-0.5180010041351414,-0.3428220537436201,0.13083135249449077
1759043837.5667436,265.7799987792969,268.95001220703125,680.4500122070312,94.22000122070312,32.959999084472656,47.290000915527344,558.02001953125,691.4400024414062,514.780029296875,-8736.8603515625,0,-0.19000694309786684,-0.06279457841219739,0.8841124925475972,-0.7814532782340461,-0.5370209983422592,-0.30503827351822094,0.08883058575608267
1759043837.6014028,265.7799987792969,268.95001220703125,680.4500122070312,94.22000122070312,32.959999084472656,47.290000915527344,558.02001953125,691.4400024414062,514.780029296875,-8736.8603515625,0,-0.19689386195623396,-0.06377934821016278,0.902268730641403,0.8391361658903176,0.5327285775091601,-0.10881855884856378,0.01446648022449981
1759043837.634671,265.7799987792969,268.95001220703125,680.4500122070312,94.22000122070312,32.959999084472656,47.290000915527344,558.02001953125,691.4400024414062,514.780029296875,-8736.8603515625,0,-0.18721337653494946,-0.059132559703708204,0.8471787931519201,-0.7719424607861669,-0.5195769323388475,-0.3395521845025482,0.13729152419686208
1759043837.8153942,265.7799987792969,268.95001220703125,693.97998046875,94.22000122070312,32.959999084472656,47.290000915527344,558.02001953125,691.4400024414062,514.780029296875,-8736.8603515625,0,-0.20754655154517718,-0.05880212161677805,0.8886807335233394,-0.7797780890966846,-0.5378483468182681,-0.310808426997797,0.07786789644477514
1759043837.8672261,265.7799987792969,268.95001220703125,693.97998046875,94.22000122070312,32.959999084472656,47.290000915527344,558.02001953125,691.4400024414062,514.780029296875,-8736.8603515625,0,-0.198280472525942,-0.054632262731244975,0.8359970425975407,-0.7768470969992033,-0.5149409062668993,-0.3511859525885683,0.08951467835721101
1759043837.9007978,265.7799987792969,268.95001220703125,693.97998046875,94.22000122070312,32.959999084472656,47.290000915527344,558.02001953125,691.4400024414062,514.780029296875,-8736.8603515625,0,-0.2088208045778046,-0.05696350803808226,0.8757077524613491,0.8357281265500973,0.5077428662844182,-0.13595421020769027,0.1589721137720423
1759043837.9662862,265.7799987792969,268.95001220703125,707.4299926757812,94.22000122070312,32.959999084472656,47.290000915527344,558.02001953125,691.4400024414062,514.780029296875,-8736.8603515625,1,-0.2155721438461865,-0.06976975775582726,0.8629800582563991,0.7838582396516726,0.4186567410023664,-0.34608205662996033,0.30086542410558864
1759043838.0375292,265.7799987792969,268.95001220703125,707.4299926757812,94.22000122070312,32.959999084472656,47.290000915527344,558.02001953125,691.4400024414062,514.780029296875,-8736.8603515625,0,-0.20663660446175028,-0.055892599697117774,0.855177748846689,-0.7719880523529896,-0.5126486157504015,-0.37277303566738895,0.0476036518846468
1759043838.2006757,265.7799987792969,268.95001220703125,720.530029296875,94.22000122070312,32.959999084472656,47.290000915527344,558.02001953125,691.4400024414062,514.780029296875,-8736.8603515625,0,-0.20651061463410708,-0.058061780820845385,0.8501622175115224,0.8362708940261822,0.4979030399120845,-0.12138871001760984,0.19495726642322436
1759043838.239818,265.7799987792969,268.95001220703125,720.530029296875,94.22000122070312,32.959999084472656,47.290000915527344,558.02001953125,691.4400024414062,514.780029296875,-8736.8603515625,1,-0.2185567562092787,-0.07302625035525287,0.8611338715074924,-0.6680486484487023,-0.4424283133659982,-0.5334838643527208,0.27085634072930265
1759043838.3015492,265.7799987792969,268.95001220703125,720.530029296875,94.22000122070312,32.959999084472656,47.290000915527344,558.02001953125,691.4400024414062,514.780029296875,-8736.8603515625,0,-0.2123970627259866,-0.05980090642261241,0.861666466921083,-0.7596088557198825,-0.5042890862824612,-0.3974437438166166,0.10356338285978664
1759043838.3371356,265.7799987792969,268.95001220703125,720.530029296875,94.22000122070312,32.959999084472656,47.290000915527344,558.02001953125,691.4400024414062,514.780029296875,-8736.8603515625,0,-0.21754118837781203,-0.06127676040260783,0.8765418488369184,0.8366619607857289,0.5075581816303751,-0.1323013603669623,0.15772699730641565
1759043838.377824,265.7799987792969,268.95001220703125,734.239990234375,94.22000122070312,32.959999084472656,47.290000915527344,558.02001953125,691.4400024414062,514.780029296875,-8736.8603515625,0,-0.2097041316226546,-0.05817600484481441,0.8383381189843,-0.7606336317000539,-0.504850832836281,-0.38451020891783344,0.13679917451967305
1759043838.4049768,265.7799987792969,268.95001220703125,734.239990234375,94.22000122070312,32.959999084472656,47.290000915527344,558.02001953125,691.4400024414062,514.780029296875,-8736.8603515625,0,-0.21817628364586583,-0.059854777594604044,0.8624373583301368,-0.7585189463323503,-0.5043858884363792,-0.4000765679841817,0.10090898548248421
1759043838.435347,265.7799987792969,268.95001220703125,734.239990234375,94.22000122070312,32.959999084472656,47.290000915527344,558.02001953125,691.4400024414062,514.780029296875,-8736.8603515625,0,-0.2101961799019645,-0.05687197753715646,0.8243166922619134,-0.7646846569750563,-0.49824558073239184,-0.39752042597788756,0.09479571508217662
1759043838.567457,265.7799987792969,268.95001220703125,739.4199829101562,94.22000122070312,32.959999084472656,47.290000915527344,558.02001953125,691.4400024414062,514.780029296875,-8736.8603515625,0,-0.22432116097087224,-0.05742919838585025,0.8510697134571986,0.8547999956746365,0.4799683212190061,-0.12409758538640596,0.1534508628913967
1759043838.604791,265.7799987792969,268.95001220703125,739.4199829101562,94.22000122070312,32.959999084472656,47.290000915527344,558.02001953125,691.4400024414062,514.780029296875,-8736.8603515625,0,-0.21992533516196114,-0.05563382863632166,0.8257453694320865,-0.7629824613822244,-0.4986087637199186,-0.40157091506252385,0.08937485407352819
1759043838.604791,265.7799987792969,268.95001220703125,739.4199829101562,94.22000122070312,32.959999084472656,47.290000915527344,558.02001953125,691.4400024414062,514.780029296875,-8736.8603515625,1,-0.23906989197435335,-0.07269802746581383,0.8645296870873782,0.8021728217655658,0.4007713566960973,-0.3077823486062485,0.3180740630090125
1759043838.6342497,265.7799987792969,268.95001220703125,739.4199829101562,94.22000122070312,32.959999084472656,47.290000915527344,558.02001953125,691.4400024414062,514.780029296875,-8736.8603515625,0,-0.22498719769057673,-0.056231161797676475,0.8396261328019172,-0.7720986447395093,-0.5148250277560822,-0.3646695803433905,0.07638698030121155
1759043838.7014315,265.7799987792969,268.95001220703125,739.4199829101562,94.22000122070312,32.959999084472656,47.290000915527344,558.02001953125,691.4400024414062,514.780029296875,-8736.8603515625,0,-0.2227037146250929,-0.05565969524127145,0.8261263349696298,-0.7624288039828625,-0.49862321830975564,-0.40290136943379945,0.08802097209218133
1759043838.7717297,265.7799987792969,268.95001220703125,739.4199829101562,94.22000122070312,32.959999084472656,47.290000915527344,558.02001953125,691.4400024414062,514.780029296875,-8736.8603515625,1,-0.2367522659718511,-0.07171304042063166,0.8486836115610847,0.8215587308681028,0.391117352104457,-0.27878459174429954,0.3071605769351834
1759043838.9403272,265.7799987792969,268.95001220703125,739.4199829101562,94.22000122070312,32.959999084472656,47.290000915527344,558.02001953125,691.4400024414062,514.780029296875,-8736.8603515625,0,-0.21853910075935892,-0.06011311249088512,0.850033459478302,0.8543762625836832,0.4806118895890096,-0.12611545834000107,0.15214566930054402
1759043838.9403272,265.7799987792969,268.95001220703125,739.4199829101562,94.22000122070312,32.959999084472656,47.290000915527344,558.02001953125,691.4400024414062,514.780029296875,-8736.8603515625,1,-0.2316611866414451,-0.07513116919751207,0.8643233384592062,0.8241723071017704,0.3635582715570565,-0.28431427143192406,0.3282236835591319
1759043838.9681544,265.7799987792969,268.95001220703125,739.4199829101562,94.22000122070312,32.959999084472656,47.290000915527344,558.02001953125,691.4400024414062,514.780029296875,-8736.8603515625,0,-0.21016434197386458,-0.058198248563403325,0.8241918320221848,-0.7644575043152043,-0.4979629809674014,-0.3981380950614577,0.09551780432496658
1759043839.0692956,265.7799987792969,268.95001220703125,739.4199829101562,94.22000122070312,32.959999084472656,47.290000915527344,558.02001953125,691.4400024414062,514.780029296875,-8736.8603515625,0,-0.22164075401935182,-0.0620225592699094,0.8832025067915056,-0.7910046907592914,-0.5065622580574735,-0.3420436370394504,0.026690977302008492
1759043839.3367505,265.7799987792969,268.95001220703125,739.4199829101562,94.22000122070312,32.959999084472656,47.290000915527344,558.02001953125,691.4400024414062,514.780029296875,-8736.8603515625,0,-0.21721294317884227,-0.05599593325209923,0.850234270063528,0.8541411337764325,0.48030485535473366,-0.1268698268596014,0.15379927355613143
1759043839.4359753,265.7799987792969,268.95001220703125,739.4199829101562,94.22000122070312,32.959999084472656,47.290000915527344,558.02001953125,691.4400024414062,514.780029296875,-8736.8603515625,0,-0.21444626333400665,-0.05292710187210959,0.8252538398251856,-0.7645399775898027,-0.4991325092123665,-0.3976575075417438,0.09063039010198934
1759043839.5353267,265.7799987792969,268.95001220703125,739.4199829101562,94.22000122070312,32.959999084472656,47.290000915527344,558.02001953125,691.4400024414062,514.780029296875,-8736.8603515625,0,-0.2254914106177212,-0.057144824690049965,0.8636960875676494,-0.7576125291690021,-0.5050612167450806,-0.4021083629097935,0.0961524178798044
1759043839.7449894,265.7799987792969,268.95001220703125,739.4199829101562,94.22000122070312,32.959999084472656,47.290000915527344,558.02001953125,691.4400024414062,514.780029296875,-8736.8603515625,0,-0.22600382897219717,-0.06347298897022866,0.8834773730841917,-0.7900041060346203,-0.5061416061632106,-0.34507408341160706,0.025259927090255367
1759043840.0454783,265.7799987792969,268.95001220703125,739.4199829101562,94.22000122070312,32.959999084472656,47.290000915527344,558.02001953125,691.4400024414062,514.780029296875,-8736.8603515625,0,-0.21711345073776367,-0.06009976542262687,0.8498440346841576,0.8542516753731195,0.480707557943594,-0.12665259870496093,0.15209680502694642
1759043840.5158443,265.7799987792969,268.95001220703125,757.530029296875,94.22000122070312,32.959999084472656,47.290000915527344,558.02001953125,691.4400024414062,514.780029296875,-8736.8603515625,0,-0.23451477977625348,-0.052034928493152666,0.8530385772777553,0.855509652039072,0.47880779071878854,-0.1205387927218047,0.15593823862077164
1759043840.5158443,265.7799987792969,268.95001220703125,757.530029296875,94.22000122070312,32.959999084472656,47.290000915527344,558.02001953125,691.4400024414062,514.780029296875,-8736.8603515625,1,-0.2445189807436828,-0.06639105589188711,0.8554040952407107,0.8334458319984444,0.36404984304302296,-0.2787097296057103,0.3084747048428498
1759043840.5378501,265.7799987792969,268.95001220703125,757.530029296875,94.22000122070312,32.959999084472656,47.290000915527344,558.02001953125,691.4400024414062,514.780029296875,-8736.8603515625,0,-0.22982204227446298,-0.0504015481507632,0.8276605601342105,-0.7619673801918974,-0.4997778721320472,-0.4036670293759069,0.08173566813509574
1759043840.5378501,265.7799987792969,268.95001220703125,757.530029296875,94.22000122070312,32.959999084472656,47.290000915527344,558.02001953125,691.4400024414062,514.780029296875,-8736.8603515625,1,-0.23296723466343577,-0.06272690086530841,0.8081328290249312,0.8223634213115378,0.36667721228674405,-0.28677252438012113,0.3271509506925772
1759043840.571747,265.7799987792969,268.95001220703125,771.0599975585938,94.22000122070312,32.959999084472656,47.290000915527344,558.02001953125,691.4400024414062,514.780029296875,-8736.8603515625,0,-0.23520006668814541,-0.05147313766326177,0.8396695157851606,-0.7360269309081402,-0.5109353303557617,-0.43365329281882575,0.0956779326677905
1759043840.571747,265.7799987792969,268.95001220703125,771.0599975585938,94.22000122070312,32.959999084472656,47.290000915527344,558.02001953125,691.4400024414062,514.780029296875,-8736.8603515625,1,-0.2454721961082321,-0.06579053111416477,0.843223458710693,0.8323222785586314,0.3735063500328448,-0.2457153149754264,0.3276531933106056
1759043840.6023993,265.7799987792969,268.95001220703125,771.0599975585938,94.22000122070312,32.959999084472656,47.290000915527344,558.02001953125,691.4400024414062,514.780029296875,-8736.8603515625,0,-0.2340156093276236,-0.05043865560084175,0.828264873618485,-0.7611360192565841,-0.49977972306629925,-0.4056403805765745,0.07967477798968606
1759043840.6709738,265.7799987792969,268.95001220703125,771.0599975585938,94.22000122070312,32.959999084472656,47.290000915527344,558.02001953125,691.4400024414062,514.780029296875,-8736.8603515625,0,-0.23424732218410532,-0.05062410553377124,0.815071297870365,-0.7522686377243876,-0.48488916419161787,-0.43586264096434907,0.09485859664485603
1759043840.7165213,265.7799987792969,268.95001220703125,771.0599975585938,94.22000122070312,32.959999084472656,47.290000915527344,558.02001953125,691.4400024414062,514.780029296875,-8736.8603515625,0,-0.2446804928781696,-0.05313357355651413,0.844245472345135,0.7723775266492919,0.48071008700949114,0.41512122630819637,0.005013585825448874
1759043840.8031676,265.7799987792969,268.95001220703125,784.4199829101562,94.22000122070312,32.959999084472656,47.290000915527344,558.02001953125,691.4400024414062,514.780029296875,-8736.8603515625,0,-0.24994736790901267,-0.055767380292789354,0.8467574423949686,0.8451838158620281,0.4892546085308528,-0.16694613236289094,0.1357322155027886
1759043840.9883928,265.7799987792969,268.95001220703125,797.780029296875,94.22000122070312,32.959999084472656,47.290000915527344,558.02001953125,691.4400024414062,514.780029296875,-8736.8603515625,0,-0.2520441785699422,-0.05728004483445004,0.8301870438491523,-0.7563011978268755,-0.4982455576915772,-0.4174275255515817,0.07425714321279846
1759043840.9883928,265.7799987792969,268.95001220703125,797.780029296875,94.22000122070312,32.959999084472656,47.290000915527344,558.02001953125,691.4400024414062,514.780029296875,-8736.8603515625,1,-0.26899418947029224,-0.07326480212983834,0.8518677664429131,-0.7268690399722942,-0.41698331980430114,-0.4601653240950199,0.29331584381902126
1759043841.10653,265.7799987792969,268.95001220703125,797.780029296875,94.22000122070312,32.959999084472656,47.290000915527344,558.02001953125,691.4400024414062,514.780029296875,-8736.8603515625,0,-0.2414568185903661,-0.05401889849987218,0.7815291857903437,0.8403614656968302,0.45210820423655074,-0.22638214770132195,0.19529951826876898
1759043841.10653,265.7799987792969,268.95001220703125,797.780029296875,94.22000122070312,32.959999084472656,47.290000915527344,558.02001953125,691.4400024414062,514.780029296875,-8736.8603515625,1,-0.26169619292269003,-0.06935971684245057,0.8129732340922812,0.8541130125741162,0.3475990504221312,-0.2280879630482742,0.31247678795342476
1759043841.140187,265.7799987792969,268.95001220703125,797.780029296875,94.22000122070312,32.959999084472656,47.290000915527344,558.02001953125,691.4400024414062,514.780029296875,-8736.8603515625,0,-0.2472817523476885,-0.05438017298049292,0.7975065266982753,-0.7479930939428069,-0.47548712914642444,-0.4597717214883611,0.055029860526695375
1759043841.1737087,265.7799987792969,268.95001220703125,811.1400146484375,94.22000122070312,33.04999923706055,47.290000915527344,558.02001953125,691.4400024414062,514.780029296875,-8736.8603515625,0,-0.2562111433157287,-0.05604389826053072,0.8206706593437326,0.862410925074369,0.46316680672427346,-0.15747412968271263,0.13009920807554126
1759043841.1737087,265.7799987792969,268.95001220703125,811.1400146484375,94.22000122070312,33.04999923706055,47.290000915527344,558.02001953125,691.4400024414062,514.780029296875,-8736.8603515625,1,-0.2642793799324239,-0.06919368820240995,0.8160246047615359,-0.72408899661894,-0.38357255816772334,-0.5063119979966413,0.2687291913445478
1759043841.2735958,265.7799987792969,268.95001220703125,811.1400146484375,94.22000122070312,33.04999923706055,47.290000915527344,558.02001953125,691.4400024414062,514.780029296875,-8736.8603515625,0,-0.2559179746963104,-0.05283781871331714,0.8071573798328459,0.8640045504179246,0.44525331264368234,-0.18433237824754614,0.1458327767223505
1759043841.2735958,265.7799987792969,268.95001220703125,811.1400146484375,94.22000122070312,33.04999923706055,47.290000915527344,558.02001953125,691.4400024414062,514.780029296875,-8736.8603515625,1,-0.2753314990508462,-0.06830868863675163,0.8334667765387045,-0.7296923706895468,-0.4011102479570432,-0.48829477877966415,0.26120455998666464
1759043841.3052573,265.7799987792969,268.95001220703125,811.1400146484375,94.22000122070312,33.04999923706055,47.290000915527344,558.02001953125,691.4400024414062,514.780029296875,-8736.8603515625,0,-0.2618324312592439,-0.05344698638739828,0.8216202683340672,0.8629173543280038,0.4625075129594855,-0.15567397313965378,0.13124806338572853
1759043841.4412634,265.7799987792969,268.95001220703125,823.27001953125,94.22000122070312,32.959999084472656,47.290000915527344,558.02001953125,691.4400024414062,514.780029296875,-8736.8603515625,0,-0.2609512817186951,-0.04935621460275228,0.7998008267959691,-0.7454914877431441,-0.4762931559233493,-0.46401659514710036,0.04556172462914066
1759043841.4412634,265.7799987792969,268.95001220703125,823.27001953125,94.22000122070312,32.959999084472656,47.290000915527344,558.02001953125,691.4400024414062,514.780029296875,-8736.8603515625,1,-0.2738466982489605,-0.06355362406278668,0.8061052428512463,0.8612960501575486,0.3280729888628946,-0.19282360660666384,0.33668425074061786
1759043841.4701767,265.7799987792969,268.95001220703125,823.27001953125,94.22000122070312,32.959999084472656,47.290000915527344,558.02001953125,691.4400024414062,514.780029296875,-8736.8603515625,0,-0.26617062119061413,-0.05022307635346689,0.8124921085039309,0.8509238568934567,0.47040586790924777,-0.19941754213674906,0.12198177361495162
1759043841.5081103,265.7799987792969,268.95001220703125,823.27001953125,94.22000122070312,32.959999084472656,47.290000915527344,558.02001953125,691.4400024414062,514.780029296875,-8736.8603515625,0,-0.2623030753044167,-0.04936685584527641,0.799971522532059,-0.745152139337911,-0.4762456613214878,-0.4646732354748131,0.04491262123236776
1759043841.5739157,265.7799987792969,268.95001220703125,824.3300170898438,94.22000122070312,32.959999084472656,47.290000915527344,558.02001953125,691.4400024414062,514.780029296875,-8736.8603515625,0,-0.2655566303678994,-0.050314582739867615,0.8086318429826138,0.8650261303839346,0.4441783679724067,-0.1810106666358216,0.14720906813923168
1759043841.5739157,265.7799987792969,268.95001220703125,824.3300170898438,94.22000122070312,32.959999084472656,47.290000915527344,558.02001953125,691.4400024414062,514.780029296875,-8736.8603515625,1,-0.27061020614714065,-0.062360124713102996,0.7909345163029126,0.8655782711656145,0.31263283705119177,-0.16476092698236103,0.3548081208529227
1759043841.6035438,265.7799987792969,268.95001220703125,824.3300170898438,94.22000122070312,32.959999084472656,47.290000915527344,558.02001953125,691.4400024414062,514.780029296875,-8736.8603515625,0,-0.2580149797617938,-0.049200857683630854,0.7856458824509076,0.865796252601882,0.4462610632926852,-0.1940082901530254,0.11665631453684655
1759043841.6750202,265.7799987792969,268.95001220703125,824.3300170898438,94.22000122070312,32.959999084472656,47.290000915527344,558.02001953125,691.4400024414062,514.780029296875,-8736.8603515625,0,-0.2688056006762331,-0.052177514082057765,0.8225904846624608,0.8635476608856475,0.46193474179099825,-0.1533235878906165,0.13188483272067
1759043841.6750202,265.7799987792969,268.95001220703125,824.3300170898438,94.22000122070312,32.959999084472656,47.290000915527344,558.02001953125,691.4400024414062,514.780029296875,-8736.8603515625,1,-0.26148449505194393,-0.06123680801750632,0.768778453899708,0.8607823916706562,0.3296584365016874,-0.23397736531123212,0.30924679780884123
1759043841.7064366,265.7799987792969,268.95001220703125,824.3300170898438,94.22000122070312,32.959999084472656,47.290000915527344,558.02001953125,691.4400024414062,514.780029296875,-8736.8603515625,0,-0.2712933487806272,-0.05279774212132742,0.833560192208143,-0.7557805008107802,-0.464820910832018,-0.46121844572985765,0.0038601510377246416
1759043841.7064366,265.7799987792969,268.95001220703125,824.3300170898438,94.22000122070312,32.959999084472656,47.290000915527344,558.02001953125,691.4400024414062,514.780029296875,-8736.8603515625,1,-0.2783817046883116,-0.06591835254937488,0.8205673005015033,-0.7410660119971285,-0.3960222170121667,-0.4637861044538024,0.28087367055494344
1759043841.888508,265.7799987792969,268.95001220703125,824.5,94.22000122070312,32.959999084472656,47.290000915527344,558.02001953125,691.4400024414062,514.780029296875,-8736.8603515625,0,-0.2603997024472493,-0.054756471196267496,0.8212999620306985,0.8627932430695487,0.46275066867308734,-0.1560903186321049,0.1307113261560339
1759043841.937575,265.7799987792969,268.95001220703125,824.5,94.22000122070312,32.959999084472656,47.290000915527344,558.02001953125,691.4400024414062,514.780029296875,-8736.8603515625,0,-0.25239635830978796,-0.052825976273224017,0.7983589457563449,-0.7332852945456647,-0.45867891943276073,-0.49990114365186533,0.04477914968632018
1759043842.008105,265.7799987792969,268.95001220703125,824.5,94.22000122070312,32.959999084472656,47.290000915527344,558.02001953125,691.4400024414062,514.780029296875,-8736.8603515625,0,-0.24774019691479252,-0.05198616820531962,0.7843663769872548,0.8538085351278233,0.449537261933344,-0.2107069807715579,0.1566199340137998
1759043842.008105,265.7799987792969,268.95001220703125,824.5,94.22000122070312,32.959999084472656,47.290000915527344,558.02001953125,691.4400024414062,514.780029296875,-8736.8603515625,1,-0.2651372225362642,-0.06634881919183176,0.8055858161849451,-0.7221690767362865,-0.40593284281098274,-0.5082121777289184,0.2353948473125182
1759043842.041184,265.7799987792969,268.95001220703125,824.5,94.22000122070312,32.959999084472656,47.290000915527344,558.02001953125,691.4400024414062,514.780029296875,-8736.8603515625,0,-0.2545595169236854,-0.05282733879953556,0.8069967751663055,0.8638532547205395,0.4453559685600367,-0.18483540338884025,0.14577890530103088
1759043842.041184,265.7799987792969,268.95001220703125,824.5,94.22000122070312,32.959999084472656,47.290000915527344,558.02001953125,691.4400024414062,514.780029296875,-8736.8603515625,1,-0.27984098637230315,-0.06976992931770126,0.8500946060334464,0.8723151663666221,0.3264572432131026,-0.17972811021164722,0.3165276058738377
1759043842.1102011,265.7799987792969,268.95001220703125,824.5,94.22000122070312,32.959999084472656,47.290000915527344,558.02001953125,691.4400024414062,514.780029296875,-8736.8603515625,0,-0.24844512232701838,-0.050021708837004644,0.7848595897370766,-0.7394974105839267,-0.46206892182176107,-0.4849791222575499,0.06656682507405147
1759043842.1102011,265.7799987792969,268.95001220703125,824.5,94.22000122070312,32.959999084472656,47.290000915527344,558.02001953125,691.4400024414062,514.780029296875,-8736.8603515625,1,-0.2653706052011996,-0.06470347060844217,0.8041664327981553,0.8602892458930484,0.3297551480323279,-0.19608110524018632,0.3357322682059837
1759043842.140789,265.7799987792969,268.95001220703125,824.5,94.22000122070312,32.959999084472656,47.290000915527344,558.02001953125,691.4400024414062,514.780029296875,-8736.8603515625,0,-0.26434578239887574,-0.052758380143548715,0.832946067296497,-0.7576133477655117,-0.46525803636227503,-0.4577200274924127,0.00702504948017231
1759043842.140789,265.7799987792969,268.95001220703125,824.5,94.22000122070312,32.959999084472656,47.290000915527344,558.02001953125,691.4400024414062,514.780029296875,-8736.8603515625,1,-0.2700692155825103,-0.06535020858725485,0.8175425615785183,-0.7237978198377824,-0.3851402132444953,-0.5075711767026962,0.26486833091311246
1759043842.1735702,265.7799987792969,268.95001220703125,824.5,94.22000122070312,32.959999084472656,47.290000915527344,558.02001953125,691.4400024414062,514.780029296875,-8736.8603515625,0,-0.25727325295812387,-0.05081775000739453,0.8075720400894408,-0.7573464180666811,-0.4565928690254214,-0.46344600448422535,0.05627749038745059
1759043842.1735702,265.7799987792969,268.95001220703125,824.5,94.22000122070312,32.959999084472656,47.290000915527344,558.02001953125,691.4400024414062,514.780029296875,-8736.8603515625,1,-0.26802169739427784,-0.06380464409445262,0.8064105972570442,-0.7221587000219075,-0.4068457236547136,-0.5085682781178175,0.23307010880595416
1759043842.2069612,265.7799987792969,268.95001220703125,824.5,94.22000122070312,32.959999084472656,47.290000915527344,558.02001953125,691.4400024414062,514.780029296875,-8736.8603515625,1,-0.28289684538382787,-0.06708743390672492,0.8510009702119709,0.8723527552966799,0.32559088829473815,-0.17876094396866396,0.31786124126286064
1759043842.2377398,265.7799987792969,268.95001220703125,824.5,94.22000122070312,32.959999084472656,47.290000915527344,558.02001953125,691.4400024414062,514.780029296875,-8736.8603515625,0,-0.2514609254272526,-0.048205475327479964,0.786335841663963,-0.7397533390363626,-0.46311611499699146,-0.4836592228631955,0.06604708588586974
1759043842.2706878,265.7799987792969,268.95001220703125,824.5,94.22000122070312,32.959999084472656,47.290000915527344,558.02001953125,691.4400024414062,514.780029296875,-8736.8603515625,0,-0.26308895879084815,-0.050313923416930535,0.8206093244207292,-0.7502574373933449,-0.4526241491007079,-0.48111566757050284,0.02780057022833503
1759043842.513635,265.7799987792969,268.95001220703125,824.4099731445312,94.22000122070312,32.959999084472656,47.290000915527344,558.02001953125,691.4400024414062,514.780029296875,-8736.8603515625,0,-0.2671232920704066,-0.05277405996989358,0.8331906978474128,-0.7568819936771096,-0.46508602209766897,-0.45912030298804274,0.005760822935863933
1759043842.6381226,265.7799987792969,268.95001220703125,824.5,94.22000122070312,32.959999084472656,47.290000915527344,558.02001953125,691.4400024414062,514.780029296875,-8736.8603515625,1,-0.27112830703332536,-0.06842311162904023,0.8187371470239472,-0.7417281819276009,-0.39463580172408874,-0.4615910331205096,0.2846675363906152
1759043842.7080698,265.7799987792969,268.95001220703125,824.5,94.22000122070312,32.959999084472656,47.290000915527344,558.02001953125,691.4400024414062,514.780029296875,-8736.8603515625,1,-0.2812709661939864,-0.07116014037602045,0.8502534683355505,0.8726683946584256,0.32643377754592795,-0.17909092026568146,0.3159387664085771
1759043842.773895,265.7799987792969,268.95001220703125,824.5,94.22000122070312,32.959999084472656,47.290000915527344,558.02001953125,691.4400024414062,514.780029296875,-8736.8603515625,1,-0.27112830703332536,-0.06842311162904023,0.8187371470239472,-0.7417281819276009,-0.39463580172408874,-0.4615910331205096,0.2846675363906152
1759043842.804203,265.7799987792969,268.95001220703125,824.5,94.22000122070312,32.959999084472656,47.290000915527344,558.02001953125,691.4400024414062,514.780029296875,-8736.8603515625,0,-0.2578556225100418,-0.054083901450874244,0.8111817657313765,0.8499732372436094,0.47153737273046065,-0.20197496210835722,0.12001715198004467
1759043843.014416,265.7799987792969,268.95001220703125,824.5,94.22000122070312,32.959999084472656,47.290000915527344,558.02001953125,691.4400024414062,514.780029296875,-8736.8603515625,0,-0.2671232920704066,-0.05277405996989358,0.8331906978474128,-0.7568819936771096,-0.46508602209766897,-0.45912030298804274,0.005760822935863933
1759043843.141343,265.7799987792969,268.95001220703125,824.5,94.22000122070312,32.959999084472656,47.290000915527344,558.02001953125,691.4400024414062,514.780029296875,-8736.8603515625,0,-0.25145076795115046,-0.0491619926436738,0.7850230245329108,0.8650654718500423,0.44670497936727904,-0.19642226952912017,0.11633865589034517
1759043843.141343,265.7799987792969,268.95001220703125,824.5,94.22000122070312,32.959999084472656,47.290000915527344,558.02001953125,691.4400024414062,514.780029296875,-8736.8603515625,1,-0.2843788423252033,-0.0671117551318703,0.8513098513814774,0.8725390794918639,0.32536371596558794,-0.1781997900910836,0.3178975336551841
1759043843.3547754,265.7799987792969,268.95001220703125,842.9600219726562,94.22000122070312,32.959999084472656,47.290000915527344,558.02001953125,691.4400024414062,514.780029296875,-8736.8603515625,0,-0.26004790648435305,-0.04954007352954998,0.8080624796421418,-0.7568814770610433,-0.45681708939373245,-0.46422513157883755,0.054254988068776995
1759043843.3547754,265.7799987792969,268.95001220703125,842.9600219726562,94.22000122070312,32.959999084472656,47.290000915527344,558.02001953125,691.4400024414062,514.780029296875,-8736.8603515625,1,-0.25754271685996255,-0.05994392731371652,0.7681671628537308,0.8599719593178587,0.33011714673575193,-0.23572520855114412,0.3096845567211397
1759043843.410048,265.7799987792969,268.95001220703125,842.9600219726562,94.22000122070312,32.959999084472656,47.290000915527344,558.02001953125,691.4400024414062,514.780029296875,-8736.8603515625,0,-0.2756273542335939,-0.04879792031103758,0.834415236815489,0.7552345685320212,0.4654096180523031,0.4615348105110291,0.0005025984577582133
1759043843.410048,265.7799987792969,268.95001220703125,842.9600219726562,94.22000122070312,32.959999084472656,47.290000915527344,558.02001953125,691.4400024414062,514.780029296875,-8736.8603515625,1,-0.2828068411217332,-0.06162278098266494,0.8208719653237515,-0.7496922000448683,-0.37416535070779106,-0.4657715930496625,0.2846378727955585
1759043843.4422998,265.7799987792969,268.95001220703125,842.9600219726562,94.22000122070312,32.959999084472656,47.290000915527344,558.02001953125,691.4400024414062,514.780029296875,-8736.8603515625,0,-0.26742730829465866,-0.046501483006009606,0.8007620071321457,-0.730157223649983,-0.4597525628977327,-0.504289566103743,0.03449700247287514
1759043843.482773,265.7799987792969,268.95001220703125,842.9600219726562,94.22000122070312,32.959999084472656,47.290000915527344,558.02001953125,691.4400024414062,514.780029296875,-8736.8603515625,0,-0.2769570506255655,-0.047755496171771564,0.8223093015217671,-0.7469073197909306,-0.45255577027823624,-0.48673964140165393,0.020180483611406147
1759043843.482773,265.7799987792969,268.95001220703125,842.9600219726562,94.22000122070312,32.959999084472656,47.290000915527344,558.02001953125,691.4400024414062,514.780029296875,-8736.8603515625,1,-0.2810390568514483,-0.05985333002996904,0.8016198132144805,-0.7433397292265685,-0.3808960225057727,-0.48997884541370934,0.24956962563521634
1759043843.5074813,265.7799987792969,268.95001220703125,842.9600219726562,94.22000122070312,32.959999084472656,47.290000915527344,558.02001953125,691.4400024414062,514.780029296875,-8736.8603515625,0,-0.27015327287825197,-0.045866207440382056,0.7954171245820931,-0.7461867124651769,-0.44374720853314803,-0.49199117887913496,0.06510364785915826
1759043843.539703,265.7799987792969,268.95001220703125,842.9600219726562,94.22000122070312,32.959999084472656,47.290000915527344,558.02001953125,691.4400024414062,514.780029296875,-8736.8603515625,1,-0.2817057127265292,-0.05765249963026692,0.7878863562407964,0.871042511379562,0.3177750122964476,-0.20837530203979365,0.31126149525664576
1759043843.6454587,265.7799987792969,268.95001220703125,856.5800170898438,94.22000122070312,32.959999084472656,47.290000915527344,558.02001953125,691.4400024414062,514.780029296875,-8736.8603515625,0,-0.2785050963761826,-0.043344357168873554,0.7962812315095489,0.7402882962018779,0.4431540572478041,0.5053668827719239,0.013857627817178869
1759043843.779112,265.7799987792969,268.95001220703125,869.8499755859375,94.22000122070312,32.959999084472656,47.290000915527344,558.02001953125,691.4400024414062,514.780029296875,-8736.8603515625,0,-0.28180346964611186,-0.04122907383367775,0.7792546607161849,0.8562186430434127,0.4506213333082282,-0.2252074186881274,0.11450619127471794
1759043843.8112109,265.7799987792969,268.95001220703125,869.8499755859375,94.22000122070312,32.959999084472656,47.290000915527344,558.02001953125,691.4400024414062,514.780029296875,-8736.8603515625,0,-0.2892014970446342,-0.04211010883730385,0.7973156686350786,0.7371997978605919,0.44260513324899986,0.5101606776313764,0.01931934405285244
1759043843.9893017,265.7799987792969,268.95001220703125,883.6500244140625,94.22000122070312,32.959999084472656,47.290000915527344,558.02001953125,691.4400024414062,514.780029296875,-8736.8603515625,0,-0.2814706402910246,-0.042192350796003954,0.7680097814431684,0.8581418101802589,0.43369324297922685,-0.24320376422256915,0.1278856273499214
1759043844.1492705,265.7799987792969,268.95001220703125,897.3599853515625,94.22000122070312,32.959999084472656,47.290000915527344,558.02001953125,691.4400024414062,514.780029296875,-8736.8603515625,1,-0.2933737355204309,-0.05584429739915305,0.7603934593264241,-0.7555634444415869,-0.3793802586827897,-0.47117229709325215,0.25137853368418844
1759043844.1492705,265.7799987792969,268.95001220703125,897.3599853515625,94.22000122070312,32.959999084472656,47.290000915527344,558.02001953125,691.4400024414062,514.780029296875,-8736.8603515625,0,-0.28514803062578,-0.0439875777472982,0.7681308786170887,-0.7130134980580872,-0.4373933196262901,-0.5478068378434349,0.014370245135027807
1759043844.4812589,265.7799987792969,268.95001220703125,907.9099731445312,94.22000122070312,33.04999923706055,47.290000915527344,558.02001953125,691.4400024414062,514.780029296875,-8736.8603515625,0,-0.295020720677066,-0.03395725377632009,0.7510106722127797,0.8705816825390291,0.4112662620542045,-0.2485159472224593,0.10577059941023055
1759043844.5105686,265.7799987792969,268.95001220703125,907.9099731445312,94.22000122070312,33.04999923706055,47.290000915527344,558.02001953125,691.4400024414062,514.780029296875,-8736.8603515625,1,-0.30537603626337895,-0.045225286107696556,0.7459243915570115,0.8978241009844499,0.28481456369520175,-0.15562625039579814,0.2976121942836356
1759043844.5105686,265.7799987792969,268.95001220703125,907.9099731445312,94.22000122070312,33.04999923706055,47.290000915527344,558.02001953125,691.4400024414062,514.780029296875,-8736.8603515625,0,-0.3000537480104707,-0.033482637976607124,0.762534514347894,0.7199007477671309,0.4221690064705176,0.5497910414397127,0.03529949139375926
1759043844.6844287,265.7799987792969,268.95001220703125,908.260009765625,94.22000122070312,32.959999084472656,47.290000915527344,558.02001953125,691.4400024414062,514.780029296875,-8736.8603515625,1,-0.2910816829379096,-0.0461010807183111,0.7217298619240847,0.8939184906656278,0.28154683418927456,-0.15157972780883217,0.3141093731831055
1759043844.7108202,265.7799987792969,268.95001220703125,908.260009765625,94.22000122070312,32.959999084472656,47.290000915527344,558.02001953125,691.4400024414062,514.780029296875,-8736.8603515625,1,-0.30445894510779126,-0.049377693084086884,0.7587056113986009,0.8964452664675685,0.29995186031729526,-0.13524959829916197,0.2968540245305748
1759043844.7108202,265.7799987792969,268.95001220703125,908.260009765625,94.22000122070312,32.959999084472656,47.290000915527344,558.02001953125,691.4400024414062,514.780029296875,-8736.8603515625,0,-0.28954718651640593,-0.03633454810039663,0.7513007439575288,0.7166707131814163,0.41096182437420986,0.5633703029403371,0.010361927425638158
1759043844.749146,265.7799987792969,268.95001220703125,908.260009765625,94.22000122070312,32.959999084472656,47.290000915527344,558.02001953125,691.4400024414062,514.780029296875,-8736.8603515625,0,-0.29374467055124415,-0.03804896573031496,0.7659518339580583,0.8730395472098429,0.4075721931465207,-0.22330515509168716,0.14772157625359097
1759043844.880196,265.7799987792969,268.95001220703125,908.260009765625,94.22000122070312,32.959999084472656,47.290000915527344,558.02001953125,691.4400024414062,514.780029296875,-8736.8603515625,0,-0.28308091406828995,-0.03993081033703082,0.7502936872912191,0.7183618782256329,0.41045865251205316,0.5616499080220518,0.005411775027768872
1759043844.9467008,265.7799987792969,268.95001220703125,908.260009765625,94.22000122070312,32.959999084472656,47.290000915527344,558.02001953125,691.4400024414062,514.780029296875,-8736.8603515625,1,-0.30323495165793796,-0.05456386880355978,0.7712331008858616,0.903885355537379,0.26266174412698745,-0.1158395300023276,0.31714551156539295
1759043844.9467008,265.7799987792969,268.95001220703125,908.260009765625,94.22000122070312,32.959999084472656,47.290000915527344,558.02001953125,691.4400024414062,514.780029296875,-8736.8603515625,0,-0.29693516448168966,-0.04252099384665676,0.7869982234784222,0.7275583179560983,0.42989995463080555,0.5346407085831462,0.0020580833403491846
1759043845.0778375,265.7799987792969,268.95001220703125,908.260009765625,94.22000122070312,32.959999084472656,47.290000915527344,558.02001953125,691.4400024414062,514.780029296875,-8736.8603515625,1,-0.3002715975389621,-0.05174952547100022,0.7574450551280925,0.8962572208489723,0.30085466709165354,-0.13688333112888593,0.2957573617415242
1759043845.0778375,265.7799987792969,268.95001220703125,908.260009765625,94.22000122070312,32.959999084472656,47.290000915527344,558.02001953125,691.4400024414062,514.780029296875,-8736.8603515625,0,-0.2856515649452399,-0.03873475718774298,0.750659972344427,0.7176523557629538,0.4105960679934496,0.5624354511438011,0.0072338449575797695
1759043845.1744983,265.7799987792969,268.95001220703125,908.260009765625,94.22000122070312,32.959999084472656,47.290000915527344,558.02001953125,691.4400024414062,514.780029296875,-8736.8603515625,0,-0.2969070446913111,-0.038494765500804454,0.775005485347002,0.8698327671837912,0.41135222538439203,-0.2414145091740726,0.12609257934128615
1759043845.2114828,265.7799987792969,268.95001220703125,908.260009765625,94.22000122070312,32.959999084472656,47.290000915527344,558.02001953125,691.4400024414062,514.780029296875,-8736.8603515625,0,-0.2922234181360716,-0.03713393673489853,0.7614466361454864,0.7220508635486917,0.42193723420448115,0.5474776315088545,0.029660813170178168
1759043845.2428393,265.7799987792969,268.95001220703125,908.260009765625,94.22000122070312,32.959999084472656,47.290000915527344,558.02001953125,691.4400024414062,514.780029296875,-8736.8603515625,1,-0.31040581294776914,-0.04971470914158348,0.7735341669470637,0.9039517603414136,0.26100005175611685,-0.11296282255424397,0.3193580884830421
1759043845.277327,265.7799987792969,268.95001220703125,908.260009765625,94.22000122070312,32.959999084472656,47.290000915527344,558.02001953125,691.4400024414062,514.780029296875,-8736.8603515625,1,-0.2897950431433149,-0.04608247627218397,0.7214378588602989,0.8937508047924664,0.281747014285633,-0.1521162833705117,0.3141476646538888
1759043845.3435767,265.7799987792969,268.95001220703125,908.260009765625,94.22000122070312,32.959999084472656,47.290000915527344,558.02001953125,691.4400024414062,514.780029296875,-8736.8603515625,1,-0.29967541864998454,-0.0473462672852253,0.7460282009685579,0.889582396283542,0.30774125352102716,-0.15791231168863412,0.29833233636481626
1759043845.3435767,265.7799987792969,268.95001220703125,908.260009765625,94.22000122070312,32.959999084472656,47.290000915527344,558.02001953125,691.4400024414062,514.780029296875,-8736.8603515625,0,-0.28961111254021404,-0.03512551552733237,0.7514667293869974,0.7168381179989699,0.4112940550510007,0.5628996660363947,0.011148041958778974
1759043845.3770325,265.7799987792969,268.95001220703125,908.260009765625,94.22000122070312,32.959999084472656,47.290000915527344,558.02001953125,691.4400024414062,514.780029296875,-8736.8603515625,1,-0.30452926366395683,-0.04815993126363491,0.7588810791881574,0.8963022444823783,0.2997714533283271,-0.13523668414353746,0.29747336278587194
1759043845.406938,265.7799987792969,268.95001220703125,908.260009765625,94.22000122070312,32.959999084472656,47.290000915527344,558.02001953125,691.4400024414062,514.780029296875,-8736.8603515625,1,-0.28850953325105716,-0.046063901716650126,0.7211463272997627,0.8935827058173432,0.2819476950356957,-0.1526534948641793,0.31418522504084406
1759043845.4448793,265.7799987792969,268.95001220703125,908.260009765625,94.22000122070312,32.959999084472656,47.290000915527344,558.02001953125,691.4400024414062,514.780029296875,-8736.8603515625,1,-0.2979018991142734,-0.04795953057879527,0.7461513370430498,0.8989350698677974,0.25679184431426566,-0.110268605616621,0.33736408147700386
1759043845.4448793,265.7799987792969,268.95001220703125,908.260009765625,94.22000122070312,32.959999084472656,47.290000915527344,558.02001953125,691.4400024414062,514.780029296875,-8736.8603515625,0,-0.2969763943162828,-0.03724818915925085,0.7751866854717417,0.8698454141704578,0.41110920932099143,-0.241529484875217,0.12657678062743688
1759043845.477299,265.7799987792969,268.95001220703125,908.260009765625,94.22000122070312,32.959999084472656,47.290000915527344,558.02001953125,691.4400024414062,514.780029296875,-8736.8603515625,1,-0.30175704306177814,-0.04933801065087947,0.7580942338581734,0.8961302812289696,0.3003116043661469,-0.13632603021253537,0.2969489397758639
1759043845.477299,265.7799987792969,268.95001220703125,908.260009765625,94.22000122070312,32.959999084472656,47.290000915527344,558.02001953125,691.4400024414062,514.780029296875,-8736.8603515625,0,-0.28703185900549727,-0.03632412516381591,0.751089459783534,0.7175482312282363,0.4111625007105534,0.5621236359881688,0.009324791371101317
1759043845.554696,265.7799987792969,268.95001220703125,908.260009765625,94.22000122070312,32.959999084472656,47.290000915527344,558.02001953125,691.4400024414062,514.780029296875,-8736.8603515625,1,-0.3051978533417988,-0.050830524159555336,0.7714567502042619,0.9044239396060247,0.2628801026163403,-0.11453978909167965,0.315898758830695
1759043845.554696,265.7799987792969,268.95001220703125,908.260009765625,94.22000122070312,32.959999084472656,47.290000915527344,558.02001953125,691.4400024414062,514.780029296875,-8736.8603515625,0,-0.2942979405498986,-0.03848203236073833,0.7747483288641499,0.8694880437041892,0.4115469416004332,-0.24237798841661481,0.12598637801725618
1759043845.5768962,265.7799987792969,268.95001220703125,908.260009765625,94.22000122070312,32.959999084472656,47.290000915527344,558.02001953125,691.4400024414062,514.780029296875,-8736.8603515625,1,-0.2989927978676568,-0.05051402611629149,0.7573146696323941,0.895957114197603,0.3008551754551757,-0.13741357513589658,0.29641950389424454
1759043845.5768962,265.7799987792969,268.95001220703125,908.260009765625,94.22000122070312,32.959999084472656,47.290000915527344,558.02001953125,691.4400024414062,514.780029296875,-8736.8603515625,0,-0.2844569344139056,-0.037521759528424965,0.7507171555900376,0.7182579223547245,0.41102734105514555,0.5613428487244982,0.007502537282603016
1759043845.6114352,265.7799987792969,268.95001220703125,908.260009765625,94.22000122070312,32.959999084472656,47.290000915527344,558.02001953125,691.4400024414062,514.780029296875,-8736.8603515625,0,-0.29292704972224987,-0.03972123181276453,0.7744425294299896,0.8693024863286877,0.4118886789136044,-0.2427428322893204,0.12544648587236834
1759043845.6439447,265.7799987792969,268.95001220703125,908.260009765625,94.22000122070312,32.959999084472656,47.290000915527344,558.02001953125,691.4400024414062,514.780029296875,-8736.8603515625,1,-0.3037554391575243,-0.05204713664153356,0.7709679735734605,0.9044420986685611,0.2632442159145686,-0.11512324204667725,0.3153309564318021
1759043845.7784925,265.7799987792969,268.95001220703125,908.260009765625,94.22000122070312,32.959999084472656,47.290000915527344,558.02001953125,691.4400024414062,514.780029296875,-8736.8603515625,1,-0.3002715975389621,-0.05174952547100022,0.7574450551280925,0.8962572208489723,0.30085466709165354,-0.13688333112888593,0.2957573617415242
1759043845.7784925,265.7799987792969,268.95001220703125,908.260009765625,94.22000122070312,32.959999084472656,47.290000915527344,558.02001953125,691.4400024414062,514.780029296875,-8736.8603515625,0,-0.2856515649452399,-0.03873475718774298,0.750659972344427,0.7176523557629538,0.4105960679934496,0.5624354511438011,0.0072338449575797695
1759043845.8416023,265.7799987792969,268.95001220703125,908.260009765625,94.22000122070312,32.959999084472656,47.290000915527344,558.02001953125,691.4400024414062,514.780029296875,-8736.8603515625,1,-0.29583305729636444,-0.04987571643098511,0.7432025363382879,0.8972074031748261,0.286923714431211,-0.1593120479423935,0.2954882893883995
1759043845.8777833,265.7799987792969,268.95001220703125,908.260009765625,94.22000122070312,32.959999084472656,47.290000915527344,558.02001953125,691.4400024414062,514.780029296875,-8736.8603515625,1,-0.30303770228856997,-0.05057459130026908,0.7582250510798161,0.8964303856169141,0.30031201510547806,-0.135799062383406,0.29628343183813965
1759043845.911913,265.7799987792969,268.95001220703125,908.260009765625,94.22000122070312,32.959999084472656,47.290000915527344,558.02001953125,691.4400024414062,514.780029296875,-8736.8603515625,1,-0.2982090485909271,-0.04972005165131703,0.7453837440795923,0.8896923068694086,0.30831972748606257,-0.15841767193616374,0.29713698180912496
1759043845.9450011,265.7799987792969,268.95001220703125,908.260009765625,94.22000122070312,32.959999084472656,47.290000915527344,558.02001953125,691.4400024414062,514.780029296875,-8736.8603515625,1,-0.3033835854219128,-0.05052928982643423,0.7575534967508345,0.8972149198156182,0.3013780875673706,-0.13577214972456517,0.29281830433505773
1759043845.9450011,265.7799987792969,268.95001220703125,908.260009765625,94.22000122070312,32.959999084472656,47.290000915527344,558.02001953125,691.4400024414062,514.780029296875,-8736.8603515625,0,-0.2975300388975749,-0.03843420076452024,0.7752600508129945,-0.7191106812181095,-0.4175967323925924,-0.5553176604626215,0.01072815134945803
1759043846.0099735,265.7799987792969,268.95001220703125,908.260009765625,94.22000122070312,32.959999084472656,47.290000915527344,558.02001953125,691.4400024414062,514.780029296875,-8736.8603515625,1,-0.2991834893124592,-0.0491799709226949,0.7463323782246337,0.8992734033167857,0.2567522734886926,-0.1097481898423847,0.3366614783009089
1759043846.0523612,265.7799987792969,268.95001220703125,908.260009765625,94.22000122070312,32.959999084472656,47.290000915527344,558.02001953125,691.4400024414062,514.780029296875,-8736.8603515625,0,-0.2914411514781619,-0.03767140195433962,0.7583354292642966,0.8610702721395866,0.4150364447079213,-0.2576408426920026,0.14115215966687067
1759043846.0780456,265.7799987792969,268.95001220703125,908.260009765625,94.22000122070312,32.959999084472656,47.290000915527344,558.02001953125,691.4400024414062,514.780029296875,-8736.8603515625,0,-0.2975300388975749,-0.03843420076452024,0.7752600508129945,-0.7191106812181095,-0.4175967323925924,-0.5553176604626215,0.01072815134945803
1759043846.116115,265.7799987792969,268.95001220703125,908.260009765625,94.22000122070312,32.959999084472656,47.290000915527344,558.02001953125,691.4400024414062,514.780029296875,-8736.8603515625,0,-0.285060838003636,-0.037161448349415045,0.7435738169474697,-0.7258599686863776,-0.41580076291865176,-0.5478407249898551,0.010371666089305285
1759043846.116115,265.7799987792969,268.95001220703125,908.260009765625,94.22000122070312,32.959999084472656,47.290000915527344,558.02001953125,691.4400024414062,514.780029296875,-8736.8603515625,1,-0.30895332336898335,-0.05093483247273556,0.7730355389922465,0.9039734244054547,0.26136413941871195,-0.1135485928830949,0.3187907646856495
1759043846.1524715,265.7799987792969,268.95001220703125,908.260009765625,94.22000122070312,32.959999084472656,47.290000915527344,558.02001953125,691.4400024414062,514.780029296875,-8736.8603515625,1,-0.2978416240075635,-0.04915813357873155,0.7460001290349609,0.8991246579836991,0.2569603041990103,-0.11030181105461544,0.33671911432189333
1759043846.1524715,265.7799987792969,268.95001220703125,908.260009765625,94.22000122070312,32.959999084472656,47.290000915527344,558.02001953125,691.4400024414062,514.780029296875,-8736.8603515625,0,-0.2901583275158352,-0.037664393162295196,0.7581939867156745,0.8608807320911319,0.41514470094674794,-0.2581326577866161,0.14109136534207115
1759043846.4641533,265.7799987792969,268.95001220703125,908.260009765625,94.22000122070312,32.959999084472656,47.290000915527344,558.02001953125,691.4400024414062,514.780029296875,-8736.8603515625,1,-0.2989927978676568,-0.05051402611629149,0.7573146696323941,0.895957114197603,0.3008551754551757,-0.13741357513589658,0.29641950389424454
1759043846.4891045,265.7799987792969,268.95001220703125,908.260009765625,94.22000122070312,32.959999084472656,47.290000915527344,558.02001953125,691.4400024414062,514.780029296875,-8736.8603515625,1,-0.2932174572589517,-0.04914288221600204,0.742847725488673,-0.7556422083769863,-0.36530983594285504,-0.4951438802455972,0.2244685156940486
1759043846.512861,265.7799987792969,268.95001220703125,908.260009765625,94.22000122070312,32.959999084472656,47.290000915527344,558.02001953125,691.4400024414062,514.780029296875,-8736.8603515625,1,-0.3087266009933887,-0.05147021071806091,0.7811838547239696,0.9090474965370535,0.25255610054629934,-0.0897559766779284,0.31904847557566307
1759043846.512861,265.7799987792969,268.95001220703125,908.260009765625,94.22000122070312,32.959999084472656,47.290000915527344,558.02001953125,691.4400024414062,514.780029296875,-8736.8603515625,0,-0.29361477997569846,-0.03841466360154288,0.7748722895430523,-0.72038063085739,-0.4178478893280686,-0.5534462159107465,0.012335889253006443
1759043846.5448117,265.7799987792969,268.95001220703125,908.260009765625,94.22000122070312,32.959999084472656,47.290000915527344,558.02001953125,691.4400024414062,514.780029296875,-8736.8603515625,1,-0.29452950023403945,-0.04900439122146348,0.745396162726859,-0.7726828824855683,-0.35575647935528726,-0.4491438226224827,0.27325504041204524
1759043846.608099,265.7799987792969,268.95001220703125,908.260009765625,94.22000122070312,32.959999084472656,47.290000915527344,558.02001953125,691.4400024414062,514.780029296875,-8736.8603515625,0,-0.28703185900549727,-0.03632412516381591,0.751089459783534,0.7175482312282363,0.4111625007105534,0.5621236359881688,0.009324791371101317
1759043846.68583,265.7799987792969,268.95001220703125,908.260009765625,94.22000122070312,32.959999084472656,47.290000915527344,558.02001953125,691.4400024414062,514.780029296875,-8736.8603515625,1,-0.2871593686030105,-0.0472021133068889,0.7206899139582408,0.8935716776767859,0.2823439224580559,-0.15318530391923277,0.31360138546898364
1759043847.1315691,265.7799987792969,268.95001220703125,908.260009765625,94.22000122070312,32.959999084472656,47.290000915527344,558.02001953125,691.4400024414062,514.780029296875,-8736.8603515625,1,-0.29892526341982767,-0.05172896672337926,0.7571433758296833,0.896099351383431,0.3010366147217053,-0.1374211039429299,0.2958011988450967
1759043847.1450953,265.7799987792969,268.95001220703125,908.260009765625,94.22000122070312,32.959999084472656,47.20000076293945,558.02001953125,691.4400024414062,514.780029296875,-8736.8603515625,1,-0.2932037361519933,-0.04983823496194602,0.7426427224661746,0.8968712270781299,0.287307143201891,-0.1603706657863868,0.2955636260769729
1759043847.1450953,265.7799987792969,268.95001220703125,908.260009765625,94.22000122070312,32.959999084472656,47.20000076293945,558.02001953125,691.4400024414062,514.780029296875,-8736.8603515625,0,-0.29354752182378835,-0.03966055571993912,0.7746946821008249,-0.7201921772602694,-0.4175125858474944,-0.5539265216021876,0.013110192132562242
1759043847.246922,265.7799987792969,268.95001220703125,908.260009765625,94.22000122070312,32.959999084472656,47.20000076293945,558.02001953125,691.4400024414062,514.780029296875,-8736.8603515625,1,-0.30618723259795344,-0.05089154266355722,0.7723768744347,0.9036765119408005,0.2617562181150168,-0.1146425380039619,0.31891931977326554
1759043847.3783188,265.7799987792969,268.95001220703125,908.260009765625,94.22000122070312,32.959999084472656,47.290000915527344,558.02001953125,691.4400024414062,514.780029296875,-8736.8603515625,1,-0.31104252518367026,-0.05090201781844012,0.7822050082045606,0.8999911270335063,0.30615044327004876,-0.1432603442420587,0.27525324905286525
1759043847.5456173,265.7799987792969,268.95001220703125,908.260009765625,94.22000122070312,32.959999084472656,47.290000915527344,558.02001953125,691.4400024414062,514.780029296875,-8736.8603515625,1,-0.3004081105872903,-0.04931825630427102,0.7577898868830583,0.8959722898215782,0.3004924173242471,-0.13686539650035845,0.2969946569272051
1759043847.5456173,265.7799987792969,268.95001220703125,908.260009765625,94.22000122070312,32.959999084472656,47.290000915527344,558.02001953125,691.4400024414062,514.780029296875,-8736.8603515625,0,-0.28577484595909636,-0.036318931057957055,0.7509841767396107,0.717986552460659,0.4112617376399192,0.5614993683883232,0.00880641462605552
1759043847.5792506,265.7799987792969,268.95001220703125,908.260009765625,94.22000122070312,32.959999084472656,47.290000915527344,558.02001953125,691.4400024414062,514.780029296875,-8736.8603515625,0,-0.2779200832372067,-0.03624288117404424,0.7311275045592559,-0.7212072071137205,-0.4046241188716484,-0.5614851980939126,0.02956110884268406
1759043847.5792506,265.7799987792969,268.95001220703125,908.260009765625,94.22000122070312,32.959999084472656,47.290000915527344,558.02001953125,691.4400024414062,514.780029296875,-8736.8603515625,1,-0.30618723259795344,-0.05089154266355722,0.7723768744347,0.9036765119408005,0.2617562181150168,-0.1146425380039619,0.31891931977326554
1759043847.6124797,265.7799987792969,268.95001220703125,908.260009765625,94.22000122070312,32.959999084472656,47.290000915527344,558.02001953125,691.4400024414062,514.780029296875,-8736.8603515625,1,-0.2851006902840972,-0.04763264157385512,0.7200758394329322,-0.7532929981985482,-0.3681815275643507,-0.48849665622390553,0.24158443344612812
1759043847.6124797,265.7799987792969,268.95001220703125,908.260009765625,94.22000122070312,32.959999084472656,47.290000915527344,558.02001953125,691.4400024414062,514.780029296875,-8736.8603515625,0,-0.2942979405498986,-0.03848203236073833,0.7747483288641499,0.8694880437041892,0.4115469416004332,-0.24237798841661481,0.12598637801725618
1759043847.6411824,265.7799987792969,268.95001220703125,908.260009765625,94.22000122070312,32.959999084472656,47.290000915527344,558.02001953125,691.4400024414062,514.780029296875,-8736.8603515625,1,-0.2993453527085288,-0.05046942403093626,0.7566535998396788,0.8967438805890616,0.30191194447067676,-0.13737992389311696,0.29296134032176874
1759043847.7136018,265.7799987792969,268.95001220703125,908.260009765625,94.22000122070312,32.959999084472656,47.290000915527344,558.02001953125,691.4400024414062,514.780029296875,-8736.8603515625,1,-0.2932037361519933,-0.04983823496194602,0.7426427224661746,0.8968712270781299,0.287307143201891,-0.1603706657863868,0.2955636260769729
1759043847.7136018,265.7799987792969,268.95001220703125,908.260009765625,94.22000122070312,32.959999084472656,47.290000915527344,558.02001953125,691.4400024414062,514.780029296875,-8736.8603515625,0,-0.2844569344139056,-0.037521759528424965,0.7507171555900376,0.7182579223547245,0.41102734105514555,0.5613428487244982,0.007502537282603016
1759043847.7461538,265.7799987792969,268.95001220703125,908.260009765625,94.22000122070312,32.959999084472656,47.290000915527344,558.02001953125,691.4400024414062,514.780029296875,-8736.8603515625,1,-0.3047416781981115,-0.052109431423639684,0.7718849224550153,0.9036972727281612,0.2621232982846007,-0.11522547467335202,0.31834840308439805
1759043847.7461538,265.7799987792969,268.95001220703125,908.260009765625,94.22000122070312,32.959999084472656,47.290000915527344,558.02001953125,691.4400024414062,514.780029296875,-8736.8603515625,0,-0.29354752182378835,-0.03966055571993912,0.7746946821008249,-0.7201921772602694,-0.4175125858474944,-0.5539265216021876,0.013110192132562242
1759043847.8146245,265.7799987792969,268.95001220703125,908.260009765625,94.22000122070312,32.959999084472656,47.290000915527344,558.02001953125,691.4400024414062,514.780029296875,-8736.8603515625,0,-0.2866447551430891,-0.03908014775515096,0.7572926812999912,0.7086293154767213,0.405654958337596,0.5767950359211709,0.0244138190337359
1759043847.8467948,265.7799987792969,268.95001220703125,908.260009765625,94.22000122070312,32.959999084472656,47.290000915527344,558.02001953125,691.4400024414062,514.780029296875,-8736.8603515625,0,-0.29354752182378835,-0.03966055571993912,0.7746946821008249,-0.7201921772602694,-0.4175125858474944,-0.5539265216021876,0.013110192132562242
1759043847.9465334,265.7799987792969,268.95001220703125,908.260009765625,94.22000122070312,32.959999084472656,47.290000915527344,558.02001953125,691.4400024414062,514.780029296875,-8736.8603515625,1,-0.2949226976772369,-0.0495778645083328,0.7448731133195361,-0.7480959903573311,-0.38588909513616765,-0.4941359689969765,0.21742042132627026
1759043848.0136766,265.7799987792969,268.95001220703125,908.260009765625,94.22000122070312,32.959999084472656,47.290000915527344,558.02001953125,691.4400024414062,514.780029296875,-8736.8603515625,0,-0.2857129953697072,-0.03752707839113921,0.7508215230900834,0.7178196163125712,0.4109289851193544,0.5619680062667143,0.008020446263434896
1759043848.051885,265.7799987792969,268.95001220703125,908.260009765625,94.22000122070312,32.959999084472656,47.290000915527344,558.02001953125,691.4400024414062,514.780029296875,-8736.8603515625,1,-0.3006901083027503,-0.05048932092298812,0.7569526858002573,0.8969012270473518,0.30173336985630855,-0.13684321961612117,0.29291482666673785
1759043848.051885,265.7799987792969,268.95001220703125,908.260009765625,94.22000122070312,32.959999084472656,47.290000915527344,558.02001953125,691.4400024414062,514.780029296875,-8736.8603515625,0,-0.2949193335421596,-0.03842116118735705,0.7750012450217912,-0.7199575998370475,-0.41776493134199877,-0.5540706379407336,0.01180020125427084
1759043848.0800083,265.7799987792969,268.95001220703125,908.260009765625,94.22000122070312,32.959999084472656,47.290000915527344,558.02001953125,691.4400024414062,514.780029296875,-8736.8603515625,1,-0.28638170558277687,-0.04765179867988249,0.7203635355814038,-0.7530018942385649,-0.36828145765744436,-0.48911984056437025,0.24107819641171654
1759043848.0800083,265.7799987792969,268.95001220703125,908.260009765625,94.22000122070312,32.959999084472656,47.290000915527344,558.02001953125,691.4400024414062,514.780029296875,-8736.8603515625,0,-0.2888760962008347,-0.037657401576245884,0.758052895733214,0.8606906666227077,0.4152531914537848,-0.25862527252478806,0.141029542250851
1759043848.1133249,265.7799987792969,268.95001220703125,908.260009765625,94.22000122070312,32.959999084472656,47.290000915527344,558.02001953125,691.4400024414062,514.780029296875,-8736.8603515625,1,-0.2927009815851456,-0.048557192106289955,0.7368573935458,0.8933153294863507,0.26613904289137796,-0.13355644188581153,0.3366309682491434
1759043848.1798232,265.7799987792969,268.95001220703125,908.3499755859375,94.22000122070312,32.959999084472656,47.290000915527344,558.02001953125,691.4400024414062,514.780029296875,-8736.8603515625,1,-0.28587703991545615,-0.04718323469160838,0.7204009623118828,0.8934031631022009,0.2825460131462793,-0.15372288177775836,0.3136364363910324
1759043848.2131221,265.7799987792969,268.95001220703125,908.3499755859375,94.22000122070312,32.959999084472656,47.290000915527344,558.02001953125,691.4400024414062,514.780029296875,-8736.8603515625,1,-0.29458771925851646,-0.04866518831551113,0.7430988769859086,0.8969014234420283,0.28691679464473724,-0.15984878380657982,0.2961333414089177
1759043848.2131221,265.7799987792969,268.95001220703125,908.3499755859375,94.22000122070312,32.959999084472656,47.290000915527344,558.02001953125,691.4400024414062,514.780029296875,-8736.8603515625,0,-0.2949193335421596,-0.03842116118735705,0.7750012450217912,-0.7199575998370475,-0.41776493134199877,-0.5540706379407336,0.01180020125427084
1759043848.2419043,265.7799987792969,268.95001220703125,908.3499755859375,94.22000122070312,32.959999084472656,47.290000915527344,558.02001953125,691.4400024414062,514.780029296875,-8736.8603515625,1,-0.30618723259795344,-0.05089154266355722,0.7723768744347,0.9036765119408005,0.2617562181150168,-0.1146425380039619,0.31891931977326554
1759043848.5466774,265.7799987792969,268.95001220703125,908.260009765625,94.22000122070312,32.959999084472656,47.290000915527344,558.02001953125,691.4400024414062,514.780029296875,-8736.8603515625,1,-0.2932174572589517,-0.04914288221600204,0.742847725488673,-0.7556422083769863,-0.36530983594285504,-0.4951438802455972,0.2244685156940486
1759043848.5801733,265.7799987792969,268.95001220703125,908.260009765625,94.22000122070312,32.959999084472656,47.290000915527344,558.02001953125,691.4400024414062,514.780029296875,-8736.8603515625,1,-0.2884824211968778,-0.04839599191641195,0.7299328685228607,0.8897276808341478,0.2948502493410844,-0.1811857256701473,0.297690640152443
1759043848.5801733,265.7799987792969,268.95001220703125,908.260009765625,94.22000122070312,32.959999084472656,47.290000915527344,558.02001953125,691.4400024414062,514.780029296875,-8736.8603515625,0,-0.2844569344139056,-0.037521759528424965,0.7507171555900376,0.7182579223547245,0.41102734105514555,0.5613428487244982,0.007502537282603016
1759043848.6235452,265.7799987792969,268.95001220703125,908.260009765625,94.22000122070312,32.959999084472656,47.290000915527344,558.02001953125,691.4400024414062,514.780029296875,-8736.8603515625,1,-0.29424249868876523,-0.04966221461099516,0.7445145972226803,0.8891823395603832,0.30888324919303717,-0.16001895190442073,0.29722018843491477
1759043848.6443608,265.7799987792969,268.95001220703125,908.260009765625,94.22000122070312,32.959999084472656,47.290000915527344,558.02001953125,691.4400024414062,514.780029296875,-8736.8603515625,1,-0.2993453527085288,-0.05046942403093626,0.7566535998396788,0.8967438805890616,0.30191194447067676,-0.13737992389311696,0.29296134032176874
1759043848.6810966,265.7799987792969,268.95001220703125,908.260009765625,94.22000122070312,32.959999084472656,47.290000915527344,558.02001953125,691.4400024414062,514.780029296875,-8736.8603515625,1,-0.2945320975365741,-0.04916154928572353,0.7431280224922571,-0.7553377996685694,-0.3653940954356566,-0.4957766046594356,0.22395874996294307
1759043848.7088401,265.7799987792969,268.95001220703125,908.260009765625,94.22000122070312,32.959999084472656,47.290000915527344,558.02001953125,691.4400024414062,514.780029296875,-8736.8603515625,1,-0.28977213864057416,-0.04841384336780245,0.7302026791691163,0.8899080061195117,0.29465219166148915,-0.18065754736903367,0.2976687373105911
1759043848.7895594,265.7799987792969,268.95001220703125,908.260009765625,94.22000122070312,32.959999084472656,47.290000915527344,558.02001953125,691.4400024414062,514.780029296875,-8736.8603515625,1,-0.30657704674607444,-0.0508519103623868,0.7717821530363788,0.9045720763823405,0.2626863339010223,-0.1139933608891355,0.31583344073131536
1759043848.8240101,265.7799987792969,268.95001220703125,908.260009765625,94.22000122070312,32.959999084472656,47.290000915527344,558.02001953125,691.4400024414062,514.780029296875,-8736.8603515625,0,-0.2949193335421596,-0.03842116118735705,0.7750012450217912,-0.7199575998370475,-0.41776493134199877,-0.5540706379407336,0.01180020125427084
1759043848.850854,265.7799987792969,268.95001220703125,908.260009765625,94.22000122070312,32.959999084472656,47.290000915527344,558.02001953125,691.4400024414062,514.780029296875,-8736.8603515625,1,-0.3006901083027503,-0.05048932092298812,0.7569526858002573,0.8969012270473518,0.30173336985630855,-0.13684321961612117,0.29291482666673785
1759043849.1280127,265.7799987792969,268.95001220703125,908.3499755859375,94.22000122070312,32.959999084472656,47.290000915527344,558.02001953125,691.4400024414062,514.780029296875,-8736.8603515625,1,-0.29360183640100024,-0.04955849268576899,0.7445839173678087,-0.7483935397441096,-0.38580645139954406,-0.49351668630381296,0.21794901254072468
1759043849.146127,265.7799987792969,268.95001220703125,918.6300048828125,94.22000122070312,32.959999084472656,47.290000915527344,558.02001953125,691.4400024414062,514.780029296875,-8736.8603515625,1,-0.2995535383486346,-0.05138156295478307,0.7610809675087054,0.8977688650436212,0.27156183218573327,-0.13911426874138103,0.3176672102858063
1759043849.146127,265.7799987792969,268.95001220703125,918.6300048828125,94.22000122070312,32.959999084472656,47.290000915527344,558.02001953125,691.4400024414062,514.780029296875,-8736.8603515625,0,-0.2862456552103405,-0.03886162507171299,0.7575922621404858,0.860306452666529,0.415728585482598,-0.25947923227178854,0.14040327180167358
1759043849.175592,265.7799987792969,268.95001220703125,918.6300048828125,94.22000122070312,32.959999084472656,47.290000915527344,558.02001953125,691.4400024414062,514.780029296875,-8736.8603515625,1,-0.3047416781981115,-0.052109431423639684,0.7718849224550153,0.9036972727281612,0.2621232982846007,-0.11522547467335202,0.31834840308439805
1759043849.2101302,265.7799987792969,268.95001220703125,918.6300048828125,94.22000122070312,32.959999084472656,47.290000915527344,558.02001953125,691.4400024414062,514.780029296875,-8736.8603515625,1,-0.2897861019578342,-0.048809344367148455,0.7334021359393594,-0.7602953902677749,-0.3817998763757651,-0.4680111825025382,0.23905084603405669
1759043849.247378,265.7799987792969,268.95001220703125,918.6300048828125,94.22000122070312,32.959999084472656,47.290000915527344,558.02001953125,691.4400024414062,514.780029296875,-8736.8603515625,1,-0.3075695435483376,-0.05091315451481587,0.7727057027862194,0.9038251067974663,0.2615598660332553,-0.11409517458313022,0.31885561613379065
1759043849.247378,265.7799987792969,268.95001220703125,918.6300048828125,94.22000122070312,32.959999084472656,47.290000915527344,558.02001953125,691.4400024414062,514.780029296875,-8736.8603515625,0,-0.3037458109400276,-0.039126234250126325,0.7956473026173742,0.7170358907361805,0.425315453802711,0.5516043063575592,0.026438331274165297
1759043849.3478522,265.7799987792969,268.95001220703125,932.260009765625,94.22000122070312,32.959999084472656,47.290000915527344,558.02001953125,691.4400024414062,514.780029296875,-8736.8603515625,1,-0.3175688254119601,-0.04608580769299986,0.7757247938353159,0.904177340202769,0.25953218103929643,-0.11009953006150587,0.32091194734547973
1759043849.4825568,265.7799987792969,268.95001220703125,932.260009765625,94.22000122070312,32.959999084472656,47.290000915527344,558.02001953125,691.4400024414062,514.780029296875,-8736.8603515625,0,-0.3030338964745982,-0.02839757601467668,0.7425879468350227,0.7069647643939969,0.4007774287352254,0.5827276543877087,0.00259910244527265
1759043849.5139804,265.7799987792969,268.95001220703125,932.260009765625,94.22000122070312,32.959999084472656,47.290000915527344,558.02001953125,691.4400024414062,514.780029296875,-8736.8603515625,1,-0.31100701879913073,-0.0393884386162735,0.7273088314749286,0.8954584949242014,0.27747413273069926,-0.14353694471674266,0.3171109191352657
1759043849.5481298,265.7799987792969,268.95001220703125,946.1400146484375,94.22000122070312,32.959999084472656,47.290000915527344,558.02001953125,691.4400024414062,514.780029296875,-8736.8603515625,1,-0.32180593884249886,-0.04003025323705484,0.7448052318465722,0.9154607395083963,0.24133400948647013,-0.0962727901276234,0.30728013304632484
1759043849.5481298,265.7799987792969,268.95001220703125,946.1400146484375,94.22000122070312,32.959999084472656,47.290000915527344,558.02001953125,691.4400024414062,514.780029296875,-8736.8603515625,0,-0.3212098103829761,-0.029347792310527084,0.7755609482818111,0.6976858492925666,0.40151089332174084,0.5932981920585039,0.004551213134801604
1759043849.5826542,265.7799987792969,268.95001220703125,946.1400146484375,94.22000122070312,32.959999084472656,47.290000915527344,558.02001953125,691.4400024414062,514.780029296875,-8736.8603515625,0,-0.3106336426413432,-0.027228896930451454,0.7434991366273319,0.7044804371777205,0.40053103976759163,0.5858679666992761,0.006397297260231336
1759043849.7906098,265.7799987792969,268.95001220703125,959.6799926757812,94.22000122070312,32.959999084472656,47.290000915527344,558.02001953125,691.4400024414062,514.780029296875,-8736.8603515625,1,-0.3232467020612666,-0.041582062263808256,0.7264960489865088,-0.7993770661420049,-0.3345362234876475,-0.44381770562181555,0.2282710351258149
1759043849.7906098,265.7799987792969,268.95001220703125,959.6799926757812,94.22000122070312,32.959999084472656,47.290000915527344,558.02001953125,691.4400024414062,514.780029296875,-8736.8603515625,0,-0.3207762547522293,-0.03060149913805254,0.7507659527111852,0.8717510603760286,0.3941905512200902,-0.27169725853551174,0.10413691836404015
1759043849.8837981,265.7799987792969,268.95001220703125,959.6799926757812,94.22000122070312,32.959999084472656,47.290000915527344,558.02001953125,691.4400024414062,514.780029296875,-8736.8603515625,0,-0.31624778166584055,-0.031110494745776658,0.7355374915229845,0.6755315325852872,0.4009065540391087,0.6186004807916784,0.016264334470392963
1759043849.9821107,265.7799987792969,268.95001220703125,973.3900146484375,94.22000122070312,32.959999084472656,47.290000915527344,558.02001953125,691.4400024414062,514.780029296875,-8736.8603515625,1,-0.33242940230996176,-0.04273721938295896,0.7343047335978831,0.9254193075145243,0.22610199526375951,-0.03496296993768576,0.3020837363219373
1759043849.9821107,265.7799987792969,268.95001220703125,973.3900146484375,94.22000122070312,32.959999084472656,47.290000915527344,558.02001953125,691.4400024414062,514.780029296875,-8736.8603515625,0,-0.314265882908615,-0.029721734106529184,0.7234401309693651,0.6836874709240292,0.38507932168015313,0.6180725548406103,0.04766209257532557
1759043850.178062,265.7799987792969,268.95001220703125,987.280029296875,94.22000122070312,32.959999084472656,47.290000915527344,558.02001953125,691.4400024414062,514.780029296875,-8736.8603515625,1,-0.3323646712573286,-0.036417095755900804,0.7175879179163294,-0.8184707156924892,-0.327567695225925,-0.4008759079603338,0.2492059369581276
1759043850.2115607,265.7799987792969,268.95001220703125,987.280029296875,94.22000122070312,32.959999084472656,47.290000915527344,558.02001953125,691.4400024414062,514.780029296875,-8736.8603515625,1,-0.33920684922645056,-0.03557793149730868,0.7277719352112859,0.928749138740749,0.24403526565352945,-0.05351643380462015,0.2738755515166766
1759043850.2485204,265.7799987792969,268.95001220703125,987.280029296875,94.22000122070312,32.959999084472656,47.290000915527344,558.02001953125,691.4400024414062,514.780029296875,-8736.8603515625,1,-0.33393176000900227,-0.03369313225822193,0.7127587580683576,0.9265628367453591,0.23019826457816606,-0.02358493162941869,0.2965363713739503
1759043850.2485204,265.7799987792969,268.95001220703125,987.280029296875,94.22000122070312,32.959999084472656,47.290000915527344,558.02001953125,691.4400024414062,514.780029296875,-8736.8603515625,0,-0.325375195260471,-0.022379945899026657,0.7227189199159727,0.6677307226671131,0.3713000919179698,0.6432575254115284,0.049916728153989835
1759043850.3510032,265.7799987792969,268.95001220703125,991.489990234375,94.22000122070312,32.959999084472656,47.290000915527344,558.02001953125,691.4400024414062,514.780029296875,-8736.8603515625,1,-0.3275545889279477,-0.028272274774937566,0.6861056493939035,0.9265319403257699,0.20531438925646012,-0.021071601307875172,0.314548172365908
1759043850.3510032,265.7799987792969,268.95001220703125,991.489990234375,94.22000122070312,32.959999084472656,47.290000915527344,558.02001953125,691.4400024414062,514.780029296875,-8736.8603515625,0,-0.32060820484630465,-0.017981733091227466,0.6995514633975582,0.6610214114457751,0.3653270827724638,0.6516319335502192,0.07044600329898001
1759043850.5620925,265.7799987792969,268.95001220703125,991.489990234375,94.22000122070312,32.959999084472656,47.20000076293945,558.02001953125,691.4400024414062,514.780029296875,-8736.8603515625,1,-0.33658959903678953,-0.03186022149101563,0.7104490910844188,0.9262304463285882,0.20006711299284696,-0.02632329905043023,0.3183981697807848
1759043850.5620925,265.7799987792969,268.95001220703125,991.489990234375,94.22000122070312,32.959999084472656,47.20000076293945,558.02001953125,691.4400024414062,514.780029296875,-8736.8603515625,0,-0.3406649070989205,-0.0216655034442954,0.7485890236958607,0.6685483444090708,0.37691935754514583,0.6399425361458677,0.03805863275052887
1759043850.5863469,265.7799987792969,268.95001220703125,991.489990234375,94.22000122070312,32.959999084472656,47.20000076293945,558.02001953125,691.4400024414062,514.780029296875,-8736.8603515625,1,-0.32461099594508475,-0.031924011817701714,0.6869377044025008,0.9204222032740658,0.19614583764930144,-0.02781704567171092,0.33701037085387486
1759043850.5863469,265.7799987792969,268.95001220703125,991.489990234375,94.22000122070312,32.959999084472656,47.20000076293945,558.02001953125,691.4400024414062,514.780029296875,-8736.8603515625,0,-0.3168894139048908,-0.021358866858646925,0.6988490899326694,0.662167071988096,0.36470345192756953,0.6511897613421633,0.06691827590399378
1759043850.6236813,265.7799987792969,268.95001220703125,991.489990234375,94.22000122070312,32.959999084472656,47.20000076293945,558.02001953125,691.4400024414062,514.780029296875,-8736.8603515625,1,-0.32918746785513764,-0.03384479284251819,0.700340649461727,-0.8065281520333937,-0.3201328263246194,-0.4498745414748897,0.21128230029931036
1759043850.6236813,265.7799987792969,268.95001220703125,991.489990234375,94.22000122070312,32.959999084472656,47.20000076293945,558.02001953125,691.4400024414062,514.780029296875,-8736.8603515625,0,-0.3379735737939293,-0.02407122350139103,0.7480012980943026,0.669211467199379,0.37645635906666663,0.6396599504868812,0.0356618792304104
1759043851.0925875,265.7799987792969,268.95001220703125,991.489990234375,94.22000122070312,32.959999084472656,47.290000915527344,558.02001953125,691.4400024414062,514.780029296875,-8736.8603515625,0,-0.3253905137813454,-0.02179616120731596,0.7227536374161805,0.6660562256530675,0.37057709042356085,0.6451887101390066,0.0526616808615436
1759043851.5311687,265.7799987792969,268.95001220703125,991.489990234375,94.22000122070312,32.959999084472656,47.290000915527344,558.02001953125,691.4400024414062,514.780029296875,-8736.8603515625,0,-0.32636075534895687,-0.025772126477955695,0.734570424718188,0.8772697360093819,0.37385162813715733,-0.29272970668444237,0.07029999463489811
1759043851.5601554,265.7799987792969,268.95001220703125,991.489990234375,94.22000122070312,32.959999084472656,47.290000915527344,558.02001953125,691.4400024414062,514.780029296875,-8736.8603515625,0,-0.3099415208006746,-0.0244419843187235,0.6963520314695486,0.8761701664375573,0.34526589543966846,-0.3143110659604918,0.11969066256733064
1759043851.6796813,265.7799987792969,268.95001220703125,991.489990234375,94.22000122070312,32.959999084472656,47.290000915527344,558.02001953125,691.4400024414062,514.780029296875,-8736.8603515625,1,-0.3351598496818452,-0.03622696235884174,0.7172503684848942,0.9289140564677614,0.22170050385232773,0.003207406200458133,0.2965759174877454
1759043851.7190723,265.7799987792969,268.95001220703125,991.489990234375,94.22000122070312,32.959999084472656,47.290000915527344,558.02001953125,691.4400024414062,514.780029296875,-8736.8603515625,1,-0.3305074517913487,-0.03526958401115446,0.706185338592742,-0.8204452017173802,-0.3133643631320717,-0.42699613608171194,0.2152829456065821
1759043851.7190723,265.7799987792969,268.95001220703125,991.489990234375,94.22000122070312,32.959999084472656,47.290000915527344,558.02001953125,691.4400024414062,514.780029296875,-8736.8603515625,0,-0.32537809947896673,-0.025082389418185875,0.7246791965858319,0.6749710254754171,0.3500420704272974,0.6480925393709285,0.043136111454054646
1759043851.7456086,265.7799987792969,268.95001220703125,991.489990234375,94.22000122070312,32.959999084472656,47.290000915527344,558.02001953125,691.4400024414062,514.780029296875,-8736.8603515625,1,-0.32601734010455985,-0.03458470827599099,0.6958450734234789,0.9357024443750508,0.23027099817734092,-0.04920564163270035,0.2627070760761505
1759043851.7909706,265.7799987792969,268.95001220703125,991.489990234375,94.22000122070312,32.959999084472656,47.290000915527344,558.02001953125,691.4400024414062,514.780029296875,-8736.8603515625,1,-0.3207836751636572,-0.03370175818026797,0.6835201994450879,0.9269171702735927,0.20658819325345418,-0.024721772471909976,0.31230547837992895
1759043851.8167613,265.7799987792969,268.95001220703125,991.489990234375,94.22000122070312,32.959999084472656,47.290000915527344,558.02001953125,691.4400024414062,514.780029296875,-8736.8603515625,1,-0.33150444627025233,-0.034791529041351056,0.7057432800403581,0.9325427613464295,0.21098009721477595,-0.024945099447467877,0.2919403001525756
1759043851.8167613,265.7799987792969,268.95001220703125,991.489990234375,94.22000122070312,32.959999084472656,47.290000915527344,558.02001953125,691.4400024414062,514.780029296875,-8736.8603515625,0,-0.33132433845837245,-0.024597386187072787,0.7350203613715147,0.8780375185786685,0.3732595565373225,-0.2910124302408981,0.07098721622279736
1759043851.850247,265.7799987792969,268.95001220703125,991.489990234375,94.22000122070312,32.959999084472656,47.290000915527344,558.02001953125,691.4400024414062,514.780029296875,-8736.8603515625,1,-0.32602470635758024,-0.03383033194490686,0.6942158119985478,-0.812171805088735,-0.3008602526528569,-0.451907718245163,0.213633989765242
1759043851.850247,265.7799987792969,268.95001220703125,991.489990234375,94.22000122070312,32.959999084472656,47.290000915527344,558.02001953125,691.4400024414062,514.780029296875,-8736.8603515625,0,-0.326661357919345,-0.023916799508384667,0.7249213255338041,0.6746039274940271,0.35026451013745635,0.6482748423927894,0.04431752100924835
1759043851.8800507,265.7799987792969,268.95001220703125,991.489990234375,94.22000122070312,32.959999084472656,47.290000915527344,558.02001953125,691.4400024414062,514.780029296875,-8736.8603515625,1,-0.33574285131865145,-0.03497215449192,0.7153584361300594,0.9408897146787619,0.20530035037740435,-0.053909767762245146,0.26395463225041893
1759043851.916692,265.7799987792969,268.95001220703125,991.489990234375,94.22000122070312,32.959999084472656,47.290000915527344,558.02001953125,691.4400024414062,514.780029296875,-8736.8603515625,1,-0.3308187531430787,-0.03409876003983258,0.7056292668284856,-0.8200588003125147,-0.31386768194872755,-0.4272086651142595,0.21560008977137263
1759043851.9491074,265.7799987792969,268.95001220703125,991.489990234375,94.22000122070312,32.959999084472656,47.290000915527344,558.02001953125,691.4400024414062,514.780029296875,-8736.8603515625,0,-0.3146725028284389,-0.022879967429603514,0.7005897296652247,0.8778753617101055,0.3581623324504648,-0.3105965828967764,0.0677078696226661
1759043851.9835997,265.7799987792969,268.95001220703125,991.489990234375,94.22000122070312,32.959999084472656,47.290000915527344,558.02001953125,691.4400024414062,514.780029296875,-8736.8603515625,1,-0.3248432395398161,-0.03345294006517111,0.6957453818937586,0.9354712172311419,0.23025954241871305,-0.04949998594889755,0.2634841480018668
1759043851.9835997,265.7799987792969,268.95001220703125,991.489990234375,94.22000122070312,32.959999084472656,47.290000915527344,558.02001953125,691.4400024414062,514.780029296875,-8736.8603515625,0,-0.3240881074595993,-0.0235419124366055,0.7224600694328278,0.6680855286848892,0.3710777793020799,0.6431087099548245,0.048725714466906274
1759043852.0253997,265.7799987792969,268.95001220703125,991.489990234375,94.22000122070312,32.959999084472656,47.290000915527344,558.02001953125,691.4400024414062,514.780029296875,-8736.8603515625,1,-0.3292866085030709,-0.03411772879724371,0.7060207466801043,-0.8210614801599606,-0.31353232857192936,-0.42577733251253885,0.21510273790983075
1759043852.0253997,265.7799987792969,268.95001220703125,991.489990234375,94.22000122070312,32.959999084472656,47.290000915527344,558.02001953125,691.4400024414062,514.780029296875,-8736.8603515625,0,-0.3135084635531691,-0.022877860809645465,0.7005251679148624,0.8776843331579687,0.3582348656769965,-0.31106744958894555,0.06763899872606775
1759043852.0513258,265.7799987792969,268.95001220703125,991.489990234375,94.22000122070312,32.959999084472656,47.290000915527344,558.02001953125,691.4400024414062,514.780029296875,-8736.8603515625,0,-0.32287927870990135,-0.023539033045659876,0.7223745551368734,0.6685701745879994,0.3712074204218327,0.6425626519705372,0.04829297016886709
1759043852.082954,265.7799987792969,268.95001220703125,991.489990234375,94.22000122070312,32.959999084472656,47.290000915527344,558.02001953125,691.4400024414062,514.780029296875,-8736.8603515625,1,-0.3382815803367604,-0.03520705087755569,0.728462060323143,-0.8264565798799616,-0.3083385550997234,-0.4289476462357101,0.19468121070348757
1759043852.082954,265.7799987792969,268.95001220703125,991.489990234375,94.22000122070312,32.959999084472656,47.290000915527344,558.02001953125,691.4400024414062,514.780029296875,-8736.8603515625,0,-0.3123445985186342,-0.022875751119309257,0.7004605156656815,0.8774926338136192,0.35830750287496377,-0.311539302305633,0.06756977212678204
1759043852.1201854,265.7799987792969,268.95001220703125,991.489990234375,94.22000122070312,32.959999084472656,47.290000915527344,558.02001953125,691.4400024414062,514.780029296875,-8736.8603515625,1,-0.3266807134525419,-0.03408423662831501,0.7053337674221938,-0.8215038195324615,-0.31341561460134,-0.424428698870637,0.21624617127852105
1759043852.2166605,265.7799987792969,268.95001220703125,991.489990234375,94.22000122070312,32.959999084472656,47.290000915527344,558.02001953125,691.4400024414062,514.780029296875,-8736.8603515625,0,-0.3265034963971022,-0.023402825057653644,0.7348919753291839,0.8773741739610413,0.3732371959773137,-0.2929934991578747,0.07115731765881379
1759043852.3166792,265.7799987792969,268.95001220703125,991.489990234375,94.22000122070312,32.959999084472656,47.290000915527344,558.02001953125,691.4400024414062,514.780029296875,-8736.8603515625,0,-0.32168726907535483,-0.022952875020120177,0.7223268801403054,0.6673883362381017,0.3706174300728728,0.6439516137988955,0.05061470404256058
1759043852.350281,265.7799987792969,268.95001220703125,991.489990234375,94.22000122070312,32.959999084472656,47.290000915527344,558.02001953125,691.4400024414062,514.780029296875,-8736.8603515625,1,-0.33194582269165085,-0.03378119640392297,0.714670024465932,0.9404387163076837,0.20552975902617954,-0.05515117387773332,0.2651242860322388
1759043852.350281,265.7799987792969,268.95001220703125,991.489990234375,94.22000122070312,32.959999084472656,47.290000915527344,558.02001953125,691.4400024414062,514.780029296875,-8736.8603515625,0,-0.32772665801585066,-0.023405134641222267,0.7349647103783523,0.8775539537213675,0.37316617911808353,-0.2925293781204402,0.0712223560890466
1759043852.4286258,265.7799987792969,268.95001220703125,991.489990234375,94.22000122070312,32.959999084472656,47.290000915527344,558.02001953125,691.4400024414062,514.780029296875,-8736.8603515625,0,-0.324317066836822,-0.02274291079663751,0.7249324186676552,0.6757167016054593,0.3508612252634609,0.6467948100952748,0.04426977989418102
1759043852.4840817,265.7799987792969,268.95001220703125,991.489990234375,94.22000122070312,32.959999084472656,47.290000915527344,558.02001953125,691.4400024414062,514.780029296875,-8736.8603515625,0,-0.31978358305810806,-0.022364395859719343,0.7128633950778249,0.6628785788159898,0.3600994737548431,0.6555364940295241,0.034529172359883155
1759043852.6168854,265.7799987792969,268.95001220703125,991.489990234375,94.22000122070312,32.959999084472656,47.290000915527344,558.02001953125,691.4400024414062,514.780029296875,-8736.8603515625,0,-0.3146725028284389,-0.022879967429603514,0.7005897296652247,0.8778753617101055,0.3581623324504648,-0.3105965828967764,0.0677078696226661
1759043852.683685,265.7799987792969,268.95001220703125,991.489990234375,94.22000122070312,32.959999084472656,47.290000915527344,558.02001953125,691.4400024414062,514.780029296875,-8736.8603515625,1,-0.3241014041975312,-0.033912342411857796,0.6935584445359149,0.9356297701570999,0.20153008023501423,-0.05105082152226425,0.28526544406594867
1759043852.683685,265.7799987792969,268.95001220703125,991.489990234375,94.22000122070312,32.959999084472656,47.290000915527344,558.02001953125,691.4400024414062,514.780029296875,-8736.8603515625,0,-0.32402692730888266,-0.02412283048048615,0.7223242573831539,0.6662898348436741,0.3700019925023255,0.6454333057504315,0.05071715051507744
1759043852.7505379,265.7799987792969,268.95001220703125,991.489990234375,94.22000122070312,32.959999084472656,47.290000915527344,558.02001953125,691.4400024414062,514.780029296875,-8736.8603515625,1,-0.3292030806617149,-0.03525227674152444,0.7058417559564635,-0.8206673015848347,-0.3133075984623653,-0.4263213722896851,0.2158555451783694
1759043852.7505379,265.7799987792969,268.95001220703125,991.489990234375,94.22000122070312,32.959999084472656,47.290000915527344,558.02001953125,691.4400024414062,514.780029296875,-8736.8603515625,0,-0.3114899226032861,-0.023794208894630554,0.6956494243761292,0.6810903035856994,0.35013388516927324,0.6414339668350126,0.04565881084861859
1759043852.7840884,265.7799987792969,268.95001220703125,991.489990234375,94.22000122070312,32.959999084472656,47.290000915527344,558.02001953125,691.4400024414062,514.780029296875,-8736.8603515625,0,-0.32416957206842356,-0.025079645198679675,0.724602480771548,0.6754645406531807,0.35016605946444773,0.6475382752472705,0.04272665689144072
1759043852.8168793,265.7799987792969,268.95001220703125,991.489990234375,94.22000122070312,32.959999084472656,47.290000915527344,558.02001953125,691.4400024414062,514.780029296875,-8736.8603515625,0,-0.31843511876418334,-0.02465838119552692,0.7124304177293392,0.6630976683158396,0.3594939309290908,0.6557451491824322,0.032617406747877054
1759043852.9171245,265.7799987792969,268.95001220703125,991.489990234375,94.22000122070312,32.959999084472656,47.290000915527344,558.02001953125,691.4400024414062,514.780029296875,-8736.8603515625,0,-0.32758297097506334,-0.025774638799765017,0.7346422068533193,0.8774492776502083,0.3737799831990149,-0.2922667158187802,0.07036658393993822
1759043853.0512369,265.7799987792969,268.95001220703125,991.489990234375,94.22000122070312,32.959999084472656,47.290000915527344,558.02001953125,691.4400024414062,514.780029296875,-8736.8603515625,1,-0.323576380212156,-0.03343860949756519,0.6954453728548353,0.9353619576116841,0.2303701358312499,-0.04998647434674346,0.26368344876444555
1759043853.0831954,265.7799987792969,268.95001220703125,991.489990234375,94.22000122070312,32.959999084472656,47.290000915527344,558.02001953125,691.4400024414062,514.780029296875,-8736.8603515625,1,-0.32857182038130595,-0.033640707074786835,0.7055846126186659,0.9325457002045643,0.21168316769165912,-0.02526683836444443,0.2913937892698967
1759043853.0831954,265.7799987792969,268.95001220703125,991.489990234375,94.22000122070312,32.959999084472656,47.290000915527344,558.02001953125,691.4400024414062,514.780029296875,-8736.8603515625,0,-0.3158775830110863,-0.022496779731727565,0.7080004929563559,0.6805260108442012,0.3453652592443535,0.6460512115095339,0.015000612608237188
1759043853.1500008,265.7799987792969,268.95001220703125,991.489990234375,94.22000122070312,32.959999084472656,47.290000915527344,558.02001953125,691.4400024414062,514.780029296875,-8736.8603515625,0,-0.33428603095778864,-0.02285596089893187,0.7478860350878167,0.6707876256156138,0.3771771651639916,0.6376133533447093,0.035079324912793926
1759043853.1843126,265.7799987792969,268.95001220703125,991.489990234375,94.22000122070312,32.959999084472656,47.290000915527344,558.02001953125,691.4400024414062,514.780029296875,-8736.8603515625,1,-0.31839512910319834,-0.03147061292382027,0.6831481446814492,0.9263296867408347,0.2066342642526539,-0.025410681342021336,0.31395842013414094
1759043853.1843126,265.7799987792969,268.95001220703125,991.489990234375,94.22000122070312,32.959999084472656,47.290000915527344,558.02001953125,691.4400024414062,514.780029296875,-8736.8603515625,0,-0.32297237482974156,-0.02179085187696118,0.7225836668765115,0.6670283749882645,0.37084045645182234,0.6441017563216372,0.05180183705720757
1759043853.2182102,265.7799987792969,268.95001220703125,991.489990234375,94.22000122070312,32.959999084472656,47.290000915527344,558.02001953125,691.4400024414062,514.780029296875,-8736.8603515625,1,-0.3299687640609007,-0.032290117027118474,0.7073216085578758,0.9364951531715772,0.21299266981496778,-0.07962164280792532,0.26696693557031304
1759043853.3172631,265.7799987792969,268.95001220703125,991.489990234375,94.22000122070312,32.959999084472656,47.290000915527344,558.02001953125,691.4400024414062,514.780029296875,-8736.8603515625,0,-0.32902339007340065,-0.022221873671418,0.7352014579730053,0.8777854030289858,0.37278866996441834,-0.2921958478519136,0.07171457504233367
1759043853.34997,265.7799987792969,268.95001220703125,991.489990234375,94.22000122070312,32.959999084472656,47.290000915527344,558.02001953125,691.4400024414062,514.780029296875,-8736.8603515625,1,-0.31839512910319834,-0.03147061292382027,0.6831481446814492,0.9263296867408347,0.2066342642526539,-0.025410681342021336,0.31395842013414094
1759043853.34997,265.7799987792969,268.95001220703125,991.489990234375,94.22000122070312,32.959999084472656,47.290000915527344,558.02001953125,691.4400024414062,514.780029296875,-8736.8603515625,0,-0.32297237482974156,-0.02179085187696118,0.7225836668765115,0.6670283749882645,0.37084045645182234,0.6441017563216372,0.05180183705720757
1759043853.3810701,265.7799987792969,268.95001220703125,991.489990234375,94.22000122070312,32.959999084472656,47.290000915527344,558.02001953125,691.4400024414062,514.780029296875,-8736.8603515625,1,-0.32829490245223997,-0.03293179341040961,0.7051192685945229,-0.8208945140523829,-0.31397633052895624,-0.42532092896238155,0.21599344446730442
1759043853.413283,265.7799987792969,268.95001220703125,991.489990234375,94.22000122070312,32.959999084472656,47.290000915527344,558.02001953125,691.4400024414062,514.780029296875,-8736.8603515625,1,-0.319643632458251,-0.032480434030792274,0.6869891726771731,0.9315595595088247,0.20921747621949313,-0.0758345264953618,0.2875307971736153
1759043853.4519548,265.7799987792969,268.95001220703125,991.489990234375,94.22000122070312,32.959999084472656,47.290000915527344,558.02001953125,691.4400024414062,514.780029296875,-8736.8603515625,1,-0.32857182038130595,-0.033640707074786835,0.7055846126186659,0.9325457002045643,0.21168316769165912,-0.02526683836444443,0.2913937892698967
1759043853.4519548,265.7799987792969,268.95001220703125,991.489990234375,94.22000122070312,32.959999084472656,47.290000915527344,558.02001953125,691.4400024414062,514.780029296875,-8736.8603515625,0,-0.3060637666566971,-0.022076259662928005,0.6860126385729775,0.6779526522458734,0.34079313860193156,0.6506587474167053,0.029722590814979206
1759043853.4850397,265.7799987792969,268.95001220703125,991.489990234375,94.22000122070312,32.959999084472656,47.290000915527344,558.02001953125,691.4400024414062,514.780029296875,-8736.8603515625,1,-0.323576380212156,-0.03343860949756519,0.6954453728548353,0.9353619576116841,0.2303701358312499,-0.04998647434674346,0.26368344876444555
1759043853.4850397,265.7799987792969,268.95001220703125,991.489990234375,94.22000122070312,32.959999084472656,47.290000915527344,558.02001953125,691.4400024414062,514.780029296875,-8736.8603515625,0,-0.3123445985186342,-0.022875751119309257,0.7004605156656815,0.8774926338136192,0.35830750287496377,-0.311539302305633,0.06756977212678204
1759043853.5173135,265.7799987792969,268.95001220703125,991.489990234375,94.22000122070312,32.959999084472656,47.290000915527344,558.02001953125,691.4400024414062,514.780029296875,-8736.8603515625,1,-0.3382815803367604,-0.03520705087755569,0.728462060323143,-0.8264565798799616,-0.3083385550997234,-0.4289476462357101,0.19468121070348757
1759043853.5173135,265.7799987792969,268.95001220703125,991.489990234375,94.22000122070312,32.959999084472656,47.290000915527344,558.02001953125,691.4400024414062,514.780029296875,-8736.8603515625,0,-0.32303421951247857,-0.023908883797789836,0.7246894792301843,0.6760837994918996,0.35063758868041955,0.6466122145745065,0.04308853016790372
1759043853.5510206,265.7799987792969,268.95001220703125,991.489990234375,94.22000122070312,32.959999084472656,47.20000076293945,558.02001953125,691.4400024414062,514.780029296875,-8736.8603515625,1,-0.3318493233243295,-0.03492859082513848,0.7144620175029581,0.940560330151581,0.20565644713913062,-0.055336607435522385,0.2645553835641714
1759043853.5510206,265.7799987792969,268.95001220703125,991.489990234375,94.22000122070312,32.959999084472656,47.20000076293945,558.02001953125,691.4400024414062,514.780029296875,-8736.8603515625,0,-0.3276545201936326,-0.0245901258153091,0.7348027983246792,0.877501728865462,0.37347306222833154,-0.29239832086688644,0.07079413522420902
1759043853.585604,265.7799987792969,268.95001220703125,991.489990234375,94.22000122070312,32.959999084472656,47.20000076293945,558.02001953125,691.4400024414062,514.780029296875,-8736.8603515625,1,-0.32348393577011,-0.03455514298429098,0.6952464272534141,0.9354846863837328,0.23049213373065036,-0.05017474213157839,0.2631050609202542
1759043853.585604,265.7799987792969,268.95001220703125,991.489990234375,94.22000122070312,32.959999084472656,47.20000076293945,558.02001953125,691.4400024414062,514.780029296875,-8736.8603515625,0,-0.3160927123595982,-0.023969736754720108,0.7091270719870338,0.6759309309725995,0.355187255948508,0.6414099259766873,0.0745164184919321
1759043853.7174382,265.7799987792969,268.95001220703125,991.489990234375,94.22000122070312,32.959999084472656,47.20000076293945,558.02001953125,691.4400024414062,514.780029296875,-8736.8603515625,1,-0.32848854012042505,-0.03477472222244151,0.7054055088759241,0.9327073162934821,0.21179714254888665,-0.025474775840331695,0.2907749444787527
1759043853.750513,265.7799987792969,268.95001220703125,991.489990234375,94.22000122070312,32.959999084472656,47.290000915527344,558.02001953125,691.4400024414062,514.780029296875,-8736.8603515625,0,-0.3228190359407235,-0.024119936337307055,0.7222403506189139,0.666776195209004,0.37013281846257173,0.644889426690743,0.05028746903595257
1759043853.7837136,265.7799987792969,268.95001220703125,991.489990234375,94.22000122070312,32.959999084472656,47.290000915527344,558.02001953125,691.4400024414062,514.780029296875,-8736.8603515625,1,-0.3331459970629936,-0.034943091317399574,0.7147603945297953,0.9406703719943825,0.2055370143880882,-0.05485975216830891,0.26435618880671713
1759043853.7837136,265.7799987792969,268.95001220703125,991.489990234375,94.22000122070312,32.959999084472656,47.290000915527344,558.02001953125,691.4400024414062,514.780029296875,-8736.8603515625,0,-0.328877574580274,-0.02459254759424157,0.7348753650952287,0.8776809642097001,0.37340175433106443,-0.2919353679413608,0.07085898581942099
1759043853.8503098,265.7799987792969,268.95001220703125,991.489990234375,94.22000122070312,32.959999084472656,47.290000915527344,558.02001953125,691.4400024414062,514.780029296875,-8736.8603515625,0,-0.3242430295413499,-0.023911523820371747,0.7247668021275937,0.6755907443921157,0.35051362876322917,0.6471670781069405,0.04349845005819547
1759043853.884718,265.7799987792969,268.95001220703125,991.489990234375,94.22000122070312,32.959999084472656,47.290000915527344,558.02001953125,691.4400024414062,514.780029296875,-8736.8603515625,0,-0.3135084635531691,-0.022877860809645465,0.7005251679148624,0.8776843331579687,0.3582348656769965,-0.31106744958894555,0.06763899872606775
1759043854.022397,265.7799987792969,268.95001220703125,991.489990234375,94.22000122070312,32.959999084472656,47.290000915527344,558.02001953125,691.4400024414062,514.780029296875,-8736.8603515625,0,-0.32895018683906296,-0.02340745369661915,0.7350377509843449,0.877733315856583,0.3730951635288146,-0.2920658599025435,0.07128645499814718
1759043854.0533438,265.7799987792969,268.95001220703125,991.489990234375,94.22000122070312,32.959999084472656,47.290000915527344,558.02001953125,691.4400024414062,514.780029296875,-8736.8603515625,1,-0.32857182038130595,-0.033640707074786835,0.7055846126186659,0.9325457002045643,0.21168316769165912,-0.02526683836444443,0.2913937892698967
1759043854.3190145,265.7799987792969,268.95001220703125,991.489990234375,94.22000122070312,32.959999084472656,47.290000915527344,558.02001953125,691.4400024414062,514.780029296875,-8736.8603515625,0,-0.32168726907535483,-0.022952875020120177,0.7223268801403054,0.6673883362381017,0.3706174300728728,0.6439516137988955,0.05061470404256058
1759043854.3848603,265.7799987792969,268.95001220703125,991.489990234375,94.22000122070312,32.959999084472656,47.290000915527344,558.02001953125,691.4400024414062,514.780029296875,-8736.8603515625,1,-0.31705222367567093,-0.03255296233138042,0.6826396120400784,0.9264058882062398,0.2068950742378532,-0.026136458149562943,0.31350190447319026
1759043854.3848603,265.7799987792969,268.95001220703125,991.489990234375,94.22000122070312,32.959999084472656,47.290000915527344,558.02001953125,691.4400024414062,514.780029296875,-8736.8603515625,0,-0.32772665801585066,-0.023405134641222267,0.7349647103783523,0.8775539537213675,0.37316617911808353,-0.2925293781204402,0.0712223560890466
1759043854.7279065,265.7799987792969,268.95001220703125,991.489990234375,94.22000122070312,32.959999084472656,47.290000915527344,558.02001953125,691.4400024414062,514.780029296875,-8736.8603515625,1,-0.3331459970629936,-0.034943091317399574,0.7147603945297953,0.9406703719943825,0.2055370143880882,-0.05485975216830891,0.26435618880671713
1759043854.7279065,265.7799987792969,268.95001220703125,991.489990234375,94.22000122070312,32.959999084472656,47.290000915527344,558.02001953125,691.4400024414062,514.780029296875,-8736.8603515625,0,-0.3242430295413499,-0.023911523820371747,0.7247668021275937,0.6755907443921157,0.35051362876322917,0.6471670781069405,0.04349845005819547
1759043854.749558,265.7799987792969,268.95001220703125,991.489990234375,94.22000122070312,32.959999084472656,47.290000915527344,558.02001953125,691.4400024414062,514.780029296875,-8736.8603515625,1,-0.3228327870730064,-0.03389721746382155,0.6932472977315501,0.9355158888410167,0.20166299793895953,-0.051546662267036455,0.28545577345256473
1759043855.13563,265.7799987792969,268.95001220703125,991.489990234375,94.22000122070312,32.959999084472656,47.290000915527344,558.02001953125,691.4400024414062,514.780029296875,-8736.8603515625,1,-0.33194582269165085,-0.03378119640392297,0.714670024465932,0.9404387163076837,0.20552975902617954,-0.05515117387773332,0.2651242860322388
1759043855.1873126,265.7799987792969,268.95001220703125,991.489990234375,94.22000122070312,32.959999084472656,47.290000915527344,558.02001953125,691.4400024414062,514.780029296875,-8736.8603515625,1,-0.3383730929153105,-0.034036423984992646,0.7286590241707652,-0.8268466604162699,-0.3085583322694696,-0.42839292623406694,0.19389650976270525
1759043855.3180327,265.7799987792969,268.95001220703125,991.489990234375,94.22000122070312,32.959999084472656,47.290000915527344,558.02001953125,691.4400024414062,514.780029296875,-8736.8603515625,1,-0.32806579139975683,-0.032966356975913644,0.7058550619450313,-0.8216757945568031,-0.3136987543768332,-0.4245583906873053,0.21492359814332931
1759043855.6920855,265.7799987792969,268.95001220703125,991.489990234375,94.22000122070312,32.959999084472656,47.290000915527344,558.02001953125,691.4400024414062,514.780029296875,-8736.8603515625,0,-0.3276545201936326,-0.0245901258153091,0.7348027983246792,0.877501728865462,0.37347306222833154,-0.29239832086688644,0.07079413522420902
1759043855.9191298,265.7799987792969,268.95001220703125,991.489990234375,94.22000122070312,32.959999084472656,47.290000915527344,558.02001953125,691.4400024414062,514.780029296875,-8736.8603515625,1,-0.323576380212156,-0.03343860949756519,0.6954453728548353,0.9353619576116841,0.2303701358312499,-0.04998647434674346,0.26368344876444555
1759043855.9191298,265.7799987792969,268.95001220703125,991.489990234375,94.22000122070312,32.959999084472656,47.290000915527344,558.02001953125,691.4400024414062,514.780029296875,-8736.8603515625,0,-0.3123445985186342,-0.022875751119309257,0.7004605156656815,0.8774926338136192,0.35830750287496377,-0.311539302305633,0.06756977212678204
1759043855.9523144,265.7799987792969,268.95001220703125,991.489990234375,94.22000122070312,32.959999084472656,47.290000915527344,558.02001953125,691.4400024414062,514.780029296875,-8736.8603515625,1,-0.3323371308896298,-0.03376153840577611,0.7142663286574302,0.941114211666629,0.20631646320277064,-0.054189984301942336,0.2622994533199688
1759043855.9523144,265.7799987792969,268.95001220703125,991.489990234375,94.22000122070312,32.959999084472656,47.290000915527344,558.02001953125,691.4400024414062,514.780029296875,-8736.8603515625,0,-0.32772665801585066,-0.023405134641222267,0.7349647103783523,0.8775539537213675,0.37316617911808353,-0.2925293781204402,0.0712223560890466
1759043856.085714,265.7799987792969,268.95001220703125,991.489990234375,94.22000122070312,32.959999084472656,47.290000915527344,558.02001953125,691.4400024414062,514.780029296875,-8736.8603515625,0,-0.3231077685949451,-0.02274038061964909,0.7248546027019275,0.6762096069381414,0.35098546963236543,0.646239967166463,0.043859690242875886
1759043856.1255481,265.7799987792969,268.95001220703125,991.489990234375,94.22000122070312,32.959999084472656,47.290000915527344,558.02001953125,691.4400024414062,514.780029296875,-8736.8603515625,0,-0.3173947057539978,-0.02235865799349869,0.7126865334112267,0.6638545367402554,0.36033591178954827,0.6544615240639425,0.033694187096257544
1759043856.1527948,265.7799987792969,268.95001220703125,991.489990234375,94.22000122070312,32.959999084472656,47.290000915527344,558.02001953125,691.4400024414062,514.780029296875,-8736.8603515625,1,-0.32413222351913157,-0.03265786892470551,0.6992261399873878,-0.8079034370213082,-0.32015332431590976,-0.4466881070502612,0.2127524862333779
1759043856.520621,265.7799987792969,268.95001220703125,991.489990234375,94.22000122070312,32.959999084472656,47.290000915527344,558.02001953125,691.4400024414062,514.780029296875,-8736.8603515625,0,-0.3123445985186342,-0.022875751119309257,0.7004605156656815,0.8774926338136192,0.35830750287496377,-0.311539302305633,0.06756977212678204
1759043856.7873206,265.7799987792969,268.95001220703125,991.489990234375,94.22000122070312,32.959999084472656,47.290000915527344,558.02001953125,691.4400024414062,514.780029296875,-8736.8603515625,0,-0.32303421951247857,-0.023908883797789836,0.7246894792301843,0.6760837994918996,0.35063758868041955,0.6466122145745065,0.04308853016790372
1759043856.9203465,265.7799987792969,268.95001220703125,991.489990234375,94.22000122070312,32.959999084472656,47.290000915527344,558.02001953125,691.4400024414062,514.780029296875,-8736.8603515625,0,-0.31469052729626235,-0.022493832271473196,0.7079107769806183,0.6810132546970945,0.3454696811112731,0.6454911496307282,0.014588423771834459
1759043857.0886085,265.7799987792969,268.95001220703125,991.489990234375,94.22000122070312,32.959999084472656,47.290000915527344,558.02001953125,691.4400024414062,514.780029296875,-8736.8603515625,0,-0.31973118400011785,-0.022562082693153334,0.7192505163831125,0.6862623710212983,0.356554986125421,0.6332525625282431,0.03006147103420854
1759043857.3576915,265.7799987792969,268.95001220703125,991.489990234375,94.22000122070312,32.959999084472656,47.290000915527344,558.02001953125,691.4400024414062,514.780029296875,-8736.8603515625,1,-0.33194582269165085,-0.03378119640392297,0.714670024465932,0.9404387163076837,0.20552975902617954,-0.05515117387773332,0.2651242860322388
1759043857.391517,265.7799987792969,268.95001220703125,991.489990234375,94.22000122070312,32.959999084472656,47.290000915527344,558.02001953125,691.4400024414062,514.780029296875,-8736.8603515625,1,-0.3216541856447581,-0.03276881652256181,0.6931282069830463,0.9352575341311197,0.2016676934659628,-0.051865422280068754,0.28624022120381015
1759043857.5663786,265.7799987792969,268.95001220703125,991.489990234375,94.22000122070312,32.959999084472656,47.290000915527344,558.02001953125,691.4400024414062,514.780029296875,-8736.8603515625,1,-0.32691075573755496,-0.03404849892857711,0.704598322892278,-0.8207215947138291,-0.31369185358636337,-0.4251925995814709,0.21731253582131863
1759043857.6561258,265.7799987792969,268.95001220703125,991.489990234375,94.22000122070312,32.959999084472656,47.290000915527344,558.02001953125,691.4400024414062,514.780029296875,-8736.8603515625,1,-0.3318493233243295,-0.03492859082513848,0.7144620175029581,0.940560330151581,0.20565644713913062,-0.055336607435522385,0.2645553835641714
1759043857.9628952,265.7799987792969,268.95001220703125,991.489990234375,94.22000122070312,32.959999084472656,47.290000915527344,558.02001953125,691.4400024414062,514.780029296875,-8736.8603515625,1,-0.3216541856447581,-0.03276881652256181,0.6931282069830463,0.9352575341311197,0.2016676934659628,-0.051865422280068754,0.28624022120381015
1759043858.2029607,265.7799987792969,268.95001220703125,991.489990234375,94.22000122070312,32.959999084472656,47.290000915527344,558.02001953125,691.4400024414062,514.780029296875,-8736.8603515625,1,-0.32676285292524504,-0.03295014109845468,0.705511012233256,-0.8218962798818255,-0.3136398352136759,-0.4238848402430738,0.21549524610918527
1759043858.4583244,265.7799987792969,268.95001220703125,991.489990234375,94.22000122070312,32.959999084472656,47.290000915527344,558.02001953125,691.4400024414062,514.780029296875,-8736.8603515625,0,-0.30491852100156885,-0.022073725267311495,0.6859368356949378,0.678447168405923,0.34090636329078544,0.6501019324561288,0.02932181042574224
1759043858.4880404,265.7799987792969,268.95001220703125,991.489990234375,94.22000122070312,32.959999084472656,47.290000915527344,558.02001953125,691.4400024414062,514.780029296875,-8736.8603515625,0,-0.31469052729626235,-0.022493832271473196,0.7079107769806183,0.6810132546970945,0.3454696811112731,0.6454911496307282,0.014588423771834459
1759043858.5667422,265.7799987792969,268.95001220703125,991.489990234375,94.22000122070312,32.959999084472656,47.20000076293945,558.02001953125,691.4400024414062,514.780029296875,-8736.8603515625,0,-0.3194749496674279,-0.023104980522804783,0.718010243781174,-0.6708165197358213,-0.35953684177206313,-0.6485201746295898,0.012650666247162948
1759043858.6307707,265.7799987792969,268.95001220703125,991.489990234375,94.22000122070312,32.959999084472656,47.20000076293945,558.02001953125,691.4400024414062,514.780029296875,-8736.8603515625,0,-0.32772665801585066,-0.023405134641222267,0.7349647103783523,0.8775539537213675,0.37316617911808353,-0.2925293781204402,0.0712223560890466
1759043858.6883583,265.7799987792969,268.95001220703125,991.489990234375,94.22000122070312,32.959999084472656,47.20000076293945,558.02001953125,691.4400024414062,514.780029296875,-8736.8603515625,0,-0.32168726907535483,-0.022952875020120177,0.7223268801403054,0.6673883362381017,0.3706174300728728,0.6439516137988955,0.05061470404256058
1759043858.8538394,265.7799987792969,268.95001220703125,991.489990234375,94.22000122070312,32.959999084472656,47.290000915527344,558.02001953125,691.4400024414062,514.780029296875,-8736.8603515625,0,-0.31469052729626235,-0.022493832271473196,0.7079107769806183,0.6810132546970945,0.3454696811112731,0.6454911496307282,0.014588423771834459
1759043859.0229766,265.7799987792969,268.95001220703125,991.489990234375,94.22000122070312,32.959999084472656,47.290000915527344,558.02001953125,691.4400024414062,514.780029296875,-8736.8603515625,0,-0.31973118400011785,-0.022562082693153334,0.7192505163831125,0.6862623710212983,0.356554986125421,0.6332525625282431,0.03006147103420854
1759043859.0510573,265.7799987792969,268.95001220703125,991.489990234375,94.22000122070312,32.959999084472656,47.290000915527344,558.02001953125,691.4400024414062,514.780029296875,-8736.8603515625,1,-0.3216541856447581,-0.03276881652256181,0.6931282069830463,0.9352575341311197,0.2016676934659628,-0.051865422280068754,0.28624022120381015
1759043859.1944141,265.7799987792969,268.95001220703125,991.489990234375,94.22000122070312,32.959999084472656,47.290000915527344,558.02001953125,691.4400024414062,514.780029296875,-8736.8603515625,1,-0.32676285292524504,-0.03295014109845468,0.705511012233256,-0.8218962798818255,-0.3136398352136759,-0.4238848402430738,0.21549524610918527
1759043859.2892218,265.7799987792969,268.95001220703125,991.489990234375,94.22000122070312,32.959999084472656,47.290000915527344,558.02001953125,691.4400024414062,514.780029296875,-8736.8603515625,1,-0.3210368626680422,-0.03265565026067889,0.6931601321139935,-0.8135934344977208,-0.30088283867280236,-0.4486668752279899,0.21501924520272764
1759043859.4290826,265.7799987792969,268.95001220703125,991.489990234375,94.22000122070312,32.959999084472656,47.290000915527344,558.02001953125,691.4400024414062,514.780029296875,-8736.8603515625,0,-0.31469052729626235,-0.022493832271473196,0.7079107769806183,0.6810132546970945,0.3454696811112731,0.6454911496307282,0.014588423771834459
1759043859.5844882,265.7799987792969,268.95001220703125,991.489990234375,94.22000122070312,32.959999084472656,47.290000915527344,558.02001953125,691.4400024414062,514.780029296875,-8736.8603515625,1,-0.32726957043791605,-0.03362446585113619,0.7052418882300586,0.9324393386501141,0.21180720169602965,-0.025786852263517675,0.2915984007119638
1759043859.6521986,265.7799987792969,268.95001220703125,991.489990234375,94.22000122070312,32.959999084472656,47.290000915527344,558.02001953125,691.4400024414062,514.780029296875,-8747.23046875,1,-0.32726957043791605,-0.03362446585113619,0.7052418882300586,0.9324393386501141,0.21180720169602965,-0.025786852263517675,0.2915984007119638
1759043859.6894553,265.7799987792969,268.95001220703125,991.489990234375,94.22000122070312,32.959999084472656,47.290000915527344,558.02001953125,691.4400024414062,514.780029296875,-8747.23046875,0,-0.31469052729626235,-0.022493832271473196,0.7079107769806183,0.6810132546970945,0.3454696811112731,0.6454911496307282,0.014588423771834459
1759043859.722785,265.7799987792969,268.95001220703125,991.489990234375,94.22000122070312,32.959999084472656,47.290000915527344,558.02001953125,691.4400024414062,514.780029296875,-8780.7998046875,1,-0.32726957043791605,-0.03362446585113619,0.7052418882300586,0.9324393386501141,0.21180720169602965,-0.025786852263517675,0.2915984007119638
1759043859.722785,265.7799987792969,268.95001220703125,991.489990234375,94.22000122070312,32.959999084472656,47.290000915527344,558.02001953125,691.4400024414062,514.780029296875,-8780.7998046875,0,-0.31469052729626235,-0.022493832271473196,0.7079107769806183,0.6810132546970945,0.3454696811112731,0.6454911496307282,0.014588423771834459
1759043859.7589302,265.7799987792969,268.95001220703125,991.489990234375,94.22000122070312,32.959999084472656,47.290000915527344,558.02001953125,691.4400024414062,514.780029296875,-8780.7998046875,0,-0.30491852100156885,-0.022073725267311495,0.6859368356949378,0.678447168405923,0.34090636329078544,0.6501019324561288,0.02932181042574224
1759043859.7887406,265.7799987792969,268.95001220703125,991.489990234375,94.22000122070312,32.959999084472656,47.290000915527344,558.02001953125,691.4400024414062,514.780029296875,-8780.7998046875,1,-0.32231069850903565,-0.03342429990241258,0.6951458055301125,0.935252446937742,0.2304814791295428,-0.050474210205362274,0.2638816067469827
1759043859.7887406,265.7799987792969,268.95001220703125,991.489990234375,94.22000122070312,32.959999084472656,47.290000915527344,558.02001953125,691.4400024414062,514.780029296875,-8780.7998046875,0,-0.3194749496674279,-0.023104980522804783,0.718010243781174,-0.6708165197358213,-0.35953684177206313,-0.6485201746295898,0.012650666247162948
1759043859.9523199,265.7799987792969,268.95001220703125,991.489990234375,94.22000122070312,32.959999084472656,47.290000915527344,558.02001953125,691.4400024414062,514.780029296875,-8860.25,1,-0.3306495596948306,-0.0337671568416236,0.7143711724238668,0.9403281522231848,0.2056495873572498,-0.05563049483471489,0.2653233148458102
1759043859.9942987,265.7799987792969,268.95001220703125,991.489990234375,94.22000122070312,32.959999084472656,47.290000915527344,558.02001953125,691.4400024414062,514.780029296875,-8860.25,0,-0.3218988653174559,-0.022737860781325944,0.7247771196639283,0.6767026739549135,0.35110901820608925,0.6456841915940442,0.043449661933921815
1759043860.0231082,265.7799987792969,268.95001220703125,991.489990234375,94.22000122070312,32.959999084472656,47.290000915527344,558.02001953125,691.4400024414062,514.780029296875,-8897.7802734375,1,-0.32416834893591057,-0.03220429889833627,0.6991607121984773,0.9289851800317248,0.2195622629032326,-0.051869779591933056,0.2934083740374836
1759043860.0231082,265.7799987792969,268.95001220703125,991.489990234375,94.22000122070312,32.959999084472656,47.290000915527344,558.02001953125,691.4400024414062,514.780029296875,-8897.7802734375,0,-0.31124748353003834,-0.02174389098245409,0.7005457833133966,0.8773526176187803,0.3580510900801114,-0.31214950457261964,0.06793002314872798
1759043860.0597537,265.7799987792969,268.95001220703125,991.489990234375,94.22000122070312,32.959999084472656,47.290000915527344,558.02001953125,691.4400024414062,514.780029296875,-8897.7802734375,1,-0.3307454936928856,-0.03261954927633581,0.7145786865190387,0.9402054284990279,0.20552264736187,-0.055445414697842636,0.2658947153128699
1759043860.0597537,265.7799987792969,268.95001220703125,991.489990234375,94.22000122070312,32.959999084472656,47.290000915527344,558.02001953125,691.4400024414062,514.780029296875,-8897.7802734375,0,-0.326575747839555,-0.022217453043779298,0.7350547342616842,0.8774259990746242,0.3729300834927573,-0.29312466987570335,0.07158698823279809
1759043860.2328374,265.7799987792969,268.95001220703125,991.489990234375,94.22000122070312,32.959999084472656,47.290000915527344,558.02001953125,691.4400024414062,514.780029296875,-8973.98046875,1,-0.3308416031547611,-0.03147128695658039,0.7147865804107058,0.9400819029420368,0.20539591978252275,-0.05525945946980783,0.2664674915194634
1759043860.2328374,265.7799987792969,268.95001220703125,991.489990234375,94.22000122070312,32.959999084472656,47.290000915527344,558.02001953125,691.4400024414062,514.780029296875,-8973.98046875,0,-0.3220467196157882,-0.02039958265768572,0.7251102716155815,0.6769532768697206,0.3518052555657521,0.6449365908245454,0.04499018678863429
1759043860.5301526,265.7799987792969,268.95001220703125,991.489990234375,94.22000122070312,32.959999084472656,47.290000915527344,558.02001953125,691.4400024414062,514.780029296875,-9079.6298828125,1,-0.3276101031597036,-0.029992877454586127,0.7071783216687036,0.9360208428651596,0.21296356694123814,-0.08027982808072728,0.268452323664724
1759043860.5899754,265.7799987792969,268.95001220703125,991.489990234375,94.22000122070312,32.959999084472656,47.290000915527344,558.02001953125,691.4400024414062,514.780029296875,-9079.6298828125,0,-0.32219658271816254,-0.019866371437221298,0.7251993433848027,0.8790722245390478,0.3560051821186174,-0.3055150033333397,0.08457491996383874
1759043860.6910722,265.7799987792969,268.95001220703125,991.489990234375,94.22000122070312,32.959999084472656,47.290000915527344,558.02001953125,691.4400024414062,514.780029296875,-9079.6298828125,0,-0.31517705038348853,-0.019390177082237746,0.7096529447630215,0.6768264418230223,0.3566818893193525,0.6393105095649901,0.07724033816935724
1759043860.7901752,265.7799987792969,268.95001220703125,991.489990234375,94.22000122070312,32.959999084472656,47.290000915527344,558.02001953125,691.4400024414062,514.780029296875,-9079.6298828125,0,-0.3263707612683464,-0.020375259373480642,0.7348471180799703,0.6819860565630292,0.36284727818303364,0.6320252055802335,0.06148992502871046
1759043860.9575658,265.7799987792969,268.95001220703125,991.489990234375,94.22000122070312,32.959999084472656,47.290000915527344,558.02001953125,691.4400024414062,514.780029296875,-9079.6298828125,0,-0.31138204252367435,-0.01948302565558253,0.700848928787346,0.8774561638303803,0.35739313824203833,-0.3124233979609461,0.06879277360389441
1759043861.1573014,265.7799987792969,268.95001220703125,991.489990234375,94.22000122070312,32.959999084472656,47.290000915527344,558.02001953125,691.4400024414062,514.780029296875,-9079.6298828125,0,-0.3331980598997128,-0.02044092768140122,0.7481643153012294,0.6715530214462051,0.37801022238952586,0.6362538007901971,0.03613740631980227
1759043861.20917,265.7799987792969,268.95001220703125,991.489990234375,94.22000122070312,32.959999084472656,47.290000915527344,558.02001953125,691.4400024414062,514.780029296875,-9079.6298828125,0,-0.32810538437152803,-0.02042781975642515,0.7367282040721082,0.6662475231913391,0.366314539887746,0.64924102151488,0.020346785754769354
1759043861.2316275,265.7799987792969,268.95001220703125,991.489990234375,94.22000122070312,32.959999084472656,47.290000915527344,558.02001953125,691.4400024414062,514.780029296875,-9079.6298828125,0,-0.3331980598997128,-0.02044092768140122,0.7481643153012294,0.6715530214462051,0.37801022238952586,0.6362538007901971,0.03613740631980227
1759043861.2636235,265.7799987792969,268.95001220703125,991.489990234375,94.22000122070312,32.959999084472656,47.290000915527344,558.02001953125,691.4400024414062,514.780029296875,-9079.6298828125,0,-0.32190158735679675,-0.020041143744555297,0.7228077852028678,0.6694420914952268,0.37239659223792954,0.6408235653690784,0.050132048549169236
1759043861.4907837,265.7799987792969,268.95001220703125,991.489990234375,94.22000122070312,32.959999084472656,47.290000915527344,558.02001953125,691.4400024414062,514.780029296875,-9088.76953125,1,-0.3372479806919552,-0.031193537018775835,0.7286416995427938,0.9373160314354277,0.215896166115234,-0.027255378877894695,0.2721849499753908
1759043861.4907837,265.7799987792969,268.95001220703125,991.489990234375,94.22000122070312,32.959999084472656,47.290000915527344,558.02001953125,691.4400024414062,514.780029296875,-9088.76953125,0,-0.3220467196157882,-0.02039958265768572,0.7251102716155815,0.6769532768697206,0.3518052555657521,0.6449365908245454,0.04499018678863429
1759043861.5234778,265.7799987792969,268.95001220703125,991.489990234375,94.22000122070312,32.959999084472656,47.290000915527344,558.02001953125,691.4400024414062,514.780029296875,-9121.6396484375,1,-0.3372479806919552,-0.031193537018775835,0.7286416995427938,0.9373160314354277,0.215896166115234,-0.027255378877894695,0.2721849499753908
1759043861.5234778,265.7799987792969,268.95001220703125,991.489990234375,94.22000122070312,32.959999084472656,47.290000915527344,558.02001953125,691.4400024414062,514.780029296875,-9121.6396484375,0,-0.3220467196157882,-0.02039958265768572,0.7251102716155815,0.6769532768697206,0.3518052555657521,0.6449365908245454,0.04499018678863429
1759043861.5872726,265.7799987792969,268.95001220703125,991.489990234375,94.22000122070312,32.959999084472656,47.290000915527344,558.02001953125,691.4400024414062,514.780029296875,-9121.6396484375,1,-0.3243419985679369,-0.029955480011185507,0.6995357515989835,0.9286769536496798,0.21930286322489145,-0.05153096561951424,0.2946352482708672
1759043861.6253579,265.7799987792969,268.95001220703125,991.489990234375,94.22000122070312,32.959999084472656,47.290000915527344,558.02001953125,691.4400024414062,514.780029296875,-9162.25,1,-0.3411269194649679,-0.031130062992590902,0.7365220546934119,-0.8227863401183005,-0.2897146524276783,-0.45911535873011,0.16822944469255094
1759043861.6253579,265.7799987792969,268.95001220703125,991.489990234375,94.22000122070312,32.959999084472656,47.290000915527344,558.02001953125,691.4400024414062,514.780029296875,-9162.25,0,-0.31492402825935156,-0.019068461208108678,0.7084364421153252,0.6814594258632476,0.34652751641139945,0.6443963646319228,0.01688361694194894
1759043861.75806,265.7799987792969,268.95001220703125,991.489990234375,94.22000122070312,32.959999084472656,47.369998931884766,558.02001953125,691.4400024414062,514.780029296875,-9201.009765625,1,-0.3276001223898506,-0.029084698405498766,0.7059552726251906,0.9317816995880049,0.21135090445351004,-0.02495459936619964,0.2940933992289603
1759043861.75806,265.7799987792969,268.95001220703125,991.489990234375,94.22000122070312,32.959999084472656,47.369998931884766,558.02001953125,691.4400024414062,514.780029296875,-9201.009765625,0,-0.333283529647933,-0.019234141325711725,0.7483563488561052,0.6716971174801041,0.3783662337331576,0.6358468483822223,0.036888493353622834
1759043861.9721804,265.7799987792969,268.95001220703125,991.489990234375,94.22000122070312,32.959999084472656,47.369998931884766,558.02001953125,691.4400024414062,514.780029296875,-9277.73046875,1,-0.3276827928066381,-0.027948316199532912,0.706133690074664,0.9316147112399964,0.2112370822434678,-0.02474499726590997,0.294721241170016
1759043862.0053062,265.7799987792969,268.95001220703125,991.489990234375,94.22000122070312,32.959999084472656,47.369998931884766,558.02001953125,691.4400024414062,514.780029296875,-9277.73046875,1,-0.32148175029387444,-0.027079857538058916,0.694120373285161,-0.8155332796894955,-0.302061156951138,-0.44617106162537545,0.2111774394870832
1759043862.0053062,265.7799987792969,268.95001220703125,991.489990234375,94.22000122070312,32.959999084472656,47.369998931884766,558.02001953125,691.4400024414062,514.780029296875,-9277.73046875,0,-0.3335888861910384,-0.018440716942088813,0.750850581596034,0.8802363668053823,0.3538182279237715,-0.2994306260566883,0.10167546568097142
1759043862.0607932,265.7799987792969,268.95001220703125,991.489990234375,94.22000122070312,32.959999084472656,47.369998931884766,558.02001953125,691.4400024414062,514.780029296875,-9316.669921875,1,-0.33749263386057904,-0.028160560267098133,0.7293069620582882,-0.8290226567475378,-0.3096129063992272,-0.4248991548949281,0.19058329139736632
1759043862.1095068,265.7799987792969,268.95001220703125,991.489990234375,94.22000122070312,32.959999084472656,47.369998931884766,558.02001953125,691.4400024414062,514.780029296875,-9316.669921875,1,-0.3284042863093501,-0.027199699362836567,0.7089317389591813,0.924729850763167,0.2006304097499771,-0.029372804017941158,0.32211702869486875
1759043862.1095068,265.7799987792969,268.95001220703125,991.489990234375,94.22000122070312,32.959999084472656,47.369998931884766,558.02001953125,691.4400024414062,514.780029296875,-9316.669921875,0,-0.32227281822222426,-0.016888345471348327,0.7256197133014028,0.6773274035580712,0.3528495116037383,0.6438072504024758,0.04729730308896313
1759043862.2282488,265.7799987792969,268.95001220703125,991.489990234375,94.22000122070312,32.959999084472656,47.369998931884766,558.02001953125,691.4400024414062,514.780029296875,-9400.7802734375,1,-0.33752194322106904,-0.027675444330200014,0.7292343987421516,0.9368842876302226,0.2155665542546198,-0.026583716678485015,0.27399306247779065
1759043862.2282488,265.7799987792969,268.95001220703125,991.489990234375,94.22000122070312,32.959999084472656,47.369998931884766,558.02001953125,691.4400024414062,514.780029296875,-9400.7802734375,0,-0.32227281822222426,-0.016888345471348327,0.7256197133014028,0.6773274035580712,0.3528495116037383,0.6438072504024758,0.04729730308896313
1759043862.693481,265.7799987792969,268.95001220703125,991.489990234375,94.22000122070312,32.959999084472656,47.369998931884766,558.02001953125,691.4400024414062,514.780029296875,-9424.599609375,1,-0.3279045192659412,-0.026580489550604755,0.7078145736513821,0.935663595753438,0.21253269482246062,-0.07982919048507714,0.27016807650006847
1759043862.7253358,265.7799987792969,268.95001220703125,991.489990234375,94.22000122070312,32.959999084472656,47.369998931884766,558.02001953125,691.4400024414062,514.780029296875,-9424.599609375,1,-0.33752194322106904,-0.027675444330200014,0.7292343987421516,0.9368842876302226,0.2155665542546198,-0.026583716678485015,0.27399306247779065
1759043862.7253358,265.7799987792969,268.95001220703125,991.489990234375,94.22000122070312,32.959999084472656,47.369998931884766,558.02001953125,691.4400024414062,514.780029296875,-9424.599609375,0,-0.32227281822222426,-0.016888345471348327,0.7256197133014028,0.6773274035580712,0.3528495116037383,0.6438072504024758,0.04729730308896313
1759043862.7545936,265.7799987792969,268.95001220703125,991.489990234375,94.22000122070312,32.959999084472656,47.369998931884766,558.02001953125,691.4400024414062,514.780029296875,-9424.599609375,1,-0.32460304809372853,-0.026577744407541435,0.7000995553974169,0.9282075040499734,0.21891460326482698,-0.0510181426578822,0.2964867198079234
1759043862.7908423,265.7799987792969,268.95001220703125,991.489990234375,94.22000122070312,32.959999084472656,47.369998931884766,558.02001953125,691.4400024414062,514.780029296875,-9424.599609375,1,-0.34178389180576346,-0.028300283743865326,0.7378137327974145,0.9326159114802045,0.19560682401409296,-0.001439473490470301,0.30325477732286
1759043862.921507,265.7799987792969,268.95001220703125,991.489990234375,94.22000122070312,32.959999084472656,47.369998931884766,558.02001953125,691.4400024414062,514.780029296875,-9424.599609375,1,-0.3284042863093501,-0.027199699362836567,0.7089317389591813,0.924729850763167,0.2006304097499771,-0.029372804017941158,0.32211702869486875
1759043862.9576993,265.7799987792969,268.95001220703125,991.489990234375,94.22000122070312,32.959999084472656,47.369998931884766,558.02001953125,691.4400024414062,514.780029296875,-9424.599609375,0,-0.3175982803830723,-0.016979674477265973,0.7148503413902964,0.8800422834980827,0.33915611112078786,-0.31827622913091597,0.0959111751315198
1759043863.0583982,265.7799987792969,268.95001220703125,991.489990234375,94.22000122070312,32.959999084472656,47.369998931884766,558.02001953125,691.4400024414062,514.780029296875,-9424.599609375,0,-0.3283634073032037,-0.01686147551073208,0.737307959289775,0.6666939574886691,0.367409614203404,0.6480896216698259,0.022565121822502865
1759043863.0923214,265.7799987792969,268.95001220703125,991.489990234375,94.22000122070312,32.959999084472656,47.369998931884766,558.02001953125,691.4400024414062,514.780029296875,-9424.599609375,1,-0.3388611421474339,-0.027688226801557723,0.7295738461765092,0.936988908075216,0.21546013763026384,-0.026074814721279056,0.27376782001106975
1759043863.0923214,265.7799987792969,268.95001220703125,991.489990234375,94.22000122070312,32.959999084472656,47.369998931884766,558.02001953125,691.4400024414062,514.780029296875,-9424.599609375,0,-0.3349322940593401,-0.017231090866213775,0.751135145654116,0.8804595030487319,0.3534196102500501,-0.2990766596419395,0.10217041763300411
1759043863.157892,265.7799987792969,268.95001220703125,991.489990234375,94.22000122070312,32.959999084472656,47.369998931884766,558.02001953125,691.4400024414062,514.780029296875,-9424.599609375,0,-0.3232511232016048,-0.01630601268850967,0.7258273738637151,0.6625138818374494,0.3563604684026336,0.6588168805026905,0.006549114232740189
1759043863.2589629,265.7799987792969,268.95001220703125,991.489990234375,94.22000122070312,32.959999084472656,47.369998931884766,558.02001953125,691.4400024414062,514.780029296875,-9424.599609375,1,-0.3317235352560463,-0.026764154779777612,0.7156004838325205,-0.8208969522513848,-0.2964427764675771,-0.4508836945173184,0.18695926851321207
1759043863.2589629,265.7799987792969,268.95001220703125,991.489990234375,94.22000122070312,32.959999084472656,47.369998931884766,558.02001953125,691.4400024414062,514.780029296875,-9424.599609375,0,-0.32805438311119567,-0.01595183174953719,0.7366216397455261,0.6889266932564622,0.3429192515135989,0.6356987673558607,0.060609202620633
1759043863.326122,265.7799987792969,268.95001220703125,991.489990234375,94.22000122070312,32.959999084472656,47.369998931884766,558.02001953125,691.4400024414062,514.780029296875,-9424.9501953125,1,-0.34144021986680223,-0.027576753634915404,0.7371983205422995,-0.8239019082675016,-0.290391297208488,-0.4576007686288546,0.16571082224472367
1759043863.326122,265.7799987792969,268.95001220703125,991.489990234375,94.22000122070312,32.959999084472656,47.369998931884766,558.02001953125,691.4400024414062,514.780029296875,-9424.9501953125,0,-0.3224246671357974,-0.01635418500058914,0.7257131568520839,0.8791970413773504,0.35504541895271874,-0.30590330443372904,0.08589808641947412
1759043863.4918373,265.7799987792969,268.95001220703125,991.489990234375,94.22000122070312,32.959999084472656,47.369998931884766,558.02001953125,691.4400024414062,514.780029296875,-9449.8203125,1,-0.3279045192659412,-0.026580489550604755,0.7078145736513821,0.935663595753438,0.21253269482246062,-0.07982919048507714,0.27016807650006847
1759043863.4918373,265.7799987792969,268.95001220703125,991.489990234375,94.22000122070312,32.959999084472656,47.369998931884766,558.02001953125,691.4400024414062,514.780029296875,-9449.8203125,0,-0.3336726561583367,-0.017228899641156536,0.7510392844760156,0.8802676990431758,0.3535064965644224,-0.299553275181708,0.10212624655735068
1759043863.6211796,265.7799987792969,268.95001220703125,991.489990234375,94.22000122070312,32.959999084472656,47.369998931884766,558.02001953125,691.4400024414062,514.780029296875,-9484.5400390625,1,-0.3279045192659412,-0.026580489550604755,0.7078145736513821,0.935663595753438,0.21253269482246062,-0.07982919048507714,0.27016807650006847
1759043863.654348,265.7799987792969,268.95001220703125,991.489990234375,94.22000122070312,32.959999084472656,47.369998931884766,558.02001953125,691.4400024414062,514.780029296875,-9520.66015625,1,-0.342094400105523,-0.027673421869316307,0.737151708272094,0.9450985919355441,0.20930910862195112,-0.058692503193714586,0.24399495617367187
1759043863.6922207,265.7799987792969,268.95001220703125,991.489990234375,94.22000122070312,32.959999084472656,47.369998931884766,558.02001953125,691.4400024414062,514.780029296875,-9520.66015625,1,-0.33534171246230626,-0.026739030369471298,0.7227680440738088,-0.8150525632510726,-0.3163083849368414,-0.44872350624729407,0.18516354851222228
1759043863.6922207,265.7799987792969,268.95001220703125,991.489990234375,94.22000122070312,32.959999084472656,47.369998931884766,558.02001953125,691.4400024414062,514.780029296875,-9520.66015625,0,-0.3235612152171227,-0.01571871979051603,0.7258725869708708,0.6769595091472109,0.35307225410226784,0.6439843524209017,0.048476388018732657
1759043863.7247803,265.7799987792969,268.95001220703125,991.489990234375,94.22000122070312,32.959999084472656,47.369998931884766,558.02001953125,691.4400024414062,514.780029296875,-9558.01953125,1,-0.3389533890245123,-0.026513746582748493,0.7297727190250042,0.9368432712526361,0.21535088988678575,-0.02584769178181333,0.2743730601993968
1759043863.7247803,265.7799987792969,268.95001220703125,991.489990234375,94.22000122070312,32.959999084472656,47.369998931884766,558.02001953125,691.4400024414062,514.780029296875,-9558.01953125,0,-0.3235612152171227,-0.01571871979051603,0.7258725869708708,0.6769595091472109,0.35307225410226784,0.6439843524209017,0.048476388018732657
1759043863.758251,265.7799987792969,268.95001220703125,991.489990234375,94.22000122070312,32.959999084472656,47.369998931884766,558.02001953125,691.4400024414062,514.780029296875,-9558.01953125,1,-0.3326264094408966,-0.025730960899514963,0.7161370547199678,0.939564510512273,0.20464725497434427,-0.05382846551788744,0.2691477808143478
1759043863.758251,265.7799987792969,268.95001220703125,991.489990234375,94.22000122070312,32.959999084472656,47.369998931884766,558.02001953125,691.4400024414062,514.780029296875,-9558.01953125,0,-0.3350171962277036,-0.01601854614826163,0.7513257024086853,0.8804907016686877,0.35310825917567473,-0.2991982273684181,0.10262115920463424
1759043863.8578544,265.7799987792969,268.95001220703125,991.489990234375,94.22000122070312,32.959999084472656,47.369998931884766,558.02001953125,691.4400024414062,514.780029296875,-9594.669921875,1,-0.33904570718016264,-0.025338627627691655,0.7299717460555417,0.9366966522857034,0.21524176856406635,-0.02561972163201202,0.27497998568198995
1759043863.8578544,265.7799987792969,268.95001220703125,991.489990234375,94.22000122070312,32.959999084472656,47.369998931884766,558.02001953125,691.4400024414062,514.780029296875,-9594.669921875,0,-0.3236388267788733,-0.014546610750068514,0.7260468179685945,0.6770836778872966,0.35341998763374227,0.6436047132799494,0.04924407094677933
1759043863.9588008,265.7799987792969,268.95001220703125,991.489990234375,94.22000122070312,32.959999084472656,47.369998931884766,558.02001953125,691.4400024414062,514.780029296875,-9633.25,1,-0.3387464645614411,-0.024666182208626458,0.7307372471495797,-0.8317643062843364,-0.3096262083108156,-0.4228332878370035,0.1830621769108898
1759043863.9588008,265.7799987792969,268.95001220703125,991.489990234375,94.22000122070312,32.959999084472656,47.369998931884766,558.02001953125,691.4400024414062,514.780029296875,-9633.25,0,-0.321779048823454,-0.013318669960251758,0.723190680020904,0.6755389469047774,0.3530109957420927,0.6451376273002507,0.053177156198534845
1759043864.0610933,265.7799987792969,268.95001220703125,991.489990234375,94.22000122070312,32.959999084472656,47.369998931884766,558.02001953125,691.4400024414062,514.780029296875,-9671.3095703125,1,-0.3396396547005859,-0.02458294361822966,0.7338169236428156,0.9300589619565045,0.2043725601224619,-0.02896136754766825,0.3039464149207046
1759043864.349268,265.7799987792969,268.95001220703125,991.489990234375,94.22000122070312,32.959999084472656,47.369998931884766,558.02001953125,691.4400024414062,514.780029296875,-9769.830078125,1,-0.33795240398661625,-0.02382310092869247,0.7288554955447357,0.9399328592217627,0.21582393623756202,-0.08544286355294634,0.2502913617566526
1759043864.349268,265.7799987792969,268.95001220703125,991.489990234375,94.22000122070312,32.959999084472656,47.369998931884766,558.02001953125,691.4400024414062,514.780029296875,-9769.830078125,0,-0.33518876394170805,-0.01359167626840692,0.7517107721803772,0.8805521896901762,0.35248581736390566,-0.2994398479049972,0.1035247181873359
1759043864.4587662,265.7799987792969,268.95001220703125,991.489990234375,94.22000122070312,32.959999084472656,47.369998931884766,558.02001953125,691.4400024414062,514.780029296875,-9769.830078125,1,-0.3434706179321034,-0.023553696802397724,0.738871664167089,0.9319510858177947,0.19507487424359413,6.446599294018778e-05,0.30563534305772816
1759043864.4587662,265.7799987792969,268.95001220703125,991.489990234375,94.22000122070312,32.959999084472656,47.369998931884766,558.02001953125,691.4400024414062,514.780029296875,-9769.830078125,0,-0.3238711353799774,-0.01283865148476198,0.7263204835139455,0.8795117123201821,0.35400831516247105,-0.305809607224585,0.087279693036783
1759043864.4902184,265.7799987792969,268.95001220703125,991.489990234375,94.22000122070312,32.959999084472656,47.369998931884766,558.02001953125,691.4400024414062,514.780029296875,-9769.830078125,1,-0.33623740625650433,-0.02276537863026286,0.723285357014245,0.9335435332769437,0.22343248201988547,-0.052516449118947775,0.27534781645615164
1759043864.9721103,265.7799987792969,268.95001220703125,991.489990234375,94.22000122070312,32.959999084472656,47.369998931884766,558.02001953125,691.4400024414062,514.780029296875,-9769.830078125,0,-0.3339274687134059,-0.013589922147518954,0.7516132802501291,0.8803599286388741,0.35257173232662326,-0.299918109962086,0.10348283397709315
1759043865.1973166,265.7799987792969,268.95001220703125,991.489990234375,94.22000122070312,32.959999084472656,47.369998931884766,558.02001953125,691.4400024414062,514.780029296875,-9769.830078125,1,-0.3467892924190889,-0.023962226013039052,0.7454814993186665,-0.8190951283775874,-0.3114023055777496,-0.45435492942336636,0.1602291261214813
1759043865.226487,265.7799987792969,268.95001220703125,991.489990234375,94.22000122070312,32.959999084472656,47.369998931884766,558.02001953125,691.4400024414062,514.780029296875,-9769.830078125,0,-0.33001464873595066,-0.012725128713379903,0.7396696300705196,0.6690880052603936,0.3582106014187421,0.6458690607099147,0.0828224768138664
1759043865.2636952,265.7799987792969,268.95001220703125,991.489990234375,94.22000122070312,32.959999084472656,47.369998931884766,558.02001953125,691.4400024414062,514.780029296875,-9769.830078125,1,-0.32881218158656356,-0.022728946462959067,0.7074599795725387,-0.8251849626226034,-0.31569652801718084,-0.4195812538666775,0.20822356029781264
1759043865.3006208,265.7799987792969,268.95001220703125,991.489990234375,94.22000122070312,32.959999084472656,47.369998931884766,558.02001953125,691.4400024414062,514.780029296875,-9769.830078125,1,-0.33920038294324123,-0.02347231130599426,0.7304395414894757,-0.8303321096978193,-0.31051633310249915,-0.42331788246602736,0.18689613389748128
1759043865.3006208,265.7799987792969,268.95001220703125,991.489990234375,94.22000122070312,32.959999084472656,47.369998931884766,558.02001953125,691.4400024414062,514.780029296875,-9769.830078125,0,-0.3238711353799774,-0.01283865148476198,0.7263204835139455,0.8795117123201821,0.35400831516247105,-0.305809607224585,0.087279693036783
1759043865.3326204,265.7799987792969,268.95001220703125,991.489990234375,94.22000122070312,32.959999084472656,47.369998931884766,558.02001953125,691.4400024414062,514.780029296875,-9770.8896484375,1,-0.33920038294324123,-0.02347231130599426,0.7304395414894757,-0.8303321096978193,-0.31051633310249915,-0.42331788246602736,0.18689613389748128
1759043865.3326204,265.7799987792969,268.95001220703125,991.489990234375,94.22000122070312,32.959999084472656,47.369998931884766,558.02001953125,691.4400024414062,514.780029296875,-9770.8896484375,0,-0.33518876394170805,-0.01359167626840692,0.7517107721803772,0.8805521896901762,0.35248581736390566,-0.2994398479049972,0.1035247181873359
1759043865.3601952,265.7799987792969,268.95001220703125,991.489990234375,94.22000122070312,32.959999084472656,47.369998931884766,558.02001953125,691.4400024414062,514.780029296875,-9770.8896484375,1,-0.32885387022068063,-0.023066670017094743,0.7087956378810238,-0.8066923157766032,-0.30426823504047756,-0.4716204914123417,0.18504718558334057
1759043865.3601952,265.7799987792969,268.95001220703125,991.489990234375,94.22000122070312,32.959999084472656,47.369998931884766,558.02001953125,691.4400024414062,514.780029296875,-9770.8896484375,0,-0.32966815650463405,-0.013020877099296401,0.7395630924845228,0.6759839445072172,0.3481600593474011,0.649239702838388,0.01783502458645226
1759043865.3931162,265.7799987792969,268.95001220703125,991.489990234375,94.22000122070312,32.959999084472656,47.369998931884766,558.02001953125,691.4400024414062,514.780029296875,-9770.8896484375,0,-0.3235133505529082,-0.012789748877950697,0.7264165923820038,0.662976696259077,0.3574778503787643,0.6577197185293496,0.008732614937721801
1759043865.4252799,265.7799987792969,268.95001220703125,991.489990234375,94.22000122070312,32.959999084472656,47.369998931884766,558.02001953125,691.4400024414062,514.780029296875,-9797.6103515625,1,-0.33795240398661625,-0.02382310092869247,0.7288554955447357,0.9399328592217627,0.21582393623756202,-0.08544286355294634,0.2502913617566526
1759043865.4560688,265.7799987792969,268.95001220703125,991.489990234375,94.22000122070312,32.959999084472656,47.369998931884766,558.02001953125,691.4400024414062,514.780029296875,-9797.6103515625,1,-0.3282008747853849,-0.02316205531576312,0.7084550181729882,0.9352994121382648,0.21210337480969646,-0.07937128751798964,0.27189587486001027
1759043865.5231597,265.7799987792969,268.95001220703125,991.489990234375,94.22000122070312,32.959999084472656,47.369998931884766,558.02001953125,691.4400024414062,514.780029296875,-9833.3798828125,1,-0.3348208941463236,-0.023919505349365364,0.7227570665651586,0.9335641666406024,0.22367279916788665,-0.05320609612819767,0.2749500627601982
1759043865.6295962,265.7799987792969,268.95001220703125,991.489990234375,94.22000122070312,32.959999084472656,47.369998931884766,558.02001953125,691.4400024414062,514.780029296875,-9871.51953125,1,-0.33795240398661625,-0.02382310092869247,0.7288554955447357,0.9399328592217627,0.21582393623756202,-0.08544286355294634,0.2502913617566526
1759043865.6295962,265.7799987792969,268.95001220703125,991.489990234375,94.22000122070312,32.959999084472656,47.369998931884766,558.02001953125,691.4400024414062,514.780029296875,-9871.51953125,0,-0.3362973493723648,-0.01362695102579218,0.7564883015260789,0.6697410100632105,0.3531766469023927,0.6513531915503784,0.04952025221492253
1759043865.7264304,265.7799987792969,268.95001220703125,991.489990234375,94.22000122070312,32.959999084472656,47.369998931884766,558.02001953125,691.4400024414062,514.780029296875,-9911.509765625,1,-0.34288062376300643,-0.023554322770062225,0.7388899401879291,0.9319001372335038,0.19521346543722062,-0.0005149490955250262,0.305701769644202
1759043865.7264304,265.7799987792969,268.95001220703125,991.489990234375,94.22000122070312,32.959999084472656,47.369998931884766,558.02001953125,691.4400024414062,514.780029296875,-9911.509765625,0,-0.3349029650506599,-0.012922311045302932,0.7513071998756568,0.6818083178653156,0.3599579299248639,0.6359911489382237,0.03290843123142953
1759043865.7614386,265.7799987792969,268.95001220703125,991.489990234375,94.22000122070312,32.959999084472656,47.369998931884766,558.02001953125,691.4400024414062,514.780029296875,-9911.509765625,0,-0.32379579976918943,-0.012200765402212821,0.7263992029116736,0.677331338097233,0.35411532949451235,0.6428422799790212,0.05077789794564839
1759043865.7934704,265.7799987792969,268.95001220703125,991.489990234375,94.22000122070312,32.959999084472656,47.369998931884766,558.02001953125,691.4400024414062,514.780029296875,-9911.509765625,1,-0.32895364967218743,-0.021925347875327544,0.7090106562409256,-0.8070629962850767,-0.30451582888726525,-0.47113365404200985,0.18426206884076768
1759043865.7934704,265.7799987792969,268.95001220703125,991.489990234375,94.22000122070312,32.959999084472656,47.369998931884766,558.02001953125,691.4400024414062,514.780029296875,-9911.509765625,0,-0.33527543054528924,-0.012377338326929931,0.7519052875693669,0.8805825072601804,0.35217467764318744,-0.29955986683799624,0.1039775481259929
1759043865.8268492,265.7799987792969,268.95001220703125,991.489990234375,94.22000122070312,32.959999084472656,47.369998931884766,558.02001953125,691.4400024414062,514.780029296875,-9947.7197265625,1,-0.33929265933767216,-0.022295339182717516,0.7306381334624484,-0.8307165556906058,-0.310731613100262,-0.4227448485354809,0.1861253925673746
1759043865.8268492,265.7799987792969,268.95001220703125,991.489990234375,94.22000122070312,32.959999084472656,47.369998931884766,558.02001953125,691.4400024414062,514.780029296875,-9947.7197265625,0,-0.32975491104202265,-0.011826200554028622,0.7397578375492448,0.6761319048179323,0.3485184344922422,0.6488721753022273,0.018586237513463007
1759043865.8902075,265.7799987792969,268.95001220703125,991.489990234375,94.22000122070312,32.959999084472656,47.369998931884766,558.02001953125,691.4400024414062,514.780029296875,-9947.7197265625,1,-0.3330191347114547,-0.02111613568443671,0.7169835947980071,0.9390465974331181,0.20414673155940175,-0.05305316885119162,0.27147920936554976
1759043865.9274793,265.7799987792969,268.95001220703125,991.489990234375,94.22000122070312,32.959999084472656,47.369998931884766,558.02001953125,691.4400024414062,514.780029296875,-9984.01953125,1,-0.3393849907862555,-0.02111772767110194,0.730836842332057,-0.8311004380972655,-0.3109464451401394,-0.4221699862502309,0.18535607019659078
1759043865.9274793,265.7799987792969,268.95001220703125,991.489990234375,94.22000122070312,32.959999084472656,47.369998931884766,558.02001953125,691.4400024414062,514.780029296875,-9984.01953125,0,-0.3353626852457857,-0.011162389785891482,0.7521011223935256,0.8806124902287871,0.3518636817611343,-0.2996793986197148,0.10443107561200296
1759043865.994613,265.7799987792969,268.95001220703125,991.489990234375,94.22000122070312,32.959999084472656,47.369998931884766,558.02001953125,691.4400024414062,514.780029296875,-9984.01953125,0,-0.3192680083797814,-0.010048850324846674,0.7159983276787764,0.8804372353668307,0.33707079908438203,-0.3185590636690259,0.09865938342875333
1759043866.0219812,265.7799987792969,268.95001220703125,991.489990234375,94.22000122070312,32.959999084472656,47.369998931884766,558.02001953125,691.4400024414062,514.780029296875,-9984.01953125,0,-0.33507754999477035,-0.010494160832018743,0.7516990798275139,0.6820955397319526,0.36065642393618735,0.6352062432683042,0.034433226167548084
1759043866.0898564,265.7799987792969,268.95001220703125,991.489990234375,94.22000122070312,32.959999084472656,47.369998931884766,558.02001953125,691.4400024414062,514.780029296875,-10021.8203125,1,-0.3551677350496213,-0.02193131695090844,0.7660258848913843,0.9380012841750938,0.19972111533984122,0.0013002351247712862,0.2833079179301299
1759043866.1261861,265.7799987792969,268.95001220703125,991.489990234375,94.22000122070312,32.959999084472656,47.369998931884766,558.02001953125,691.4400024414062,514.780029296875,-10057.240234375,1,-0.3422485750872054,-0.021158748076606334,0.7388184505796287,0.9314615781857958,0.19499156025488984,-1.005161342712472e-05,0.3071768540954144
1759043866.1261861,265.7799987792969,268.95001220703125,991.489990234375,94.22000122070312,32.959999084472656,47.369998931884766,558.02001953125,691.4400024414062,514.780029296875,-10057.240234375,0,-0.34300114515727703,-0.010451669401598924,0.7708577331287861,0.6608021928612424,0.37021585361293713,0.6524959335188825,0.023016089692644313
1759043866.1933513,265.7799987792969,268.95001220703125,991.489990234375,94.22000122070312,32.959999084472656,47.369998931884766,558.02001953125,691.4400024414062,514.780029296875,-10057.240234375,0,-0.32481832105343206,-0.009908173134635316,0.7306752063457129,0.6669406674828173,0.3490910093943438,0.6549767560402029,0.0658108065948517
1759043866.4362164,265.7799987792969,268.95001220703125,991.489990234375,94.22000122070312,32.959999084472656,47.369998931884766,558.02001953125,691.4400024414062,514.780029296875,-10117.4404296875,1,-0.33950826768410997,-0.019453420590415698,0.7309689797361376,0.9359485100995181,0.21469803645963087,-0.024467247930921504,0.2780404527430465
1759043866.4362164,265.7799987792969,268.95001220703125,991.489990234375,94.22000122070312,32.959999084472656,47.369998931884766,558.02001953125,691.4400024414062,514.780029296875,-10117.4404296875,0,-0.3193490882811146,-0.008891428080051696,0.7161803180985189,0.8804682013563235,0.3367381350444278,-0.3186849979708693,0.099111285308326
1759043866.7275822,265.7799987792969,268.95001220703125,991.489990234375,94.22000122070312,32.959999084472656,47.369998931884766,558.02001953125,691.4400024414062,514.780029296875,-10117.4404296875,0,-0.32993015317913943,-0.009435004550661057,0.7401512129858083,0.6764271885055329,0.34923509137871633,0.6481339501062123,0.020087118258177907
1759043866.8240652,265.7799987792969,268.95001220703125,991.489990234375,94.22000122070312,32.959999084472656,47.369998931884766,558.02001953125,691.4400024414062,514.780029296875,-10117.4404296875,1,-0.3456930408862886,-0.021045388264855663,0.745562621202122,0.9382178483824801,0.22761086034300504,-0.05748201570437714,0.25423686416613184
1759043866.8918297,265.7799987792969,268.95001220703125,991.489990234375,94.22000122070312,32.959999084472656,47.369998931884766,558.02001953125,691.4400024414062,514.780029296875,-10117.4404296875,1,-0.3551677350496213,-0.02193131695090844,0.7660258848913843,0.9380012841750938,0.19972111533984122,0.0013002351247712862,0.2833079179301299
1759043866.9280999,265.7799987792969,268.95001220703125,991.489990234375,94.22000122070312,32.959999084472656,47.369998931884766,558.02001953125,691.4400024414062,514.780029296875,-10117.4404296875,0,-0.33507754999477035,-0.010494160832018743,0.7516990798275139,0.6820955397319526,0.36065642393618735,0.6352062432683042,0.034433226167548084
1759043867.0245407,265.7799987792969,268.95001220703125,991.489990234375,94.22000122070312,32.959999084472656,47.369998931884766,558.02001953125,691.4400024414062,514.780029296875,-10117.4404296875,0,-0.3192680083797814,-0.010048850324846674,0.7159983276787764,0.8804372353668307,0.33707079908438203,-0.3185590636690259,0.09865938342875333
1759043867.061096,265.7799987792969,268.95001220703125,991.489990234375,94.22000122070312,32.959999084472656,47.369998931884766,558.02001953125,691.4400024414062,514.780029296875,-10117.4404296875,1,-0.33941563488218945,-0.020631746642145354,0.7307692717029713,0.9361001700949547,0.2148065464580503,-0.024699407417783974,0.27742486986601045
1759043867.1278946,265.7799987792969,268.95001220703125,991.489990234375,94.22000122070312,32.959999084472656,47.369998931884766,558.02001953125,691.4400024414062,514.780029296875,-10117.4404296875,0,-0.3378112592647847,-0.009959924253899782,0.7571344899074622,0.6696076859932171,0.35411556771133196,0.6507717485118814,0.052190448379745125
1759043867.2230644,265.7799987792969,268.95001220703125,991.489990234375,94.22000122070312,32.959999084472656,47.369998931884766,558.02001953125,691.4400024414062,514.780029296875,-10117.4404296875,1,-0.3471066119059727,-0.020358666350424978,0.7461634009842011,-0.820204745550073,-0.31209330145309305,-0.45272405837916596,0.1578064432459789
1759043867.3233924,265.7799987792969,268.95001220703125,991.489990234375,94.22000122070312,32.959999084472656,47.369998931884766,558.02001953125,691.4400024414062,514.780029296875,-10117.4404296875,1,-0.34134202568409766,-0.019858429624198405,0.7349233555651865,0.9294580556233418,0.20377429006783992,-0.027613694596337723,0.3063025390279437
1759043867.3610852,265.7799987792969,268.95001220703125,991.489990234375,94.22000122070312,32.959999084472656,47.369998931884766,558.02001953125,691.4400024414062,514.780029296875,-10117.4404296875,0,-0.32993015317913943,-0.009435004550661057,0.7401512129858083,0.6764271885055329,0.34923509137871633,0.6481339501062123,0.020087118258177907
1759043867.397667,265.7799987792969,268.95001220703125,991.489990234375,94.22000122070312,32.959999084472656,47.369998931884766,558.02001953125,691.4400024414062,514.780029296875,-10117.4404296875,1,-0.355255843545229,-0.020695704027480343,0.7662161851301211,0.9378290897102568,0.19962505025571578,0.0015684633536748923,0.28394361716077077
1759043867.4901056,265.7799987792969,268.95001220703125,991.489990234375,94.22000122070312,32.959999084472656,47.369998931884766,558.02001953125,691.4400024414062,514.780029296875,-10117.4404296875,1,-0.3399808002109862,-0.019848572903427755,0.7345550240072032,0.9293461490765069,0.20390368596143282,-0.028154250989941274,0.30650670498245813
1759043867.563818,265.7799987792969,268.95001220703125,991.489990234375,94.22000122070312,32.959999084472656,47.369998931884766,558.02001953125,691.4400024414062,514.780029296875,-10131.330078125,1,-0.3399808002109862,-0.019848572903427755,0.7345550240072032,0.9293461490765069,0.20390368596143282,-0.028154250989941274,0.30650670498245813
1759043867.6273904,265.7799987792969,268.95001220703125,991.489990234375,94.22000122070312,32.959999084472656,47.369998931884766,558.02001953125,691.4400024414062,514.780029296875,-10167.6298828125,1,-0.3405554000979976,-0.0197391128016669,0.7346322024015238,-0.824775621091085,-0.31269439277920164,-0.4205076721145148,0.2124633833654474
1759043867.6625261,265.7799987792969,268.95001220703125,991.489990234375,94.22000122070312,32.959999084472656,47.369998931884766,558.02001953125,691.4400024414062,514.780029296875,-10167.6298828125,1,-0.34575565757444826,-0.020350166807112487,0.7458570004113253,-0.8204867925400636,-0.31208044921935124,-0.45201893757740874,0.15838591021223222
1759043867.6625261,265.7799987792969,268.95001220703125,991.489990234375,94.22000122070312,32.959999084472656,47.369998931884766,558.02001953125,691.4400024414062,514.780029296875,-10167.6298828125,0,-0.32993015317913943,-0.009435004550661057,0.7401512129858083,0.6764271885055329,0.34923509137871633,0.6481339501062123,0.020087118258177907
1759043867.6978319,265.7799987792969,268.95001220703125,991.489990234375,94.22000122070312,32.959999084472656,47.369998931884766,558.02001953125,691.4400024414062,514.780029296875,-10167.6298828125,1,-0.33592006412862535,-0.019749379531673796,0.7240140915298572,-0.8173155325257732,-0.3177173034757816,-0.4454878927953034,0.18053136219779115
1759043867.7293944,265.7799987792969,268.95001220703125,991.489990234375,94.22000122070312,32.959999084472656,47.369998931884766,558.02001953125,691.4400024414062,514.780029296875,-10205.0703125,1,-0.3394773858141955,-0.01993947533144423,0.7310356864224083,-0.8314837390352892,-0.31116080860275247,-0.42159329223508063,0.18458829554433415
1759043867.7293944,265.7799987792969,268.95001220703125,991.489990234375,94.22000122070312,32.959999084472656,47.369998931884766,558.02001953125,691.4400024414062,514.780029296875,-10205.0703125,0,-0.3354505310201613,-0.009946824386608521,0.7522982833307897,0.8806421720430904,0.35155275625378685,-0.29979842550693736,0.10488531095036674
1759043867.830212,265.7799987792969,268.95001220703125,991.489990234375,94.22000122070312,32.959999084472656,47.369998931884766,558.02001953125,691.4400024414062,514.780029296875,-10243.0400390625,1,-0.35112005423261117,-0.02061131905770185,0.7554413269938908,-0.8369866792868609,-0.3046477347048844,-0.42666636120020507,0.15684027753007843
1759043867.830212,265.7799987792969,268.95001220703125,991.489990234375,94.22000122070312,32.959999084472656,47.369998931884766,558.02001953125,691.4400024414062,514.780029296875,-10243.0400390625,0,-0.3378112592647847,-0.009959924253899782,0.7571344899074622,0.6696076859932171,0.35411556771133196,0.6507717485118814,0.052190448379745125
1759043867.892961,265.7799987792969,268.95001220703125,991.489990234375,94.22000122070312,32.959999084472656,47.369998931884766,558.02001953125,691.4400024414062,514.780029296875,-10243.0400390625,1,-0.34191695347912554,-0.01974914928820172,0.7350004890973469,-0.8245586970138769,-0.31275839664988186,-0.42116949984561486,0.21189948773785958
1759043867.9248266,265.7799987792969,268.95001220703125,991.489990234375,94.22000122070312,32.959999084472656,47.369998931884766,558.02001953125,691.4400024414062,514.780029296875,-10281.08984375,1,-0.35348974030832975,-0.02044006752024082,0.7605318885135206,-0.8296988589295323,-0.30740710669066607,-0.42511418505595966,0.1907317590526364
1759043868.065766,265.7799987792969,268.95001220703125,991.489990234375,94.22000122070312,32.959999084472656,47.369998931884766,558.02001953125,691.4400024414062,514.780029296875,-10318.6201171875,1,-0.34283584358805647,-0.019357446226290185,0.7387510739507974,0.9443734022373261,0.20845478627360678,-0.05729461935160642,0.2478362479938658
1759043868.065766,265.7799987792969,268.95001220703125,991.489990234375,94.22000122070312,32.959999084472656,47.369998931884766,558.02001953125,691.4400024414062,514.780029296875,-10318.6201171875,0,-0.33553896816302964,-0.008730635778001802,0.7524967710383821,0.8806715515051635,0.3512419341798053,-0.2999169303831373,0.10534019609187097
1759043868.3375106,265.7799987792969,268.95001220703125,991.489990234375,94.22000122070312,32.959999084472656,47.369998931884766,558.02001953125,691.4400024414062,514.780029296875,-10432.8798828125,1,-0.3385922359930257,-0.016771571040160946,0.7302368090972765,0.939322736345607,0.21497013372902762,-0.08450573521119957,0.25361273490331665
1759043868.3375106,265.7799987792969,268.95001220703125,991.489990234375,94.22000122070312,32.959999084472656,47.369998931884766,558.02001953125,691.4400024414062,514.780029296875,-10432.8798828125,0,-0.3301077000091492,-0.007041308788659241,0.7405497552296388,0.6767215775956119,0.34995163773587484,0.6473915422991319,0.02158584309302105
1759043868.35759,265.7799987792969,268.95001220703125,991.489990234375,94.22000122070312,32.959999084472656,47.369998931884766,558.02001953125,691.4400024414062,514.780029296875,-10432.8798828125,1,-0.34567688378947314,-0.016806195950265033,0.7448820895950233,0.9380760978810532,0.1967684204401075,-0.05690313519581763,0.2793876455870023
1759043868.4279919,265.7799987792969,268.95001220703125,991.489990234375,94.22000122070312,32.959999084472656,47.369998931884766,558.02001953125,691.4400024414062,514.780029296875,-10460.48046875,1,-0.3416000334975202,-0.01629964517166476,0.7354796326510646,0.9289128213236668,0.20342471476327972,-0.02699807525388181,0.30823766761473126
1759043868.4279919,265.7799987792969,268.95001220703125,991.489990234375,94.22000122070312,32.959999084472656,47.369998931884766,558.02001953125,691.4400024414062,514.780029296875,-10460.48046875,0,-0.33571761138737527,-0.006296362392355218,0.7528977151842213,0.8807293657712162,0.3506205899854277,-0.30015242059994185,0.10625210847083216
1759043868.5246534,265.7799987792969,268.95001220703125,991.489990234375,94.22000122070312,32.959999084472656,47.369998931884766,558.02001953125,691.4400024414062,514.780029296875,-10463.990234375,1,-0.3416000334975202,-0.01629964517166476,0.7354796326510646,0.9289128213236668,0.20342471476327972,-0.02699807525388181,0.30823766761473126
1759043868.7676706,265.7799987792969,268.95001220703125,991.489990234375,94.22000122070312,32.959999084472656,47.369998931884766,558.02001953125,691.4400024414062,514.780029296875,-10463.990234375,1,-0.35304521731769556,-0.01685370036759004,0.7607731231531867,0.9354733486985956,0.20848002009232153,-0.027715538690601074,0.2840027183180313
1759043868.7676706,265.7799987792969,268.95001220703125,991.489990234375,94.22000122070312,32.959999084472656,47.369998931884766,558.02001953125,691.4400024414062,514.780029296875,-10463.990234375,0,-0.33019734368210674,-0.005843508073920207,0.7407509773519134,0.6768684435886689,0.35030985982309265,0.6470187680021792,0.022334413749198447
1759043868.7986476,265.7799987792969,268.95001220703125,991.489990234375,94.22000122070312,32.959999084472656,47.369998931884766,558.02001953125,691.4400024414062,514.780029296875,-10463.990234375,1,-0.3385922359930257,-0.016771571040160946,0.7302368090972765,0.939322736345607,0.21497013372902762,-0.08450573521119957,0.25361273490331665
1759043868.7986476,265.7799987792969,268.95001220703125,991.489990234375,94.22000122070312,32.959999084472656,47.369998931884766,558.02001953125,691.4400024414062,514.780029296875,-10463.990234375,0,-0.33571761138737527,-0.006296362392355218,0.7528977151842213,0.8807293657712162,0.3506205899854277,-0.30015242059994185,0.10625210847083216
1759043869.403098,265.7799987792969,268.95001220703125,991.489990234375,94.30999755859375,32.959999084472656,47.369998931884766,558.02001953125,691.4400024414062,514.780029296875,-10473.2197265625,1,-0.35304521731769556,-0.01685370036759004,0.7607731231531867,0.9354733486985956,0.20848002009232153,-0.027715538690601074,0.2840027183180313
1759043869.4264214,265.7799987792969,268.95001220703125,991.489990234375,94.30999755859375,32.959999084472656,47.369998931884766,558.02001953125,691.4400024414062,514.780029296875,-10510.83984375,1,-0.34607245478131565,-0.016741495313198105,0.7465401448841771,-0.8215909650930029,-0.3127680281757572,-0.4503730453821215,0.1559761732503737
1759043869.5011675,265.7799987792969,268.95001220703125,991.489990234375,94.30999755859375,32.959999084472656,47.369998931884766,558.02001953125,691.4400024414062,514.780029296875,-10510.83984375,0,-0.33571761138737527,-0.006296362392355218,0.7528977151842213,0.8807293657712162,0.3506205899854277,-0.30015242059994185,0.10625210847083216
1759043869.5259042,265.7799987792969,268.95001220703125,991.489990234375,94.30999755859375,32.959999084472656,47.369998931884766,558.02001953125,691.4400024414062,514.780029296875,-10549.9501953125,1,-0.34607245478131565,-0.016741495313198105,0.7465401448841771,-0.8215909650930029,-0.3127680281757572,-0.4503730453821215,0.1559761732503737
1759043869.563372,265.7799987792969,268.95001220703125,991.489990234375,94.22000122070312,32.959999084472656,47.369998931884766,558.02001953125,691.4400024414062,514.780029296875,-10549.9501953125,0,-0.33019734368210674,-0.005843508073920207,0.7407509773519134,0.6768684435886689,0.35030985982309265,0.6470187680021792,0.022334413749198447
1759043869.598765,265.7799987792969,268.95001220703125,991.489990234375,94.22000122070312,32.959999084472656,47.369998931884766,558.02001953125,691.4400024414062,514.780029296875,-10549.9501953125,1,-0.35304521731769556,-0.01685370036759004,0.7607731231531867,0.9354733486985956,0.20848002009232153,-0.027715538690601074,0.2840027183180313
1759043869.6322026,265.7799987792969,268.95001220703125,991.489990234375,94.22000122070312,32.959999084472656,47.369998931884766,558.02001953125,691.4400024414062,514.780029296875,-10587.2197265625,1,-0.34607245478131565,-0.016741495313198105,0.7465401448841771,-0.8215909650930029,-0.3127680281757572,-0.4503730453821215,0.1559761732503737
1759043869.6322026,265.7799987792969,268.95001220703125,991.489990234375,94.22000122070312,32.959999084472656,47.369998931884766,558.02001953125,691.4400024414062,514.780029296875,-10587.2197265625,0,-0.33019734368210674,-0.005843508073920207,0.7407509773519134,0.6768684435886689,0.35030985982309265,0.6470187680021792,0.022334413749198447
1759043869.6629956,265.7799987792969,268.95001220703125,991.489990234375,94.22000122070312,32.959999084472656,47.369998931884766,558.02001953125,691.4400024414062,514.780029296875,-10587.2197265625,1,-0.3416000334975202,-0.01629964517166476,0.7354796326510646,0.9289128213236668,0.20342471476327972,-0.02699807525388181,0.30823766761473126
1759043869.7596185,265.7799987792969,268.95001220703125,991.489990234375,94.22000122070312,32.959999084472656,47.369998931884766,558.02001953125,691.4400024414062,514.780029296875,-10624.919921875,1,-0.3416000334975202,-0.01629964517166476,0.7354796326510646,0.9289128213236668,0.20342471476327972,-0.02699807525388181,0.30823766761473126
1759043870.2764814,265.7799987792969,268.95001220703125,991.489990234375,94.30999755859375,32.959999084472656,47.369998931884766,558.02001953125,691.4400024414062,514.780029296875,-10802.8095703125,1,-0.35704959430356265,-0.014847525479470089,0.7687062412500149,0.9431884829126749,0.2000666948986094,-0.061551663103770374,0.2580313858087684
1759043870.2764814,265.7799987792969,268.95001220703125,991.489990234375,94.30999755859375,32.959999084472656,47.369998931884766,558.02001953125,691.4400024414062,514.780029296875,-10802.8095703125,0,-0.3382399720117296,-0.003833533082250083,0.7580959243806117,0.6702041700944911,0.3558886576103326,0.6488749666238466,0.055954548172351716
1759043870.304482,265.7799987792969,268.95001220703125,991.489990234375,94.30999755859375,32.959999084472656,47.369998931884766,558.02001953125,691.4400024414062,514.780029296875,-10802.8095703125,1,-0.34886273127010886,-0.014797519482669202,0.7504082435205343,0.9438893976744875,0.21879005485538522,-0.09171081668245422,0.2297669318189804
1759043870.3671265,265.7799987792969,268.95001220703125,991.489990234375,94.30999755859375,32.959999084472656,47.369998931884766,558.02001953125,691.4400024414062,514.780029296875,-10809.83984375,1,-0.34177198471726644,-0.013924117318904257,0.735850370295035,0.9285439168525342,0.20319219052641546,-0.02658494585011373,0.30953573111900573
1759043870.3671265,265.7799987792969,268.95001220703125,991.489990234375,94.30999755859375,32.959999084472656,47.369998931884766,558.02001953125,691.4400024414062,514.780029296875,-10809.83984375,0,-0.3382399720117296,-0.003833533082250083,0.7580959243806117,0.6702041700944911,0.3558886576103326,0.6488749666238466,0.055954548172351716
1759043870.4628968,265.7799987792969,268.95001220703125,991.489990234375,94.30999755859375,32.959999084472656,47.369998931884766,558.02001953125,691.4400024414062,514.780029296875,-10809.83984375,1,-0.3539747009441847,-0.014300712288121737,0.7615747191092612,-0.8316111616889185,-0.3084841687916887,-0.422280639735671,0.18692098508123994
1759043870.4628968,265.7799987792969,268.95001220703125,991.489990234375,94.30999755859375,32.959999084472656,47.369998931884766,558.02001953125,691.4400024414062,514.780029296875,-10809.83984375,0,-0.35074286468630483,-0.003019351503615449,0.7861093798635513,0.6744370428631422,0.3620882805539284,0.6422523829313936,0.03922536065438119
1759043870.4947848,265.7799987792969,268.95001220703125,991.489990234375,94.30999755859375,32.959999084472656,47.369998931884766,558.02001953125,691.4400024414062,514.780029296875,-10809.83984375,1,-0.34023016354475955,-0.013240862657325317,0.7312148750211356,0.9391285331596305,0.2144343059868898,-0.0835482416440772,0.25509844754436417
1759043870.5672734,265.7799987792969,268.95001220703125,991.489990234375,94.22000122070312,32.959999084472656,47.369998931884766,558.02001953125,691.4400024414062,514.780029296875,-10809.83984375,1,-0.3477470385676292,-0.013131880625479027,0.7475396014115016,-0.8224126453654141,-0.3134643669041418,-0.44941091242792924,0.15299465093637588
1759043870.6265275,265.7799987792969,268.95001220703125,991.489990234375,94.22000122070312,32.959999084472656,47.369998931884766,558.02001953125,691.4400024414062,514.780029296875,-10809.83984375,1,-0.34320080610944087,-0.013060239060658372,0.7376085847078505,0.9331027448288967,0.20335500876280765,-0.08287172890555253,0.2847776054258168
1759043870.7277372,265.7799987792969,268.95001220703125,991.489990234375,94.22000122070312,32.959999084472656,47.369998931884766,558.02001953125,691.4400024414062,514.780029296875,-10809.83984375,1,-0.3539747009441847,-0.014300712288121737,0.7615747191092612,-0.8316111616889185,-0.3084841687916887,-0.422280639735671,0.18692098508123994
1759043870.7660866,265.7799987792969,268.95001220703125,991.489990234375,94.22000122070312,32.959999084472656,47.369998931884766,558.02001953125,691.4400024414062,514.780029296875,-10809.83984375,0,-0.33891316605086036,-0.00388035494401022,0.7579953476115553,0.8762844648796358,0.3507826450605075,-0.31755646036739,0.0907467190255303
1759043870.9645085,265.7799987792969,268.95001220703125,991.489990234375,94.22000122070312,32.959999084472656,47.369998931884766,558.02001953125,691.4400024414062,514.780029296875,-10809.83984375,1,-0.34886273127010886,-0.014797519482669202,0.7504082435205343,0.9438893976744875,0.21879005485538522,-0.09171081668245422,0.2297669318189804
1759043871.3369467,265.69000244140625,268.95001220703125,991.489990234375,94.30999755859375,32.959999084472656,47.369998931884766,558.02001953125,691.4400024414062,514.780029296875,-10927.4404296875,1,-0.34322506834387045,-0.012741835037807266,0.7364102662939651,0.9284708349064527,0.20294943690118478,-0.02582905953138479,0.3099778935236044
1759043871.362857,265.7799987792969,268.95001220703125,991.489990234375,94.22000122070312,32.959999084472656,47.369998931884766,558.02001953125,691.4400024414062,514.780029296875,-10927.4404296875,0,-0.35216204106706683,-0.0017469629901749938,0.786434262553608,0.6740913626651507,0.362326359798242,0.6424085707243546,0.040393960383787224
1759043871.4292397,265.7799987792969,268.95001220703125,991.489990234375,94.22000122070312,32.959999084472656,47.369998931884766,558.02001953125,691.4400024414062,514.780029296875,-10966.73046875,1,-0.34785450109949184,-0.011924840192215664,0.7477705203349395,-0.8227791403161404,-0.3136914269546029,-0.44885208424497064,0.15219717929305956
1759043871.4292397,265.7799987792969,268.95001220703125,991.489990234375,94.22000122070312,32.959999084472656,47.369998931884766,558.02001953125,691.4400024414062,514.780029296875,-10966.73046875,0,-0.3429741661640377,-0.0020664120966906534,0.7663972891368701,0.8820721343028467,0.32998007125842105,-0.30729723498962164,0.13649290027851865
1759043871.459256,265.7799987792969,268.95001220703125,991.489990234375,94.22000122070312,32.959999084472656,47.369998931884766,558.02001953125,691.4400024414062,514.780029296875,-10966.73046875,1,-0.3548361192868703,-0.01194342752255752,0.761972948786322,0.9349462529985273,0.20792910480518567,-0.02627329598160004,0.286270336041287
1759043871.5289052,265.7799987792969,268.95001220703125,991.489990234375,94.22000122070312,32.959999084472656,47.369998931884766,558.02001953125,691.4400024414062,514.780029296875,-11005.83984375,1,-0.3534310741021079,-0.011937768248701209,0.7616056311993604,0.9348361967703186,0.2080357947848153,-0.02680198889721122,0.28650313556296425
1759043871.5289052,265.7799987792969,268.95001220703125,991.489990234375,94.22000122070312,32.959999084472656,47.369998931884766,558.02001953125,691.4400024414062,514.780029296875,-11005.83984375,0,-0.3449633305979868,-0.0007793421308200495,0.7731553835460069,0.6692890332929601,0.3506725354442707,0.6545845257987902,0.02449615038398269
1759043871.5622447,265.7799987792969,268.95001220703125,991.489990234375,94.30999755859375,32.959999084472656,47.369998931884766,558.02001953125,691.4400024414062,514.780029296875,-11005.83984375,0,-0.3509358242627851,-0.0004732198950145705,0.7865420657794788,0.6747122574057717,0.36280105919566935,0.6414676805356536,0.040718251204058004
1759043871.5963202,265.7799987792969,268.95001220703125,991.489990234375,94.30999755859375,32.959999084472656,47.369998931884766,558.02001953125,691.4400024414062,514.780029296875,-11005.83984375,0,-0.3305616948154534,-0.0010458046894819323,0.7415688157806684,0.6774537642158028,0.3517423790005802,0.6455171847731392,0.02532311843775734
1759043871.6948555,265.7799987792969,268.95001220703125,991.489990234375,94.30999755859375,32.959999084472656,47.369998931884766,558.02001953125,691.4400024414062,514.780029296875,-11040.2099609375,0,-0.33782050388582435,-0.001425499214508158,0.7582998050785377,0.8761586091690369,0.35020112386333874,-0.31830050246489705,0.09159724097606509
1759043871.7600245,265.7799987792969,268.95001220703125,991.489990234375,94.22000122070312,32.959999084472656,47.369998931884766,558.02001953125,691.4400024414062,514.780029296875,-11075.8896484375,1,-0.3465426076518008,-0.011412538898986172,0.7473968772433381,0.9372877929396928,0.22663704605958285,-0.05589609300751175,0.25884912467714016
1759043871.7972386,265.7799987792969,268.95001220703125,991.489990234375,94.22000122070312,32.959999084472656,47.369998931884766,558.02001953125,691.4400024414062,514.780029296875,-11075.8896484375,0,-0.3383973764445734,-0.0007639013380827007,0.758448404901198,0.67229602011975,0.3575902697012884,0.6458348260288413,0.0551782369635074
1759043871.828061,265.7799987792969,268.95001220703125,991.489990234375,94.22000122070312,32.959999084472656,47.369998931884766,558.02001953125,691.4400024414062,514.780029296875,-11115.5302734375,1,-0.3527515810513923,-0.01151325905478825,0.7602792797281493,-0.8102422841145799,-0.2971734501959285,-0.47827257288304975,0.162636796449218
1759043871.898077,265.7799987792969,268.95001220703125,991.489990234375,94.22000122070312,32.959999084472656,47.369998931884766,558.02001953125,691.4400024414062,514.780029296875,-11115.5302734375,0,-0.3318109100257602,-0.0010460467086004146,0.7416753195399753,0.6769691971217084,0.35163497408466854,0.6460675361292346,0.025734993855920086
1759043871.9275107,265.7799987792969,268.95001220703125,991.489990234375,94.22000122070312,32.959999084472656,47.369998931884766,558.02001953125,691.4400024414062,514.780029296875,-11148.3095703125,0,-0.334564004027641,-0.0010563144180306995,0.7471425794045146,0.6663194957594993,0.3457441366540011,0.6594292358465322,0.04040302527094776
1759043871.967144,265.7799987792969,268.95001220703125,991.489990234375,94.22000122070312,32.959999084472656,47.369998931884766,558.02001953125,691.4400024414062,514.780029296875,-11148.3095703125,1,-0.34331172659285164,-0.011551976131243145,0.7365964570545761,0.9282838496216281,0.20283378859184198,-0.02561965185379877,0.3106302982260755
1759043872.0751607,265.7799987792969,268.95001220703125,991.489990234375,94.22000122070312,32.959999084472656,47.369998931884766,558.02001953125,691.4400024414062,514.780029296875,-11153.1396484375,1,-0.35557537906100695,-0.011846113672351277,0.7623608860826282,-0.8321431201655703,-0.3089534139217003,-0.4218130536936375,0.18482251843561803
1759043872.0751607,265.7799987792969,268.95001220703125,991.489990234375,94.22000122070312,32.959999084472656,47.369998931884766,558.02001953125,691.4400024414062,514.780029296875,-11153.1396484375,0,-0.33306041551901117,-0.0010462884204047618,0.7417816881258193,0.67648430563659,0.35152714577981736,0.6466173583262512,0.026146546970036034
1759043872.1045816,265.7799987792969,268.95001220703125,991.489990234375,94.22000122070312,32.959999084472656,47.369998931884766,558.02001953125,691.4400024414062,514.780029296875,-11153.1396484375,1,-0.3492571049438962,-0.0114219215932856,0.7480234408462263,0.9375141418212994,0.22644346501676607,-0.05491379252078841,0.25840871971985974
1759043872.1045816,265.7799987792969,268.95001220703125,991.489990234375,94.22000122070312,32.959999084472656,47.369998931884766,558.02001953125,691.4400024414062,514.780029296875,-11153.1396484375,0,-0.3443729168605001,-0.0008254443708830288,0.7667469523972421,0.8822838941333948,0.3295623838662336,-0.3069166661621234,0.1369887780993234
1759043872.3694336,265.7799987792969,268.95001220703125,991.489990234375,94.30999755859375,32.959999084472656,47.369998931884766,558.02001953125,691.4400024414062,514.780029296875,-11153.1396484375,1,-0.3542662873238545,-0.010609007944429585,0.762201710962475,-0.832751558180761,-0.30912481880721404,-0.4205593492918832,0.1846524369406202
1759043872.934513,265.7799987792969,268.95001220703125,991.489990234375,94.22000122070312,32.959999084472656,47.369998931884766,558.02001953125,691.4400024414062,514.780029296875,-11209.48046875,1,-0.35557537906100695,-0.011846113672351277,0.7623608860826282,-0.8321431201655703,-0.3089534139217003,-0.4218130536936375,0.18482251843561803
1759043873.0725396,265.7799987792969,268.95001220703125,991.489990234375,94.22000122070312,32.959999084472656,47.369998931884766,558.02001953125,691.4400024414062,514.780029296875,-11252.4599609375,1,-0.35557537906100695,-0.011846113672351277,0.7623608860826282,-0.8321431201655703,-0.3089534139217003,-0.4218130536936375,0.18482251843561803
1759043873.0725396,265.7799987792969,268.95001220703125,991.489990234375,94.22000122070312,32.959999084472656,47.369998931884766,558.02001953125,691.4400024414062,514.780029296875,-11252.4599609375,0,-0.33968555279805746,-0.001378882714173852,0.7585812483446914,0.6699491061249253,0.35646868074898247,0.64865250566435,0.05786364785298209
1759043873.2008667,265.7799987792969,268.95001220703125,991.489990234375,94.22000122070312,32.959999084472656,47.369998931884766,558.02001953125,691.4400024414062,514.780029296875,-11293.330078125,1,-0.3542662873238545,-0.010609007944429585,0.762201710962475,-0.832751558180761,-0.30912481880721404,-0.4205593492918832,0.1846524369406202
1759043873.268307,265.7799987792969,268.95001220703125,991.489990234375,94.22000122070312,32.959999084472656,47.369998931884766,558.02001953125,691.4400024414062,514.780029296875,-11332.349609375,1,-0.34807003111914664,-0.009508531398044992,0.7482336536401003,-0.8235108736833762,-0.3141442698282089,-0.4477286991908067,0.1506062102977572
1759043873.3677926,265.69000244140625,268.95001220703125,991.489990234375,94.22000122070312,32.959999084472656,47.369998931884766,558.02001953125,691.4400024414062,514.780029296875,-11369.8798828125,1,-0.3513346469003123,-0.008168830197387586,0.7551022265760794,0.9309579251616692,0.21550559442781902,-0.05502993257483851,0.28956240582955656
1759043873.3997636,265.69000244140625,268.95001220703125,991.489990234375,94.22000122070312,32.959999084472656,47.369998931884766,558.02001953125,691.4400024414062,514.780029296875,-11369.8798828125,0,-0.3320920197951291,0.002559756179631242,0.7423040057716453,0.6774064604717053,0.35270807634663187,0.6449303180112631,0.027971147651569692
1759043873.4287271,265.69000244140625,268.95001220703125,991.489990234375,94.22000122070312,32.959999084472656,47.369998931884766,558.02001953125,691.4400024414062,514.780029296875,-11406.5302734375,1,-0.3495539643150739,-0.007519658827931191,0.7518964250152719,0.9434012724856372,0.21794495243808565,-0.09075159591334873,0.23293386318528564
1759043873.46669,265.69000244140625,268.95001220703125,991.489990234375,94.22000122070312,32.959999084472656,47.369998931884766,558.02001953125,691.4400024414062,514.780029296875,-11406.5302734375,0,-0.3459422370958676,0.002930160263080446,0.7737269046592601,0.8780811744510324,0.3298065329536017,-0.3248187080579704,0.12121843420607124
1759043873.4955814,265.69000244140625,268.95001220703125,991.489990234375,94.22000122070312,32.959999084472656,47.369998931884766,558.02001953125,691.4400024414062,514.780029296875,-11406.5302734375,1,-0.362365279863572,-0.0071634810717993175,0.7794757678986128,0.9369436823855826,0.22050796408343692,-0.05939375579408572,0.26454707631382895
1759043873.5286288,265.69000244140625,268.95001220703125,991.489990234375,94.22000122070312,32.959999084472656,47.369998931884766,558.02001953125,691.4400024414062,514.780029296875,-11443.26953125,1,-0.35455822364623585,-0.006911215425302095,0.7628294415304011,-0.8338866256834768,-0.3097611278062128,-0.41882240148028466,0.18239773908888118
1759043873.709585,265.7799987792969,268.95001220703125,991.489990234375,94.30999755859375,32.959999084472656,47.369998931884766,558.02001953125,691.4400024414062,514.780029296875,-11479.5703125,1,-0.35446087758269273,-0.008144490175216988,0.7626201265284493,-0.8335088541438925,-0.3095495202533005,-0.4194031399877758,0.18314772928726417
1759043873.709585,265.7799987792969,268.95001220703125,991.489990234375,94.30999755859375,32.959999084472656,47.369998931884766,558.02001953125,691.4400024414062,514.780029296875,-11479.5703125,0,-0.3320920197951291,0.002559756179631242,0.7423040057716453,0.6774064604717053,0.35270807634663187,0.6449303180112631,0.027971147651569692
1759043873.7289987,265.7799987792969,268.95001220703125,991.489990234375,94.30999755859375,32.959999084472656,47.369998931884766,558.02001953125,691.4400024414062,514.780029296875,-11495.2099609375,1,-0.35446087758269273,-0.008144490175216988,0.7626201265284493,-0.8335088541438925,-0.3095495202533005,-0.4194031399877758,0.18314772928726417
1759043873.865607,265.7799987792969,268.95001220703125,991.489990234375,94.30999755859375,32.959999084472656,47.369998931884766,558.02001953125,691.4400024414062,514.780029296875,-11495.48046875,0,-0.35212265574053403,0.0027107105078051875,0.7863469759257344,0.6740797014452978,0.3632096647330587,0.6417190865302883,0.04349608633716135
1759043874.0407476,265.7799987792969,268.95001220703125,991.489990234375,94.30999755859375,32.959999084472656,47.369998931884766,558.02001953125,691.4400024414062,514.780029296875,-11495.48046875,1,-0.3677964166430609,-0.008527581592383083,0.7891055223262302,0.940875769798666,0.21262686727849955,-0.02836391123218066,0.26217949892528203
1759043874.4111035,265.7799987792969,268.95001220703125,991.489990234375,94.22000122070312,32.959999084472656,47.369998931884766,558.02001953125,691.4400024414062,514.780029296875,-11495.48046875,1,-0.3495539643150739,-0.007519658827931191,0.7518964250152719,0.9434012724856372,0.21794495243808565,-0.09075159591334873,0.23293386318528564
1759043874.43858,265.7799987792969,268.95001220703125,991.489990234375,94.22000122070312,32.959999084472656,47.369998931884766,558.02001953125,691.4400024414062,514.780029296875,-11495.48046875,1,-0.362365279863572,-0.0071634810717993175,0.7794757678986128,0.9369436823855826,0.22050796408343692,-0.05939375579408572,0.26454707631382895
1759043874.43858,265.7799987792969,268.95001220703125,991.489990234375,94.22000122070312,32.959999084472656,47.369998931884766,558.02001953125,691.4400024414062,514.780029296875,-11495.48046875,0,-0.3459422370958676,0.002930160263080446,0.7737269046592601,0.8780811744510324,0.3298065329536017,-0.3248187080579704,0.12121843420607124
1759043874.470085,265.7799987792969,268.95001220703125,991.489990234375,94.22000122070312,32.959999084472656,47.369998931884766,558.02001953125,691.4400024414062,514.780029296875,-11495.48046875,1,-0.3669296191909717,-0.007244255950753511,0.788616332870374,0.9415273520545622,0.21376256885157613,-0.027367448246502023,0.2590035371719364
1759043874.5289032,265.7799987792969,268.95001220703125,991.489990234375,94.22000122070312,32.959999084472656,47.369998931884766,558.02001953125,691.4400024414062,514.780029296875,-11495.48046875,1,-0.3482863507426858,-0.007089237607117353,0.748698477655969,-0.8242408998221796,-0.31459539556777955,-0.4465977319267551,0.14902060926514232
1759043874.740697,265.7799987792969,268.95001220703125,991.489990234375,94.22000122070312,32.959999084472656,47.369998931884766,558.02001953125,691.4400024414062,514.780029296875,-11498.0302734375,1,-0.3482237140514375,-0.00779123933545218,0.7484080417143929,0.9370392994723082,0.22617892528968228,-0.05478911020797395,0.26038163990932384
1759043874.8691852,265.7799987792969,268.95001220703125,991.489990234375,94.22000122070312,32.959999084472656,47.369998931884766,558.02001953125,691.4400024414062,514.780029296875,-11529.0498046875,1,-0.3677964166430609,-0.008527581592383083,0.7891055223262302,0.940875769798666,0.21262686727849955,-0.02836391123218066,0.26217949892528203
1759043875.0018306,265.7799987792969,268.95001220703125,991.489990234375,94.30999755859375,32.959999084472656,47.369998931884766,558.02001953125,691.4400024414062,514.780029296875,-11572.3798828125,1,-0.35272078342276575,-0.008172510223021512,0.7554506578736022,0.9310793005893925,0.2153879979199534,-0.05450885391271445,0.2893581365904963
1759043875.0743513,265.7799987792969,268.95001220703125,991.489990234375,94.30999755859375,32.959999084472656,47.369998931884766,558.02001953125,691.4400024414062,514.780029296875,-11616.8603515625,1,-0.3558696536861041,-0.008148595663174767,0.7629914526293117,-0.8332819329591759,-0.3095911952747836,-0.4200782293223755,0.18256175191295704
1759043875.0743513,265.7799987792969,268.95001220703125,991.489990234375,94.30999755859375,32.959999084472656,47.369998931884766,558.02001953125,691.4400024414062,514.780029296875,-11616.8603515625,0,-0.3476614331494609,0.002352887769944224,0.773583534074105,0.6703804929194211,0.35207630917310034,0.6527300530720729,0.02399468792650523
1759043875.1340103,265.7799987792969,268.95001220703125,991.489990234375,94.30999755859375,32.959999084472656,47.369998931884766,558.02001953125,691.4400024414062,514.780029296875,-11655.7900390625,1,-0.34964764296868084,-0.007092385526284993,0.7490160936177493,-0.8239646964113619,-0.3146065001191416,-0.44729455211057695,0.14843352991394904
1759043875.1340103,265.7799987792969,268.95001220703125,991.489990234375,94.30999755859375,32.959999084472656,47.369998931884766,558.02001953125,691.4400024414062,514.780029296875,-11655.7900390625,0,-0.3538811011402415,0.003352056193995635,0.7874243691953093,0.6741577951203149,0.36363058541237653,0.6413780447674347,0.043798040155586256
1759043875.4091592,265.69000244140625,268.95001220703125,991.489990234375,94.22000122070312,32.959999084472656,47.369998931884766,558.02001953125,691.4400024414062,514.780029296875,-11734.099609375,1,-0.35164248376995166,-0.004503598921143416,0.7557645882009991,0.9304969393224888,0.21512302425149515,-0.05446280033868836,0.29142980926397954
1759043875.5302784,265.69000244140625,268.95001220703125,991.489990234375,94.22000122070312,32.959999084472656,47.369998931884766,558.02001953125,691.4400024414062,514.780029296875,-11806.4404296875,1,-0.36321636381078015,-0.005810803454145496,0.7800979905085152,-0.8225351555352511,-0.3112081184801917,-0.45048121888063625,0.15379238061892347
1759043875.8451009,265.7799987792969,268.95001220703125,991.489990234375,94.30999755859375,32.959999084472656,47.369998931884766,558.02001953125,691.4400024414062,514.780029296875,-11842.3798828125,0,-0.3548074755405887,0.004267001622992382,0.7885503426716359,0.8873277617560379,0.32395573040477593,-0.30962576997820557,0.10878423838190673
1759043875.8662245,265.7799987792969,268.95001220703125,991.489990234375,94.30999755859375,32.959999084472656,47.369998931884766,558.02001953125,691.4400024414062,514.780029296875,-11842.3798828125,1,-0.36452067787107656,-0.007075195027495703,0.7801845443740851,-0.8218906143377083,-0.31099584539942426,-0.45172909904400227,0.1540072182878977
1759043875.8969345,265.7799987792969,268.95001220703125,991.489990234375,94.30999755859375,32.959999084472656,47.369998931884766,558.02001953125,691.4400024414062,514.780029296875,-11842.3798828125,1,-0.36946301756302297,-0.005977478746950996,0.7899356750574084,0.9407100025278419,0.21233372604018602,-0.027352857042074755,0.2631176564611257
1759043875.9308374,265.7799987792969,268.95001220703125,991.489990234375,94.30999755859375,32.959999084472656,47.369998931884766,558.02001953125,691.4400024414062,514.780029296875,-11842.3798828125,1,-0.356734016133233,-0.005783148612548834,0.7633936901672509,0.934238472471236,0.20727468151212913,-0.024570905244288687,0.2891918974904611
1759043875.9676068,265.7799987792969,268.95001220703125,991.489990234375,94.22000122070312,32.959999084472656,47.369998931884766,558.02001953125,691.4400024414062,514.780029296875,-11842.3798828125,0,-0.33627515013261433,0.005001389494585349,0.7482569074728842,0.6664568699114285,0.34743732154718227,0.6581359087071587,0.044493525531067904
1759043876.1004968,265.7799987792969,268.95001220703125,991.489990234375,94.22000122070312,32.959999084472656,47.369998931884766,558.02001953125,691.4400024414062,514.780029296875,-11842.3798828125,0,-0.35398159826548264,0.004628697053269248,0.7876480870925502,0.6742948132183071,0.36398617858444965,0.6409809330407819,0.04454222877838971
1759043876.5156507,265.7799987792969,268.95001220703125,991.489990234375,94.22000122070312,32.959999084472656,47.369998931884766,558.02001953125,691.4400024414062,514.780029296875,-11842.3798828125,1,-0.36848283902267925,-0.005971271660589777,0.7892065330590624,0.9414996178597641,0.2135787172525957,-0.026608149837993915,0.2593349329898556
1759043876.5753548,265.7799987792969,268.95001220703125,991.489990234375,94.30999755859375,32.959999084472656,47.369998931884766,558.02001953125,691.4400024414062,514.780029296875,-11842.3798828125,1,-0.36389594642063794,-0.005905195884820182,0.7800498692191272,0.9369359224642841,0.22028368223214428,-0.0586969493406544,0.26491667496846866
1759043876.5753548,265.7799987792969,268.95001220703125,991.489990234375,94.30999755859375,32.959999084472656,47.369998931884766,558.02001953125,691.4400024414062,514.780029296875,-11842.3798828125,0,-0.3621028619504961,0.004365819768148491,0.8062154635504453,0.872069760544694,0.3654234647703813,-0.3144109369533453,0.08429582945110337
1759043876.7755609,265.7799987792969,268.95001220703125,991.489990234375,94.22000122070312,32.959999084472656,47.369998931884766,558.02001953125,691.4400024414062,514.780029296875,-11842.3798828125,1,-0.36848283902267925,-0.005971271660589777,0.7892065330590624,0.9414996178597641,0.2135787172525957,-0.026608149837993915,0.2593349329898556
1759043876.7979248,265.7799987792969,268.95001220703125,991.489990234375,94.22000122070312,32.959999084472656,47.369998931884766,558.02001953125,691.4400024414062,514.780029296875,-11842.3798828125,1,-0.36389594642063794,-0.005905195884820182,0.7800498692191272,0.9369359224642841,0.22028368223214428,-0.0586969493406544,0.26491667496846866
1759043876.9011347,265.7799987792969,268.95001220703125,991.489990234375,94.22000122070312,32.959999084472656,47.369998931884766,558.02001953125,691.4400024414062,514.780029296875,-11842.3798828125,1,-0.3593748913257323,-0.0060535447778625835,0.7705165374640569,-0.8265101154666787,-0.3080946155205106,-0.4552404680759489,0.12130479440037491
1759043876.9011347,265.7799987792969,268.95001220703125,991.489990234375,94.22000122070312,32.959999084472656,47.369998931884766,558.02001953125,691.4400024414062,514.780029296875,-11842.3798828125,0,-0.34734637640624055,0.004185184370136026,0.7740624070776234,0.878310775092437,0.3293788237658936,-0.3244450061056618,0.12171775065378117
1759043876.9342983,265.7799987792969,268.95001220703125,991.489990234375,94.22000122070312,32.959999084472656,47.369998931884766,558.02001953125,691.4400024414062,514.780029296875,-11842.3798828125,1,-0.36848283902267925,-0.005971271660589777,0.7892065330590624,0.9414996178597641,0.2135787172525957,-0.026608149837993915,0.2593349329898556
1759043876.967873,265.7799987792969,268.95001220703125,991.489990234375,94.30999755859375,32.959999084472656,47.369998931884766,558.02001953125,691.4400024414062,514.780029296875,-11842.3798828125,1,-0.36389594642063794,-0.005905195884820182,0.7800498692191272,0.9369359224642841,0.22028368223214428,-0.0586969493406544,0.26491667496846866
1759043876.967873,265.7799987792969,268.95001220703125,991.489990234375,94.30999755859375,32.959999084472656,47.369998931884766,558.02001953125,691.4400024414062,514.780029296875,-11842.3798828125,0,-0.3621028619504961,0.004365819768148491,0.8062154635504453,0.872069760544694,0.3654234647703813,-0.3144109369533453,0.08429582945110337
1759043877.00224,265.7799987792969,268.95001220703125,991.489990234375,94.30999755859375,32.959999084472656,47.369998931884766,558.02001953125,691.4400024414062,514.780029296875,-11842.3798828125,1,-0.36848283902267925,-0.005971271660589777,0.7892065330590624,0.9414996178597641,0.2135787172525957,-0.026608149837993915,0.2593349329898556
1759043877.068337,265.7799987792969,268.95001220703125,991.489990234375,94.30999755859375,32.959999084472656,47.369998931884766,558.02001953125,691.4400024414062,514.780029296875,-11842.3798828125,1,-0.3593748913257323,-0.0060535447778625835,0.7705165374640569,-0.8265101154666787,-0.3080946155205106,-0.4552404680759489,0.12130479440037491
1759043877.068337,265.7799987792969,268.95001220703125,991.489990234375,94.30999755859375,32.959999084472656,47.369998931884766,558.02001953125,691.4400024414062,514.780029296875,-11842.3798828125,0,-0.35662155915567584,0.004665082076642111,0.794227670143293,0.6634332709341291,0.3582717704392393,0.6542877407707852,0.05835396988241281
1759043877.1008515,265.7799987792969,268.95001220703125,991.489990234375,94.30999755859375,32.959999084472656,47.369998931884766,558.02001953125,691.4400024414062,514.780029296875,-11842.3798828125,1,-0.36848283902267925,-0.005971271660589777,0.7892065330590624,0.9414996178597641,0.2135787172525957,-0.026608149837993915,0.2593349329898556
1759043877.1357014,265.7799987792969,268.95001220703125,991.489990234375,94.30999755859375,32.959999084472656,47.369998931884766,558.02001953125,691.4400024414062,514.780029296875,-11842.3798828125,1,-0.36389594642063794,-0.005905195884820182,0.7800498692191272,0.9369359224642841,0.22028368223214428,-0.0586969493406544,0.26491667496846866
1759043877.3340633,265.7799987792969,268.95001220703125,991.489990234375,94.30999755859375,32.959999084472656,47.369998931884766,558.02001953125,691.4400024414062,514.780029296875,-11842.2900390625,1,-0.36848283902267925,-0.005971271660589777,0.7892065330590624,0.9414996178597641,0.2135787172525957,-0.026608149837993915,0.2593349329898556
1759043877.3340633,265.7799987792969,268.95001220703125,991.489990234375,94.30999755859375,32.959999084472656,47.369998931884766,558.02001953125,691.4400024414062,514.780029296875,-11842.2900390625,0,-0.3478619782329066,0.004861510007617849,0.7740299919539476,0.670672404151876,0.35280439949856895,0.6519810233065323,0.025462271143085097
1759043877.5043063,265.7799987792969,268.95001220703125,991.489990234375,94.22000122070312,32.959999084472656,47.369998931884766,558.02001953125,691.4400024414062,514.780029296875,-11842.3798828125,1,-0.3593748913257323,-0.0060535447778625835,0.7705165374640569,-0.8265101154666787,-0.3080946155205106,-0.4552404680759489,0.12130479440037491
1759043877.5332484,265.7799987792969,268.95001220703125,991.489990234375,94.22000122070312,32.959999084472656,47.369998931884766,558.02001953125,691.4400024414062,514.780029296875,-11842.3798828125,1,-0.36848283902267925,-0.005971271660589777,0.7892065330590624,0.9414996178597641,0.2135787172525957,-0.026608149837993915,0.2593349329898556
1759043877.5685625,265.7799987792969,268.95001220703125,991.489990234375,94.22000122070312,32.959999084472656,47.369998931884766,558.02001953125,691.4400024414062,514.780029296875,-11842.3798828125,0,-0.35662155915567584,0.004665082076642111,0.794227670143293,0.6634332709341291,0.3582717704392393,0.6542877407707852,0.05835396988241281
1759043877.6003783,265.7799987792969,268.95001220703125,991.489990234375,94.22000122070312,32.959999084472656,47.369998931884766,558.02001953125,691.4400024414062,514.780029296875,-11842.3798828125,1,-0.3593748913257323,-0.0060535447778625835,0.7705165374640569,-0.8265101154666787,-0.3080946155205106,-0.4552404680759489,0.12130479440037491
1759043877.6003783,265.7799987792969,268.95001220703125,991.489990234375,94.22000122070312,32.959999084472656,47.369998931884766,558.02001953125,691.4400024414062,514.780029296875,-11842.3798828125,0,-0.3621028619504961,0.004365819768148491,0.8062154635504453,0.872069760544694,0.3654234647703813,-0.3144109369533453,0.08429582945110337
1759043877.7439125,265.7799987792969,268.95001220703125,991.489990234375,94.22000122070312,32.959999084472656,47.369998931884766,558.02001953125,691.4400024414062,514.780029296875,-11842.3798828125,1,-0.36848283902267925,-0.005971271660589777,0.7892065330590624,0.9414996178597641,0.2135787172525957,-0.026608149837993915,0.2593349329898556
1759043877.7439125,265.7799987792969,268.95001220703125,991.489990234375,94.22000122070312,32.959999084472656,47.369998931884766,558.02001953125,691.4400024414062,514.780029296875,-11842.3798828125,0,-0.3478619782329066,0.004861510007617849,0.7740299919539476,0.670672404151876,0.35280439949856895,0.6519810233065323,0.025462271143085097
1759043877.764899,265.7799987792969,268.95001220703125,991.489990234375,94.22000122070312,32.959999084472656,47.369998931884766,558.02001953125,691.4400024414062,514.780029296875,-11842.3798828125,1,-0.36389594642063794,-0.005905195884820182,0.7800498692191272,0.9369359224642841,0.22028368223214428,-0.0586969493406544,0.26491667496846866
1759043877.8019214,265.7799987792969,268.95001220703125,991.489990234375,94.22000122070312,32.959999084472656,47.369998931884766,558.02001953125,691.4400024414062,514.780029296875,-11842.3798828125,0,-0.35662155915567584,0.004665082076642111,0.794227670143293,0.6634332709341291,0.3582717704392393,0.6542877407707852,0.05835396988241281
1759043877.8459616,265.7799987792969,268.95001220703125,991.489990234375,94.22000122070312,32.959999084472656,47.369998931884766,558.02001953125,691.4400024414062,514.780029296875,-11842.2900390625,0,-0.3478619782329066,0.004861510007617849,0.7740299919539476,0.670672404151876,0.35280439949856895,0.6519810233065323,0.025462271143085097
1759043877.8684561,265.7799987792969,268.95001220703125,991.489990234375,94.22000122070312,32.959999084472656,47.369998931884766,558.02001953125,691.4400024414062,514.780029296875,-11842.2900390625,0,-0.35662155915567584,0.004665082076642111,0.794227670143293,0.6634332709341291,0.3582717704392393,0.6542877407707852,0.05835396988241281
1759043877.898737,265.7799987792969,268.95001220703125,991.489990234375,94.22000122070312,32.959999084472656,47.369998931884766,558.02001953125,691.4400024414062,514.780029296875,-11842.2900390625,1,-0.36848283902267925,-0.005971271660589777,0.7892065330590624,0.9414996178597641,0.2135787172525957,-0.026608149837993915,0.2593349329898556
1759043877.9396064,265.7799987792969,268.95001220703125,991.489990234375,94.22000122070312,32.959999084472656,47.369998931884766,558.02001953125,691.4400024414062,514.780029296875,-11842.3798828125,1,-0.36389594642063794,-0.005905195884820182,0.7800498692191272,0.9369359224642841,0.22028368223214428,-0.0586969493406544,0.26491667496846866
1759043878.073965,265.7799987792969,268.95001220703125,991.489990234375,94.22000122070312,32.959999084472656,47.369998931884766,558.02001953125,691.4400024414062,514.780029296875,-11842.3798828125,1,-0.36848283902267925,-0.005971271660589777,0.7892065330590624,0.9414996178597641,0.2135787172525957,-0.026608149837993915,0.2593349329898556
1759043878.1000006,265.7799987792969,268.95001220703125,991.489990234375,94.22000122070312,32.959999084472656,47.369998931884766,558.02001953125,691.4400024414062,514.780029296875,-11842.3798828125,1,-0.36389594642063794,-0.005905195884820182,0.7800498692191272,0.9369359224642841,0.22028368223214428,-0.0586969493406544,0.26491667496846866
1759043878.1727636,265.7799987792969,268.95001220703125,991.489990234375,94.30999755859375,32.959999084472656,47.369998931884766,558.02001953125,691.4400024414062,514.780029296875,-11842.3798828125,1,-0.36848283902267925,-0.005971271660589777,0.7892065330590624,0.9414996178597641,0.2135787172525957,-0.026608149837993915,0.2593349329898556
1759043878.1727636,265.7799987792969,268.95001220703125,991.489990234375,94.30999755859375,32.959999084472656,47.369998931884766,558.02001953125,691.4400024414062,514.780029296875,-11842.3798828125,0,-0.34734637640624055,0.004185184370136026,0.7740624070776234,0.878310775092437,0.3293788237658936,-0.3244450061056618,0.12171775065378117
1759043878.2000136,265.7799987792969,268.95001220703125,991.489990234375,94.30999755859375,32.959999084472656,47.369998931884766,558.02001953125,691.4400024414062,514.780029296875,-11842.3798828125,1,-0.3593748913257323,-0.0060535447778625835,0.7705165374640569,-0.8265101154666787,-0.3080946155205106,-0.4552404680759489,0.12130479440037491
1759043878.3023827,265.7799987792969,268.95001220703125,991.489990234375,94.30999755859375,32.959999084472656,47.369998931884766,558.02001953125,691.4400024414062,514.780029296875,-11842.2900390625,0,-0.35662155915567584,0.004665082076642111,0.794227670143293,0.6634332709341291,0.3582717704392393,0.6542877407707852,0.05835396988241281
1759043878.3689475,265.7799987792969,268.95001220703125,983.6699829101562,94.22000122070312,32.959999084472656,47.369998931884766,558.02001953125,691.4400024414062,514.780029296875,-11842.3798828125,1,-0.356734016133233,-0.005783148612548834,0.7633936901672509,0.934238472471236,0.20727468151212913,-0.024570905244288687,0.2891918974904611
1759043878.3689475,265.7799987792969,268.95001220703125,983.6699829101562,94.22000122070312,32.959999084472656,47.369998931884766,558.02001953125,691.4400024414062,514.780029296875,-11842.3798828125,0,-0.35398159826548264,0.004628697053269248,0.7876480870925502,0.6742948132183071,0.36398617858444965,0.6409809330407819,0.04454222877838971
1759043878.403018,265.7799987792969,268.95001220703125,983.6699829101562,94.22000122070312,32.959999084472656,47.369998931884766,558.02001953125,691.4400024414062,514.780029296875,-11842.3798828125,0,-0.3478619782329066,0.004861510007617849,0.7740299919539476,0.670672404151876,0.35280439949856895,0.6519810233065323,0.025462271143085097
1759043878.47002,265.7799987792969,268.95001220703125,983.6699829101562,94.22000122070312,32.959999084472656,47.369998931884766,558.02001953125,691.4400024414062,514.780029296875,-11842.3798828125,1,-0.36801673760266507,-0.005974876568413189,0.7895787265826909,0.9406034028714145,0.21241889819266654,-0.02785782543693857,0.2633769005802412
1759043878.47002,265.7799987792969,268.95001220703125,983.6699829101562,94.22000122070312,32.959999084472656,47.369998931884766,558.02001953125,691.4400024414062,514.780029296875,-11842.3798828125,0,-0.3534840527062002,0.004266440612938212,0.7884483182687395,0.8871302337445396,0.32403902683296965,-0.31011336095370834,0.10875826783971686
1759043878.499337,265.7799987792969,268.95001220703125,983.6699829101562,94.22000122070312,32.959999084472656,47.369998931884766,558.02001953125,691.4400024414062,514.780029296875,-11842.3798828125,1,-0.3473444617386449,-0.006469658385358965,0.7473219748891963,-0.8241525213947787,-0.29691270178345347,-0.44623650556912436,0.1829984975231654
1759043878.533911,265.7799987792969,268.95001220703125,983.6699829101562,94.22000122070312,32.959999084472656,47.369998931884766,558.02001953125,691.4400024414062,514.780029296875,-11842.3798828125,1,-0.36301519176738634,-0.007837580585979586,0.7836184138143097,0.9396236117732136,0.17986978217604324,-0.0315304031987708,0.2894134816008526
1759043878.566484,265.7799987792969,268.95001220703125,969.7899780273438,94.30999755859375,32.959999084472656,47.369998931884766,558.02001953125,691.4400024414062,514.780029296875,-11842.3798828125,1,-0.3548282846532963,-0.00862877510776177,0.769292159172518,0.9423724522742746,0.19964806994551956,-0.06152386866374295,0.26132283280694335
1759043878.600654,265.7799987792969,268.95001220703125,969.7899780273438,94.30999755859375,32.959999084472656,47.369998931884766,558.02001953125,691.4400024414062,514.780029296875,-11842.3798828125,1,-0.36048865092057614,-0.0097813814838114,0.787107512146338,0.940478526600796,0.21317604807066326,-0.03113930208211518,0.2628430280559272
1759043878.7387862,265.7799987792969,268.95001220703125,969.7899780273438,94.30999755859375,32.959999084472656,47.369998931884766,558.02001953125,691.4400024414062,514.780029296875,-11842.3798828125,1,-0.35129958343852785,-0.01518620177301195,0.7916725113822979,-0.8453342088582134,-0.2967733494970554,-0.39080300542896607,0.2112076355391639
1759043878.9150388,265.7799987792969,268.95001220703125,956.25,94.22000122070312,32.959999084472656,47.369998931884766,558.02001953125,691.4400024414062,514.780029296875,-11842.3798828125,1,-0.33732212451579313,-0.019505800054983816,0.7845447870431467,-0.8328308739724791,-0.2808958688341554,-0.451017794209915,0.1551553915794249
1759043878.939306,265.7799987792969,268.95001220703125,956.25,94.22000122070312,32.959999084472656,47.369998931884766,558.02001953125,691.4400024414062,514.780029296875,-11842.3798828125,1,-0.3457923499901009,-0.0203590614530781,0.805748783189056,-0.8454652717830933,-0.29366105612938526,-0.4207700348495637,0.14800079761410545
1759043878.939306,265.7799987792969,268.95001220703125,956.25,94.22000122070312,32.959999084472656,47.369998931884766,558.02001953125,691.4400024414062,514.780029296875,-11842.3798828125,0,-0.3271575797872782,-0.010519812883596878,0.7958917678768908,0.8829188102534627,0.30934258944790066,-0.32774404264538787,0.1317018578636449
1759043879.0329912,265.7799987792969,268.95001220703125,942.3599853515625,94.22000122070312,32.959999084472656,47.369998931884766,558.02001953125,691.4400024414062,514.780029296875,-11842.3798828125,1,-0.32910020423001574,-0.02010956395774851,0.7674344939756103,0.9349780457480239,0.19243779620175921,-0.07371805334795324,0.2887029566402199
1759043879.4326653,265.7799987792969,268.95001220703125,914.9400024414062,94.30999755859375,32.959999084472656,47.369998931884766,558.02001953125,691.4400024414062,514.780029296875,-11842.3798828125,1,-0.3298631812007104,-0.025541245277383513,0.7916352956870278,0.9510955015261574,0.20062353933086133,-0.051938783037945205,0.22906310322616977
1759043879.5658658,265.7799987792969,268.95001220703125,902.02001953125,94.22000122070312,32.959999084472656,47.369998931884766,558.02001953125,691.4400024414062,514.780029296875,-11842.3798828125,1,-0.32012813584436717,-0.02744328682996449,0.7819172123808269,0.9499391570536639,0.19935727015488475,-0.12353910241370374,0.2064227867929875
1759043879.6315498,265.7799987792969,268.95001220703125,902.02001953125,94.22000122070312,32.959999084472656,47.369998931884766,558.02001953125,691.4400024414062,514.780029296875,-11842.3798828125,1,-0.3245839118803053,-0.029781703215487478,0.802339408216508,0.9503734777494034,0.21352395348640713,-0.09618362025364943,0.20480841113816728
1759043879.9325345,265.7799987792969,268.95001220703125,901.22998046875,94.30999755859375,32.959999084472656,47.369998931884766,558.02001953125,691.4400024414062,514.780029296875,-11842.2900390625,1,-0.3290587893059124,-0.030804925509569432,0.8144162657006517,-0.8560880168145172,-0.2624497603457041,-0.4237824242811747,0.13653529811532206
1759043879.966365,265.7799987792969,268.95001220703125,901.1400146484375,94.22000122070312,32.959999084472656,47.369998931884766,558.02001953125,691.4400024414062,514.780029296875,-11842.2900390625,1,-0.32597570703469375,-0.029790029305121295,0.8025653955014206,0.9504794612511293,0.2134184294399059,-0.09572521399014401,0.2046412742378922
1759043880.0335593,265.7799987792969,268.95001220703125,901.1400146484375,94.22000122070312,32.959999084472656,47.369998931884766,558.02001953125,691.4400024414062,514.780029296875,-11842.3798828125,0,-0.32069911407406454,-0.020185247845941088,0.8223087114322103,0.8987911130566982,0.301010853781298,-0.30286661620863103,0.09919079484755387
1759043880.0680554,265.7799987792969,268.95001220703125,901.1400146484375,94.22000122070312,32.959999084472656,47.369998931884766,558.02001953125,691.4400024414062,514.780029296875,-11842.3798828125,1,-0.3235326198348867,-0.028368048724508186,0.7902324607280719,0.9542960973951666,0.22429826614471612,-0.10155647055383563,0.16939754894766562
1759043881.1403441,265.7799987792969,268.95001220703125,901.1400146484375,94.22000122070312,32.959999084472656,47.369998931884766,558.02001953125,691.4400024414062,514.780029296875,-11842.2900390625,0,-0.31943108132250225,-0.01887602866139243,0.8108899871597085,0.722570821299855,0.28739989886203565,0.6271091701147153,0.045019941116999126
1759043881.1782115,265.7799987792969,268.95001220703125,901.22998046875,94.30999755859375,32.959999084472656,47.369998931884766,558.02001953125,691.4400024414062,514.780029296875,-11842.2900390625,0,-0.32528141867721094,-0.019583784221973037,0.8254688615758811,0.8999036267051808,0.315244732563234,-0.2995996514505462,0.03216006972488005
1759043881.8414457,265.7799987792969,268.95001220703125,901.22998046875,94.30999755859375,32.959999084472656,47.369998931884766,558.02001953125,691.4400024414062,514.780029296875,-11842.3798828125,0,-0.3172022476386398,-0.01872332536569728,0.8044161348363467,0.7329721260159181,0.2943962610543618,0.6124714291820944,0.031007295860164364
1759043882.2419293,265.7799987792969,268.95001220703125,898.0700073242188,94.22000122070312,32.959999084472656,47.369998931884766,558.02001953125,691.4400024414062,514.780029296875,-11842.2900390625,1,-0.32693605762430067,-0.027757277089884017,0.7932720988009153,-0.8419816013116789,-0.24991738669322422,-0.45699975094325374,0.1405685260606182
1759043882.2718115,265.7799987792969,268.95001220703125,898.0700073242188,94.22000122070312,32.959999084472656,47.369998931884766,558.02001953125,691.4400024414062,514.780029296875,-11842.2900390625,1,-0.3228293934911938,-0.027457422171711845,0.7823229733268541,0.9501701023763288,0.19912352280533452,-0.12262177606016268,0.20613223729344612
1759043882.3691971,265.7799987792969,268.95001220703125,884.4400024414062,94.22000122070312,32.959999084472656,47.369998931884766,558.02001953125,691.4400024414062,514.780029296875,-11842.3798828125,1,-0.3213876707222529,-0.028709059170515985,0.7818990619452005,0.9501166978683615,0.19940724271715748,-0.12318178557907054,0.20576991929145808
1759043882.4081912,265.7799987792969,268.95001220703125,884.4400024414062,94.22000122070312,32.959999084472656,47.369998931884766,558.02001953125,691.4400024414062,514.780029296875,-11842.3798828125,0,-0.32631027378532806,-0.022459486987306633,0.8343587089695023,0.739941453615907,0.29815274095691424,0.6029505658096429,0.006496419820902651
1759043882.4689612,265.7799987792969,268.95001220703125,884.4400024414062,94.22000122070312,32.959999084472656,47.369998931884766,558.02001953125,691.4400024414062,514.780029296875,-11842.2900390625,1,-0.33400527770375205,-0.034546111154804035,0.8231403866795625,0.9547545445252035,0.21818064316729407,-0.10803962709192366,0.17078760386343989
1759043882.5677621,265.7799987792969,268.95001220703125,870.5599975585938,94.22000122070312,32.959999084472656,47.369998931884766,558.02001953125,691.4400024414062,514.780029296875,-11842.3798828125,1,-0.31850675427691205,-0.037476132299015814,0.8001346029924604,0.9503341056128698,0.2148200550270472,-0.09879599256839705,0.2023778236852762
1759043882.604356,265.7799987792969,268.95001220703125,870.5599975585938,94.22000122070312,32.959999084472656,47.369998931884766,558.02001953125,691.4400024414062,514.780029296875,-11842.3798828125,1,-0.3109361130563224,-0.037763014801285556,0.7858828913481599,0.9449679171646895,0.2111725767374557,-0.1659868500369209,0.18678903602276165
1759043882.604356,265.7799987792969,268.95001220703125,870.5599975585938,94.22000122070312,32.959999084472656,47.369998931884766,558.02001953125,691.4400024414062,514.780029296875,-11842.3798828125,0,-0.3161346214921404,-0.030351668273594135,0.8378423787382678,-0.7394652541577463,-0.3182641436636931,-0.5909256032998493,0.05201926677823412
1759043882.7682188,265.7799987792969,268.95001220703125,857.02001953125,94.30999755859375,32.959999084472656,47.369998931884766,558.02001953125,691.4400024414062,514.780029296875,-11842.2900390625,1,-0.31110584644487993,-0.044282613649143134,0.8061296210879961,0.9460499493148161,0.2270128074513325,-0.14332979262458787,0.1814145782474245
1759043882.881129,265.7799987792969,268.95001220703125,857.02001953125,94.30999755859375,32.959999084472656,47.369998931884766,558.02001953125,691.4400024414062,514.780029296875,-11842.3798828125,1,-0.30591191615707597,-0.0446065898232531,0.7943551440242963,0.9368190122507789,0.24630109783462695,-0.13263989629418085,0.21002991549301148
1759043882.881129,265.7799987792969,268.95001220703125,857.02001953125,94.30999755859375,32.959999084472656,47.369998931884766,558.02001953125,691.4400024414062,514.780029296875,-11842.3798828125,0,-0.3074162743101612,-0.03706701510302965,0.8362827635200597,-0.7413227359800794,-0.3168290988066307,-0.5887638342256046,0.05845571637019478
1759043882.908879,265.7799987792969,268.95001220703125,857.02001953125,94.30999755859375,32.959999084472656,47.369998931884766,558.02001953125,691.4400024414062,514.780029296875,-11842.3798828125,0,-0.30219266807161466,-0.03760103551884387,0.8245274314182999,0.9089580027197752,0.29984462280777113,-0.2733313830751487,0.09580452228975932
1759043882.9779682,265.7799987792969,268.95001220703125,843.5700073242188,94.22000122070312,32.959999084472656,47.369998931884766,558.02001953125,691.4400024414062,514.780029296875,-11842.3798828125,1,-0.3043904428278185,-0.04714358124378356,0.7937434408315068,0.9368234476208955,0.24677546303048525,-0.13324228202433466,0.20906982832234908
1759043882.9779682,265.7799987792969,268.95001220703125,843.5700073242188,94.22000122070312,32.959999084472656,47.369998931884766,558.02001953125,691.4400024414062,514.780029296875,-11842.3798828125,0,-0.3059589569967034,-0.03840855371759724,0.8360031094726104,-0.7416007879043454,-0.31653010154144334,-0.5884535475881807,0.059660611199539346
1759043883.106813,265.7799987792969,268.95001220703125,843.5700073242188,94.22000122070312,32.959999084472656,47.369998931884766,558.02001953125,691.4400024414062,514.780029296875,-11842.3798828125,1,-0.3104741159639898,-0.05097056475941924,0.8138923069537898,0.9397495095193804,0.25112943600127985,-0.14566137019850467,0.1805204447248495
1759043883.106813,265.7799987792969,268.95001220703125,843.5700073242188,94.22000122070312,32.959999084472656,47.369998931884766,558.02001953125,691.4400024414062,514.780029296875,-11842.3798828125,0,-0.30113432867993933,-0.04131822479573829,0.8264901385848645,-0.7460807306485555,-0.3250079015690063,-0.5807179442848777,0.022362389366400615
1759043883.1740072,265.7799987792969,268.95001220703125,829.25,94.22000122070312,32.959999084472656,47.369998931884766,558.02001953125,691.4400024414062,514.780029296875,-11842.2900390625,1,-0.3090154048543307,-0.05226520124906287,0.8135235875909574,0.9396711373953911,0.25142842384541525,-0.14616293128055521,0.180106353991574
1759043883.1740072,265.7799987792969,268.95001220703125,829.25,94.22000122070312,32.959999084472656,47.369998931884766,558.02001953125,691.4400024414062,514.780029296875,-11842.2900390625,0,-0.29971285510140094,-0.04264501945558507,0.8262630602267823,-0.7463963881198739,-0.324748534305561,-0.5804084688502805,0.02359725735905798
1759043883.3425841,265.7799987792969,268.95001220703125,829.25,94.22000122070312,32.959999084472656,47.369998931884766,558.02001953125,691.4400024414062,514.780029296875,-11842.2900390625,0,-0.2888565243861928,-0.047366616660881794,0.8154645518929633,-0.7567784200743634,-0.33062109839405457,-0.561618317128177,0.050606107067961266
1759043883.4444404,265.7799987792969,268.95001220703125,815.5399780273438,94.22000122070312,32.959999084472656,47.369998931884766,558.02001953125,691.4400024414062,514.780029296875,-11842.3798828125,1,-0.29688874622588696,-0.05745122660629596,0.8030145654019039,0.911285050904403,0.2819500553070688,-0.1953693132364359,0.2278037615054326
1759043883.4444404,265.7799987792969,268.95001220703125,815.5399780273438,94.22000122070312,32.959999084472656,47.369998931884766,558.02001953125,691.4400024414062,514.780029296875,-11842.3798828125,0,-0.28948871486485817,-0.0483522483003738,0.8209933428042261,-0.75086545627025,-0.32068800132321795,-0.570134058640172,0.09114509073929314
1759043883.5728674,265.7799987792969,268.95001220703125,810.8800048828125,94.22000122070312,32.959999084472656,47.369998931884766,558.02001953125,691.4400024414062,514.780029296875,-11842.3798828125,0,-0.2894618778199256,-0.048069188549886385,0.8218591166379634,-0.7428366744417013,-0.3444326030882274,-0.5672453182053401,0.08827573850375978
1759043883.8591905,265.7799987792969,268.95001220703125,810.8800048828125,94.30999755859375,32.959999084472656,47.369998931884766,558.02001953125,691.4400024414062,514.780029296875,-11842.2900390625,1,-0.3035413171844274,-0.05959189361077632,0.8237157933107785,0.9241741781704728,0.2985316136650756,-0.15004662836873212,0.18511340675551585
1759043883.8591905,265.7799987792969,268.95001220703125,810.8800048828125,94.30999755859375,32.959999084472656,47.369998931884766,558.02001953125,691.4400024414062,514.780029296875,-11842.2900390625,0,-0.30107921666245274,-0.05040571817849687,0.8558183374663968,-0.7428879096920342,-0.35249286959434223,-0.5669519857979765,0.04931304409867077
1759043885.440208,265.7799987792969,268.95001220703125,810.8800048828125,94.22000122070312,32.959999084472656,47.369998931884766,558.02001953125,691.4400024414062,514.780029296875,-11842.3798828125,0,-0.2965183630414746,-0.049582055331079594,0.841893070917546,-0.7500093158084412,-0.35826864913839007,-0.551586280031513,0.06987257635227488
1759043885.4728527,265.7799987792969,268.95001220703125,810.8800048828125,94.22000122070312,32.959999084472656,47.369998931884766,558.02001953125,691.4400024414062,514.780029296875,-11842.3798828125,0,-0.30107921666245274,-0.05040571817849687,0.8558183374663968,-0.7428879096920342,-0.35249286959434223,-0.5669519857979765,0.04931304409867077
1759043886.637271,265.7799987792969,268.95001220703125,810.8800048828125,94.22000122070312,32.959999084472656,51.86000061035156,558.02001953125,691.4400024414062,514.780029296875,-11842.2900390625,1,-0.3035413171844274,-0.05959189361077632,0.8237157933107785,0.9241741781704728,0.2985316136650756,-0.15004662836873212,0.18511340675551585
1759043886.8373733,265.7799987792969,268.95001220703125,810.8800048828125,94.22000122070312,32.959999084472656,65.91999816894531,558.02001953125,691.4400024414062,514.780029296875,-11842.2900390625,1,-0.3035413171844274,-0.05959189361077632,0.8237157933107785,0.9241741781704728,0.2985316136650756,-0.15004662836873212,0.18511340675551585
1759043886.874095,265.7799987792969,268.95001220703125,810.8800048828125,94.22000122070312,32.959999084472656,65.91999816894531,558.02001953125,691.4400024414062,514.780029296875,-11842.2900390625,0,-0.30107921666245274,-0.05040571817849687,0.8558183374663968,-0.7428879096920342,-0.35249286959434223,-0.5669519857979765,0.04931304409867077
1759043886.9743748,265.7799987792969,268.95001220703125,810.8800048828125,94.22000122070312,32.959999084472656,79.80000305175781,558.02001953125,691.4400024414062,514.780029296875,-11842.3798828125,1,-0.3035413171844274,-0.05959189361077632,0.8237157933107785,0.9241741781704728,0.2985316136650756,-0.15004662836873212,0.18511340675551585
1759043886.9743748,265.7799987792969,268.95001220703125,810.8800048828125,94.22000122070312,32.959999084472656,79.80000305175781,558.02001953125,691.4400024414062,514.780029296875,-11842.3798828125,0,-0.30107921666245274,-0.05040571817849687,0.8558183374663968,-0.7428879096920342,-0.35249286959434223,-0.5669519857979765,0.04931304409867077
1759043887.1485884,265.7799987792969,268.95001220703125,810.8800048828125,94.30999755859375,32.959999084472656,93.5199966430664,558.02001953125,691.4400024414062,514.780029296875,-11842.2900390625,1,-0.3035413171844274,-0.05959189361077632,0.8237157933107785,0.9241741781704728,0.2985316136650756,-0.15004662836873212,0.18511340675551585
1759043887.1485884,265.7799987792969,268.95001220703125,810.8800048828125,94.30999755859375,32.959999084472656,93.5199966430664,558.02001953125,691.4400024414062,514.780029296875,-11842.2900390625,0,-0.30107921666245274,-0.05040571817849687,0.8558183374663968,-0.7428879096920342,-0.35249286959434223,-0.5669519857979765,0.04931304409867077
1759043887.5466702,265.7799987792969,268.95001220703125,810.8800048828125,94.22000122070312,32.959999084472656,121.19999694824219,558.02001953125,691.4400024414062,514.780029296875,-11842.2900390625,1,-0.3035413171844274,-0.05959189361077632,0.8237157933107785,0.9241741781704728,0.2985316136650756,-0.15004662836873212,0.18511340675551585
1759043887.586717,265.7799987792969,268.95001220703125,810.8800048828125,94.22000122070312,32.959999084472656,121.19999694824219,558.02001953125,691.4400024414062,514.780029296875,-11842.2900390625,0,-0.30107921666245274,-0.05040571817849687,0.8558183374663968,-0.7428879096920342,-0.35249286959434223,-0.5669519857979765,0.04931304409867077
1759043887.6136847,265.7799987792969,268.95001220703125,810.8800048828125,94.22000122070312,32.959999084472656,121.19999694824219,558.02001953125,691.4400024414062,514.780029296875,-11842.2900390625,0,-0.2965183630414746,-0.049582055331079594,0.841893070917546,-0.7500093158084412,-0.35826864913839007,-0.551586280031513,0.06987257635227488
1759043887.7082958,265.7799987792969,268.95001220703125,810.8800048828125,94.22000122070312,32.959999084472656,121.19999694824219,558.02001953125,691.4400024414062,514.780029296875,-11842.3798828125,1,-0.2971966919498858,-0.058413889136284876,0.8073812351166242,0.9151864691321414,0.3052005247284672,-0.1764083108944677,0.19536241775293683
1759043887.7082958,265.7799987792969,268.95001220703125,810.8800048828125,94.22000122070312,32.959999084472656,121.19999694824219,558.02001953125,691.4400024414062,514.780029296875,-11842.3798828125,0,-0.30107921666245274,-0.05040571817849687,0.8558183374663968,-0.7428879096920342,-0.35249286959434223,-0.5669519857979765,0.04931304409867077
1759043887.7825413,265.7799987792969,268.95001220703125,810.8800048828125,94.30999755859375,32.959999084472656,134.74000549316406,558.02001953125,691.4400024414062,514.780029296875,-11842.2900390625,1,-0.3035413171844274,-0.05959189361077632,0.8237157933107785,0.9241741781704728,0.2985316136650756,-0.15004662836873212,0.18511340675551585
1759043887.7825413,265.7799987792969,268.95001220703125,810.8800048828125,94.30999755859375,32.959999084472656,134.74000549316406,558.02001953125,691.4400024414062,514.780029296875,-11842.2900390625,0,-0.30107921666245274,-0.05040571817849687,0.8558183374663968,-0.7428879096920342,-0.35249286959434223,-0.5669519857979765,0.04931304409867077
1759043887.9751985,265.7799987792969,268.95001220703125,810.8800048828125,94.22000122070312,32.959999084472656,137.3699951171875,558.02001953125,691.4400024414062,514.780029296875,-11842.2900390625,1,-0.3035413171844274,-0.05959189361077632,0.8237157933107785,0.9241741781704728,0.2985316136650756,-0.15004662836873212,0.18511340675551585
1759043887.9751985,265.7799987792969,268.95001220703125,810.8800048828125,94.22000122070312,32.959999084472656,137.3699951171875,558.02001953125,691.4400024414062,514.780029296875,-11842.2900390625,0,-0.30107921666245274,-0.05040571817849687,0.8558183374663968,-0.7428879096920342,-0.35249286959434223,-0.5669519857979765,0.04931304409867077
1759043888.4385352,265.7799987792969,268.95001220703125,810.8800048828125,94.22000122070312,32.959999084472656,137.3699951171875,558.02001953125,691.4400024414062,514.780029296875,-11842.3798828125,1,-0.2971966919498858,-0.058413889136284876,0.8073812351166242,0.9151864691321414,0.3052005247284672,-0.1764083108944677,0.19536241775293683
1759043888.4725125,265.7799987792969,268.95001220703125,810.8800048828125,94.22000122070312,32.959999084472656,137.3699951171875,558.02001953125,691.4400024414062,514.780029296875,-11842.3798828125,1,-0.3035413171844274,-0.05959189361077632,0.8237157933107785,0.9241741781704728,0.2985316136650756,-0.15004662836873212,0.18511340675551585
1759043888.5387042,265.7799987792969,268.95001220703125,810.8800048828125,94.22000122070312,32.959999084472656,137.3699951171875,558.02001953125,691.4400024414062,514.780029296875,-11842.3798828125,0,-0.2965183630414746,-0.049582055331079594,0.841893070917546,-0.7500093158084412,-0.35826864913839007,-0.551586280031513,0.06987257635227488
1759043888.6717713,265.7799987792969,268.95001220703125,810.8800048828125,94.30999755859375,32.959999084472656,137.3699951171875,558.02001953125,691.4400024414062,514.780029296875,-11842.3798828125,0,-0.30107921666245274,-0.05040571817849687,0.8558183374663968,-0.7428879096920342,-0.35249286959434223,-0.5669519857979765,0.04931304409867077
1759043889.6830711,265.7799987792969,268.95001220703125,810.8800048828125,94.22000122070312,32.959999084472656,137.3699951171875,558.02001953125,691.4400024414062,514.780029296875,-11842.3798828125,1,-0.2971966919498858,-0.058413889136284876,0.8073812351166242,0.9151864691321414,0.3052005247284672,-0.1764083108944677,0.19536241775293683
1759043890.0185304,265.7799987792969,268.95001220703125,810.8800048828125,94.22000122070312,32.959999084472656,137.3699951171875,558.02001953125,691.4400024414062,514.780029296875,-11842.3798828125,1,-0.3035413171844274,-0.05959189361077632,0.8237157933107785,0.9241741781704728,0.2985316136650756,-0.15004662836873212,0.18511340675551585
1759043890.2146518,265.7799987792969,268.95001220703125,810.8800048828125,94.22000122070312,32.959999084472656,137.3699951171875,558.02001953125,691.4400024414062,514.780029296875,-11842.3798828125,1,-0.2971966919498858,-0.058413889136284876,0.8073812351166242,0.9151864691321414,0.3052005247284672,-0.1764083108944677,0.19536241775293683
1759043890.2457213,265.7799987792969,268.95001220703125,810.8800048828125,94.22000122070312,32.959999084472656,137.3699951171875,558.02001953125,691.4400024414062,514.780029296875,-11842.3798828125,1,-0.3035413171844274,-0.05959189361077632,0.8237157933107785,0.9241741781704728,0.2985316136650756,-0.15004662836873212,0.18511340675551585
1759043890.3454058,265.7799987792969,268.95001220703125,810.8800048828125,94.22000122070312,32.959999084472656,137.3699951171875,558.02001953125,691.4400024414062,514.780029296875,-11842.2900390625,0,-0.2965183630414746,-0.049582055331079594,0.841893070917546,-0.7500093158084412,-0.35826864913839007,-0.551586280031513,0.06987257635227488
1759043890.541189,265.7799987792969,268.95001220703125,810.8800048828125,94.22000122070312,32.959999084472656,137.3699951171875,558.02001953125,691.4400024414062,514.780029296875,-11842.3798828125,1,-0.2971966919498858,-0.058413889136284876,0.8073812351166242,0.9151864691321414,0.3052005247284672,-0.1764083108944677,0.19536241775293683
1759043891.4217134,265.7799987792969,268.95001220703125,810.8800048828125,94.22000122070312,32.959999084472656,137.3699951171875,601.7000122070312,691.4400024414062,514.780029296875,-11842.2900390625,0,-0.23937372153005834,-0.08088069912600408,0.9053233428089772,0.858642786025446,0.4412656515707115,-0.2353223847075241,0.11243027175053671
1759043891.5086627,265.7799987792969,268.95001220703125,810.8800048828125,94.22000122070312,32.959999084472656,137.3699951171875,601.7000122070312,691.4400024414062,514.780029296875,-11842.2900390625,0,-0.23333473171625976,-0.08059176351430829,0.8868650344430155,-0.7632580679505202,-0.43675660841717656,-0.4658475201275616,0.09832026598502219
1759043891.6148899,265.7799987792969,268.95001220703125,810.8800048828125,94.22000122070312,32.959999084472656,137.3699951171875,613.1199951171875,691.4400024414062,514.780029296875,-11842.2900390625,0,-0.23161906014603303,-0.08246847783279312,0.8680037151623798,0.8743793527309995,0.41557471100830856,-0.22719173548727212,0.10555719972773316
1759043891.6148899,265.7799987792969,268.95001220703125,810.8800048828125,94.22000122070312,32.959999084472656,137.3699951171875,613.1199951171875,691.4400024414062,514.780029296875,-11842.2900390625,1,-0.24759931740183905,-0.09678480665112674,0.8838908230984139,-0.7368192619100697,-0.38906061517499846,-0.4952321428616576,0.24591530589738184
1759043891.7075596,265.7799987792969,268.95001220703125,810.8800048828125,94.22000122070312,32.959999084472656,137.3699951171875,613.1199951171875,691.4400024414062,514.780029296875,-11842.2900390625,0,-0.24659696239525408,-0.09256988565907391,0.9049142511656485,0.8594965402742677,0.4425071284444692,-0.23140449773280639,0.10911048052969975
1759043891.8163998,265.7799987792969,268.95001220703125,810.8800048828125,94.22000122070312,32.959999084472656,137.3699951171875,624.2000122070312,691.52001953125,514.780029296875,-11842.3798828125,1,-0.2613233989453372,-0.11680304202683323,0.9051954321423825,0.877528179906643,0.3502032892429095,-0.20651929722627727,0.25426704376766207
1759043891.844019,265.7799987792969,268.95001220703125,810.8800048828125,94.22000122070312,32.959999084472656,137.3699951171875,624.2000122070312,691.52001953125,514.780029296875,-11842.2900390625,0,-0.24078672641461746,-0.10237440411848718,0.8735145901409239,-0.7508265470808728,-0.4200551505820374,-0.5070393332999807,0.052194646802396535
1759043891.844019,265.7799987792969,268.95001220703125,810.8800048828125,94.22000122070312,32.959999084472656,137.3699951171875,624.2000122070312,691.52001953125,514.780029296875,-11842.2900390625,1,-0.2545433869797192,-0.11672910576006298,0.88313783955629,-0.7306810778533043,-0.3847979543384258,-0.5039232008232236,0.25317405964311096
1759043892.0832934,265.7799987792969,268.95001220703125,810.8800048828125,94.22000122070312,32.959999084472656,137.3699951171875,634.3900146484375,691.52001953125,514.780029296875,-11842.3798828125,0,-0.21910724062593404,-0.12440651704750236,0.8619972855757458,-0.7435767560677186,-0.4390979250796553,-0.49924602925770284,0.07099311443349282
1759043892.1081553,265.7799987792969,268.95001220703125,810.8800048828125,94.22000122070312,32.959999084472656,137.3699951171875,634.3900146484375,691.52001953125,514.780029296875,-11842.3798828125,0,-0.22300743341827148,-0.1287869532527787,0.886880525035209,0.8544879897794218,0.4683430100566117,-0.21954456429109676,0.048013378802869544
1759043892.1452947,265.7799987792969,268.95001220703125,810.8800048828125,94.22000122070312,32.959999084472656,137.3699951171875,634.47998046875,691.4400024414062,514.780029296875,-11842.3798828125,0,-0.22588443964385238,-0.1307533689658669,0.9059631000812146,-0.7503074701541382,-0.4625179910897911,-0.466284504227542,0.07546236987026235
1759043892.1452947,265.7799987792969,268.95001220703125,810.8800048828125,94.22000122070312,32.959999084472656,137.3699951171875,634.47998046875,691.4400024414062,514.780029296875,-11842.3798828125,1,-0.22594046674088114,-0.13819593593522383,0.8625214527066497,0.8634729720930553,0.37619560892007775,-0.20202282556175982,0.2684735894759121
1759043892.2121847,265.7799987792969,268.95001220703125,810.8800048828125,94.22000122070312,32.959999084472656,137.3699951171875,634.47998046875,691.4400024414062,514.780029296875,-11842.3798828125,0,-0.2076445859987143,-0.11807250001133271,0.8369127367063689,-0.7269429313883901,-0.4456384863909787,-0.5158408233714817,0.08287676933281127
1759043892.2121847,265.7799987792969,268.95001220703125,810.8800048828125,94.22000122070312,32.959999084472656,137.3699951171875,634.47998046875,691.4400024414062,514.780029296875,-11842.3798828125,1,-0.22066043855755807,-0.13271562424654262,0.8475941316388986,0.863514465186609,0.3621740865021083,-0.22814287741097514,0.2666899453794405
1759043892.3121912,265.7799987792969,268.95001220703125,810.8800048828125,94.22000122070312,32.959999084472656,137.3699951171875,634.47998046875,691.4400024414062,514.780029296875,-11842.3798828125,0,-0.22369780511920018,-0.11529580149426684,0.8914030008077555,-0.7446358214753603,-0.44931099173656996,-0.4854396455296298,0.08936149410390636
1759043892.3121912,265.7799987792969,268.95001220703125,810.8800048828125,94.22000122070312,32.959999084472656,137.3699951171875,634.47998046875,691.4400024414062,514.780029296875,-11842.3798828125,1,-0.24914671985335496,-0.13804491898996216,0.9452539812907924,0.859883677847565,0.38189186426177496,-0.22037488873532055,0.25728111667377834
1759043892.411723,265.7799987792969,268.95001220703125,810.8800048828125,94.22000122070312,32.959999084472656,137.3699951171875,634.5700073242188,691.4400024414062,514.780029296875,-11842.2900390625,0,-0.22062979935801735,-0.10142993390201994,0.8624976856027332,-0.7438592671380796,-0.4426226594476579,-0.4980831877977701,0.05168858742017448
1759043892.411723,265.7799987792969,268.95001220703125,810.8800048828125,94.22000122070312,32.959999084472656,137.3699951171875,634.5700073242188,691.4400024414062,514.780029296875,-11842.2900390625,1,-0.2541744533166831,-0.12601109635395236,0.9468689043670633,0.8595778247948822,0.37943314657924987,-0.22002914339277396,0.2621900578887585
1759043892.4791622,265.7799987792969,268.95001220703125,810.8800048828125,94.22000122070312,32.959999084472656,137.3699951171875,634.5700073242188,691.4400024414062,514.780029296875,-11842.2900390625,0,-0.2290985741590482,-0.09876861047805302,0.8882134278662364,0.8558602888679795,0.4634852250176385,-0.2220955429346119,0.05794982258599003
1759043892.4791622,265.7799987792969,268.95001220703125,810.8800048828125,94.22000122070312,32.959999084472656,137.3699951171875,634.5700073242188,691.4400024414062,514.780029296875,-11842.2900390625,1,-0.24631953392716957,-0.11523493909159206,0.910912164813896,-0.7322565498619152,-0.40471012391239486,-0.46958219877856006,0.28196208854637084
1759043892.6125805,265.7799987792969,268.95001220703125,810.8800048828125,94.22000122070312,32.959999084472656,137.3699951171875,634.5700073242188,691.4400024414062,514.780029296875,-11842.2900390625,0,-0.24044189081817083,-0.1005165033546971,0.9381208036307516,0.85576579222704,0.48143816824910546,-0.17594398055975105,0.0701848609869877
1759043892.741474,265.7799987792969,268.95001220703125,810.8800048828125,94.22000122070312,32.959999084472656,137.3699951171875,634.5700073242188,691.4400024414062,514.780029296875,-11842.2900390625,1,-0.24786354368766525,-0.12285741300056734,0.9462042588385212,0.8585184288943917,0.3799020196105869,-0.22247643533379263,0.2629159532353857
1759043892.7794366,265.7799987792969,268.95001220703125,810.8800048828125,94.22000122070312,32.959999084472656,137.3699951171875,634.47998046875,691.4400024414062,514.780029296875,-11842.2900390625,0,-0.22032660247942124,-0.10445818839064537,0.8876606334421401,0.8547806365614903,0.46486948419367347,-0.22407656073956558,0.05510100681629497
1759043892.8151789,265.7799987792969,268.95001220703125,810.8800048828125,94.22000122070312,32.959999084472656,137.3699951171875,634.47998046875,691.4400024414062,514.780029296875,-11842.2900390625,0,-0.22751654418851672,-0.11117463463533724,0.9199813593651067,-0.7468175084243527,-0.46403310320133434,-0.4748010720006727,0.03874055073425937
1759043892.8151789,265.7799987792969,268.95001220703125,810.8800048828125,94.22000122070312,32.959999084472656,137.3699951171875,634.47998046875,691.4400024414062,514.780029296875,-11842.2900390625,1,-0.23123973348923146,-0.12091925901208535,0.8896223024110058,0.8572417314093564,0.358266413499171,-0.23857752546123184,0.2825996377094724
1759043892.8760555,265.7799987792969,268.95001220703125,810.8800048828125,94.22000122070312,32.959999084472656,137.3699951171875,634.47998046875,691.4400024414062,514.780029296875,-11842.3798828125,0,-0.22315637991699475,-0.11178195426768707,0.9068092236894091,-0.7535249986469631,-0.46662412424282695,-0.45836841860101046,0.0660332940108109
1759043892.9131942,265.7799987792969,268.95001220703125,810.8800048828125,94.22000122070312,32.959999084472656,137.3699951171875,634.47998046875,691.4400024414062,514.780029296875,-11842.3798828125,0,-0.2130839013576151,-0.10900841200437673,0.8644631415387249,-0.7271974788363482,-0.45584778941409054,-0.5032084708320517,0.1008357800744067
1759043892.9131942,265.7799987792969,268.95001220703125,810.8800048828125,94.22000122070312,32.959999084472656,137.3699951171875,634.47998046875,691.4400024414062,514.780029296875,-11842.3798828125,1,-0.2194711219104609,-0.12046088553327108,0.8483073591613753,0.862190128997131,0.36035523693458105,-0.23008359502282708,0.2717238008991935
1759043893.079026,265.7799987792969,268.95001220703125,810.8800048828125,94.22000122070312,32.959999084472656,137.3699951171875,634.5700073242188,691.4400024414062,514.780029296875,-11842.2900390625,0,-0.23196487087031067,-0.1205910245754979,0.9067813280476936,-0.7502058829296088,-0.4644926039398992,-0.465721060716177,0.06739174807301868
1759043893.079026,265.7799987792969,268.95001220703125,810.8800048828125,94.22000122070312,32.959999084472656,137.3699951171875,634.5700073242188,691.4400024414062,514.780029296875,-11842.2900390625,1,-0.23943903513031795,-0.132727102187677,0.8921488990214714,-0.7495443558603723,-0.3675491490451308,-0.4429361391666251,0.3269532967477529
1759043893.11272,265.7799987792969,268.95001220703125,810.8800048828125,94.22000122070312,32.959999084472656,137.3699951171875,634.5700073242188,691.4400024414062,514.780029296875,-11842.2900390625,0,-0.22888865789743695,-0.11736338140778955,0.8873980251080416,0.855397312386497,0.4662770533961491,-0.21944803650488898,0.052189143625006595
1759043893.11272,265.7799987792969,268.95001220703125,810.8800048828125,94.22000122070312,32.959999084472656,137.3699951171875,634.5700073242188,691.4400024414062,514.780029296875,-11842.2900390625,1,-0.22934738970270513,-0.12609716763440412,0.8492510296125056,0.8641512215215088,0.35956311529839957,-0.22577448362978678,0.2701535026637584
1759043893.1752377,265.7799987792969,268.95001220703125,810.8800048828125,94.22000122070312,32.959999084472656,137.3699951171875,634.47998046875,691.4400024414062,514.780029296875,-11842.2900390625,1,-0.2507450081567447,-0.13339750877666132,0.9134131467432508,0.8818147093200568,0.3211680246152714,-0.2105934957900249,0.2736864956888537
1759043893.3572936,265.7799987792969,268.95001220703125,810.8800048828125,94.22000122070312,32.959999084472656,137.3699951171875,634.5700073242188,691.52001953125,514.780029296875,-11842.2900390625,0,-0.23736345730255076,-0.11046602648022456,0.9074574372684285,0.8446068445130296,0.48754892345574874,-0.20350202187565866,0.08673092027300706
1759043893.3572936,265.7799987792969,268.95001220703125,810.8800048828125,94.22000122070312,32.959999084472656,137.3699951171875,634.5700073242188,691.52001953125,514.780029296875,-11842.2900390625,1,-0.2378511212385076,-0.11917679818192099,0.8690143777695944,0.8741662127662734,0.3477581984961742,-0.20229347327174202,0.271983489403716
1759043893.5979939,265.7799987792969,268.95001220703125,810.8800048828125,94.30999755859375,32.959999084472656,137.3699951171875,634.47998046875,691.4400024414062,514.780029296875,-11842.2900390625,0,-0.222544176847438,-0.10453230628027259,0.9069853206973812,0.8431176212233874,0.48777251413594774,-0.2089485756574979,0.08701232077594705
1759043893.6291378,265.7799987792969,268.95001220703125,810.8800048828125,94.30999755859375,32.959999084472656,137.3699951171875,634.47998046875,691.4400024414062,514.780029296875,-11842.2900390625,1,-0.22833370244013232,-0.11658456531704062,0.8895324981180392,0.8563877211868802,0.3580563717385538,-0.24013875214457814,0.28412864230170415
1759043893.813061,265.7799987792969,268.95001220703125,810.8800048828125,94.22000122070312,32.959999084472656,137.3699951171875,634.5700073242188,691.4400024414062,514.780029296875,-11842.2900390625,0,-0.2185124353390133,-0.10271357136320114,0.8764223616217863,-0.7530879598110137,-0.45890500779992505,-0.4702242125322114,0.03396922949225209
1759043893.8826818,265.7799987792969,268.95001220703125,810.8800048828125,94.22000122070312,32.959999084472656,137.3699951171875,634.5700073242188,691.4400024414062,514.780029296875,-11842.3798828125,0,-0.2276893596238862,-0.10743519598245137,0.9073089792526196,-0.7530027646283015,-0.4674116558007444,-0.45900737733157415,0.06184988309553537
1759043893.8826818,265.7799987792969,268.95001220703125,810.8800048828125,94.22000122070312,32.959999084472656,137.3699951171875,634.5700073242188,691.4400024414062,514.780029296875,-11842.3798828125,1,-0.23033902771070294,-0.11747773716066817,0.8754253303661178,-0.7388130361678628,-0.3772022716381029,-0.4601147934149554,0.31649347661554106
1759043893.9467967,265.7799987792969,268.95001220703125,810.8800048828125,94.30999755859375,32.959999084472656,137.3699951171875,634.47998046875,691.4400024414062,514.780029296875,-11842.2900390625,0,-0.22313098245067786,-0.1049228122755426,0.8654052289915193,-0.7251545174535629,-0.45679812013490584,-0.5064749572605924,0.094707554745055
1759043894.0443714,265.7799987792969,268.95001220703125,810.8800048828125,94.30999755859375,32.959999084472656,137.3699951171875,634.47998046875,691.4400024414062,514.780029296875,-11842.2900390625,1,-0.22931095627153117,-0.11744418819863811,0.8365860644094841,0.8715015250427144,0.34204961767108893,-0.19476691008825733,0.2924944471848273
1759043894.0775428,265.7799987792969,268.95001220703125,810.8800048828125,94.30999755859375,32.959999084472656,137.3699951171875,634.47998046875,691.4400024414062,514.780029296875,-11842.2900390625,0,-0.22283800363917672,-0.10699461459456545,0.8505949450290465,0.8508670968672178,0.4656267117561782,-0.2219622277794935,0.09974827420585215
1759043894.1810117,265.7799987792969,268.95001220703125,810.8800048828125,94.22000122070312,32.959999084472656,137.3699951171875,634.47998046875,691.52001953125,514.780029296875,-11842.2900390625,0,-0.22334384822420078,-0.10977184697213246,0.862184413046457,-0.7420513228878192,-0.44055613401367566,-0.5021937625053811,0.05542158319689874
1759043894.1810117,265.7799987792969,268.95001220703125,810.8800048828125,94.22000122070312,32.959999084472656,137.3699951171875,634.47998046875,691.52001953125,514.780029296875,-11842.2900390625,1,-0.2308648509939576,-0.12204532964671769,0.8497724596365976,0.8639874500972217,0.3586340750095739,-0.225697245076081,0.2719706599646286
1759043894.2113101,265.7799987792969,268.95001220703125,810.8800048828125,94.22000122070312,32.959999084472656,137.3699951171875,634.47998046875,691.52001953125,514.780029296875,-11842.2900390625,0,-0.23428627256201454,-0.11627757635407045,0.906928358332983,0.8442180088804333,0.488528100886541,-0.20366553894325795,0.08459666880615736
1759043894.3132477,265.7799987792969,268.95001220703125,810.8800048828125,94.22000122070312,32.959999084472656,137.3699951171875,634.47998046875,691.52001953125,514.780029296875,-11842.2900390625,0,-0.2212818884337477,-0.11119503709707096,0.8761419250398501,-0.7513764592041658,-0.45692531636224626,-0.47457715460390104,0.03780471067389265
1759043894.3132477,265.7799987792969,268.95001220703125,810.8800048828125,94.22000122070312,32.959999084472656,137.3699951171875,634.47998046875,691.52001953125,514.780029296875,-11842.2900390625,1,-0.2291078478720462,-0.12365347526117161,0.8641048356256633,-0.7368144175560571,-0.3997240633240029,-0.464035789879708,0.28634938971821183
1759043894.3490589,265.7799987792969,268.95001220703125,810.8800048828125,94.22000122070312,32.959999084472656,137.3699951171875,634.5700073242188,691.4400024414062,514.780029296875,-11842.2900390625,0,-0.2163064395301374,-0.1083486216996633,0.8619744524602593,-0.7442174343533422,-0.44114613181937173,-0.49824600030004346,0.057283714704474235
1759043894.3490589,265.7799987792969,268.95001220703125,810.8800048828125,94.22000122070312,32.959999084472656,137.3699951171875,634.5700073242188,691.4400024414062,514.780029296875,-11842.2900390625,1,-0.2237472521318659,-0.12054318247626607,0.8488869597277243,0.8628198315089083,0.35962161124837067,-0.22849132436064742,0.27204034584962306
1759043894.5552957,265.7799987792969,268.95001220703125,810.8800048828125,94.22000122070312,32.959999084472656,137.3699951171875,634.5700073242188,691.4400024414062,514.780029296875,-11842.2900390625,0,-0.22547988072910974,-0.1074687822336595,0.906971253126215,0.8433998162131263,0.48796464637262804,-0.20761033667984863,0.08640140048506671
1759043894.678609,265.7799987792969,268.95001220703125,810.8800048828125,94.22000122070312,32.959999084472656,137.3699951171875,634.5700073242188,691.4400024414062,514.780029296875,-11842.3798828125,0,-0.22143199244121275,-0.0984907138144175,0.8767379256182656,-0.7527838138451299,-0.45968331631142006,-0.4701962851597031,0.030384728725643215
1759043895.4915025,265.7799987792969,268.95001220703125,810.8800048828125,94.22000122070312,32.959999084472656,118.83000183105469,634.47998046875,691.52001953125,514.780029296875,-11842.2900390625,1,-0.24408254916731434,-0.12149513315723005,0.9135908354995342,-0.7529047585612025,-0.350992148527569,-0.4711499623386093,0.29657486271804223
1759043895.5556185,265.7799987792969,268.95001220703125,810.8800048828125,94.22000122070312,32.959999084472656,105.02999877929688,634.5700073242188,691.4400024414062,514.780029296875,-11842.2900390625,0,-0.22218126646502065,-0.10046883189695222,0.8754709466812948,-0.7512675964434056,-0.45547480827696685,-0.46477838410554695,0.11009428335497423
1759043895.5556185,265.7799987792969,268.95001220703125,810.8800048828125,94.22000122070312,32.959999084472656,105.02999877929688,634.5700073242188,691.4400024414062,514.780029296875,-11842.2900390625,1,-0.2549964003386757,-0.12524923341349453,0.9586417638908815,0.8804743885989653,0.314367707151038,-0.1618270154534619,0.31583193757329636
1759043895.5784736,265.7799987792969,268.95001220703125,810.8800048828125,94.22000122070312,32.959999084472656,105.02999877929688,634.5700073242188,691.4400024414062,514.780029296875,-11842.2900390625,0,-0.22470854210218527,-0.10161307266470822,0.887926343770266,0.8553216933633069,0.4641758922891438,-0.22309093559817605,0.05653296678605068
1759043895.6195424,265.7799987792969,268.95001220703125,810.8800048828125,94.22000122070312,32.959999084472656,105.02999877929688,634.5700073242188,691.4400024414062,514.780029296875,-11842.2900390625,0,-0.22141410658108635,-0.09990261747883927,0.8766669285750742,-0.7526297694602144,-0.4593774829420356,-0.4706877498115215,0.03120577615556173
1759043895.6195424,265.7799987792969,268.95001220703125,810.8800048828125,94.22000122070312,32.959999084472656,105.02999877929688,634.5700073242188,691.4400024414062,514.780029296875,-11842.2900390625,1,-0.23643382170724903,-0.11611778927882686,0.8942677838560905,0.8682829682163522,0.3310826557219403,-0.23924871573336629,0.28147648961404115
1759043895.6443255,265.7799987792969,268.95001220703125,810.8800048828125,94.22000122070312,32.959999084472656,105.02999877929688,634.5700073242188,691.4400024414062,514.780029296875,-11842.2900390625,1,-0.23042089385865702,-0.11326410969043842,0.8757368712026875,-0.7398806598009391,-0.3781732812086821,-0.45898375817383663,0.3144765307061998
1759043895.6771257,265.7799987792969,268.95001220703125,810.8800048828125,94.22000122070312,32.959999084472656,105.02999877929688,634.5700073242188,691.4400024414062,514.780029296875,-11842.2900390625,1,-0.23493166408029334,-0.11609148743891542,0.8940652374862221,0.8680681573847483,0.3313347532222275,-0.23978748889743462,0.28138392919652716
1759043895.7114148,265.7799987792969,268.95001220703125,810.8800048828125,94.22000122070312,32.959999084472656,105.02999877929688,634.5700073242188,691.4400024414062,514.780029296875,-11842.2900390625,0,-0.22180736293780604,-0.10160216016303131,0.8878310400029219,0.8550063533314062,0.46434905547236294,-0.22402590870733127,0.05618258335738749
1759043895.7451952,265.7799987792969,268.95001220703125,810.8800048828125,94.22000122070312,32.959999084472656,91.31999969482422,634.5700073242188,691.4400024414062,514.780029296875,-11842.3798828125,0,-0.22624313898663906,-0.10450709512300681,0.9074048120133882,-0.7537345105139114,-0.46807176611015966,-0.45726723531640684,0.06082585746999561
1759043895.7811592,265.7799987792969,268.95001220703125,810.8800048828125,94.22000122070312,32.959999084472656,91.31999969482422,634.5700073242188,691.4400024414062,514.780029296875,-11842.3798828125,0,-0.21177772278013574,-0.09871216372721509,0.8504561370787524,0.8495519603816643,0.4652552051171426,-0.22698452101039568,0.1013759732123835
1759043895.7811592,265.7799987792969,268.95001220703125,810.8800048828125,94.22000122070312,32.959999084472656,91.31999969482422,634.5700073242188,691.4400024414062,514.780029296875,-11842.3798828125,1,-0.23340102049828845,-0.11749832130940216,0.8937508647952996,0.8679900955563773,0.3318292041992375,-0.2401791924047101,0.28070719405165406
1759043895.8155112,265.7799987792969,268.95001220703125,810.8800048828125,94.22000122070312,32.959999084472656,91.31999969482422,634.5700073242188,691.4400024414062,514.780029296875,-11842.3798828125,0,-0.22550202547895307,-0.10601015743266104,0.907060480792884,0.8434174509291803,0.48776783159620685,-0.2078061449668311,0.08686859065325273
1759043895.856971,265.7799987792969,268.95001220703125,810.8800048828125,94.22000122070312,32.959999084472656,91.31999969482422,634.5700073242188,691.4400024414062,514.780029296875,-11842.2900390625,0,-0.21175628856109946,-0.10007951585582475,0.8503698860402827,0.849544516936692,0.46547096246113334,-0.2267857242052243,0.10089168521251393
1759043895.856971,265.7799987792969,268.95001220703125,810.8800048828125,94.22000122070312,32.959999084472656,91.31999969482422,634.5700073242188,691.4400024414062,514.780029296875,-11842.2900390625,1,-0.2369740676285042,-0.12088609265021111,0.9090311007072253,-0.7327037641443961,-0.40251097397564034,-0.4673127367221236,0.28766111300468467
1759043895.8793924,265.7799987792969,268.95001220703125,810.8800048828125,94.22000122070312,32.959999084472656,91.31999969482422,634.5700073242188,691.4400024414062,514.780029296875,-11842.2900390625,1,-0.2333424226510501,-0.12036336054185527,0.8935260169855398,0.8682621047045094,0.33231283520057664,-0.2398834301884759,0.27954433819353364
1759043895.9782286,265.7799987792969,268.95001220703125,810.8800048828125,94.22000122070312,32.959999084472656,77.33999633789062,634.5700073242188,691.52001953125,514.780029296875,-11842.3798828125,0,-0.22841549938204272,-0.11040516752011778,0.9069572052342691,0.843677147724712,0.4881546390055348,-0.20628397361801226,0.08579534400440172
1759043896.0780916,265.7799987792969,268.95001220703125,810.8800048828125,94.22000122070312,32.959999084472656,77.33999633789062,634.5700073242188,691.52001953125,514.780029296875,-11842.2900390625,1,-0.23809203337053592,-0.12410805967730183,0.8925186509698949,-0.7520303659971638,-0.36922821180485205,-0.43999021094377233,0.32331017691872616
1759043896.1107852,265.7799987792969,268.95001220703125,810.8800048828125,94.22000122070312,32.959999084472656,77.33999633789062,634.5700073242188,691.52001953125,514.780029296875,-11842.2900390625,0,-0.22417831534134058,-0.10838489342725753,0.8763664516245784,-0.7509206405781352,-0.4573954675318751,-0.4750583784340695,0.03503020003672544
1759043896.1498153,265.7799987792969,268.95001220703125,810.8800048828125,94.22000122070312,32.959999084472656,63.630001068115234,634.47998046875,691.4400024414062,514.780029296875,-11842.3798828125,0,-0.22751293458896893,-0.11020682488623514,0.8876409003753245,0.8554240524358748,0.46529484628292117,-0.22093533183673825,0.05420309661752816
1759043896.1783898,265.7799987792969,268.95001220703125,810.8800048828125,94.22000122070312,32.959999084472656,63.630001068115234,634.47998046875,691.4400024414062,514.780029296875,-11842.3798828125,0,-0.2186621199840687,-0.10559695478263006,0.8504343354819657,0.8503689449781123,0.4657570378084195,-0.2235857460241416,0.09976198335822554
1759043896.3869636,265.7799987792969,268.95001220703125,810.8800048828125,94.22000122070312,32.959999084472656,49.83000183105469,634.5700073242188,691.4400024414062,514.780029296875,-11842.2900390625,0,-0.23211808122652322,-0.11038329209578497,0.9073813800911146,-0.7515419628803919,-0.46665372359451107,-0.46218191671189895,0.06169972568643118
1759043896.41145,265.7799987792969,268.95001220703125,810.8800048828125,94.22000122070312,32.959999084472656,49.83000183105469,634.5700073242188,691.4400024414062,514.780029296875,-11842.2900390625,1,-0.23855819420373808,-0.12188485999435501,0.8914052576405357,0.8763721794009554,0.3304853103943355,-0.1802411957507648,0.3004403004590329
1759043896.4505417,265.7799987792969,268.95001220703125,810.8800048828125,94.22000122070312,32.959999084472656,49.83000183105469,634.5700073242188,691.4400024414062,514.780029296875,-11842.3798828125,0,-0.22277861089706755,-0.10555564630536793,0.8764463131155946,-0.7516223739576868,-0.45808101306984816,-0.4733643301108608,0.03393822932636272
1759043896.4824283,265.7799987792969,268.95001220703125,810.8800048828125,94.22000122070312,32.959999084472656,49.83000183105469,634.5700073242188,691.4400024414062,514.780029296875,-11842.3798828125,0,-0.22915811470710298,-0.10890417132854835,0.9073037342448274,-0.7524546146253486,-0.467057605430721,-0.4602354142313815,0.06206939363009822
1759043896.4824283,265.7799987792969,268.95001220703125,810.8800048828125,94.22000122070312,32.959999084472656,49.83000183105469,634.5700073242188,691.4400024414062,514.780029296875,-11842.3798828125,1,-0.22528714686405743,-0.11512743047298771,0.84950819219428,0.8625183383370346,0.3584575350791773,-0.2285706723195978,0.27445538678016146
1759043896.5124693,265.7799987792969,268.95001220703125,810.8800048828125,94.22000122070312,32.959999084472656,49.83000183105469,634.5700073242188,691.4400024414062,514.780029296875,-11842.3798828125,0,-0.22321033580395847,-0.10589937210408723,0.8876892563362023,0.8550615302068053,0.46491143116487127,-0.2229376470335835,0.05500860176151727
1759043896.578307,265.7799987792969,268.95001220703125,810.8800048828125,94.22000122070312,32.959999084472656,47.369998931884766,634.5700073242188,691.4400024414062,514.780029296875,-11842.3798828125,0,-0.22177601291631635,-0.10446344898418776,0.8877053025975891,0.8549384936561928,0.46478236035488263,-0.22361053864735822,0.05527980258342363
1759043896.6449811,265.7799987792969,268.95001220703125,810.8800048828125,94.22000122070312,32.959999084472656,47.369998931884766,634.5700073242188,691.4400024414062,514.780029296875,-11842.2900390625,0,-0.22934096395960143,-0.10763363756895114,0.9209844857978553,0.8371880539990698,0.4927460850195746,-0.22974020432191652,0.05947181229168146
1759043896.7792435,265.7799987792969,268.95001220703125,810.8800048828125,94.22000122070312,32.959999084472656,47.369998931884766,634.47998046875,691.4400024414062,514.780029296875,-11842.2900390625,1,-0.22888894168721136,-0.11487906204924693,0.8737939942699543,0.8542259547316505,0.36656951271870725,-0.20592329348381513,0.3058110655433318
1759043896.8490636,265.7799987792969,268.95001220703125,810.8800048828125,94.22000122070312,32.959999084472656,47.369998931884766,634.47998046875,691.4400024414062,514.780029296875,-11842.2900390625,1,-0.23562331892265573,-0.11753029050611005,0.891230807722892,0.8755378483174096,0.330404466971214,-0.18166570951775307,0.302099212767263
1759043896.8792472,265.7799987792969,268.95001220703125,810.8800048828125,94.22000122070312,32.959999084472656,47.369998931884766,634.47998046875,691.4400024414062,514.780029296875,-11842.2900390625,0,-0.221379090144138,-0.10272609002321523,0.8765279202597678,-0.7523198932331482,-0.4587650775298404,-0.4716675203775943,0.03285014620295883
1759043896.9125562,265.7799987792969,268.95001220703125,810.8800048828125,94.22000122070312,32.959999084472656,47.369998931884766,634.47998046875,691.4400024414062,514.780029296875,-11842.2900390625,0,-0.22467585431436424,-0.10447423847391916,0.887796928454016,0.8552529399400137,0.46460821790970347,-0.2226804467301373,0.05563300476155614
1759043897.1775935,265.7799987792969,268.95001220703125,810.8800048828125,94.22000122070312,32.959999084472656,47.369998931884766,634.47998046875,691.52001953125,514.780029296875,-11842.3798828125,1,-0.22665983919630206,-0.11787742062133845,0.8494938373478385,0.862984416347542,0.35867481118403177,-0.22773455822324756,0.2733994293232043
1759043897.21473,265.7799987792969,268.95001220703125,810.8800048828125,94.22000122070312,32.959999084472656,47.369998931884766,634.47998046875,691.52001953125,514.780029296875,-11842.3798828125,0,-0.22274549292292295,-0.10837853612680286,0.8763156466683127,-0.7513071974992298,-0.4574676046017421,-0.4743355542298467,0.03559027562778157
1759043897.21473,265.7799987792969,268.95001220703125,810.8800048828125,94.22000122070312,32.959999084472656,47.369998931884766,634.47998046875,691.52001953125,514.780029296875,-11842.3798828125,1,-0.2377540459287164,-0.12474106200567119,0.8937825701917304,0.8693046954701539,0.3322778389466207,-0.23783966753761765,0.2780882534809803
1759043897.2462478,265.7799987792969,268.95001220703125,810.8800048828125,94.22000122070312,32.959999084472656,47.369998931884766,634.47998046875,691.52001953125,514.780029296875,-11842.2900390625,0,-0.21586520614867627,-0.10557687128465199,0.8502725672141417,0.8500273616758524,0.46598660004461745,-0.22454383644604894,0.09944867266755057
1759043897.3152897,265.7799987792969,268.95001220703125,810.8800048828125,94.22000122070312,32.959999084472656,47.369998931884766,634.47998046875,691.52001953125,514.780029296875,-11842.2900390625,0,-0.22911380944542314,-0.11182155359554243,0.9071279995833315,-0.7520785942965529,-0.46644167510681583,-0.46125242162820806,0.063687952287561
1759043897.3152897,265.7799987792969,268.95001220703125,810.8800048828125,94.22000122070312,32.959999084472656,47.369998931884766,634.47998046875,691.52001953125,514.780029296875,-11842.2900390625,1,-0.23173684168628678,-0.12172089064281602,0.8753472965139673,-0.737445574486632,-0.37639518527545857,-0.46189891555723844,0.31804100518420836
1759043897.346202,265.7799987792969,268.95001220703125,810.8800048828125,94.22000122070312,32.959999084472656,47.369998931884766,634.47998046875,691.4400024414062,514.780029296875,-11842.2900390625,0,-0.21775091001163802,-0.10557978200661572,0.862164446269405,-0.7441546384224298,-0.4417477727996765,-0.49804725464150373,0.055151713345727604
1759043897.3823283,265.7799987792969,268.95001220703125,810.8800048828125,94.22000122070312,32.959999084472656,47.369998931884766,634.47998046875,691.4400024414062,514.780029296875,-11842.2900390625,0,-0.22132902201781804,-0.1069607926189038,0.8763291209666727,-0.7518507458519783,-0.45784560110494815,-0.4731280038474526,0.03532355426620553
1759043897.3823283,265.7799987792969,268.95001220703125,810.8800048828125,94.22000122070312,32.959999084472656,47.369998931884766,634.47998046875,691.4400024414062,514.780029296875,-11842.2900390625,1,-0.2362833067990009,-0.12328159038028998,0.8936973446849806,0.8689586927059075,0.3322896316333621,-0.2385187345097442,0.2785735169890969
1759043897.5502968,265.7799987792969,268.95001220703125,810.8800048828125,94.22000122070312,32.959999084472656,47.369998931884766,634.47998046875,691.52001953125,514.780029296875,-11842.2900390625,0,-0.2284603511914375,-0.10748824502416286,0.9071355951341125,0.8437141447045263,0.48776246890594205,-0.20667215574046227,0.08672275361103186
1759043897.5502968,265.7799987792969,268.95001220703125,810.8800048828125,94.22000122070312,32.959999084472656,47.369998931884766,634.47998046875,691.52001953125,514.780029296875,-11842.2900390625,1,-0.23033902771070294,-0.11747773716066817,0.8754253303661178,-0.7388130361678628,-0.3772022716381029,-0.4601147934149554,0.31649347661554106
1759043897.6505773,265.7799987792969,268.95001220703125,810.8800048828125,94.22000122070312,32.959999084472656,47.369998931884766,634.47998046875,691.52001953125,514.780029296875,-11842.2900390625,0,-0.21715874276343564,-0.10007447082155538,0.8622297755517658,0.8440881588847673,0.4697401614908168,-0.2476078723744187,0.07449632374365064
1759043897.6505773,265.7799987792969,268.95001220703125,810.8800048828125,94.22000122070312,32.959999084472656,47.369998931884766,634.47998046875,691.52001953125,514.780029296875,-11842.2900390625,1,-0.24007223646607806,-0.11948978347429123,0.909609112286389,-0.7324419409509689,-0.40313509018788557,-0.4682121129391354,0.2859865722236855
1759043897.745512,265.7799987792969,268.95001220703125,810.8800048828125,94.22000122070312,32.959999084472656,47.369998931884766,634.47998046875,691.4400024414062,514.780029296875,-11842.2900390625,1,-0.23111119057279902,-0.11403945473078533,0.8755014253569281,0.8651182552972073,0.34040492578529646,-0.20638793710757675,0.3051211403182378
1759043897.8124542,265.7799987792969,268.95001220703125,810.8800048828125,94.22000122070312,32.959999084472656,47.369998931884766,634.47998046875,691.4400024414062,514.780029296875,-11842.2900390625,1,-0.24125013980674412,-0.11941219796589336,0.9139337667024409,0.8754000411838471,0.3094054832056873,-0.15915784323515894,0.3355768105729399
1759043897.912362,265.7799987792969,268.95001220703125,810.8800048828125,94.22000122070312,32.959999084472656,47.369998931884766,634.47998046875,691.4400024414062,514.780029296875,-11842.3798828125,0,-0.22848328866615025,-0.10602958734939236,0.9072268234672597,0.8437322380513113,0.4875661800036314,-0.20686526888427698,0.08718882450766086
1759043897.949257,265.7799987792969,268.95001220703125,810.8800048828125,94.22000122070312,32.959999084472656,47.369998931884766,634.47998046875,691.52001953125,514.780029296875,-11842.3798828125,0,-0.2232257827930514,-0.104468808072552,0.8877508114252686,0.8550959426034748,0.4646952825951748,-0.22314510250183928,0.05545706903821772
1759043898.0130978,265.7799987792969,268.95001220703125,810.8800048828125,94.22000122070312,32.959999084472656,47.369998931884766,634.47998046875,691.52001953125,514.780029296875,-11842.3798828125,0,-0.22664889538151478,-0.10789164179523844,0.9013708433096265,0.8531694038718348,0.48274835313943965,-0.19464879069199495,0.034173734362532085
1759043898.112282,265.7799987792969,268.95001220703125,810.8800048828125,94.22000122070312,32.959999084472656,47.369998931884766,634.47998046875,691.52001953125,514.780029296875,-11842.2900390625,1,-0.2357010219668894,-0.12243140437068611,0.8901397352777008,0.8580309232030816,0.3577484815481861,-0.23681485479957176,0.2823432013055961
1759043898.4538827,265.7799987792969,268.95001220703125,806.219970703125,94.22000122070312,32.959999084472656,47.369998931884766,634.5700073242188,691.4400024414062,514.780029296875,-11842.2900390625,0,-0.2191984591168914,-0.10281086491878351,0.8623641206640336,-0.7440905828754785,-0.44234879385876935,-0.49784086149059964,0.05302099280492942
1759043898.4822776,265.7799987792969,268.95001220703125,806.219970703125,94.22000122070312,32.959999084472656,47.369998931884766,634.5700073242188,691.4400024414062,514.780029296875,-11842.2900390625,0,-0.22466007544664976,-0.10590476798004095,0.8877344556023478,0.8552183054529643,0.46482412232956105,-0.2224742109248329,0.055185240708786505
1759043898.4822776,265.7799987792969,268.95001220703125,806.219970703125,94.22000122070312,32.959999084472656,47.369998931884766,634.5700073242188,691.4400024414062,514.780029296875,-11842.2900390625,1,-0.24154978246750028,-0.12243843746998757,0.909623122746375,-0.7314629295701837,-0.4026139782049141,-0.4696740056550835,0.2868279896218746
1759043898.583447,265.7799987792969,268.95001220703125,792.8599853515625,94.22000122070312,32.959999084472656,47.369998931884766,634.47998046875,691.4400024414062,514.780029296875,-11842.2900390625,1,-0.23385505628279882,-0.12373896777420416,0.9083574247084244,-0.732625957482627,-0.40155221418634945,-0.4668094918003011,0.29000676555875177
1759043898.6494396,265.7799987792969,268.95001220703125,792.8599853515625,94.22000122070312,32.959999084472656,47.369998931884766,634.47998046875,691.4400024414062,514.780029296875,-11842.2900390625,0,-0.2187594754178394,-0.11203928438484073,0.920412972733541,0.8359049371442955,0.4940283838769203,-0.23233348922182634,0.05674541186528898
1759043898.6494396,265.7799987792969,268.95001220703125,792.8599853515625,94.22000122070312,32.959999084472656,47.369998931884766,634.47998046875,691.4400024414062,514.780029296875,-11842.2900390625,1,-0.21700144007074104,-0.12022925637783519,0.8715377932745272,0.8532324599779078,0.36949810934078564,-0.20966483672834332,0.3024998721872623
1759043898.6824236,265.7799987792969,268.95001220703125,792.8599853515625,94.22000122070312,32.959999084472656,47.369998931884766,634.47998046875,691.4400024414062,514.780029296875,-11842.2900390625,0,-0.21805201875524172,-0.11415626272158766,0.9353008721601186,-0.7558267104808819,-0.47669211841704995,-0.43587639765197667,0.10724912089453399
1759043898.7471204,265.7799987792969,268.95001220703125,779.3300170898438,94.22000122070312,32.959999084472656,47.369998931884766,634.47998046875,691.4400024414062,514.780029296875,-11842.2900390625,0,-0.21970081024997803,-0.11894818575516235,0.9707353710243449,0.8342238772921073,0.5143217239193657,-0.1871345732158474,0.06726320218111413
1759043898.84639,265.7799987792969,268.95001220703125,779.3300170898438,94.22000122070312,32.959999084472656,47.369998931884766,634.47998046875,691.4400024414062,514.780029296875,-11842.3798828125,0,-0.20859330966504408,-0.11889268046976303,0.9702821824319946,0.8332233430799078,0.5149454957505402,-0.19031655335439335,0.06595154639792189
1759043898.882744,265.7799987792969,268.95001220703125,779.3300170898438,94.22000122070312,32.959999084472656,47.369998931884766,634.47998046875,691.4400024414062,514.780029296875,-11842.3798828125,0,-0.19200676049043877,-0.11014198152441738,0.9054140907909648,-0.7611844922439093,-0.4676788650254786,-0.4426050869444683,0.07730061440080555
1759043898.882744,265.7799987792969,268.95001220703125,779.3300170898438,94.22000122070312,32.959999084472656,47.369998931884766,634.47998046875,691.4400024414062,514.780029296875,-11842.3798828125,1,-0.2072154152100499,-0.12776843685385064,0.928962088748377,0.8554551982972407,0.3625660517705241,-0.20182799584598743,0.3098511286126846
1759043898.9511278,265.7799987792969,268.95001220703125,765.8800048828125,94.22000122070312,32.959999084472656,47.369998931884766,634.47998046875,691.52001953125,514.780029296875,-11842.3798828125,0,-0.18758105759129629,-0.10866095647255468,0.9052945190523182,-0.762413628403594,-0.4680618642516796,-0.43992043820436066,0.07818924803188936
1759043898.9511278,265.7799987792969,268.95001220703125,765.8800048828125,94.22000122070312,32.959999084472656,47.369998931884766,634.47998046875,691.52001953125,514.780029296875,-11842.3798828125,1,-0.198240235988771,-0.12371624172280062,0.9102088368393116,0.8433875643899894,0.3738236340206576,-0.22810300603551276,0.31132350620772886
1759043898.9799526,265.7799987792969,268.95001220703125,765.8800048828125,94.22000122070312,32.959999084472656,47.369998931884766,634.47998046875,691.52001953125,514.780029296875,-11842.3798828125,0,-0.18781283336569518,-0.10959980917579319,0.9186418886652172,0.8254520471026549,0.5130526351315736,-0.2029004105408921,0.11932030389218105
1759043899.2283401,265.7799987792969,268.95001220703125,752.52001953125,94.22000122070312,32.959999084472656,47.369998931884766,634.5700073242188,691.52001953125,514.780029296875,-11842.2900390625,0,-0.18187161554652398,-0.10067917207898137,0.918706427280563,0.8246720079372006,0.5124268478586573,-0.20626911739773163,0.12160532935043102
1759043899.280971,265.7799987792969,268.95001220703125,752.52001953125,94.22000122070312,32.959999084472656,47.369998931884766,634.5700073242188,691.52001953125,514.780029296875,-11842.2900390625,0,-0.1750286789757002,-0.09656510843741932,0.8917878470676576,-0.7544208768984223,-0.49322501487655757,-0.4267611786877218,0.07384525417995097
1759043899.3144872,265.7799987792969,268.95001220703125,752.52001953125,94.22000122070312,32.959999084472656,47.369998931884766,634.5700073242188,691.52001953125,514.780029296875,-11842.2900390625,0,-0.17886922399093166,-0.0991771118314062,0.9185766601660752,0.8243055442440824,0.5124830912565126,-0.20751886848604548,0.1217266204529954
1759043899.3499525,265.7799987792969,268.95001220703125,738.8099975585938,94.22000122070312,32.959999084472656,47.369998931884766,634.47998046875,691.4400024414062,514.780029296875,-11842.3798828125,0,-0.1750184500770653,-0.0968296498676561,0.9010026545316892,-0.7405625857396597,-0.5237441161608715,-0.4076634047212151,0.10521266958196435
1759043899.6603076,265.7799987792969,268.95001220703125,725.3599853515625,94.22000122070312,32.959999084472656,47.369998931884766,634.5700073242188,691.52001953125,514.780029296875,-11842.3798828125,0,-0.16043255403889825,-0.10105872231691844,0.932547129241545,0.8217684384268886,0.5315906330968685,-0.17673464511757098,0.10427318746576245
1759043899.748082,265.7799987792969,268.95001220703125,720.7899780273438,94.22000122070312,32.959999084472656,47.369998931884766,634.47998046875,691.4400024414062,514.780029296875,-11842.2900390625,0,-0.15694836874430895,-0.10234638709896966,0.9480315507604679,0.82020566873566,0.5493842429332513,-0.13607737962868516,0.08320193113105989
1759043899.8144932,265.7799987792969,268.95001220703125,720.7899780273438,94.22000122070312,32.959999084472656,47.369998931884766,634.47998046875,691.4400024414062,514.780029296875,-11842.2900390625,0,-0.14916859734169943,-0.09696163756292361,0.9125332404733415,-0.7527928369904958,-0.540729349898778,-0.3630081274416144,0.09560237520678312
1759043899.852367,265.7799987792969,268.95001220703125,720.7899780273438,94.22000122070312,32.959999084472656,47.369998931884766,634.47998046875,691.4400024414062,514.780029296875,-11842.2900390625,0,-0.1428538293294482,-0.09215352125632731,0.8739569377872543,-0.7486005719919808,-0.514670917061005,-0.4105296616182878,0.07859025179013807
1759043899.8856487,265.7799987792969,268.95001220703125,720.7899780273438,94.22000122070312,32.959999084472656,47.369998931884766,634.47998046875,691.4400024414062,514.780029296875,-11842.2900390625,0,-0.14917851606419175,-0.09549000416752489,0.9125940392548997,-0.7529752367316724,-0.5410041662236069,-0.36241586660244623,0.09485528257498232
1759043899.9872475,265.7799987792969,268.95001220703125,720.7899780273438,94.22000122070312,32.959999084472656,47.369998931884766,634.47998046875,691.52001953125,514.780029296875,-11842.2900390625,0,-0.15854203108121162,-0.0962391507740795,0.9483768294755455,0.8203207192165959,0.5488078072563918,-0.13640531712166756,0.08530825153134626
1759043899.9872475,265.7799987792969,268.95001220703125,720.7899780273438,94.22000122070312,32.959999084472656,47.369998931884766,634.47998046875,691.52001953125,514.780029296875,-11842.2900390625,1,-0.15862073345020156,-0.10590243269146166,0.9029506483812773,0.7700360911026835,0.4236653153682683,-0.34792293086062437,0.32634606345803946
1759043900.113884,265.7799987792969,268.95001220703125,720.7899780273438,94.22000122070312,32.959999084472656,47.369998931884766,634.47998046875,691.52001953125,514.780029296875,-11842.3798828125,0,-0.15969054550343795,-0.08966911924252793,0.9135215607727645,-0.7518203056859804,-0.5421591645942264,-0.3649765057024999,0.08730302680848351
1759043900.2131023,265.7799987792969,268.95001220703125,720.7899780273438,94.22000122070312,32.959999084472656,47.369998931884766,634.47998046875,691.4400024414062,514.780029296875,-11842.2900390625,0,-0.16787354604567822,-0.09476601277417179,0.9490087583602225,0.8210200126734369,0.5481811246080055,-0.13372242683737334,0.08684414760900927
1759043900.5539784,265.7799987792969,268.95001220703125,720.7899780273438,94.22000122070312,32.959999084472656,47.369998931884766,634.5700073242188,691.4400024414062,514.780029296875,-11842.2900390625,0,-0.1607666450093623,-0.09890457542162757,0.930073036060812,0.8016169484619042,0.5596989881293479,-0.19905082080063238,0.06727615747204535
1759043900.581041,265.7799987792969,268.95001220703125,720.7899780273438,94.22000122070312,32.959999084472656,47.369998931884766,634.5700073242188,691.4400024414062,514.780029296875,-11842.2900390625,0,-0.163163596433279,-0.10085462828057011,0.9484441659516132,0.8206718356066294,0.5489202692327829,-0.13438897627551008,0.08440307650243066
1759043900.821725,265.7799987792969,268.95001220703125,720.7899780273438,94.30999755859375,32.959999084472656,47.369998931884766,634.47998046875,691.52001953125,514.780029296875,-11842.2900390625,0,-0.16079578511993092,-0.09440233618576198,0.9302421438414414,0.8016617628001217,0.5591717013388822,-0.1998611290549877,0.06870921029124968
1759043901.3607907,265.7799987792969,268.95001220703125,715.780029296875,94.22000122070312,32.959999084472656,47.369998931884766,634.5700073242188,691.4400024414062,514.780029296875,-11842.2900390625,0,-0.15815703465892214,-0.09407601751123719,0.9132126605058388,-0.7515417724778795,-0.5413269172052574,-0.3660815700330961,0.09019100294354779
1759043901.4489007,265.7799987792969,268.95001220703125,715.780029296875,94.22000122070312,32.959999084472656,47.369998931884766,634.5700073242188,691.4400024414062,514.780029296875,-11842.3798828125,0,-0.16021936925983163,-0.09657331279719131,0.9338070438329734,-0.7464119244081093,-0.5500215245954904,-0.3483662162591738,0.1377916577747066
1759043901.6241627,265.7799987792969,268.95001220703125,702.25,94.22000122070312,32.959999084472656,47.369998931884766,634.5700073242188,691.4400024414062,514.780029296875,-11842.2900390625,0,-0.15003616928010174,-0.09512503142526729,0.927003049326141,-0.7622439245284134,-0.5603090689046479,-0.3149225445137701,0.07656198651877771
1759043901.7152536,265.7799987792969,268.95001220703125,702.25,94.22000122070312,32.959999084472656,47.369998931884766,634.5700073242188,691.4400024414062,514.780029296875,-11842.2900390625,0,-0.13705631329013995,-0.09000894765263077,0.8985262204136383,-0.7299602885095778,-0.5516584795764066,-0.37477800825716523,0.14957387351156523
1759043901.7485619,265.7799987792969,268.95001220703125,688.6199951171875,94.22000122070312,32.959999084472656,47.369998931884766,634.5700073242188,691.4400024414062,514.780029296875,-11842.2900390625,0,-0.14601875686303545,-0.09631818579643323,0.9724393836433507,0.7971121070414252,0.5798219384349254,-0.144098581487097,0.08748946982895554
1759043901.8159842,265.7799987792969,268.95001220703125,688.6199951171875,94.22000122070312,32.959999084472656,47.369998931884766,634.5700073242188,691.4400024414062,514.780029296875,-11842.2900390625,0,-0.13133400041617244,-0.08803069047665285,0.9118883329187236,-0.7570498215489295,-0.5421761990360808,-0.3509375648349831,0.09880972866683792
1759043901.8487916,265.7799987792969,268.95001220703125,688.6199951171875,94.22000122070312,32.959999084472656,47.369998931884766,634.5700073242188,691.4400024414062,514.780029296875,-11842.2900390625,0,-0.1380951705279868,-0.09313740427521053,0.9721193660216134,0.7964557925624489,0.5800066099724167,-0.14704045528086052,0.08734762385333296
1759043902.0912414,265.7799987792969,268.95001220703125,674.9099731445312,94.22000122070312,32.959999084472656,47.369998931884766,634.47998046875,691.52001953125,514.780029296875,-11842.2900390625,0,-0.12297981144059138,-0.08926978215035551,0.9325396644319129,-0.7365437257758016,-0.5713331330230557,-0.3477144954112175,0.10087824746337862
1759043902.1161888,265.7799987792969,268.95001220703125,674.9099731445312,94.22000122070312,32.959999084472656,47.369998931884766,634.47998046875,691.52001953125,514.780029296875,-11842.2900390625,0,-0.12699655048451589,-0.09308400638276286,0.9715610852311407,0.7955402395661508,0.5806264939551045,-0.15050147074795303,0.08566159612765577
1759043902.1527398,265.7799987792969,268.95001220703125,661.4600219726562,94.30999755859375,32.959999084472656,47.369998931884766,634.47998046875,691.4400024414062,514.780029296875,-11842.2900390625,0,-0.12321845589199683,-0.09017375876972114,0.9459392119125147,-0.744799548377158,-0.5908344416310463,-0.2985941495002274,0.08384407673740031
1759043902.2189867,265.7799987792969,268.95001220703125,661.4600219726562,94.30999755859375,32.959999084472656,47.369998931884766,634.47998046875,691.4400024414062,514.780029296875,-11842.2900390625,0,-0.12718694017201274,-0.09398927792401941,0.9852747718106107,0.7940946471199892,0.5979888290825686,-0.09057486513291846,0.06016016550834768
1759043902.249722,265.7799987792969,268.95001220703125,661.4600219726562,94.30999755859375,32.959999084472656,47.369998931884766,634.47998046875,691.4400024414062,514.780029296875,-11842.2900390625,0,-0.1216754432832502,-0.09016598312563165,0.9458581629496097,-0.7450141396619032,-0.5908212959420701,-0.2978852129018054,0.08454896746627508
1759043902.6237788,265.7799987792969,268.95001220703125,633.52001953125,94.22000122070312,32.959999084472656,47.369998931884766,634.47998046875,691.52001953125,514.780029296875,-11842.2900390625,0,-0.10935163881910342,-0.08858166700078322,0.9453035406744541,-0.7468766130501299,-0.5909218993151131,-0.2915429396753556,0.08938315341292237
1759043902.6821299,265.7799987792969,268.95001220703125,633.52001953125,94.22000122070312,32.959999084472656,47.369998931884766,634.47998046875,691.52001953125,514.780029296875,-11842.2900390625,0,-0.1000691274434423,-0.08300877415280793,0.8898633308899266,-0.7323567072760366,-0.58320924595146,-0.2662290056102757,0.22944006911674103
1759043902.7156394,265.7799987792969,268.95001220703125,633.52001953125,94.22000122070312,32.959999084472656,47.369998931884766,634.47998046875,691.52001953125,514.780029296875,-11842.2900390625,0,-0.10795346714849367,-0.09073354547547496,0.9845784125709451,0.7930845024457737,0.5985737814274381,-0.09637452238621616,0.05863745904135023
1759043903.8888867,265.7799987792969,268.95001220703125,630.6199951171875,94.22000122070312,32.959999084472656,47.369998931884766,634.47998046875,691.4400024414062,514.780029296875,-11842.2900390625,0,-0.09960838617162299,-0.08670279386811393,0.9618025263977776,0.7736320787080374,0.6020175181941055,-0.14314914485567026,0.13629613680651884
1759043905.6671162,265.7799987792969,268.95001220703125,601.4400024414062,94.22000122070312,32.959999084472656,47.369998931884766,634.47998046875,691.4400024414062,514.780029296875,-11842.2900390625,0,-0.0902199137703125,-0.08368639717803106,0.9334707565736327,-0.7267700846423121,-0.6162989091039152,-0.26765825509487506,0.14261822178774242
1759043905.7178836,265.7799987792969,268.95001220703125,601.4400024414062,94.22000122070312,32.959999084472656,47.369998931884766,634.47998046875,691.4400024414062,514.780029296875,-11842.2900390625,0,-0.08940748424002956,-0.08501863687440253,0.9613244804558175,-0.7409649236052084,-0.5973430067814852,-0.26986212328837506,0.14603680580686573
1759043905.7866716,265.7799987792969,268.95001220703125,587.8099975585938,94.30999755859375,32.959999084472656,47.369998931884766,634.47998046875,691.4400024414062,514.780029296875,-11842.3798828125,0,-0.0830118071261169,-0.08102879621863425,0.9290023094194081,-0.7270773400723396,-0.6148597874927342,-0.27452109484857395,0.13395578285711118
1759043906.2919962,265.7799987792969,268.95001220703125,559.9500122070312,94.22000122070312,32.959999084472656,47.369998931884766,634.5700073242188,691.4400024414062,514.780029296875,-11842.2900390625,0,-0.06178291787699467,-0.07596273482515963,0.9800221835240633,-0.7233063292725896,-0.6463566626219448,-0.18931179589995964,0.15235505456520224
1759043906.3849163,265.7799987792969,268.95001220703125,546.1500244140625,94.22000122070312,32.959999084472656,47.369998931884766,634.47998046875,691.4400024414062,514.780029296875,-11842.2900390625,0,-0.062744036714164,-0.07828488229024073,1.0146971617897012,0.7630709196721687,0.6463125948050322,-7.357715139453983e-05,0.0016721045002080401
1759043906.4203756,265.7799987792969,268.95001220703125,546.1500244140625,94.22000122070312,32.959999084472656,47.369998931884766,634.47998046875,691.4400024414062,514.780029296875,-11842.2900390625,0,-0.05951462615319081,-0.07473522501485517,0.9691610299869451,-0.7356810786681985,-0.6401741480414836,-0.20921234220873938,0.07197643042336757
1759043906.9301188,265.7799987792969,268.95001220703125,540.6199951171875,94.30999755859375,32.959999084472656,47.369998931884766,634.47998046875,691.52001953125,514.780029296875,-11842.2900390625,0,-0.05700416628375504,-0.074355341532902,0.9797588017399335,-0.7238036023075096,-0.6461972985046459,-0.18673083946343147,0.15384729534591218
1759043907.6533542,265.7799987792969,268.95001220703125,540.6199951171875,94.22000122070312,32.959999084472656,47.369998931884766,634.47998046875,691.52001953125,514.780029296875,-11842.3798828125,0,-0.056372025438268206,-0.07316264641993157,0.9691235006802892,-0.7360967928268678,-0.6403129925807125,-0.20708746982676413,0.07263307072594888
1759043907.6870809,265.7799987792969,268.95001220703125,540.6199951171875,94.22000122070312,32.959999084472656,47.369998931884766,634.47998046875,691.52001953125,514.780029296875,-11842.3798828125,0,-0.05700416628375504,-0.074355341532902,0.9797588017399335,-0.7238036023075096,-0.6461972985046459,-0.18673083946343147,0.15384729534591218
1759043907.8867807,265.7799987792969,268.95001220703125,540.6199951171875,94.22000122070312,32.959999084472656,47.369998931884766,634.5700073242188,691.4400024414062,514.780029296875,-11842.3798828125,0,-0.056372025438268206,-0.07316264641993157,0.9691235006802892,-0.7360967928268678,-0.6403129925807125,-0.20708746982676413,0.07263307072594888
1759043907.9199328,265.7799987792969,268.95001220703125,540.6199951171875,94.22000122070312,32.959999084472656,47.369998931884766,634.5700073242188,691.4400024414062,514.780029296875,-11842.3798828125,0,-0.05700416628375504,-0.074355341532902,0.9797588017399335,-0.7238036023075096,-0.6461972985046459,-0.18673083946343147,0.15384729534591218
1759043908.0195184,265.7799987792969,268.95001220703125,540.6199951171875,94.22000122070312,32.959999084472656,47.369998931884766,634.47998046875,691.52001953125,514.780029296875,-11842.2900390625,0,-0.056372025438268206,-0.07316264641993157,0.9691235006802892,-0.7360967928268678,-0.6403129925807125,-0.20708746982676413,0.07263307072594888
1759043908.0867956,265.7799987792969,268.95001220703125,540.6199951171875,94.22000122070312,32.959999084472656,47.369998931884766,634.47998046875,691.52001953125,514.780029296875,-11842.2900390625,0,-0.05700416628375504,-0.074355341532902,0.9797588017399335,-0.7238036023075096,-0.6461972985046459,-0.18673083946343147,0.15384729534591218
1759043908.319801,265.7799987792969,268.95001220703125,540.6199951171875,94.22000122070312,32.959999084472656,47.369998931884766,634.47998046875,691.4400024414062,514.780029296875,-11842.2900390625,0,-0.056372025438268206,-0.07316264641993157,0.9691235006802892,-0.7360967928268678,-0.6403129925807125,-0.20708746982676413,0.07263307072594888
1759043908.5899127,265.7799987792969,268.95001220703125,540.6199951171875,94.30999755859375,32.959999084472656,47.369998931884766,634.47998046875,691.52001953125,514.780029296875,-11842.2900390625,0,-0.05700416628375504,-0.074355341532902,0.9797588017399335,-0.7238036023075096,-0.6461972985046459,-0.18673083946343147,0.15384729534591218
1759043908.6903133,265.7799987792969,268.95001220703125,540.6199951171875,94.30999755859375,32.959999084472656,47.369998931884766,634.47998046875,691.52001953125,514.780029296875,-11842.2900390625,0,-0.056372025438268206,-0.07316264641993157,0.9691235006802892,-0.7360967928268678,-0.6403129925807125,-0.20708746982676413,0.07263307072594888
1759043908.928033,265.7799987792969,268.95001220703125,540.6199951171875,94.22000122070312,32.959999084472656,47.369998931884766,634.47998046875,691.4400024414062,514.780029296875,-11842.3798828125,0,-0.05700416628375504,-0.074355341532902,0.9797588017399335,-0.7238036023075096,-0.6461972985046459,-0.18673083946343147,0.15384729534591218
1759043909.2888954,265.7799987792969,268.95001220703125,540.6199951171875,94.22000122070312,32.959999084472656,47.369998931884766,634.47998046875,691.4400024414062,514.780029296875,-11842.2900390625,0,-0.054232941570926334,-0.07122184785958613,0.9385902860475467,-0.7197068974659581,-0.6344446922731669,-0.19177260111457728,0.2067007103231158
1759043909.3617108,265.7799987792969,268.95001220703125,540.6199951171875,94.22000122070312,32.959999084472656,47.369998931884766,634.5700073242188,691.4400024414062,514.780029296875,-11842.3798828125,0,-0.05700416628375504,-0.074355341532902,0.9797588017399335,-0.7238036023075096,-0.6461972985046459,-0.18673083946343147,0.15384729534591218
1759043909.86491,265.7799987792969,268.95001220703125,540.6199951171875,94.22000122070312,32.959999084472656,47.369998931884766,634.5700073242188,691.52001953125,514.780029296875,-11842.2900390625,0,-0.054232941570926334,-0.07122184785958613,0.9385902860475467,-0.7197068974659581,-0.6344446922731669,-0.19177260111457728,0.2067007103231158
1759043909.8896363,265.7799987792969,268.95001220703125,540.6199951171875,94.22000122070312,32.959999084472656,47.369998931884766,634.5700073242188,691.52001953125,514.780029296875,-11842.2900390625,0,-0.05363233222304588,-0.07083679446799572,0.9284936361003777,-0.7191654534419168,-0.6416573626058609,-0.24298127652648427,0.10971316624240338
1759043909.9613202,265.7799987792969,268.95001220703125,540.6199951171875,94.22000122070312,32.959999084472656,47.369998931884766,634.5700073242188,691.4400024414062,514.780029296875,-11842.2900390625,0,-0.054232941570926334,-0.07122184785958613,0.9385902860475467,-0.7197068974659581,-0.6344446922731669,-0.19177260111457728,0.2067007103231158
1759043910.0545337,265.7799987792969,268.95001220703125,540.6199951171875,94.22000122070312,32.959999084472656,47.369998931884766,634.5700073242188,691.4400024414062,514.780029296875,-11842.3798828125,0,-0.05700416628375504,-0.074355341532902,0.9797588017399335,-0.7238036023075096,-0.6461972985046459,-0.18673083946343147,0.15384729534591218
1759043910.191526,265.7799987792969,268.95001220703125,540.6199951171875,94.22000122070312,32.959999084472656,47.369998931884766,634.5700073242188,691.4400024414062,514.780029296875,-11842.3798828125,0,-0.054232941570926334,-0.07122184785958613,0.9385902860475467,-0.7197068974659581,-0.6344446922731669,-0.19177260111457728,0.2067007103231158
1759043910.224712,265.7799987792969,268.95001220703125,540.6199951171875,94.22000122070312,32.959999084472656,47.369998931884766,634.5700073242188,691.4400024414062,514.780029296875,-11842.2900390625,0,-0.05700416628375504,-0.074355341532902,0.9797588017399335,-0.7238036023075096,-0.6461972985046459,-0.18673083946343147,0.15384729534591218
1759043910.3545938,265.7799987792969,268.95001220703125,540.6199951171875,94.22000122070312,32.959999084472656,47.369998931884766,634.47998046875,691.4400024414062,514.780029296875,-11842.2900390625,0,-0.05424188303157099,-0.07170432662320816,0.9387149012662749,0.7453820790969403,0.622216459008402,-0.15356201497535749,0.1834964355427008
1759043910.5248709,265.7799987792969,268.95001220703125,540.6199951171875,94.22000122070312,32.959999084472656,47.369998931884766,634.47998046875,691.4400024414062,514.780029296875,-11842.2900390625,0,-0.05700416628375504,-0.074355341532902,0.9797588017399335,-0.7238036023075096,-0.6461972985046459,-0.18673083946343147,0.15384729534591218
1759043910.6553311,265.7799987792969,268.95001220703125,540.6199951171875,94.22000122070312,32.959999084472656,47.369998931884766,634.5700073242188,691.4400024414062,514.780029296875,-11842.2900390625,0,-0.054232941570926334,-0.07122184785958613,0.9385902860475467,-0.7197068974659581,-0.6344446922731669,-0.19177260111457728,0.2067007103231158
1759043911.4891415,265.7799987792969,268.95001220703125,540.6199951171875,94.22000122070312,32.959999084472656,47.369998931884766,634.47998046875,691.4400024414062,514.780029296875,-11842.2900390625,0,-0.05174465064274003,-0.06881169788073511,0.9020463722133633,-0.7195114127434565,-0.634036461056386,-0.2350010061105898,0.15835283423425045
1759043911.692354,265.7799987792969,268.95001220703125,540.6199951171875,94.22000122070312,32.959999084472656,47.369998931884766,634.5700073242188,691.4400024414062,514.780029296875,-11842.2900390625,0,-0.054232941570926334,-0.07122184785958613,0.9385902860475467,-0.7197068974659581,-0.6344446922731669,-0.19177260111457728,0.2067007103231158
1759043912.164976,265.7799987792969,268.95001220703125,540.6199951171875,94.22000122070312,32.959999084472656,47.369998931884766,634.5700073242188,691.4400024414062,514.780029296875,-11842.2900390625,0,-0.05174465064274003,-0.06881169788073511,0.9020463722133633,-0.7195114127434565,-0.634036461056386,-0.2350010061105898,0.15835283423425045
1759043913.030931,265.7799987792969,268.95001220703125,540.6199951171875,94.22000122070312,32.959999084472656,47.369998931884766,634.5700073242188,691.4400024414062,514.780029296875,-11842.2900390625,0,-0.054232941570926334,-0.07122184785958613,0.9385902860475467,-0.7197068974659581,-0.6344446922731669,-0.19177260111457728,0.2067007103231158
1759043913.2664936,265.7799987792969,268.95001220703125,540.6199951171875,94.22000122070312,32.959999084472656,47.369998931884766,634.5700073242188,691.52001953125,514.780029296875,-11842.2900390625,0,-0.05544274834093999,-0.0729415214021603,0.9662164029292732,-0.7496260591419667,-0.6323437797939507,-0.11454421053895476,0.158372154885863
1759043913.3234434,265.7799987792969,268.95001220703125,540.6199951171875,94.22000122070312,32.959999084472656,47.369998931884766,634.5700073242188,691.52001953125,514.780029296875,-11842.2900390625,0,-0.05426763081299668,-0.07096756331978149,0.939172776630009,0.7543495678206282,0.6367766132787663,-0.09759075129681777,0.12628665634729064
1759043913.3591392,265.7799987792969,268.95001220703125,540.6199951171875,94.22000122070312,32.959999084472656,47.369998931884766,634.5700073242188,691.4400024414062,514.780029296875,-11842.2900390625,0,-0.05544274834093999,-0.0729415214021603,0.9662164029292732,-0.7496260591419667,-0.6323437797939507,-0.11454421053895476,0.158372154885863
1759043913.556787,265.7799987792969,268.95001220703125,540.6199951171875,94.22000122070312,32.959999084472656,47.369998931884766,634.5700073242188,691.52001953125,514.780029296875,-11842.2900390625,0,-0.054232941570926334,-0.07122184785958613,0.9385902860475467,-0.7197068974659581,-0.6344446922731669,-0.19177260111457728,0.2067007103231158
1759043913.724495,265.7799987792969,268.95001220703125,540.6199951171875,94.22000122070312,32.959999084472656,47.369998931884766,634.5700073242188,691.52001953125,514.780029296875,-11842.2900390625,0,-0.05544274834093999,-0.0729415214021603,0.9662164029292732,-0.7496260591419667,-0.6323437797939507,-0.11454421053895476,0.158372154885863
1759043913.9334517,265.7799987792969,268.95001220703125,540.6199951171875,94.22000122070312,32.959999084472656,47.369998931884766,634.5700073242188,691.4400024414062,514.780029296875,-11842.3798828125,0,-0.054232941570926334,-0.07122184785958613,0.9385902860475467,-0.7197068974659581,-0.6344446922731669,-0.19177260111457728,0.2067007103231158
1759043914.131691,265.7799987792969,268.95001220703125,540.6199951171875,94.22000122070312,32.959999084472656,47.369998931884766,634.5700073242188,691.4400024414062,514.780029296875,-11842.2900390625,0,-0.056229708240464,-0.07444571208624258,0.9799797853840317,0.7428689437536462,0.6494102326549059,-0.10524716188350022,0.12383503964916899
1759043914.2997284,265.7799987792969,268.95001220703125,540.6199951171875,94.22000122070312,32.959999084472656,47.63999938964844,634.47998046875,691.4400024414062,514.780029296875,-11842.2900390625,0,-0.05544274834093999,-0.0729415214021603,0.9662164029292732,-0.7496260591419667,-0.6323437797939507,-0.11454421053895476,0.158372154885863
1759043914.5347648,265.7799987792969,268.95001220703125,540.530029296875,94.22000122070312,32.959999084472656,59.68000030517578,634.47998046875,691.4400024414062,514.780029296875,-11842.2900390625,0,-0.05781088378351752,-0.07664049628352991,1.014687174592867,0.7630698296711941,0.6463136940997489,-0.00012955526845219946,0.0017398506094940304
1759043914.5910268,265.7799987792969,268.95001220703125,540.6199951171875,94.22000122070312,32.959999084472656,73.6500015258789,634.5700073242188,691.4400024414062,514.780029296875,-11842.2900390625,0,-0.056229708240464,-0.07444571208624258,0.9799797853840317,0.7428689437536462,0.6494102326549059,-0.10524716188350022,0.12383503964916899
1759043915.0318024,265.7799987792969,268.95001220703125,540.6199951171875,94.22000122070312,32.959999084472656,101.16000366210938,634.5700073242188,691.4400024414062,514.780029296875,-11842.2900390625,0,-0.05544274834093999,-0.0729415214021603,0.9662164029292732,-0.7496260591419667,-0.6323437797939507,-0.11454421053895476,0.158372154885863
1759043915.159558,265.7799987792969,268.95001220703125,540.6199951171875,94.30999755859375,32.959999084472656,114.87000274658203,634.5700073242188,691.4400024414062,514.780029296875,-11842.2900390625,0,-0.05336731421617492,-0.0707191774236267,0.936881157347574,-0.7360870185389725,-0.6337202623892395,-0.19053765855551483,0.14237250734570145
1759043915.258758,265.7799987792969,268.95001220703125,540.6199951171875,94.30999755859375,32.959999084472656,114.87000274658203,634.5700073242188,691.4400024414062,514.780029296875,-11842.2900390625,0,-0.05781088378351752,-0.07664049628352991,1.014687174592867,0.7630698296711941,0.6463136940997489,-0.00012955526845219946,0.0017398506094940304
1759043915.666013,265.7799987792969,268.95001220703125,540.6199951171875,94.22000122070312,32.959999084472656,137.3699951171875,634.5700073242188,691.4400024414062,514.780029296875,-11842.2900390625,0,-0.056229708240464,-0.07444571208624258,0.9799797853840317,0.7428689437536462,0.6494102326549059,-0.10524716188350022,0.12383503964916899
1759043918.8756514,265.7799987792969,268.95001220703125,540.6199951171875,94.22000122070312,32.959999084472656,231.77000427246094,634.5700073242188,691.4400024414062,514.780029296875,-11842.2900390625,0,-0.056372025438268206,-0.07316264641993157,0.9691235006802892,-0.7360967928268678,-0.6403129925807125,-0.20708746982676413,0.07263307072594888
1759043919.0283358,265.7799987792969,268.95001220703125,540.6199951171875,94.22000122070312,32.959999084472656,245.47999572753906,634.47998046875,691.52001953125,514.780029296875,-11842.2900390625,0,-0.059455311729307424,-0.07664081428935254,1.0146914551163928,0.7630703179458314,0.6463131605989514,-0.00010485550171085167,0.0017254889062944033
1759043919.0611224,265.7799987792969,268.95001220703125,540.6199951171875,94.22000122070312,32.959999084472656,245.47999572753906,634.47998046875,691.52001953125,514.780029296875,-11842.2900390625,0,-0.056372025438268206,-0.07316264641993157,0.9691235006802892,-0.7360967928268678,-0.6403129925807125,-0.20708746982676413,0.07263307072594888
1759043919.127215,265.7799987792969,268.95001220703125,540.6199951171875,94.22000122070312,32.959999084472656,245.47999572753906,634.47998046875,691.52001953125,514.780029296875,-11842.3798828125,0,-0.059455311729307424,-0.07664081428935254,1.0146914551163928,0.7630703179458314,0.6463131605989514,-0.00010485550171085167,0.0017254889062944033
1759043919.1608422,265.7799987792969,268.95001220703125,540.6199951171875,94.22000122070312,33.04999923706055,259.010009765625,634.5700073242188,691.4400024414062,514.780029296875,-11842.3798828125,0,-0.059455311729307424,-0.07664081428935254,1.0146914551163928,0.7630703179458314,0.6463131605989514,-0.00010485550171085167,0.0017254889062944033
1759043919.2000523,265.7799987792969,268.95001220703125,540.6199951171875,94.22000122070312,33.04999923706055,259.010009765625,634.5700073242188,691.4400024414062,514.780029296875,-11842.3798828125,0,-0.057014872605367216,-0.07295010273255827,0.9663296105354565,-0.7495876196929887,-0.6324637082270627,-0.11514662241753855,0.15763665032125343
1759043919.7676854,265.7799987792969,268.95001220703125,540.6199951171875,94.22000122070312,33.04999923706055,299.9700012207031,634.5700073242188,691.52001953125,514.780029296875,-11842.2900390625,0,-0.05864847370610753,-0.07343822008947869,0.9676766574904381,-0.7498364102078584,-0.6157723221461642,-0.19554151253787413,0.14259495811463116
1759043919.9673939,265.7799987792969,268.95001220703125,540.6199951171875,94.22000122070312,32.959999084472656,312.79998779296875,634.5700073242188,691.52001953125,514.780029296875,-11842.2900390625,0,-0.05864847370610753,-0.07343822008947869,0.9676766574904381,-0.7498364102078584,-0.6157723221461642,-0.19554151253787413,0.14259495811463116
1759043920.2669547,265.7799987792969,268.95001220703125,540.6199951171875,94.22000122070312,32.959999084472656,314.0299987792969,634.5700073242188,691.4400024414062,514.780029296875,-11842.2900390625,0,-0.05864847370610753,-0.07343822008947869,0.9676766574904381,-0.7498364102078584,-0.6157723221461642,-0.19554151253787413,0.14259495811463116
1759043923.5756118,265.7799987792969,268.95001220703125,540.530029296875,94.22000122070312,32.959999084472656,428.7300109863281,634.47998046875,691.4400024414062,514.780029296875,-11842.2900390625,0,-0.058615598097501054,-0.06883733574740944,0.9069251900375995,-0.7853477933859355,-0.5708788101343631,-0.2389011482168324,0.015889271351918276
1759043923.6017325,265.7799987792969,268.95001220703125,540.530029296875,94.22000122070312,32.959999084472656,428.7300109863281,634.47998046875,691.4400024414062,514.780029296875,-11842.2900390625,0,-0.06350865165015876,-0.0737120243962307,0.9759155417378736,0.8112888929418102,0.5846431098120279,0.00011603566527734584,0.001659178802212421
1759043924.1772063,265.7799987792969,268.95001220703125,540.530029296875,94.22000122070312,32.959999084472656,469.4200134277344,634.5700073242188,691.52001953125,514.8599853515625,-11842.2900390625,0,-0.06409867386888113,-0.0726690014011265,0.9730998676905396,-0.7879350253857649,-0.5658183680718875,-0.1975728462455046,0.14132565425021146
1759043924.4764824,265.7799987792969,268.95001220703125,540.530029296875,94.22000122070312,32.959999084472656,482.7799987792969,634.5700073242188,691.4400024414062,514.8599853515625,-11842.2900390625,0,-0.06503382228342024,-0.07288757872504159,0.9750602341086441,0.8073447825496949,0.5676222194927554,-0.09835992706681579,0.12776831678986283
1759043924.5689225,265.7799987792969,268.95001220703125,540.530029296875,94.22000122070312,32.959999084472656,484.6300048828125,634.5700073242188,691.4400024414062,514.780029296875,-11842.2900390625,0,-0.06503382228342024,-0.07288757872504159,0.9750602341086441,0.8073447825496949,0.5676222194927554,-0.09835992706681579,0.12776831678986283
1759043925.3092308,265.7799987792969,268.95001220703125,540.530029296875,94.22000122070312,32.959999084472656,484.6300048828125,634.47998046875,691.4400024414062,514.780029296875,-11842.2900390625,0,-0.0663110982612138,-0.07470817959845276,1.0003244437275487,-0.8025014603013898,-0.5623617390422077,-0.11823671647703009,0.16050158738246553
1759043925.433307,265.7799987792969,268.95001220703125,540.530029296875,94.22000122070312,32.959999084472656,489.6400146484375,634.5700073242188,691.4400024414062,514.780029296875,-11842.2900390625,0,-0.06503382228342024,-0.07288757872504159,0.9750602341086441,0.8073447825496949,0.5676222194927554,-0.09835992706681579,0.12776831678986283
1759043925.5710309,265.7799987792969,268.95001220703125,540.530029296875,94.22000122070312,32.959999084472656,502.9100036621094,634.47998046875,691.4400024414062,514.780029296875,-11842.2900390625,0,-0.06503382228342024,-0.07288757872504159,0.9750602341086441,0.8073447825496949,0.5676222194927554,-0.09835992706681579,0.12776831678986283
1759043925.8211577,265.7799987792969,268.95001220703125,540.530029296875,94.22000122070312,32.959999084472656,516.1799926757812,634.5700073242188,691.4400024414062,514.8599853515625,-11842.2900390625,0,-0.06397986600308007,-0.07007783495165806,0.9477261571794956,0.8284434235839551,0.5373276426355365,-0.09682916959448985,0.12483833664333407
1759043925.9000669,265.7799987792969,268.95001220703125,540.530029296875,94.22000122070312,32.959999084472656,516.1799926757812,634.5700073242188,691.4400024414062,514.8599853515625,-11842.2900390625,0,-0.06662798015383857,-0.07250803780758606,0.9814697887306627,-0.8115151679412715,-0.5395470124055195,-0.21160289176516794,0.07454106118205467
1759043925.9372594,265.7799987792969,268.95001220703125,540.530029296875,94.22000122070312,32.959999084472656,516.1799926757812,634.5700073242188,691.4400024414062,514.8599853515625,-11842.3798828125,0,-0.06397986600308007,-0.07007783495165806,0.9477261571794956,0.8284434235839551,0.5373276426355365,-0.09682916959448985,0.12483833664333407
1759043926.0337725,265.7799987792969,268.95001220703125,540.530029296875,94.22000122070312,32.959999084472656,529.719970703125,634.5700073242188,691.4400024414062,514.8599853515625,-11842.2900390625,0,-0.06397986600308007,-0.07007783495165806,0.9477261571794956,0.8284434235839551,0.5373276426355365,-0.09682916959448985,0.12483833664333407
1759043926.215954,265.7799987792969,268.95001220703125,540.530029296875,94.22000122070312,32.959999084472656,543.0800170898438,634.47998046875,691.4400024414062,514.8599853515625,-11842.3798828125,0,-0.06662798015383857,-0.07250803780758606,0.9814697887306627,-0.8115151679412715,-0.5395470124055195,-0.21160289176516794,0.07454106118205467
1759043926.234332,265.7799987792969,268.95001220703125,540.530029296875,94.22000122070312,32.959999084472656,543.0800170898438,634.47998046875,691.4400024414062,514.8599853515625,-11842.2900390625,0,-0.0697955818802908,-0.07551122013837125,1.0216468158113718,0.8408179088921872,0.5413155550366544,0.0002577962157400729,0.0016271148205585977
1759043926.3671489,265.7799987792969,268.95001220703125,540.530029296875,94.22000122070312,32.959999084472656,556.7000122070312,634.5700073242188,691.52001953125,514.780029296875,-11842.2900390625,0,-0.0661614840623602,-0.07121262748770314,0.9689913950406934,0.8277217097158235,0.5215530325827898,0.20213657939190485,0.044721457272203946
1759043926.5681183,265.7799987792969,268.95001220703125,540.530029296875,94.22000122070312,32.959999084472656,568.1199951171875,634.5700073242188,691.4400024414062,514.8599853515625,-11842.2900390625,0,-0.06627826610054645,-0.07008713329144345,0.9646867523710845,-0.8226796325647886,-0.5137625902476579,-0.19397275215427587,0.1470401116932975
1759043927.1351447,265.7799987792969,268.95001220703125,540.530029296875,94.22000122070312,32.959999084472656,568.47998046875,634.5700073242188,691.4400024414062,514.8599853515625,-11842.2900390625,0,-0.06979583280973056,-0.07385658459209114,1.0216505684791624,0.8408179490007202,0.541315430519846,0.00027993539938778867,0.0016440667591013879
1759043927.1689236,265.7799987792969,268.95001220703125,540.530029296875,94.22000122070312,32.959999084472656,568.47998046875,634.5700073242188,691.4400024414062,514.8599853515625,-11842.2900390625,0,-0.06665650047613692,-0.07008435231400323,0.9699934426434738,-0.8236893936155759,-0.5318855889211168,-0.11702195415018317,0.15792202313203235
1759043927.4687896,265.7799987792969,268.95001220703125,540.530029296875,94.22000122070312,32.959999084472656,568.47998046875,634.5700073242188,691.4400024414062,514.8599853515625,-11842.2900390625,0,-0.06979583280973056,-0.07385658459209114,1.0216505684791624,0.8408179490007202,0.541315430519846,0.00027993539938778867,0.0016440667591013879
1759043927.5370173,265.7799987792969,268.95001220703125,540.530029296875,94.22000122070312,32.959999084472656,568.47998046875,634.5700073242188,691.4400024414062,514.8599853515625,-11842.2900390625,0,-0.06665650047613692,-0.07008435231400323,0.9699934426434738,-0.8236893936155759,-0.5318855889211168,-0.11702195415018317,0.15792202313203235
1759043927.5690854,265.7799987792969,268.95001220703125,540.530029296875,94.22000122070312,32.959999084472656,569.8800048828125,634.5700073242188,691.4400024414062,514.8599853515625,-11842.2900390625,0,-0.06665650047613692,-0.07008435231400323,0.9699934426434738,-0.8236893936155759,-0.5318855889211168,-0.11702195415018317,0.15792202313203235
1759043927.9128764,265.7799987792969,268.95001220703125,540.530029296875,94.22000122070312,32.959999084472656,583.77001953125,634.5700073242188,691.4400024414062,514.8599853515625,-11842.2900390625,0,-0.06708014177167664,-0.06937713758290323,0.9646848941969045,0.8425068968768662,0.5151208401963164,-0.09947736759689862,0.1222166193541047
1759043927.9348655,265.7799987792969,268.95001220703125,540.530029296875,94.22000122070312,32.959999084472656,583.77001953125,634.5700073242188,691.4400024414062,514.8599853515625,-11842.2900390625,0,-0.0681048044030465,-0.07042460830788803,0.9852140945114948,0.8599400102618949,0.5103923905528146,0.00035831969270160453,0.0016303446117337096
1759043928.0017946,265.7799987792969,268.95001220703125,540.530029296875,94.22000122070312,32.959999084472656,596.9500122070312,634.5700073242188,691.4400024414062,514.8599853515625,-11842.2900390625,0,-0.0681048044030465,-0.07042460830788803,0.9852140945114948,0.8599400102618949,0.5103923905528146,0.00035831969270160453,0.0016303446117337096
1759043928.5387492,265.7799987792969,268.95001220703125,540.530029296875,94.22000122070312,32.959999084472656,624.1099853515625,634.5700073242188,691.4400024414062,514.780029296875,-11842.2900390625,0,-0.06613890372740576,-0.06416434193496157,0.9510228888994164,0.8416039247973177,0.49912244106284515,-0.159706327798274,0.13066564756816437
1759043928.569007,265.7799987792969,268.95001220703125,540.530029296875,94.22000122070312,32.959999084472656,637.6500244140625,634.5700073242188,691.4400024414062,514.8599853515625,-11842.2900390625,0,-0.06613890372740576,-0.06416434193496157,0.9510228888994164,0.8416039247973177,0.49912244106284515,-0.159706327798274,0.13066564756816437
1759043928.6018913,265.7799987792969,268.95001220703125,540.530029296875,94.22000122070312,32.959999084472656,637.6500244140625,634.5700073242188,691.4400024414062,514.8599853515625,-11842.2900390625,0,-0.06671845305574203,-0.06469867786733186,0.9649638823822324,0.8606396939295093,0.49365798888442086,-0.11162988994176967,0.05603458677547188
1759043928.6351504,265.7799987792969,268.95001220703125,540.530029296875,94.22000122070312,32.959999084472656,637.6500244140625,634.5700073242188,691.4400024414062,514.8599853515625,-11842.2900390625,0,-0.06463786204501534,-0.062284468730556125,0.9298770422831796,-0.8413850288679605,-0.48521465779854545,-0.18904920641582987,0.1445626736327427
1759043928.816362,265.7799987792969,268.95001220703125,540.530029296875,94.22000122070312,32.959999084472656,650.2999877929688,634.5700073242188,691.52001953125,514.780029296875,-11842.2900390625,0,-0.06671947525733561,-0.06313668474995307,0.9649788475971406,0.8606266698238001,0.49356131559112304,-0.11189372737146548,0.0565575522355393
1759043929.5713081,265.7799987792969,268.95001220703125,540.6199951171875,94.22000122070312,32.959999084472656,651.0900268554688,634.5700073242188,691.4400024414062,514.8599853515625,-11842.2900390625,0,-0.06671947525733561,-0.06313668474995307,0.9649788475971406,0.8606266698238001,0.49356131559112304,-0.11189372737146548,0.0565575522355393
1759043930.035544,265.7799987792969,268.95001220703125,540.530029296875,94.22000122070312,32.959999084472656,651.0900268554688,634.5700073242188,691.4400024414062,514.8599853515625,-11842.2900390625,0,-0.06783781758459902,-0.06461088057615247,0.9812949170198625,0.8557434006221446,0.49096806921580616,-0.1006185881217061,0.1285670526478143
1759043930.0748425,265.7799987792969,268.95001220703125,540.530029296875,94.22000122070312,32.959999084472656,651.0900268554688,634.5700073242188,691.4400024414062,514.8599853515625,-11842.2900390625,0,-0.06671947525733561,-0.06313668474995307,0.9649788475971406,0.8606266698238001,0.49356131559112304,-0.11189372737146548,0.0565575522355393
1759043930.137146,265.7799987792969,268.95001220703125,540.530029296875,94.22000122070312,32.959999084472656,651.0900268554688,634.5700073242188,691.4400024414062,514.8599853515625,-11842.2900390625,0,-0.06783781758459902,-0.06461088057615247,0.9812949170198625,0.8557434006221446,0.49096806921580616,-0.1006185881217061,0.1285670526478143
1759043930.2052166,265.7799987792969,268.95001220703125,540.6199951171875,94.22000122070312,32.959999084472656,651.0900268554688,634.5700073242188,691.4400024414062,514.8599853515625,-11842.2900390625,0,-0.06671947525733561,-0.06313668474995307,0.9649788475971406,0.8606266698238001,0.49356131559112304,-0.11189372737146548,0.0565575522355393
1759043930.5704904,265.7799987792969,268.95001220703125,540.530029296875,94.22000122070312,32.959999084472656,651.0900268554688,634.6599731445312,691.4400024414062,514.8599853515625,-11842.2900390625,0,-0.06783781758459902,-0.06461088057615247,0.9812949170198625,0.8557434006221446,0.49096806921580616,-0.1006185881217061,0.1285670526478143
1759043930.6042738,265.7799987792969,268.95001220703125,540.530029296875,94.22000122070312,32.959999084472656,651.0900268554688,634.6599731445312,691.4400024414062,514.8599853515625,-11842.2900390625,0,-0.06671947525733561,-0.06313668474995307,0.9649788475971406,0.8606266698238001,0.49356131559112304,-0.11189372737146548,0.0565575522355393
1759043931.545918,265.7799987792969,268.95001220703125,540.530029296875,94.22000122070312,32.959999084472656,651.0900268554688,634.5700073242188,691.4400024414062,514.780029296875,-11842.2900390625,0,-0.06783781758459902,-0.06461088057615247,0.9812949170198625,0.8557434006221446,0.49096806921580616,-0.1006185881217061,0.1285670526478143
1759043931.572351,265.7799987792969,268.95001220703125,540.530029296875,94.22000122070312,32.959999084472656,651.0900268554688,634.5700073242188,691.4400024414062,514.780029296875,-11842.2900390625,0,-0.06671947525733561,-0.06313668474995307,0.9649788475971406,0.8606266698238001,0.49356131559112304,-0.11189372737146548,0.0565575522355393
1759043931.604193,265.7799987792969,268.95001220703125,540.530029296875,94.22000122070312,32.959999084472656,651.0900268554688,634.5700073242188,691.4400024414062,514.780029296875,-11842.2900390625,0,-0.06783781758459902,-0.06461088057615247,0.9812949170198625,0.8557434006221446,0.49096806921580616,-0.1006185881217061,0.1285670526478143
1759043931.6374042,265.7799987792969,268.95001220703125,540.530029296875,94.22000122070312,32.959999084472656,651.0900268554688,634.5700073242188,691.4400024414062,514.780029296875,-11842.2900390625,0,-0.06671947525733561,-0.06313668474995307,0.9649788475971406,0.8606266698238001,0.49356131559112304,-0.11189372737146548,0.0565575522355393
1759043931.6708746,265.7799987792969,268.95001220703125,540.530029296875,94.22000122070312,32.959999084472656,651.0900268554688,634.5700073242188,691.4400024414062,514.780029296875,-11842.2900390625,0,-0.06783781758459902,-0.06461088057615247,0.9812949170198625,0.8557434006221446,0.49096806921580616,-0.1006185881217061,0.1285670526478143
1759043931.703884,265.7799987792969,268.95001220703125,540.530029296875,94.22000122070312,32.959999084472656,651.0900268554688,634.5700073242188,691.4400024414062,514.780029296875,-11842.2900390625,0,-0.06671947525733561,-0.06313668474995307,0.9649788475971406,0.8606266698238001,0.49356131559112304,-0.11189372737146548,0.0565575522355393
1759043932.0179818,265.7799987792969,268.95001220703125,540.530029296875,94.22000122070312,32.959999084472656,651.0900268554688,634.5700073242188,691.4400024414062,514.8599853515625,-11842.2900390625,0,-0.06783781758459902,-0.06461088057615247,0.9812949170198625,0.8557434006221446,0.49096806921580616,-0.1006185881217061,0.1285670526478143
1759043932.0405052,265.7799987792969,268.95001220703125,540.530029296875,94.22000122070312,32.959999084472656,651.0900268554688,634.5700073242188,691.4400024414062,514.8599853515625,-11842.2900390625,0,-0.06671947525733561,-0.06313668474995307,0.9649788475971406,0.8606266698238001,0.49356131559112304,-0.11189372737146548,0.0565575522355393
1759043932.1389773,265.7799987792969,268.95001220703125,540.530029296875,94.22000122070312,32.959999084472656,651.0900268554688,634.5700073242188,691.4400024414062,514.8599853515625,-11842.2900390625,0,-0.06783781758459902,-0.06461088057615247,0.9812949170198625,0.8557434006221446,0.49096806921580616,-0.1006185881217061,0.1285670526478143
1759043932.1756637,265.7799987792969,268.95001220703125,540.530029296875,94.22000122070312,32.959999084472656,651.0900268554688,634.5700073242188,691.4400024414062,514.8599853515625,-11842.2900390625,0,-0.06671947525733561,-0.06313668474995307,0.9649788475971406,0.8606266698238001,0.49356131559112304,-0.11189372737146548,0.0565575522355393
1759043932.3043935,265.7799987792969,268.95001220703125,540.530029296875,94.22000122070312,32.959999084472656,651.0900268554688,634.5700073242188,691.4400024414062,514.8599853515625,-11842.2900390625,0,-0.06783781758459902,-0.06461088057615247,0.9812949170198625,0.8557434006221446,0.49096806921580616,-0.1006185881217061,0.1285670526478143
1759043932.3390303,265.7799987792969,268.95001220703125,540.530029296875,94.22000122070312,32.959999084472656,651.0900268554688,634.5700073242188,691.4400024414062,514.8599853515625,-11842.2900390625,0,-0.06671947525733561,-0.06313668474995307,0.9649788475971406,0.8606266698238001,0.49356131559112304,-0.11189372737146548,0.0565575522355393
1759043932.3737268,265.7799987792969,268.95001220703125,537.0999755859375,94.22000122070312,33.04999923706055,650.8300170898438,634.5700073242188,691.52001953125,514.8599853515625,-11842.2900390625,0,-0.06671947525733561,-0.06313668474995307,0.9649788475971406,0.8606266698238001,0.49356131559112304,-0.11189372737146548,0.0565575522355393
1759043932.538094,265.7799987792969,268.95001220703125,537.0999755859375,94.22000122070312,33.04999923706055,650.8300170898438,634.5700073242188,691.52001953125,514.8599853515625,-11842.3798828125,0,-0.06783781758459902,-0.06461088057615247,0.9812949170198625,0.8557434006221446,0.49096806921580616,-0.1006185881217061,0.1285670526478143
1759043932.57095,265.7799987792969,268.95001220703125,523.3900146484375,94.22000122070312,32.959999084472656,649.780029296875,634.6599731445312,691.4400024414062,514.8599853515625,-11842.3798828125,0,-0.06671947525733561,-0.06313668474995307,0.9649788475971406,0.8606266698238001,0.49356131559112304,-0.11189372737146548,0.0565575522355393
1759043932.6380413,265.7799987792969,268.95001220703125,523.3900146484375,94.22000122070312,32.959999084472656,649.780029296875,634.6599731445312,691.4400024414062,514.8599853515625,-11842.2900390625,0,-0.06783781758459902,-0.06461088057615247,0.9812949170198625,0.8557434006221446,0.49096806921580616,-0.1006185881217061,0.1285670526478143
1759043932.7725675,265.7799987792969,268.95001220703125,509.67999267578125,94.22000122070312,32.959999084472656,649.780029296875,634.5700073242188,691.4400024414062,514.8599853515625,-11842.2900390625,0,-0.06783781758459902,-0.06461088057615247,0.9812949170198625,0.8557434006221446,0.49096806921580616,-0.1006185881217061,0.1285670526478143
1759043932.8100479,265.7799987792969,268.95001220703125,509.67999267578125,94.22000122070312,32.959999084472656,649.780029296875,634.5700073242188,691.4400024414062,514.8599853515625,-11842.2900390625,0,-0.06671947525733561,-0.06313668474995307,0.9649788475971406,0.8606266698238001,0.49356131559112304,-0.11189372737146548,0.0565575522355393
1759043932.8724627,265.7799987792969,268.95001220703125,509.67999267578125,94.22000122070312,32.959999084472656,649.780029296875,634.5700073242188,691.4400024414062,514.8599853515625,-11842.3798828125,0,-0.06783781758459902,-0.06461088057615247,0.9812949170198625,0.8557434006221446,0.49096806921580616,-0.1006185881217061,0.1285670526478143
1759043932.9057522,265.7799987792969,268.95001220703125,509.67999267578125,94.22000122070312,32.959999084472656,649.780029296875,634.5700073242188,691.4400024414062,514.8599853515625,-11842.3798828125,0,-0.06671947525733561,-0.06313668474995307,0.9649788475971406,0.8606266698238001,0.49356131559112304,-0.11189372737146548,0.0565575522355393
1759043932.9392335,265.7799987792969,268.95001220703125,509.67999267578125,94.22000122070312,32.959999084472656,649.780029296875,634.5700073242188,691.4400024414062,514.8599853515625,-11842.2900390625,0,-0.06783781758459902,-0.06461088057615247,0.9812949170198625,0.8557434006221446,0.49096806921580616,-0.1006185881217061,0.1285670526478143
1759043932.9741,265.7799987792969,268.95001220703125,496.1400146484375,94.22000122070312,32.959999084472656,649.780029296875,634.5700073242188,691.52001953125,514.8599853515625,-11842.2900390625,0,-0.06783781758459902,-0.06461088057615247,0.9812949170198625,0.8557434006221446,0.49096806921580616,-0.1006185881217061,0.1285670526478143
1759043933.1716552,265.7799987792969,268.95001220703125,482.5199890136719,94.22000122070312,32.959999084472656,649.780029296875,634.5700073242188,691.4400024414062,514.780029296875,-11842.2900390625,0,-0.06671947525733561,-0.06313668474995307,0.9649788475971406,0.8606266698238001,0.49356131559112304,-0.11189372737146548,0.0565575522355393
1759043933.209032,265.7799987792969,268.95001220703125,482.5199890136719,94.22000122070312,32.959999084472656,649.780029296875,634.5700073242188,691.4400024414062,514.780029296875,-11842.2900390625,0,-0.06783781758459902,-0.06461088057615247,0.9812949170198625,0.8557434006221446,0.49096806921580616,-0.1006185881217061,0.1285670526478143
1759043933.2402823,265.7799987792969,268.95001220703125,482.5199890136719,94.22000122070312,32.959999084472656,649.780029296875,634.5700073242188,691.4400024414062,514.780029296875,-11842.2900390625,0,-0.06671947525733561,-0.06313668474995307,0.9649788475971406,0.8606266698238001,0.49356131559112304,-0.11189372737146548,0.0565575522355393
1759043933.3060884,265.7799987792969,268.95001220703125,482.5199890136719,94.22000122070312,32.959999084472656,649.780029296875,634.5700073242188,691.4400024414062,514.780029296875,-11842.2900390625,0,-0.06783781758459902,-0.06461088057615247,0.9812949170198625,0.8557434006221446,0.49096806921580616,-0.1006185881217061,0.1285670526478143
1759043933.40792,265.7799987792969,268.95001220703125,468.2799987792969,94.22000122070312,32.959999084472656,649.780029296875,634.5700073242188,691.4400024414062,514.8599853515625,-11842.2900390625,0,-0.06671947525733561,-0.06313668474995307,0.9649788475971406,0.8606266698238001,0.49356131559112304,-0.11189372737146548,0.0565575522355393
1759043933.584079,265.7799987792969,268.95001220703125,454.57000732421875,94.22000122070312,32.959999084472656,649.780029296875,634.5700073242188,691.4400024414062,514.8599853515625,-11842.3798828125,0,-0.06783781758459902,-0.06461088057615247,0.9812949170198625,0.8557434006221446,0.49096806921580616,-0.1006185881217061,0.1285670526478143
1759043933.8567898,265.7799987792969,268.95001220703125,450.70001220703125,94.22000122070312,32.959999084472656,649.780029296875,634.6599731445312,691.4400024414062,514.780029296875,-11842.2900390625,0,-0.06783781758459902,-0.06461088057615247,0.9812949170198625,0.8557434006221446,0.49096806921580616,-0.1006185881217061,0.1285670526478143
1759043934.173812,265.7799987792969,268.95001220703125,450.6199951171875,94.22000122070312,32.959999084472656,649.780029296875,634.5700073242188,691.4400024414062,514.780029296875,-11842.2900390625,0,-0.06671947525733561,-0.06313668474995307,0.9649788475971406,0.8606266698238001,0.49356131559112304,-0.11189372737146548,0.0565575522355393
1759043934.2753043,265.7799987792969,268.95001220703125,450.6199951171875,94.22000122070312,32.959999084472656,649.780029296875,634.5700073242188,691.4400024414062,514.780029296875,-11842.2900390625,0,-0.06783781758459902,-0.06461088057615247,0.9812949170198625,0.8557434006221446,0.49096806921580616,-0.1006185881217061,0.1285670526478143
1759043934.539956,265.7799987792969,268.95001220703125,450.70001220703125,94.22000122070312,32.959999084472656,649.780029296875,634.6599731445312,691.52001953125,514.8599853515625,-11842.2900390625,0,-0.06671947525733561,-0.06313668474995307,0.9649788475971406,0.8606266698238001,0.49356131559112304,-0.11189372737146548,0.0565575522355393
1759043934.577785,265.7799987792969,268.95001220703125,447.010009765625,94.22000122070312,32.959999084472656,649.780029296875,634.5700073242188,691.52001953125,514.8599853515625,-11842.2900390625,0,-0.06783781758459902,-0.06461088057615247,0.9812949170198625,0.8557434006221446,0.49096806921580616,-0.1006185881217061,0.1285670526478143
1759043934.8835719,265.7799987792969,268.95001220703125,433.6499938964844,94.22000122070312,32.959999084472656,649.780029296875,634.6599731445312,691.4400024414062,514.8599853515625,-11842.2900390625,0,-0.06783781758459902,-0.06461088057615247,0.9812949170198625,0.8557434006221446,0.49096806921580616,-0.1006185881217061,0.1285670526478143
1759043934.979238,265.7799987792969,268.95001220703125,420.1199951171875,94.22000122070312,32.959999084472656,649.780029296875,634.5700073242188,691.4400024414062,514.8599853515625,-11842.2900390625,0,-0.06783781758459902,-0.06461088057615247,0.9812949170198625,0.8557434006221446,0.49096806921580616,-0.1006185881217061,0.1285670526478143
1759043935.3179278,265.7799987792969,268.95001220703125,406.760009765625,94.22000122070312,32.959999084472656,649.780029296875,634.5700073242188,691.4400024414062,514.8599853515625,-11842.2900390625,0,-0.06783781758459902,-0.06461088057615247,0.9812949170198625,0.8557434006221446,0.49096806921580616,-0.1006185881217061,0.1285670526478143
1759043935.374695,265.7799987792969,268.95001220703125,393.30999755859375,94.22000122070312,32.959999084472656,649.780029296875,634.6599731445312,691.4400024414062,514.8599853515625,-11842.2900390625,0,-0.06783781758459902,-0.06461088057615247,0.9812949170198625,0.8557434006221446,0.49096806921580616,-0.1006185881217061,0.1285670526478143
1759043935.5816607,265.7799987792969,268.95001220703125,379.6000061035156,94.22000122070312,32.959999084472656,649.780029296875,634.5700073242188,691.52001953125,514.8599853515625,-11842.2900390625,0,-0.06783781758459902,-0.06461088057615247,0.9812949170198625,0.8557434006221446,0.49096806921580616,-0.1006185881217061,0.1285670526478143
1759043935.7737277,265.7799987792969,268.95001220703125,366.05999755859375,94.22000122070312,32.959999084472656,649.780029296875,634.5700073242188,691.52001953125,514.8599853515625,-11842.3798828125,0,-0.06783781758459902,-0.06461088057615247,0.9812949170198625,0.8557434006221446,0.49096806921580616,-0.1006185881217061,0.1285670526478143
1759043935.9419467,265.7799987792969,268.95001220703125,366.05999755859375,94.22000122070312,32.959999084472656,649.780029296875,634.5700073242188,691.52001953125,514.8599853515625,-11842.2900390625,0,-0.06671947525733561,-0.06313668474995307,0.9649788475971406,0.8606266698238001,0.49356131559112304,-0.11189372737146548,0.0565575522355393
1759043936.0083704,265.7799987792969,268.95001220703125,360.70001220703125,94.22000122070312,32.959999084472656,649.780029296875,634.5700073242188,691.4400024414062,514.8599853515625,-11842.2900390625,0,-0.06671947525733561,-0.06313668474995307,0.9649788475971406,0.8606266698238001,0.49356131559112304,-0.11189372737146548,0.0565575522355393
1759043936.0409734,265.7799987792969,268.95001220703125,360.70001220703125,94.22000122070312,32.959999084472656,649.780029296875,634.5700073242188,691.4400024414062,514.8599853515625,-11842.3798828125,0,-0.06783781758459902,-0.06461088057615247,0.9812949170198625,0.8557434006221446,0.49096806921580616,-0.1006185881217061,0.1285670526478143
1759043936.1411836,265.7799987792969,268.95001220703125,360.70001220703125,94.22000122070312,32.959999084472656,649.780029296875,634.5700073242188,691.4400024414062,514.8599853515625,-11842.2900390625,0,-0.06671947525733561,-0.06313668474995307,0.9649788475971406,0.8606266698238001,0.49356131559112304,-0.11189372737146548,0.0565575522355393
1759043936.1785657,265.7799987792969,268.95001220703125,360.70001220703125,94.22000122070312,32.959999084472656,649.780029296875,634.6599731445312,691.52001953125,514.780029296875,-11842.2900390625,0,-0.06783781758459902,-0.06461088057615247,0.9812949170198625,0.8557434006221446,0.49096806921580616,-0.1006185881217061,0.1285670526478143
1759043936.4415536,265.7799987792969,268.95001220703125,360.70001220703125,94.22000122070312,32.959999084472656,649.780029296875,634.5700073242188,691.4400024414062,514.8599853515625,-11842.2900390625,0,-0.06671947525733561,-0.06313668474995307,0.9649788475971406,0.8606266698238001,0.49356131559112304,-0.11189372737146548,0.0565575522355393
1759043936.54504,265.7799987792969,268.95001220703125,357.19000244140625,94.22000122070312,32.959999084472656,649.780029296875,634.5700073242188,691.4400024414062,514.8599853515625,-11842.2900390625,0,-0.06783781758459902,-0.06461088057615247,0.9812949170198625,0.8557434006221446,0.49096806921580616,-0.1006185881217061,0.1285670526478143
1759043936.7762604,265.7799987792969,268.95001220703125,343.8299865722656,94.22000122070312,32.959999084472656,649.780029296875,634.6599731445312,691.4400024414062,514.780029296875,-11842.2900390625,0,-0.06783781758459902,-0.06461088057615247,0.9812949170198625,0.8557434006221446,0.49096806921580616,-0.1006185881217061,0.1285670526478143
1759043936.841806,265.7799987792969,268.95001220703125,343.8299865722656,94.22000122070312,32.959999084472656,649.780029296875,634.6599731445312,691.4400024414062,514.780029296875,-11842.2900390625,0,-0.06671947525733561,-0.06313668474995307,0.9649788475971406,0.8606266698238001,0.49356131559112304,-0.11189372737146548,0.0565575522355393
1759043936.9135683,265.7799987792969,268.95001220703125,343.8299865722656,94.22000122070312,32.959999084472656,649.780029296875,634.6599731445312,691.4400024414062,514.780029296875,-11842.2900390625,0,-0.06783781758459902,-0.06461088057615247,0.9812949170198625,0.8557434006221446,0.49096806921580616,-0.1006185881217061,0.1285670526478143
1759043937.148019,265.7799987792969,268.95001220703125,316.4100036621094,94.22000122070312,32.959999084472656,649.780029296875,634.5700073242188,691.4400024414062,514.780029296875,-11842.2900390625,0,-0.06783781758459902,-0.06461088057615247,0.9812949170198625,0.8557434006221446,0.49096806921580616,-0.1006185881217061,0.1285670526478143
1759043937.374985,265.7799987792969,268.95001220703125,302.8699951171875,94.22000122070312,32.959999084472656,649.780029296875,634.5700073242188,691.4400024414062,514.8599853515625,-11842.2900390625,0,-0.06783781758459902,-0.06461088057615247,0.9812949170198625,0.8557434006221446,0.49096806921580616,-0.1006185881217061,0.1285670526478143
1759043937.609987,265.7799987792969,268.95001220703125,288.9800109863281,94.22000122070312,32.959999084472656,649.780029296875,634.5700073242188,691.4400024414062,514.8599853515625,-11842.2900390625,0,-0.06783781758459902,-0.06461088057615247,0.9812949170198625,0.8557434006221446,0.49096806921580616,-0.1006185881217061,0.1285670526478143
1759043937.9514194,265.7799987792969,268.95001220703125,270.6199951171875,94.22000122070312,32.959999084472656,649.780029296875,634.5700073242188,691.52001953125,514.8599853515625,-11842.2900390625,0,-0.06783781758459902,-0.06461088057615247,0.9812949170198625,0.8557434006221446,0.49096806921580616,-0.1006185881217061,0.1285670526478143
1759043939.0115905,265.7799987792969,268.95001220703125,270.6199951171875,94.22000122070312,32.959999084472656,649.780029296875,634.6599731445312,691.4400024414062,514.8599853515625,-11842.2900390625,0,-0.06671947525733561,-0.06313668474995307,0.9649788475971406,0.8606266698238001,0.49356131559112304,-0.11189372737146548,0.0565575522355393
1759043939.080274,265.7799987792969,268.95001220703125,270.6199951171875,94.22000122070312,32.959999084472656,649.780029296875,634.6599731445312,691.4400024414062,514.8599853515625,-11842.2900390625,0,-0.06783781758459902,-0.06461088057615247,0.9812949170198625,0.8557434006221446,0.49096806921580616,-0.1006185881217061,0.1285670526478143
1759043939.5822763,265.7799987792969,268.95001220703125,270.6199951171875,94.22000122070312,32.959999084472656,649.780029296875,634.5700073242188,691.4400024414062,514.8599853515625,-11842.3798828125,0,-0.06671947525733561,-0.06313668474995307,0.9649788475971406,0.8606266698238001,0.49356131559112304,-0.11189372737146548,0.0565575522355393
1759043939.6822836,265.7799987792969,268.95001220703125,270.6199951171875,94.22000122070312,32.959999084472656,649.780029296875,634.5700073242188,691.4400024414062,514.8599853515625,-11842.2900390625,0,-0.06783781758459902,-0.06461088057615247,0.9812949170198625,0.8557434006221446,0.49096806921580616,-0.1006185881217061,0.1285670526478143
1759043940.3787656,265.7799987792969,268.95001220703125,270.6199951171875,94.22000122070312,32.959999084472656,649.780029296875,634.5700073242188,691.4400024414062,523.1199951171875,-11842.2900390625,0,-0.06783781758459902,-0.06461088057615247,0.9812949170198625,0.8557434006221446,0.49096806921580616,-0.1006185881217061,0.1285670526478143
1759043940.4443917,265.7799987792969,268.95001220703125,270.6199951171875,94.22000122070312,32.959999084472656,649.780029296875,634.5700073242188,691.4400024414062,523.1199951171875,-11842.2900390625,0,-0.06671947525733561,-0.06313668474995307,0.9649788475971406,0.8606266698238001,0.49356131559112304,-0.11189372737146548,0.0565575522355393
1759043940.4780529,265.7799987792969,268.95001220703125,270.6199951171875,94.22000122070312,32.959999084472656,649.780029296875,634.5700073242188,691.4400024414062,523.1199951171875,-11842.2900390625,0,-0.06783781758459902,-0.06461088057615247,0.9812949170198625,0.8557434006221446,0.49096806921580616,-0.1006185881217061,0.1285670526478143
1759043940.57871,265.7799987792969,268.95001220703125,270.6199951171875,94.22000122070312,32.959999084472656,649.780029296875,634.6599731445312,691.4400024414062,534.989990234375,-11842.2900390625,0,-0.06783781758459902,-0.06461088057615247,0.9812949170198625,0.8557434006221446,0.49096806921580616,-0.1006185881217061,0.1285670526478143
1759043940.9247892,265.7799987792969,268.95001220703125,270.6199951171875,94.22000122070312,32.959999084472656,649.780029296875,634.8300170898438,691.4400024414062,545.27001953125,-11842.2900390625,0,-0.06650909828983725,-0.06404176282036084,0.9852250172483683,0.8599398742840374,0.5103922710890841,0.00043805374064678467,0.0017176547386905253
1759043941.085447,265.7799987792969,268.95001220703125,270.6199951171875,94.22000122070312,32.959999084472656,649.780029296875,639.9299926757812,691.52001953125,557.489990234375,-11842.2900390625,0,-0.06061769183158011,-0.06015722947577492,0.9496303370466748,-0.8324475962625807,-0.5105948214186188,-0.20306134820981178,0.07134435282735382
1759043941.5945413,265.7799987792969,268.95001220703125,270.6199951171875,94.22000122070312,32.959999084472656,649.780029296875,641.1599731445312,691.52001953125,593.7899780273438,-11842.2900390625,0,-0.06268687630640603,-0.06142998440336777,0.9814083663616187,0.8269156075752002,0.5468404759597267,-0.11952325660914004,0.05376116563303586
1759043942.1934938,265.7799987792969,268.95001220703125,270.6199951171875,94.22000122070312,32.959999084472656,649.780029296875,641.510009765625,691.52001953125,594.0499877929688,-11842.2900390625,0,-0.06096016084002276,-0.05893251258434369,0.9485793782334133,-0.8099642699120572,-0.5535928788394782,-0.11054224800581537,0.15897552443652443
1759043942.787511,265.7799987792969,268.95001220703125,270.6199951171875,94.22000122070312,32.959999084472656,649.780029296875,641.510009765625,691.52001953125,594.0499877929688,-11842.2900390625,0,-0.06360878687515062,-0.06191860394018862,0.9959868908075922,-0.8254842101140426,-0.5640242937684034,0.019713923818556623,0.007985993934718933
1759043942.813093,265.7799987792969,268.95001220703125,270.6199951171875,94.22000122070312,32.959999084472656,649.780029296875,641.510009765625,691.52001953125,594.0499877929688,-11842.2900390625,0,-0.06096016084002276,-0.05893251258434369,0.9485793782334133,-0.8099642699120572,-0.5535928788394782,-0.11054224800581537,0.15897552443652443
1759043943.8537507,265.7799987792969,268.95001220703125,270.6199951171875,94.22000122070312,32.959999084472656,649.780029296875,641.510009765625,691.52001953125,594.0499877929688,-11842.2900390625,0,-0.061871786725720204,-0.06025088289981741,0.9750258694370797,0.8065745169471693,0.5671615860916436,-0.10186730224877165,0.13186484219081648
1759043943.8808153,265.7799987792969,268.95001220703125,270.6199951171875,94.22000122070312,32.959999084472656,649.780029296875,641.510009765625,691.52001953125,594.0499877929688,-11842.2900390625,0,-0.05940288607469098,-0.058219433580444124,0.9484337479135305,0.8235651124543146,0.5481308730330937,-0.024828414583289764,0.1437936069697494
1759043943.947093,265.7799987792969,268.95001220703125,270.5299987792969,94.22000122070312,32.959999084472656,649.780029296875,641.510009765625,691.52001953125,606.3599853515625,-11842.2900390625,0,-0.06049714634383294,-0.059624506095118206,0.9980687811022863,0.8262411442252896,0.5624022764440657,0.017565462858513143,0.026845959740400042
1759043944.080972,265.7799987792969,268.95001220703125,270.5299987792969,94.22000122070312,32.959999084472656,649.780029296875,641.510009765625,691.52001953125,606.3599853515625,-11842.3798828125,0,-0.05029000746017365,-0.051976548156149605,0.8883033521851323,-0.8033706487094594,-0.558813010528928,0.14327952830822807,0.14762993200401545
1759043944.1806045,265.7799987792969,268.95001220703125,270.6199951171875,94.22000122070312,32.959999084472656,649.780029296875,641.9500122070312,691.52001953125,619.010009765625,-11842.3798828125,0,-0.05237271502769006,-0.05391298161234241,0.9746473499307631,0.8056384299533882,0.5674860881132877,-0.10665451749706346,0.13240496168039276
1759043944.2140627,265.7799987792969,268.95001220703125,270.6199951171875,94.22000122070312,32.959999084472656,649.780029296875,641.9500122070312,691.52001953125,619.010009765625,-11842.3798828125,0,-0.04529793675046519,-0.04884720062670054,0.8838405858302911,0.7964259936573876,0.554372308106742,0.2288104331980205,0.0776064835627831
1759043995.397674,265.7799987792969,268.95001220703125,573.219970703125,94.30999755859375,32.959999084472656,191.69000244140625,649.780029296875,774.6699829101562,743.6400146484375,-11842.2900390625,0,0.11191562795671034,0.053296434682860445,0.9644970483190854,0.5236743565692895,0.8296835412374318,0.04480967134177466,0.18810232062815596
1759043995.5541716,265.7799987792969,268.95001220703125,586.9299926757812,94.30999755859375,32.959999084472656,191.69000244140625,649.780029296875,774.6699829101562,743.6400146484375,-11842.2900390625,0,0.10716439240272262,0.045458577774488015,0.9639289745450115,0.524372399137368,0.8289193489422552,0.048422336149243045,0.1886307963560518
1759043998.8955808,265.7799987792969,268.95001220703125,678.52001953125,94.30999755859375,32.959999084472656,191.69000244140625,649.6900024414062,774.6699829101562,743.2899780273438,-11842.2900390625,0,0.07970202982666803,-0.0025120064246919246,0.9632577003727633,-0.5511564728479382,-0.7854774726767514,-0.014018669720228225,0.28116749323924084
1759043998.9888504,265.7799987792969,268.95001220703125,692.1400146484375,94.30999755859375,32.959999084472656,191.69000244140625,649.780029296875,774.6699829101562,743.2899780273438,-11842.2900390625,0,0.08139827047890262,-0.005883626449144074,0.99762988127372,0.5460545500322594,0.8205833695028999,-0.01679090759192408,0.16788516166288625
1759043999.0214305,265.7799987792969,268.95001220703125,692.1400146484375,94.30999755859375,32.959999084472656,191.69000244140625,649.780029296875,774.6699829101562,743.2899780273438,-11842.2900390625,0,0.07856937128760105,-0.007318276702810111,0.9725032615018482,0.5511018259691037,0.796615816343685,-0.017183119336147315,0.2477796581127759
1759043999.0894089,265.7799987792969,268.95001220703125,692.1400146484375,94.30999755859375,32.959999084472656,191.69000244140625,649.780029296875,774.6699829101562,743.2899780273438,-11842.2900390625,0,0.07343327966424897,-0.008065789374631056,0.9285624953248477,-0.537508192595106,-0.7695671897941649,0.049472636938290813,0.3411799253763716
1759043999.3639114,265.7799987792969,268.95001220703125,709.5399780273438,94.30999755859375,32.959999084472656,191.69000244140625,649.6900024414062,774.6699829101562,743.2899780273438,-11842.2900390625,0,0.06644645901236398,-0.01192305413944735,0.9624704012428584,0.5503319816477742,0.8046033301672796,-0.05086096828749471,0.21716664790942516
1759043999.3888018,265.7799987792969,268.95001220703125,709.5399780273438,94.30999755859375,32.959999084472656,191.69000244140625,649.6900024414062,774.6699829101562,743.2899780273438,-11842.2900390625,0,0.06306300383259514,-0.011781931812782032,0.9253435050298043,-0.5404538202933225,-0.7851066520612002,0.013672297273331994,0.3022090026899863
1759043999.4545481,265.7799987792969,268.95001220703125,709.5399780273438,94.30999755859375,32.959999084472656,191.69000244140625,649.6900024414062,774.6699829101562,743.2899780273438,-11842.2900390625,0,0.06326416376956552,-0.012454100343432016,0.9439361571761917,0.5216353244317141,0.8165357508017187,-0.011006626646466318,0.2470724795228303
1759043999.7281144,265.7799987792969,268.95001220703125,709.5399780273438,94.30999755859375,32.959999084472656,191.69000244140625,649.6900024414062,774.6699829101562,743.2899780273438,-11842.2900390625,0,0.0718552655082924,-0.01186560402113387,0.9626765201899307,-0.5498396111252409,-0.7862646492068234,-0.02087854349413931,0.2811198852213735
1759043999.8559494,265.7799987792969,268.95001220703125,709.5399780273438,94.30999755859375,32.959999084472656,191.69000244140625,649.780029296875,774.6699829101562,743.2899780273438,-11842.2900390625,0,0.07697971074626293,-0.012041575958424132,0.9723258536775401,0.551755175187206,0.7963552033684534,-0.015074219748789256,0.24730019130823563
1759044000.0964155,265.7799987792969,268.95001220703125,709.5399780273438,94.30999755859375,32.959999084472656,191.69000244140625,649.6900024414062,774.6699829101562,743.2899780273438,-11842.2900390625,0,0.07341847588319816,-0.01186620213820493,0.9627219521613833,-0.5498430601410412,-0.7860356811260686,-0.020327369040628006,0.28179303625054186
1759044000.3660734,265.7799987792969,268.95001220703125,720.260009765625,94.30999755859375,32.959999084472656,191.69000244140625,649.6900024414062,774.6699829101562,743.2899780273438,-11842.2900390625,0,0.06800874940660794,-0.011923557220070243,0.9625108096906722,0.5502853329253309,0.8047775641223536,-0.05120452478967606,0.21655766274508165
1759044000.5638921,265.7799987792969,268.95001220703125,733.6199951171875,94.30999755859375,32.959999084472656,191.69000244140625,649.6900024414062,774.6699829101562,743.2899780273438,-11842.2900390625,0,0.06166228080416941,-0.01439371752207762,0.9498371074225892,-0.5328772776102899,-0.7840293657776785,-0.056666563504762874,0.313254945987223
1759044000.623547,265.7799987792969,268.95001220703125,733.6199951171875,94.30999755859375,32.959999084472656,191.69000244140625,649.6900024414062,774.6699829101562,743.2899780273438,-11842.2900390625,0,0.0612028013791756,-0.016759856085541182,0.971962999114851,0.5526019887352622,0.7943351592877288,-0.009692178540024552,0.2521284562288042
1759044000.722943,265.7799987792969,268.95001220703125,733.6199951171875,94.30999755859375,32.959999084472656,191.69000244140625,649.6900024414062,774.6699829101562,743.2899780273438,-11842.2900390625,0,0.05473005038311111,-0.020544924516470334,0.928999503539671,0.5552767299628132,0.7884798084627762,-0.07348151380478914,0.25410197153360625
1759044000.7601156,265.7799987792969,268.95001220703125,746.8900146484375,94.30999755859375,32.959999084472656,191.69000244140625,649.6900024414062,774.6699829101562,743.2899780273438,-11842.2900390625,0,0.05647029342743314,-0.023053656076632057,0.9718231147594752,0.5535153243913549,0.7936603657194391,-0.00622358762267316,0.2523594192954215
1759044001.031883,265.7799987792969,268.95001220703125,760.25,94.30999755859375,32.959999084472656,191.69000244140625,649.6900024414062,774.6699829101562,743.2899780273438,-11842.2900390625,0,0.04718706738705861,-0.03708292434095859,0.928658472766059,0.5579455046687841,0.7877647721882006,-0.06512387784396063,0.25274959555602317
1759044001.2996302,265.7799987792969,268.95001220703125,773.9600219726562,94.30999755859375,32.959999084472656,191.69000244140625,649.6900024414062,774.6699829101562,743.2899780273438,-11842.2900390625,0,0.041165813180408455,-0.04460054027690754,0.9285951037040239,0.5592785140994618,0.7870787742210996,-0.06070030973997587,0.2530415365800252
1759044001.3902025,265.7799987792969,268.95001220703125,787.4099731445312,94.30999755859375,32.959999084472656,191.69000244140625,649.6900024414062,774.6699829101562,743.2899780273438,-11842.2900390625,0,0.040184626154812164,-0.045963488510238314,0.9409739081050738,0.5460850509911829,0.7824554211444313,-0.11856505223629997,0.27476710027558143
1759044001.6076841,265.7799987792969,268.95001220703125,795.22998046875,94.30999755859375,32.959999084472656,191.69000244140625,649.6900024414062,774.6699829101562,743.2899780273438,-11842.2900390625,0,0.033643835520143155,-0.04760947095267245,0.928613730763625,0.560054946188676,0.786107379329179,-0.05756012231180708,0.25506955469686987
1759044001.68937,265.7799987792969,268.95001220703125,795.22998046875,94.30999755859375,32.959999084472656,191.69000244140625,649.6900024414062,774.6699829101562,743.2899780273438,-11842.2900390625,0,0.032560185044788185,-0.04900929044520728,0.9409297517517343,0.54711705761176,0.78146279455907,-0.11545854699400009,0.27685402275606036
1759044001.7569017,265.7799987792969,268.95001220703125,795.3200073242188,94.30999755859375,32.959999084472656,191.69000244140625,649.780029296875,774.6699829101562,743.2899780273438,-11842.2900390625,0,0.032139842648206934,-0.04911437272277151,0.9286298112969046,0.5603358470232752,0.785929159850922,-0.05658925483753796,0.2552190245135829
1759044002.032776,265.7799987792969,268.95001220703125,795.3200073242188,94.30999755859375,32.959999084472656,191.69000244140625,649.6900024414062,774.6699829101562,743.2899780273438,-11842.2900390625,0,0.038232876250395446,-0.048524250089440175,0.9051654508552938,-0.5387342050320066,-0.7450521384634468,-0.14576372595955614,0.36526114424335426
1759044002.0910528,265.7799987792969,268.95001220703125,795.3200073242188,94.30999755859375,32.959999084472656,191.69000244140625,649.6900024414062,774.6699829101562,743.2899780273438,-11842.2900390625,0,0.04170882705819301,-0.050535269095609875,0.940963150322098,0.5466407827955762,0.7828917541492438,-0.11722073515368724,0.27299021066658913
1759044002.2577322,265.7799987792969,268.95001220703125,795.3200073242188,94.30999755859375,32.959999084472656,191.69000244140625,649.6900024414062,774.6699829101562,743.2899780273438,-11842.2900390625,0,0.0411658695649609,-0.0491126668284451,0.9285949047729597,0.5599040444237935,0.7871551274695437,-0.05901052735754072,0.2518174418051099
1759044002.2910562,265.7799987792969,268.95001220703125,795.3200073242188,94.30999755859375,32.959999084472656,191.69000244140625,649.6900024414062,774.6699829101562,743.2899780273438,-11842.2900390625,0,0.040400752599317274,-0.04957386703047713,0.9386685355392412,-0.5472165746889841,-0.7620978083240132,-0.03906433499445878,0.343853062607899
1759044002.39288,265.7799987792969,268.95001220703125,795.3200073242188,94.30999755859375,32.959999084472656,191.69000244140625,649.6900024414062,774.6699829101562,743.2899780273438,-11842.2900390625,0,0.03815704482276331,-0.04911294906695184,0.9286010921903247,0.5600489797867158,0.786748040878806,-0.05821180799171541,0.25295067863825776
1759044002.4611979,265.7799987792969,268.95001220703125,795.3200073242188,94.30999755859375,32.959999084472656,191.69000244140625,649.6900024414062,774.6699829101562,743.2899780273438,-11842.2900390625,0,0.037685926254807836,-0.05012561808871859,0.9550069583360713,0.5644880039010354,0.7846730929454193,-0.10164239263423212,0.23518132298055183
1759044002.4952543,265.7799987792969,268.95001220703125,795.3200073242188,94.30999755859375,32.959999084472656,191.69000244140625,649.6900024414062,774.6699829101562,743.2899780273438,-11842.2900390625,0,0.03514838702642211,-0.04911351774852398,0.9286127286671658,0.5601929199993477,0.7863393908819738,-0.057404709507457644,0.2540845411596999
1759044002.5301907,265.7799987792969,268.95001220703125,795.3200073242188,94.30999755859375,32.959999084472656,191.69000244140625,649.6900024414062,774.6699829101562,743.2899780273438,-11842.2900390625,0,0.036138312203448125,-0.050125210580506493,0.9549995186403749,0.5645918855787578,0.7844784583831788,-0.10124614385750172,0.23575149930670664
1759044002.5301907,265.7799987792969,268.95001220703125,795.3200073242188,94.30999755859375,32.959999084472656,191.69000244140625,649.6900024414062,774.6699829101562,743.2899780273438,-11842.2900390625,1,0.0,0.0,0.08108108108108109,0.4327628451491815,0.7547457834826282,-0.3564285371895958,0.3406373732438418
1759044002.8579984,265.7799987792969,268.95001220703125,795.3200073242188,94.30999755859375,32.959999084472656,191.69000244140625,649.6900024414062,774.6699829101562,743.2899780273438,-11842.2900390625,0,0.03879984382861215,-0.04738225949562629,0.918523519440639,-0.5577857087519827,-0.7501338941613506,-0.13418129157188466,0.32889150936817596
1759044002.960273,265.7799987792969,268.95001220703125,795.3200073242188,94.30999755859375,32.959999084472656,191.69000244140625,649.6900024414062,774.6699829101562,737.0499877929688,-11842.2900390625,0,0.03871674643613615,-0.04625781023078088,0.8828844585346478,-0.5338319518903706,-0.7500218047368347,-0.11389125455471186,0.3735231206982672
1759044003.0912323,265.7799987792969,268.95001220703125,795.3200073242188,94.30999755859375,32.959999084472656,191.69000244140625,649.6900024414062,774.6699829101562,737.0499877929688,-11842.2900390625,0,0.037685750225529606,-0.05167218872718614,0.9550019875997258,0.5646788818633579,0.7847309579266752,-0.1010747439186213,0.2347743175707594
1759044004.0355413,265.7799987792969,268.95001220703125,795.3200073242188,94.30999755859375,32.959999084472656,191.69000244140625,649.5999755859375,774.6699829101562,669.72998046875,-11842.2900390625,0,0.02152106220947806,-0.04149753979642849,0.9117741718776449,-0.5802174099068403,-0.7336622388026132,-0.09740350204277753,0.3400000505675521
1759044004.2398467,265.7799987792969,268.95001220703125,795.3200073242188,94.30999755859375,32.959999084472656,191.69000244140625,649.510009765625,774.6699829101562,656.0999755859375,-11842.2900390625,0,0.019782361363204593,-0.047909730950736286,0.9494718835561418,0.5906305487528406,0.7607241406713762,-0.055442738597668496,0.26340166935026316
1759044004.4998236,265.7799987792969,268.95001220703125,795.3200073242188,94.30999755859375,32.959999084472656,191.69000244140625,649.510009765625,774.6699829101562,653.5499877929688,-11842.2900390625,0,0.019512805896989147,-0.03894610910976262,0.9017987716555041,0.5744257591321855,0.7441101414300042,-0.16186793041014508,0.30022311331935775
1759044004.5580711,265.7799987792969,268.95001220703125,795.3200073242188,94.30999755859375,32.959999084472656,191.77999877929688,649.510009765625,774.6699829101562,653.5499877929688,-11842.2900390625,0,0.021318766649356273,-0.0386792231323401,0.9493896964754418,0.5892729854383703,0.760739266313878,-0.059222195325486754,0.2655670327838206
1759044004.592294,265.7799987792969,268.95001220703125,795.3200073242188,94.30999755859375,32.959999084472656,191.77999877929688,649.510009765625,774.6699829101562,653.5499877929688,-11842.2900390625,0,0.020977559161857263,-0.03771422171780745,0.9369478717049299,-0.5612039951254563,-0.7480081102577462,-0.0984598053686308,0.3403521846126946
1759044004.66119,265.7799987792969,268.95001220703125,795.3200073242188,94.30999755859375,32.959999084472656,191.77999877929688,649.510009765625,774.6699829101562,653.5499877929688,-11842.2900390625,0,0.02131858137760817,-0.0371412069664549,0.9493823690144282,0.5890568078767229,0.7607044889286284,-0.05978493476951117,0.266019772183432
1759044004.66119,265.7799987792969,268.95001220703125,795.3200073242188,94.30999755859375,32.959999084472656,191.77999877929688,649.510009765625,774.6699829101562,653.5499877929688,-11842.2900390625,1,0.0,0.0,0.02631578947368421,0.46179609638995356,0.7356434154761318,-0.3550370185225178,0.34571931693825503
1759044004.7613726,265.7799987792969,268.95001220703125,795.3200073242188,94.30999755859375,32.959999084472656,191.69000244140625,649.510009765625,774.6699829101562,653.5499877929688,-11842.2900390625,0,0.019381460915162244,-0.03504606737967016,0.8955455856023687,0.5871590188762434,0.7518969565972663,-0.11473910310527605,0.2770021505884977
1759044004.8597078,265.7799987792969,268.95001220703125,795.3200073242188,94.30999755859375,32.959999084472656,191.69000244140625,649.510009765625,774.6699829101562,653.5499877929688,-11842.2900390625,0,0.019780753234542398,-0.03867962562540563,0.949400202403856,0.5893404692956598,0.7605236007662671,-0.05877637033765597,0.26613342935041784
1759044004.9257162,265.7799987792969,268.95001220703125,795.3200073242188,94.30999755859375,32.959999084472656,191.69000244140625,649.510009765625,774.6699829101562,653.5499877929688,-11842.2900390625,0,0.01796422785886804,-0.0399413171416425,0.9184819216228775,-0.5578697288387857,-0.7543799473279414,-0.13787996492303875,0.3173032870735092
1759044005.0591617,265.7799987792969,268.95001220703125,795.3200073242188,94.30999755859375,32.959999084472656,191.69000244140625,649.510009765625,774.6699829101562,653.5499877929688,-11842.2900390625,1,0.0,0.0,0.10526315789473684,0.4638135794076655,0.7363978031865691,-0.3514893342071547,0.3450369356426282
1759044005.1592522,265.7799987792969,268.95001220703125,795.3200073242188,94.30999755859375,32.959999084472656,191.69000244140625,649.5999755859375,774.6699829101562,653.6400146484375,-11842.2900390625,0,0.01978204511268122,-0.0463711668078002,0.9494575770916076,0.5904166400160267,0.7606919624732721,-0.05599325988716432,0.26385731801099643
1759044005.1929202,265.7799987792969,268.95001220703125,795.3200073242188,94.30999755859375,32.959999084472656,191.69000244140625,649.5999755859375,774.6699829101562,653.6400146484375,-11842.2900390625,1,0.0,0.0,0.11842105263157894,0.4637823937304894,0.7369577536379484,-0.35125691946195015,0.34411878348707936
1759044005.2287588,265.7799987792969,268.95001220703125,795.3200073242188,94.30999755859375,32.959999084472656,191.69000244140625,649.5999755859375,774.6699829101562,653.6400146484375,-11842.2900390625,0,0.019381864994003854,-0.04374975485597383,0.8955575123304819,0.5884900241175055,0.7523509013958819,-0.11136648452855773,0.27430843735972193
1759044005.2287588,265.7799987792969,268.95001220703125,795.3200073242188,94.30999755859375,32.959999084472656,191.69000244140625,649.5999755859375,774.6699829101562,653.6400146484375,-11842.2900390625,1,0.0,0.0,0.14814814814814814,0.46602022833353246,0.72410008164089,-0.3634600427014727,0.3555292054263082
1759044005.3254747,265.7799987792969,268.95001220703125,795.3200073242188,94.30999755859375,32.959999084472656,191.69000244140625,649.5999755859375,774.6699829101562,653.6400146484375,-11842.2900390625,1,0.0,0.0,0.039473684210526314,0.46319389179171594,0.7369853772258345,-0.35216747151909844,0.3439215671719113
1759044005.5344813,265.7799987792969,268.95001220703125,795.3200073242188,94.30999755859375,32.959999084472656,191.69000244140625,649.5999755859375,774.6699829101562,653.5499877929688,-11842.2900390625,0,0.021318973975246625,-0.04021730643949722,0.9493980231585236,0.5894887718903621,0.7607735178865623,-0.0586614475824758,0.26511408273651793
1759044005.5632265,265.7799987792969,268.95001220703125,795.3200073242188,94.30999755859375,32.959999084472656,191.69000244140625,649.510009765625,774.6699829101562,653.6400146484375,-11842.2900390625,0,0.020043597968465325,-0.03854367182175528,0.9117683187250384,-0.5807082282856376,-0.734124235733516,-0.09662389536633703,0.33838348504953975
1759044005.6317859,265.7799987792969,268.95001220703125,795.3200073242188,94.30999755859375,32.959999084472656,191.69000244140625,649.510009765625,774.6699829101562,653.6400146484375,-11842.2900390625,0,0.019780753234542398,-0.03867962562540563,0.949400202403856,0.5893404692956598,0.7605236007662671,-0.05877637033765597,0.26613342935041784
1759044006.2838626,265.7799987792969,268.95001220703125,795.3200073242188,94.30999755859375,32.959999084472656,191.69000244140625,649.510009765625,774.6699829101562,653.5499877929688,-11842.2900390625,0,0.021521288163315,-0.04297470584303854,0.9117820913838169,-0.5799432274902666,-0.7335659899067407,-0.0980475096714068,0.3404900544620239
1759044006.2838626,265.7799987792969,268.95001220703125,795.3200073242188,94.30999755859375,32.959999084472656,191.69000244140625,649.510009765625,774.6699829101562,653.5499877929688,-11842.2900390625,1,0.0,0.0,0.02666666666666667,0.47286673746492003,0.723440415800856,-0.34698494652301204,0.36418739718939963
1759044006.3322337,265.7799987792969,268.95001220703125,795.3200073242188,94.30999755859375,32.959999084472656,191.69000244140625,649.510009765625,774.6699829101562,653.5499877929688,-11842.2900390625,0,0.02083264393087794,-0.0422988655848563,0.8955495120156641,0.5881582389892532,0.7525032528477748,-0.11236067051927968,0.2741966813858924
1759044006.5303402,265.7799987792969,268.95001220703125,795.3200073242188,94.30999755859375,32.959999084472656,191.69000244140625,649.5999755859375,774.6699829101562,653.5499877929688,-11842.2900390625,1,0.0,0.0,0.05333333333333334,0.472886543315852,0.7222928321764674,-0.3474157184756555,0.36602417992986
1759044006.6597147,265.7799987792969,268.95001220703125,795.3200073242188,94.30999755859375,32.959999084472656,191.69000244140625,649.510009765625,774.6699829101562,653.5499877929688,-11842.2900390625,0,0.018242961018287485,-0.040218308724999645,0.9494229092785605,0.5896240714312874,0.7603427005312271,-0.057767817526709814,0.2662429555798116
1759044007.2631469,265.7799987792969,268.95001220703125,795.3200073242188,94.30999755859375,32.959999084472656,191.69000244140625,649.5999755859375,774.6699829101562,653.6400146484375,-11842.2900390625,0,0.0193817678393408,-0.04229905688916809,0.8955541116348739,0.5882694594880545,0.7522768785466688,-0.11192415674559968,0.27475720950413496
1759044007.2631469,265.7799987792969,268.95001220703125,795.3200073242188,94.30999755859375,32.959999084472656,191.69000244140625,649.5999755859375,774.6699829101562,653.6400146484375,-11842.2900390625,1,0.0,0.0,0.04,0.47317266127048363,0.7231300179642949,-0.34663879695232896,0.3647357319931909
1759044007.395407,265.7799987792969,268.95001220703125,795.3200073242188,94.30999755859375,32.959999084472656,191.69000244140625,649.510009765625,774.6699829101562,653.6400146484375,-11842.2900390625,0,0.019781468961815835,-0.04329430569062514,0.9494317215386715,0.5899874579851173,0.7606261321473665,-0.057100328054146006,0.26476827425298816
1759044007.4962807,265.7799987792969,268.95001220703125,795.3200073242188,94.30999755859375,32.959999084472656,191.69000244140625,649.510009765625,774.6699829101562,653.6400146484375,-11842.2900390625,0,0.01805169568258823,-0.04040665911700838,0.9017968547198928,0.5748156237120321,0.743975067306325,-0.16087334828853747,0.3003462398191991
1759044007.7424116,265.7799987792969,268.95001220703125,795.3200073242188,94.30999755859375,32.959999084472656,191.69000244140625,649.5999755859375,774.6699829101562,653.5499877929688,-11842.2900390625,0,0.019780971969664725,-0.04021777695998519,0.9494097382548962,0.5895565752353854,0.7605582851566217,-0.05821561842926618,0.2656785298951356
1759044008.0028656,265.7799987792969,268.95001220703125,795.3200073242188,94.30999755859375,32.959999084472656,191.69000244140625,649.5999755859375,774.6699829101562,653.6400146484375,-11842.2900390625,1,0.0,0.0,0.02631578947368421,0.4629456134084103,0.736157142420886,-0.35297425222312767,0.34520022878924883
1759044008.0950077,265.7799987792969,268.95001220703125,795.3200073242188,94.30999755859375,32.959999084472656,191.69000244140625,649.5999755859375,774.6699829101562,653.6400146484375,-11842.2900390625,1,0.0,0.0,0.09210526315789473,0.46322498490826036,0.7364248435919571,-0.3524012236735972,0.344839731832999
1759044008.128628,265.7799987792969,268.95001220703125,795.3200073242188,94.30999755859375,32.959999084472656,191.69000244140625,649.5999755859375,774.6699829101562,653.6400146484375,-11842.2900390625,0,0.0197122567163993,-0.04235908606055328,0.9306713193088705,-0.5755408749788025,-0.757398356228629,-0.1191446160823287,0.28443802781871413
1759044008.4335186,265.7799987792969,268.95001220703125,795.3200073242188,94.30999755859375,32.959999084472656,191.69000244140625,649.5999755859375,774.6699829101562,653.5499877929688,-11842.2900390625,0,0.019781468961815835,-0.04329430569062514,0.9494317215386715,0.5899874579851173,0.7606261321473665,-0.057100328054146006,0.26476827425298816
1759044008.5712721,265.7799987792969,268.95001220703125,795.3200073242188,94.30999755859375,32.959999084472656,191.69000244140625,649.5999755859375,774.6699829101562,653.6400146484375,-11842.2900390625,0,0.019712142969911698,-0.04085150823216777,0.9306672345098124,-0.5757720541275418,-0.7575124575384332,-0.11847742180005805,0.2839445700897374
1759044008.5712721,265.7799987792969,268.95001220703125,795.3200073242188,94.30999755859375,32.959999084472656,191.69000244140625,649.5999755859375,774.6699829101562,653.6400146484375,-11842.2900390625,1,0.0,0.0,0.10526315789473684,0.4629456134084103,0.736157142420886,-0.35297425222312767,0.34520022878924883
1759044008.6283917,265.7799987792969,268.95001220703125,795.3200073242188,94.30999755859375,32.959999084472656,191.69000244140625,649.5999755859375,774.6699829101562,653.6400146484375,-11842.2900390625,0,0.019512805896989147,-0.03894610910976262,0.9017987716555041,0.5744257591321855,0.7441101414300042,-0.16186793041014508,0.30022311331935775
1759044008.6961184,265.7799987792969,268.95001220703125,795.3200073242188,94.30999755859375,32.959999084472656,191.69000244140625,649.5999755859375,774.6699829101562,653.6400146484375,-11842.2900390625,0,0.019712042679447407,-0.039343969715892976,0.9306637694031968,-0.5760027186464178,-0.7576256944043513,-0.11781212881829965,0.28345101445145804
1759044008.8298254,265.7799987792969,268.95001220703125,795.3200073242188,94.30999755859375,32.959999084472656,191.69000244140625,649.510009765625,774.6699829101562,653.5499877929688,-11842.2900390625,0,0.019780971969664725,-0.04021777695998519,0.9494097382548962,0.5895565752353854,0.7605582851566217,-0.05821561842926618,0.2656785298951356
1759044009.6678042,265.7799987792969,268.95001220703125,795.3200073242188,94.30999755859375,32.959999084472656,191.69000244140625,649.5999755859375,774.6699829101562,653.5499877929688,-11842.2900390625,1,0.0,0.0,0.11594202898550725,0.4958603499357809,0.7083148578983919,-0.35982294795345066,0.3506280387647773
1759044009.7630453,265.7799987792969,268.95001220703125,795.3200073242188,94.30999755859375,32.959999084472656,191.69000244140625,649.5999755859375,774.6699829101562,653.5499877929688,-11842.2900390625,0,0.018566532935193177,-0.038544022737390646,0.911777433068262,-0.580651540864471,-0.734395651167407,-0.09712571159514384,0.3377475562979736
1759044009.7960098,265.7799987792969,268.95001220703125,795.3200073242188,94.30999755859375,32.959999084472656,191.69000244140625,649.5999755859375,774.6699829101562,653.5499877929688,-11842.2900390625,0,0.01769732853325596,-0.037809290434229016,0.8837892161679086,0.5713846289311225,0.7495556138163064,-0.1267376960171517,0.3092305677418836
1759044009.8289208,265.7799987792969,268.95001220703125,795.3200073242188,94.30999755859375,32.959999084472656,191.69000244140625,649.5999755859375,774.6699829101562,653.5499877929688,-11842.2900390625,0,0.018051671406905525,-0.038946006288515314,0.9017970215651511,0.5745742033742735,0.7438604237196307,-0.1614385852791069,0.30078852708098924
1759044009.8958204,265.7799987792969,268.95001220703125,795.3200073242188,94.30999755859375,32.959999084472656,191.69000244140625,649.5999755859375,774.6699829101562,653.5499877929688,-11842.2900390625,0,0.017641175736446597,-0.038428141046689804,0.8837953750037276,-0.5599477305655929,-0.7370632432614185,-0.14747428498165704,0.3484933998464684
1759044009.9629261,265.7799987792969,268.95001220703125,795.3200073242188,94.30999755859375,32.959999084472656,191.69000244140625,649.510009765625,774.6699829101562,653.5499877929688,-11842.2900390625,0,0.01856674546774684,-0.04002119567986651,0.9117859647588309,-0.5803789018832817,-0.7343016465849725,-0.09776682789120598,0.33823522796338895
1759044009.9959197,265.7799987792969,268.95001220703125,795.3200073242188,94.30999755859375,32.959999084472656,191.69000244140625,649.510009765625,774.6699829101562,653.5499877929688,-11842.2900390625,0,0.019781210555307367,-0.04175600209678169,0.9494202451102307,0.589772235039559,0.7605924602139775,-0.05765694100111811,0.26522348575585436
1759044010.1355314,265.7799987792969,268.95001220703125,795.3200073242188,94.30999755859375,32.959999084472656,191.69000244140625,649.510009765625,774.6699829101562,653.5499877929688,-11842.2900390625,0,0.019073080363458332,-0.03985955872228203,0.8837930667062333,-0.5597632768028442,-0.7366490593553682,-0.14762391725158325,0.34960036663180305
1759044010.1355314,265.7799987792969,268.95001220703125,795.3200073242188,94.30999755859375,32.959999084472656,191.69000244140625,649.510009765625,774.6699829101562,653.5499877929688,-11842.2900390625,1,0.0,0.0,0.07894736842105263,0.46322498490826036,0.7364248435919571,-0.3524012236735972,0.344839731832999
1759044010.1981723,265.7799987792969,268.95001220703125,795.3200073242188,94.30999755859375,32.959999084472656,191.69000244140625,649.5999755859375,774.6699829101562,653.5499877929688,-11842.2900390625,0,0.01938168255042743,-0.040848395764021384,0.8955512734263763,0.5880483820558834,0.75220221229212,-0.11248360226326616,0.27520605263361775
1759044010.1981723,265.7799987792969,268.95001220703125,795.3200073242188,94.30999755859375,32.959999084472656,191.69000244140625,649.5999755859375,774.6699829101562,653.5499877929688,-11842.2900390625,1,0.0,0.0,0.039473684210526314,0.46322498490826036,0.7364248435919571,-0.3524012236735972,0.344839731832999
1759044010.5395126,265.7799987792969,268.95001220703125,795.3200073242188,94.30999755859375,32.959999084472656,191.69000244140625,649.5999755859375,774.6699829101562,653.5499877929688,-11842.2900390625,0,0.019781210555307367,-0.04175600209678169,0.9494202451102307,0.589772235039559,0.7605924602139775,-0.05765694100111811,0.26522348575585436
1759044010.630326,265.7799987792969,268.95001220703125,795.3200073242188,94.30999755859375,32.959999084472656,191.69000244140625,649.5999755859375,774.6699829101562,653.6400146484375,-11842.2900390625,0,0.01793072296719408,-0.03939793838783199,0.8955534483946698,0.5879373136139555,0.7518995613796383,-0.11260565040746943,0.276218631438619
1759044010.6984127,265.7799987792969,268.95001220703125,795.3200073242188,94.30999755859375,32.959999084472656,191.69000244140625,649.5999755859375,774.6699829101562,653.6400146484375,-11842.2900390625,0,0.017641175736446597,-0.038428141046689804,0.8837953750037276,-0.5599477305655929,-0.7370632432614185,-0.14747428498165704,0.3484933998464684
1759044010.6984127,265.7799987792969,268.95001220703125,795.3200073242188,94.30999755859375,32.959999084472656,191.69000244140625,649.5999755859375,774.6699829101562,653.6400146484375,-11842.2900390625,1,0.0,0.0,0.11594202898550725,0.4958603499357809,0.7083148578983919,-0.35982294795345066,0.3506280387647773
1759044010.7294724,265.7799987792969,268.95001220703125,795.3200073242188,94.30999755859375,32.959999084472656,191.69000244140625,649.5999755859375,774.6699829101562,653.6400146484375,-11842.2900390625,1,0.0,0.0,0.057971014492753624,0.4958603499357809,0.7083148578983919,-0.35982294795345066,0.3506280387647773
1759044010.9102015,265.7799987792969,268.95001220703125,795.3200073242188,94.30999755859375,32.959999084472656,191.69000244140625,649.5999755859375,774.6699829101562,653.6400146484375,-11842.2900390625,0,0.019781210555307367,-0.04175600209678169,0.9494202451102307,0.589772235039559,0.7605924602139775,-0.05765694100111811,0.26522348575585436
1759044010.9974358,265.7799987792969,268.95001220703125,795.3200073242188,94.30999755859375,32.959999084472656,191.69000244140625,649.510009765625,774.6699829101562,653.5499877929688,-11842.2900390625,0,0.019712142969911698,-0.04085150823216777,0.9306672345098124,-0.5757720541275418,-0.7575124575384332,-0.11847742180005805,0.2839445700897374
1759044011.0321186,265.7799987792969,268.95001220703125,795.3200073242188,94.30999755859375,32.959999084472656,191.69000244140625,649.510009765625,774.6699829101562,653.5499877929688,-11842.2900390625,1,0.0,0.0,0.07894736842105263,0.4629456134084103,0.736157142420886,-0.35297425222312767,0.34520022878924883
1759044011.703257,265.7799987792969,268.95001220703125,795.3200073242188,94.30999755859375,32.959999084472656,191.69000244140625,649.510009765625,774.6699829101562,653.6400146484375,-11842.2900390625,0,0.020061877956865145,-0.04158634635645847,0.963165447691622,0.5775077312983828,0.7550901605856403,-0.11746287674177003,0.28727363656432975
1759044011.703257,265.7799987792969,268.95001220703125,795.3200073242188,94.30999755859375,32.959999084472656,191.69000244140625,649.510009765625,774.6699829101562,653.6400146484375,-11842.2900390625,1,0.0,0.0,0.12162162162162163,-0.4761418537770355,-0.6762836570430307,-0.40447318508647995,0.3902957761035481
1759044011.7303987,265.7799987792969,268.95001220703125,795.3200073242188,94.30999755859375,32.959999084472656,191.69000244140625,649.510009765625,774.6699829101562,653.6400146484375,-11842.2900390625,1,0.0,0.0,0.08108108108108109,-0.4761418537770355,-0.6762836570430307,-0.40447318508647995,0.3902957761035481
1759044012.1778743,265.7799987792969,268.95001220703125,795.3200073242188,94.30999755859375,32.959999084472656,191.69000244140625,649.510009765625,774.6699829101562,653.6400146484375,-11842.2900390625,1,0.0,0.0,0.06756756756756757,-0.4758250359719609,-0.6759414133243641,-0.40503522110879403,0.39069196377286025
1759044012.3718357,265.7799987792969,268.95001220703125,795.3200073242188,94.30999755859375,32.959999084472656,191.69000244140625,649.510009765625,774.6699829101562,653.5499877929688,-11842.2900390625,1,0.0,0.0,0.05405405405405406,-0.4758250359719609,-0.6759414133243641,-0.40503522110879403,0.39069196377286025
1759044012.4641218,265.7799987792969,268.95001220703125,795.3200073242188,94.30999755859375,32.959999084472656,191.69000244140625,649.510009765625,774.6699829101562,653.5499877929688,-11842.2900390625,0,0.019781210555307367,-0.04175600209678169,0.9494202451102307,0.589772235039559,0.7605924602139775,-0.05765694100111811,0.26522348575585436
1759044012.9379678,265.7799987792969,268.95001220703125,795.3200073242188,94.30999755859375,32.959999084472656,191.69000244140625,649.5999755859375,774.6699829101562,653.5499877929688,-11887.73046875,0,0.019781210555307367,-0.04175600209678169,0.9494202451102307,0.589772235039559,0.7605924602139775,-0.05765694100111811,0.26522348575585436
1759044013.0653958,265.7799987792969,268.95001220703125,795.3200073242188,94.30999755859375,32.959999084472656,191.69000244140625,649.510009765625,774.6699829101562,653.6400146484375,-11927.3701171875,0,0.01856674546774684,-0.04002119567986651,0.9117859647588309,-0.5803789018832817,-0.7343016465849725,-0.09776682789120598,0.33823522796338895
1759044013.1680357,265.7799987792969,268.95001220703125,795.3200073242188,94.30999755859375,32.959999084472656,191.69000244140625,649.5999755859375,774.6699829101562,653.5499877929688,-11970.259765625,1,0.0,0.0,0.039473684210526314,0.46325499275570126,0.7358631468483193,-0.35263388598198525,0.3457594297407495
1759044014.0109506,265.7799987792969,268.95001220703125,795.3200073242188,94.30999755859375,32.959999084472656,191.69000244140625,649.510009765625,774.6699829101562,653.5499877929688,-12189.900390625,0,0.015028800595897994,-0.03649703915802988,0.8955586993857018,0.5877113128654966,0.7512895315544768,-0.11284759194592146,0.27825325424615643
1759044014.0657885,265.7799987792969,268.95001220703125,795.3200073242188,94.30999755859375,32.959999084472656,191.69000244140625,649.510009765625,774.6699829101562,653.5499877929688,-12189.900390625,0,0.01670470338693635,-0.038680607803397826,0.9494255953184515,0.589474536490748,0.7600912309113429,-0.057878644036374834,0.26726607357689103
1759044014.5725198,265.7799987792969,268.95001220703125,795.3200073242188,94.30999755859375,32.959999084472656,191.60000610351562,649.510009765625,774.6699829101562,653.6400146484375,-12227.080078125,0,0.01670470338693635,-0.038680607803397826,0.9494255953184515,0.589474536490748,0.7600912309113429,-0.057878644036374834,0.26726607357689103
1759044014.6326811,265.7799987792969,268.95001220703125,795.3200073242188,94.30999755859375,32.959999084472656,191.60000610351562,649.510009765625,774.6699829101562,653.6400146484375,-12270.759765625,0,0.01561218505698879,-0.037067678671691265,0.9117902772622416,-0.5808084960928537,-0.735030014429753,-0.09748437427769086,0.33598982949702744
1759044014.807343,265.7799987792969,268.95001220703125,795.3200073242188,94.30999755859375,32.959999084472656,191.69000244140625,649.510009765625,774.6699829101562,653.6400146484375,-12318.83984375,0,0.015380372844044449,-0.038466630269239674,0.9631776245190509,0.5773831324259022,0.7542173259463841,-0.11729083605845544,0.28987549639292953
1759044014.8669693,265.7799987792969,268.95001220703125,795.3200073242188,94.30999755859375,32.959999084472656,191.69000244140625,649.510009765625,774.6699829101562,653.6400146484375,-12365.599609375,0,0.014134896599185699,-0.03559091865852764,0.9117926376625392,-0.5810210563491655,-0.735391466405717,-0.097342417253098,0.3348706870119759
1759044014.9006875,265.7799987792969,268.95001220703125,795.3200073242188,94.30999755859375,32.959999084472656,191.69000244140625,649.510009765625,774.6699829101562,653.6400146484375,-12365.599609375,0,0.013577835389976164,-0.03504659944023738,0.8955618840788444,0.5875964312022377,0.7509821352858614,-0.11296731911895888,0.279275225057572
1759044014.932917,265.7799987792969,268.95001220703125,795.3200073242188,94.30999755859375,32.959999084472656,191.69000244140625,649.510009765625,774.6699829101562,653.6400146484375,-12410.419921875,0,0.013668322299813929,-0.034563994309974526,0.9017983552055703,0.5742887764239101,0.7427594329612036,-0.16184136665846685,0.30382264243930124
1759044015.005339,265.7799987792969,268.95001220703125,795.3200073242188,94.30999755859375,32.959999084472656,191.60000610351562,649.510009765625,774.6699829101562,653.5499877929688,-12410.419921875,0,0.01362816712497048,-0.03560519207291927,0.9494312559381355,0.5891714253738739,0.7595831778530046,-0.058100111180722336,0.2693228629849986
1759044015.1738627,265.7799987792969,268.95001220703125,795.3200073242188,94.30999755859375,32.959999084472656,191.69000244140625,649.510009765625,774.6699829101562,653.5499877929688,-12494.7900390625,0,0.012126780078315072,-0.032145451074107656,0.8955608973039337,0.5872546603876186,0.7505927154926191,-0.11365470288207678,0.2807581660704204
1759044015.20084,265.7799987792969,268.95001220703125,795.3200073242188,94.30999755859375,32.959999084472656,191.69000244140625,649.510009765625,774.6699829101562,653.5499877929688,-12494.7900390625,0,0.012011608811494873,-0.03250297975410231,0.9184849876971336,-0.5587793044645295,-0.7560142724851647,-0.13654426243462484,0.31235200190978146
1759044016.005457,265.7799987792969,268.95001220703125,795.3200073242188,94.30999755859375,32.959999084472656,191.60000610351562,649.5999755859375,774.6699829101562,653.6400146484375,-12539.7900390625,0,0.01381973612788337,-0.03534639370235592,0.9631763161127975,0.5770273574561546,0.7538130362733638,-0.11799210664320656,0.29134721186480883
1759044018.1809678,265.7799987792969,268.95001220703125,795.3200073242188,94.30999755859375,32.959999084472656,191.69000244140625,649.5999755859375,774.6699829101562,653.6400146484375,-12539.7900390625,0,0.01362798258896292,-0.034066984609283577,0.9494197954316305,0.5889527745150004,0.7595452302161227,-0.05866700722152737,0.2697848307646107
1759044018.4495344,265.7799987792969,268.95001220703125,795.3200073242188,94.30999755859375,32.959999084472656,191.60000610351562,649.510009765625,774.6699829101562,653.6400146484375,-12539.7900390625,0,0.012126780078315072,-0.032145451074107656,0.8955608973039337,0.5872546603876186,0.7505927154926191,-0.11365470288207678,0.2807581660704204
1759044018.4495344,265.7799987792969,268.95001220703125,795.3200073242188,94.30999755859375,32.959999084472656,191.60000610351562,649.510009765625,774.6699829101562,653.6400146484375,-12539.7900390625,1,0.0,0.0,0.039473684210526314,0.46308324686134605,0.7333333173802645,-0.3541258501505609,0.34981571484361934
1759044018.5026128,265.7799987792969,268.95001220703125,795.3200073242188,94.30999755859375,32.959999084472656,191.60000610351562,649.510009765625,774.6699829101562,653.6400146484375,-12539.7900390625,0,0.013004208383721523,-0.033888039340948396,0.9361784036032655,-0.5885318137234042,-0.7315268689180425,-0.13714556758747157,0.31573697530937933
1759044018.636939,265.7799987792969,268.95001220703125,795.3200073242188,94.30999755859375,32.959999084472656,191.69000244140625,649.510009765625,774.6699829101562,653.5499877929688,-12539.7900390625,0,0.012518422874325367,-0.03337199500956049,0.901779220263659,-0.5642576710738393,-0.7333012194642148,-0.11678941134253099,0.3608917227713706
1759044018.971564,265.7799987792969,268.95001220703125,795.3200073242188,94.30999755859375,32.959999084472656,191.69000244140625,649.510009765625,774.6699829101562,653.5499877929688,-12539.7900390625,0,0.01381973612788337,-0.03534639370235592,0.9631763161127975,0.5770273574561546,0.7538130362733638,-0.11799210664320656,0.29134721186480883
1759044019.1806703,265.7799987792969,268.95001220703125,795.3200073242188,94.30999755859375,32.959999084472656,191.69000244140625,649.5999755859375,774.6699829101562,653.5499877929688,-12539.7900390625,1,0.0,0.0,0.05263157894736842,0.46308324686134605,0.7333333173802645,-0.3541258501505609,0.34981571484361934
1759044019.2061615,265.7799987792969,268.95001220703125,795.3200073242188,94.30999755859375,32.959999084472656,191.69000244140625,649.5999755859375,774.6699829101562,653.5499877929688,-12539.7900390625,0,0.012657428058634292,-0.03263697594822611,0.9117853167028234,-0.5815016329862289,-0.7358406122823072,-0.09656484660127855,0.3332711726975797
1759044019.2061615,265.7799987792969,268.95001220703125,795.3200073242188,94.30999755859375,32.959999084472656,191.69000244140625,649.5999755859375,774.6699829101562,653.5499877929688,-12539.7900390625,1,0.0,0.0,0.039473684210526314,0.46308324686134605,0.7333333173802645,-0.3541258501505609,0.34981571484361934
1759044019.238073,265.7799987792969,268.95001220703125,795.3200073242188,94.30999755859375,32.959999084472656,191.69000244140625,649.5999755859375,774.6699829101562,653.5499877929688,-12539.7900390625,1,0.0,0.0,0.02631578947368421,0.46308324686134605,0.7333333173802645,-0.3541258501505609,0.34981571484361934
1759044019.6421978,265.7799987792969,268.95001220703125,795.3200073242188,94.30999755859375,32.959999084472656,191.69000244140625,649.510009765625,774.6699829101562,653.5499877929688,-12539.7900390625,0,0.01283101497806359,-0.03381598797355268,0.9238983993975494,-0.569655059964151,-0.7273005621040076,-0.1482029046550488,0.35293470227825546
1759044019.8699942,265.7799987792969,268.95001220703125,795.3200073242188,94.30999755859375,32.959999084472656,191.69000244140625,649.510009765625,774.6699829101562,653.5499877929688,-12539.7900390625,0,0.01381973612788337,-0.03534639370235592,0.9631763161127975,0.5770273574561546,0.7538130362733638,-0.11799210664320656,0.29134721186480883
1759044020.324019,265.7799987792969,268.95001220703125,795.3200073242188,94.30999755859375,32.959999084472656,191.69000244140625,649.510009765625,774.6699829101562,653.5499877929688,-12539.7900390625,0,0.012126780078315072,-0.032145451074107656,0.8955608973039337,0.5872546603876186,0.7505927154926191,-0.11365470288207678,0.2807581660704204
1759044020.3713145,265.7799987792969,268.95001220703125,795.3200073242188,94.30999755859375,32.959999084472656,191.69000244140625,649.510009765625,774.6699829101562,653.5499877929688,-12539.7900390625,1,0.0,0.0,0.039473684210526314,0.46308324686134605,0.7333333173802645,-0.3541258501505609,0.34981571484361934
1759044020.4063828,265.7799987792969,268.95001220703125,795.3200073242188,94.30999755859375,32.959999084472656,191.69000244140625,649.510009765625,774.6699829101562,653.5499877929688,-12539.7900390625,0,0.012657428058634292,-0.03263697594822611,0.9117853167028234,-0.5815016329862289,-0.7358406122823072,-0.09656484660127855,0.3332711726975797
1759044020.4063828,265.7799987792969,268.95001220703125,795.3200073242188,94.30999755859375,32.959999084472656,191.69000244140625,649.510009765625,774.6699829101562,653.5499877929688,-12539.7900390625,1,0.0,0.0,0.02631578947368421,0.46308324686134605,0.7333333173802645,-0.3541258501505609,0.34981571484361934
1759044020.4377868,265.7799987792969,268.95001220703125,795.3200073242188,94.30999755859375,32.959999084472656,191.69000244140625,649.510009765625,774.6699829101562,653.5499877929688,-12539.7900390625,1,0.0,0.0,0.013157894736842105,0.46308324686134605,0.7333333173802645,-0.3541258501505609,0.34981571484361934
1759044020.5083983,265.7799987792969,268.95001220703125,795.3200073242188,94.30999755859375,32.959999084472656,191.69000244140625,649.510009765625,774.6699829101562,653.5499877929688,-12539.7900390625,0,0.013004208383721523,-0.033888039340948396,0.9361784036032655,-0.5885318137234042,-0.7315268689180425,-0.13714556758747157,0.31573697530937933
1759044020.6787841,265.7799987792969,268.95001220703125,795.3200073242188,94.30999755859375,32.959999084472656,191.69000244140625,649.510009765625,774.6699829101562,653.5499877929688,-12539.7900390625,0,0.01381973612788337,-0.03534639370235592,0.9631763161127975,0.5770273574561546,0.7538130362733638,-0.11799210664320656,0.29134721186480883
1759044021.1067514,265.7799987792969,268.95001220703125,795.3200073242188,94.30999755859375,32.959999084472656,191.69000244140625,649.510009765625,774.6699829101562,653.5499877929688,-12539.7900390625,0,0.012657428058634292,-0.03263697594822611,0.9117853167028234,-0.5815016329862289,-0.7358406122823072,-0.09656484660127855,0.3332711726975797
1759044021.2479246,265.7799987792969,268.95001220703125,795.3200073242188,94.30999755859375,32.959999084472656,191.69000244140625,649.510009765625,774.6699829101562,653.5499877929688,-12539.7099609375,0,0.012975953720474531,-0.033397859132548335,0.9306342894793479,0.5844911406061747,0.7665906422568565,-0.09817264249492118,0.24712552685361677
1759044021.338884,265.7799987792969,268.95001220703125,795.3200073242188,94.30999755859375,32.959999084472656,191.69000244140625,649.510009765625,774.6699829101562,653.5499877929688,-12539.7900390625,0,0.012657428058634292,-0.03263697594822611,0.9117853167028234,-0.5815016329862289,-0.7358406122823072,-0.09656484660127855,0.3332711726975797
1759044021.4419549,265.7799987792969,268.95001220703125,795.3200073242188,94.30999755859375,32.959999084472656,191.69000244140625,649.5999755859375,774.6699829101562,653.6400146484375,-12539.7900390625,1,0.0,0.0,0.06578947368421052,0.46308324686134605,0.7333333173802645,-0.3541258501505609,0.34981571484361934
1759044021.7176166,265.7799987792969,268.95001220703125,795.3200073242188,94.30999755859375,32.959999084472656,191.69000244140625,649.510009765625,774.6699829101562,653.5499877929688,-12539.7900390625,0,0.01381973612788337,-0.03534639370235592,0.9631763161127975,0.5770273574561546,0.7538130362733638,-0.11799210664320656,0.29134721186480883
1759044022.1122956,265.7799987792969,268.95001220703125,795.3200073242188,94.30999755859375,32.959999084472656,191.69000244140625,649.510009765625,774.6699829101562,653.5499877929688,-12539.7900390625,0,0.012657428058634292,-0.03263697594822611,0.9117853167028234,-0.5815016329862289,-0.7358406122823072,-0.09656484660127855,0.3332711726975797
1759044022.7792902,265.7799987792969,268.95001220703125,795.3200073242188,94.30999755859375,32.959999084472656,191.69000244140625,649.5999755859375,774.6699829101562,653.5499877929688,-12539.7900390625,0,0.01381973612788337,-0.03534639370235592,0.9631763161127975,0.5770273574561546,0.7538130362733638,-0.11799210664320656,0.29134721186480883
1759044023.1807458,265.7799987792969,268.95001220703125,795.3200073242188,94.30999755859375,32.959999084472656,191.69000244140625,649.510009765625,774.6699829101562,653.6400146484375,-12539.7900390625,0,0.012657428058634292,-0.03263697594822611,0.9117853167028234,-0.5815016329862289,-0.7358406122823072,-0.09656484660127855,0.3332711726975797
1759044023.340203,265.7799987792969,268.95001220703125,795.3200073242188,94.30999755859375,32.959999084472656,191.69000244140625,649.510009765625,774.6699829101562,653.6400146484375,-12539.7900390625,0,0.01362798258896292,-0.034066984609283577,0.9494197954316305,0.5889527745150004,0.7595452302161227,-0.05866700722152737,0.2697848307646107
1759044024.474164,265.7799987792969,268.95001220703125,795.3200073242188,94.30999755859375,32.959999084472656,191.69000244140625,649.510009765625,774.6699829101562,653.6400146484375,-12539.7900390625,0,0.012657428058634292,-0.03263697594822611,0.9117853167028234,-0.5815016329862289,-0.7358406122823072,-0.09656484660127855,0.3332711726975797
1759044024.5065,265.7799987792969,268.95001220703125,795.3200073242188,94.30999755859375,32.959999084472656,191.69000244140625,649.510009765625,774.6699829101562,653.6400146484375,-12539.7900390625,0,0.01362798258896292,-0.034066984609283577,0.9494197954316305,0.5889527745150004,0.7595452302161227,-0.05866700722152737,0.2697848307646107
1759044025.3499956,265.7799987792969,268.95001220703125,795.3200073242188,94.30999755859375,32.959999084472656,191.60000610351562,649.5999755859375,774.6699829101562,653.5499877929688,-12539.7900390625,0,0.012657428058634292,-0.03263697594822611,0.9117853167028234,-0.5815016329862289,-0.7358406122823072,-0.09656484660127855,0.3332711726975797
1759044025.3770447,265.7799987792969,268.95001220703125,795.3200073242188,94.30999755859375,32.959999084472656,191.60000610351562,649.5999755859375,774.6699829101562,653.5499877929688,-12539.7900390625,0,0.01362798258896292,-0.034066984609283577,0.9494197954316305,0.5889527745150004,0.7595452302161227,-0.05866700722152737,0.2697848307646107
1759044025.4075434,265.7799987792969,268.95001220703125,795.3200073242188,94.30999755859375,32.959999084472656,191.60000610351562,649.5999755859375,774.6699829101562,653.5499877929688,-12539.7900390625,0,0.012657428058634292,-0.03263697594822611,0.9117853167028234,-0.5815016329862289,-0.7358406122823072,-0.09656484660127855,0.3332711726975797
1759044026.0486603,265.7799987792969,268.95001220703125,795.3200073242188,94.30999755859375,32.959999084472656,191.69000244140625,649.5999755859375,774.6699829101562,653.5499877929688,-12539.7099609375,0,0.01362798258896292,-0.034066984609283577,0.9494197954316305,0.5889527745150004,0.7595452302161227,-0.05866700722152737,0.2697848307646107
1759044027.5197268,265.7799987792969,268.95001220703125,795.3200073242188,94.30999755859375,32.959999084472656,191.69000244140625,649.5999755859375,774.6699829101562,653.6400146484375,-12539.7900390625,0,0.012657428058634292,-0.03263697594822611,0.9117853167028234,-0.5815016329862289,-0.7358406122823072,-0.09656484660127855,0.3332711726975797
1759044027.5431013,265.7799987792969,268.95001220703125,795.3200073242188,94.30999755859375,32.959999084472656,191.69000244140625,649.5999755859375,774.6699829101562,653.6400146484375,-12539.7900390625,0,0.01362798258896292,-0.034066984609283577,0.9494197954316305,0.5889527745150004,0.7595452302161227,-0.05866700722152737,0.2697848307646107
1759044027.6427393,265.7799987792969,268.95001220703125,795.3200073242188,94.30999755859375,32.959999084472656,191.69000244140625,649.510009765625,774.6699829101562,653.5499877929688,-12539.7900390625,0,0.012657428058634292,-0.03263697594822611,0.9117853167028234,-0.5815016329862289,-0.7358406122823072,-0.09656484660127855,0.3332711726975797
1759044027.6780596,265.7799987792969,268.95001220703125,795.3200073242188,94.30999755859375,32.959999084472656,191.69000244140625,649.510009765625,774.6699829101562,653.5499877929688,-12539.7900390625,0,0.01362798258896292,-0.034066984609283577,0.9494197954316305,0.5889527745150004,0.7595452302161227,-0.05866700722152737,0.2697848307646107
1759044028.2948923,265.7799987792969,268.95001220703125,795.3200073242188,118.30000305175781,32.959999084472656,191.69000244140625,649.510009765625,774.6699829101562,653.5499877929688,-12539.7900390625,0,0.013998025058205842,-0.034621080050633114,0.9758068929133569,0.5948392851190794,0.7565645304461386,-0.10277590267859434,0.2514228509472376
1759044028.411601,265.7799987792969,268.95001220703125,795.3200073242188,131.83999633789062,32.959999084472656,191.69000244140625,649.510009765625,774.6699829101562,653.6400146484375,-12539.7900390625,0,0.012657428058634292,-0.03263697594822611,0.9117853167028234,-0.5815016329862289,-0.7358406122823072,-0.09656484660127855,0.3332711726975797
1759044028.411601,265.7799987792969,268.95001220703125,795.3200073242188,131.83999633789062,32.959999084472656,191.69000244140625,649.510009765625,774.6699829101562,653.6400146484375,-12539.7900390625,1,0.0,0.0,0.04477611940298507,-0.47584019764040647,-0.6933303377713935,-0.3928939487205406,0.37216057568491256
1759044028.6184323,265.7799987792969,268.95001220703125,795.3200073242188,145.1999969482422,32.959999084472656,191.69000244140625,649.5999755859375,774.6699829101562,653.6400146484375,-12539.7900390625,1,0.0,0.0,0.05263157894736842,0.46308324686134605,0.7333333173802645,-0.3541258501505609,0.34981571484361934
1759044029.0188725,265.7799987792969,268.95001220703125,795.3200073242188,172.0,32.959999084472656,191.69000244140625,649.510009765625,774.6699829101562,653.5499877929688,-12539.7900390625,0,0.009942011345173418,-0.032287210023973396,0.9651644449517753,0.619205718923867,0.7334863054464792,-0.059484227192648766,0.27394113252621427
1759044029.2197032,265.7799987792969,268.95001220703125,795.3200073242188,182.5500030517578,32.959999084472656,191.69000244140625,649.510009765625,774.6699829101562,653.5499877929688,-12539.7900390625,0,0.005562137668910223,-0.026692214599206496,0.8983145065080168,-0.5901889347800161,-0.7161496052393116,-0.14657982763562807,0.3425217048730163
1759044030.0910773,265.7799987792969,268.95001220703125,795.3200073242188,187.55999755859375,32.959999084472656,191.69000244140625,649.510009765625,774.6699829101562,653.6400146484375,-12539.7900390625,0,0.004206047439087019,-0.03042013979926262,0.9090315704900994,0.6163298792206404,0.7247390862538676,-0.11337552567752716,0.28642054223313734
1759044030.2516675,265.7799987792969,268.95001220703125,795.3200073242188,201.17999267578125,32.959999084472656,191.69000244140625,649.5999755859375,774.6699829101562,653.5499877929688,-12539.7099609375,0,0.0012603878985199973,-0.027475810832835932,0.9090467004833814,0.6160836212986843,0.724098284656972,-0.1135155066759987,0.28850801629837186
1759044030.2779276,265.7799987792969,268.95001220703125,795.3200073242188,201.17999267578125,32.959999084472656,191.69000244140625,649.5999755859375,774.6699829101562,653.5499877929688,-12539.7099609375,0,0.000569242254541144,-0.029495413094216466,1.0032521205973326,0.6436505774101552,0.7307850823472766,-0.0819051545114303,0.2120345332315393
1759044030.311389,265.7799987792969,268.95001220703125,795.3200073242188,201.17999267578125,32.959999084472656,191.69000244140625,649.5999755859375,774.6699829101562,653.5499877929688,-12539.7099609375,0,0.00010441147946782334,-0.02635999103466059,0.9247289020478976,-0.6114876694108251,-0.7132087574500833,-0.0983019254581551,0.3282572617722956
1759044030.4113708,265.7799987792969,268.95001220703125,795.3200073242188,214.5399932861328,32.959999084472656,191.69000244140625,649.5999755859375,774.6699829101562,653.5499877929688,-12539.7900390625,0,-0.001421892040040393,-0.024352905780883165,0.9486848747211395,-0.619346378255928,-0.7085294156736799,-0.13816414933143603,0.30871799219659946
1759044030.5193071,265.7799987792969,268.95001220703125,795.3200073242188,214.5399932861328,32.959999084472656,191.69000244140625,649.5999755859375,774.6699829101562,653.5499877929688,-12539.7099609375,0,-0.0033868633090196774,-0.022352957424940593,0.975056261022175,0.6486335219676848,0.7040043190452899,-0.05953936456546348,0.2830327490106327
1759044030.551908,265.7799987792969,268.95001220703125,795.3200073242188,227.80999755859375,32.959999084472656,191.69000244140625,649.510009765625,774.6699829101562,653.5499877929688,-12539.7900390625,0,-0.003932912409828708,-0.021042261110287307,0.9174207560050618,0.6441591923978635,0.6968130978323959,-0.1151056951172068,0.29370243528125
1759044030.6156473,265.7799987792969,268.95001220703125,795.3200073242188,227.80999755859375,32.959999084472656,191.69000244140625,649.510009765625,774.6699829101562,653.5499877929688,-12539.7900390625,0,-0.004482931188720201,-0.020443257243645787,0.945541661261966,-0.6186248236705546,-0.7078825893890249,-0.13276563384171264,0.31397269570628705
1759044030.6807468,265.7799987792969,268.95001220703125,795.3200073242188,227.80999755859375,32.959999084472656,191.69000244140625,649.510009765625,774.6699829101562,653.5499877929688,-12539.7900390625,0,-0.005513421092036585,-0.020248995282913282,0.9321410140492506,0.6489054741688282,0.6888131828034265,-0.15469231473443656,0.28377521483040713
1759044030.6807468,265.7799987792969,268.95001220703125,795.3200073242188,227.80999755859375,32.959999084472656,191.69000244140625,649.510009765625,774.6699829101562,653.5499877929688,-12539.7900390625,1,-0.0026803132785317755,-0.038196127431857865,0.9968325619699847,0.5320420875796622,0.6980246238742903,-0.3644152958124168,0.31127854678242706
1759044030.7115154,265.7799987792969,268.95001220703125,795.3200073242188,227.80999755859375,32.959999084472656,191.69000244140625,649.510009765625,774.6699829101562,653.5499877929688,-12539.7900390625,0,-0.006186474981228197,-0.021068974810470792,0.9744171070699897,-0.6422948041215153,-0.703218180316507,-0.16935240396243406,0.2534982026425229
1759044030.7455993,265.7799987792969,268.95001220703125,795.3200073242188,241.0800018310547,32.959999084472656,191.69000244140625,649.510009765625,774.6699829101562,653.5499877929688,-12539.7900390625,0,-0.006721643803414444,-0.021708823792430672,0.999864700689197,0.6563623501060043,0.6984200401689064,-0.10304332701105699,0.26604508191710463
1759044031.0223417,265.7799987792969,268.95001220703125,795.3200073242188,254.36000061035156,32.959999084472656,191.69000244140625,649.510009765625,774.6699829101562,653.5499877929688,-12539.7099609375,0,-0.012120825154372006,-0.023225943827300848,0.9785343882453426,0.6788636342883487,0.6740048316045644,-0.05665041555496122,0.28574881177700157
1759044031.0468552,265.7799987792969,268.95001220703125,795.3200073242188,254.36000061035156,32.959999084472656,191.69000244140625,649.510009765625,774.6699829101562,653.5499877929688,-12539.7900390625,0,-0.012322045290088924,-0.022856838980837072,0.9628184643625765,0.6737412747538358,0.6838319173434617,-0.09786603913427097,0.26242873680222334
1759044031.1140661,265.7799987792969,268.95001220703125,795.3200073242188,254.36000061035156,32.959999084472656,191.69000244140625,649.510009765625,774.6699829101562,653.5499877929688,-12539.7900390625,0,-0.013718525578728285,-0.022210750854669205,0.9516893290789077,0.6563628616391756,0.6797934021518922,-0.11168439393801805,0.30756352254824704
1759044031.1140661,265.7799987792969,268.95001220703125,795.3200073242188,254.36000061035156,32.959999084472656,191.69000244140625,649.510009765625,774.6699829101562,653.5499877929688,-12539.7900390625,1,-0.01161964782274024,-0.03864310920940198,0.9677042984034818,0.5398414001094087,0.6531548169097432,-0.40735966360908155,0.3406143748284988
1759044031.1450627,265.7799987792969,268.95001220703125,795.3200073242188,267.45001220703125,32.959999084472656,191.69000244140625,649.510009765625,774.6699829101562,653.5499877929688,-12539.7900390625,0,-0.01458616858836659,-0.02220189027214121,0.9553231866453519,-0.6486952072164297,-0.6830535157585352,-0.1416191051431771,0.3042637865451352
1759044031.5567224,265.7799987792969,268.95001220703125,795.3200073242188,269.9100036621094,32.959999084472656,191.69000244140625,649.510009765625,774.6699829101562,653.5499877929688,-12539.7099609375,0,-0.01768207122303223,-0.016012543822394698,0.9553304786581578,-0.649487219505139,-0.6839911783198676,-0.14034837652196797,0.30103945403838756
1759044031.7611601,265.7799987792969,268.95001220703125,795.3200073242188,269.9100036621094,32.959999084472656,191.69000244140625,649.510009765625,774.6699829101562,653.5499877929688,-12539.7900390625,0,-0.016624009978979698,-0.01738471210688123,0.9204349601275081,0.6726964206604591,0.6671899336883376,-0.11221111571425682,0.2995760062583785
1759044032.011965,265.7799987792969,268.95001220703125,795.3200073242188,269.9100036621094,32.959999084472656,191.69000244140625,649.510009765625,774.6699829101562,653.5499877929688,-12539.7900390625,0,-0.017683125881352176,-0.022203499061358226,0.9553939484093106,-0.648491737422311,-0.683546355599042,-0.14266202304230627,0.30310129234916977
1759044032.045499,265.7799987792969,268.95001220703125,795.3200073242188,269.9100036621094,32.959999084472656,191.69000244140625,649.510009765625,774.6699829101562,653.5499877929688,-12539.7900390625,0,-0.018465247835767213,-0.02322912122535353,0.9786734122001913,0.6790948954240088,0.6730784426443213,-0.05441677640504249,0.2878095681214113
1759044032.2458634,265.7799987792969,268.95001220703125,795.3200073242188,269.9100036621094,32.959999084472656,191.69000244140625,649.510009765625,774.6699829101562,653.5499877929688,-12539.7900390625,0,-0.018417186032560175,-0.021522654209650716,0.9553764453660549,0.6578345483895932,0.6807984672057696,-0.11470068484428941,0.30101645618069717
1759044032.2790856,265.7799987792969,268.95001220703125,795.3200073242188,269.9100036621094,32.959999084472656,191.69000244140625,649.510009765625,774.6699829101562,653.5499877929688,-12539.7900390625,0,-0.018464823382112357,-0.021643435375399117,0.978650080388376,0.6788643558623151,0.6730275731544805,-0.054930432910829954,0.2883742700964552
1759044032.3813598,265.7799987792969,268.95001220703125,795.3200073242188,269.9100036621094,32.959999084472656,191.60000610351562,649.510009765625,774.6699829101562,653.6400146484375,-12539.7900390625,0,-0.018564043826310307,-0.019739963964042366,0.9629260599048246,0.6736884727294253,0.6828160822157546,-0.09670392974575477,0.2656207626499678
1759044032.3813598,265.7799987792969,268.95001220703125,795.3200073242188,269.9100036621094,32.959999084472656,191.60000610351562,649.510009765625,774.6699829101562,653.6400146484375,-12539.7900390625,1,-0.017223208983398297,-0.037392758649764116,0.9969648236260281,0.5488485909948265,0.6779581406560103,-0.3929345113992804,0.2911021357404439
1759044032.4794543,265.7799987792969,268.95001220703125,795.3200073242188,269.9100036621094,32.959999084472656,191.60000610351562,649.510009765625,774.6699829101562,653.6400146484375,-12539.7900390625,0,-0.01846401534618379,-0.018472331072285898,0.9786055304107739,0.6784014650441501,0.6729240497175265,-0.055963594498410554,0.2895043205697147
1759044033.1020916,265.7799987792969,268.95001220703125,795.3200073242188,269.9100036621094,32.959999084472656,191.69000244140625,649.510009765625,774.6699829101562,653.5499877929688,-12539.7900390625,0,-0.01811680372577943,-0.021859074442434217,0.9205137938984291,0.6735112426430003,0.6672317036738562,-0.11012274268163381,0.2984249339285166
1759044033.3870852,265.7799987792969,268.95001220703125,795.3200073242188,269.9100036621094,43.68000030517578,191.69000244140625,649.510009765625,774.6699829101562,653.5499877929688,-12539.7900390625,0,-0.018271881113922018,-0.01978811133655228,0.9281512936400284,0.662548099693666,0.6560109353271024,-0.1605236290458786,0.3239009614704988
1759044033.8886397,265.7799987792969,268.95001220703125,795.3200073242188,269.9100036621094,71.0999984741211,191.69000244140625,649.510009765625,774.6699829101562,653.5499877929688,-12539.7099609375,0,-0.018116518487892235,-0.020367767689029818,0.9204984856589259,0.673274244452674,0.6671379928937079,-0.11063308068827653,0.29897995192296306
1759044033.9474223,265.7799987792969,268.95001220703125,795.3200073242188,269.9100036621094,84.55000305175781,191.69000244140625,649.510009765625,774.6699829101562,653.5499877929688,-12539.7900390625,0,-0.018116518487892235,-0.020367767689029818,0.9204984856589259,0.673274244452674,0.6671379928937079,-0.11063308068827653,0.29897995192296306
1759044034.1470668,265.7799987792969,268.95001220703125,795.3200073242188,269.9100036621094,98.3499984741211,191.69000244140625,649.510009765625,774.6699829101562,653.5499877929688,-12539.7900390625,0,-0.01811680372577943,-0.021859074442434217,0.9205137938984291,0.6735112426430003,0.6672317036738562,-0.11012274268163381,0.2984249339285166
1759044034.2473059,265.7799987792969,268.95001220703125,795.3200073242188,269.9100036621094,98.3499984741211,191.69000244140625,649.510009765625,774.6699829101562,653.5499877929688,-12539.7900390625,0,-0.01838467565167023,-0.021040799169342126,0.9337638885256137,0.6787097360791,0.6587151247401762,-0.14989699068729206,0.2880596653002052
1759044034.280617,265.7799987792969,268.95001220703125,795.3200073242188,269.9100036621094,98.3499984741211,191.69000244140625,649.510009765625,774.6699829101562,653.5499877929688,-12539.7900390625,0,-0.018116518487892235,-0.020367767689029818,0.9204984856589259,0.673274244452674,0.6671379928937079,-0.11063308068827653,0.29897995192296306
1759044034.8547792,265.7799987792969,268.95001220703125,795.4099731445312,269.9100036621094,122.95999908447266,191.69000244140625,649.510009765625,774.6699829101562,653.6400146484375,-12539.7900390625,0,-0.018116518487892235,-0.020367767689029818,0.9204984856589259,0.673274244452674,0.6671379928937079,-0.11063308068827653,0.29897995192296306
1759044035.021061,265.7799987792969,268.95001220703125,795.3200073242188,269.9100036621094,122.95999908447266,191.69000244140625,649.510009765625,774.6699829101562,653.6400146484375,-12539.7900390625,0,-0.019231841107975517,-0.02220437805869717,0.9554325089263774,-0.6483897620954067,-0.6837925094835391,-0.14318089652456686,0.3025190097406893
1759044035.3486288,265.7799987792969,268.95001220703125,795.3200073242188,269.9100036621094,122.95999908447266,191.69000244140625,649.510009765625,774.6699829101562,653.5499877929688,-12539.7900390625,0,-0.020051244372646663,-0.02164424985136429,0.9786883366986978,0.6789209301688892,0.6727951564378561,-0.05436663566933629,0.28888980075172094
1759044036.7832134,265.7799987792969,268.95001220703125,795.3200073242188,269.9100036621094,122.95999908447266,201.52999877929688,649.510009765625,774.6699829101562,653.6400146484375,-12539.7099609375,0,-0.020051244372646663,-0.02164424985136429,0.9786883366986978,0.6789209301688892,0.6727951564378561,-0.05436663566933629,0.28888980075172094
1759044036.9497223,265.7799987792969,268.95001220703125,795.3200073242188,269.9100036621094,122.95999908447266,215.9499969482422,649.510009765625,774.6699829101562,653.5499877929688,-12539.7900390625,0,-0.020385442240897486,-0.02280795503987098,0.9946758446494787,0.6704489331205798,0.663815995241589,-0.11506057733814766,0.31081765728720645
1759044037.3541613,265.7799987792969,268.95001220703125,795.3200073242188,269.9100036621094,122.95999908447266,243.11000061035156,649.510009765625,774.6699829101562,653.5499877929688,-12539.7099609375,0,-0.020051244372646663,-0.02164424985136429,0.9786883366986978,0.6789209301688892,0.6727951564378561,-0.05436663566933629,0.28888980075172094
1759044037.4497356,265.7799987792969,268.95001220703125,795.3200073242188,269.9100036621094,122.95999908447266,243.11000061035156,649.510009765625,774.6699829101562,653.5499877929688,-12539.7900390625,0,-0.019608717552598142,-0.020368572840611335,0.92053626448993,0.6733763149982506,0.6668970281915908,-0.1100803727961866,0.29949124146401007
1759044037.657668,265.7799987792969,268.95001220703125,795.3200073242188,269.9100036621094,122.95999908447266,256.7300109863281,649.510009765625,774.6699829101562,653.5499877929688,-12539.7900390625,0,-0.019608717552598142,-0.020368572840611335,0.92053626448993,0.6733763149982506,0.6668970281915908,-0.1100803727961866,0.29949124146401007
1759044037.7504616,265.7799987792969,268.95001220703125,795.3200073242188,269.9100036621094,122.95999908447266,270.5299987792969,649.510009765625,774.6699829101562,653.5499877929688,-12539.7900390625,0,-0.019608717552598142,-0.020368572840611335,0.92053626448993,0.6733763149982506,0.6668970281915908,-0.1100803727961866,0.29949124146401007
1759044037.9164839,265.7799987792969,268.95001220703125,795.3200073242188,269.9100036621094,122.95999908447266,270.5299987792969,649.510009765625,774.6699829101562,653.5499877929688,-12539.7099609375,0,-0.02215556930896268,-0.02093923939101434,1.0017618712900231,0.687352244378013,0.6664845146684685,-0.09806332662847835,0.27153060200684687
1759044037.9839425,265.7799987792969,268.95001220703125,795.3200073242188,269.9100036621094,122.95999908447266,281.1600036621094,649.510009765625,774.6699829101562,653.6400146484375,-12539.7900390625,0,-0.021100718143297566,-0.0188780109893286,0.9205593546285832,0.6732398495142984,0.6665609993998325,-0.1100364281366388,0.30056034932770476
1759044038.992051,265.7799987792969,268.95001220703125,795.3200073242188,269.9100036621094,122.95999908447266,281.42999267578125,649.510009765625,774.6699829101562,653.6400146484375,-12539.7900390625,0,-0.02406553768283295,-0.018095115906730803,0.9630661639605819,-0.6660354172033957,-0.6865494755017192,-0.12486075183119945,0.26354588475474383
1759044039.8513193,265.7799987792969,268.95001220703125,795.3200073242188,269.9100036621094,122.95999908447266,281.42999267578125,649.510009765625,774.6699829101562,653.6400146484375,-12539.7900390625,0,-0.02259321732439173,-0.018878820339023026,0.9206003637214252,0.6733410992677186,0.6663196274583298,-0.1094796916610626,0.3010716114390916
1759044039.985833,265.7799987792969,268.95001220703125,795.3200073242188,269.9100036621094,122.95999908447266,281.42999267578125,649.510009765625,774.6699829101562,653.5499877929688,-12539.7900390625,0,-0.022504177459996152,-0.018094329643830682,0.9630238209962286,-0.6661233007592985,-0.6863333139795045,-0.12433853804419777,0.264133031377145
1759044040.151457,265.7799987792969,268.95001220703125,795.3200073242188,269.9100036621094,122.95999908447266,281.42999267578125,649.510009765625,774.6699829101562,653.6400146484375,-12539.7900390625,0,-0.023223399097990843,-0.018474377148631153,0.9787189706787482,0.6785679272163514,0.6722240425523485,-0.05426326211400073,0.29105996487430275
1759044040.317946,265.7799987792969,268.95001220703125,795.3200073242188,269.9100036621094,122.95999908447266,281.42999267578125,649.510009765625,774.6699829101562,653.6400146484375,-12539.7900390625,0,-0.022592811728263273,-0.017387388694328716,0.9205832030249433,0.6731018107761939,0.6662237366384745,-0.10999093913876123,0.3016320247862466
1759044040.6547408,265.7799987792969,268.95001220703125,795.3200073242188,269.9100036621094,122.95999908447266,281.42999267578125,649.510009765625,774.6699829101562,653.5499877929688,-12539.7099609375,1,-0.020552731697319217,-0.035019431222528194,0.9460322988649196,-0.5161439746821955,-0.6510462039039209,-0.4683664725111353,0.3006111861009755
1759044040.6865578,265.7799987792969,268.95001220703125,795.3200073242188,269.9100036621094,122.95999908447266,281.42999267578125,649.510009765625,774.6699829101562,653.5499877929688,-12539.7099609375,0,-0.023223985360132482,-0.020060139553801235,0.9787443307588375,0.6788007457054993,0.6722772129896579,-0.05374724144139606,0.2904894672134542
1759044041.1634216,265.7799987792969,268.95001220703125,795.3200073242188,269.9100036621094,122.95999908447266,281.42999267578125,649.510009765625,774.6699829101562,653.6400146484375,-12539.7099609375,0,-0.022592811728263273,-0.017387388694328716,0.9205832030249433,0.6731018107761939,0.6662237366384745,-0.10999093913876123,0.3016320247862466
1759044041.3350492,265.7799987792969,268.95001220703125,795.3200073242188,269.9100036621094,122.95999908447266,281.42999267578125,649.510009765625,774.6699829101562,653.6400146484375,-12539.7099609375,0,-0.02295243341185967,-0.018672974404164898,0.933859003711903,-0.668950800921328,-0.6616506991387315,-0.1787600751195076,0.2876943061988013
1759044041.5302856,265.7799987792969,268.95001220703125,795.3200073242188,269.9100036621094,122.95999908447266,280.989990234375,650.0399780273438,774.6699829101562,653.5499877929688,-12539.7900390625,0,-0.02259321732439173,-0.018878820339023026,0.9206003637214252,0.6733410992677186,0.6663196274583298,-0.1094796916610626,0.3010716114390916
1759044041.6949477,265.7799987792969,268.95001220703125,795.3200073242188,269.9100036621094,122.95999908447266,280.6300048828125,654.0800170898438,774.6699829101562,653.5499877929688,-12539.7900390625,0,-0.02360986540395075,-0.01958665659302807,0.9947258016559424,0.6701643532148149,0.6631168239886658,-0.1149770439876332,0.3129474345304968
1759044041.719725,265.7799987792969,268.95001220703125,795.3200073242188,269.9100036621094,122.95999908447266,280.6300048828125,654.0800170898438,774.6699829101562,653.5499877929688,-12539.7900390625,0,-0.022850177117697764,-0.0187742806517119,0.9782152042663851,-0.6711637849426759,-0.6768627936674011,-0.17391290570349813,0.24728573262513304
1759044041.819965,265.7799987792969,268.95001220703125,795.3200073242188,269.9100036621094,122.95999908447266,280.54998779296875,660.760009765625,774.6699829101562,653.6400146484375,-12539.7900390625,0,-0.02012467236794024,-0.018180697286795226,0.9629484730010213,0.6735678476107848,0.6825186996904095,-0.09666831650549025,0.26670173569341793
1759044042.031075,265.7799987792969,268.95001220703125,795.3200073242188,269.9100036621094,122.95999908447266,280.4599914550781,672.1900024414062,774.6699829101562,653.6400146484375,-12539.7900390625,0,-0.0037506843215102557,-0.019103368991243642,0.9551258751741432,-0.6499066664552002,-0.6815512430818387,-0.13676713338186494,0.307252305405829
1759044042.0923307,265.7799987792969,268.95001220703125,795.3200073242188,269.9100036621094,122.95999908447266,280.4599914550781,672.1900024414062,774.6699829101562,653.6400146484375,-12539.7900390625,0,0.0034988115186535885,-0.018069040594490725,0.9173475293100052,0.6431667071012673,0.697826001433204,-0.11874608477076659,0.2920185370004322
1759044042.1205568,265.7799987792969,268.95001220703125,795.3200073242188,269.9100036621094,122.95999908447266,280.4599914550781,672.1900024414062,774.6699829101562,653.6400146484375,-12539.7900390625,1,0.0,0.0,0.04285714285714286,-0.47528478724148576,-0.678318610499707,-0.4516013489973214,0.33172949107723626
1759044042.5413105,265.7799987792969,268.95001220703125,795.3200073242188,269.9100036621094,122.95999908447266,280.54998779296875,697.0599975585938,774.6699829101562,653.5499877929688,-12539.7900390625,0,0.043066354243675206,-0.013871360284810265,0.9899091374028691,0.6088521692178543,0.761401038698276,-0.09843119010836388,0.19969675791497185
1759044042.5879402,265.7799987792969,268.95001220703125,795.3200073242188,269.9100036621094,122.95999908447266,280.54998779296875,710.5999755859375,774.6699829101562,653.6400146484375,-12539.7900390625,0,0.044361271021438886,-0.011969309055178847,0.9655168233868854,0.614904133007213,0.7378509703899239,-0.07697182272615682,0.26747745925873595
1759044042.654857,265.7799987792969,268.95001220703125,795.3200073242188,269.9100036621094,122.95999908447266,280.54998779296875,710.5999755859375,774.6699829101562,653.6400146484375,-12539.7900390625,0,0.04595088219361851,-0.009466973422550333,0.9498222423808187,0.5840784020687751,0.7635115207553249,-0.07710658280973418,0.26449414511115904
1759044042.8644214,265.7799987792969,268.95001220703125,795.3200073242188,269.9100036621094,122.95999908447266,280.4599914550781,714.4600219726562,774.760009765625,653.6400146484375,-12539.7900390625,0,0.0521213404779229,-0.004853111848132114,0.9500927184993706,0.5831633169866018,0.7642635027246039,-0.08054060088458577,0.26331550606345544
1759044043.1623256,265.7799987792969,268.95001220703125,795.3200073242188,269.9100036621094,122.95999908447266,280.54998779296875,714.4600219726562,774.760009765625,653.6400146484375,-12539.7099609375,0,0.04485235827569001,-0.00494695160699929,0.9128722802124319,-0.5900354221216474,-0.7325631935097406,-0.14909563978111315,0.30492598832306844
1759044043.188602,265.7799987792969,268.95001220703125,795.3200073242188,269.9100036621094,122.95999908447266,280.54998779296875,714.4600219726562,774.760009765625,653.6400146484375,-12539.7099609375,0,0.047891718324116504,-0.005856216540861996,0.9901953066833311,0.6077848348037371,0.7616118502266727,-0.10273791192618437,0.19997476248253376
1759044043.4343045,265.7799987792969,268.95001220703125,795.4099731445312,269.9100036621094,122.95999908447266,280.54998779296875,714.4600219726562,774.760009765625,653.5499877929688,-12539.7900390625,0,0.04547263518126193,-0.00677020189129233,0.9481465072314494,0.5815567286066011,0.7627322701600572,-0.16120069869835033,0.23247707458594144
1759044043.4919915,265.7799987792969,268.95001220703125,795.4099731445312,269.9100036621094,122.95999908447266,280.54998779296875,714.4600219726562,774.760009765625,653.5499877929688,-12539.7900390625,0,0.04518362056904187,-0.006058809110824761,0.912322620322946,-0.587639158602457,-0.731507366561341,-0.07417547644307544,0.3377501896934051
1759044043.5547566,265.7799987792969,268.95001220703125,795.4099731445312,269.9100036621094,122.95999908447266,280.54998779296875,714.4600219726562,774.760009765625,653.5499877929688,-12539.7900390625,0,0.05002412546767983,-0.005756958810323155,0.9856081221973264,-0.6103989130909081,-0.7493629652917793,-0.07285136651176921,0.24609142923701652
1759044043.6910958,265.7799987792969,268.95001220703125,795.3200073242188,269.9100036621094,122.95999908447266,280.54998779296875,714.4600219726562,774.6699829101562,653.6400146484375,-12539.7099609375,0,0.04840309906814023,-0.0046787549132488206,0.9314749988762046,-0.5826670085510418,-0.7558391158894401,-0.09317727911644552,0.2837681847813564
1759044044.13316,265.7799987792969,268.95001220703125,795.3200073242188,269.9100036621094,122.95999908447266,280.54998779296875,714.4600219726562,774.6699829101562,653.5499877929688,-12539.7900390625,0,0.044414437741987826,-0.004851949863673218,0.9498775329542771,0.5834860577944039,0.7631742399633035,-0.07850396766290837,0.26635732931000916
1759044044.2598145,265.7799987792969,268.95001220703125,795.3200073242188,269.9100036621094,122.95999908447266,280.54998779296875,714.4600219726562,774.760009765625,653.5499877929688,-12539.7099609375,0,0.04615633880491333,-0.004954281993165777,0.9705301623964294,0.576833068308272,0.7860572140646592,-0.10113644357256722,0.19786128298498382
1759044044.3227508,265.7799987792969,268.95001220703125,795.3200073242188,269.9100036621094,122.95999908447266,280.54998779296875,714.4600219726562,774.760009765625,653.5499877929688,-12539.7099609375,0,0.04595539858358607,-0.0048521681471392865,0.949917628563316,0.5834219075775764,0.7633928964625734,-0.07891556144242654,0.2657489370651388
1759044044.6914723,265.7799987792969,268.95001220703125,795.3200073242188,269.9100036621094,122.95999908447266,280.54998779296875,714.4600219726562,774.760009765625,653.5499877929688,-12539.7900390625,0,0.04518513757689134,-0.004581285040172936,0.9123537798281022,-0.5879081455860571,-0.7315925692383283,-0.07357419400066648,0.3372286508675943
1759044044.7218134,265.7799987792969,268.95001220703125,795.3200073242188,269.9100036621094,122.95999908447266,280.54998779296875,714.4600219726562,774.760009765625,653.5499877929688,-12539.7900390625,0,0.04595539858358607,-0.0048521681471392865,0.949917628563316,0.5834219075775764,0.7633928964625734,-0.07891556144242654,0.2657489370651388
1759044044.7884748,265.7799987792969,268.95001220703125,795.3200073242188,269.9100036621094,122.95999908447266,280.54998779296875,714.4600219726562,774.760009765625,653.5499877929688,-12539.7099609375,0,0.04615633880491333,-0.004954281993165777,0.9705301623964294,0.576833068308272,0.7860572140646592,-0.10113644357256722,0.19786128298498382
1759044044.8226364,265.7799987792969,268.95001220703125,795.3200073242188,269.9100036621094,122.95999908447266,280.54998779296875,714.4600219726562,774.760009765625,653.5499877929688,-12539.7099609375,0,0.044414437741987826,-0.004851949863673218,0.9498775329542771,0.5834860577944039,0.7631742399633035,-0.07850396766290837,0.26635732931000916
1759044045.1306686,265.7799987792969,268.95001220703125,795.3200073242188,269.9100036621094,122.95999908447266,280.54998779296875,714.4600219726562,774.6699829101562,653.5499877929688,-12539.7900390625,0,0.044853529258539575,-0.0034684563636728245,0.9128964105759908,-0.5902766796957893,-0.7327055787057126,-0.14850976370944266,0.3044024087023733
1759044045.2224545,265.7799987792969,268.95001220703125,795.3200073242188,269.9100036621094,122.95999908447266,280.54998779296875,714.4600219726562,774.6699829101562,653.5499877929688,-12539.7900390625,0,0.04877543762518262,-0.0037222008705055155,0.9766351438889013,-0.5932180126703726,-0.7459151542745782,-0.09722317695697576,0.28679369924971915
1759044045.2632613,265.7799987792969,268.95001220703125,795.3200073242188,269.9100036621094,122.95999908447266,280.54998779296875,714.4600219726562,774.6699829101562,653.5499877929688,-12539.7900390625,0,0.047498276827555766,-0.003313863373468969,0.9499942164075366,0.5831383589932521,0.7635707646725601,-0.07993195902363193,0.26555644133529016
1759044045.2972102,265.7799987792969,268.95001220703125,795.3200073242188,269.9100036621094,122.95999908447266,280.54998779296875,714.4600219726562,774.6699829101562,653.5499877929688,-12539.7900390625,0,0.04877543762518262,-0.0037222008705055155,0.9766351438889013,-0.5932180126703726,-0.7459151542745782,-0.09722317695697576,0.28679369924971915
1759044045.5600214,265.7799987792969,268.95001220703125,795.3200073242188,269.9100036621094,122.95999908447266,280.54998779296875,714.4600219726562,774.760009765625,653.5499877929688,-12539.7900390625,0,0.04595539858358607,-0.0048521681471392865,0.949917628563316,0.5834219075775764,0.7633928964625734,-0.07891556144242654,0.2657489370651388
1759044045.9897482,265.7799987792969,268.95001220703125,795.3200073242188,269.9100036621094,122.95999908447266,280.54998779296875,714.4600219726562,774.6699829101562,653.5499877929688,-12539.7900390625,0,0.04538101709648409,-0.0031697194134364197,0.9313987977113715,-0.5827394748310196,-0.7563821542375754,-0.09363700024961492,0.2820156970965371
1759044046.0563035,265.7799987792969,268.95001220703125,795.3200073242188,269.9100036621094,122.95999908447266,280.54998779296875,714.4600219726562,774.6699829101562,653.5499877929688,-12539.7900390625,0,0.047498276827555766,-0.003313863373468969,0.9499942164075366,0.5831383589932521,0.7635707646725601,-0.07993195902363193,0.26555644133529016
1759044046.156675,265.7799987792969,268.95001220703125,795.3200073242188,269.9100036621094,122.95999908447266,280.54998779296875,714.4600219726562,774.760009765625,653.5499877929688,-12539.7900390625,0,0.04538101709648409,-0.0031697194134364197,0.9313987977113715,-0.5827394748310196,-0.7563821542375754,-0.09363700024961492,0.2820156970965371
1759044046.2238154,265.7799987792969,268.95001220703125,795.3200073242188,269.9100036621094,122.95999908447266,280.54998779296875,714.4600219726562,774.760009765625,653.5499877929688,-12539.7099609375,0,0.047893183671423575,-0.00425251862197554,0.9902261484748874,0.6076181435425929,0.7615508133501804,-0.10335745332096469,0.20039407966937617
1759044046.6637042,265.7799987792969,268.95001220703125,795.3200073242188,269.9100036621094,122.95999908447266,280.54998779296875,714.4600219726562,774.760009765625,653.5499877929688,-12539.7900390625,0,0.047190369675782044,-0.0037219512951919436,0.976579127313082,-0.5931381399483999,-0.74613840080305,-0.09776563882602898,0.28619314046733907
1759044046.758634,265.7799987792969,268.95001220703125,795.3200073242188,269.9100036621094,122.95999908447266,280.54998779296875,714.4600219726562,774.6699829101562,653.6400146484375,-12539.7099609375,0,0.04595700008086747,-0.00331370131456329,0.9499514243515499,0.5832023719520564,0.7633521081933409,-0.07952253763996556,0.26616671143021936
1759044046.8613484,265.7799987792969,268.95001220703125,795.3200073242188,269.9100036621094,122.95999908447266,280.54998779296875,714.4600219726562,774.6699829101562,653.6400146484375,-12539.7099609375,0,0.04538101709648409,-0.0031697194134364197,0.9313987977113715,-0.5827394748310196,-0.7563821542375754,-0.09363700024961492,0.2820156970965371
1759044047.4909205,265.7799987792969,268.95001220703125,795.3200073242188,269.9100036621094,122.95999908447266,280.54998779296875,714.4600219726562,774.6699829101562,653.6400146484375,-12539.7900390625,0,0.04595700008086747,-0.00331370131456329,0.9499514243515499,0.5832023719520564,0.7633521081933409,-0.07952253763996556,0.26616671143021936
1759044047.5600538,265.7799987792969,268.95001220703125,795.3200073242188,269.9100036621094,122.95999908447266,280.54998779296875,708.4000244140625,774.760009765625,653.6400146484375,-12539.7900390625,0,0.04595700008086747,-0.00331370131456329,0.9499514243515499,0.5832023719520564,0.7633521081933409,-0.07952253763996556,0.26616671143021936
1759044047.623819,265.7799987792969,268.95001220703125,795.3200073242188,269.9100036621094,122.95999908447266,280.54998779296875,708.4000244140625,774.760009765625,653.6400146484375,-12539.7900390625,0,0.044056895734827684,-0.0036453697783558666,0.9342412287034663,0.5900440250184212,0.7422455690189168,-0.13433865433290457,0.28787617088579825
1759044047.7919347,265.7799987792969,268.95001220703125,795.3200073242188,269.9100036621094,122.95999908447266,280.54998779296875,702.8599853515625,774.760009765625,653.5499877929688,-12539.7900390625,0,0.03967031086716252,-0.0025862739747576045,0.9655730966617861,0.6137693489103372,0.7369329638920994,-0.07917018323964652,0.27193579233559423
1759044047.8578448,265.7799987792969,268.95001220703125,795.3200073242188,269.9100036621094,122.95999908447266,280.54998779296875,702.8599853515625,774.760009765625,653.5499877929688,-12539.7900390625,0,0.031577577735021366,-0.0009222612437184165,0.9473001053021222,-0.6121829749153395,-0.7340005736974662,-0.09839716499051251,0.27711578980170926
1759044048.0680695,265.7799987792969,268.95001220703125,795.3200073242188,269.9100036621094,122.95999908447266,280.54998779296875,698.2899780273438,774.6699829101562,653.5499877929688,-12539.7900390625,0,0.01929455275490708,0.0036801712165251466,0.9470851758337503,-0.6121699786399079,-0.7360181934507571,-0.10085956371555327,0.2708366381577779
1759044048.0929508,265.7799987792969,268.95001220703125,795.3200073242188,269.9100036621094,122.95999908447266,280.54998779296875,698.2899780273438,774.6699829101562,653.5499877929688,-12539.7900390625,0,0.020077395497696392,0.004629590738058053,1.0033751588808382,0.6390896119388317,0.7314909056747193,-0.09999148222121265,0.21560896621026063
1759044048.125418,265.7799987792969,268.95001220703125,795.3200073242188,269.9100036621094,122.95999908447266,280.54998779296875,698.2899780273438,774.6699829101562,653.5499877929688,-12539.7900390625,0,0.017759809424921173,0.0052141216798659235,0.9470718581546956,-0.6123006323908838,-0.7363239587826115,-0.10079136619949136,0.26973331977356263
1759044048.1936512,265.7799987792969,268.95001220703125,795.3200073242188,269.9100036621094,122.95999908447266,280.54998779296875,694.0700073242188,774.6699829101562,653.5499877929688,-12539.7900390625,0,0.01594091993709407,0.0050115057144123456,0.9091240948675161,-0.6136660960077328,-0.7198772076936553,-0.11629110026676084,0.3027657649942616
1759044048.2257206,265.7799987792969,268.95001220703125,795.3200073242188,269.9100036621094,122.95999908447266,280.54998779296875,694.0700073242188,774.6699829101562,653.5499877929688,-12539.7900390625,0,0.016395523059248823,0.0059067163988890505,0.9344391999567934,-0.6352617901145772,-0.7155122791630466,-0.14529693480551287,0.25174081338441734
1759044048.3322825,265.7799987792969,268.95001220703125,795.3200073242188,269.9100036621094,122.95999908447266,280.54998779296875,694.0700073242188,774.6699829101562,653.5499877929688,-12539.7099609375,0,0.017189803387708792,0.006049829379156633,0.9579343301762662,-0.6422677071574436,-0.7101017265016365,-0.10146291279366107,0.27009814455034925
1759044048.3920455,265.7799987792969,268.95001220703125,795.4099731445312,269.9100036621094,122.95999908447266,280.54998779296875,690.469970703125,774.6699829101562,653.5499877929688,-12539.7099609375,0,0.01594091993709407,0.0050115057144123456,0.9091240948675161,-0.6136660960077328,-0.7198772076936553,-0.11629110026676084,0.3027657649942616
1759044048.4299574,265.7799987792969,268.95001220703125,795.4099731445312,269.9100036621094,122.95999908447266,280.54998779296875,690.469970703125,774.6699829101562,653.5499877929688,-12539.7900390625,0,0.01622450432296514,0.004725491067386768,0.9248951192800854,-0.6184404932627282,-0.7126462263730178,-0.15589083453794356,0.292172483366101
1759044048.4924464,265.7799987792969,268.95001220703125,795.4099731445312,269.9100036621094,122.95999908447266,280.54998779296875,690.469970703125,774.6699829101562,653.5499877929688,-12539.7900390625,0,0.016825098633616954,0.004629354996197059,1.0033210577764566,0.639240649025125,0.7311345456150937,-0.09900679534363671,0.21682094759946632
1759044048.5994105,265.7799987792969,268.95001220703125,795.3200073242188,269.9100036621094,122.95999908447266,280.54998779296875,686.9500122070312,774.6699829101562,653.6400146484375,-12539.7900390625,0,0.012532513822592324,0.0029464871471605327,0.9578466782592615,-0.6415720385021515,-0.7105708126859862,-0.10420085429910228,0.2694747140907811
1759044048.5994105,265.7799987792969,268.95001220703125,795.3200073242188,269.9100036621094,122.95999908447266,280.54998779296875,686.9500122070312,774.6699829101562,653.6400146484375,-12539.7900390625,1,0.0,0.0,0.015151515151515152,0.5053628077578922,0.6824530661045249,-0.40323263074117044,0.34098341690637596
1759044048.6955652,265.7799987792969,268.95001220703125,795.3200073242188,269.9100036621094,122.95999908447266,280.54998779296875,686.9500122070312,774.6699829101562,653.6400146484375,-12539.7900390625,0,0.008696134830628198,0.001379069425854932,1.0032099193676443,0.6399734066854307,0.7303884580058597,-0.09530239124779175,0.2188245721342091
1759044048.7631297,265.7799987792969,268.95001220703125,795.4099731445312,269.9100036621094,122.95999908447266,280.54998779296875,683.7000122070312,774.6699829101562,653.5499877929688,-12539.7900390625,0,0.006324460120472404,0.001395057809167179,0.9577850702239062,-0.6410039092052796,-0.7113452505510146,-0.10689095517051118,0.2677241987658192
1759044049.004497,265.7799987792969,268.95001220703125,795.4099731445312,269.9100036621094,122.95999908447266,280.54998779296875,680.8900146484375,774.6699829101562,653.5499877929688,-12539.7099609375,0,0.00011717294593008282,0.0029464103084261583,0.9577637679392882,-0.6408634763403297,-0.7122948227678314,-0.10840639345464397,0.264911577718469
1759044049.0932896,265.7799987792969,268.95001220703125,795.4099731445312,269.9100036621094,122.95999908447266,280.54998779296875,680.8900146484375,774.6699829101562,653.5499877929688,-12539.7099609375,0,0.0012982328349499196,0.0029948762288717445,0.9749394140538067,-0.6457306628010842,-0.7036854617427363,-0.06702054030594631,0.2887333185267743
1759044049.1590445,265.7799987792969,268.95001220703125,795.3200073242188,269.9100036621094,122.95999908447266,280.54998779296875,678.25,774.6699829101562,653.5499877929688,-12539.7900390625,0,0.0016689611976931874,0.0029463997225368664,0.9577669920445848,-0.6409528589136654,-0.7120798784960422,-0.10788780586527917,0.2654842756869732
1759044049.335315,265.7799987792969,268.95001220703125,795.3200073242188,269.9100036621094,122.95999908447266,280.54998779296875,678.25,774.6699829101562,653.5499877929688,-12539.7900390625,0,-0.00028139005960874634,0.002994892923188314,0.974936594979704,-0.6456745632504937,-0.703919185631777,-0.06754336981313537,0.28816667341152774
1759044049.3919032,265.7799987792969,268.95001220703125,795.4099731445312,269.9100036621094,122.95999908447266,280.54998779296875,675.7899780273438,774.6699829101562,653.5499877929688,-12539.7900390625,0,-0.0010047745682995445,0.0028285707882002653,0.9173369210967237,-0.6409004547768774,-0.696447557856932,-0.12356418774619754,0.298226923212056
1759044049.529633,265.7799987792969,268.95001220703125,795.4099731445312,269.9100036621094,122.95999908447266,280.54998779296875,675.7899780273438,774.6699829101562,653.5499877929688,-12539.7900390625,0,-0.0029618285530616044,0.002094425679896032,0.9626185203858832,0.6697995366025727,0.6837503390201466,-0.10974781313516961,0.2679728944667003
1759044049.6300497,265.7799987792969,268.95001220703125,795.3200073242188,269.9100036621094,122.95999908447266,280.54998779296875,673.77001953125,774.6699829101562,653.6400146484375,-12539.7900390625,0,-0.003977310454638271,0.0013428081556742582,0.9173419278249914,-0.6404562384217165,-0.6968325291043833,-0.1251571557891912,0.2976170684007461
1759044049.6923695,265.7799987792969,268.95001220703125,795.3200073242188,269.9100036621094,122.95999908447266,280.54998779296875,673.77001953125,774.6699829101562,653.6400146484375,-12539.7900390625,0,-0.005020246237742159,0.0014158585421024067,0.9749412986019935,-0.6452719813959829,-0.7045653227315116,-0.0696681254490379,0.28698105917631644
1759044049.7263792,265.7799987792969,268.95001220703125,795.3200073242188,269.9100036621094,122.95999908447266,280.54998779296875,673.77001953125,774.6699829101562,653.6400146484375,-12539.7900390625,0,-0.005338912801195789,0.0006231271579503952,0.9626260489646908,-0.6697001520651676,-0.6850539041525695,-0.111661605648309,0.26407298338386476
1759044049.7588658,265.7799987792969,268.95001220703125,795.3200073242188,269.9100036621094,122.95999908447266,280.54998779296875,671.75,774.6699829101562,653.6400146484375,-12539.7900390625,0,-0.0055891993072017514,0.0006134160500794179,0.9401899764018172,-0.6616771850725511,-0.6909963914252794,-0.15537921743957142,0.2460987374603404
1759044049.8617725,265.7799987792969,268.95001220703125,795.3200073242188,269.9100036621094,122.95999908447266,280.54998779296875,671.75,774.6699829101562,653.6400146484375,-12539.7900390625,0,-0.006898629479011465,0.0006231488063025228,0.9626339483242572,-0.6696100132655364,-0.6852689334276681,-0.11219609190991314,0.26351651935614373
1759044050.3677456,265.7799987792969,268.95001220703125,795.3200073242188,269.9100036621094,122.95999908447266,280.54998779296875,666.2999877929688,774.6699829101562,653.5499877929688,-12539.7099609375,0,-0.010228555518194873,-0.0005864127705832911,1.0239519913624902,-0.6749710333682672,-0.6920417409852332,-0.15375723891549073,0.2045752779027459
1759044050.3978903,265.7799987792969,268.95001220703125,795.3200073242188,269.9100036621094,122.95999908447266,280.54998779296875,666.2999877929688,774.6699829101562,653.5499877929688,-12539.7099609375,0,-0.010018256134542668,-0.0009360383194305051,0.9626628459968265,-0.6692156462644604,-0.6856110832350018,-0.11381845042635765,0.26293197158716003
1759044050.5298204,265.7799987792969,268.95001220703125,795.3200073242188,269.9100036621094,122.95999908447266,280.54998779296875,666.2999877929688,774.6699829101562,653.5499877929688,-12539.7099609375,0,-0.01058357125919241,-0.0009551700296686003,0.9783219124833185,-0.6745126303330746,-0.67655071441038,-0.07257987908685208,0.2864332444108041
1759044050.5630686,265.7799987792969,268.95001220703125,795.4099731445312,269.9100036621094,122.95999908447266,280.54998779296875,664.8900146484375,774.6699829101562,653.5499877929688,-12539.7099609375,0,-0.010760611119031361,-0.001023854820860609,0.9626705449681503,0.6706753240526475,0.682849553292433,-0.10588856762394651,0.26962698032976945
1759044050.6926866,265.7799987792969,268.95001220703125,795.4099731445312,269.9100036621094,122.95999908447266,280.54998779296875,664.8900146484375,774.6699829101562,653.5499877929688,-12539.7900390625,0,-0.010696951364484016,-0.0008880243720648413,0.9202288072455155,-0.6678865123949638,-0.6704306211311232,-0.12863978218237843,0.29648304378277446
1759044051.0682542,265.7799987792969,268.95001220703125,795.3200073242188,269.9100036621094,122.95999908447266,280.54998779296875,662.52001953125,774.6699829101562,653.5499877929688,-12539.7900390625,0,-0.013337130477744144,-0.0013451101409172807,0.9779413908262038,-0.6741830373798161,-0.6771196858260009,-0.1644460182601949,0.24483396466706012
1759044051.162344,265.7799987792969,268.95001220703125,795.3200073242188,269.9100036621094,122.95999908447266,280.54998779296875,661.5499877929688,774.6699829101562,653.5499877929688,-12539.7099609375,0,-0.013337130477744144,-0.0013451101409172807,0.9779413908262038,-0.6741830373798161,-0.6771196858260009,-0.1644460182601949,0.24483396466706012
1759044051.1935956,265.7799987792969,268.95001220703125,795.3200073242188,269.9100036621094,122.95999908447266,280.54998779296875,661.5499877929688,774.6699829101562,653.5499877929688,-12539.7099609375,0,-0.014192982591752492,-0.0018086473131955394,1.0103549158773364,-0.70019597822631,-0.6727006080757661,-0.09780852843336368,0.21824980122761906
1759044051.6339762,265.7799987792969,268.95001220703125,795.3200073242188,269.9100036621094,122.95999908447266,280.54998779296875,659.8800048828125,774.6699829101562,653.6400146484375,-12539.7900390625,0,-0.014698338732431532,-0.0024953931167628787,0.9627247293431805,-0.668730904480901,-0.6861676662163333,-0.11596403488262008,0.26177328711144165
1759044052.1030583,265.7799987792969,268.95001220703125,795.4099731445312,269.9100036621094,122.95999908447266,280.54998779296875,659.0,774.6699829101562,653.6400146484375,-12539.7099609375,0,-0.0151305724693594,-0.00247596454162735,0.9202931034143905,0.6701783812006271,0.6664466517232769,-0.1179990481968297,0.30460798151522966
1759044052.2294981,265.7799987792969,268.95001220703125,795.4099731445312,269.9100036621094,122.95999908447266,280.54998779296875,659.0,774.6699829101562,653.5499877929688,-12539.7900390625,0,-0.015440825072438201,-0.002583207464071945,0.9627351044160599,0.6711563211072996,0.6822907587293718,-0.10366938841944796,0.2707049521064422
1759044052.2944314,265.7799987792969,268.95001220703125,795.4099731445312,269.9100036621094,122.95999908447266,280.54998779296875,659.0,774.6699829101562,653.5499877929688,-12539.7900390625,0,-0.0151305724693594,-0.00247596454162735,0.9202931034143905,0.6701783812006271,0.6664466517232769,-0.1179990481968297,0.30460798151522966
1759044052.494548,265.7799987792969,268.95001220703125,795.4099731445312,269.9100036621094,122.95999908447266,280.54998779296875,659.0,774.6699829101562,653.6400146484375,-12539.7900390625,0,-0.015440825072438201,-0.002583207464071945,0.9627351044160599,0.6711563211072996,0.6822907587293718,-0.10366938841944796,0.2707049521064422
1759044052.5273669,265.7799987792969,268.95001220703125,795.4099731445312,269.9100036621094,122.95999908447266,280.54998779296875,659.0,774.6699829101562,653.6400146484375,-12539.7900390625,0,-0.0151305724693594,-0.00247596454162735,0.9202931034143905,0.6701783812006271,0.6664466517232769,-0.1179990481968297,0.30460798151522966
1759044056.397444,265.7799987792969,268.95001220703125,795.4099731445312,269.9100036621094,122.95999908447266,280.54998779296875,659.0,774.6699829101562,653.6400146484375,-12539.7900390625,0,-0.015383184821345776,-0.0020339171406237675,0.9335973086644686,-0.6722136021742915,-0.6619800671502364,-0.1699885770115869,0.2846315994987342
1759044056.4311273,265.7799987792969,268.95001220703125,795.4099731445312,269.9100036621094,122.95999908447266,280.54998779296875,659.0,774.6699829101562,653.6400146484375,-12539.7900390625,0,-0.0151305724693594,-0.00247596454162735,0.9202931034143905,0.6701783812006271,0.6664466517232769,-0.1179990481968297,0.30460798151522966
1759044060.4680495,265.7799987792969,268.95001220703125,795.4099731445312,269.9100036621094,122.95999908447266,280.54998779296875,659.0,774.6699829101562,653.5499877929688,-12539.7900390625,0,-0.017467952971546782,-0.0034453148999425164,1.0104116195324373,-0.6998664710432799,-0.6729855257807887,-0.0994606898387828,0.21768090402186102
1759044060.5006793,265.7799987792969,268.95001220703125,795.4099731445312,269.9100036621094,122.95999908447266,280.54998779296875,659.0,774.6699829101562,653.5499877929688,-12539.7900390625,0,-0.01701109680841593,-0.0032693865182162607,0.9613100966093135,-0.6970735615922323,-0.6574604629163423,-0.11732294178669243,0.26090135446460483
1759044060.5671256,265.7799987792969,268.95001220703125,795.3200073242188,269.9100036621094,122.95999908447266,280.54998779296875,659.0,774.6699829101562,653.6400146484375,-12539.7099609375,0,-0.016896357556347393,-0.0035461980952443566,0.9336293555608195,-0.6718469938263281,-0.6620813385691751,-0.1710666144891156,0.28461576100456487
1759044060.6676788,265.7799987792969,268.95001220703125,795.3200073242188,269.9100036621094,122.95999908447266,280.54998779296875,659.0,774.6699829101562,653.6400146484375,-12539.7099609375,0,-0.017819051512950285,-0.004054954711421817,0.9627839356839336,-0.6683365104569656,-0.6865089628240295,-0.11757727678996023,0.26116534367166466
1759044061.7694094,265.7799987792969,268.95001220703125,795.4099731445312,269.9100036621094,122.95999908447266,280.54998779296875,659.0,774.6699829101562,653.6400146484375,-12539.7900390625,0,-0.01851126134613791,-0.004124772129283786,0.9784397649451515,-0.6737605843801766,-0.6776090442649901,-0.07633589793268908,0.2847200181806326
1759044061.801644,265.7799987792969,268.95001220703125,795.4099731445312,269.9100036621094,122.95999908447266,280.54998779296875,659.0,774.6699829101562,653.6400146484375,-12539.7900390625,0,-0.017819051512950285,-0.004054954711421817,0.9627839356839336,-0.6683365104569656,-0.6865089628240295,-0.11757727678996023,0.26116534367166466
1759044063.9359148,265.7799987792969,268.95001220703125,795.4099731445312,269.9100036621094,122.95999908447266,280.54998779296875,659.0,774.6699829101562,653.5499877929688,-12539.7900390625,0,-0.01851126134613791,-0.004124772129283786,0.9784397649451515,-0.6737605843801766,-0.6776090442649901,-0.07633589793268908,0.2847200181806326
1759044064.180429,265.7799987792969,268.95001220703125,795.3200073242188,269.9100036621094,122.95999908447266,280.54998779296875,659.0,774.6699829101562,653.5499877929688,-12539.7900390625,0,-0.017819051512950285,-0.004054954711421817,0.9627839356839336,-0.6683365104569656,-0.6865089628240295,-0.11757727678996023,0.26116534367166466
1759044064.7060258,265.7799987792969,268.95001220703125,795.3200073242188,269.9100036621094,122.95999908447266,280.54998779296875,659.0,774.6699829101562,653.5499877929688,-12539.7099609375,0,-0.01851126134613791,-0.004124772129283786,0.9784397649451515,-0.6737605843801766,-0.6776090442649901,-0.07633589793268908,0.2847200181806326
1759044065.5482523,265.7799987792969,268.95001220703125,795.4099731445312,269.9100036621094,122.95999908447266,280.54998779296875,659.0,774.6699829101562,653.5499877929688,-12539.7900390625,0,-0.017819051512950285,-0.004054954711421817,0.9627839356839336,-0.6683365104569656,-0.6865089628240295,-0.11757727678996023,0.26116534367166466
1759044065.7736857,265.7799987792969,268.95001220703125,795.4099731445312,269.9100036621094,122.95999908447266,280.54998779296875,659.0,774.6699829101562,653.5499877929688,-12539.7099609375,0,-0.01851126134613791,-0.004124772129283786,0.9784397649451515,-0.6737605843801766,-0.6776090442649901,-0.07633589793268908,0.2847200181806326
1759044065.804989,265.7799987792969,268.95001220703125,795.4099731445312,269.9100036621094,122.95999908447266,280.54998779296875,659.0,774.6699829101562,653.5499877929688,-12539.7099609375,0,-0.017819051512950285,-0.004054954711421817,0.9627839356839336,-0.6683365104569656,-0.6865089628240295,-0.11757727678996023,0.26116534367166466
1759044066.3395803,265.7799987792969,268.95001220703125,795.4099731445312,269.9100036621094,122.95999908447266,280.54998779296875,659.0,774.6699829101562,653.5499877929688,-12539.7900390625,0,-0.01851126134613791,-0.004124772129283786,0.9784397649451515,-0.6737605843801766,-0.6776090442649901,-0.07633589793268908,0.2847200181806326
1759044066.3721468,265.7799987792969,268.95001220703125,795.4099731445312,269.9100036621094,122.95999908447266,280.54998779296875,659.0,774.6699829101562,653.5499877929688,-12539.7900390625,0,-0.017819051512950285,-0.004054954711421817,0.9627839356839336,-0.6683365104569656,-0.6865089628240295,-0.11757727678996023,0.26116534367166466
1759044066.7382207,265.7799987792969,268.95001220703125,795.4099731445312,269.9100036621094,122.95999908447266,280.54998779296875,659.0,774.6699829101562,653.5499877929688,-12539.7900390625,0,-0.01851126134613791,-0.004124772129283786,0.9784397649451515,-0.6737605843801766,-0.6776090442649901,-0.07633589793268908,0.2847200181806326
1759044066.8047426,265.7799987792969,268.95001220703125,795.4099731445312,269.9100036621094,122.95999908447266,280.54998779296875,659.0,774.6699829101562,653.6400146484375,-12539.7900390625,0,-0.017819051512950285,-0.004054954711421817,0.9627839356839336,-0.6683365104569656,-0.6865089628240295,-0.11757727678996023,0.26116534367166466
1759044067.7072961,265.7799987792969,268.95001220703125,795.3200073242188,269.9100036621094,122.95999908447266,280.54998779296875,659.0,774.6699829101562,653.6400146484375,-12539.7099609375,0,-0.01851126134613791,-0.004124772129283786,0.9784397649451515,-0.6737605843801766,-0.6776090442649901,-0.07633589793268908,0.2847200181806326
1759044067.8386433,265.7799987792969,268.95001220703125,795.4099731445312,269.9100036621094,122.95999908447266,280.54998779296875,659.0,774.6699829101562,653.6400146484375,-12539.7099609375,0,-0.017819051512950285,-0.004054954711421817,0.9627839356839336,-0.6683365104569656,-0.6865089628240295,-0.11757727678996023,0.26116534367166466
1759044067.9062653,265.7799987792969,268.95001220703125,795.4099731445312,269.9100036621094,122.95999908447266,280.54998779296875,659.0,774.6699829101562,653.6400146484375,-12539.7099609375,0,-0.01851126134613791,-0.004124772129283786,0.9784397649451515,-0.6737605843801766,-0.6776090442649901,-0.07633589793268908,0.2847200181806326
1759044068.2847288,265.7799987792969,268.95001220703125,795.4099731445312,269.9100036621094,122.95999908447266,280.54998779296875,659.0,774.6699829101562,653.5499877929688,-12539.7900390625,0,-0.017819051512950285,-0.004054954711421817,0.9627839356839336,-0.6683365104569656,-0.6865089628240295,-0.11757727678996023,0.26116534367166466
1759044068.4395585,265.7799987792969,268.95001220703125,795.3200073242188,269.9100036621094,122.95999908447266,280.54998779296875,659.0,774.6699829101562,653.5499877929688,-12539.7099609375,0,-0.01851126134613791,-0.004124772129283786,0.9784397649451515,-0.6737605843801766,-0.6776090442649901,-0.07633589793268908,0.2847200181806326
1759044068.4728506,265.7799987792969,268.95001220703125,795.3200073242188,269.9100036621094,122.95999908447266,280.54998779296875,659.0,774.6699829101562,653.5499877929688,-12539.7099609375,0,-0.017819051512950285,-0.004054954711421817,0.9627839356839336,-0.6683365104569656,-0.6865089628240295,-0.11757727678996023,0.26116534367166466
1759044068.5762959,265.7799987792969,268.95001220703125,795.4099731445312,269.9100036621094,122.95999908447266,280.54998779296875,659.0,774.6699829101562,653.5499877929688,-12539.7099609375,0,-0.01851126134613791,-0.004124772129283786,0.9784397649451515,-0.6737605843801766,-0.6776090442649901,-0.07633589793268908,0.2847200181806326
1759044068.606377,265.7799987792969,268.95001220703125,795.4099731445312,269.9100036621094,122.95999908447266,280.54998779296875,659.0,774.6699829101562,653.5499877929688,-12539.7099609375,0,-0.017819051512950285,-0.004054954711421817,0.9627839356839336,-0.6683365104569656,-0.6865089628240295,-0.11757727678996023,0.26116534367166466
1759044069.077889,265.7799987792969,268.95001220703125,795.4099731445312,269.9100036621094,122.95999908447266,280.54998779296875,659.0,774.6699829101562,653.6400146484375,-12539.7900390625,0,-0.01851126134613791,-0.004124772129283786,0.9784397649451515,-0.6737605843801766,-0.6776090442649901,-0.07633589793268908,0.2847200181806326
1759044069.1433916,265.7799987792969,268.95001220703125,795.4099731445312,269.9100036621094,122.95999908447266,280.54998779296875,659.0,774.6699829101562,653.6400146484375,-12539.7099609375,0,-0.017819051512950285,-0.004054954711421817,0.9627839356839336,-0.6683365104569656,-0.6865089628240295,-0.11757727678996023,0.26116534367166466
1759044069.6113553,265.7799987792969,268.95001220703125,795.4099731445312,269.9100036621094,122.95999908447266,280.54998779296875,659.0,774.6699829101562,653.5499877929688,-12539.7900390625,0,-0.01851126134613791,-0.004124772129283786,0.9784397649451515,-0.6737605843801766,-0.6776090442649901,-0.07633589793268908,0.2847200181806326
1759044069.71144,265.7799987792969,268.95001220703125,795.4099731445312,269.9100036621094,122.95999908447266,280.54998779296875,659.0,774.6699829101562,653.5499877929688,-12539.7900390625,0,-0.017819051512950285,-0.004054954711421817,0.9627839356839336,-0.6683365104569656,-0.6865089628240295,-0.11757727678996023,0.26116534367166466
1759044070.6415792,265.7799987792969,268.95001220703125,795.3200073242188,269.9100036621094,122.95999908447266,280.54998779296875,659.0,774.6699829101562,653.6400146484375,-12539.7099609375,0,-0.01851126134613791,-0.004124772129283786,0.9784397649451515,-0.6737605843801766,-0.6776090442649901,-0.07633589793268908,0.2847200181806326
1759044070.675523,265.7799987792969,268.95001220703125,795.3200073242188,269.9100036621094,122.95999908447266,280.54998779296875,659.0,774.6699829101562,653.6400146484375,-12539.7099609375,0,-0.017819051512950285,-0.004054954711421817,0.9627839356839336,-0.6683365104569656,-0.6865089628240295,-0.11757727678996023,0.26116534367166466
1759044071.1787004,265.7799987792969,268.95001220703125,795.4099731445312,269.9100036621094,122.95999908447266,280.54998779296875,659.0,774.6699829101562,653.5499877929688,-12539.7099609375,0,-0.01851126134613791,-0.004124772129283786,0.9784397649451515,-0.6737605843801766,-0.6776090442649901,-0.07633589793268908,0.2847200181806326
1759044071.208507,265.7799987792969,268.95001220703125,795.4099731445312,269.9100036621094,122.95999908447266,280.54998779296875,659.0,774.6699829101562,653.5499877929688,-12539.7099609375,0,-0.017819051512950285,-0.004054954711421817,0.9627839356839336,-0.6683365104569656,-0.6865089628240295,-0.11757727678996023,0.26116534367166466
1759044071.2435627,265.7799987792969,268.95001220703125,795.4099731445312,269.9100036621094,122.95999908447266,280.54998779296875,659.0,774.6699829101562,653.5499877929688,-12539.7900390625,0,-0.01851126134613791,-0.004124772129283786,0.9784397649451515,-0.6737605843801766,-0.6776090442649901,-0.07633589793268908,0.2847200181806326
1759044071.5842972,265.7799987792969,268.95001220703125,795.4099731445312,269.9100036621094,122.95999908447266,280.54998779296875,659.0,774.6699829101562,653.6400146484375,-12539.7099609375,0,-0.017819051512950285,-0.004054954711421817,0.9627839356839336,-0.6683365104569656,-0.6865089628240295,-0.11757727678996023,0.26116534367166466
1759044071.6755655,265.7799987792969,268.95001220703125,795.4099731445312,269.9100036621094,122.95999908447266,280.54998779296875,659.0,774.6699829101562,653.6400146484375,-12539.7900390625,0,-0.01851126134613791,-0.004124772129283786,0.9784397649451515,-0.6737605843801766,-0.6776090442649901,-0.07633589793268908,0.2847200181806326
1759044071.7413669,265.7799987792969,268.95001220703125,795.4099731445312,269.9100036621094,122.95999908447266,280.54998779296875,659.0,774.6699829101562,653.6400146484375,-12539.7099609375,0,-0.017819051512950285,-0.004054954711421817,0.9627839356839336,-0.6683365104569656,-0.6865089628240295,-0.11757727678996023,0.26116534367166466
1759044071.7760503,265.7799987792969,268.95001220703125,795.4099731445312,269.9100036621094,122.95999908447266,280.54998779296875,659.0,774.6699829101562,653.6400146484375,-12539.7099609375,0,-0.01851126134613791,-0.004124772129283786,0.9784397649451515,-0.6737605843801766,-0.6776090442649901,-0.07633589793268908,0.2847200181806326
1759044071.8091943,265.7799987792969,268.95001220703125,795.4099731445312,269.9100036621094,122.95999908447266,280.54998779296875,659.0,774.6699829101562,653.6400146484375,-12539.7099609375,0,-0.017819051512950285,-0.004054954711421817,0.9627839356839336,-0.6683365104569656,-0.6865089628240295,-0.11757727678996023,0.26116534367166466
1759044071.842333,265.7799987792969,268.95001220703125,795.4099731445312,269.9100036621094,122.95999908447266,280.54998779296875,659.0,774.6699829101562,653.6400146484375,-12539.7099609375,0,-0.01851126134613791,-0.004124772129283786,0.9784397649451515,-0.6737605843801766,-0.6776090442649901,-0.07633589793268908,0.2847200181806326
1759044071.9416683,265.7799987792969,268.95001220703125,795.4099731445312,269.9100036621094,122.95999908447266,280.54998779296875,659.0,774.6699829101562,653.6400146484375,-12539.7900390625,0,-0.017819051512950285,-0.004054954711421817,0.9627839356839336,-0.6683365104569656,-0.6865089628240295,-0.11757727678996023,0.26116534367166466
1759044071.9757843,265.7799987792969,268.95001220703125,795.4099731445312,269.9100036621094,122.95999908447266,280.54998779296875,659.0,774.6699829101562,653.6400146484375,-12539.7900390625,0,-0.01851126134613791,-0.004124772129283786,0.9784397649451515,-0.6737605843801766,-0.6776090442649901,-0.07633589793268908,0.2847200181806326
1759044072.10868,265.7799987792969,268.95001220703125,795.4099731445312,269.9100036621094,122.95999908447266,280.54998779296875,659.0,774.6699829101562,653.6400146484375,-12539.7900390625,0,-0.017819051512950285,-0.004054954711421817,0.9627839356839336,-0.6683365104569656,-0.6865089628240295,-0.11757727678996023,0.26116534367166466
1759044072.176314,265.7799987792969,268.95001220703125,795.4099731445312,269.9100036621094,122.95999908447266,280.54998779296875,659.0,774.6699829101562,653.5499877929688,-12539.7099609375,0,-0.01851126134613791,-0.004124772129283786,0.9784397649451515,-0.6737605843801766,-0.6776090442649901,-0.07633589793268908,0.2847200181806326
1759044072.2107365,265.7799987792969,268.95001220703125,795.4099731445312,269.9100036621094,122.95999908447266,280.54998779296875,659.0,774.6699829101562,653.5499877929688,-12539.7099609375,0,-0.017819051512950285,-0.004054954711421817,0.9627839356839336,-0.6683365104569656,-0.6865089628240295,-0.11757727678996023,0.26116534367166466
1759044072.3088834,265.7799987792969,268.95001220703125,795.4099731445312,269.9100036621094,122.95999908447266,280.54998779296875,659.0,774.6699829101562,653.5499877929688,-12539.7099609375,0,-0.01851126134613791,-0.004124772129283786,0.9784397649451515,-0.6737605843801766,-0.6776090442649901,-0.07633589793268908,0.2847200181806326
1759044072.6144037,265.7799987792969,268.95001220703125,795.4099731445312,269.9100036621094,122.95999908447266,280.54998779296875,659.0,774.6699829101562,653.5499877929688,-12539.7099609375,0,-0.017819051512950285,-0.004054954711421817,0.9627839356839336,-0.6683365104569656,-0.6865089628240295,-0.11757727678996023,0.26116534367166466
1759044073.5506017,265.7799987792969,268.95001220703125,795.4099731445312,269.9100036621094,122.95999908447266,280.54998779296875,659.0,774.6699829101562,653.6400146484375,-12539.7900390625,0,-0.01851126134613791,-0.004124772129283786,0.9784397649451515,-0.6737605843801766,-0.6776090442649901,-0.07633589793268908,0.2847200181806326
1759044073.721002,265.7799987792969,268.95001220703125,795.4099731445312,269.9100036621094,122.95999908447266,280.54998779296875,659.0,774.6699829101562,653.6400146484375,-12539.7900390625,0,-0.017819051512950285,-0.004054954711421817,0.9627839356839336,-0.6683365104569656,-0.6865089628240295,-0.11757727678996023,0.26116534367166466
1759044073.7434964,265.7799987792969,268.95001220703125,795.4099731445312,269.9100036621094,122.95999908447266,280.54998779296875,659.0,774.6699829101562,653.6400146484375,-12539.7099609375,0,-0.01851126134613791,-0.004124772129283786,0.9784397649451515,-0.6737605843801766,-0.6776090442649901,-0.07633589793268908,0.2847200181806326
1759044073.877231,265.7799987792969,268.95001220703125,795.4099731445312,269.9100036621094,122.95999908447266,280.54998779296875,659.0,774.6699829101562,653.5499877929688,-12539.7099609375,0,-0.017819051512950285,-0.004054954711421817,0.9627839356839336,-0.6683365104569656,-0.6865089628240295,-0.11757727678996023,0.26116534367166466
1759044074.0888875,265.7799987792969,268.95001220703125,795.4099731445312,269.9100036621094,122.95999908447266,280.54998779296875,659.0,774.6699829101562,653.5499877929688,-12539.7099609375,0,-0.01851126134613791,-0.004124772129283786,0.9784397649451515,-0.6737605843801766,-0.6776090442649901,-0.07633589793268908,0.2847200181806326
1759044074.1133528,265.7799987792969,268.95001220703125,795.4099731445312,269.9100036621094,122.95999908447266,280.54998779296875,659.0,774.6699829101562,653.5499877929688,-12539.7099609375,0,-0.017819051512950285,-0.004054954711421817,0.9627839356839336,-0.6683365104569656,-0.6865089628240295,-0.11757727678996023,0.26116534367166466
1759044074.3898964,265.7799987792969,268.95001220703125,795.4099731445312,269.9100036621094,122.95999908447266,280.54998779296875,659.0,774.6699829101562,653.5499877929688,-12539.7099609375,0,-0.01851126134613791,-0.004124772129283786,0.9784397649451515,-0.6737605843801766,-0.6776090442649901,-0.07633589793268908,0.2847200181806326
1759044074.4114413,265.7799987792969,268.95001220703125,795.4099731445312,269.9100036621094,122.95999908447266,280.54998779296875,659.0,774.6699829101562,653.5499877929688,-12539.7099609375,0,-0.017819051512950285,-0.004054954711421817,0.9627839356839336,-0.6683365104569656,-0.6865089628240295,-0.11757727678996023,0.26116534367166466
1759044075.1106446,265.7799987792969,268.95001220703125,795.4099731445312,269.9100036621094,122.95999908447266,280.54998779296875,659.0,774.6699829101562,653.6400146484375,-12539.7099609375,0,-0.01851126134613791,-0.004124772129283786,0.9784397649451515,-0.6737605843801766,-0.6776090442649901,-0.07633589793268908,0.2847200181806326
1759044075.3777168,265.7799987792969,268.95001220703125,795.3200073242188,269.9100036621094,122.95999908447266,280.54998779296875,659.0,774.6699829101562,653.6400146484375,-12539.7900390625,0,-0.017819051512950285,-0.004054954711421817,0.9627839356839336,-0.6683365104569656,-0.6865089628240295,-0.11757727678996023,0.26116534367166466
1759044075.7447143,265.7799987792969,268.95001220703125,795.4099731445312,269.9100036621094,122.95999908447266,280.54998779296875,659.0,774.6699829101562,653.6400146484375,-12539.7900390625,0,-0.01851126134613791,-0.004124772129283786,0.9784397649451515,-0.6737605843801766,-0.6776090442649901,-0.07633589793268908,0.2847200181806326
1759044075.9452472,265.7799987792969,268.95001220703125,795.4099731445312,269.9100036621094,122.95999908447266,280.54998779296875,659.0,774.6699829101562,653.6400146484375,-12539.7099609375,0,-0.017819051512950285,-0.004054954711421817,0.9627839356839336,-0.6683365104569656,-0.6865089628240295,-0.11757727678996023,0.26116534367166466
1759044076.3797445,265.7799987792969,268.95001220703125,795.3200073242188,269.9100036621094,122.95999908447266,280.54998779296875,659.0,774.6699829101562,653.5499877929688,-12539.7900390625,0,-0.01851126134613791,-0.004124772129283786,0.9784397649451515,-0.6737605843801766,-0.6776090442649901,-0.07633589793268908,0.2847200181806326
1759044076.4164605,265.7799987792969,268.95001220703125,795.3200073242188,269.9100036621094,122.95999908447266,280.54998779296875,659.0,774.6699829101562,653.5499877929688,-12539.7900390625,0,-0.017819051512950285,-0.004054954711421817,0.9627839356839336,-0.6683365104569656,-0.6865089628240295,-0.11757727678996023,0.26116534367166466
1759044076.646765,265.7799987792969,268.95001220703125,795.4099731445312,269.9100036621094,122.95999908447266,280.54998779296875,659.0,774.6699829101562,653.5499877929688,-12539.7900390625,0,-0.01851126134613791,-0.004124772129283786,0.9784397649451515,-0.6737605843801766,-0.6776090442649901,-0.07633589793268908,0.2847200181806326
1759044076.9564965,265.7799987792969,268.95001220703125,795.4099731445312,269.9100036621094,122.95999908447266,280.54998779296875,659.0,774.6699829101562,653.5499877929688,-12539.7900390625,0,-0.017819051512950285,-0.004054954711421817,0.9627839356839336,-0.6683365104569656,-0.6865089628240295,-0.11757727678996023,0.26116534367166466
1759044076.979255,265.7799987792969,268.95001220703125,795.4099731445312,269.9100036621094,122.95999908447266,280.54998779296875,659.0,774.6699829101562,653.5499877929688,-12539.7900390625,0,-0.01851126134613791,-0.004124772129283786,0.9784397649451515,-0.6737605843801766,-0.6776090442649901,-0.07633589793268908,0.2847200181806326
1759044077.0160322,265.7799987792969,268.95001220703125,795.4099731445312,269.9100036621094,122.95999908447266,280.54998779296875,659.0,774.6699829101562,653.5499877929688,-12539.7900390625,0,-0.017819051512950285,-0.004054954711421817,0.9627839356839336,-0.6683365104569656,-0.6865089628240295,-0.11757727678996023,0.26116534367166466
1759044077.647055,265.7799987792969,268.95001220703125,795.3200073242188,269.9100036621094,122.95999908447266,280.54998779296875,659.0,774.6699829101562,653.5499877929688,-12539.7900390625,0,-0.01851126134613791,-0.004124772129283786,0.9784397649451515,-0.6737605843801766,-0.6776090442649901,-0.07633589793268908,0.2847200181806326
1759044077.9270813,265.7799987792969,268.95001220703125,795.4099731445312,269.9100036621094,122.95999908447266,280.54998779296875,659.0,774.6699829101562,653.5499877929688,-12539.7900390625,0,-0.017819051512950285,-0.004054954711421817,0.9627839356839336,-0.6683365104569656,-0.6865089628240295,-0.11757727678996023,0.26116534367166466
1759044077.9545891,265.7799987792969,268.95001220703125,795.4099731445312,269.9100036621094,122.95999908447266,280.54998779296875,659.0,774.6699829101562,653.5499877929688,-12539.7900390625,1,-0.017068167590782373,-0.0201031336838668,0.9655943646196165,-0.5398549147978345,-0.6435251784050311,-0.43622196500620264,0.3227110363367248
1759044078.0480912,265.7799987792969,268.95001220703125,795.4099731445312,269.9100036621094,122.95999908447266,280.54998779296875,659.0,774.6699829101562,653.5499877929688,-12539.7900390625,0,-0.01851126134613791,-0.004124772129283786,0.9784397649451515,-0.6737605843801766,-0.6776090442649901,-0.07633589793268908,0.2847200181806326
1759044078.9480531,265.7799987792969,268.95001220703125,795.4099731445312,269.9100036621094,122.95999908447266,280.54998779296875,659.0,774.6699829101562,653.6400146484375,-12539.7900390625,0,-0.017819051512950285,-0.004054954711421817,0.9627839356839336,-0.6683365104569656,-0.6865089628240295,-0.11757727678996023,0.26116534367166466
1759044079.1146126,265.7799987792969,268.95001220703125,795.4099731445312,269.9100036621094,122.95999908447266,280.54998779296875,659.0,774.6699829101562,653.6400146484375,-12539.7099609375,0,-0.01851126134613791,-0.004124772129283786,0.9784397649451515,-0.6737605843801766,-0.6776090442649901,-0.07633589793268908,0.2847200181806326
1759044079.4150748,265.7799987792969,268.95001220703125,795.4099731445312,269.9100036621094,122.95999908447266,280.54998779296875,659.0,774.6699829101562,653.5499877929688,-12539.7099609375,0,-0.017819051512950285,-0.004054954711421817,0.9627839356839336,-0.6683365104569656,-0.6865089628240295,-0.11757727678996023,0.26116534367166466
1759044079.4501293,265.7799987792969,268.95001220703125,795.4099731445312,269.9100036621094,122.95999908447266,280.54998779296875,659.0,774.6699829101562,653.5499877929688,-12539.7900390625,0,-0.01851126134613791,-0.004124772129283786,0.9784397649451515,-0.6737605843801766,-0.6776090442649901,-0.07633589793268908,0.2847200181806326
1759044079.6554499,265.7799987792969,268.95001220703125,795.3200073242188,269.9100036621094,122.95999908447266,280.54998779296875,659.0,774.6699829101562,653.5499877929688,-12539.7099609375,0,-0.017819051512950285,-0.004054954711421817,0.9627839356839336,-0.6683365104569656,-0.6865089628240295,-0.11757727678996023,0.26116534367166466
1759044079.6890364,265.7799987792969,268.95001220703125,795.3200073242188,269.9100036621094,122.95999908447266,280.54998779296875,659.0,774.6699829101562,653.5499877929688,-12539.7099609375,0,-0.01851126134613791,-0.004124772129283786,0.9784397649451515,-0.6737605843801766,-0.6776090442649901,-0.07633589793268908,0.2847200181806326
1759044079.814278,265.7799987792969,268.95001220703125,795.3200073242188,269.9100036621094,122.95999908447266,280.54998779296875,659.0,774.6699829101562,653.5499877929688,-12539.7099609375,0,-0.017819051512950285,-0.004054954711421817,0.9627839356839336,-0.6683365104569656,-0.6865089628240295,-0.11757727678996023,0.26116534367166466
1759044079.9934838,265.7799987792969,268.95001220703125,795.3200073242188,269.9100036621094,122.95999908447266,280.54998779296875,659.0,774.6699829101562,653.5499877929688,-12539.7900390625,0,-0.01851126134613791,-0.004124772129283786,0.9784397649451515,-0.6737605843801766,-0.6776090442649901,-0.07633589793268908,0.2847200181806326
1759044080.715817,265.7799987792969,268.95001220703125,795.4099731445312,269.9100036621094,122.95999908447266,280.54998779296875,659.0,774.6699829101562,653.5499877929688,-12539.7099609375,0,-0.017819051512950285,-0.004054954711421817,0.9627839356839336,-0.6683365104569656,-0.6865089628240295,-0.11757727678996023,0.26116534367166466
1759044080.7484546,265.7799987792969,268.95001220703125,795.3200073242188,269.9100036621094,122.95999908447266,280.54998779296875,659.0,774.6699829101562,653.5499877929688,-12539.7900390625,0,-0.01851126134613791,-0.004124772129283786,0.9784397649451515,-0.6737605843801766,-0.6776090442649901,-0.07633589793268908,0.2847200181806326
1759044080.918075,265.7799987792969,268.95001220703125,795.3200073242188,269.9100036621094,122.95999908447266,280.54998779296875,659.0,774.6699829101562,653.5499877929688,-12539.7099609375,0,-0.017819051512950285,-0.004054954711421817,0.9627839356839336,-0.6683365104569656,-0.6865089628240295,-0.11757727678996023,0.26116534367166466
1759044081.0494878,265.7799987792969,268.95001220703125,795.4099731445312,269.9100036621094,122.95999908447266,280.54998779296875,659.0,774.6699829101562,653.6400146484375,-12539.7099609375,0,-0.01851126134613791,-0.004124772129283786,0.9784397649451515,-0.6737605843801766,-0.6776090442649901,-0.07633589793268908,0.2847200181806326
1759044081.349544,265.7799987792969,268.95001220703125,795.4099731445312,269.9100036621094,122.95999908447266,280.54998779296875,659.0,774.6699829101562,653.6400146484375,-12539.7099609375,0,-0.017819051512950285,-0.004054954711421817,0.9627839356839336,-0.6683365104569656,-0.6865089628240295,-0.11757727678996023,0.26116534367166466
1759044081.3819957,265.7799987792969,268.95001220703125,795.4099731445312,269.9100036621094,122.95999908447266,280.54998779296875,659.0,774.6699829101562,653.6400146484375,-12539.7099609375,0,-0.01851126134613791,-0.004124772129283786,0.9784397649451515,-0.6737605843801766,-0.6776090442649901,-0.07633589793268908,0.2847200181806326
1759044081.4155557,265.7799987792969,268.95001220703125,795.4099731445312,269.9100036621094,122.95999908447266,280.54998779296875,659.0,774.6699829101562,653.6400146484375,-12539.7099609375,0,-0.017819051512950285,-0.004054954711421817,0.9627839356839336,-0.6683365104569656,-0.6865089628240295,-0.11757727678996023,0.26116534367166466
1759044081.4819438,265.7799987792969,268.95001220703125,795.4099731445312,269.9100036621094,122.95999908447266,280.54998779296875,659.0,774.6699829101562,653.6400146484375,-12539.7099609375,0,-0.01851126134613791,-0.004124772129283786,0.9784397649451515,-0.6737605843801766,-0.6776090442649901,-0.07633589793268908,0.2847200181806326
1759044081.7519226,265.7799987792969,268.95001220703125,795.3200073242188,269.9100036621094,122.95999908447266,280.54998779296875,659.0,774.6699829101562,653.5499877929688,-12539.7099609375,0,-0.017819051512950285,-0.004054954711421817,0.9627839356839336,-0.6683365104569656,-0.6865089628240295,-0.11757727678996023,0.26116534367166466
1759044081.785783,265.7799987792969,268.95001220703125,795.3200073242188,269.9100036621094,122.95999908447266,280.54998779296875,659.0,774.6699829101562,653.5499877929688,-12539.7099609375,0,-0.01851126134613791,-0.004124772129283786,0.9784397649451515,-0.6737605843801766,-0.6776090442649901,-0.07633589793268908,0.2847200181806326
1759044081.8176072,265.7799987792969,268.95001220703125,795.3200073242188,269.9100036621094,122.95999908447266,280.54998779296875,659.0,774.6699829101562,653.5499877929688,-12539.7099609375,0,-0.017819051512950285,-0.004054954711421817,0.9627839356839336,-0.6683365104569656,-0.6865089628240295,-0.11757727678996023,0.26116534367166466
1759044081.886115,265.7799987792969,268.95001220703125,795.3200073242188,269.9100036621094,122.95999908447266,280.54998779296875,659.0,774.6699829101562,653.5499877929688,-12539.7099609375,0,-0.01851126134613791,-0.004124772129283786,0.9784397649451515,-0.6737605843801766,-0.6776090442649901,-0.07633589793268908,0.2847200181806326
1759044081.9839048,265.7799987792969,268.95001220703125,795.4099731445312,269.9100036621094,122.95999908447266,280.54998779296875,659.0,774.6699829101562,653.5499877929688,-12539.7900390625,0,-0.017819051512950285,-0.004054954711421817,0.9627839356839336,-0.6683365104569656,-0.6865089628240295,-0.11757727678996023,0.26116534367166466
1759044082.0493145,265.7799987792969,268.95001220703125,795.4099731445312,269.9100036621094,122.95999908447266,280.54998779296875,659.0,774.6699829101562,653.5499877929688,-12539.7099609375,0,-0.01851126134613791,-0.004124772129283786,0.9784397649451515,-0.6737605843801766,-0.6776090442649901,-0.07633589793268908,0.2847200181806326
1759044082.1837807,265.7799987792969,268.95001220703125,795.3200073242188,269.9100036621094,122.95999908447266,280.54998779296875,659.0,774.6699829101562,653.5499877929688,-12539.7900390625,0,-0.017819051512950285,-0.004054954711421817,0.9627839356839336,-0.6683365104569656,-0.6865089628240295,-0.11757727678996023,0.26116534367166466
1759044082.3175375,265.7799987792969,268.95001220703125,795.3200073242188,269.9100036621094,122.95999908447266,280.54998779296875,659.0,774.6699829101562,653.5499877929688,-12539.7900390625,0,-0.01851126134613791,-0.004124772129283786,0.9784397649451515,-0.6737605843801766,-0.6776090442649901,-0.07633589793268908,0.2847200181806326
1759044082.6295815,265.7799987792969,268.95001220703125,795.4099731445312,269.9100036621094,122.95999908447266,280.54998779296875,659.0,774.6699829101562,653.5499877929688,-12539.7900390625,0,-0.017819051512950285,-0.004054954711421817,0.9627839356839336,-0.6683365104569656,-0.6865089628240295,-0.11757727678996023,0.26116534367166466
1759044083.1862211,265.7799987792969,268.95001220703125,795.3200073242188,269.9100036621094,122.95999908447266,280.54998779296875,659.0,774.6699829101562,653.5499877929688,-12539.7099609375,0,-0.01851126134613791,-0.004124772129283786,0.9784397649451515,-0.6737605843801766,-0.6776090442649901,-0.07633589793268908,0.2847200181806326
1759044083.3193088,265.7799987792969,268.95001220703125,795.3200073242188,269.9100036621094,122.95999908447266,280.54998779296875,659.0,774.6699829101562,653.5499877929688,-12539.7900390625,0,-0.017819051512950285,-0.004054954711421817,0.9627839356839336,-0.6683365104569656,-0.6865089628240295,-0.11757727678996023,0.26116534367166466
1759044083.3843653,265.7799987792969,268.95001220703125,795.3200073242188,269.9100036621094,122.95999908447266,280.54998779296875,659.0,774.6699829101562,653.5499877929688,-12539.7099609375,0,-0.01851126134613791,-0.004124772129283786,0.9784397649451515,-0.6737605843801766,-0.6776090442649901,-0.07633589793268908,0.2847200181806326
1759044083.5623698,265.7799987792969,268.95001220703125,795.4099731445312,269.9100036621094,122.95999908447266,280.54998779296875,659.0,774.6699829101562,653.5499877929688,-12539.7099609375,0,-0.017819051512950285,-0.004054954711421817,0.9627839356839336,-0.6683365104569656,-0.6865089628240295,-0.11757727678996023,0.26116534367166466
1759044083.6858642,265.7799987792969,268.95001220703125,795.4099731445312,269.9100036621094,122.95999908447266,280.54998779296875,659.0,774.6699829101562,653.5499877929688,-12539.7099609375,0,-0.01851126134613791,-0.004124772129283786,0.9784397649451515,-0.6737605843801766,-0.6776090442649901,-0.07633589793268908,0.2847200181806326
1759044083.7509685,265.7799987792969,268.95001220703125,795.3200073242188,269.9100036621094,122.95999908447266,280.54998779296875,659.0,774.6699829101562,653.5499877929688,-12539.7900390625,0,-0.017819051512950285,-0.004054954711421817,0.9627839356839336,-0.6683365104569656,-0.6865089628240295,-0.11757727678996023,0.26116534367166466
1759044084.36144,265.7799987792969,268.95001220703125,795.4099731445312,269.9100036621094,122.95999908447266,280.54998779296875,659.0,774.6699829101562,653.5499877929688,-12539.7099609375,0,-0.01851126134613791,-0.004124772129283786,0.9784397649451515,-0.6737605843801766,-0.6776090442649901,-0.07633589793268908,0.2847200181806326
1759044084.7931957,265.7799987792969,268.95001220703125,795.3200073242188,269.9100036621094,122.95999908447266,280.54998779296875,659.0,774.6699829101562,653.5499877929688,-12539.7099609375,0,-0.017819051512950285,-0.004054954711421817,0.9627839356839336,-0.6683365104569656,-0.6865089628240295,-0.11757727678996023,0.26116534367166466
1759044085.5637677,265.7799987792969,268.95001220703125,795.4099731445312,269.9100036621094,122.95999908447266,280.54998779296875,659.0,774.6699829101562,653.6400146484375,-12539.7099609375,0,-0.01851126134613791,-0.004124772129283786,0.9784397649451515,-0.6737605843801766,-0.6776090442649901,-0.07633589793268908,0.2847200181806326
1759044085.7189476,265.7799987792969,268.95001220703125,795.4099731445312,269.9100036621094,122.95999908447266,280.54998779296875,659.0,774.6699829101562,653.6400146484375,-12539.7099609375,0,-0.017819051512950285,-0.004054954711421817,0.9627839356839336,-0.6683365104569656,-0.6865089628240295,-0.11757727678996023,0.26116534367166466
1759044085.8234246,265.7799987792969,268.95001220703125,795.4099731445312,269.9100036621094,122.95999908447266,280.54998779296875,659.0,774.6699829101562,653.5499877929688,-12539.7099609375,0,-0.01851126134613791,-0.004124772129283786,0.9784397649451515,-0.6737605843801766,-0.6776090442649901,-0.07633589793268908,0.2847200181806326
1759044085.9540954,265.7799987792969,268.95001220703125,795.4099731445312,269.9100036621094,122.95999908447266,280.54998779296875,659.0,774.6699829101562,653.5499877929688,-12539.7900390625,0,-0.017819051512950285,-0.004054954711421817,0.9627839356839336,-0.6683365104569656,-0.6865089628240295,-0.11757727678996023,0.26116534367166466
1759044086.0198393,265.7799987792969,268.95001220703125,795.4099731445312,269.9100036621094,122.95999908447266,280.54998779296875,659.0,774.6699829101562,653.5499877929688,-12539.7900390625,0,-0.01851126134613791,-0.004124772129283786,0.9784397649451515,-0.6737605843801766,-0.6776090442649901,-0.07633589793268908,0.2847200181806326
1759044086.1199641,265.7799987792969,268.95001220703125,795.4099731445312,269.9100036621094,122.95999908447266,280.54998779296875,659.0,774.6699829101562,653.5499877929688,-12539.7099609375,0,-0.017819051512950285,-0.004054954711421817,0.9627839356839336,-0.6683365104569656,-0.6865089628240295,-0.11757727678996023,0.26116534367166466
1759044086.287465,265.7799987792969,268.95001220703125,795.4099731445312,269.9100036621094,122.95999908447266,280.54998779296875,659.0,774.6699829101562,653.5499877929688,-12539.7099609375,0,-0.01851126134613791,-0.004124772129283786,0.9784397649451515,-0.6737605843801766,-0.6776090442649901,-0.07633589793268908,0.2847200181806326
1759044086.3528388,265.7799987792969,268.95001220703125,795.4099731445312,269.9100036621094,122.95999908447266,280.54998779296875,659.0,774.6699829101562,653.5499877929688,-12539.7099609375,0,-0.017819051512950285,-0.004054954711421817,0.9627839356839336,-0.6683365104569656,-0.6865089628240295,-0.11757727678996023,0.26116534367166466
1759044086.4556956,265.7799987792969,268.95001220703125,795.4099731445312,269.9100036621094,122.95999908447266,280.54998779296875,659.0,774.6699829101562,653.5499877929688,-12539.7099609375,0,-0.01851126134613791,-0.004124772129283786,0.9784397649451515,-0.6737605843801766,-0.6776090442649901,-0.07633589793268908,0.2847200181806326
1759044086.62109,265.7799987792969,268.95001220703125,795.3200073242188,269.9100036621094,122.95999908447266,280.54998779296875,659.0,774.6699829101562,653.5499877929688,-12539.7099609375,0,-0.017819051512950285,-0.004054954711421817,0.9627839356839336,-0.6683365104569656,-0.6865089628240295,-0.11757727678996023,0.26116534367166466
1759044086.8203003,265.7799987792969,268.95001220703125,795.4099731445312,269.9100036621094,122.95999908447266,280.54998779296875,659.0,774.6699829101562,653.6400146484375,-12539.7900390625,0,-0.01851126134613791,-0.004124772129283786,0.9784397649451515,-0.6737605843801766,-0.6776090442649901,-0.07633589793268908,0.2847200181806326
1759044086.9540732,265.7799987792969,268.95001220703125,795.4099731445312,269.9100036621094,122.95999908447266,280.54998779296875,659.0,774.6699829101562,653.6400146484375,-12539.7900390625,0,-0.017819051512950285,-0.004054954711421817,0.9627839356839336,-0.6683365104569656,-0.6865089628240295,-0.11757727678996023,0.26116534367166466
1759044086.987624,265.7799987792969,268.95001220703125,795.4099731445312,269.9100036621094,122.95999908447266,280.54998779296875,659.0,774.6699829101562,653.6400146484375,-12539.7900390625,0,-0.01851126134613791,-0.004124772129283786,0.9784397649451515,-0.6737605843801766,-0.6776090442649901,-0.07633589793268908,0.2847200181806326
1759044087.9947934,265.7799987792969,268.95001220703125,795.4099731445312,269.9100036621094,122.95999908447266,280.54998779296875,659.0,774.6699829101562,653.5499877929688,-12539.7099609375,0,-0.017819051512950285,-0.004054954711421817,0.9627839356839336,-0.6683365104569656,-0.6865089628240295,-0.11757727678996023,0.26116534367166466
1759044088.061787,265.7799987792969,268.95001220703125,795.4099731445312,269.9100036621094,122.95999908447266,280.54998779296875,659.0,774.6699829101562,653.5499877929688,-12539.7099609375,0,-0.01851126134613791,-0.004124772129283786,0.9784397649451515,-0.6737605843801766,-0.6776090442649901,-0.07633589793268908,0.2847200181806326
1759044088.092254,265.7799987792969,268.95001220703125,795.4099731445312,269.9100036621094,122.95999908447266,280.54998779296875,659.0,774.6699829101562,653.5499877929688,-12539.7099609375,0,-0.017819051512950285,-0.004054954711421817,0.9627839356839336,-0.6683365104569656,-0.6865089628240295,-0.11757727678996023,0.26116534367166466
1759044088.511,265.7799987792969,268.95001220703125,795.4099731445312,269.9100036621094,122.95999908447266,280.54998779296875,659.0,774.6699829101562,653.5499877929688,-12539.7900390625,0,-0.01851126134613791,-0.004124772129283786,0.9784397649451515,-0.6737605843801766,-0.6776090442649901,-0.07633589793268908,0.2847200181806326
1759044088.8632817,265.7799987792969,268.95001220703125,795.4099731445312,269.9100036621094,122.95999908447266,280.54998779296875,659.0,774.6699829101562,653.5499877929688,-12539.7099609375,0,-0.017819051512950285,-0.004054954711421817,0.9627839356839336,-0.6683365104569656,-0.6865089628240295,-0.11757727678996023,0.26116534367166466
1759044088.9241364,265.7799987792969,268.95001220703125,795.4099731445312,269.9100036621094,122.95999908447266,280.54998779296875,659.0,774.6699829101562,653.5499877929688,-12539.7099609375,0,-0.01851126134613791,-0.004124772129283786,0.9784397649451515,-0.6737605843801766,-0.6776090442649901,-0.07633589793268908,0.2847200181806326
1759044088.9562497,265.7799987792969,268.95001220703125,795.4099731445312,269.9100036621094,122.95999908447266,280.54998779296875,659.0,774.6699829101562,653.5499877929688,-12539.7099609375,0,-0.017819051512950285,-0.004054954711421817,0.9627839356839336,-0.6683365104569656,-0.6865089628240295,-0.11757727678996023,0.26116534367166466
1759044088.9897466,265.7799987792969,268.95001220703125,795.4099731445312,269.9100036621094,122.95999908447266,280.54998779296875,659.0,774.6699829101562,653.5499877929688,-12539.7099609375,0,-0.01851126134613791,-0.004124772129283786,0.9784397649451515,-0.6737605843801766,-0.6776090442649901,-0.07633589793268908,0.2847200181806326
1759044089.3545232,265.7799987792969,268.95001220703125,795.4099731445312,269.9100036621094,122.95999908447266,280.54998779296875,659.0,774.6699829101562,653.5499877929688,-12539.7099609375,0,-0.017819051512950285,-0.004054954711421817,0.9627839356839336,-0.6683365104569656,-0.6865089628240295,-0.11757727678996023,0.26116534367166466
1759044089.388666,265.7799987792969,268.95001220703125,795.4099731445312,269.9100036621094,122.95999908447266,280.54998779296875,659.0,774.6699829101562,653.5499877929688,-12539.7099609375,0,-0.01851126134613791,-0.004124772129283786,0.9784397649451515,-0.6737605843801766,-0.6776090442649901,-0.07633589793268908,0.2847200181806326
1759044090.6335008,265.7799987792969,268.95001220703125,795.3200073242188,269.9100036621094,122.95999908447266,280.54998779296875,659.0,774.6699829101562,653.5499877929688,-12539.7099609375,0,-0.017819051512950285,-0.004054954711421817,0.9627839356839336,-0.6683365104569656,-0.6865089628240295,-0.11757727678996023,0.26116534367166466
1759044091.0323646,265.7799987792969,268.95001220703125,795.4099731445312,269.9100036621094,122.95999908447266,280.54998779296875,659.0,774.6699829101562,653.5499877929688,-12539.7900390625,0,-0.01851126134613791,-0.004124772129283786,0.9784397649451515,-0.6737605843801766,-0.6776090442649901,-0.07633589793268908,0.2847200181806326
1759044091.3998225,265.7799987792969,268.95001220703125,795.4099731445312,269.9100036621094,122.95999908447266,280.54998779296875,659.0,774.6699829101562,653.5499877929688,-12539.7900390625,0,-0.017819051512950285,-0.004054954711421817,0.9627839356839336,-0.6683365104569656,-0.6865089628240295,-0.11757727678996023,0.26116534367166466
1759044091.5235267,265.7799987792969,268.95001220703125,795.4099731445312,269.9100036621094,122.95999908447266,280.54998779296875,659.0,774.6699829101562,653.5499877929688,-12539.7099609375,0,-0.01851126134613791,-0.004124772129283786,0.9784397649451515,-0.6737605843801766,-0.6776090442649901,-0.07633589793268908,0.2847200181806326
1759044091.790214,265.7799987792969,268.95001220703125,795.3200073242188,269.9100036621094,122.95999908447266,280.54998779296875,659.0,774.6699829101562,653.5499877929688,-12539.7900390625,0,-0.017819051512950285,-0.004054954711421817,0.9627839356839336,-0.6683365104569656,-0.6865089628240295,-0.11757727678996023,0.26116534367166466
1759044091.8601067,265.7799987792969,268.95001220703125,795.3200073242188,269.9100036621094,122.95999908447266,280.54998779296875,659.0,774.6699829101562,653.5499877929688,-12539.7900390625,0,-0.01851126134613791,-0.004124772129283786,0.9784397649451515,-0.6737605843801766,-0.6776090442649901,-0.07633589793268908,0.2847200181806326
1759044091.923713,265.7799987792969,268.95001220703125,795.3200073242188,269.9100036621094,122.95999908447266,280.54998779296875,659.0,774.6699829101562,653.5499877929688,-12539.7099609375,0,-0.017819051512950285,-0.004054954711421817,0.9627839356839336,-0.6683365104569656,-0.6865089628240295,-0.11757727678996023,0.26116534367166466
1759044091.9924166,265.7799987792969,268.95001220703125,795.4099731445312,269.9100036621094,122.95999908447266,280.54998779296875,659.0,774.6699829101562,653.5499877929688,-12539.7099609375,0,-0.01851126134613791,-0.004124772129283786,0.9784397649451515,-0.6737605843801766,-0.6776090442649901,-0.07633589793268908,0.2847200181806326
1759044092.057163,265.7799987792969,268.95001220703125,795.4099731445312,269.9100036621094,122.95999908447266,280.54998779296875,659.0,774.6699829101562,653.5499877929688,-12539.7900390625,0,-0.017819051512950285,-0.004054954711421817,0.9627839356839336,-0.6683365104569656,-0.6865089628240295,-0.11757727678996023,0.26116534367166466
1759044092.1583545,265.7799987792969,268.95001220703125,795.4099731445312,269.9100036621094,122.95999908447266,280.54998779296875,659.0,774.6699829101562,653.5499877929688,-12539.7099609375,0,-0.01851126134613791,-0.004124772129283786,0.9784397649451515,-0.6737605843801766,-0.6776090442649901,-0.07633589793268908,0.2847200181806326
1759044092.4246416,265.7799987792969,268.95001220703125,795.4099731445312,269.9100036621094,122.95999908447266,280.54998779296875,659.0,774.6699829101562,653.5499877929688,-12539.7900390625,0,-0.017819051512950285,-0.004054954711421817,0.9627839356839336,-0.6683365104569656,-0.6865089628240295,-0.11757727678996023,0.26116534367166466
1759044092.4580245,265.7799987792969,268.95001220703125,795.4099731445312,269.9100036621094,122.95999908447266,280.54998779296875,659.0,774.6699829101562,653.5499877929688,-12539.7900390625,0,-0.01851126134613791,-0.004124772129283786,0.9784397649451515,-0.6737605843801766,-0.6776090442649901,-0.07633589793268908,0.2847200181806326
1759044092.592777,265.7799987792969,268.95001220703125,795.4099731445312,269.9100036621094,122.95999908447266,280.54998779296875,659.0,774.6699829101562,653.5499877929688,-12539.7099609375,0,-0.017819051512950285,-0.004054954711421817,0.9627839356839336,-0.6683365104569656,-0.6865089628240295,-0.11757727678996023,0.26116534367166466
1759044092.6577203,265.7799987792969,268.95001220703125,795.4099731445312,269.9100036621094,122.95999908447266,280.54998779296875,659.0,774.6699829101562,653.5499877929688,-12539.7099609375,0,-0.01851126134613791,-0.004124772129283786,0.9784397649451515,-0.6737605843801766,-0.6776090442649901,-0.07633589793268908,0.2847200181806326
1759044092.690929,265.7799987792969,268.95001220703125,795.4099731445312,269.9100036621094,122.95999908447266,280.54998779296875,659.0,774.6699829101562,653.5499877929688,-12539.7099609375,0,-0.017819051512950285,-0.004054954711421817,0.9627839356839336,-0.6683365104569656,-0.6865089628240295,-0.11757727678996023,0.26116534367166466
1759044092.7244797,265.7799987792969,268.95001220703125,795.4099731445312,269.9100036621094,122.95999908447266,280.54998779296875,659.0,774.6699829101562,653.5499877929688,-12539.7099609375,0,-0.01851126134613791,-0.004124772129283786,0.9784397649451515,-0.6737605843801766,-0.6776090442649901,-0.07633589793268908,0.2847200181806326
1759044092.7909667,265.7799987792969,268.95001220703125,795.4099731445312,269.9100036621094,122.95999908447266,280.54998779296875,659.0,774.6699829101562,653.5499877929688,-12539.7099609375,0,-0.017819051512950285,-0.004054954711421817,0.9627839356839336,-0.6683365104569656,-0.6865089628240295,-0.11757727678996023,0.26116534367166466
1759044092.8628566,265.7799987792969,268.95001220703125,795.4099731445312,269.9100036621094,122.95999908447266,280.54998779296875,659.0,774.6699829101562,653.5499877929688,-12539.7900390625,0,-0.01851126134613791,-0.004124772129283786,0.9784397649451515,-0.6737605843801766,-0.6776090442649901,-0.07633589793268908,0.2847200181806326
1759044092.963395,265.7799987792969,268.95001220703125,795.4099731445312,269.9100036621094,122.95999908447266,280.54998779296875,659.0,774.6699829101562,653.5499877929688,-12539.7099609375,0,-0.017819051512950285,-0.004054954711421817,0.9627839356839336,-0.6683365104569656,-0.6865089628240295,-0.11757727678996023,0.26116534367166466
1759044092.9996421,265.7799987792969,268.95001220703125,795.4099731445312,269.9100036621094,122.95999908447266,280.54998779296875,659.0,774.6699829101562,653.5499877929688,-12539.7099609375,0,-0.01851126134613791,-0.004124772129283786,0.9784397649451515,-0.6737605843801766,-0.6776090442649901,-0.07633589793268908,0.2847200181806326
1759044093.1904795,265.7799987792969,268.95001220703125,795.3200073242188,269.9100036621094,122.95999908447266,280.54998779296875,659.0,774.6699829101562,653.5499877929688,-12539.7900390625,0,-0.01893976181075741,-0.0038152811740185173,1.001532487063241,-0.6817100557251238,-0.6706930044838415,-0.12010458909961824,0.26649049014345383
1759044093.2266352,265.7799987792969,268.95001220703125,795.3200073242188,269.9100036621094,122.95999908447266,280.54998779296875,659.0,774.6699829101562,653.5499877929688,-12539.7900390625,1,-0.017159559659791032,-0.020758381833842036,0.9931930318320674,0.5439488439641763,0.6575940568052486,-0.4270958987525948,0.2987955904513404
1759044093.2594805,265.7799987792969,268.95001220703125,795.3200073242188,269.9100036621094,122.95999908447266,280.54998779296875,659.0,774.6699829101562,653.5499877929688,-12539.7900390625,0,-0.01851126134613791,-0.004124772129283786,0.9784397649451515,-0.6737605843801766,-0.6776090442649901,-0.07633589793268908,0.2847200181806326
1759044093.3949368,265.7799987792969,268.95001220703125,795.4099731445312,269.9100036621094,122.95999908447266,280.54998779296875,659.0,774.6699829101562,653.5499877929688,-12539.7099609375,0,-0.01893976181075741,-0.0038152811740185173,1.001532487063241,-0.6817100557251238,-0.6706930044838415,-0.12010458909961824,0.26649049014345383
1759044093.3949368,265.7799987792969,268.95001220703125,795.4099731445312,269.9100036621094,122.95999908447266,280.54998779296875,659.0,774.6699829101562,653.5499877929688,-12539.7099609375,1,-0.017068167590782373,-0.0201031336838668,0.9655943646196165,-0.5398549147978345,-0.6435251784050311,-0.43622196500620264,0.3227110363367248
1759044093.4278338,265.7799987792969,268.95001220703125,795.4099731445312,269.9100036621094,122.95999908447266,280.54998779296875,659.0,774.6699829101562,653.5499877929688,-12539.7099609375,0,-0.01851126134613791,-0.004124772129283786,0.9784397649451515,-0.6737605843801766,-0.6776090442649901,-0.07633589793268908,0.2847200181806326
1759044093.493638,265.7799987792969,268.95001220703125,795.4099731445312,269.9100036621094,122.95999908447266,280.54998779296875,659.0,774.6699829101562,653.5499877929688,-12539.7099609375,0,-0.017819051512950285,-0.004054954711421817,0.9627839356839336,-0.6683365104569656,-0.6865089628240295,-0.11757727678996023,0.26116534367166466
1759044093.5257537,265.7799987792969,268.95001220703125,795.4099731445312,269.9100036621094,122.95999908447266,280.54998779296875,659.0,774.6699829101562,653.5499877929688,-12539.7900390625,0,-0.018046330710314556,-0.003711226677860984,0.9754385595969969,-0.6726322801225656,-0.6764720849045149,-0.160747942337232,0.2532023560640843
1759044093.6602912,265.7799987792969,268.95001220703125,795.4099731445312,269.9100036621094,122.95999908447266,280.54998779296875,659.0,774.6699829101562,653.5499877929688,-12539.7900390625,0,-0.017819051512950285,-0.004054954711421817,0.9627839356839336,-0.6683365104569656,-0.6865089628240295,-0.11757727678996023,0.26116534367166466
1759044093.698134,265.7799987792969,268.95001220703125,795.4099731445312,269.9100036621094,122.95999908447266,280.54998779296875,659.0,774.6699829101562,653.5499877929688,-12539.7900390625,0,-0.01851126134613791,-0.004124772129283786,0.9784397649451515,-0.6737605843801766,-0.6776090442649901,-0.07633589793268908,0.2847200181806326
1759044093.729489,265.7799987792969,268.95001220703125,795.4099731445312,269.9100036621094,122.95999908447266,280.54998779296875,659.0,774.6699829101562,653.5499877929688,-12539.7099609375,0,-0.01893976181075741,-0.0038152811740185173,1.001532487063241,-0.6817100557251238,-0.6706930044838415,-0.12010458909961824,0.26649049014345383
1759044093.7597568,265.7799987792969,268.95001220703125,795.3200073242188,269.9100036621094,122.95999908447266,280.54998779296875,659.0,774.6699829101562,653.5499877929688,-12539.7099609375,0,-0.01851126134613791,-0.004124772129283786,0.9784397649451515,-0.6737605843801766,-0.6776090442649901,-0.07633589793268908,0.2847200181806326
1759044093.8259945,265.7799987792969,268.95001220703125,795.3200073242188,269.9100036621094,122.95999908447266,280.54998779296875,659.0,774.6699829101562,653.5499877929688,-12539.7099609375,0,-0.017819051512950285,-0.004054954711421817,0.9627839356839336,-0.6683365104569656,-0.6865089628240295,-0.11757727678996023,0.26116534367166466
1759044094.0325959,265.7799987792969,268.95001220703125,795.4099731445312,269.9100036621094,122.95999908447266,280.54998779296875,659.0,774.6699829101562,653.6400146484375,-12539.7900390625,0,-0.01851126134613791,-0.004124772129283786,0.9784397649451515,-0.6737605843801766,-0.6776090442649901,-0.07633589793268908,0.2847200181806326
1759044094.56277,265.7799987792969,268.95001220703125,795.4099731445312,269.9100036621094,122.95999908447266,280.54998779296875,659.0,774.6699829101562,653.5499877929688,-12539.7099609375,0,-0.017819051512950285,-0.004054954711421817,0.9627839356839336,-0.6683365104569656,-0.6865089628240295,-0.11757727678996023,0.26116534367166466
1759044094.6268857,265.7799987792969,268.95001220703125,795.4099731445312,269.9100036621094,122.95999908447266,280.54998779296875,659.0,774.6699829101562,653.5499877929688,-12539.7099609375,0,-0.01851126134613791,-0.004124772129283786,0.9784397649451515,-0.6737605843801766,-0.6776090442649901,-0.07633589793268908,0.2847200181806326
1759044094.6593757,265.7799987792969,268.95001220703125,795.4099731445312,269.9100036621094,122.95999908447266,280.54998779296875,659.0,774.6699829101562,653.5499877929688,-12539.7099609375,0,-0.017819051512950285,-0.004054954711421817,0.9627839356839336,-0.6683365104569656,-0.6865089628240295,-0.11757727678996023,0.26116534367166466
1759044095.0612998,265.7799987792969,268.95001220703125,795.4099731445312,269.9100036621094,122.95999908447266,280.54998779296875,659.0,774.6699829101562,653.5499877929688,-12539.7099609375,0,-0.01851126134613791,-0.004124772129283786,0.9784397649451515,-0.6737605843801766,-0.6776090442649901,-0.07633589793268908,0.2847200181806326
1759044095.0942314,265.7799987792969,268.95001220703125,795.4099731445312,269.9100036621094,122.95999908447266,280.54998779296875,659.0,774.6699829101562,653.5499877929688,-12539.7099609375,0,-0.017819051512950285,-0.004054954711421817,0.9627839356839336,-0.6683365104569656,-0.6865089628240295,-0.11757727678996023,0.26116534367166466
1759044095.159141,265.7799987792969,268.95001220703125,795.4099731445312,269.9100036621094,122.95999908447266,280.54998779296875,659.0,774.6699829101562,653.6400146484375,-12539.7900390625,0,-0.01851126134613791,-0.004124772129283786,0.9784397649451515,-0.6737605843801766,-0.6776090442649901,-0.07633589793268908,0.2847200181806326
1759044095.1932342,265.7799987792969,268.95001220703125,795.4099731445312,269.9100036621094,122.95999908447266,280.54998779296875,659.0,774.6699829101562,653.6400146484375,-12539.7900390625,0,-0.017819051512950285,-0.004054954711421817,0.9627839356839336,-0.6683365104569656,-0.6865089628240295,-0.11757727678996023,0.26116534367166466
1759044095.2332509,265.7799987792969,268.95001220703125,795.4099731445312,269.9100036621094,122.95999908447266,280.54998779296875,659.0,774.6699829101562,653.6400146484375,-12539.7099609375,0,-0.01851126134613791,-0.004124772129283786,0.9784397649451515,-0.6737605843801766,-0.6776090442649901,-0.07633589793268908,0.2847200181806326
1759044095.2598512,265.7799987792969,268.95001220703125,795.4099731445312,269.9100036621094,122.95999908447266,280.54998779296875,659.0,774.6699829101562,653.6400146484375,-12539.7099609375,0,-0.017819051512950285,-0.004054954711421817,0.9627839356839336,-0.6683365104569656,-0.6865089628240295,-0.11757727678996023,0.26116534367166466
1759044097.9627147,265.7799987792969,268.95001220703125,795.4099731445312,269.9100036621094,122.95999908447266,280.54998779296875,659.0,774.6699829101562,653.5499877929688,-12539.7900390625,0,-0.017351409161702077,-0.003856550965916277,0.9173152708316679,-0.6668509260426128,-0.6711176129629622,-0.13125685146559476,0.2961125308904447
1759044098.1725702,265.7799987792969,268.95001220703125,795.4099731445312,269.9100036621094,122.95999908447266,280.54998779296875,659.0,774.6699829101562,653.5499877929688,-12539.7900390625,0,-0.017819051512950285,-0.004054954711421817,0.9627839356839336,-0.6683365104569656,-0.6865089628240295,-0.11757727678996023,0.26116534367166466
1759044098.663575,265.7799987792969,268.95001220703125,795.4099731445312,269.9100036621094,122.95999908447266,280.54998779296875,659.0,774.6699829101562,653.5499877929688,-12539.7099609375,0,-0.017351409161702077,-0.003856550965916277,0.9173152708316679,-0.6668509260426128,-0.6711176129629622,-0.13125685146559476,0.2961125308904447
1759044098.6964433,265.7799987792969,268.95001220703125,795.4099731445312,269.9100036621094,122.95999908447266,280.54998779296875,659.0,774.6699829101562,653.5499877929688,-12539.7099609375,0,-0.017819051512950285,-0.004054954711421817,0.9627839356839336,-0.6683365104569656,-0.6865089628240295,-0.11757727678996023,0.26116534367166466
1759044099.8640628,265.7799987792969,268.95001220703125,795.4099731445312,269.9100036621094,122.95999908447266,280.54998779296875,659.0,774.6699829101562,653.5499877929688,-12537.509765625,0,-0.017819051512950285,-0.004054954711421817,0.9627839356839336,-0.6683365104569656,-0.6865089628240295,-0.11757727678996023,0.26116534367166466
1759044099.9300282,265.7799987792969,268.95001220703125,795.4099731445312,269.9100036621094,122.95999908447266,280.54998779296875,659.0,774.6699829101562,653.5499877929688,-12497.259765625,0,-0.0188644680836482,-0.0038142326157920106,0.9780310059384445,0.6774662104245397,0.6734418494044759,-0.1515083308394955,0.2540882423291611
1759044100.032966,265.7799987792969,268.95001220703125,795.4099731445312,269.9100036621094,122.95999908447266,280.54998779296875,659.0,774.6699829101562,653.5499877929688,-12456.2099609375,0,-0.02056307150163743,-0.0038153812169635904,1.001561726927455,-0.6816178813911365,-0.6709119573624696,-0.12063657244814245,0.2659342524457553
1759044100.3501804,288.3699951171875,291.0899963378906,801.5599975585938,290.2099914550781,145.6300048828125,288.9800109863281,656.8900146484375,751.3800048828125,675.8800048828125,-12333.33984375,0,-0.031100942665086204,-0.005137020864113059,0.9294221230940963,0.7048755685710048,0.6263702875950394,-0.149507793439979,0.2974190904271597
1759044100.743377,316.92999267578125,319.2200012207031,787.3200073242188,317.7200012207031,173.85000610351562,272.20001220703125,654.9600219726562,723.25,694.9500122070312,-12162.66015625,0,-0.03588133904900173,-0.005890598680155324,0.9455131990846023,-0.7050801696632317,-0.6273243518063951,-0.13963171950409992,0.29971502279112255
1759044101.3023021,358.4200134277344,361.5799865722656,791.280029296875,358.239990234375,216.0399932861328,276.8599853515625,654.9600219726562,680.7100219726562,732.0399780273438,-11975.7998046875,0,-0.019258245466449195,-0.011314149741422103,0.9196096960217294,-0.724899767496494,-0.6043516611792781,-0.09936930238131639,0.31528580440233395
1759044101.3364613,358.4200134277344,361.5799865722656,791.280029296875,358.239990234375,216.0399932861328,276.8599853515625,654.9600219726562,680.7100219726562,732.0399780273438,-11940.0302734375,0,-0.018002710303896018,-0.012220372675759263,0.932073562363291,-0.7163802375406572,-0.5924956407165082,-0.15078625019843597,0.33617224416096697
1759044101.3992279,358.4200134277344,361.5799865722656,791.280029296875,358.239990234375,216.0399932861328,276.8599853515625,654.9600219726562,680.7100219726562,732.0399780273438,-11940.0302734375,0,-0.015070797993549621,-0.013598851847730676,0.916130842208647,0.7160057012828468,0.5976360745273748,-0.16251072313089057,0.3221136802767683
1759044101.4671154,373.010009765625,375.7300109863281,781.1699829101562,371.95001220703125,229.9199981689453,266.1300048828125,654.9600219726562,667.0900268554688,746.97998046875,-11902.58984375,1,-0.01404097449814635,-0.03075203999191007,0.9216172206577884,-0.5586664502256052,-0.6371069516203619,-0.4809945606181993,0.2250128046246184
1759044101.5648348,373.010009765625,375.7300109863281,781.1699829101562,371.95001220703125,229.9199981689453,266.1300048828125,654.9600219726562,667.0900268554688,746.97998046875,-11866.5498046875,0,-0.011703727748264654,-0.016918925965482442,0.9413526968654602,-0.7222732970304435,-0.5807365555850209,-0.11741945434751477,0.35676183812839435
1759044101.664377,373.010009765625,375.7300109863281,781.1699829101562,371.95001220703125,229.9199981689453,266.1300048828125,654.9600219726562,667.0900268554688,746.97998046875,-11833.330078125,0,-0.009353264025324824,-0.019057312652446038,0.8986475561268203,-0.7178159494460388,-0.567705865364458,-0.13070998934651862,0.38126790034922525
1759044102.1126838,415.80999755859375,418.2699890136719,803.5,413.44000244140625,272.20001220703125,291.9700012207031,654.9600219726562,624.72998046875,788.1199951171875,-11706.330078125,0,0.0005171418257611771,-0.027611657040926444,0.9013524413054178,0.7173870703552994,0.5537431770802483,-0.10087120305484759,0.41054754355419204
1759044102.1336043,415.80999755859375,418.2699890136719,803.5,413.44000244140625,272.20001220703125,291.9700012207031,654.9600219726562,624.72998046875,788.1199951171875,-11675.3896484375,0,0.0005171418257611771,-0.027611657040926444,0.9013524413054178,0.7173870703552994,0.5537431770802483,-0.10087120305484759,0.41054754355419204
1759044102.232523,415.80999755859375,418.2699890136719,803.5,413.44000244140625,272.20001220703125,291.9700012207031,654.9600219726562,624.72998046875,788.1199951171875,-11651.83984375,1,0.0001487209702963644,-0.04231480661017856,0.882625111434875,-0.5405048348368217,-0.6632004196632556,-0.5070503314541185,0.10449731216050684
1759044102.3316393,429.8699951171875,432.4200134277344,808.6799926757812,427.32000732421875,286.260009765625,295.3999938964844,654.9600219726562,617.7000122070312,801.739990234375,-11649.1103515625,0,-0.0005794524333843294,-0.027754881197681172,0.9061049004356113,0.722056115755279,0.5408920063623028,-0.07608567739200207,0.4245960113443859
1759044102.7792873,454.30999755859375,456.7699890136719,808.5900268554688,451.04998779296875,311.0400085449219,295.8399963378906,654.9600219726562,612.4199829101562,825.5599975585938,-11649.1103515625,1,0.013721008422070274,-0.06275688345319241,0.8591329907958336,-0.5396361734968146,-0.6621104108396667,-0.5163872110546486,0.06121153788825832
1759044102.7792873,454.30999755859375,456.7699890136719,808.5900268554688,451.04998779296875,311.0400085449219,295.8399963378906,654.9600219726562,612.4199829101562,825.5599975585938,-11649.1103515625,2,0.03314824134254327,-0.06105161469861704,0.957277034582729,0.8595247524693751,0.27326480723210556,0.4244342743637407,0.07999432333725223
1759044102.7990775,454.30999755859375,456.7699890136719,808.5900268554688,451.04998779296875,311.0400085449219,295.8399963378906,654.9600219726562,612.4199829101562,825.5599975585938,-11649.1103515625,2,0.0329107042244124,-0.05973537764519157,0.907826649122215,0.853028218089722,0.27218881238822457,0.4362292809685951,0.08921952689285141
1759044103.0422404,468.4599914550781,471.0899963378906,817.469970703125,464.7699890136719,325.3699951171875,305.95001220703125,654.9600219726562,602.4000244140625,835.6599731445312,-11649.1103515625,1,0.0,0.0,0.03418803418803419,-0.539740669732534,-0.6738002331562755,-0.5025787949127808,0.04569256109304218
1759044103.3125176,500.010009765625,496.92999267578125,833.6400146484375,495.7900085449219,357.1000061035156,328.5400085449219,654.9600219726562,590.010009765625,855.8800048828125,-11649.1103515625,2,0.007388816487769776,-0.06645076951823467,0.8894366404172886,0.8757229616519581,0.22236928526722075,0.4217597959814313,0.07602545559857049
1759044103.5735834,506.95001220703125,503.0899963378906,833.6400146484375,502.6499938964844,364.3900146484375,334.95001220703125,654.9600219726562,588.9600219726562,859.0399780273438,-11649.1103515625,1,-0.011210591088093835,-0.08068067854451971,0.8253992926796724,0.5556280673313022,0.666315246560287,0.4950418381547927,0.047276013699445424
1759044103.8446355,534.8099975585938,513.9000244140625,830.0399780273438,530.4199829101562,392.42999267578125,344.6199951171875,654.9600219726562,594.9299926757812,876.1799926757812,-11649.1103515625,1,0.0,0.0,0.07482993197278912,-0.5506280649366616,-0.7201759692195134,0.3936761446938821,0.15223140465030177
1759044103.934855,534.8099975585938,513.9000244140625,830.0399780273438,530.4199829101562,392.42999267578125,344.6199951171875,654.9600219726562,594.9299926757812,876.1799926757812,-11649.1103515625,2,0.0,0.0,0.044444444444444446,0.9051412558483737,0.12487832891456896,0.406040762656694,0.01598777626513491
1759044104.0010352,534.8099975585938,513.9000244140625,830.0399780273438,530.4199829101562,392.42999267578125,344.6199951171875,654.9600219726562,594.9299926757812,876.1799926757812,-11649.1103515625,2,0.0,0.0,0.072992700729927,0.897204763058648,0.14194144112544976,0.41404299523968,0.05869104300538749
1759044104.3738508,558.4600219726562,506.42999267578125,822.5700073242188,552.2999877929688,420.4700012207031,337.1499938964844,654.9600219726562,602.4000244140625,876.0900268554688,-11649.1103515625,2,0.0,0.0,0.012903225806451613,-0.9117529738494158,-0.165818706616139,0.3542114643639592,0.1254787222043527
1759044104.4015071,558.4600219726562,506.42999267578125,822.5700073242188,552.2999877929688,420.4700012207031,337.1499938964844,654.9600219726562,602.4000244140625,876.0900268554688,-11649.1103515625,2,-0.025243138996656988,-0.07436400719813163,0.8329137431020947,-0.9114637746556823,-0.16574533576386352,0.35491873121462986,0.12567802272448872
1759044104.4673176,558.4600219726562,506.42999267578125,822.5700073242188,552.2999877929688,420.4700012207031,337.1499938964844,654.9600219726562,602.4000244140625,876.0900268554688,-11649.1103515625,2,0.0,0.0,0.007142857142857143,0.9056576754422325,0.1166840621792585,0.40401306994062625,0.05424429797748023
1759044104.566916,558.3699951171875,501.7699890136719,817.5599975585938,556.6099853515625,437.42999267578125,332.30999755859375,654.9600219726562,606.7999877929688,873.9000244140625,-11649.1103515625,2,-0.023979263178854307,-0.07754543163306964,0.8644611771018086,0.9137688905234594,0.10607628231708593,0.3844259356028188,0.07740114390116991
1759044104.738489,558.1900024414062,505.989990234375,812.719970703125,556.52001953125,444.3699951171875,326.7799987792969,654.9600219726562,612.4199829101562,871.0,-11649.1103515625,2,0.0,0.0,0.027210884353741496,0.9179095687940223,0.1272469911967602,0.3742594332562126,0.034352632599006415
1759044104.8008597,558.1900024414062,505.989990234375,812.719970703125,556.52001953125,444.3699951171875,326.7799987792969,654.9600219726562,612.4199829101562,871.0,-11649.1103515625,2,0.0,0.0,0.013986013986013986,0.9133174552939881,0.10753790802019236,0.38431187691232976,0.08118623933941808
1759044105.0761755,558.280029296875,534.1099853515625,815.1900024414062,556.52001953125,471.6199951171875,330.0299987792969,654.9600219726562,608.989990234375,871.0800170898438,-11649.1103515625,2,0.0,0.0,0.013986013986013986,0.91161035381107,0.10864331615287762,0.3871940563747257,0.08511142924335897
1759044105.2361922,558.280029296875,534.1099853515625,815.1900024414062,556.52001953125,471.6199951171875,330.0299987792969,654.9600219726562,608.989990234375,871.0800170898438,-11649.1103515625,2,0.0,0.0,0.03164556962025317,0.9131579840070349,0.13337722221959955,0.3685068537212871,0.11205227172007486
1759044105.3032236,558.280029296875,534.1099853515625,815.1900024414062,556.52001953125,471.6199951171875,330.0299987792969,654.9600219726562,608.989990234375,871.0800170898438,-11649.1103515625,2,0.0,0.0,0.00684931506849315,0.937401694216011,0.11440477828757267,0.3028379122175003,0.12836981463595454
1759044105.3677592,558.280029296875,547.9099731445312,802.7100219726562,554.8499755859375,492.1000061035156,316.5799865722656,654.260009765625,622.3499755859375,862.1199951171875,-11649.1103515625,2,0.0,0.0,0.04195804195804196,0.9110179914579155,0.10943242259452841,0.38784611666100477,0.08744228906002126
1759044105.4008496,558.280029296875,547.9099731445312,802.7100219726562,554.8499755859375,492.1000061035156,316.5799865722656,654.260009765625,622.3499755859375,862.1199951171875,-11649.1103515625,2,0.0,0.0,0.06993006993006994,0.9109255280475965,0.10972575912784577,0.3878069447220292,0.08820835425508507
1759044105.4345644,558.280029296875,554.6799926757812,798.4000244140625,552.5700073242188,498.9599914550781,312.19000244140625,653.2899780273438,626.0399780273438,857.719970703125,-11649.1103515625,2,0.0,0.0,0.05228758169934641,-0.9257700401512703,-0.1452616114597757,0.29048771633508375,0.19356080092015718
1759044105.5678754,558.280029296875,554.6799926757812,798.4000244140625,552.5700073242188,498.9599914550781,312.19000244140625,653.2899780273438,626.0399780273438,857.719970703125,-11649.1103515625,2,0.0,0.0,0.04195804195804196,0.9089002980324715,0.11170853963909529,0.39049078835094986,0.09454308341300692
1759044105.667932,558.280029296875,554.6799926757812,798.4000244140625,552.5700073242188,498.9599914550781,312.19000244140625,653.2899780273438,626.0399780273438,857.719970703125,-11649.1103515625,2,-0.039952726405110925,-0.04053012301604482,0.8744076217163613,-0.9164093969672129,-0.14736029211773438,0.33351197586341863,0.16507126767806635
1759044105.7004344,558.280029296875,554.6799926757812,798.4000244140625,552.5700073242188,498.9599914550781,312.19000244140625,653.2899780273438,626.0399780273438,857.719970703125,-11649.1103515625,2,-0.042729788041284585,-0.039676740838665056,0.9032143447594476,-0.9298352564117031,-0.12866640415424838,0.32267345402868564,0.1213803709048368
1759044105.7338846,558.280029296875,561.4500122070312,788.469970703125,554.6799926757812,519.6099853515625,302.5199890136719,648.4600219726562,622.27001953125,848.760009765625,-11649.1103515625,2,-0.04355585756087088,-0.03773424591854758,0.8998153679700386,0.9183490577684367,0.10754885380399914,0.34704645065503775,0.15692996281466232
1759044106.2807755,558.280029296875,589.8300170898438,763.5900268554688,552.3900146484375,554.1500244140625,276.239990234375,641.6900024414062,640.280029296875,840.5900268554688,-11649.1103515625,2,-0.05411471544687762,-0.0210470375960759,0.8877062378494059,0.9058628405966668,0.08966779738042001,0.38959749701497365,0.13994995698016233
1759044106.67159,558.1900024414062,590.1900024414062,743.1199951171875,556.9600219726562,581.6599731445312,255.75999450683594,639.4000244140625,633.4299926757812,840.5900268554688,-11649.1103515625,2,-0.05237755469921503,-0.015489588282559072,0.9202448599856803,0.9328179474755811,0.08223881854617025,0.31430059566814006,0.15589287717604774
1759044106.8371387,558.1900024414062,590.1900024414062,743.1199951171875,556.9600219726562,581.6599731445312,255.75999450683594,639.4000244140625,633.4299926757812,840.5900268554688,-11649.1103515625,2,-0.05010505852023794,-0.011544649214335803,0.8785870208456915,-0.9361980615189723,-0.10258677377593928,0.2890643364800193,0.17161279914309738
1759044106.9018407,558.1900024414062,604.25,747.0700073242188,557.9299926757812,595.4600219726562,259.8900146484375,639.1400146484375,629.030029296875,842.260009765625,-11649.1103515625,2,-0.05056092512611471,-0.009853145329347498,0.8821052214642499,0.9258313638773837,0.10764926675566137,0.30405759320751896,0.19696928958790272
1759044107.0711308,558.1900024414062,604.25,747.0700073242188,557.9299926757812,595.4600219726562,259.8900146484375,639.1400146484375,629.030029296875,842.260009765625,-11649.1103515625,2,-0.05598835076489529,-0.004889885221394775,0.8988779620806242,-0.9459693629298752,-0.08438271505666578,0.24460607382254468,0.19542105937393642
1759044107.2473106,558.1900024414062,613.0399780273438,743.9099731445312,558.97998046875,605.3900146484375,256.4599914550781,639.1400146484375,620.239990234375,841.8200073242188,-11649.1103515625,2,-0.05579299527414458,-0.005851870725611647,0.8784872996250842,-0.9375875613661817,-0.10209431418527505,0.2866296078337123,0.16837394007252784
1759044107.8099692,558.280029296875,622.27001953125,743.989990234375,559.3400268554688,614.7100219726562,256.7300109863281,638.9600219726562,619.3699951171875,842.0800170898438,-11649.1103515625,2,-0.05832126891677927,-0.0020744286816248925,0.9199206507940304,0.930448145431485,0.08376725571602534,0.3171046388439496,0.16338281291667267
1759044108.077488,558.280029296875,628.77001953125,739.6900024414062,555.8200073242188,619.8900146484375,251.97999572753906,638.9600219726562,623.22998046875,840.3200073242188,-11649.1103515625,2,-0.058323715508708844,-0.003564529392185971,0.9199595661046152,0.930594351825505,0.08353999525582922,0.3171576339246333,0.16256154768718412
1759044108.3365815,558.1099853515625,632.2899780273438,739.25,564.8699951171875,623.8499755859375,251.88999938964844,638.1699829101562,609.7000122070312,843.489990234375,-11649.1103515625,2,-0.0569997640292296,-0.0008836521733822432,0.8918683501171256,-0.9514546092807884,-0.07223656186713862,0.253836212744043,0.15837671138055126
1759044109.0893338,558.1099853515625,670.8699951171875,776.25,598.0999755859375,661.4600219726562,291.17999267578125,638.260009765625,588.9600219726562,870.1199951171875,-11649.1103515625,2,-0.062042803184497286,-0.002794814669948019,0.9088628007458889,0.9422914384524105,0.04149168381841689,0.2701388202290928,0.1933657234321371
1759044109.1444702,558.1099853515625,670.8699951171875,776.25,598.0999755859375,661.4600219726562,291.17999267578125,638.260009765625,588.9600219726562,870.1199951171875,-11649.1103515625,2,-0.05961435299555382,-0.006505947936201109,0.8720032188176675,-0.948790431541614,-0.06391733965850682,0.23948615483824448,0.19585114844404017
1759044109.2394607,558.1099853515625,670.8699951171875,776.25,598.0999755859375,661.4600219726562,291.17999267578125,638.260009765625,588.9600219726562,870.1199951171875,-11649.1103515625,2,-0.061733974494231555,-0.011860680235071417,0.8990916190955108,0.9354465128270122,0.021529699082496856,0.31719212045605544,0.154484473063771
1759044109.2706757,558.1099853515625,684.9299926757812,790.1400146484375,606.7999877929688,675.4400024414062,305.6000061035156,638.260009765625,588.9600219726562,883.2999877929688,-11649.1103515625,2,-0.05886105108211838,-0.014619679719806902,0.8472839283126566,0.9283756977753429,0.035615567026834445,0.2969242649674912,0.22064921490686867
1759044109.3703413,558.1099853515625,684.9299926757812,790.1400146484375,606.7999877929688,675.4400024414062,305.6000061035156,638.260009765625,588.9600219726562,883.2999877929688,-11649.1103515625,2,-0.06289751590421992,-0.025214703441058132,0.8698960019775276,0.9388621810468184,-0.00028766649686601253,0.31330631173024276,0.14274759990272917
1759044109.544337,558.02001953125,693.1900024414062,797.780029296875,610.489990234375,683.0900268554688,313.4200134277344,638.260009765625,590.0999755859375,890.9500122070312,-11649.1103515625,2,-0.0691026459631856,-0.029345666407205546,0.8581862768199392,-0.9584723561082653,-0.009754704901870359,0.2518158600743859,0.13350790584660288
1759044109.6038666,558.02001953125,693.1900024414062,797.780029296875,610.489990234375,683.0900268554688,313.4200134277344,638.260009765625,590.0999755859375,890.9500122070312,-11649.1103515625,2,-0.07421636249141761,-0.028048559372506117,0.8704056234684943,0.9370374158980169,-0.0016885118504332275,0.31969324102453134,0.14054985513378754
1759044109.640952,558.02001953125,693.1900024414062,797.780029296875,610.489990234375,683.0900268554688,313.4200134277344,638.260009765625,590.0999755859375,890.9500122070312,-11649.1103515625,2,-0.08053890083580052,-0.027396471693041033,0.9089111354450531,-0.9658215344854263,-0.010279742346951781,0.20225163724642492,0.1617942077227657
1759044109.7038324,558.02001953125,693.1900024414062,797.780029296875,610.489990234375,683.0900268554688,313.4200134277344,638.260009765625,590.0999755859375,890.9500122070312,-11649.1103515625,2,-0.07984362949537756,-0.022405547260493666,0.8702552887886235,0.9353658268901167,-0.0012802672453547936,0.3232188588884859,0.14359213091522013
1759044109.7396777,558.1900024414062,703.6500244140625,808.3300170898438,602.22998046875,693.6300048828125,323.8800048828125,638.260009765625,590.0999755859375,900.0900268554688,-11649.1103515625,2,-0.0788437769998473,-0.020558619805702106,0.851798578299801,0.9458222563236277,-0.002176332516427626,0.2742511859149694,0.1737866797078904
1759044110.120366,558.1900024414062,712.7899780273438,817.9099731445312,605.47998046875,703.5599975585938,333.3699951171875,638.260009765625,589.47998046875,908.9600219726562,-11649.1103515625,2,-0.07005672671082092,-0.025871725934697914,0.870081587181066,-0.9554168871779548,-0.019807411159112446,0.24105967103940318,0.16934129194244357
1759044110.147897,558.1900024414062,712.7899780273438,817.9099731445312,605.47998046875,703.5599975585938,333.3699951171875,638.260009765625,589.47998046875,908.9600219726562,-11649.1103515625,2,-0.0660196722531627,-0.026993583790350655,0.8497735588252487,-0.9462974391428659,-0.03779502679658375,0.2861816478160462,0.14557732335220422
1759044110.2050357,558.1099853515625,720.1799926757812,825.1199951171875,604.780029296875,710.5999755859375,340.75,638.260009765625,588.9600219726562,917.8400268554688,-11649.1103515625,2,-0.06476334837852009,-0.028625960207495974,0.8665912537283832,0.9380039633660824,0.035983640258784484,0.3143973407128932,0.1414498303141737
1759044110.4141839,558.1099853515625,720.1799926757812,825.1199951171875,604.780029296875,710.5999755859375,340.75,638.260009765625,588.9600219726562,917.8400268554688,-11649.1103515625,2,-0.049325102585197206,-0.03845654607728988,0.8667078720268486,0.94178126723873,0.03577706774045592,0.30533753212412473,0.1361507898561585
1759044110.4439716,558.1099853515625,720.1799926757812,825.1199951171875,604.780029296875,710.5999755859375,340.75,638.260009765625,588.9600219726562,917.8400268554688,-11649.1103515625,2,-0.04858559528745661,-0.039868690911243516,0.8833527955695208,-0.9523870699126952,-0.06646138959093985,0.26425675600043647,0.13678493946658885
1759044111.0160477,558.1099853515625,743.8200073242188,835.9299926757812,604.1599731445312,736.4400024414062,365.8900146484375,638.3499755859375,588.9600219726562,944.2999877929688,-11649.1103515625,2,-0.033022685169542806,-0.018660022390126874,0.8785922008045695,-0.9327755444185443,-0.10224346344450154,0.29717951422714955,0.17652306999731437
1759044111.3402758,558.1900024414062,743.5499877929688,835.6599731445312,602.6699829101562,751.5499877929688,381.45001220703125,638.3499755859375,590.0999755859375,959.239990234375,-11649.1103515625,2,-0.0019354590395983338,-0.042113478584826655,0.8699055753792242,0.9456696891996959,0.08620056959428457,0.2963780738868241,0.10216818511507374
1759044111.5845675,558.1900024414062,744.3499755859375,836.3699951171875,604.1599731445312,764.2100219726562,395.1600036621094,638.3499755859375,588.9600219726562,973.5599975585938,-11649.1103515625,2,0.013523036714014669,-0.033385523765945405,0.8449862319233693,0.9467360530205897,0.11395245704096349,0.26853794905580614,0.13635634698180985
1759044111.7063754,558.1900024414062,744.3499755859375,836.3699951171875,604.1599731445312,764.2100219726562,395.1600036621094,638.3499755859375,588.9600219726562,973.5599975585938,-11649.1103515625,2,0.01755623991525173,-0.03250504702947867,0.8580827075063003,0.9465335554153174,0.12508622825739155,0.2802305331587819,0.09949126724855183
1759044111.7386758,558.719970703125,743.469970703125,835.4000244140625,604.510009765625,774.9299926757812,405.44000244140625,638.3499755859375,590.3599853515625,983.1400146484375,-11649.1103515625,2,0.021397906224031066,-0.03506529063592482,0.907175945432667,-0.9434100820212882,-0.138361323415246,0.24958085633670868,0.16894661131139366
1759044111.8088727,558.719970703125,743.469970703125,835.4000244140625,604.510009765625,774.9299926757812,405.44000244140625,638.3499755859375,590.3599853515625,983.1400146484375,-11649.1103515625,2,0.025125990661775104,-0.0351768855090531,0.8554358334274474,0.9462106697817411,0.12490114940738689,0.28015990545581065,0.10293443856598222
1759044111.9058716,558.9000244140625,740.1300048828125,831.4500122070312,599.5,774.9299926757812,402.19000244140625,638.3499755859375,594.1400146484375,983.1400146484375,-11649.1103515625,2,0.030030828590855232,-0.03882646874422919,0.8671963371914037,0.955390799868258,0.14519139763803734,0.22485949989883466,0.12484423448541623
1759044111.9390478,558.9000244140625,740.1300048828125,831.4500122070312,599.5,774.9299926757812,402.19000244140625,638.3499755859375,594.1400146484375,983.1400146484375,-11649.1103515625,2,0.031318850230625105,-0.03885751683231961,0.8449279584951135,0.9497432429861752,0.11464798660784649,0.25929869539392847,0.13269437868981832
1759044111.972776,558.9000244140625,740.1300048828125,831.4500122070312,599.5,774.9299926757812,402.19000244140625,638.3499755859375,594.1400146484375,983.1400146484375,-11649.1103515625,2,0.032503476640259335,-0.040252309287090005,0.8608701874149506,-0.9451221217653666,-0.14099403796414878,0.26464561672636666,0.12972106134246977
1759044112.073928,558.9000244140625,740.1300048828125,831.4500122070312,599.5,774.9299926757812,402.19000244140625,638.3499755859375,594.1400146484375,983.1400146484375,-11649.1103515625,2,0.0,0.0,0.03389830508474576,0.9594194737733619,0.13336785226168407,0.23508214603675961,0.08039697719630122
1759044112.111128,558.1099853515625,744.4299926757812,836.3699951171875,604.8599853515625,784.8599853515625,415.7200012207031,638.3499755859375,588.9600219726562,992.6400146484375,-11649.1103515625,2,0.0,0.0,0.046242774566473986,0.9497432429861752,0.11464798660784649,0.25929869539392847,0.13269437868981832
1759044112.1391857,558.1099853515625,744.4299926757812,836.3699951171875,604.8599853515625,784.8599853515625,415.7200012207031,638.3499755859375,588.9600219726562,992.6400146484375,-11649.1103515625,2,0.0,0.0,0.028409090909090908,0.9458886562338862,0.14890435037224756,0.2568819471484645,0.13089617900261905
1759044112.1739693,558.1099853515625,744.4299926757812,836.3699951171875,604.8599853515625,784.8599853515625,415.7200012207031,638.3499755859375,588.9600219726562,992.6400146484375,-11649.1103515625,2,0.0,0.0,0.017964071856287425,-0.9398233204403716,-0.1631763941072291,0.26952334423162877,0.13214672783234455
1759044112.21165,558.4600219726562,744.3499755859375,836.0999755859375,604.4199829101562,791.280029296875,422.04998779296875,638.3499755859375,589.0399780273438,999.8400268554688,-11649.1103515625,2,0.035703564827709124,-0.0393461543683743,0.8795391093516466,-0.939580802819666,-0.16308232441146892,0.27033660657639996,0.1323260729488378
1759044112.2441857,558.4600219726562,744.3499755859375,836.0999755859375,604.4199829101562,791.280029296875,422.04998779296875,638.3499755859375,589.0399780273438,999.8400268554688,-11649.1103515625,2,0.0,0.0,0.017142857142857144,0.9437625108984795,0.15922875591478197,0.27257670640170256,0.09828766677273451
1759044112.3417776,558.4600219726562,744.3499755859375,836.0999755859375,604.4199829101562,791.280029296875,422.04998779296875,638.3499755859375,589.0399780273438,999.8400268554688,-11649.1103515625,2,0.038192746215463154,-0.040656891915842805,0.8404070515525417,-0.9272536825842957,-0.16745491225896597,0.3020936513887554,0.14456447103217804
1759044112.8892539,558.8099975585938,739.25,831.010009765625,598.969970703125,801.2999877929688,429.0799865722656,638.3499755859375,594.6699829101562,1009.3400268554688,-11649.1103515625,2,0.0657795371492593,-0.037662395635271524,0.8569002041392121,0.9435429542623732,0.1841989810399936,0.25856237010964167,0.09456706408124409
1759044113.0072932,558.8099975585938,739.25,831.010009765625,598.969970703125,801.2999877929688,429.0799865722656,638.3499755859375,594.6699829101562,1009.3400268554688,-11649.1103515625,2,0.0,0.0,0.011976047904191617,0.9439855648630046,0.18413637025991594,0.2573049093203533,0.0936975672972475
1759044113.1075296,558.280029296875,743.030029296875,835.489990234375,602.4000244140625,802.7899780273438,433.9200134277344,638.3499755859375,590.0999755859375,1009.4199829101562,-11649.1103515625,2,0.0,0.0,0.028735632183908046,-0.9282349474517312,-0.19472919867175503,0.2854390885313384,0.1377858782761747
1759044113.2083447,558.280029296875,743.030029296875,835.489990234375,602.4000244140625,802.7899780273438,433.9200134277344,638.3499755859375,590.0999755859375,1009.4199829101562,-11649.1103515625,2,0.0,0.0,0.016666666666666666,0.9544729595148573,0.18149374985300532,0.20473105801122554,0.118855299439481
1759044113.3076484,558.1099853515625,744.3499755859375,836.4600219726562,608.5499877929688,815.97998046875,447.45001220703125,638.3499755859375,588.9600219726562,1024.8900146484375,-11649.1103515625,2,0.06856129207186736,-0.0404411270665733,0.8569624348222655,0.9440709339240463,0.1839004825537377,0.2573996387540173,0.09303821905853023
1759044113.4122102,558.1099853515625,744.3499755859375,836.4600219726562,608.5499877929688,815.97998046875,447.45001220703125,638.3499755859375,588.9600219726562,1024.8900146484375,-11649.1103515625,2,0.07407476353002994,-0.04268432963235706,0.8330537827195845,0.9395225811473987,0.21604070943821568,0.25074070328314507,0.08805016238847058
1759044113.8862257,558.280029296875,744.260009765625,836.1900024414062,604.3400268554688,835.6599731445312,467.6700134277344,638.3499755859375,589.1300048828125,1043.260009765625,-11649.1103515625,2,0.0,0.0,0.13333333333333333,0.9465923741345149,0.2494041082478389,0.19187417688325067,0.07031904624536586
1759044113.9079568,558.280029296875,744.260009765625,836.1900024414062,604.3400268554688,835.6599731445312,467.6700134277344,638.3499755859375,589.1300048828125,1043.260009765625,-11649.1103515625,2,0.0,0.0,0.07027027027027027,0.9482998134478806,0.2344772151067701,0.21114015807479047,0.034172109367740414
1759044114.8862298,558.97998046875,733.0999755859375,824.4099731445312,592.72998046875,861.9400024414062,489.20001220703125,638.3499755859375,601.1699829101562,1074.9000244140625,-11649.1103515625,2,0.0,0.0,0.014634146341463415,-0.9615398001516589,-0.24449939139354065,-0.12301142759425174,0.02300975909740028
1759044115.2779317,558.1900024414062,744.7000122070312,836.8099975585938,604.5999755859375,880.5800170898438,513.1900024414062,638.3499755859375,588.9600219726562,1088.0,-11649.1103515625,2,0.0,0.0,0.009433962264150943,0.9527645632633173,0.2614488262571874,0.1455120296043557,0.05206195807708829
1759044115.5087652,558.1099853515625,744.7000122070312,836.8099975585938,611.0999755859375,894.2000122070312,526.989990234375,638.3499755859375,588.9600219726562,1102.3199462890625,-11649.1103515625,2,0.11511251824324577,-0.04140481376252218,0.8084836335162362,-0.9591371488467234,-0.2004626169548509,-0.19747713189390984,0.029554209255986005
1759044115.5466974,558.1099853515625,744.7000122070312,836.8099975585938,611.0999755859375,894.2000122070312,526.989990234375,638.3499755859375,588.9600219726562,1102.3199462890625,-11649.1103515625,2,0.0,0.0,0.013761467889908258,-0.9248847152869768,-0.22862282045322985,0.29081704118137275,0.08800748806237921
1759044115.7436752,558.1099853515625,744.7000122070312,836.8099975585938,605.0399780273438,907.8200073242188,540.969970703125,638.3499755859375,588.9600219726562,1107.5999755859375,-11649.1103515625,2,0.0,0.0,0.03686635944700461,-0.954521973505977,-0.2306006278671882,-0.18686126256147587,0.028178379574505395
1759044115.8098834,558.1099853515625,744.7000122070312,836.8099975585938,605.0399780273438,907.8200073242188,540.969970703125,638.3499755859375,588.9600219726562,1107.5999755859375,-11649.1103515625,2,0.0,0.0,0.06787330316742081,-0.952526397817623,-0.25532631452693666,-0.15338374796112966,0.06305045941206086
1759044115.8828871,558.1099853515625,744.7000122070312,836.8099975585938,605.0399780273438,907.8200073242188,540.969970703125,638.3499755859375,588.9600219726562,1107.5999755859375,-11649.1103515625,2,0.0,0.0,0.03636363636363636,-0.9547688658059266,-0.27277784637541685,-0.11608931717069007,0.023063604516577043
1759044115.916218,558.1099853515625,744.7000122070312,836.8099975585938,605.0399780273438,907.8200073242188,540.969970703125,638.3499755859375,588.9600219726562,1107.5999755859375,-11649.1103515625,2,0.0,0.0,0.023255813953488372,-0.9638429095019331,-0.24647841583634605,-0.07380632436120055,0.06933875405531321
1759044115.9760692,558.719970703125,745.6599731445312,837.6900024414062,603.3699951171875,921.530029296875,548.3499755859375,638.3499755859375,593.6099853515625,1107.5999755859375,-11649.1103515625,2,0.0,0.0,0.027906976744186046,-0.9435923233907217,-0.24126705287658423,0.15411535515780556,0.16634961298100684
1759044116.3085716,558.280029296875,743.6400146484375,835.6599731445312,604.9500122070312,935.239990234375,559.510009765625,638.3499755859375,593.6099853515625,1107.5999755859375,-11649.1103515625,2,0.0,0.0,0.02926829268292683,-0.9612854816628852,-0.2452912102347399,-0.12395773191200306,0.01992299236971189
1759044116.4108603,558.1099853515625,744.3499755859375,836.5399780273438,604.9500122070312,936.6500244140625,563.469970703125,638.3499755859375,590.4500122070312,1107.5999755859375,-11649.1103515625,2,0.0,0.0,0.05069124423963134,-0.9532322136566276,-0.23278701120868747,-0.1915625998548879,0.02150173473578698
1759044116.7239697,558.02001953125,744.4299926757812,836.8099975585938,604.9500122070312,953.1699829101562,580.9600219726562,638.3499755859375,588.9600219726562,1107.5999755859375,-11649.1103515625,2,0.0,0.0,0.05660377358490566,0.9524440040206748,0.2644317584923662,0.1391267381636101,0.05974960279076515
1759044117.089263,558.02001953125,744.3499755859375,836.6300048828125,603.8099975585938,973.6500244140625,601.9600219726562,638.3499755859375,588.9600219726562,1107.5999755859375,-11649.1103515625,2,0.1368175723242569,-0.0012451471993111848,0.8741642439424682,0.9712742079612544,0.23782699035472588,0.0050900721940039285,0.006231113312322403
1759044117.24539,558.02001953125,744.3499755859375,836.6300048828125,603.8099975585938,973.6500244140625,601.9600219726562,638.3499755859375,588.9600219726562,1107.5999755859375,-11649.1103515625,2,0.12685087991787586,-0.002634978180040835,0.8592863044895944,0.9644042582764224,0.22633858402231277,0.07827577289624876,0.11210787384734931
1759044120.2513742,558.97998046875,740.0399780273438,831.1799926757812,596.0700073242188,930.5900268554688,531.9099731445312,638.3499755859375,605.2100219726562,1043.699951171875,-11649.1103515625,2,0.044908431652700885,0.02234661616697808,0.8432274694804527,0.971640985280156,0.12826037086389672,0.17609354624144127,0.09194637546840484
1759044120.4797077,558.97998046875,740.0399780273438,831.1799926757812,596.0700073242188,930.5900268554688,531.9099731445312,638.3499755859375,605.2100219726562,1043.699951171875,-11649.1103515625,2,0.0,0.0,0.005076142131979695,0.9569386019657297,0.14537298594040637,0.20157914887731304,0.15000351250735208
1759044120.5485642,558.1900024414062,756.2100219726562,848.6699829101562,602.8400268554688,931.9000244140625,524.530029296875,638.3499755859375,612.6900024414062,1040.97998046875,-11649.1103515625,2,0.0,0.0,0.009852216748768473,0.9617594728757203,0.13437663993652266,0.2128718574688606,0.1079222278816737
1759044120.6462135,558.4600219726562,762.97998046875,855.0,602.8400268554688,931.9000244140625,517.4099731445312,638.3499755859375,619.010009765625,1034.8199462890625,-11649.1103515625,2,0.049771648396791865,0.02537310261179652,0.8637048627478129,-0.9755922751147443,-0.10175321543957652,0.15694168092738106,0.11504479419701019
1759044120.680385,558.4600219726562,762.97998046875,855.0,602.8400268554688,931.9000244140625,517.4099731445312,638.3499755859375,619.010009765625,1034.8199462890625,-11649.1103515625,2,0.04610844662606237,0.024618122210630623,0.8282033958429273,0.9772951931351619,0.12555938452775461,0.10023785691631013,0.1381351456825651
1759044120.7464788,558.4600219726562,762.97998046875,855.0,602.8400268554688,931.9000244140625,517.4099731445312,638.3499755859375,619.010009765625,1034.8199462890625,-11649.1103515625,2,0.043552834866439225,0.027816343812397386,0.8434349317896422,0.9712675171252222,0.12884888690443522,0.17615176357301937,0.09491011911808753
1759044120.95314,558.5399780273438,746.6300048828125,838.2999877929688,595.989990234375,927.0700073242188,507.4800109863281,638.3499755859375,616.3800048828125,1025.1600341796875,-11649.1103515625,2,0.029417528583640808,0.04032593298616699,0.8623309070110244,-0.9635511355523246,-0.09319985390657566,0.2502498904983216,0.016062027057533585
1759044121.0455618,558.97998046875,740.0399780273438,831.530029296875,592.5599975585938,923.6400146484375,504.1400146484375,638.3499755859375,617.4299926757812,1021.72998046875,-11649.1103515625,2,0.021945683989821087,0.03932646901451542,0.8271926859508251,0.9558056389630135,0.11235066301713864,0.2162741063671058,0.16443363391114552
1759044121.079426,558.97998046875,740.0399780273438,831.530029296875,592.5599975585938,923.6400146484375,504.1400146484375,638.3499755859375,617.4299926757812,1021.72998046875,-11649.1103515625,2,0.020088779580952253,0.040680349387658875,0.8629911452872728,0.9661191186856508,0.10536151388194201,0.17475859951056918,0.15802604785183696
1759044121.246281,558.97998046875,740.0399780273438,831.530029296875,592.5599975585938,923.6400146484375,504.1400146484375,638.3499755859375,617.4299926757812,1021.72998046875,-11649.1103515625,2,0.013702717223417388,0.03396613624072209,0.8350462867738159,0.9589845181130487,0.07666208230839278,0.25904091291098313,0.08584535277969006
1759044121.2796679,558.97998046875,740.0399780273438,831.530029296875,592.5599975585938,923.6400146484375,504.1400146484375,638.3499755859375,617.4299926757812,1021.72998046875,-11649.1103515625,2,0.014364913308615813,0.03373642238285855,0.8550095528456386,0.9718645294672877,0.09391529132938274,0.1914326953731146,0.1000638674049179
1759044121.3469968,558.97998046875,737.1400146484375,828.3699951171875,592.9099731445312,923.9099731445312,504.5799865722656,638.3499755859375,615.6699829101562,1021.72998046875,-11649.1103515625,2,0.01714177266603578,0.029675429297594695,0.838440399556775,0.9689010271191861,0.08346743717569431,0.1764259887764872,0.1521113311457978
1759044121.3802059,558.97998046875,737.1400146484375,828.3699951171875,592.9099731445312,923.9099731445312,504.5799865722656,638.3499755859375,615.6699829101562,1021.72998046875,-11649.1103515625,2,0.01992792651878521,0.030306561647587864,0.8559303010612473,0.9720150112928867,0.09374538466486146,0.1907089934550783,0.10014339963610941
1759044121.479526,558.4600219726562,738.8099975585938,831.0900268554688,595.1099853515625,925.0499877929688,507.29998779296875,638.3499755859375,612.77001953125,1022.260009765625,-11649.1103515625,2,0.02547706090522496,0.030308996446493718,0.8559981856475691,0.9726363254860806,0.09401442889798026,0.18768599224790597,0.09956823699273175
1759044121.654491,558.97998046875,733.7100219726562,824.9400024414062,589.6599731445312,920.5700073242188,501.1499938964844,638.3499755859375,617.260009765625,1018.6500244140625,-11649.1103515625,2,0.033692937747698874,0.03266213769478913,0.8194604691224889,0.9625433547304852,0.10196681350756477,0.22240499368185004,0.1168292685617478
1759044121.7138047,558.97998046875,733.7100219726562,824.9400024414062,589.6599731445312,920.5700073242188,501.1499938964844,638.3499755859375,617.260009765625,1018.6500244140625,-11649.1103515625,2,0.031828564608653895,0.03310217333619209,0.805762186079653,0.9628281328991624,0.09155214923055005,0.2416464646101104,0.07865860798803131
1759044121.7473943,558.6300048828125,737.75,829.8599853515625,593.7000122070312,923.5499877929688,506.1600036621094,638.3499755859375,610.8400268554688,1019.969970703125,-11649.1103515625,2,0.032802327436409644,0.036009563648539994,0.859146993487556,-0.9810181707529011,-0.093120911289156,0.16527729230027627,0.04019031205649296
1759044122.1599727,559.3400268554688,714.2000122070312,805.6900024414062,570.4099731445312,901.0499877929688,482.0799865722656,638.3499755859375,618.219970703125,998.6099853515625,-11649.1103515625,2,0.0008357471847370917,0.036437323621177166,0.8298705273466086,0.9706864278070247,0.07362959665826435,0.20077018359674148,0.10971724908012291
1759044122.2210987,559.3400268554688,714.2000122070312,805.6900024414062,570.4099731445312,901.0499877929688,482.0799865722656,638.3499755859375,618.219970703125,998.6099853515625,-11649.1103515625,2,-0.0030706934831881954,0.04115460472685817,0.8648035704231737,-0.9758100503090757,-0.04919798408931217,0.20363843971115914,0.062495519434208065
1759044122.483435,558.8099975585938,701.4600219726562,793.47998046875,562.3200073242188,889.010009765625,469.8599853515625,638.3499755859375,617.6099853515625,986.6599731445312,-11649.1103515625,2,-0.014287444080038349,0.055190807912851685,0.8652620687337472,-0.977612941700572,-0.0481037877660197,0.19720145189290408,0.055412536428560276
1759044122.759376,559.3400268554688,688.8900146484375,780.8200073242188,561.8800048828125,875.8300170898438,456.7699890136719,638.3499755859375,618.219970703125,973.47998046875,-11649.1103515625,2,-0.020446253950670106,0.049394854423109286,0.874342427119053,-0.9900819233435264,-0.023509717624429716,0.13388189311780488,0.03550657602185508
1759044122.7841356,559.3400268554688,688.8900146484375,780.8200073242188,561.8800048828125,875.8300170898438,456.7699890136719,638.3499755859375,618.219970703125,973.47998046875,-11649.1103515625,2,-0.020388389635878006,0.04704504891958819,0.8455575082293799,0.9647004793857498,0.047548045857000065,0.19895621239153904,0.16585714925470724
1759044122.8162737,559.3400268554688,688.8900146484375,780.8200073242188,561.8800048828125,875.8300170898438,456.7699890136719,638.3499755859375,618.219970703125,973.47998046875,-11649.1103515625,2,-0.022506970053751206,0.047950110645555225,0.8742879598274,0.9829498404546626,0.02999661545397625,0.15691407883167807,0.09103727849549231
1759044122.8795612,559.3400268554688,688.8900146484375,780.8200073242188,561.8800048828125,875.8300170898438,456.7699890136719,638.3499755859375,618.219970703125,973.47998046875,-11649.1103515625,2,-0.024268684851572266,0.04695294115452131,0.8497514645954983,0.967830447009037,0.014577947745191501,0.24232933278974447,0.06609238799970481
1759044122.9138777,559.3400268554688,688.8900146484375,780.8200073242188,561.8800048828125,875.8300170898438,456.7699890136719,638.3499755859375,618.219970703125,973.47998046875,-11649.1103515625,2,-0.02632201751749366,0.049108487702003344,0.8691965944939342,-0.9796912871773995,-0.013539758981896351,0.19090912930531537,0.05979432333665748
1759044123.0146637,559.25,672.4500122070312,764.9099731445312,561.8800048828125,859.6599731445312,440.6000061035156,638.3499755859375,618.219970703125,957.47998046875,-11649.1103515625,2,-0.03491944565852869,0.05884199200730983,0.9115897499128522,0.9728397294222333,0.02060774078984859,0.15411378886812796,0.17148504878829657
1759044123.1804523,558.9000244140625,661.989990234375,754.719970703125,561.969970703125,849.5499877929688,430.1400146484375,638.260009765625,617.780029296875,947.4600219726562,-11649.1103515625,2,-0.051639441282301954,0.07332098764769064,0.8945213370214946,0.9472393766664651,-0.0021960210981695756,0.2835827844544366,0.14937719084562912
1759044123.2490633,558.9000244140625,661.989990234375,754.719970703125,561.969970703125,849.5499877929688,430.1400146484375,638.260009765625,617.780029296875,947.4600219726562,-11649.1103515625,2,-0.057321620061192395,0.0754147742127512,0.8448936327859059,0.9463274020772355,0.00943367621629715,0.30160569605358367,0.11579921389555975
1759044123.421484,558.4600219726562,673.3300170898438,765.969970703125,574.0999755859375,858.52001953125,442.17999267578125,638.3499755859375,603.9000244140625,953.3499755859375,-11649.1103515625,2,-0.062246229506016215,0.07235524903353506,0.8693846505941168,-0.9835321790834876,0.023393557730416573,0.17161030616723288,0.05164394428380588
1759044123.5162754,558.4600219726562,673.3300170898438,765.969970703125,574.0999755859375,858.52001953125,442.17999267578125,638.3499755859375,603.9000244140625,953.3499755859375,-11649.1103515625,2,-0.05901130604872781,0.06516448245293088,0.9018923109210518,0.9630758323412764,0.004653837346491274,0.24010934446292342,0.12169957132091895
1759044123.5477808,559.25,666.739990234375,759.2000122070312,567.9500122070312,853.510009765625,434.6199951171875,638.3499755859375,611.8099975585938,950.5399780273438,-11649.1103515625,2,-0.05481239816009594,0.06040056055815098,0.8800064246445585,-0.9789007952501986,0.01596549342209591,0.20350732738215876,0.009116127472164007
1759044123.7246552,559.25,666.739990234375,759.2000122070312,567.9500122070312,853.510009765625,434.6199951171875,638.3499755859375,611.8099975585938,950.5399780273438,-11649.1103515625,2,-0.03733899994996631,0.051462065711912516,0.8171952151800249,-0.96945237590327,0.024038772861823602,0.2415448648100377,0.03521798601145683
1759044123.846909,559.25,652.760009765625,745.489990234375,561.7100219726562,839.8800048828125,420.6400146484375,638.260009765625,618.219970703125,937.7899780273438,-11649.1103515625,2,-0.03678685242984186,0.061186016566653435,0.850979369493248,-0.9885652950281055,0.019346318611925567,0.1104758046886804,0.1007942161066249
1759044123.9141912,559.25,652.760009765625,745.489990234375,561.7100219726562,839.8800048828125,420.6400146484375,638.260009765625,618.219970703125,937.7899780273438,-11649.1103515625,2,-0.04007739209826712,0.07063083084387682,0.8791747330148333,0.9595673069333018,-0.004706725556994418,0.21480568374488887,0.18184319737123122
1759044124.4242804,559.25,611.5399780273438,704.7899780273438,561.7100219726562,799.010009765625,379.25,638.260009765625,618.219970703125,896.9199829101562,-11649.1103515625,2,-0.0785051061424323,0.08341284543444918,0.8788185466702761,0.9519370703507102,-0.006345722097073736,0.2394917621128121,0.1908382607950362
1759044124.8557034,559.25,584.2999877929688,677.4600219726562,561.7100219726562,771.8599853515625,351.4700012207031,638.260009765625,618.219970703125,869.6799926757812,-11649.1103515625,2,-0.06030676592120289,0.09672047939557635,0.910328586185715,0.93995385573401,0.022851634700709892,0.22797112834057223,0.2529697937015399
1759044125.2277935,558.1099853515625,564.52001953125,658.5599975585938,564.1699829101562,752.9600219726562,333.1099853515625,638.260009765625,613.8300170898438,851.219970703125,-11649.1103515625,2,-0.08821253742751815,0.09919659079246154,0.912123947207531,-0.9694087049499267,-0.00626199076993006,0.19506395541663168,0.14885430304872524
1759044125.2824523,558.1099853515625,564.52001953125,658.5599975585938,564.1699829101562,752.9600219726562,333.1099853515625,638.260009765625,613.8300170898438,851.219970703125,-11649.1103515625,2,-0.08543296074976159,0.09422906445164414,0.876105441154128,-0.9618761934951027,-0.021458861173484056,0.1551779081886462,0.22417297445210752
1759044125.3154984,558.1099853515625,564.52001953125,658.5599975585938,564.1699829101562,752.9600219726562,333.1099853515625,638.260009765625,613.8300170898438,851.219970703125,-11649.1103515625,2,-0.08873552673589997,0.09790553788009272,0.9144954080360985,0.9388080893114131,0.019915951637984933,0.23882398382888567,0.24739812259171956
1759044125.4157474,558.1099853515625,564.52001953125,658.5599975585938,564.1699829101562,752.9600219726562,333.1099853515625,638.260009765625,613.8300170898438,851.219970703125,-11649.1103515625,2,-0.0817853702150281,0.09310505300335838,0.8796609231206381,0.9277663362770502,-0.006096211517592043,0.28047653040774667,0.2460597028499887
1759044125.4490838,558.3699951171875,584.469970703125,678.1599731445312,582.7100219726562,770.7999877929688,352.8800048828125,638.260009765625,594.0499877929688,864.1400146484375,-11649.1103515625,2,-0.07927721645787011,0.09545192574609192,0.9122711014957844,0.9268708356705858,0.013432406976240987,0.27980972678996324,0.24987305020722167
1759044125.6576633,558.97998046875,582.1900024414062,675.0,581.4000244140625,769.1300048828125,349.45001220703125,638.260009765625,597.3900146484375,863.9600219726562,-11649.1103515625,2,-0.06948232752930365,0.0905103947353796,0.9146074568855161,0.9429686286171708,0.021135054891744443,0.2269868290340309,0.2425705141678411
1759044125.7507777,558.1900024414062,577.530029296875,671.47998046875,577.3499755859375,765.3499755859375,346.0299987792969,638.260009765625,601.0,861.5900268554688,-11649.1103515625,2,-0.07011588405987554,0.09022589303411102,0.9074068156730163,-0.9720581301587218,0.006218116593638857,0.2078514959593354,0.10891318673982398
1759044125.9394605,558.1900024414062,577.530029296875,671.47998046875,577.3499755859375,765.3499755859375,346.0299987792969,638.260009765625,601.0,861.5900268554688,-11649.1103515625,2,-0.07951720989743373,0.09627091235419621,0.9457343500927283,0.948419860902913,0.0087807616905321,0.18885270179799835,0.25447460127216914
1759044125.9568303,558.1900024414062,591.239990234375,684.9299926757812,589.219970703125,777.3900146484375,359.55999755859375,638.260009765625,589.219970703125,869.239990234375,-11649.1103515625,2,-0.0760870526377035,0.09025858748429522,0.8796916639199704,0.9292919972296113,-0.005857629613585658,0.27695777743763267,0.24428766153270412
1759044126.0160854,558.1900024414062,591.239990234375,684.9299926757812,589.219970703125,777.3900146484375,359.55999755859375,638.260009765625,589.219970703125,869.239990234375,-11649.1103515625,2,-0.08529612850834041,0.0982411122018799,0.946189375566609,0.9479999564278891,-0.0061842699304917575,0.24674047990616013,0.20094022243897516
1759044126.1506102,558.97998046875,599.1500244140625,692.0499877929688,597.219970703125,785.2999877929688,366.8599853515625,638.3499755859375,592.2899780273438,876.010009765625,-11649.1103515625,2,-0.08332299484663576,0.0901991482254941,0.907135329010037,-0.9732144035768384,0.005117255857620851,0.20219845862013014,0.10928550541910834
1759044126.4228678,558.280029296875,597.1300048828125,691.0800170898438,595.6300048828125,783.6300048828125,365.7099914550781,638.260009765625,593.530029296875,875.8300170898438,-11649.1103515625,2,-0.06895523847197732,0.0802789335140906,0.8796262329342573,0.9321450670292202,-0.006362168590062944,0.2727522850536095,0.23805732045445882
1759044126.4832726,558.280029296875,597.1300048828125,691.0800170898438,595.6300048828125,783.6300048828125,365.7099914550781,638.260009765625,593.530029296875,875.8300170898438,-11649.1103515625,2,-0.0656976417492507,0.08433723364354632,0.9073025404894349,-0.9713269266240416,0.005814277965526665,0.2100109527728794,0.11129059035812863
1759044126.5492408,558.280029296875,597.1300048828125,691.0800170898438,595.6300048828125,783.6300048828125,365.7099914550781,638.260009765625,593.530029296875,875.8300170898438,-11649.1103515625,2,-0.06288970733805907,0.08345884478162592,0.8794203730174502,0.9320961993203641,0.010037305468495019,0.22665703566430281,0.2823517591504173
1759044126.6864693,558.4600219726562,595.4600219726562,688.969970703125,594.6699829101562,782.75,363.25,638.260009765625,595.9000244140625,875.8300170898438,-11649.1103515625,2,-0.0691359283944928,0.08932264894918898,0.9100645501347779,0.9397314983205854,0.021182120475731314,0.23378265149884844,0.2485994784678101
1759044127.3581777,558.5399780273438,619.4500122070312,712.7899780273438,600.72998046875,803.5,388.3900146484375,638.3499755859375,590.3599853515625,892.969970703125,-11649.1103515625,2,-0.06144515022404917,0.0728521447261557,0.9448431474764777,0.9544767210756088,0.032465150604081956,0.23072093075124886,0.18624729537441975
1759044127.4505763,558.5399780273438,619.4500122070312,712.7899780273438,600.72998046875,803.5,388.3900146484375,638.3499755859375,590.3599853515625,892.969970703125,-11649.1103515625,2,-0.05414053322066791,0.06736689862812681,0.9121264459324365,0.9353492639161561,0.012608635985274676,0.2659479032592222,0.2328829953906453
1759044127.5834787,558.3699951171875,629.739990234375,723.3400268554688,601.1699829101562,813.1599731445312,392.6099853515625,638.3499755859375,590.4500122070312,899.030029296875,-11649.1103515625,2,-0.0507646032931053,0.06505623389778593,0.9098576448060625,-0.9712386442839357,-0.017623372731768533,0.1715300598052897,0.16420216553460457
1759044127.824111,558.9000244140625,620.8599853515625,713.5,592.1199951171875,807.4500122070312,381.79998779296875,638.3499755859375,601.260009765625,898.6799926757812,-11649.1103515625,2,-0.060047694162202125,0.06736232696486047,0.9120627404555623,0.9343564271001993,0.011987238051460458,0.2693930463217615,0.2329415374164274
1759044128.0598037,558.1099853515625,633.4299926757812,726.9400024414062,601.4400024414062,816.9400024414062,396.1199951171875,638.3499755859375,589.3099975585938,902.3699951171875,-11649.1103515625,2,-0.06768535942235623,0.07161315493216666,0.9043827708709523,-0.9702087091061868,-0.03417412671247089,0.21031269359612942,0.11530724500345581
1759044128.2862391,558.1099853515625,647.489990234375,740.5700073242188,601.8699951171875,829.9500122070312,409.8299865722656,638.3499755859375,588.9600219726562,915.9099731445312,-11649.1103515625,2,-0.05875671469395896,0.05978692779017225,0.91373685867792,-0.9561463907780292,-0.019458730519826994,0.20727347248421737,0.20601734104933872
1759044128.4612336,558.4600219726562,661.2000122070312,753.75,602.22998046875,842.9600219726562,423.1099853515625,638.3499755859375,588.9600219726562,929.0900268554688,-11649.1103515625,2,-0.0465265154745424,0.04186716801816658,0.945054328606985,0.9378418052556149,0.03063306430958441,0.26551522312322795,0.22139564127533504
1759044128.5863664,558.4600219726562,661.2000122070312,753.75,602.22998046875,842.9600219726562,423.1099853515625,638.3499755859375,588.9600219726562,929.0900268554688,-11649.1103515625,2,-0.03540749570726192,0.03152207638966135,0.9445101730340968,0.9621387612966416,0.030256511006166442,0.2173967901168755,0.16159264586972114
1759044128.6194756,558.4600219726562,661.2000122070312,753.75,602.22998046875,842.9600219726562,423.1099853515625,638.3499755859375,588.9600219726562,929.0900268554688,-11649.1103515625,2,-0.0308991578371572,0.028337283164694246,0.8793726833510601,-0.9688619831052687,-0.03724057441167339,0.17281402259814077,0.1733635224153683
1759044128.6851115,558.1099853515625,661.3800048828125,754.3699951171875,601.260009765625,844.1900024414062,423.4599914550781,638.3499755859375,590.97998046875,929.530029296875,-11649.1103515625,2,-0.028049769551677768,0.029761676717646214,0.8793768656217982,-0.96873590852982,-0.03678196932437805,0.17427141199640236,0.17270582276896462
1759044128.7191923,558.1099853515625,661.3800048828125,754.3699951171875,601.260009765625,844.1900024414062,423.4599914550781,638.3499755859375,590.97998046875,929.530029296875,-11649.1103515625,2,-0.028110880126966765,0.032050545837898146,0.9040419691042901,-0.9634715072655153,-0.0362383578076591,0.22916079824093702,0.13377131478944473
1759044128.7524872,558.1099853515625,661.3800048828125,754.3699951171875,601.260009765625,844.1900024414062,423.4599914550781,638.3499755859375,590.97998046875,929.530029296875,-11649.1103515625,2,-0.02554145278869066,0.032342006416320214,0.8462087852207818,0.9467432020455931,0.046438626516576154,0.24198242825041338,0.20728064976197072
1759044128.8519652,558.1099853515625,661.3800048828125,754.3699951171875,601.260009765625,844.1900024414062,423.4599914550781,638.3499755859375,590.97998046875,929.530029296875,-11649.1103515625,2,-0.025970665023292365,0.03862991839227684,0.8720699614230963,0.9431354748549108,0.06717673851851252,0.24541009507339206,0.21390803423033516
1759044129.359382,559.25,678.4299926757812,770.4500122070312,598.010009765625,863.3499755859375,432.8599853515625,638.3499755859375,595.719970703125,942.4500122070312,-11649.1103515625,2,-0.03397051983282996,0.03644398744562457,0.9040566627876825,-0.9644551204892771,-0.0361290551067871,0.22629125964400112,0.13157992912232577
1759044129.4194515,559.25,678.4299926757812,770.4500122070312,598.010009765625,863.3499755859375,432.8599853515625,638.3499755859375,595.719970703125,942.4500122070312,-11649.1103515625,2,-0.02709943931292032,0.03583707157186487,0.871347817013393,-0.9486261294076956,-0.05366897428792072,0.2574045966836197,0.1759857420645195
1759044129.5995352,558.1900024414062,674.739990234375,767.5499877929688,594.760009765625,859.47998046875,429.260009765625,638.3499755859375,599.1500244140625,942.280029296875,-11649.1103515625,2,-0.016693756938572994,0.042649116509880354,0.9049111229749167,0.9523835015015751,0.06009662142331412,0.20307489849561833,0.21935051347579843
1759044129.6531923,558.1900024414062,674.739990234375,767.5499877929688,594.760009765625,859.47998046875,429.260009765625,638.3499755859375,599.1500244140625,942.280029296875,-11649.1103515625,2,-0.015464747020041832,0.04293942377051418,0.8722629525120558,-0.9577598428360157,-0.06087208456588395,0.22538744762413462,0.16790226688407914
1759044129.8263113,558.1900024414062,696.0900268554688,787.5900268554688,603.4600219726562,876.7100219726562,425.57000732421875,638.3499755859375,603.02001953125,942.0999755859375,-11649.1103515625,2,-0.025278281595721326,0.04724738660458499,0.9377924284500578,0.9603661314453199,0.07174256860973238,0.20902529865493732,0.1698773732556595
1759044129.8531659,558.1900024414062,696.0900268554688,787.5900268554688,603.4600219726562,876.7100219726562,425.57000732421875,638.3499755859375,603.02001953125,942.0999755859375,-11649.1103515625,2,-0.025693017561218237,0.044313795630740005,0.8715252298764972,-0.9492709373897088,-0.05218432925851041,0.2581997740888032,0.17173922052808419
1759044130.0607057,558.1900024414062,696.0900268554688,787.5900268554688,603.4600219726562,876.7100219726562,425.57000732421875,638.3499755859375,603.02001953125,942.0999755859375,-11649.1103515625,2,-0.039562628931567895,0.049779358624447975,0.8757366155918872,0.9296129151049957,0.03892662642156913,0.25515596386073325,0.263058890615254
1759044130.294382,558.280029296875,704.8800048828125,783.1099853515625,597.5700073242188,876.3599853515625,402.8900146484375,638.3499755859375,615.6699829101562,921.27001953125,-11649.1103515625,2,-0.043252032659403285,0.08497795746642639,0.9471492724007404,-0.9714057297450817,-0.0355766417487021,0.17546293184753767,0.15594220188190364
1759044130.3194237,558.280029296875,704.8800048828125,783.1099853515625,597.5700073242188,876.3599853515625,402.8900146484375,638.3499755859375,615.6699829101562,921.27001953125,-11649.1103515625,2,-0.03908814647625645,0.08030789779253446,0.8713489858212853,-0.9556325961379118,-0.053193466066733364,0.17683462290637247,0.2294914214259066
1759044130.352269,558.9000244140625,710.3300170898438,788.469970703125,602.3099975585938,878.2000122070312,408.25,638.3499755859375,609.52001953125,922.5,-11649.1103515625,2,-0.04172257569066313,0.08805699758937578,0.9472661067924466,-0.9715254263347409,-0.03510584067500533,0.17606524225672857,0.1546187453211303
1759044130.3862388,558.9000244140625,710.3300170898438,788.469970703125,602.3099975585938,878.2000122070312,408.25,638.3499755859375,609.52001953125,922.5,-11649.1103515625,2,-0.03967704574929863,0.0845896033877803,0.9107302122030547,0.9335801216998081,0.03270223909876202,0.21422134917456964,0.2854258808915653
1759044130.4192815,558.9000244140625,710.3300170898438,788.469970703125,602.3099975585938,878.2000122070312,408.25,638.3499755859375,609.52001953125,922.5,-11649.1103515625,2,-0.041581887990231284,0.08670266178532163,0.9456919962519446,0.9559078743035107,0.03534728174538987,0.21807524686065566,0.19347840247536666
1759044131.2268283,559.25,657.510009765625,736.260009765625,561.7999877929688,829.9500122070312,354.1099853515625,638.260009765625,618.219970703125,874.9500122070312,-11649.1103515625,2,-0.07901378939901813,0.11679424501433394,0.9082866108803549,-0.9742266295103174,0.008907278257762163,0.20281362722411603,0.09833497525907571
1759044131.3586326,558.1900024414062,649.25,728.530029296875,563.72998046875,822.1300048828125,346.8999938964844,638.260009765625,615.0599975585938,867.739990234375,-11649.1103515625,2,-0.08466505842159511,0.1102392232812824,0.879958476075715,0.9244299706883194,-0.004287728638831036,0.2817308822511805,0.25697967752778467
1759044131.387895,558.1900024414062,649.25,728.530029296875,563.72998046875,822.1300048828125,346.8999938964844,638.260009765625,615.0599975585938,867.739990234375,-11649.1103515625,2,-0.08774860331836756,0.1135007338756261,0.9119093553186474,0.9215450577243834,-0.009046484294144288,0.2447835894332802,0.30125381665605183
1759044132.2341552,559.25,610.489990234375,689.5,561.7100219726562,783.5399780273438,307.17999267578125,638.260009765625,618.0499877929688,840.5,-11649.1103515625,2,-0.07858450935648159,0.13413160180266676,0.9475833262668428,-0.9770014876779064,-0.034185296415631235,0.16006505038550442,0.13666981462349054
1759044132.5985665,558.3699951171875,610.9299926757812,690.5599975585938,572.8699951171875,782.9299926757812,308.5799865722656,638.260009765625,604.510009765625,849.8099975585938,-11649.1103515625,2,-0.07992569848416581,0.10550510423114166,0.9461042436198331,0.9362917512518063,0.002418407645869647,0.24036330791188423,0.25608082328034787
1759044132.7206929,558.3699951171875,610.9299926757812,690.5599975585938,572.8699951171875,782.9299926757812,308.5799865722656,638.260009765625,604.510009765625,849.8099975585938,-11649.1103515625,2,-0.07351994959066144,0.10903261781828463,0.9878820446536835,-0.9749912314250491,-0.017271030334695403,0.16374158103078373,0.14927325546454628
1759044132.7559204,559.1599731445312,604.780029296875,683.530029296875,567.4199829101562,777.3900146484375,301.20001220703125,638.260009765625,611.8900146484375,845.9500122070312,-11649.1103515625,2,-0.06600492714980645,0.10140819034385372,0.9126877743709403,0.9283897595765371,0.015534236405611468,0.2715276309865922,0.2532269484543915
1759044132.9598868,558.1900024414062,599.6799926757812,679.6599731445312,565.1400146484375,773.260009765625,297.510009765625,638.260009765625,613.0399780273438,844.5399780273438,-11649.1103515625,2,-0.06307789645847452,0.11180914497233957,0.9131232154263259,0.9273488189847537,0.017080428804596648,0.26917498612523116,0.259378591491116
1759044133.0871391,558.1900024414062,599.6799926757812,679.6599731445312,565.1400146484375,773.260009765625,297.510009765625,638.260009765625,613.0399780273438,844.5399780273438,-11649.1103515625,2,-0.0746910543372115,0.11853108871372327,0.9430016629938365,0.9339384355450894,0.028798063002911878,0.28143982507901066,0.21845204287982092
1759044133.154709,558.1900024414062,613.5599975585938,693.280029296875,577.7899780273438,785.3900146484375,311.57000732421875,638.260009765625,599.3300170898438,853.239990234375,-11649.1103515625,2,-0.07784098660962196,0.11324264466328976,0.9127544166623074,0.9243950290135692,0.015709909695682367,0.2780564409083036,0.26063699802937285
1759044133.2551694,558.1900024414062,613.5599975585938,693.280029296875,577.7899780273438,785.3900146484375,311.57000732421875,638.260009765625,599.3300170898438,853.239990234375,-11649.1103515625,2,-0.08688471773175421,0.11209053419783715,0.9467477998114635,0.920932216269928,0.010661717547417515,0.24421007517922685,0.3035319093539491
1759044133.2880125,558.1900024414062,613.5599975585938,693.280029296875,577.7899780273438,785.3900146484375,311.57000732421875,638.260009765625,599.3300170898438,853.239990234375,-11649.1103515625,2,-0.08165748581638674,0.10184362163187638,0.878261916205095,0.9137432561513318,0.002520813371399644,0.2806057987118637,0.29381506609972413
1759044133.32122,558.1900024414062,613.5599975585938,693.280029296875,577.7899780273438,785.3900146484375,311.57000732421875,638.260009765625,599.3300170898438,853.239990234375,-11649.1103515625,2,-0.08841735215481444,0.107488867172474,0.9467353861910611,0.9215507557838641,0.010026112518383201,0.2452352058931393,0.3008377891364501
1759044133.357405,558.97998046875,619.6300048828125,698.2899780273438,583.9500122070312,791.4600219726562,316.04998779296875,638.260009765625,594.4000244140625,858.0800170898438,-11649.1103515625,2,-0.0846668619970048,0.10197201461762333,0.9137667936811613,-0.9623931264771208,0.02175610694597524,0.19404639152211492,0.18887069613202098
1759044133.5893543,559.25,606.0900268554688,685.02001953125,571.2899780273438,778.7100219726562,302.6099853515625,638.260009765625,608.2000122070312,849.5499877929688,-11649.1103515625,2,-0.06747779293625504,0.09992135031179232,0.9126089789054964,0.9283469325792958,0.015201451838337711,0.27248969736588147,0.25236927994918396
1759044134.0323377,559.1599731445312,591.1500244140625,670.0800170898438,561.6199951171875,764.1199951171875,287.3999938964844,638.1699829101562,617.8699951171875,840.5900268554688,-11649.1103515625,2,-0.07951067011939059,0.11014352624550372,0.914041587310338,-0.9626906113058559,-0.015624066574874529,0.19779049307848132,0.18401520669497104
1759044134.155658,558.9000244140625,579.5499877929688,658.6500244140625,561.7100219726562,752.7000122070312,275.79998779296875,638.1699829101562,617.6099853515625,840.8499755859375,-11649.1103515625,2,-0.08372215457549712,0.10433041510874998,0.9123847378106559,0.9246798369191775,0.014039645324343545,0.2821053213744669,0.25531681340346307
1759044134.7019222,559.1599731445312,577.969970703125,656.6300048828125,562.0599975585938,750.760009765625,273.7799987792969,638.1699829101562,616.989990234375,841.1099853515625,-11649.1103515625,2,-0.0649414552607807,0.09788002258134305,0.8771615654232043,-0.9598133052278595,-0.010891350615787443,0.23809998974418478,0.14814922366706795
1759044134.7221127,559.1599731445312,577.969970703125,656.6300048828125,562.0599975585938,750.760009765625,273.7799987792969,638.1699829101562,616.989990234375,841.1099853515625,-11649.1103515625,2,-0.07058618245344687,0.10529550625287687,0.944216657838344,0.9377189186360027,0.043193426152801806,0.23000117255284852,0.2567430976552694
1759044134.7596536,559.1599731445312,563.989990234375,642.5700073242188,561.530029296875,737.1400146484375,259.9800109863281,638.260009765625,617.9600219726562,840.5900268554688,-11649.1103515625,2,-0.06996835296489877,0.10085709377284689,0.9103812941254718,-0.9680584791531418,-0.02728867286126363,0.1623364148331164,0.1891163601920984
1759044134.9233935,559.1599731445312,563.989990234375,642.5700073242188,561.530029296875,737.1400146484375,259.9800109863281,638.260009765625,617.9600219726562,840.5900268554688,-11649.1103515625,2,-0.08311440983733298,0.0987405852273357,0.9467180210917991,-0.9750543744423377,-0.03820958136585695,0.15886136308336365,0.15024001494942504
1759044134.9947183,559.1599731445312,550.2000122070312,628.8599853515625,561.530029296875,723.4299926757812,246.08999633789062,638.1699829101562,617.9600219726562,840.5,-11649.1103515625,2,-0.08678629471885749,0.09395645059672438,0.9416243404312292,0.9345277122091191,0.024924669048340675,0.290324597728256,0.2043241149251526
1759044135.2328403,559.1599731445312,534.2899780273438,612.9500122070312,561.530029296875,707.6099853515625,230.4499969482422,638.1699829101562,617.9600219726562,840.5,-11649.1103515625,2,-0.0866409669803815,0.0806521370202822,0.9119959992749583,0.9277536788362061,0.010865597624685754,0.2847749383429277,0.24095286818364733
1759044135.325261,559.1599731445312,534.2899780273438,612.9500122070312,561.530029296875,707.6099853515625,230.4499969482422,638.1699829101562,617.9600219726562,840.5,-11649.1103515625,2,-0.08745577001394571,0.0820213539259,0.9446933733595593,0.9494202690746077,0.031391600327186193,0.24598789547721364,0.19262833482613356
1759044135.3604124,559.1599731445312,521.97998046875,600.469970703125,561.530029296875,695.47998046875,219.1999969482422,638.1699829101562,617.9600219726562,840.5,-11649.1103515625,2,-0.08617032967812335,0.08186187457251154,0.9465885194860565,-0.9741279718291125,-0.04025514331315361,0.15758923935286814,0.15690713679473542
1759044136.1347556,558.1900024414062,528.8400268554688,608.030029296875,583.1500244140625,701.719970703125,235.3699951171875,638.260009765625,600.8200073242188,857.5499877929688,-11649.1103515625,2,-0.08915165106715164,0.06665307367002096,0.9066233285167007,-0.9724580066926446,0.0015299335554300186,0.20028271346087204,0.11920536569901011
1759044136.1912394,558.1900024414062,528.8400268554688,608.030029296875,583.1500244140625,701.719970703125,235.3699951171875,638.260009765625,600.8200073242188,857.5499877929688,-11649.1103515625,2,-0.08435494559934281,0.06290600695803523,0.8796690731499819,-0.9679935872468107,-0.013692387187803357,0.15019552165740627,0.20060468303658796
1759044136.2597365,558.1099853515625,539.469970703125,619.010009765625,593.0,712.0900268554688,224.91000366210938,638.260009765625,611.3699951171875,865.02001953125,-11649.1103515625,2,-0.08474461122810306,0.06371600400738636,0.9066217928504663,-0.9719035677107936,0.001504612202793909,0.20222649336821466,0.12043934819296287
1759044136.35779,558.1099853515625,539.469970703125,619.010009765625,593.0,712.0900268554688,224.91000366210938,638.260009765625,611.3699951171875,865.02001953125,-11649.1103515625,2,-0.08001347771318504,0.0592649545078066,0.8797126689760383,0.9339047792566826,0.005332324800833177,0.23757386116051177,0.2671181201023836
1759044136.3914404,558.1099853515625,539.469970703125,619.010009765625,593.0,712.0900268554688,224.91000366210938,638.260009765625,611.3699951171875,865.02001953125,-11649.1103515625,2,-0.08214160218042156,0.06020561750638818,0.9145399567873281,-0.9754349723504732,-0.02140525711286795,0.15077272741318562,0.15917290709148044
1759044136.491465,558.1099853515625,550.02001953125,629.6500244140625,598.969970703125,722.2000122070312,232.3800048828125,638.260009765625,603.719970703125,873.4600219726562,-11649.1103515625,2,-0.07722683567009252,0.055780759359460134,0.879650249536563,-0.9667894991360979,-0.013536942607100533,0.15325369466136815,0.20407871181890866
1759044136.5580328,558.1099853515625,550.02001953125,629.6500244140625,598.969970703125,722.2000122070312,232.3800048828125,638.260009765625,603.719970703125,873.4600219726562,-11649.1103515625,2,-0.07886643942102804,0.056372050702976184,0.9065954437413853,-0.9709484638926378,0.0010137167386077008,0.20489331189857893,0.1235992863334282
1759044136.6235623,558.1099853515625,557.0499877929688,637.030029296875,598.969970703125,728.9600219726562,239.58999633789062,638.260009765625,596.5999755859375,880.9299926757812,-11649.1103515625,2,-0.07480064812894889,0.05235501289584078,0.8761225063132219,-0.9572188443657129,-0.01903075874751498,0.23426786979221842,0.16878530562723526
1759044136.7238152,558.1099853515625,557.0499877929688,637.030029296875,598.969970703125,728.9600219726562,239.58999633789062,638.260009765625,596.5999755859375,880.9299926757812,-11649.1103515625,2,-0.07650597684121836,0.05099814269055292,0.9100472699431299,0.9443517284611458,0.016475804081139463,0.23920584577392193,0.2251864209491968
1759044136.8237395,558.1099853515625,557.0499877929688,637.030029296875,598.969970703125,728.9600219726562,239.58999633789062,638.260009765625,596.5999755859375,880.9299926757812,-11649.1103515625,2,-0.07978987742407717,0.0437628098078928,0.9445491246469723,0.9548310744119435,0.028159333702555082,0.2426583791539437,0.16917914259489178
1759044137.036541,558.280029296875,581.6599731445312,661.4600219726562,606.010009765625,751.9000244140625,263.5799865722656,638.3499755859375,589.0399780273438,902.719970703125,-11649.1103515625,2,-0.07241526547858941,0.025395152125951555,0.8784121366523788,0.9389657578572727,0.02348752228303047,0.27440998658730487,0.2061329695358729
1759044137.3029406,558.3699951171875,581.47998046875,661.4600219726562,604.25,752.52001953125,263.32000732421875,638.3499755859375,591.3300170898438,902.9000244140625,-11649.1103515625,2,-0.06477557743074959,0.02708159538319063,0.9109906590088962,0.9597908283771623,0.007375325087887574,0.23281568594502144,0.15666533350067519
1759044137.3588102,559.25,573.9299926757812,652.760009765625,593.0900268554688,746.280029296875,254.7100067138672,638.3499755859375,600.2899780273438,902.719970703125,-11649.1103515625,2,-0.06101452444892685,0.02965557203207924,0.8781937030745968,0.9403007210268721,0.025249358635542233,0.26758131909236205,0.20879957279082212
1759044137.6357079,559.25,559.9500122070312,638.7899780273438,579.6400146484375,732.5700073242188,240.63999938964844,638.3499755859375,614.0900268554688,892.8800048828125,-11649.1103515625,2,-0.06607521081176862,0.035408060180654094,0.8781307957359636,-0.9640773887167253,-0.030419776838241486,0.2001993320666003,0.17190012560303358
1759044137.6926107,559.25,559.9500122070312,638.7899780273438,579.6400146484375,732.5700073242188,240.63999938964844,638.3499755859375,614.0900268554688,892.8800048828125,-11649.1103515625,2,-0.06982001418763306,0.03530506236945653,0.8683329730652509,0.9309885117807432,0.008615825183799497,0.31823246189763627,0.1786456231852571
1759044137.758123,559.25,559.9500122070312,638.7899780273438,579.6400146484375,732.5700073242188,240.63999938964844,638.3499755859375,614.0900268554688,892.8800048828125,-11649.1103515625,2,-0.07510368177074228,0.0388835592014783,0.9109429398831068,0.9570509273933988,0.007836007345809417,0.23912404794452702,0.16374311911935546
1759044137.793159,559.25,543.9600219726562,622.8800048828125,564.0800170898438,717.010009765625,224.91000366210938,638.3499755859375,618.219970703125,878.030029296875,-11649.1103515625,2,-0.0731933281779504,0.03822440307437676,0.8707720465910173,0.9425128133945087,0.017338211247458105,0.28405941445662725,0.17515488025306294
1759044137.9265535,559.25,543.9600219726562,622.8800048828125,564.0800170898438,717.010009765625,224.91000366210938,638.3499755859375,618.219970703125,878.030029296875,-11649.1103515625,2,-0.08067427180230738,0.04688258831179537,0.9147060384731293,-0.9743853859696477,-0.022634134105022078,0.1511368928124706,0.16498016612032013
1759044138.2016678,559.25,518.469970703125,597.1300048828125,561.6199951171875,691.7899780273438,218.13999938964844,638.260009765625,618.219970703125,853.8599853515625,-11649.1103515625,2,-0.08909417347151449,0.06653089785268032,0.9098647634250855,-0.9741683400402258,-0.021546433524680858,0.15482387943429346,0.16297657139157454
1759044138.2298214,559.25,518.469970703125,597.1300048828125,561.6199951171875,691.7899780273438,218.13999938964844,638.260009765625,618.219970703125,853.8599853515625,-11649.1103515625,2,-0.08615823484569865,0.06512742692043902,0.8761338120163278,-0.9595327227485674,-0.01830455156379779,0.22903190784606495,0.1628075015322106
1759044138.3271956,559.25,518.469970703125,597.1300048828125,561.6199951171875,691.7899780273438,218.13999938964844,638.260009765625,618.219970703125,853.8599853515625,-11649.1103515625,2,-0.09362878870901566,0.0721087299163497,0.9444549265598595,-0.9809574136437181,-0.029106706725785195,0.15721635104606768,0.11026500444277942
1759044138.358378,559.25,504.5799865722656,583.239990234375,561.6199951171875,678.0800170898438,218.13999938964844,638.1699829101562,618.219970703125,841.3800048828125,-11649.1103515625,2,-0.09103045617724585,0.07057316419531862,0.9145203281778298,-0.9767226572932383,-0.021235280047383787,0.14719649891324532,0.15458041376263612
1759044138.3955758,559.25,504.5799865722656,583.239990234375,561.6199951171875,678.0800170898438,218.13999938964844,638.1699829101562,618.219970703125,841.3800048828125,-11649.1103515625,2,-0.08963564652968956,0.0701255343807199,0.9040842645273353,-0.97209616175883,-0.03616216142481835,0.20070831638312003,0.11592032655875961
1759044138.675314,558.1099853515625,507.29998779296875,586.5800170898438,571.030029296875,681.1500244140625,230.4499969482422,638.1699829101562,605.8300170898438,849.2899780273438,-11649.1103515625,1,-0.09701903289519417,0.06757791830379761,0.8716970276757267,-0.6968534261791958,-0.5032054058938186,0.46976097812689627,0.2012566653077987
1759044138.7993898,558.1099853515625,507.29998779296875,586.5800170898438,571.030029296875,681.1500244140625,230.4499969482422,638.1699829101562,605.8300170898438,849.2899780273438,-11649.1103515625,2,-0.0809268073244187,0.060941663216732396,0.8781024901865172,0.9324391480723984,0.027135676326385697,0.2790156895760362,0.22797178593575745
1759044138.8305452,558.1099853515625,507.29998779296875,586.5800170898438,571.030029296875,681.1500244140625,230.4499969482422,638.1699829101562,605.8300170898438,849.2899780273438,-11649.1103515625,2,-0.08429350808082055,0.06236035088114627,0.9145364817758289,0.9449354235189263,0.016906614599183967,0.2368898983564751,0.22515414235265838
1759044138.8614557,558.1099853515625,521.4600219726562,600.5599975585938,584.1199951171875,694.6900024414062,244.50999450683594,638.260009765625,591.77001953125,858.52001953125,-11649.1103515625,2,-0.08474253889674443,0.06077764112124072,0.906599921860208,-0.9717392663397709,0.0011138434613634784,0.20226491200714034,0.12169824557869025
1759044138.893146,558.1099853515625,521.4600219726562,600.5599975585938,584.1199951171875,694.6900024414062,244.50999450683594,638.260009765625,591.77001953125,858.52001953125,-11649.1103515625,2,-0.08235024525370546,0.05809786533957352,0.8781111824747659,0.9325978595980405,0.02662522291571851,0.2799763076383799,0.22619813646230866
1759044138.9290338,558.1099853515625,521.4600219726562,600.5599975585938,584.1199951171875,694.6900024414062,244.50999450683594,638.260009765625,591.77001953125,858.52001953125,-11649.1103515625,2,-0.08621020747093219,0.05930839801241767,0.9065869421248733,-0.9717898774089374,0.000796794804526907,0.20164179625003423,0.12232900428198364
1759044139.0971396,558.280029296875,534.9000244140625,614.3599853515625,596.6900024414062,707.52001953125,257.70001220703125,638.260009765625,589.0399780273438,868.6199951171875,-11649.1103515625,2,-0.08914692926189136,0.0578393563880584,0.9065761992794452,-0.9719725120543976,0.00035830856457419463,0.20038002234926422,0.12295183637890457
1759044139.1978269,558.280029296875,534.9000244140625,614.3599853515625,596.6900024414062,707.52001953125,257.70001220703125,638.260009765625,589.0399780273438,868.6199951171875,-11649.1103515625,2,-0.08529900197508958,0.054996438593707044,0.8683602799451243,0.925428108388181,0.010287182619783898,0.3272378459081953,0.19076787539883258
1759044139.463161,558.02001953125,535.1699829101562,614.6199951171875,597.8300170898438,708.3099975585938,258.04998779296875,638.260009765625,591.0599975585938,868.7999877929688,-11649.1103515625,2,-0.08387871267284176,0.058368360942549116,0.9100506912664346,0.942166461052845,0.016477478715488828,0.24361577839922074,0.22956960791289527
1759044139.4969935,558.4600219726562,542.6400146484375,621.9099731445312,599.8499755859375,714.6400146484375,264.989990234375,638.260009765625,590.3599853515625,874.25,-11649.1103515625,2,-0.07967327794637755,0.054997674119322826,0.8683820948669724,0.9266312832891413,0.010787343523884663,0.32380204400263674,0.1907625077139934
1759044139.5608096,558.4600219726562,542.6400146484375,621.9099731445312,599.8499755859375,714.6400146484375,264.989990234375,638.260009765625,590.3599853515625,874.25,-11649.1103515625,2,-0.08002021494994245,0.05499515568779969,0.8797878140447236,0.9346603706525027,0.004880356342943315,0.23755781067050513,0.26448527415175427
1759044139.5608096,558.4600219726562,542.6400146484375,621.9099731445312,599.8499755859375,714.6400146484375,264.989990234375,638.260009765625,590.3599853515625,874.25,-11649.1103515625,1,-0.09509101715755357,0.056409069745437884,0.8575126754206166,-0.6729564891809936,-0.5142585371764709,0.47958504022959814,0.22949054402803234
1759044139.593055,558.4600219726562,542.6400146484375,621.9099731445312,599.8499755859375,714.6400146484375,264.989990234375,638.260009765625,590.3599853515625,874.25,-11649.1103515625,2,-0.08180288343015082,0.05490277313743843,0.9065803902305656,-0.9711369603446915,0.0005741977060284564,0.203611516952765,0.12423777490627116
1759044139.7993484,558.4600219726562,542.5499877929688,622.0,599.6799926757812,715.0800170898438,265.25,638.260009765625,590.7100219726562,874.25,-11649.1103515625,2,-0.08180228477763732,0.051965655022702194,0.9065741193874808,-0.9709679902153273,0.00018205360888259858,0.20363339780516201,0.12551720253421988
1759044140.0354197,559.1599731445312,537.1900024414062,615.8499755859375,595.8099975585938,710.0700073242188,258.75,638.260009765625,597.9199829101562,874.1599731445312,-11649.1103515625,2,-0.08474058060610343,0.05637113148501137,0.9065794579872372,-0.9714910002971898,0.00052691398574789,0.20230968732201426,0.12359510151654937
1759044140.0657363,559.1599731445312,537.1900024414062,615.8499755859375,595.8099975585938,710.0700073242188,258.75,638.260009765625,597.9199829101562,874.1599731445312,-11649.1103515625,2,-0.08189841332035487,0.05519326314806403,0.8761231630493851,-0.9582601053115417,-0.019377839010912057,0.230979475455986,0.16736353199445134
1759044140.159653,559.25,523.2999877929688,601.7899780273438,582.4500122070312,696.530029296875,244.69000244140625,638.260009765625,611.719970703125,865.4600219726562,-11649.1103515625,2,-0.08511165086586682,0.05724747408210408,0.9146102442451494,-0.9754309340465649,-0.022011603976700045,0.14945610679950969,0.16035228197862528
1759044140.3939092,558.6300048828125,511.7900085449219,590.7999877929688,571.9000244140625,685.719970703125,229.47999572753906,638.260009765625,619.7999877929688,855.969970703125,-11649.1103515625,2,-0.08743967728437198,0.06364909848806162,0.9445236472523361,0.9515110148368171,0.029584551255551206,0.24674136068002114,0.1813015275748937
1759044140.4300117,558.6300048828125,511.7900085449219,590.7999877929688,571.9000244140625,685.719970703125,229.47999572753906,638.260009765625,619.7999877929688,855.969970703125,-11649.1103515625,2,-0.0851050529185487,0.06316810083327697,0.9145384140122312,-0.9758389008692341,-0.02139964927230445,0.1495624169446008,0.1578340204108003
1759044140.4300117,558.6300048828125,511.7900085449219,590.7999877929688,571.9000244140625,685.719970703125,229.47999572753906,638.260009765625,619.7999877929688,855.969970703125,-11649.1103515625,1,-0.09672742774894544,0.061897291069609506,0.8565901044707409,-0.688495572341598,-0.5137525006197748,0.46274369610578253,0.21886179814509182
1759044140.4606721,558.6300048828125,511.7900085449219,590.7999877929688,571.9000244140625,685.719970703125,229.47999572753906,638.260009765625,619.7999877929688,855.969970703125,-11649.1103515625,2,-0.0818995817474295,0.06228926275271677,0.8761343162736577,-0.9588387583062108,-0.018272930903579954,0.23098112972843848,0.1641403462752872
1759044140.594615,559.1599731445312,503.0,581.6599731445312,562.9400024414062,676.4099731445312,218.85000610351562,638.1699829101562,618.219970703125,847.0900268554688,-11649.1103515625,2,-0.08405712173540353,0.06780292402864076,0.9080472511719786,0.9292357283750701,0.04805883524584826,0.2812462087266659,0.23475919479956944
1759044141.167985,559.1599731445312,488.4100036621094,540.0,561.530029296875,635.3599853515625,218.13999938964844,638.1699829101562,618.219970703125,840.5,-11649.1103515625,2,-0.0870006814979831,0.05603816674952607,0.9080619667409177,0.9303894340220709,0.046301713071841506,0.2835007249737255,0.22772569324974198
1759044141.2310538,559.1599731445312,488.4100036621094,540.0,561.530029296875,635.3599853515625,218.13999938964844,638.1699829101562,618.219970703125,840.5,-11649.1103515625,2,-0.08377770625824463,0.05098980263978752,0.8781628764003028,0.9333781064472493,0.02557266293226873,0.28102271469259577,0.22176019287127255
1759044141.3302946,559.1599731445312,488.4100036621094,540.0,561.530029296875,635.3599853515625,218.13999938964844,638.1699829101562,618.219970703125,840.5,-11649.1103515625,2,-0.08669130987205416,0.04961650135986459,0.903933396697611,-0.9706600583107692,-0.03867399958109105,0.20190293208766855,0.12473403292982342
1759044141.4645176,558.1099853515625,492.9800109863281,528.75,564.52001953125,624.3699951171875,219.63999938964844,638.1699829101562,616.8200073242188,844.6300048828125,-11649.1103515625,2,-0.0852079513421864,0.04530466217499545,0.8782410651281412,0.9339437601579126,0.02469811864318283,0.2819987197590872,0.21821039812947185
1759044141.5964766,558.1099853515625,492.9800109863281,528.75,564.52001953125,624.3699951171875,219.63999938964844,638.1699829101562,616.8200073242188,844.6300048828125,-11649.1103515625,2,-0.08962071983011788,0.048152568969659464,0.9039357408009011,-0.9708402048475664,-0.03910833355584414,0.20059899000649078,0.12529916243293834
1759044141.6295278,558.1099853515625,492.9800109863281,528.75,564.52001953125,624.3699951171875,219.63999938964844,638.1699829101562,616.8200073242188,844.6300048828125,-11649.1103515625,2,-0.08805501419010855,0.04672780562566995,0.8782527627951688,0.933221744435188,0.024580501666046695,0.283727472750885,0.21907007065682427
1759044141.6949735,558.1099853515625,507.2200012207031,542.6400146484375,577.4400024414062,637.6500244140625,230.6199951171875,638.1699829101562,605.6500244140625,853.239990234375,-11649.1103515625,2,-0.09255010874851534,0.048374377574457075,0.9148984906442821,-0.975318746110398,-0.023677705008223224,0.1460702884529064,0.16387855443122915
1759044141.8282907,558.1099853515625,507.2200012207031,542.6400146484375,577.4400024414062,637.6500244140625,230.6199951171875,638.1699829101562,605.6500244140625,853.239990234375,-11649.1103515625,2,-0.08811082692080745,0.045150693961058294,0.8683428960273464,0.9260183756424014,0.008526212114907838,0.32915184621799176,0.18459776220438784
1759044141.8647518,558.1099853515625,507.2200012207031,542.6400146484375,577.4400024414062,637.6500244140625,230.6199951171875,638.1699829101562,605.6500244140625,853.239990234375,-11649.1103515625,2,-0.08948185885015741,0.04530739129888367,0.8782913569496491,0.933168807246129,0.024250124384151306,0.2846240359739821,0.218167520030071
1759044141.8946843,558.1099853515625,521.280029296875,557.0499877929688,590.4500122070312,651.27001953125,244.77999877929688,638.260009765625,591.5900268554688,863.0,-11649.1103515625,2,-0.08948421532888282,0.04388605200297362,0.8783148108080573,0.9333750483582661,0.024068871035289152,0.28464213742476147,0.21727991658585047
1759044141.9966514,558.1099853515625,521.280029296875,557.0499877929688,590.4500122070312,651.27001953125,244.77999877929688,638.260009765625,591.5900268554688,863.0,-11649.1103515625,2,-0.08811284798900974,0.04093251967325243,0.8683638995467519,0.9265252544328396,0.007875574475181002,0.3292084467623857,0.18196353152526207
1759044142.066483,558.1099853515625,521.280029296875,557.0499877929688,590.4500122070312,651.27001953125,244.77999877929688,638.260009765625,591.5900268554688,863.0,-11649.1103515625,2,-0.08863640088726134,0.039349378649801224,0.8804234051032406,0.9361319396542602,0.0021389985991094322,0.24259241070758214,0.25456107029793346
1759044142.196685,558.1099853515625,535.1699829101562,571.2000122070312,599.6799926757812,664.719970703125,258.75,638.260009765625,588.9600219726562,875.1300048828125,-11649.1103515625,2,-0.0898848473185533,0.03446620705251959,0.911167738472347,0.9552669041392532,0.0062804953338039815,0.24822714582800684,0.16065173920207187
1759044142.5996428,559.0700073242188,542.9000244140625,578.0599975585938,597.5700073242188,671.9199829101562,251.10000610351562,638.260009765625,605.1300048828125,883.9199829101562,-11649.1103515625,2,-0.08110023312707797,0.01984148655924757,0.8686056222106988,0.9304584573908046,0.005211921634215078,0.32503195163760235,0.16903882795811961
1759044142.6300843,559.0700073242188,542.9000244140625,578.0599975585938,597.5700073242188,671.9199829101562,251.10000610351562,638.260009765625,605.1300048828125,883.9199829101562,-11649.1103515625,2,-0.07867354147286185,0.020784150859788374,0.8499538854462342,0.9402900368582175,0.003281474855840183,0.27582379980679783,0.1994119102964566
1759044142.7296464,558.6300048828125,532.3499755859375,567.6900024414062,588.25,662.7000122070312,241.0800018310547,638.260009765625,614.969970703125,881.6300048828125,-11649.1103515625,2,-0.08130702906814916,0.025644615973287814,0.8745746971849154,0.9451503469037343,0.015293467703837493,0.2843804298926198,0.15995218875473735
1759044142.7664022,559.1599731445312,528.489990234375,563.2899780273438,584.030029296875,658.3900146484375,236.69000244140625,638.260009765625,617.7000122070312,877.4099731445312,-11649.1103515625,2,-0.08192915987312281,0.0268227348459036,0.8764586060184679,-0.9558618096288874,-0.023804567929731017,0.2306091497711362,0.18050197638945983
1759044142.9367993,559.1599731445312,528.489990234375,563.2899780273438,584.030029296875,658.3900146484375,236.69000244140625,638.260009765625,617.7000122070312,877.4099731445312,-11649.1103515625,2,-0.08693110100991201,0.03298992939488797,0.911155250199564,0.9558868709254835,0.006343860470400253,0.2463777840896278,0.15980623559080875
1759044142.999515,558.1099853515625,523.47998046875,559.4199829101562,579.2899780273438,654.260009765625,233.1699981689453,638.260009765625,613.1199951171875,872.6699829101562,-11649.1103515625,2,-0.08812513863579391,0.03504648964654718,0.9151305428816882,-0.9740529492393901,-0.024609603138193804,0.14751953873620086,0.16986231248421577
1759044143.0656946,558.1099853515625,523.47998046875,559.4199829101562,579.2899780273438,654.260009765625,233.1699981689453,638.260009765625,613.1199951171875,872.6699829101562,-11649.1103515625,2,-0.08522442098945417,0.035354568411399646,0.8784131291104015,0.935364505768778,0.023424215974673868,0.28210550955312447,0.21204015877581645
1759044143.2002323,558.1099853515625,523.47998046875,559.4199829101562,579.2899780273438,654.260009765625,233.1699981689453,638.260009765625,613.1199951171875,872.6699829101562,-11649.1103515625,2,-0.09063107609960958,0.03581991704430368,0.9067318858988231,-0.9708575749973628,-0.0027043823918223298,0.19970387276049412,0.13246365007268715
1759044143.29875,558.1099853515625,544.3900146484375,580.52001953125,597.739990234375,673.5900268554688,254.36000061035156,638.260009765625,592.1199951171875,884.0,-11649.1103515625,2,-0.08697594057965702,0.028478021315811935,0.8745839224186875,0.9437942725818527,0.01521495616993751,0.2879009185650803,0.16165994321359087
1759044143.363567,558.1099853515625,544.3900146484375,580.52001953125,597.739990234375,673.5900268554688,254.36000061035156,638.260009765625,592.1199951171875,884.0,-11649.1103515625,2,-0.08990902168315423,0.024142431550931844,0.9114138456187965,0.9563863585995203,0.005205323079979729,0.24805714315990557,0.15416125136923753
1759044143.4678009,558.1099853515625,558.4600219726562,594.6699829101562,600.2899780273438,687.1300048828125,268.4200134277344,638.3499755859375,588.9600219726562,896.1300048828125,-11649.1103515625,2,-0.08919821234109253,0.018203890642192466,0.9071038337515424,-0.9696748593198014,-0.004942086144248321,0.2000511074017938,0.14030608473969486
1759044143.5318122,558.1099853515625,558.4600219726562,594.6699829101562,600.2899780273438,687.1300048828125,268.4200134277344,638.3499755859375,588.9600219726562,896.1300048828125,-11649.1103515625,2,-0.0832714632696438,0.009151479866742748,0.8832974740562849,-0.9723011657364405,-0.007872857041330922,0.14655541239640354,0.18190649336097303
1759044143.667956,558.1099853515625,572.6099853515625,608.9099731445312,600.2899780273438,700.489990234375,282.4800109863281,638.3499755859375,588.9600219726562,909.489990234375,-11649.1103515625,2,-0.0775579720803931,0.0005675989790248897,0.8834259812914356,-0.9711014091915681,-0.008183969169852257,0.1488289885759607,0.1864001284179665
1759044143.798245,558.1099853515625,572.6099853515625,608.9099731445312,600.2899780273438,700.489990234375,282.4800109863281,638.3499755859375,588.9600219726562,909.489990234375,-11649.1103515625,2,-0.07002767847087096,-0.005522775318451298,0.8752865409119756,0.9503766989483587,0.012071711254451667,0.27709514565173315,0.14091374716348504
1759044143.934669,558.1900024414062,586.760009765625,623.0599975585938,602.6699829101562,714.3699951171875,296.8900146484375,638.3499755859375,588.9600219726562,922.9400024414062,-11649.1103515625,2,-0.06630779983802558,-0.008542114804596457,0.8625757514399246,-0.9703242861394741,-0.014267364493455614,0.21625291100414631,0.10724691380437874
1759044144.131037,558.6300048828125,600.5599975585938,636.8599853515625,602.3099975585938,728.0,304.2799987792969,638.3499755859375,593.6099853515625,933.219970703125,-11649.1103515625,2,-0.06198518638292226,-0.01538792802847432,0.8718867125391768,0.9502214789750497,0.011010872140050141,0.27681498715933106,0.14258809372862744
1759044144.1647625,558.6300048828125,600.5599975585938,636.8599853515625,602.3099975585938,728.0,304.2799987792969,638.3499755859375,593.6099853515625,933.219970703125,-11649.1103515625,2,-0.058700324071826855,-0.015239611284946655,0.825834141319561,0.9405093846226924,0.010787076399793706,0.3205563358260657,0.1121132105559208
1759044144.298558,558.1900024414062,604.510009765625,641.25,602.4000244140625,732.219970703125,307.0899963378906,638.3499755859375,590.97998046875,933.219970703125,-11649.1103515625,2,-0.05933071371194201,-0.015530351509319402,0.8627342247554854,-0.9691647905762207,-0.014865837880033095,0.2194728097648433,0.11104189004785421
1759044144.3303385,558.1900024414062,604.510009765625,641.25,602.4000244140625,732.219970703125,307.0899963378906,638.3499755859375,590.97998046875,933.219970703125,-11649.1103515625,2,-0.06011244046880494,-0.015449583299979384,0.8754591648350527,0.9529760191721748,0.011534457020909218,0.27091642835126367,0.1353068809535653
1759044144.4295616,558.4600219726562,618.0499877929688,654.7899780273438,606.27001953125,744.8699951171875,306.8299865722656,638.3499755859375,591.5900268554688,933.219970703125,-11649.1103515625,2,-0.05687588264527894,-0.011740975734210308,0.8383303459818505,0.939848262848324,0.019669895644095773,0.30709510746639085,0.14829340172962538
1759044144.463822,558.4600219726562,618.0499877929688,654.7899780273438,606.27001953125,744.8699951171875,306.8299865722656,638.3499755859375,591.5900268554688,933.219970703125,-11649.1103515625,2,-0.05913963575329315,-0.009736129532900475,0.8715872521009217,0.9501197848067364,0.012017846492395512,0.2753143748106636,0.14604780349974295
1759044144.6341372,558.8099975585938,615.9400024414062,652.0599975585938,605.0399780273438,745.0499877929688,303.92999267578125,638.3499755859375,594.4000244140625,933.219970703125,-11649.1103515625,2,-0.06065874654266884,0.0015699497965595177,0.8781528484482454,0.9635348246428338,0.022924562260412288,0.22724611709230363,0.13940698839062277
1759044144.6671233,558.8099975585938,615.9400024414062,652.0599975585938,605.0399780273438,745.0499877929688,303.92999267578125,638.3499755859375,594.4000244140625,933.219970703125,-11649.1103515625,2,-0.0624483943309584,0.0023619003453005803,0.8923260612502901,-0.9686795114299762,-0.03159130560849691,0.22363536018996608,0.10319505423438344
1759044144.729903,558.8099975585938,615.9400024414062,652.0599975585938,605.0399780273438,745.0499877929688,303.92999267578125,638.3499755859375,594.4000244140625,933.219970703125,-11649.1103515625,2,-0.06193848107514637,0.0029675579953943793,0.8712272934448076,0.9483511110515142,0.013515166828715675,0.2772374829659879,0.15358023463855802
1759044145.1694942,558.1099853515625,624.2899780273438,661.5499877929688,599.5900268554688,752.4299926757812,313.4200134277344,638.3499755859375,592.030029296875,940.3400268554688,-11649.1103515625,2,-0.047525969905135045,-0.014270679617015817,0.8470834948518147,0.9491398293196647,0.03782288379225479,0.25582489491443666,0.17960132795359
1759044145.2060812,558.1099853515625,624.2899780273438,661.5499877929688,599.5900268554688,752.4299926757812,313.4200134277344,638.3499755859375,592.030029296875,940.3400268554688,-11649.1103515625,2,-0.04805045077657948,-0.012981911799562802,0.8803791651504641,-0.9665533967977161,-0.04350279447270095,0.16240861174340643,0.19366331827024508
1759044145.2352414,558.1099853515625,624.2899780273438,661.5499877929688,599.5900268554688,752.4299926757812,313.4200134277344,638.3499755859375,592.030029296875,940.3400268554688,-11649.1103515625,2,-0.04405828248960235,-0.010326842324077419,0.8380406568204646,-0.9546060239322659,-0.03255634210093139,0.24932713136180865,0.1596978560536388
1759044145.2639117,558.1099853515625,635.1900024414062,672.3599853515625,602.0499877929688,762.1900024414062,324.3999938964844,638.3499755859375,588.9600219726562,949.0399780273438,-11649.1103515625,2,-0.04181366531116161,-0.009154663677207157,0.8545775162050647,-0.9551869530604833,-0.04092209628701865,0.265959314489114,0.12332440867479026
1759044145.3351634,558.1099853515625,635.1900024414062,672.3599853515625,602.0499877929688,762.1900024414062,324.3999938964844,638.3499755859375,588.9600219726562,949.0399780273438,-11649.1103515625,2,-0.0387704547979697,-0.008148801664341987,0.896478300482671,-0.9598726267281402,-0.08028464079772352,0.22158985320247107,0.15197649116790554
1759044145.4031384,558.1099853515625,635.1900024414062,672.3599853515625,602.0499877929688,762.1900024414062,324.3999938964844,638.3499755859375,588.9600219726562,949.0399780273438,-11649.1103515625,2,-0.03280677507876985,-0.008183096498857545,0.8570979037697959,0.9398290871958964,0.07843170949884937,0.29507146493510933,0.1533055262756851
1759044145.4314792,558.1099853515625,635.1900024414062,672.3599853515625,602.0499877929688,762.1900024414062,324.3999938964844,638.3499755859375,588.9600219726562,949.0399780273438,-11649.1103515625,2,-0.03413784052883783,-0.009256348018151029,0.8990129816496727,-0.9617989959119437,-0.09946936155617753,0.16893355009230226,0.1910758834274881
1759044145.4996727,558.3699951171875,648.8099975585938,685.719970703125,602.0499877929688,775.4600219726562,337.5899963378906,638.3499755859375,589.0399780273438,962.489990234375,-11649.1103515625,2,-0.031058147336586503,-0.013478873313924677,0.8863249356252941,0.9552544817408831,0.061762806303964635,0.2718978995756562,0.09872063146962785
1759044145.564608,558.3699951171875,648.8099975585938,685.719970703125,602.0499877929688,775.4600219726562,337.5899963378906,638.3499755859375,589.0399780273438,962.489990234375,-11649.1103515625,2,-0.028464606080144995,-0.019053297221383502,0.894983775174873,0.9537084321127651,0.0711446318457245,0.2568373191706623,0.13933147296205234
1759044145.602236,558.3699951171875,648.8099975585938,685.719970703125,602.0499877929688,775.4600219726562,337.5899963378906,638.3499755859375,589.0399780273438,962.489990234375,-11649.1103515625,2,-0.025692824173852706,-0.02076062301508096,0.8480088132254904,-0.9502877911447734,-0.07778016484557249,0.2723932789237948,0.12924883579718227
1759044145.6352866,558.3699951171875,648.8099975585938,685.719970703125,602.0499877929688,775.4600219726562,337.5899963378906,638.3499755859375,589.0399780273438,962.489990234375,-11649.1103515625,2,-0.025723946848568657,-0.02347753048793563,0.8729505914216078,-0.961440899540711,-0.07878493357397787,0.17223757152858388,0.1993954610467061
1759044145.6682975,558.1900024414062,648.9000244140625,686.25,601.260009765625,776.780029296875,338.1199951171875,638.3499755859375,591.0599975585938,963.4600219726562,-11649.1103515625,2,-0.02422127333105011,-0.025997611279437748,0.8725614552378244,0.9691042840235877,0.059046895836248114,0.20495813588331696,0.12386489944479244
1759044145.6973827,558.1900024414062,648.9000244140625,686.25,601.260009765625,776.780029296875,338.1199951171875,638.3499755859375,591.0599975585938,963.4600219726562,-11649.1103515625,2,-0.023887531521855184,-0.027845479620316322,0.8866832885440116,0.9572607482868606,0.0601404887666076,0.2680095796062532,0.0905861282949702
1759044145.797782,558.1900024414062,648.9000244140625,686.25,601.260009765625,776.780029296875,338.1199951171875,638.3499755859375,591.0599975585938,963.4600219726562,-11649.1103515625,2,-0.018826277788970013,-0.027633024109523507,0.8481638613138879,-0.9487070036183706,-0.0784580964491689,0.2756501272354211,0.1334779223022374
1759044145.8315253,558.1900024414062,659.530029296875,696.8800048828125,607.1500244140625,786.3599853515625,344.5299987792969,638.3499755859375,590.3599853515625,969.7000122070312,-11649.1103515625,2,-0.01789003148576786,-0.027254386244999904,0.8367740129711094,-0.9589554638043463,-0.07597734725453557,0.221992584384935,0.15922045604146567
1759044145.869019,558.1900024414062,659.530029296875,696.8800048828125,607.1500244140625,786.3599853515625,344.5299987792969,638.3499755859375,590.3599853515625,969.7000122070312,-11649.1103515625,2,-0.017451731327668484,-0.027632511087463948,0.8481478423254722,-0.9484810850944245,-0.07836117086608936,0.27640415380990696,0.1335810685510039
1759044145.9648902,558.1900024414062,670.52001953125,707.52001953125,614.6199951171875,796.72998046875,352.7099914550781,638.3499755859375,588.9600219726562,975.6699829101562,-11649.1103515625,2,-0.01856210747140697,-0.02316593196253445,0.8723604585406044,0.9695157782908345,0.05979498889995877,0.20178248540319985,0.125489216796022
1759044145.9981816,558.1900024414062,670.52001953125,707.52001953125,614.6199951171875,796.72998046875,352.7099914550781,638.3499755859375,588.9600219726562,975.6699829101562,-11649.1103515625,2,-0.01746671231235885,-0.02037370745531026,0.8325274019253884,-0.9482656466868463,-0.06721315432300119,0.2622955252033659,0.16575799425011173
1759044146.0645459,558.1900024414062,670.52001953125,707.52001953125,614.6199951171875,796.72998046875,352.7099914550781,638.3499755859375,588.9600219726562,975.6699829101562,-11649.1103515625,2,0.0,0.0,0.01818181818181818,0.943731632147547,0.07816250281594095,0.28597687208975386,0.1465553078787515
1759044146.098875,558.1900024414062,670.52001953125,707.52001953125,614.6199951171875,796.72998046875,352.7099914550781,638.3499755859375,588.9600219726562,975.6699829101562,-11649.1103515625,2,-0.015881268546780826,-0.01895676184004559,0.8755267538852851,-0.957613757764787,-0.10568093095830705,0.24269400411395423,0.11360920798300428
1759044146.1348226,558.1900024414062,670.52001953125,707.52001953125,614.6199951171875,796.72998046875,352.7099914550781,638.3499755859375,588.9600219726562,975.6699829101562,-11649.1103515625,2,-0.015167345855487015,-0.018670873723882188,0.8606255742124937,0.9564150122249924,0.08725565478964953,0.24426360796802032,0.13413450309425443
1759044146.2373548,558.1900024414062,682.8200073242188,719.9099731445312,626.75,809.1199951171875,365.19000244140625,638.3499755859375,588.9600219726562,988.510009765625,-11649.1103515625,2,-0.014755928382191074,-0.022068831796262137,0.8572329663538827,0.9442156211880185,0.07784133938697946,0.2852725773303297,0.1449729050901461
1759044146.2693505,558.1900024414062,682.8200073242188,719.9099731445312,626.75,809.1199951171875,365.19000244140625,638.3499755859375,588.9600219726562,988.510009765625,-11649.1103515625,2,-0.013963522509183474,-0.026300898625511233,0.8949662183984622,0.9563456657163452,0.07136407102490344,0.24906030514873626,0.13520022718742575
1759044146.584316,558.1099853515625,698.2899780273438,735.1199951171875,627.4500122070312,824.1500244140625,370.1099853515625,638.3499755859375,594.6699829101562,996.9400024414062,-11649.1103515625,2,0.00456724125511765,-0.04441335391103958,0.8338243242796435,0.950622887529195,0.05451756076428012,0.29986822155781656,0.05850650368737624
1759044147.7455828,558.280029296875,694.4199829101562,730.989990234375,577.8800048828125,824.0599975585938,319.6600036621094,638.3499755859375,613.6500244140625,959.239990234375,-11649.1103515625,2,-0.03240591477588627,0.012052358451398359,0.864873732061725,0.9398276680730394,0.045288001026071556,0.29561213756609495,0.1651860024670969
1759044147.7662024,558.280029296875,694.4199829101562,730.989990234375,577.8800048828125,824.0599975585938,319.6600036621094,638.3499755859375,613.6500244140625,959.239990234375,-11649.1103515625,2,-0.03072593600800073,0.011602622870250401,0.854266698677983,-0.954841574584861,-0.036627180466436926,0.27238987001737913,0.11287061534029956
1759044147.7995005,558.280029296875,694.4199829101562,730.989990234375,577.8800048828125,824.0599975585938,319.6600036621094,638.3499755859375,613.6500244140625,959.239990234375,-11649.1103515625,2,-0.030212590239821084,0.011463434483683534,0.8696001987879186,-0.9640386104665885,-0.05614159578366407,0.22026331147028846,0.1377016789028218
1759044148.0768003,558.4600219726562,709.010009765625,745.5800170898438,591.5900268554688,836.0999755859375,334.8599853515625,638.3499755859375,598.5399780273438,965.2100219726562,-11649.1103515625,2,-0.03233021383872722,0.005549762495225654,0.879554593895305,-0.9668524345058813,-0.03985132336080139,0.17146697208228215,0.1849522084252504
1759044148.1321723,558.4600219726562,709.010009765625,745.5800170898438,591.5900268554688,836.0999755859375,334.8599853515625,638.3499755859375,598.5399780273438,965.2100219726562,-11649.1103515625,2,-0.03444226100771622,0.004421611233002805,0.8696748212070481,-0.9640185323342771,-0.057451791121843565,0.21780777397930198,0.1411642114954767
1759044148.19985,559.3400268554688,703.2999877929688,738.8099975585938,585.7899780273438,832.1500244140625,327.3900146484375,638.3499755859375,605.739990234375,964.8599853515625,-11649.1103515625,2,-0.037018480840333184,0.0036526881669656872,0.8661717336182398,0.9511283762962491,0.05232827109479832,0.2622064426913227,0.15448088962539072
1759044148.333137,559.3400268554688,703.2999877929688,738.8099975585938,585.7899780273438,832.1500244140625,327.3900146484375,638.3499755859375,605.739990234375,964.8599853515625,-11649.1103515625,2,-0.03917193846506407,0.005992354691008935,0.842551979566996,-0.9660125055376052,-0.03805152325528571,0.21335750834865672,0.1408917824224094
1759044148.3690257,558.3699951171875,692.9299926757812,729.489990234375,576.469970703125,822.5700073242188,318.0799865722656,638.3499755859375,615.1500244140625,958.0999755859375,-11649.1103515625,2,-0.04041601492360383,0.00745218536883194,0.8542955896175758,-0.9560209949817594,-0.038007133840719916,0.2672176974229085,0.1147781212396305
1759044148.4323335,558.3699951171875,692.9299926757812,729.489990234375,576.469970703125,822.5700073242188,318.0799865722656,638.3499755859375,615.1500244140625,958.0999755859375,-11649.1103515625,2,-0.04122683288431589,0.009263868353881159,0.8661325113756361,0.9499027077785487,0.05273312945390063,0.2645436679411495,0.15786294867771256
1759044148.8075695,558.5399780273438,696.8800048828125,733.7999877929688,580.52001953125,825.469970703125,322.82000732421875,638.3499755859375,610.6599731445312,959.4099731445312,-11649.1103515625,2,-0.03375377038834513,0.00982307380820915,0.8795131311259513,-0.9673975987760429,-0.03954370043375349,0.17088805981918648,0.18268949791815148
1759044149.016712,559.25,688.7999877929688,724.75,572.0800170898438,818.1699829101562,313.1499938964844,638.3499755859375,617.8699951171875,953.7899780273438,-11649.1103515625,2,-0.0330328606827541,0.004421551103812847,0.8696659938442503,-0.9638504022212863,-0.05733581080558215,0.21853927378416088,0.14122886656425054
1759044149.2004194,559.3400268554688,676.22998046875,712.6199951171875,561.969970703125,806.1300048828125,301.20001220703125,638.3499755859375,618.219970703125,941.5700073242188,-11649.1103515625,2,-0.036462351097705535,0.013527650364595691,0.8696147349391292,0.952743757375634,0.05398768442764035,0.2564210780670145,0.1536648737833425
1759044149.448282,559.25,662.7000122070312,699.0800170898438,561.7999877929688,792.510009765625,287.2300109863281,638.3499755859375,618.219970703125,927.8599853515625,-11649.1103515625,2,-0.0638548023483622,0.045120480086290014,0.9409524787396694,0.9439009705011392,0.020705130367999647,0.2791154167736651,0.1752622023789362
1759044149.4687138,559.25,662.7000122070312,699.0800170898438,561.7999877929688,792.510009765625,287.2300109863281,638.3499755859375,618.219970703125,927.8599853515625,-11649.1103515625,2,-0.0645923100206911,0.044892406457219564,0.8983092666605115,0.9288870376707259,0.030036946300303572,0.31821330914560664,0.18710142433145419
1759044149.5674183,559.25,648.9000244140625,685.3699951171875,561.7100219726562,779.1500244140625,273.3399963378906,638.3499755859375,618.219970703125,914.0599975585938,-11649.1103515625,2,-0.07054199235744717,0.048097825492252756,0.8761226432066179,-0.9563624948591635,-0.019220450411125186,0.23625704551471566,0.17083313834677247
1759044149.7052667,559.25,648.9000244140625,685.3699951171875,561.7100219726562,779.1500244140625,273.3399963378906,638.3499755859375,618.219970703125,914.0599975585938,-11649.1103515625,2,-0.08172045445386875,0.05342313284762894,0.8819932475712058,-0.9755887263455351,-0.0030103559572466354,0.14872373409305087,0.16155130981185897
1759044149.7344306,559.25,648.9000244140625,685.3699951171875,561.7100219726562,779.1500244140625,273.3399963378906,638.3499755859375,618.219970703125,914.0599975585938,-11649.1103515625,2,-0.08248506697235276,0.05358992781588008,0.8683599624436671,0.9262023060599553,0.010321041718983457,0.325552745696133,0.18988989998618852
1759044149.7688901,559.3400268554688,634.8300170898438,671.47998046875,561.7100219726562,765.1799926757812,259.2799987792969,638.3499755859375,618.219970703125,900.260009765625,-11649.1103515625,2,-0.08462288986161938,0.054629717471737185,0.8795386594307617,0.9331508220098651,-0.01125904033549996,0.28269075151039735,0.22178529347890383
1759044150.0007696,558.5399780273438,624.1099853515625,661.030029296875,562.3200073242188,754.8900146484375,248.72999572753906,638.260009765625,616.8200073242188,890.510009765625,-11649.1103515625,2,-0.08461775959436767,0.06174851671837171,0.8794833808368536,0.9320888994223915,-0.01034619477637766,0.282703952114652,0.22623376248023
1759044150.1341054,558.5399780273438,624.1099853515625,661.030029296875,562.3200073242188,754.8900146484375,248.72999572753906,638.260009765625,616.8200073242188,890.510009765625,-11649.1103515625,2,-0.08538916979192562,0.06614016299936036,0.9096579258575032,-0.9813690423531232,0.02894077958925834,0.15412075865849456,0.11101362861473436
1759044150.1670759,558.1900024414062,635.3599853515625,672.7100219726562,573.8400268554688,765.0,261.1199951171875,638.260009765625,603.6300048828125,896.6599731445312,-11649.1103515625,2,-0.08313899727337716,0.06341492925154088,0.8818802798218547,-0.9763931773450159,-0.0020976451243313325,0.14821905697632273,0.15710847930040714
1759044150.3690484,558.9000244140625,644.3300170898438,680.8900146484375,582.3599853515625,773.260009765625,269.4700012207031,638.3499755859375,595.719970703125,902.8099975585938,-11649.1103515625,2,-0.08716780487737393,0.05358307218769543,0.8799950936165392,0.9338526095248292,0.00383293925648981,0.24194646654544094,0.26337524482475355
1759044150.4674046,558.9000244140625,644.3300170898438,680.8900146484375,582.3599853515625,773.260009765625,269.4700012207031,638.3499755859375,595.719970703125,902.8099975585938,-11649.1103515625,2,-0.09255295351651843,0.04815891138175246,0.9039872446483174,-0.9711264292490719,0.03691539843561394,0.19765287272813636,0.12839023979494
1759044150.5368934,558.9000244140625,644.3300170898438,680.8900146484375,582.3599853515625,773.260009765625,269.4700012207031,638.3499755859375,595.719970703125,902.8099975585938,-11649.1103515625,2,-0.08987783411638957,0.04410291001057602,0.874378309860844,-0.9735447970535235,0.016961337656901637,0.19191887111684747,0.12284131253017942
1759044150.5679061,559.25,631.5800170898438,668.1400146484375,570.4099731445312,761.5700073242188,256.0299987792969,638.260009765625,608.989990234375,896.47998046875,-11649.1103515625,2,-0.08938087670428088,0.04404160626089765,0.8800465678022138,-0.9749201902972763,0.032083327156240495,0.1439593800640366,0.16666427199878933
1759044150.6681464,559.25,631.5800170898438,668.1400146484375,570.4099731445312,761.5700073242188,256.0299987792969,638.260009765625,608.989990234375,896.47998046875,-11649.1103515625,2,-0.09026000283922841,0.05053097010407583,0.9149272025156056,0.9458231419666755,-0.023073706790579518,0.2415945023655713,0.21568097876716116
1759044150.70135,559.25,631.5800170898438,668.1400146484375,570.4099731445312,761.5700073242188,256.0299987792969,638.260009765625,608.989990234375,896.47998046875,-11649.1103515625,2,-0.08574141190863167,0.05215736316207186,0.8799888607959454,0.9343173062899354,0.0038605847461981035,0.24105101372951734,0.2625465212729141
1759044150.9467778,558.1900024414062,635.6199951171875,672.97998046875,575.77001953125,765.0,261.4700012207031,638.260009765625,601.7000122070312,896.1300048828125,-11649.1103515625,2,-0.08622437806350236,0.07400437848545555,0.9067346135123907,-0.9726000120495746,0.002746381085409894,0.20140919173353442,0.11608622414974781
1759044151.5475602,558.1900024414062,669.9000244140625,707.0800170898438,603.1099853515625,797.1699829101562,270.7900085449219,638.3499755859375,602.9299926757812,910.8099975585938,-11649.1103515625,2,-0.07790029146169425,0.0481551376146768,0.9039192718740535,-0.9697495081167173,0.03814720367083666,0.20411822795220247,0.12832159357307474
1759044151.5691035,558.1900024414062,669.9000244140625,707.0800170898438,603.1099853515625,797.1699829101562,270.7900085449219,638.3499755859375,602.9299926757812,910.8099975585938,-11649.1103515625,2,-0.07349555391344735,0.04993047960029502,0.8784552324221224,0.9361068787115453,-0.032088265558278595,0.23484922510603756,0.2598462936227558
1759044151.6705155,558.1900024414062,669.9000244140625,707.0800170898438,603.1099853515625,797.1699829101562,270.7900085449219,638.3499755859375,602.9299926757812,910.8099975585938,-11649.1103515625,2,-0.07391931020255288,0.062355947750978635,0.9144945413787813,0.9464739017402158,-0.02028733514966841,0.23189042852527944,0.22361217881756726
1759044151.7363708,558.1900024414062,669.9000244140625,707.0800170898438,603.1099853515625,797.1699829101562,270.7900085449219,638.3499755859375,602.9299926757812,910.8099975585938,-11649.1103515625,2,-0.07364350594187774,0.06395107688332484,0.8794124892147659,-0.9751774872087737,0.035850865863285925,0.15098418634491287,0.1579473308789973
1759044151.7696135,558.1900024414062,669.9000244140625,707.0800170898438,603.1099853515625,797.1699829101562,270.7900085449219,638.3499755859375,602.9299926757812,910.8099975585938,-11649.1103515625,2,-0.07790647973584239,0.06719319499512767,0.9039885941471676,-0.9708183593784036,0.040670954237243595,0.20360908692743965,0.1200038595038978
1759044151.8037608,558.1900024414062,669.9000244140625,707.0800170898438,603.1099853515625,797.1699829101562,270.7900085449219,638.3499755859375,602.9299926757812,910.8099975585938,-11649.1103515625,2,-0.07792048393543381,0.0653775137621607,0.8794396841745309,-0.9755839387258157,0.03554282150530153,0.14908291991087616,0.15731169483072022
1759044151.8733811,558.1900024414062,686.1599731445312,723.0800170898438,609.7000122070312,812.4600219726562,280.989990234375,638.3499755859375,594.3200073242188,913.7999877929688,-11649.1103515625,2,-0.08605807389292032,0.0646146101507624,0.9097147650809764,0.9522242676498918,-0.028180821197066774,0.2470492891046513,0.177317326192825
1759044152.0463383,558.6300048828125,692.1400146484375,728.7000122070312,602.8400268554688,817.8200073242188,270.260009765625,638.3499755859375,605.0399780273438,910.6300048828125,-11649.1103515625,2,-0.09715999136653723,0.055202398791242994,0.8762019221335459,-0.9682082970578603,0.04325771344513313,0.18358827616880663,0.16430705581070792
1759044152.068416,558.6300048828125,692.1400146484375,728.7000122070312,602.8400268554688,817.8200073242188,270.260009765625,638.3499755859375,605.0399780273438,910.6300048828125,-11649.1103515625,2,-0.09441883166191763,0.052012397868224855,0.8429724634319476,0.9309413677776696,-0.06566981918311145,0.2883750071367107,0.21418566681176754
1759044152.1047578,558.6300048828125,692.1400146484375,728.7000122070312,602.8400268554688,817.8200073242188,270.260009765625,638.3499755859375,605.0399780273438,910.6300048828125,-11649.1103515625,2,-0.09776026021752295,0.05366813811041936,0.8696609422042054,0.9374715511340325,-0.05561681133175818,0.297262641243108,0.17230433318059707
1759044152.1380882,558.6300048828125,692.1400146484375,728.7000122070312,602.8400268554688,817.8200073242188,270.260009765625,638.3499755859375,605.0399780273438,910.6300048828125,-11649.1103515625,2,-0.09441883166191763,0.052012397868224855,0.8429724634319476,0.9309413677776696,-0.06566981918311145,0.2883750071367107,0.21418566681176754
1759044152.2361798,558.1900024414062,699.4299926757812,736.3499755859375,603.3699951171875,824.77001953125,260.3299865722656,638.3499755859375,614.969970703125,910.2000122070312,-11649.1103515625,2,-0.09644605271884432,0.06051147167368213,0.9034696817256722,0.9494326888024648,-0.0668070526793994,0.25463842485381655,0.1710954696465734
1759044152.336162,558.1900024414062,699.4299926757812,736.3499755859375,603.3699951171875,824.77001953125,260.3299865722656,638.3499755859375,614.969970703125,910.2000122070312,-11649.1103515625,2,-0.08815380941054023,0.06718917159372363,0.9039325573738499,-0.9717495104533991,0.03980319196912038,0.19916794444885985,0.12021116731262768
1759044152.5431957,558.6300048828125,709.7999877929688,745.9299926757812,610.75,834.7000122070312,266.30999755859375,638.3499755859375,608.8200073242188,911.510009765625,-11649.1103515625,2,-0.075065325560302,0.0710700229696991,0.8793758371246797,-0.9757703699021348,0.03644516595054582,0.1502628142072482,0.154806400921946
1759044152.7038417,558.6300048828125,705.6699829101562,741.7999877929688,603.1099853515625,834.7000122070312,255.6699981689453,638.3499755859375,617.52001953125,908.1699829101562,-11649.1103515625,2,-0.08179808290408531,0.06781907129731025,0.903356391612324,0.9509089540377342,-0.065019257531602,0.24554313054145654,0.17678582614226432
1759044152.8380728,558.1900024414062,714.9000244140625,751.5499877929688,607.3200073242188,839.6199951171875,265.5199890136719,638.3499755859375,606.27001953125,911.1599731445312,-11649.1103515625,2,-0.09074692219681284,0.0641658597460531,0.87262326012513,-0.9746756864636693,0.07045277734162997,0.141428415731625,0.15824574435057764
1759044152.9401846,558.1900024414062,714.9000244140625,751.5499877929688,607.3200073242188,839.6199951171875,265.5199890136719,638.3499755859375,606.27001953125,911.1599731445312,-11649.1103515625,2,-0.09682604005900475,0.06733442754377048,0.8960946080014175,-0.9706655749367075,0.07668366185288031,0.19305726096622963,0.12106548486600757
1759044153.2385988,559.0700073242188,734.8499755859375,769.8300170898438,606.010009765625,860.0999755859375,262.44000244140625,638.3499755859375,609.3499755859375,913.1799926757812,-11649.1103515625,2,-0.08435197448755337,0.07787998714654062,0.8758745345095886,-0.9686498768154168,0.04761051833802061,0.18880471774356042,0.15428361302107713
1759044153.6170826,558.1900024414062,737.489990234375,773.530029296875,608.469970703125,862.2899780273438,266.75,638.3499755859375,602.22998046875,911.25,-11649.1103515625,2,-0.08522086240676485,0.0804061652022842,0.8961980583219901,-0.9702866559339419,0.07939388522392107,0.19740018567828105,0.11521103679665187
1759044153.8828132,558.1900024414062,744.52001953125,787.1500244140625,621.469970703125,875.0399780273438,280.3699951171875,638.3499755859375,589.8300170898438,920.9199829101562,-11649.1103515625,2,-0.09338656993054703,0.0714534825873954,0.8985818697578491,0.9478740863882693,-0.08853839289178134,0.20147306420782093,0.2304436454677277
1759044153.9040282,558.1900024414062,744.52001953125,787.1500244140625,621.469970703125,875.0399780273438,280.3699951171875,638.3499755859375,589.8300170898438,920.9199829101562,-11649.1103515625,2,-0.08925279703363229,0.06725347972903549,0.8724780182377581,0.9290636343176558,-0.06901046181087163,0.24657984571299904,0.26697696387005565
1759044153.938277,558.1900024414062,744.52001953125,787.1500244140625,621.469970703125,875.0399780273438,280.3699951171875,638.3499755859375,589.8300170898438,920.9199829101562,-11649.1103515625,2,-0.08956615053146522,0.0673340247067144,0.8960903690555648,-0.9700190345317988,0.07730948880645942,0.19615426668228764,0.12087108524711315
1759044154.0032163,558.1900024414062,744.52001953125,803.5800170898438,637.5599975585938,891.5599975585938,297.4200134277344,638.3499755859375,588.9600219726562,937.530029296875,-11649.1103515625,2,-0.09071387570779889,0.06754255947740061,0.9349262787495191,0.9351527391750529,-0.057687995972871386,0.29745473539500716,0.18352691880243568
1759044154.4443676,558.1900024414062,744.52001953125,827.9299926757812,662.4299926757812,916.1699829101562,322.0299987792969,638.3499755859375,588.9600219726562,961.4400024414062,-11649.1103515625,2,-0.04652789503861481,0.031393218251656495,0.8462396921770485,-0.9627763504023229,0.04209811207341113,0.16179478564807048,0.21239561060185091
1759044154.4708095,558.1900024414062,744.52001953125,827.9299926757812,662.4299926757812,916.1699829101562,322.0299987792969,638.3499755859375,588.9600219726562,961.4400024414062,-11649.1103515625,2,-0.0476809381202876,0.03131965043399867,0.8749432993633475,0.961599287995329,-0.0459446467584917,0.22094976559182067,0.15619571007564015
1759044154.5426524,558.1900024414062,744.52001953125,827.9299926757812,662.4299926757812,916.1699829101562,322.0299987792969,638.3499755859375,588.9600219726562,961.4400024414062,-11649.1103515625,2,-0.046596527100401526,0.02878828480658544,0.8426106002356851,0.9427333988122697,-0.06385003606402756,0.25699582174587315,0.2028054714835172
1759044154.572809,558.4600219726562,744.3499755859375,836.0999755859375,674.739990234375,928.2999877929688,334.6000061035156,638.3499755859375,589.1300048828125,972.3300170898438,-11649.1103515625,2,-0.049424366746330786,0.031192629086039154,0.8794784505418567,-0.9707409326118864,0.03499002135092661,0.16254038446858562,0.17325808372041773
1759044154.7053227,558.4600219726562,744.3499755859375,836.0999755859375,674.739990234375,928.2999877929688,334.6000061035156,638.3499755859375,589.1300048828125,972.3300170898438,-11649.1103515625,2,-0.053406266971337886,0.03538465964572027,0.9047172093884225,-0.9678147098120791,0.05530800663687824,0.1673924547545035,0.17959810122737335
1759044154.841135,558.4600219726562,744.3499755859375,836.0999755859375,674.739990234375,928.2999877929688,334.6000061035156,638.3499755859375,589.1300048828125,972.3300170898438,-11649.1103515625,2,-0.05512097888286314,0.042585889085997135,0.8794248136874239,-0.9721528902376253,0.03558629531810503,0.15971013168381148,0.16776485754085682
1759044154.8721824,558.1099853515625,744.52001953125,836.97998046875,659.969970703125,933.8400268554688,333.80999755859375,638.3499755859375,591.8599853515625,972.510009765625,-11649.1103515625,2,-0.05802091928857135,0.04505537515219046,0.9091437358791431,0.9497053830121891,-0.0586520859702796,0.2231533333329036,0.21171256011729697
1759044155.0495656,558.1099853515625,744.52001953125,836.97998046875,659.969970703125,933.8400268554688,333.80999755859375,638.3499755859375,591.8599853515625,972.510009765625,-11649.1103515625,2,-0.053694124219874004,0.04543292990249555,0.8793914263846765,-0.9722634409201713,0.036042191716806865,0.16035183505664755,0.16640928718158504
1759044155.1054296,558.1900024414062,753.0499877929688,845.3300170898438,649.9500122070312,934.3699951171875,327.4800109863281,638.3499755859375,598.1799926757812,972.510009765625,-11649.1103515625,2,-0.05226875282187097,0.04543242243366762,0.8793819024646733,-0.9721473544518121,0.03619606404546391,0.1610265408686062,0.16640258205884537
1759044155.1404676,558.1900024414062,753.0499877929688,845.3300170898438,649.9500122070312,934.3699951171875,327.4800109863281,638.3499755859375,598.1799926757812,972.510009765625,-11649.1103515625,2,-0.048959951517831224,0.04339999251144108,0.8480847041422991,0.9418422253488218,-0.026506453372587502,0.25847033220501897,0.21312840695086469
1759044155.1715345,558.1900024414062,753.0499877929688,845.3300170898438,649.9500122070312,934.3699951171875,327.4800109863281,638.3499755859375,598.1799926757812,972.510009765625,-11649.1103515625,2,-0.05153992616220744,0.04522829331910879,0.9039520531904625,-0.9669184376010788,0.03998574026185936,0.21626203809919467,0.12923082635339914
1759044155.2054074,558.1900024414062,753.0499877929688,845.3300170898438,649.9500122070312,934.3699951171875,327.4800109863281,638.3499755859375,598.1799926757812,972.510009765625,-11649.1103515625,2,-0.04785717655704579,0.04279816038993488,0.8780956164264139,0.9408298304811148,-0.029596943846152635,0.21921966080486713,0.256721622206708
1759044155.2717829,558.1900024414062,763.3300170898438,855.7899780273438,639.489990234375,934.3699951171875,316.760009765625,638.3499755859375,608.72998046875,968.72998046875,-11649.1103515625,2,-0.045983592394822866,0.04055612121094249,0.8817822365996034,-0.9718300114182271,-0.0005852303896772826,0.16514744435029374,0.16814400981541458
1759044155.4377902,558.1900024414062,761.219970703125,852.7999877929688,642.219970703125,934.4500122070312,320.5400085449219,638.3499755859375,605.0399780273438,968.8200073242188,-11649.1103515625,2,-0.045144545252415444,0.038310614973680684,0.8793788905743551,-0.9709730897242638,0.03620937232211757,0.16454564493994667,0.16977888890746215
1759044155.6102421,558.1900024414062,746.3699951171875,838.2999877929688,656.4600219726562,948.1599731445312,335.9200134277344,638.3499755859375,590.3599853515625,974.4400024414062,-11649.1103515625,2,-0.047738034502257796,0.041633717604872084,0.8759434445765718,0.9513204814063744,-0.037506618914925294,0.2186838571999828,0.21391579136298505
1759044155.8859253,558.1900024414062,744.7899780273438,836.8900146484375,666.739990234375,958.6199951171875,346.6400146484375,638.3499755859375,588.9600219726562,983.1400146484375,-11649.1103515625,2,-0.043586051845665295,0.04848332604911472,0.8780304590849924,0.9404665081530774,-0.028430654999526073,0.21677416472912509,0.26023721179847753
1759044155.9715374,559.3400268554688,740.5700073242188,831.7100219726562,671.6599731445312,965.2999877929688,350.239990234375,638.3499755859375,594.0499877929688,988.510009765625,-11649.1103515625,2,-0.036792223332296634,0.044650604136577066,0.8508096896800553,-0.9566039992391061,0.019235090578202385,0.20700103554702606,0.20417975221029053
1759044156.005971,559.3400268554688,740.5700073242188,831.7100219726562,671.6599731445312,965.2999877929688,350.239990234375,638.3499755859375,594.0499877929688,988.510009765625,-11649.1103515625,2,-0.03617073522543517,0.04465543507757468,0.8795151650353878,0.94275602000886,-0.007444118336655647,0.2535150563133581,0.21653126347407328
1759044156.1717288,559.3400268554688,740.5700073242188,831.7100219726562,671.6599731445312,965.2999877929688,350.239990234375,638.3499755859375,594.0499877929688,988.510009765625,-11649.1103515625,2,-0.025091967191249957,0.0385273965936586,0.878015472680769,0.9444528073386511,-0.027099471222031213,0.20575041120633838,0.25483579351819824
1759044156.2055333,559.3400268554688,723.52001953125,815.0999755859375,655.9299926757812,953.0,333.4599914550781,638.3499755859375,610.75,984.4600219726562,-11649.1103515625,2,-0.02312604898229053,0.0377015393034225,0.8818328169372724,-0.9696044615735279,0.0015634158067086845,0.17640205963106917,0.16954957146994248
1759044156.6446064,559.3400268554688,698.72998046875,790.75,631.5800170898438,929.0,309.0199890136719,638.3499755859375,618.219970703125,961.3499755859375,-11649.1103515625,2,-0.04173692330878339,0.06941996129588697,0.9138927130574181,-0.9553800919661589,0.02317783281218061,0.2137179378823592,0.2025742110145728
1759044156.9055593,559.3400268554688,685.02001953125,777.1300048828125,617.9600219726562,915.72998046875,295.04998779296875,638.3499755859375,618.219970703125,947.989990234375,-11649.1103515625,2,-0.06366524015388848,0.07106792556419325,0.8793514237757807,-0.9749514684327452,0.037670330977659955,0.15529161102447203,0.15470971498355132
1759044156.972778,559.3400268554688,671.4000244140625,763.8599853515625,604.4199829101562,902.1099853515625,281.1600036621094,638.3499755859375,618.219970703125,934.4500122070312,-11649.1103515625,2,-0.06508990322326658,0.06964358878089029,0.8793504737736417,-0.9749550311969598,0.037367573455604625,0.15468977997143826,0.15536223341006397
1759044157.173018,559.3400268554688,657.510009765625,750.3200073242188,590.7100219726562,888.4000244140625,267.45001220703125,638.3499755859375,618.219970703125,920.5700073242188,-11649.1103515625,2,-0.06224158234150738,0.07534200883344708,0.8793661838572265,-0.9751477808240256,0.038271048813219744,0.1558120254435338,0.15278987238654834
1759044157.4477973,558.280029296875,648.719970703125,742.0599975585938,582.5399780273438,879.8699951171875,259.5400085449219,638.3499755859375,615.4099731445312,912.47998046875,-11649.1103515625,2,-0.0692023165101569,0.10392347419150716,0.9050843015565206,-0.9719870602147032,0.0461976123027274,0.20556073383294718,0.10417158969107804
1759044158.5623474,559.3400268554688,636.1500244140625,728.9600219726562,569.3599853515625,866.780029296875,245.8300018310547,638.3499755859375,618.219970703125,899.469970703125,-11649.1103515625,2,-0.09207180939513761,0.08756357209324638,0.9071485578353171,0.9477066479119313,-0.05002672866040153,0.19977078354375197,0.24380539363472786
1759044158.579608,559.3400268554688,636.1500244140625,728.9600219726562,569.3599853515625,866.780029296875,245.8300018310547,638.3499755859375,618.219970703125,899.469970703125,-11649.1103515625,2,-0.09073977714056561,0.08531483597068612,0.879390683325843,-0.9777507112485465,0.03625628160049865,0.14338556790128057,0.14876023532884725
1759044158.9143546,559.25,622.530029296875,715.3400268554688,561.7999877929688,853.1500244140625,232.02999877929688,638.260009765625,618.219970703125,886.1099853515625,-11649.1103515625,2,-0.074106909709505,0.1234669936489857,0.9113278026023203,-0.9693792622478065,0.03694471785399012,0.1981693503660436,0.1402420847038717
1759044160.0825233,559.1599731445312,593.1699829101562,686.1599731445312,561.7100219726562,823.969970703125,218.22999572753906,638.260009765625,617.780029296875,857.2899780273438,-11649.1103515625,2,-0.07525862561909663,0.12097280910696488,0.9119474290802296,-0.9704209819388163,0.01276923872803909,0.15794488345040744,0.18213587825315214
1759044160.2497294,559.1599731445312,579.5499877929688,672.6300048828125,561.7100219726562,810.530029296875,218.13999938964844,638.260009765625,617.9600219726562,843.9299926757812,-11649.1103515625,2,-0.07937206386123917,0.13106798867554006,0.913347576825689,0.9212664328686503,0.017630144429694017,0.277889261919127,0.27154170174561365
1759044160.5752506,559.25,551.8699951171875,644.9400024414062,561.7100219726562,783.4600219726562,218.13999938964844,638.1699829101562,617.9600219726562,840.5900268554688,-11649.1103515625,2,-0.07896977011392615,0.11751825801995329,0.8995813379903901,-0.9657365029152775,-0.011586042283318554,0.124312044285984,0.22751985892800494
1759044160.7430007,559.25,551.8699951171875,644.9400024414062,561.7100219726562,783.4600219726562,218.13999938964844,638.1699829101562,617.9600219726562,840.5900268554688,-11649.1103515625,2,-0.07929162745316275,0.10285811941896834,0.9124340407539167,0.9257355206769345,0.014322818486256994,0.27948178955093983,0.2543590610476044
1759044160.9159038,559.1599731445312,538.1500244140625,631.1400146484375,561.7100219726562,769.75,218.13999938964844,638.260009765625,617.9600219726562,840.5900268554688,-11649.1103515625,2,-0.07738816918865675,0.09757566251332796,0.8782586043698672,0.9153428121430206,0.002532206543898796,0.2780899067786331,0.2912166340303677
1759044160.9757884,559.1599731445312,522.3300170898438,615.3200073242188,561.7100219726562,754.1900024414062,218.13999938964844,638.260009765625,617.9600219726562,840.5,-11649.1103515625,2,-0.07853021210206244,0.09952393753848471,0.8822209790457509,-0.9648965944371175,0.00279455927526967,0.19007684526261795,0.18121132794922246
1759044161.0483859,559.1599731445312,522.3300170898438,615.3200073242188,561.7100219726562,754.1900024414062,218.13999938964844,638.260009765625,617.9600219726562,840.5,-11649.1103515625,2,-0.08189657996259009,0.1034774543212182,0.9076157330111143,-0.973786108573196,0.00696135244779267,0.20227711590436123,0.10380810519117932
1759044161.0793629,559.1599731445312,522.3300170898438,615.3200073242188,561.7100219726562,754.1900024414062,218.13999938964844,638.260009765625,617.9600219726562,840.5,-11649.1103515625,1,-0.09305313331561964,0.09937097950556265,0.8391506646753226,-0.6877448554097991,-0.47862615280438836,0.5094127004475107,0.19601714295387399
1759044161.1116984,559.1599731445312,522.3300170898438,615.3200073242188,561.7100219726562,754.1900024414062,218.13999938964844,638.260009765625,617.9600219726562,840.5,-11649.1103515625,2,-0.08116887991444591,0.09989810893473403,0.8760437936276195,-0.9621516520085215,-0.0201672213572342,0.15705457580565127,0.2217912124916324
1759044161.1474323,558.3699951171875,514.0700073242188,607.239990234375,562.4099731445312,746.8099975585938,220.1699981689453,638.260009765625,616.030029296875,842.260009765625,-11649.1103515625,2,-0.08483090917828273,0.10346920960805409,0.907542904105741,-0.9740301196961308,0.006716824788041947,0.2010549439149685,0.10390918976133262
1759044161.343983,558.3699951171875,514.0700073242188,607.239990234375,562.4099731445312,746.8099975585938,220.1699981689453,638.260009765625,616.030029296875,842.260009765625,-11649.1103515625,2,-0.08733901432433405,0.09329824653481256,0.878161588849032,0.914289480259369,0.0007280104203933324,0.2843601970584652,0.2884674931716774
1759044161.6831343,558.9000244140625,533.9400024414062,627.010009765625,581.5700073242188,764.8200073242188,239.5,638.260009765625,596.5999755859375,856.8499755859375,-11649.1103515625,2,-0.08428669056314432,0.0934551936986752,0.9144412855721425,0.9401957539882703,-0.018192682078570332,0.2383909948420828,0.2426328586144472
1759044161.809707,559.1599731445312,520.6599731445312,613.47998046875,569.27001953125,752.1699829101562,226.0500030517578,638.260009765625,610.219970703125,847.8800048828125,-11649.1103515625,2,-0.07856233858881713,0.09200474145907139,0.8794135182868037,0.9280918164235233,0.008923526761177858,0.23635046464606702,0.2875837422724307
1759044161.9090412,559.1599731445312,520.6599731445312,613.47998046875,569.27001953125,752.1699829101562,226.0500030517578,638.260009765625,610.219970703125,847.8800048828125,-11649.1103515625,2,-0.08223451416122723,0.09840839397136293,0.9122828472517427,0.9258727244277626,0.013482591437636417,0.2814715120301563,0.2516976475938858
1759044162.1172264,559.1599731445312,506.69000244140625,599.5900268554688,561.6199951171875,738.719970703125,218.13999938964844,638.1699829101562,617.8699951171875,840.5900268554688,-11649.1103515625,2,-0.09169145162767574,0.10110217368088675,0.9371890014823347,0.9291961954545643,0.025270768623992194,0.2982962108366507,0.21673760450464585
1759044162.1426916,559.1599731445312,506.69000244140625,599.5900268554688,561.6199951171875,738.719970703125,218.13999938964844,638.1699829101562,617.8699951171875,840.5900268554688,-11649.1103515625,2,-0.0864868345658005,0.09310955144004723,0.8731020071335215,0.9126106699402196,0.015951165499414055,0.2455594995759754,0.32647795882489633
1759044162.1754935,559.1599731445312,493.239990234375,585.7000122070312,561.6199951171875,725.0999755859375,218.13999938964844,638.1699829101562,617.8699951171875,840.5900268554688,-11649.1103515625,2,-0.09108608174948388,0.09543577672193856,0.9121139437953716,0.9246754839830205,0.012209469716927268,0.28696946164512993,0.2499494073869805
1759044162.2432897,559.1599731445312,493.239990234375,585.7000122070312,561.6199951171875,725.0999755859375,218.13999938964844,638.1699829101562,617.8699951171875,840.5900268554688,-11649.1103515625,2,-0.08970462028915414,0.0871468975438091,0.8762356392079894,-0.9614508516787086,-0.02291093584872495,0.15324045900712854,0.22716670211126033
1759044162.4112306,559.1599731445312,488.4100036621094,571.8200073242188,561.530029296875,711.2100219726562,218.13999938964844,638.1699829101562,617.8699951171875,840.5900268554688,-11649.1103515625,2,-0.089721943479972,0.07580778916971628,0.8764073248592702,-0.9602475629628267,-0.02419275824545769,0.15301894696116822,0.2322165587190634
1759044162.4445424,559.1599731445312,488.4100036621094,571.8200073242188,561.530029296875,711.2100219726562,218.13999938964844,638.1699829101562,617.8699951171875,840.5900268554688,-11649.1103515625,2,-0.09209977003319168,0.07694074470289279,0.9067229643835726,-0.9732654959702263,0.002647424274487942,0.19884915151336663,0.11491858179143474
1759044162.4794621,559.1599731445312,488.4100036621094,571.8200073242188,561.530029296875,711.2100219726562,218.13999938964844,638.1699829101562,617.8699951171875,840.5900268554688,-11649.1103515625,2,-0.08855945573164645,0.073508467959016,0.8796517504226236,0.9300150654138015,0.005753422964886623,0.24290350316414505,0.275747646187843
1759044162.5449824,559.1599731445312,488.4100036621094,557.8400268554688,561.530029296875,697.5900268554688,218.13999938964844,638.1699829101562,617.8699951171875,840.5900268554688,-11649.1103515625,2,-0.08959269619114163,0.0747409506971,0.9119618900679171,0.9280980732856098,0.009833989079043483,0.286699065531546,0.23736239138850634
1759044162.8787897,559.1599731445312,488.4100036621094,543.9600219726562,561.530029296875,683.7000122070312,218.13999938964844,638.1699829101562,617.8699951171875,840.5,-11649.1103515625,2,-0.08959239774674634,0.0717866528653412,0.911959698780312,0.928537255751745,0.009468909264373548,0.2867630252564805,0.23557561797459606
1759044162.981488,559.1599731445312,488.4100036621094,530.239990234375,561.530029296875,669.8099975585938,218.13999938964844,638.1699829101562,617.9600219726562,840.5900268554688,-11649.1103515625,2,-0.08946386070972251,0.06520906152511298,0.8781096470745814,0.9302202695032847,0.026768847070550328,0.2841913601226625,0.2306706523669214
1759044163.3688042,559.1599731445312,488.4100036621094,502.4700012207031,561.530029296875,642.5700073242188,218.13999938964844,638.1699829101562,617.9600219726562,840.5900268554688,-11649.1103515625,2,-0.09796124764198905,0.05490330271537253,0.9065861275754555,-0.972593167871846,-0.0007588454504466325,0.19659971508415194,0.12413905908866836
1759044163.4105716,559.1599731445312,488.4100036621094,502.4700012207031,561.530029296875,642.5700073242188,218.13999938964844,638.1699829101562,617.9600219726562,840.5900268554688,-11649.1103515625,2,-0.09373828865923531,0.052182598217675014,0.8683396860823536,0.9239415227782981,0.00911190740710427,0.33247505288815526,0.1889692430967076
1759044163.5466452,559.1599731445312,488.4100036621094,489.20001220703125,561.530029296875,628.9500122070312,218.13999938964844,638.1699829101562,617.9600219726562,840.5,-11649.1103515625,1,-0.10562045887005515,0.05145674051501735,0.8390123535853696,-0.6819143904186346,-0.5319256076846245,0.44016209138728984,0.2414647910874215
1759044163.7493742,559.1599731445312,488.4100036621094,475.04998779296875,561.530029296875,615.22998046875,218.13999938964844,638.1699829101562,617.8699951171875,840.5900268554688,-11649.1103515625,2,-0.09092541973298221,0.04515116342203968,0.8683503956804545,0.9254132405317932,0.008279491697217757,0.3308701349973043,0.18457176932712918
1759044163.8799243,559.1599731445312,488.4100036621094,475.04998779296875,561.530029296875,615.22998046875,218.13999938964844,638.1699829101562,617.8699951171875,840.5900268554688,-11649.1103515625,2,-0.09850677625269441,0.043940996174014146,0.9151523469904762,-0.9754151535121056,-0.024730770669921742,0.1433963480868164,0.16550273301789323
1759044164.0140517,559.1599731445312,488.4100036621094,460.989990234375,561.530029296875,601.52001953125,218.13999938964844,638.1699829101562,617.9600219726562,840.5900268554688,-11649.1103515625,2,-0.09662516440688232,0.038206306097396246,0.8785497481679568,0.9328978694155756,0.022602511010445303,0.2890712341445905,0.2136083175487927
1759044164.0480351,559.1599731445312,488.4100036621094,460.989990234375,561.530029296875,601.52001953125,218.13999938964844,638.1699829101562,617.9600219726562,840.5900268554688,-11649.1103515625,2,-0.1009212999573484,0.03875965185483926,0.9067881787844374,-0.9719674358513345,-0.0031526824075531206,0.19524406160952498,0.13095465109890253
1759044164.0822256,559.1599731445312,488.4100036621094,460.989990234375,561.530029296875,601.52001953125,218.13999938964844,638.1699829101562,617.9600219726562,840.5900268554688,-11649.1103515625,2,-0.09656527730539978,0.0367176475147297,0.8684619304978918,0.9252171976626768,0.00649004892092231,0.33439351142708434,0.1791982029198166
1759044164.1142905,559.1599731445312,488.4100036621094,460.989990234375,561.530029296875,601.52001953125,218.13999938964844,638.1699829101562,617.9600219726562,840.5900268554688,-11649.1103515625,2,-0.10239557594186952,0.03729279181412107,0.9068331391270409,-0.9720178695870992,-0.003468199006807282,0.19458932158176429,0.13154553859920592
1759044164.2129095,559.1599731445312,488.4100036621094,447.3599853515625,561.530029296875,598.0999755859375,218.13999938964844,638.1699829101562,617.9600219726562,840.5,-11649.1103515625,2,-0.10387051102783036,0.03582596240573312,0.9068825863125098,-0.9720682683247772,-0.00378352223057013,0.19393286845474136,0.1321325440931021
1759044164.2485445,559.1599731445312,488.4100036621094,447.3599853515625,561.530029296875,598.0999755859375,218.13999938964844,638.1699829101562,617.9600219726562,840.5,-11649.1103515625,2,-0.09811676255022213,0.03452731462125348,0.8565535470460787,-0.9656125000054774,-0.0010326671312135827,0.23914164065905766,0.10199367203244757
1759044164.2797809,559.1599731445312,488.4100036621094,447.3599853515625,561.530029296875,598.0999755859375,218.13999938964844,638.1699829101562,617.9600219726562,840.5,-11649.1103515625,2,-0.09938486321286463,0.0353130805652572,0.8685093156363013,0.9247757569723861,0.006030519317368922,0.33612056094129694,0.1782593634719397
1759044164.315992,559.1599731445312,488.4100036621094,447.3599853515625,561.530029296875,598.0999755859375,218.13999938964844,638.1699829101562,617.9600219726562,840.5,-11649.1103515625,2,-0.1003994077154359,0.036317349498687444,0.8828892247511892,-0.9756973776891095,-0.0067698386490102624,0.14001047749762957,0.1684216810453677
1759044164.446067,559.1599731445312,488.4100036621094,433.8299865722656,561.530029296875,598.1799926757812,218.13999938964844,638.1699829101562,617.9600219726562,840.5900268554688,-11649.1103515625,2,-0.0965631609613402,0.03812337838589537,0.8684425918276013,0.9250471816865388,0.0067067900420270665,0.33438497331827505,0.18008170434572301
1759044164.6138237,559.1599731445312,488.4100036621094,420.2900085449219,561.530029296875,598.1799926757812,218.13999938964844,638.1699829101562,617.9600219726562,840.5900268554688,-11649.1103515625,2,-0.09519882348122854,0.0382050896714718,0.8785228858553308,0.9331590513920446,0.022750008450310222,0.2881944600482861,0.21363654911575264
1759044164.7125633,559.1599731445312,488.4100036621094,420.2900085449219,561.530029296875,598.1799926757812,218.13999938964844,638.1699829101562,617.9600219726562,840.5900268554688,-11649.1103515625,2,-0.09874664546689395,0.038895316197736514,0.9112059484178182,0.9533640046992727,0.00609268193459689,0.2538204990578169,0.16320265937983308
1759044164.844804,559.1599731445312,488.4100036621094,406.92999267578125,561.530029296875,598.1799926757812,218.13999938964844,638.1699829101562,617.8699951171875,840.5,-11649.1103515625,2,-0.0994532132944174,0.03729135802595712,0.9067987512751724,-0.9717529514216633,-0.003228874838849677,0.19586138464863007,0.13162102329826733
1759044164.9830394,559.1599731445312,488.4100036621094,393.57000732421875,561.530029296875,598.1799926757812,218.13999938964844,638.1699829101562,617.9600219726562,840.5,-11649.1103515625,2,-0.09896352488234939,0.03631536791131557,0.882841046663169,-0.9755946031314762,-0.006622470671974773,0.14064061059155997,0.16849786905290376
1759044165.212532,559.1599731445312,488.4100036621094,379.7799987792969,561.530029296875,598.1799926757812,218.13999938964844,638.1699829101562,617.8699951171875,840.5900268554688,-11649.1103515625,2,-0.0951886603739858,0.037299991920113386,0.8498626021684407,0.934901872689025,0.0037233428501963206,0.28652312577703853,0.2094018231905571
1759044165.5557096,559.1599731445312,488.4100036621094,352.6199951171875,561.530029296875,598.1799926757812,218.13999938964844,638.1699829101562,617.9600219726562,840.5,-11649.1103515625,2,-0.1000136372396001,0.03802110306770058,0.9153739479120766,-0.9751039454830583,-0.02549028558091082,0.14252194733623819,0.16795843346454206
1759044165.7126746,559.1599731445312,488.4100036621094,352.6199951171875,561.530029296875,598.1799926757812,218.13999938964844,638.1699829101562,617.9600219726562,840.5,-11649.1103515625,2,-0.09515691289506305,0.03671711651208471,0.8684503754827742,0.925521541624484,0.006611756914642664,0.33353428116386424,0.17922344698181858
1759044165.7463508,559.1599731445312,488.4100036621094,340.2200012207031,561.530029296875,598.1799926757812,218.13999938964844,638.1699829101562,617.9600219726562,840.5,-11649.1103515625,2,-0.09578588544166786,0.036822116966391726,0.8709482568340271,0.9383889975353115,0.015244096327580338,0.2981639055026751,0.17404594878140833
1759044165.8127682,559.1599731445312,488.4100036621094,340.2200012207031,561.530029296875,598.1799926757812,218.13999938964844,638.1699829101562,617.9600219726562,840.5,-11649.1103515625,2,-0.10103488581265088,0.038946677428498326,0.9111849150960554,-0.9813490987189561,-0.013046993661817358,0.14880623494415715,0.12099763155378537
1759044165.9137514,559.1599731445312,488.4100036621094,340.2200012207031,561.530029296875,598.1799926757812,218.13999938964844,638.1699829101562,617.9600219726562,840.5,-11649.1103515625,2,-0.0965631609613402,0.03812337838589537,0.8684425918276013,0.9250471816865388,0.0067067900420270665,0.33438497331827505,0.18008170434572301
1759044165.9817216,559.1599731445312,488.4100036621094,339.260009765625,561.530029296875,598.1799926757812,218.13999938964844,638.1699829101562,617.9600219726562,840.5900268554688,-11649.1103515625,2,-0.0965631609613402,0.03812337838589537,0.8684425918276013,0.9250471816865388,0.0067067900420270665,0.33438497331827505,0.18008170434572301
1759044166.0128121,559.1599731445312,488.4100036621094,339.260009765625,561.530029296875,598.1799926757812,218.13999938964844,638.1699829101562,617.9600219726562,840.5900268554688,-11649.1103515625,2,-0.09533938533324192,0.037301257762827555,0.8565377265701075,-0.965423586689923,-0.0003725397874970726,0.24042636073228707,0.10075874424534909
1759044166.0462584,559.1599731445312,488.4100036621094,339.260009765625,561.530029296875,598.1799926757812,218.13999938964844,638.1699829101562,617.9600219726562,840.5900268554688,-11649.1103515625,2,-0.1009212999573484,0.03875965185483926,0.9067881787844374,-0.9719674358513345,-0.0031526824075531206,0.19524406160952498,0.13095465109890253
1759044166.156199,559.1599731445312,488.4100036621094,339.260009765625,561.530029296875,598.1799926757812,218.13999938964844,638.1699829101562,617.9600219726562,840.5,-11649.1103515625,2,-0.09578588544166786,0.036822116966391726,0.8709482568340271,0.9383889975353115,0.015244096327580338,0.2981639055026751,0.17404594878140833
1759044166.2465987,559.1599731445312,488.4100036621094,339.260009765625,561.530029296875,598.1799926757812,218.13999938964844,638.1699829101562,617.9600219726562,840.5,-11649.1103515625,2,-0.09395179097934152,0.03591402161334976,0.8565397686037255,-0.9651937034749484,-0.0005092785317526993,0.24107784666458046,0.10140181090720085
1759044166.5559943,559.1599731445312,488.4100036621094,339.260009765625,561.530029296875,598.1799926757812,218.13999938964844,638.1699829101562,617.9600219726562,840.5900268554688,-11649.1103515625,2,-0.10000848559968804,0.03950169008227302,0.9153265180008342,-0.9752076154300612,-0.02533738742882824,0.14258631605880517,0.16732383595373962
1759044166.81736,559.1599731445312,488.4100036621094,339.260009765625,561.530029296875,598.1799926757812,218.13999938964844,638.1699829101562,617.9600219726562,840.5900268554688,-11649.1103515625,2,-0.09688985477426863,0.03697523128921623,0.8745366190156649,0.9409502820591693,0.01553820719575927,0.2940987133333309,0.16696430045249455
1759044166.8861487,559.1599731445312,488.4100036621094,339.260009765625,561.530029296875,598.1799926757812,218.13999938964844,638.1699829101562,617.9600219726562,840.5900268554688,-11649.1103515625,2,-0.09381249972226115,0.035923794789382506,0.8498698891688887,0.9353650677486397,0.0036865895221009914,0.2856261748729787,0.2085576354888713
1759044166.8861487,559.1599731445312,488.4100036621094,339.260009765625,561.530029296875,598.1799926757812,218.13999938964844,638.1699829101562,617.9600219726562,840.5900268554688,-11649.1103515625,1,-0.10523116669521072,0.036532625895112025,0.8023342815014491,-0.678028147154316,-0.5357267282959062,0.45197974054116846,0.2213346299072684
1759044167.0470116,559.1599731445312,488.4100036621094,339.260009765625,561.530029296875,598.1799926757812,218.13999938964844,638.1699829101562,617.9600219726562,840.5900268554688,-11649.1103515625,2,-0.0966290907603525,0.03678488241949331,0.8785857171869524,0.9331040121515302,0.02242101594187934,0.2890764109039421,0.21271819200469483
1759044167.081123,559.1599731445312,488.4100036621094,339.260009765625,561.530029296875,598.1799926757812,218.13999938964844,638.1699829101562,617.9600219726562,840.5900268554688,-11649.1103515625,2,-0.09515691289506305,0.03671711651208471,0.8684503754827742,0.925521541624484,0.006611756914642664,0.33353428116386424,0.17922344698181858
1759044167.1519666,559.1599731445312,488.4100036621094,339.260009765625,561.530029296875,598.1799926757812,218.13999938964844,638.1699829101562,617.9600219726562,840.5900268554688,-11649.1103515625,2,-0.09945032646013005,0.038758959219839705,0.9067722157552932,-0.9718350406908722,-0.003032843991652268,0.1958800900337132,0.13099025105357073
1759044167.5809438,559.1599731445312,488.4100036621094,339.260009765625,561.530029296875,598.1799926757812,218.13999938964844,638.1699829101562,617.9600219726562,840.5900268554688,-11649.1103515625,2,-0.09578588544166786,0.036822116966391726,0.8709482568340271,0.9383889975353115,0.015244096327580338,0.2981639055026751,0.17404594878140833
1759044167.747468,559.1599731445312,488.4100036621094,339.260009765625,561.530029296875,598.1799926757812,218.13999938964844,638.1699829101562,617.9600219726562,840.5900268554688,-11649.1103515625,2,-0.10022544664771506,0.03889631118217144,0.9112284047209497,0.9531243966430014,0.0059856433679737475,0.254750852858018,0.16315654925714249
1759044168.2577288,559.1599731445312,488.4100036621094,339.260009765625,561.530029296875,598.1799926757812,218.13999938964844,638.1699829101562,617.9600219726562,840.5900268554688,-11649.1103515625,2,-0.09515691289506305,0.03671711651208471,0.8684503754827742,0.925521541624484,0.006611756914642664,0.33353428116386424,0.17922344698181858
1759044168.348881,559.1599731445312,488.4100036621094,339.260009765625,561.530029296875,598.1799926757812,218.13999938964844,638.1699829101562,617.9600219726562,840.5900268554688,-11649.1103515625,2,-0.0966290907603525,0.03678488241949331,0.8785857171869524,0.9331040121515302,0.02242101594187934,0.2890764109039421,0.21271819200469483
1759044168.6572127,559.1599731445312,488.4100036621094,339.260009765625,561.530029296875,598.1799926757812,218.13999938964844,638.1699829101562,617.9600219726562,840.5900268554688,-11649.1103515625,2,-0.10022544664771506,0.03889631118217144,0.9112284047209497,0.9531243966430014,0.0059856433679737475,0.254750852858018,0.16315654925714249
1759044169.5158677,559.1599731445312,488.4100036621094,339.260009765625,561.530029296875,598.1799926757812,218.13999938964844,638.1699829101562,617.9600219726562,840.5900268554688,-11649.1103515625,2,-0.09515691289506305,0.03671711651208471,0.8684503754827742,0.925521541624484,0.006611756914642664,0.33353428116386424,0.17922344698181858
1759044169.6154187,559.1599731445312,488.4100036621094,339.260009765625,561.530029296875,598.1799926757812,218.13999938964844,638.1699829101562,617.9600219726562,840.5,-11649.1103515625,2,-0.10000848559968804,0.03950169008227302,0.9153265180008342,-0.9752076154300612,-0.02533738742882824,0.14258631605880517,0.16732383595373962
1759044170.317324,559.1599731445312,488.4100036621094,339.260009765625,561.530029296875,598.1799926757812,218.13999938964844,638.1699829101562,617.9600219726562,840.5,-11649.1103515625,2,-0.09515691289506305,0.03671711651208471,0.8684503754827742,0.925521541624484,0.006611756914642664,0.33353428116386424,0.17922344698181858
1759044170.4495676,559.1599731445312,488.4100036621094,339.260009765625,561.530029296875,598.1799926757812,218.13999938964844,638.1699829101562,617.9600219726562,840.5,-11649.1103515625,2,-0.09945032646013005,0.038758959219839705,0.9067722157552932,-0.9718350406908722,-0.003032843991652268,0.1958800900337132,0.13099025105357073
1759044171.6508536,559.1599731445312,488.4100036621094,339.260009765625,561.530029296875,598.1799926757812,218.13999938964844,638.1699829101562,617.9600219726562,840.5900268554688,-11649.1103515625,2,-0.09515691289506305,0.03671711651208471,0.8684503754827742,0.925521541624484,0.006611756914642664,0.33353428116386424,0.17922344698181858
1759044171.819999,559.1599731445312,488.4100036621094,339.260009765625,561.530029296875,598.1799926757812,218.13999938964844,638.1699829101562,617.9600219726562,840.5,-11649.1103515625,2,-0.09945032646013005,0.038758959219839705,0.9067722157552932,-0.9718350406908722,-0.003032843991652268,0.1958800900337132,0.13099025105357073
1759044180.690536,559.1599731445312,488.4100036621094,339.260009765625,561.530029296875,598.1799926757812,218.13999938964844,638.1699829101562,617.9600219726562,840.5900268554688,-11649.1103515625,2,-0.10199613269196905,0.03959505065326656,0.9265433704346777,-0.9729772047669181,-0.010104371073270392,0.21277539773569312,0.08910606493155276
1759044180.867029,559.1599731445312,488.4100036621094,339.260009765625,561.530029296875,598.1799926757812,218.13999938964844,638.1699829101562,617.9600219726562,840.5,-11649.1103515625,2,-0.10022544664771506,0.03889631118217144,0.9112284047209497,0.9531243966430014,0.0059856433679737475,0.254750852858018,0.16315654925714249
1759044183.5080535,559.1599731445312,488.4100036621094,339.260009765625,561.530029296875,598.0999755859375,218.13999938964844,638.1699829101562,617.9600219726562,840.5900268554688,-11649.1103515625,2,-0.09515691289506305,0.03671711651208471,0.8684503754827742,0.925521541624484,0.006611756914642664,0.33353428116386424,0.17922344698181858
1759044183.562627,559.1599731445312,488.4100036621094,339.260009765625,561.530029296875,598.1799926757812,218.13999938964844,638.1699829101562,617.9600219726562,840.5900268554688,-11649.1103515625,2,-0.09945032646013005,0.038758959219839705,0.9067722157552932,-0.9718350406908722,-0.003032843991652268,0.1958800900337132,0.13099025105357073
1759044185.4306529,559.1599731445312,488.4100036621094,339.260009765625,561.530029296875,598.1799926757812,218.13999938964844,638.1699829101562,617.9600219726562,840.5,-11649.1103515625,2,-0.09515691289506305,0.03671711651208471,0.8684503754827742,0.925521541624484,0.006611756914642664,0.33353428116386424,0.17922344698181858
1759044185.4638085,559.1599731445312,488.4100036621094,339.260009765625,561.530029296875,598.1799926757812,218.13999938964844,638.1699829101562,617.9600219726562,840.5,-11649.1103515625,2,-0.09945032646013005,0.038758959219839705,0.9067722157552932,-0.9718350406908722,-0.003032843991652268,0.1958800900337132,0.13099025105357073
1759044188.9297028,559.1599731445312,488.4100036621094,339.260009765625,561.530029296875,598.0999755859375,218.13999938964844,638.1699829101562,617.9600219726562,840.5900268554688,-11649.1103515625,2,-0.10199613269196905,0.03959505065326656,0.9265433704346777,-0.9729772047669181,-0.010104371073270392,0.21277539773569312,0.08910606493155276
1759044188.9956627,559.1599731445312,488.4100036621094,339.260009765625,561.530029296875,598.0999755859375,218.13999938964844,638.1699829101562,617.9600219726562,840.5900268554688,-11649.1103515625,2,-0.10022544664771506,0.03889631118217144,0.9112284047209497,0.9531243966430014,0.0059856433679737475,0.254750852858018,0.16315654925714249
1759044197.8705502,559.1599731445312,488.4100036621094,339.260009765625,561.530029296875,598.1799926757812,218.13999938964844,638.1699829101562,617.9600219726562,840.5900268554688,-11649.1103515625,2,-0.09752266222360595,0.03774123970653889,0.8827460966272861,-0.9755938315412243,-0.0063231132752002706,0.14132964940803028,0.1679363697816105
1759044197.9082227,559.1599731445312,488.4100036621094,339.260009765625,561.530029296875,598.1799926757812,218.13999938964844,638.1699829101562,617.9600219726562,840.5900268554688,-11649.1103515625,2,-0.10022544664771506,0.03889631118217144,0.9112284047209497,0.9531243966430014,0.0059856433679737475,0.254750852858018,0.16315654925714249
