timestamp,motor1,motor2,motor3,motor4,motor5,motor6,motor7,motor8,motor9,motor10,marker_id,x,y,z,qx,qy,qz,qw
1762591905.1237695,345.32000732421875,267.2799987792969,219.3699951171875,87.80000305175781,26.979999542236328,18.190000534057617,182.0200042724609,188.9600067138672,46.31999969482422,156.27000427246094,0,-0.2542091323139053,0.3627333862374665,1.080677886636456,0.9770240634104672,0.0765676709896309,-0.077656961919272,0.183114083405925
1762591905.2384772,345.32000732421875,267.2799987792969,219.3699951171875,87.80000305175781,26.979999542236328,18.190000534057617,182.0200042724609,188.9600067138672,46.31999969482422,156.27000427246094,0,-0.2453213681316044,0.3502219847120636,1.042871637847958,0.9750316450203836,0.06667048043354,-0.0911840183251642,0.1911905150620234
1762591905.4727776,345.32000732421875,267.2799987792969,219.3699951171875,87.80000305175781,26.979999542236328,18.190000534057617,182.0200042724609,188.9600067138672,46.31999969482422,156.27000427246094,0,-0.2475115704949863,0.3538098204707984,1.0529919777810193,0.973549080523718,0.0733627136342718,-0.0928114727759992,0.1954638856177502
1762591906.1582706,345.32000732421875,267.2799987792969,219.3699951171875,87.80000305175781,26.979999542236328,18.190000534057617,182.0200042724609,188.9600067138672,46.31999969482422,156.27000427246094,0,-0.250410362306242,0.3577772411008237,1.0653468395075123,0.9769429800523942,0.0818981453423679,-0.0753594239831066,0.1821978724704605
1762591911.7396407,345.32000732421875,267.2799987792969,219.3699951171875,87.80000305175781,26.979999542236328,18.190000534057617,182.0200042724609,188.9600067138672,46.31999969482422,156.17999267578125,0,-0.2570230833615943,0.367129650689835,1.0931378163047902,0.9464187479378392,0.1339231076663548,0.2407724869580308,0.168477785802175
1762591914.1649148,345.32000732421875,267.2799987792969,219.3699951171875,87.80000305175781,26.979999542236328,18.190000534057617,182.0200042724609,188.9600067138672,46.31999969482422,156.17999267578125,0,-0.2519066291205479,0.3589623863756295,1.070019264911906,0.975630723039032,0.0647555955484661,-0.1094176277367107,0.178827257005105
1762591915.5961468,362.2900085449219,285.2900085449219,237.7400054931641,105.12000274658205,45.52999877929688,37.0,200.57000732421875,207.3300018310547,64.69000244140625,-87.80000305175781,0,-0.249641359025135,0.3633210015755692,1.056420350955923,0.9714037795157096,0.0639553104359031,-0.0763420537352534,0.215537250240244
1762591915.6474626,362.2900085449219,285.2900085449219,237.7400054931641,105.12000274658205,45.52999877929688,37.0,200.57000732421875,207.3300018310547,64.69000244140625,-159.25999450683594,0,-0.2573526744072494,0.3740253859945567,1.0840928273001007,0.9770051750467206,0.0767970902024726,-0.073086435655012,0.1849904532445014
1762591915.6993065,362.2900085449219,285.2900085449219,237.7400054931641,105.12000274658205,45.52999877929688,37.0,200.57000732421875,207.3300018310547,64.69000244140625,-159.25999450683594,0,-0.2499711533003497,0.3626379254906345,1.047211957359885,0.9319015605358903,0.1368878436534447,0.3017899897547749,0.1474584748818981
1762591915.7379415,376.0,299.0,251.72000122070312,118.04000091552734,59.060001373291016,50.27000045776367,214.3699951171875,221.0399932861328,78.12999725341797,-230.4499969482422,0,-0.2571690725711652,0.3715887610990935,1.0708539655485645,0.93595184483369,0.1367346781256684,0.2716965100181197,0.1774225983189749
1762591915.7944148,376.0,299.0,251.72000122070312,118.04000091552734,59.060001373291016,50.27000045776367,214.3699951171875,221.0399932861328,78.12999725341797,-230.4499969482422,0,-0.2582128210986227,0.3684309505433065,1.0579683837900091,0.9719371669443388,0.0692024172664255,-0.1162439626355038,0.1924487207218898
1762591915.833264,376.0,299.0,251.72000122070312,118.04000091552734,59.060001373291016,50.27000045776367,214.3699951171875,221.0399932861328,78.12999725341797,-293.82000732421875,0,-0.2544935729341057,0.3611104579366752,1.03586469177633,0.9773701628753132,0.0684748723662226,-0.0961409763196768,0.1755439239843205
1762591915.8756604,376.0,299.0,251.72000122070312,118.04000091552734,59.060001373291016,50.27000045776367,214.3699951171875,221.0399932861328,78.12999725341797,-293.82000732421875,0,-0.2674011704615326,0.3781018281195437,1.0834046458825353,0.9389124769400374,0.1425881327713603,0.2772874734546,0.1456833624826972
1762591915.9139488,376.0,299.0,251.72000122070312,118.04000091552734,59.060001373291016,50.27000045776367,214.3699951171875,221.0399932861328,78.12999725341797,-363.5199890136719,0,-0.2664807667583796,0.3729534586192427,1.070332134363968,0.9313723916113223,0.1442159054437903,0.2906887238062595,0.1650675819569718
1762591915.9998925,389.7900085449219,312.6300048828125,265.6099853515625,130.52000427246094,72.51000213623047,63.97999954223633,227.63999938964844,234.6699981689453,91.93000030517578,-363.5199890136719,0,-0.2637453282338198,0.3665529222183208,1.0558015976636257,0.9823367344005248,0.0897795740146589,-0.0451240864055473,0.1578543162638381
1762591916.2395356,403.3299865722656,326.25,279.32000732421875,142.82000732421875,85.87000274658203,77.69999694824219,241.0800018310547,248.2899932861328,105.63999938964844,-565.0499877929688,0,-0.2685058670813878,0.37015855037881,1.067891678278545,0.9738177997197276,0.0805706215996227,-0.0851491530534746,0.1947739449165498
1762591916.363989,416.6000061035156,339.9599914550781,293.2900085449219,155.38999938964844,99.31999969482422,91.31999969482422,254.7100067138672,261.8299865722656,119.70999908447266,-636.5900268554688,0,-0.2735302564900949,0.3767393133089134,1.0806332148074078,0.940696123216506,0.1457931735048562,0.2583704253029276,0.1645596477074605
1762591916.405358,416.6000061035156,339.9599914550781,293.2900085449219,155.38999938964844,99.31999969482422,91.31999969482422,254.7100067138672,261.8299865722656,119.70999908447266,-636.5900268554688,0,-0.2718820755054393,0.3750075621200781,1.0695855840082849,0.9371911772388464,0.146109578973218,0.2771187611863868,0.1533945254448695
1762591916.5246663,430.1400146484375,353.5799865722656,307.2699890136719,168.66000366210938,113.1999969482422,105.20999908447266,268.239990234375,275.3599853515625,133.3300018310547,-771.3300170898438,0,-0.27009231344238,0.3755141020709593,1.0575208987983211,0.9761180643072164,0.0825216326335369,-0.0940559825037228,0.1775870964791309
1762591916.6249511,430.1400146484375,353.5799865722656,307.2699890136719,168.66000366210938,113.1999969482422,105.20999908447266,268.239990234375,275.3599853515625,133.3300018310547,-842.8699951171875,0,-0.2700227486745625,0.3733791497953806,1.0483628605611213,0.9660624802245368,0.092561339983063,-0.1237072865591109,0.2070077049173243
1762591916.875766,443.6700134277344,367.2900085449219,320.7099914550781,180.7899932861328,126.73999786376952,118.83000183105467,281.69000244140625,288.8999938964844,146.77999877929688,-982.1799926757812,0,-0.2781749581742589,0.369745642865192,1.0600766560596342,0.9764689839323482,0.1070311438496752,-0.0602890325063185,0.177250924465318
1762591916.9680598,456.9400024414063,381.1799926757813,334.4200134277344,193.3600006103516,140.19000244140625,132.4499969482422,295.2200012207031,302.7799987792969,160.5800018310547,-1046.949951171875,0,-0.2825334178432639,0.3758631851730209,1.075945252373229,0.9766108042688508,0.1020707732954845,-0.0623465931641439,0.1786779128628805
1762591917.2046409,470.4800109863281,395.0700073242188,347.9599914550781,206.27999877929688,153.80999755859375,145.80999755859375,308.760009765625,316.32000732421875,174.11000061035156,-1256.1300048828125,0,-0.278397471531814,0.3766478286674717,1.0704777710866662,0.9745898218256102,0.1143318477365833,-0.0603398980885351,0.182926226894149
1762591917.396052,484.3699951171875,408.6900024414063,361.489990234375,219.1100006103516,167.52000427246094,159.35000610351562,322.0299987792969,329.94000244140625,187.6499938964844,-1327.5,0,-0.2774388150328497,0.3662137453358937,1.054345697341728,0.96783476943624,0.103648228988935,-0.0973784709384885,0.2075339420322355
1762591917.5626078,497.80999755859375,422.3999938964844,375.1199951171875,231.2400054931641,180.6999969482422,172.7899932861328,335.739990234375,343.5599975585937,201.2700042724609,-1461.800048828125,0,-0.2808695751166799,0.3625695631485569,1.0608954823904737,0.9676985465120592,0.1147021405761496,-0.0677037143496243,0.2140540798232116
1762591917.6313708,497.80999755859375,422.3999938964844,375.1199951171875,231.2400054931641,180.6999969482422,172.7899932861328,335.739990234375,343.5599975585937,201.2700042724609,-1533.1600341796875,0,-0.2720505104156286,0.351383607737858,1.0303474775427297,0.9663009325597604,0.119970420112873,-0.0959256106168795,0.2065620566799644
1762591917.7319338,510.9100036621094,436.0299987792969,388.4800109863281,239.8500061035156,183.33999633789065,186.0599975585937,349.19000244140625,357.2799987792969,214.97999572753903,-1596.8800048828125,0,-0.286244033763666,0.3645530246532294,1.0768593828970316,0.97127511369705,0.1470484324586667,-0.0207786661918064,0.1859291775260711
1762591917.8495486,510.9100036621094,436.0299987792969,388.4800109863281,239.8500061035156,183.33999633789065,186.0599975585937,349.19000244140625,357.2799987792969,214.97999572753903,-1666.9300537109375,0,-0.2913176405492373,0.3585839379913664,1.0741198982458284,0.9651301547249568,0.1334179309307911,-0.0332718616356563,0.2227474430156839
1762591918.0689583,524.7100219726562,449.6499938964844,402.010009765625,253.7400054931641,183.6000061035156,199.69000244140625,362.7200012207031,371.0700073242188,228.69000244140625,-1794.9000244140625,0,-0.2897981692746433,0.3435999691822683,1.053536776867636,0.9260246976551508,0.2054304928136057,0.2787472802763915,0.1502548691176454
1762591918.1095498,524.7100219726562,449.6499938964844,402.010009765625,253.7400054931641,183.6000061035156,199.69000244140625,362.7200012207031,371.0700073242188,228.69000244140625,-1854.9300537109373,0,-0.2938879135815505,0.3460085187778546,1.065159998535408,0.9647154953858004,0.1412600579441674,-0.0720821865992182,0.2101755632018519
1762591918.1662788,538.0700073242188,463.4500122070313,415.6300048828125,256.2900085449219,183.6000061035156,212.33999633789065,376.5199890136719,384.6099853515625,242.3099975585937,-1854.9300537109373,0,-0.3016906534902888,0.3523054652628292,1.089311831657339,0.9669536729415196,0.1697730058475388,0.0357681291140184,0.1868110323564418
1762591918.3018196,538.0700073242188,463.4500122070313,415.6300048828125,256.2900085449219,183.6000061035156,212.33999633789065,376.5199890136719,384.6099853515625,242.3099975585937,-1922.780029296875,0,-0.3100078785518699,0.33313873747181,1.0805863667575029,0.967365330627761,0.1584181070505679,-0.0562128109237921,0.1895999481698333
1762591918.340654,542.2899780273438,477.1600036621094,428.5499877929688,256.2900085449219,183.6000061035156,213.57000732421875,390.3200073242188,398.2300109863281,255.94000244140625,-1994.06005859375,0,-0.3142756940591025,0.3271019556127413,1.0818673129781091,0.9621185660567796,0.1645732844380508,-0.0786591652858011,0.2026233812141615
1762591918.7891412,543.4299926757812,504.0499877929688,455.1000061035156,256.3800048828125,183.6000061035156,213.57000732421875,417.2200012207031,425.3900146484375,283.17999267578125,-2247.360107421875,0,-0.3237929412071881,0.2285837534943302,1.081546233227347,0.9162750569557278,0.2536710649012713,0.300515956195679,0.076034011497682
1762591918.873368,543.4299926757812,504.0499877929688,455.1000061035156,256.3800048828125,183.6000061035156,213.57000732421875,417.2200012207031,425.3900146484375,283.17999267578125,-2313.280029296875,0,-0.3272449020321405,0.2130596400172346,1.0714060222132509,0.9525940862856046,0.2083746571242127,-0.0851760667305012,0.2046693594517317
1762591918.9792764,543.8699951171875,517.5,468.6300048828125,256.3800048828125,183.6000061035156,213.66000366210932,425.2999877929688,438.3999938964844,296.6300048828125,-2377.090087890625,0,-0.3398940131239665,0.2003787358807011,1.0809738742585868,0.955117665689874,0.2170736755477165,-0.0665674954517696,0.1902578056759028
1762591919.202837,544.219970703125,531.1199951171875,482.8699951171875,256.3800048828125,183.6000061035156,214.1000061035156,425.6499938964844,451.4100036621094,310.3399963378906,-2505.590087890625,0,-0.3486739130170118,0.1710990407840582,1.0482476136464691,0.9509952258253968,0.2214152955565705,-0.097668375261412,0.1924687918201162
1762591919.2438946,544.219970703125,531.1199951171875,482.8699951171875,256.3800048828125,183.6000061035156,214.1000061035156,425.6499938964844,451.4100036621094,310.3399963378906,-2570.7099609375,0,-0.3545068315978322,0.1709012519827925,1.0593217917448583,0.8949129512446349,0.2853829839821131,0.3404718177217412,0.0420274134980536
1762591919.285638,544.219970703125,531.1199951171875,482.8699951171875,256.3800048828125,183.6000061035156,214.1000061035156,425.6499938964844,451.4100036621094,310.3399963378906,-2570.7099609375,0,-0.3599502080026083,0.1707248435093487,1.0694776181755912,0.9529268393619164,0.2363207993918389,-0.0339867867120248,0.1868898523930656
1762591919.328388,544.3099975585938,544.6599731445312,496.4100036621094,256.3800048828125,183.6000061035156,214.1000061035156,426.1799926757813,464.4100036621094,323.6099853515625,-2631.800048828125,0,-0.3571051185663922,0.1676382046738026,1.0579633513154991,0.9042070720213868,0.2828010738724003,0.3183114125081194,0.0333311894509302
1762591919.507922,544.3099975585938,544.6599731445312,496.4100036621094,256.3800048828125,183.6000061035156,214.1000061035156,426.1799926757813,464.4100036621094,323.6099853515625,-2700.260009765625,0,-0.3606045119068776,0.147107246686349,1.0561344935100696,0.9463235489425864,0.2457036830567875,-0.0756707563178049,0.195896343731396
1762591919.5538306,544.75,550.719970703125,509.4100036621094,260.239990234375,183.6000061035156,214.8000030517578,426.5299987792969,478.2999877929688,337.32000732421875,-2767.320068359375,0,-0.3654574874044471,0.1447767821400543,1.0662068101742528,0.8998812036762358,0.2912109968806289,0.3246443761836563,0.0040004472654865
1762591919.7709532,544.8300170898438,550.719970703125,523.0399780273438,260.3299865722656,183.6000061035156,214.97999572753903,426.6199951171875,491.6600036621094,350.7699890136719,-2893.27001953125,0,-0.3689959925811891,0.1190834577579188,1.069787487734372,-0.8914384268842822,-0.3060158578839186,-0.3341495985711946,0.0059892881342696
1762591919.974483,545.0999755859375,550.9000244140625,536.5700073242188,260.4200134277344,183.6000061035156,214.97999572753903,426.9700012207031,504.760009765625,364.30999755859375,-3016.85009765625,0,-0.3702961663682314,0.0937683853773691,1.0752299457485666,-0.8859350697201466,-0.3141838355822265,-0.3392171753633333,0.0365961423830581
1762591920.1427052,545.0999755859375,551.25,550.1099853515625,260.95001220703125,183.6000061035156,214.97999572753903,427.4100036621094,518.2000122070312,377.8399963378906,-3146.75,0,-0.361937952344852,0.072477198949518,1.049901874270137,-0.8677662712173992,-0.3190030210926699,-0.3792833873520805,0.0369172473233367
1762591920.4147575,545.1900024414062,551.5999755859375,563.6400146484375,260.95001220703125,183.6000061035156,214.97999572753903,427.4100036621094,531.739990234375,391.5499877929688,-3336.330078125,0,-0.3609928268268331,0.0418107881224642,1.0390414250544606,-0.8473624970764195,-0.3205999958398421,-0.4206304443122284,0.0475654342312313
1762591920.454632,545.1900024414062,551.5999755859375,563.6400146484375,260.95001220703125,183.6000061035156,214.97999572753903,427.4100036621094,531.739990234375,391.5499877929688,-3336.330078125,0,-0.3579556565777106,0.0371440498259136,1.0286982979631023,-0.8329217991479005,-0.3513179899679822,-0.4229960222378847,0.0623803783253061
1762591920.5657623,545.1900024414062,551.6900024414062,577.4400024414062,260.95001220703125,183.6000061035156,214.97999572753903,427.8500061035156,545.0999755859375,405.0,-3397.93994140625,0,-0.3600590171041939,0.0206382736496843,1.0343277164072358,0.9224264784055008,0.2957380024589884,-0.1359584223209562,0.2078069614762463
1762591920.604746,545.1900024414062,551.6900024414062,577.4400024414062,260.95001220703125,183.6000061035156,214.97999572753903,427.8500061035156,545.0999755859375,405.0,-3466.489990234375,0,-0.3636477829085558,0.0172074322044351,1.043422305311212,-0.841050938015401,-0.3496596577659772,-0.4080741615199286,0.0620235607991109
1762591920.9681582,545.1900024414062,552.0399780273438,604.510009765625,260.95001220703125,183.6000061035156,214.97999572753903,427.8500061035156,572.1699829101562,432.0700073242188,-3660.909912109375,0,-0.3476029646276236,-0.0196818312884442,1.0287365729290927,-0.8199614296309237,-0.360933345746665,-0.4323314347929819,0.1023714038956772
1762591921.0280552,545.1900024414062,552.0399780273438,604.510009765625,260.95001220703125,183.6000061035156,214.97999572753903,427.8500061035156,572.1699829101562,432.0700073242188,-3722.080078125,0,-0.3492786360774081,-0.023183971478949,1.0364425845898455,-0.8156800653277523,-0.3702726259955587,-0.429040503450298,0.1161398289321188
1762591921.0280552,545.1900024414062,552.0399780273438,604.510009765625,260.95001220703125,183.6000061035156,214.97999572753903,427.8500061035156,572.1699829101562,432.0700073242188,-3722.080078125,1,-0.3550528033045005,-0.0384439006498932,0.9976620605036082,0.871734968338051,0.3496120452650366,-0.3074859616012361,0.1526497500830526
1762591921.1099498,545.1900024414062,552.0399780273438,604.510009765625,260.95001220703125,183.6000061035156,214.97999572753903,427.8500061035156,572.1699829101562,432.0700073242188,-3793.010009765625,0,-0.3363837320135883,-0.0292450707318304,1.0014153753186616,-0.8055591172393011,-0.3669577730032367,-0.4485656526516649,0.1233100025396526
1762591921.1992495,545.1900024414062,552.1300048828125,618.3099975585938,260.95001220703125,183.6000061035156,214.97999572753903,427.8500061035156,585.7000122070312,445.6099853515625,-3855.590087890625,0,-0.343087308732744,-0.0440117435366699,1.0263039064127937,-0.810612426047059,-0.3736521663170128,-0.4367287187208494,0.1120695301549451
1762591921.4107108,545.1900024414062,552.1300048828125,632.1099853515625,260.95001220703125,183.6000061035156,214.97999572753903,427.8500061035156,599.1500244140625,459.2300109863281,-3990.14990234375,0,-0.3365174593124475,-0.0659700053256159,1.0231761306121332,-0.8017421493766903,-0.3864501637023581,-0.4394707782809384,0.1213722864759975
1762591921.564969,545.1900024414062,552.47998046875,645.72998046875,261.0400085449219,183.6000061035156,215.16000366210932,427.9400024414063,612.5999755859375,473.0299987792969,-4049.739990234375,0,-0.3281585795859001,-0.0775676688094409,1.0185415745688764,0.8963574997566638,0.3655079306310296,-0.1536653885762507,0.1983283480229558
1762591921.620305,545.1900024414062,552.47998046875,645.72998046875,261.0400085449219,183.6000061035156,215.16000366210932,427.9400024414063,612.5999755859375,473.0299987792969,-4116.009765625,0,-0.3233629751141663,-0.0792248439598531,1.0091383729051215,-0.7828019833809217,-0.3986632853673982,-0.4550957062599102,0.1455216061578527
1762591921.620305,545.1900024414062,552.47998046875,645.72998046875,261.0400085449219,183.6000061035156,215.16000366210932,427.9400024414063,612.5999755859375,473.0299987792969,-4116.009765625,1,-0.3310479065324746,-0.0946069850445563,0.9787177609055648,0.8700237631853077,0.3941583653692321,-0.2690700634104778,0.1236896740985765
1762591921.7348337,545.1900024414062,552.5700073242188,659.6199951171875,264.1099853515625,183.6000061035156,215.2400054931641,427.9400024414063,626.219970703125,487.0,-4178.93994140625,0,-0.3157164753204179,-0.0893125390314028,1.0061885760273992,-0.7789813782300422,-0.4045960672825708,-0.4548786165753471,0.1502513856601657
1762591921.9690886,545.1900024414062,552.5700073242188,673.1500244140625,264.1099853515625,183.6000061035156,215.3300018310547,427.9400024414063,639.6699829101562,500.2699890136719,-4312.27001953125,0,-0.3022875789224087,-0.1052954005386839,1.0066910065348336,-0.773422199101814,-0.4111028344539729,-0.4500825646334573,0.1738914789556781
1762591922.2760756,545.1900024414062,552.5700073242188,686.6900024414062,264.1099853515625,183.6000061035156,215.3300018310547,427.9400024414063,653.1199951171875,513.9000244140625,-4494.10986328125,0,-0.2766026125296893,-0.1374677094285839,1.007500009190888,-0.7509950090843069,-0.4319905838365825,-0.4555758423741921,0.2045514205573646
1762591922.3682752,545.1900024414062,552.5700073242188,700.1400146484375,264.1099853515625,183.6000061035156,215.3300018310547,427.9400024414063,667.0900268554688,527.52001953125,-4560.47021484375,0,-0.2686870635143902,-0.1471403804973195,1.003000498162763,-0.7467163819959299,-0.4374342656051893,-0.4555931111867211,0.2085685143365631
1762591922.432688,545.1900024414062,552.5700073242188,700.1400146484375,264.1099853515625,183.6000061035156,215.3300018310547,427.9400024414063,667.0900268554688,527.52001953125,-4618.47998046875,0,-0.2639094569486053,-0.1530180560725075,1.001310760346065,-0.7462966173497649,-0.4362419628606063,-0.4545136187895715,0.2148294186247128
1762591922.6669738,545.1900024414062,552.6599731445312,713.5800170898438,264.1099853515625,183.6000061035156,215.4199981689453,427.9400024414063,680.5399780273438,540.969970703125,-4743.81005859375,0,-0.2542958102211233,-0.1682822275084246,1.0096493999808962,-0.7413394446902846,-0.4544650443473215,-0.4479063685994753,0.2079837401835023
1762591923.1870384,545.27001953125,552.6599731445312,753.489990234375,264.1099853515625,183.6000061035156,215.4199981689453,427.9400024414063,721.5800170898438,581.9199829101562,-5052.56982421875,1,-0.2167476141492211,-0.2143666230760162,0.9884209682388642,-0.6948677806546992,-0.4869313691411109,-0.4786214138712587,0.2257834168805436
1762591923.1870384,545.27001953125,552.6599731445312,753.489990234375,264.1099853515625,183.6000061035156,215.4199981689453,427.9400024414063,721.5800170898438,581.9199829101562,-5052.56982421875,0,-0.2067583030981645,-0.1931866605349431,1.0003280856434549,-0.715636082066872,-0.4686907773770734,-0.4511878720952125,0.2542114421497312
1762591923.2268784,545.27001953125,552.6599731445312,753.489990234375,264.1099853515625,183.6000061035156,215.4199981689453,427.9400024414063,721.5800170898438,581.9199829101562,-5107.68017578125,0,-0.2018678191704102,-0.1925506549693854,0.987849239527826,-0.7149900061293467,-0.4676859875730347,-0.4462716193756541,0.2662719472697477
1762591923.307952,545.27001953125,552.6599731445312,753.489990234375,264.1099853515625,183.6000061035156,215.4199981689453,427.9400024414063,721.5800170898438,581.9199829101562,-5169.990234375,0,-0.1988954667274729,-0.1973396020273629,0.9921167689357476,0.8253032703343283,0.4872960384436113,-0.1927621956782681,0.21038017684639
1762591923.3451452,545.1900024414062,552.6599731445312,766.9299926757812,264.1099853515625,183.6000061035156,215.4199981689453,427.9400024414063,735.2100219726562,595.6300048828125,-5169.990234375,0,-0.1952677688311812,-0.1962527339317347,0.9805909996067724,-0.7055972289273088,-0.4684531676646465,-0.4511478719170919,0.2813357032083572
1762591923.4368932,545.1900024414062,552.6599731445312,766.9299926757812,264.1099853515625,183.6000061035156,215.4199981689453,427.9400024414063,735.2100219726562,595.6300048828125,-5230.10986328125,1,-0.2013029898058229,-0.2251943299981229,0.9790689192414448,-0.6893184946461384,-0.5036022661601242,-0.4677958995345787,0.2288924787663491
1762591923.4368932,545.1900024414062,552.6599731445312,766.9299926757812,264.1099853515625,183.6000061035156,215.4199981689453,427.9400024414063,735.2100219726562,595.6300048828125,-5230.10986328125,0,-0.1883249108394245,-0.1996148263240681,0.9711945177642916,-0.7002112080151769,-0.467969414856648,-0.4595270580773209,0.2820350577915015
1762591923.582265,545.27001953125,552.5700073242188,780.2100219726562,264.1099853515625,183.6000061035156,215.4199981689453,427.9400024414063,739.25,608.8200073242188,-5296.10986328125,1,-0.1922541472722895,-0.22797331843267,0.9654826492228454,-0.6764460395929979,-0.5109626106966159,-0.472030683570881,0.2419194075651103
1762591923.582265,545.27001953125,552.5700073242188,780.2100219726562,264.1099853515625,183.6000061035156,215.4199981689453,427.9400024414063,739.25,608.8200073242188,-5296.10986328125,0,-0.1821430336298378,-0.2050887814672933,0.968986055872228,-0.6923812545066365,-0.4743855701963947,-0.4575678076357142,0.2935953518240776
1762591923.770104,545.27001953125,552.6599731445312,793.0399780273438,264.1099853515625,183.6000061035156,215.4199981689453,427.9400024414063,739.25,622.0900268554688,-5418.10986328125,0,-0.1739814692927916,-0.2049383597116209,0.9473383729781812,-0.6813246557729408,-0.4678350795143616,-0.4672021327839082,0.3140847320928576
1762591923.8034782,545.27001953125,552.6599731445312,793.0399780273438,264.1099853515625,183.6000061035156,215.4199981689453,427.9400024414063,739.25,622.0900268554688,-5418.10986328125,0,-0.1689166830205674,-0.2011407634837179,0.920648886579333,-0.6820380058121366,-0.4792314627893445,-0.4299031248696623,0.3469072886635398
1762591923.8638773,545.27001953125,552.6599731445312,793.0399780273438,264.1099853515625,183.6000061035156,215.4199981689453,427.9400024414063,739.25,622.0900268554688,-5479.3701171875,0,-0.1715236248476047,-0.2059060951353335,0.938544435193941,-0.6761635672091855,-0.4666036491862094,-0.4635934404703413,0.3319111129473286
1762591924.6986382,545.1900024414062,552.6599731445312,795.5,265.7799987792969,183.6000061035156,215.4199981689453,427.9400024414063,740.8300170898438,675.8800048828125,-5964.52001953125,0,-0.1222600387381688,-0.2088543561175682,0.900308328453328,-0.6383743798130913,-0.4839080259525381,-0.3651215211026165,0.4743389594421699
1762591924.7522662,545.27001953125,552.6599731445312,795.8499755859375,265.7799987792969,183.6000061035156,215.4199981689453,427.9400024414063,741.0900268554688,689.239990234375,-6030.0,0,-0.1176760806756635,-0.2054225233328273,0.884148410666416,-0.6252869801382904,-0.4942150508866618,-0.3793168885914035,0.4699855040062067
1762591925.17147,545.27001953125,552.6599731445312,795.8499755859375,266.4800109863281,183.6000061035156,215.4199981689453,427.9400024414063,741.6199951171875,702.25,-6268.5400390625,0,-0.1007547915309731,-0.1998812229864724,0.8949374067310609,-0.6154369004501732,-0.5053754663663075,-0.3468388711696921,0.4955157484934809
1762591926.5088742,545.27001953125,552.6599731445312,796.2000122070312,266.4800109863281,183.6000061035156,215.4199981689453,427.9400024414063,741.6199951171875,702.25,-7100.68017578125,1,-0.1359171964020004,-0.2320296590360014,1.0119225651848784,-0.6342656820742119,-0.6476279943325817,-0.4142698097436222,0.081642821084744
1762591926.617803,545.1900024414062,552.6599731445312,796.2000122070312,266.4800109863281,183.6000061035156,215.4199981689453,427.9400024414063,741.6199951171875,702.25,-7162.72998046875,0,-0.1197150572152774,-0.1880848802732903,0.923140106867682,-0.6162991209265498,-0.4948348215770757,-0.357269582617724,0.4976668948564923
1762591927.5701003,547.8200073242188,555.2100219726562,796.1099853515625,266.2200012207031,186.3300018310547,217.52999877929688,430.489990234375,741.6199951171875,702.0700073242188,-7681.89990234375,1,-0.145362974301482,-0.2196101602890458,1.011748840409127,-0.6339391811764595,-0.6497510177806565,-0.4132803202741418,0.071722425617263
1762591927.6658063,547.8200073242188,555.2100219726562,796.1099853515625,266.2200012207031,186.3300018310547,217.52999877929688,430.489990234375,741.6199951171875,702.0700073242188,-7743.68994140625,1,-0.1462033003198447,-0.2207635376863957,1.015456524528108,0.6893772791435419,0.7035418422629428,-0.1724611584588698,0.0067076082873451
1762591927.9523258,553.0999755859375,560.1300048828125,796.030029296875,265.3399963378906,191.9499969482422,221.75,435.8500061035156,741.27001953125,701.3699951171875,-7915.68994140625,1,-0.1490809453714243,-0.2168117353639574,1.0260528980289958,-0.6402935619251512,-0.6515653227207417,-0.4022196219798268,0.0608782430710958
1762591928.629212,560.9199829101562,567.510009765625,796.030029296875,265.0799865722656,199.9499969482422,221.83999633789065,443.8500061035156,741.1799926757812,700.75,-8319.73046875,1,-0.1557197003313624,-0.2117451052654875,1.0383085613578025,-0.6311335194526164,-0.6551942364219184,-0.4130670837530747,0.0420306733539138
1762591928.767277,563.6400146484375,570.0599975585938,796.030029296875,265.0799865722656,202.41000366210932,221.83999633789065,446.4800109863281,740.9199829101562,700.4000244140625,-8377.5595703125,1,-0.157550056110023,-0.2098801856551073,1.0504791848847532,-0.6303889337442785,-0.6618669116803573,-0.4023781909520745,0.0513203164603798
1762591928.8032537,563.6400146484375,570.0599975585938,796.030029296875,265.0799865722656,202.41000366210932,221.83999633789065,446.4800109863281,740.9199829101562,700.4000244140625,-8377.5595703125,1,-0.1553257166094776,-0.2067903582495754,1.036902736448439,-0.6335039729605847,-0.6523711404306479,-0.4114758130393439,0.0614187810037098
1762591929.9091504,577.0900268554688,582.7999877929688,796.030029296875,265.0799865722656,207.25,221.83999633789065,459.8399963378906,740.1300048828125,699.6099853515625,-9053.08984375,1,-0.1675741117619499,-0.2002357277196555,1.0624798831980329,-0.6334687978645315,-0.6582679142690061,-0.4043528132214866,0.0435825379695538
1762591929.9492457,579.72998046875,585.3499755859375,796.030029296875,265.0799865722656,209.7899932861328,221.83999633789065,462.4800109863281,740.0399780273438,699.52001953125,-9053.08984375,1,-0.1682114301335129,-0.1979462722402129,1.0533389155852126,-0.6310097985136836,-0.6521403544278139,-0.419684715159466,0.0201080125324085
1762591930.0570064,579.72998046875,585.3499755859375,796.030029296875,265.0799865722656,209.7899932861328,221.83999633789065,462.4800109863281,740.0399780273438,699.52001953125,-9111.8798828125,1,-0.1729153239597232,-0.1993248440419741,1.0730218926491613,-0.6353902938666338,-0.6654908039115208,-0.3859509744630001,0.0666559050672274
1762591930.2767534,582.280029296875,587.8099975585938,796.030029296875,265.0799865722656,212.42999267578125,221.83999633789065,465.0299987792969,739.9500122070312,699.260009765625,-9225.7900390625,1,-0.1698549214596418,-0.1955312833874145,1.066005229096276,-0.6302074157227203,-0.6584617988452172,-0.4104027755133957,0.0289177191443661
1762591930.4058385,585.0,590.3599853515625,796.030029296875,265.0799865722656,214.88999938964844,221.83999633789065,467.5799865722656,739.5999755859375,699.1699829101562,-9336.4501953125,1,-0.1712057091196337,-0.1926071581198523,1.0636477802498556,-0.6320717964514763,-0.654914101093688,-0.4113453116085213,0.0486600342883018
1762591930.4759598,585.0,590.3599853515625,796.030029296875,265.0799865722656,214.88999938964844,221.83999633789065,467.5799865722656,739.5999755859375,699.1699829101562,-9336.4501953125,1,-0.1762074763356074,-0.1956846161475231,1.0849539870311666,-0.6279838054941478,-0.6650418383959744,-0.3977318133288395,0.0718686154461337
1762591930.5072649,585.0,590.3599853515625,796.030029296875,265.0799865722656,214.88999938964844,221.83999633789065,467.5799865722656,739.5999755859375,699.1699829101562,-9391.4599609375,1,-0.1772737450599249,-0.1969299306652278,1.093990337501639,-0.6350504006178953,-0.6651511920090235,-0.3917861779769991,0.0280797291689403
1762591930.9774933,593.0900268554688,597.8300170898438,796.030029296875,265.0799865722656,217.0,221.9199981689453,474.5199890136719,739.1599731445312,698.72998046875,-9620.240234375,1,-0.1812286804257062,-0.1914356316740807,1.0940911257906014,-0.6348672865328221,-0.665917622990433,-0.3910462502471823,0.0240848095039457
1762591931.0716238,593.0900268554688,597.8300170898438,796.030029296875,265.0799865722656,217.0,221.9199981689453,474.5199890136719,739.1599731445312,698.72998046875,-9672.4501953125,1,-0.1803926500027071,-0.1877613484481447,1.0842947865097556,-0.6369618986625805,-0.6563441747173072,-0.3984657814167298,0.06867958216801
1762591931.1767194,595.8099975585938,600.2899780273438,796.030029296875,265.0799865722656,216.91000366210932,221.9199981689453,476.7200012207031,738.9000244140625,698.469970703125,-9732.0400390625,1,-0.181548863477692,-0.1884193293839776,1.0948567448054027,-0.6399163007491985,-0.6551884261377776,-0.4013420669149607,0.012641187246086
1762591931.738984,603.9000244140625,607.760009765625,796.030029296875,265.0799865722656,216.8300018310547,221.83999633789065,480.9400024414063,738.8099975585938,698.1199951171875,-10066.73046875,1,-0.189676708722775,-0.181867735002059,1.1077608301794335,-0.6367669840772848,-0.6574241211819026,-0.4018799591204101,0.0285277292243763
1762591931.9712636,606.530029296875,610.3099975585938,796.030029296875,265.0799865722656,216.8300018310547,221.9199981689453,480.9400024414063,738.8099975585938,698.030029296875,-10186.7001953125,1,-0.1856627518496085,-0.1752787522884577,1.1064339802436522,-0.6230848559365507,-0.6661961331825227,-0.4095954604989194,0.0133989989872635
1762591932.0435314,606.530029296875,610.3099975585938,796.030029296875,265.0799865722656,216.8300018310547,221.9199981689453,480.9400024414063,738.8099975585938,698.030029296875,-10241.7197265625,1,-0.1866618848878946,-0.1685559838098947,1.0913050595892613,-0.6218182416213147,-0.6685602189857367,-0.406692962764718,0.0311471028247523
1762591932.0945332,606.530029296875,610.3099975585938,796.030029296875,265.0799865722656,216.8300018310547,221.9199981689453,480.9400024414063,738.8099975585938,698.030029296875,-10241.7197265625,1,-0.193365894037278,-0.171181914209481,1.11870427287164,-0.6192149963883425,-0.6675020341667135,-0.4124343936530076,0.0301942637459612
1762591932.1306386,609.260009765625,612.9500122070312,796.030029296875,265.0799865722656,216.8300018310547,221.9199981689453,481.0299987792969,738.719970703125,697.9400024414062,-10300.4296875,1,-0.1938200407415027,-0.1686255262984015,1.109808019824941,-0.6327978993002341,-0.6583679988687561,-0.4074669004582904,0.0094404310110416
1762591932.2015743,609.260009765625,612.9500122070312,796.030029296875,265.0799865722656,216.8300018310547,221.9199981689453,481.0299987792969,738.719970703125,697.9400024414062,-10350.8798828125,1,-0.1939874981587923,-0.1699852173697535,1.1187874331184988,-0.6240393695100666,-0.6693589971969849,-0.4009079198904823,0.0424998581410796
1762591932.360738,611.8900146484375,615.5,796.030029296875,265.0799865722656,216.8300018310547,221.83999633789065,480.9400024414063,738.4600219726562,697.8499755859375,-10408.8896484375,1,-0.1869339157343582,-0.1695998833965185,1.1044923281223686,-0.6304851388004975,-0.6649913376877393,-0.3977106183786237,0.0458396616575783
1762591932.401043,611.8900146484375,615.5,796.030029296875,265.0799865722656,216.8300018310547,221.83999633789065,480.9400024414063,738.4600219726562,697.8499755859375,-10464.259765625,1,-0.1951383555773489,-0.1726101085326722,1.1360320510947173,-0.6308188897812039,-0.669957411424706,-0.3898873026769064,0.0348207751729178
1762591932.5375614,614.530029296875,618.1300048828125,796.030029296875,264.989990234375,216.8300018310547,221.83999633789065,481.0299987792969,738.3699951171875,697.6799926757812,-10523.1396484375,1,-0.1992414861890163,-0.1620411335127294,1.1223103088514066,-0.6297065219940056,-0.6601938773347571,-0.4085375191043986,0.026661507308028
1762591932.6091175,614.530029296875,618.1300048828125,796.030029296875,264.989990234375,216.8300018310547,221.83999633789065,481.0299987792969,738.3699951171875,697.6799926757812,-10583.9599609375,1,-0.1953220852876288,-0.1655840952832211,1.1383118338818534,-0.6271091174475574,-0.6701266473316921,-0.396615220876319,0.0189946813440047
1762591933.3053732,622.4400024414062,625.6099853515625,796.030029296875,264.1099853515625,216.8300018310547,221.9199981689453,480.9400024414063,738.3699951171875,697.4099731445312,-10930.8701171875,1,-0.2011019452900277,-0.1647998690664487,1.1385523599714182,-0.6262903960908472,-0.6700370139325061,-0.3981788057973552,0.0162597152057629
1762591933.5756438,627.6300048828125,630.3499755859375,796.030029296875,263.6700134277344,216.8300018310547,221.9199981689453,481.0299987792969,738.3699951171875,697.3200073242188,-11107.4404296875,1,-0.2031998805479953,-0.1632950869311333,1.1539504889707404,-0.6229175024583576,-0.680570339701651,-0.3857317230538057,0.0029724870670275
1762591933.7197096,630.0900268554688,632.6400146484375,796.030029296875,263.32000732421875,216.8300018310547,221.83999633789065,481.0299987792969,738.3699951171875,697.3200073242188,-11224.9501953125,1,-0.2046797385798529,-0.1637770751116943,1.1413833754077338,0.6334210588524786,0.6643142531554918,0.3967474668850297,0.0074687868478341
1762591934.0790565,632.3699951171875,634.9199829101562,796.030029296875,263.0599975585937,216.8300018310547,221.83999633789065,481.0299987792969,738.3699951171875,697.3200073242188,-11407.58984375,1,-0.2109180268743086,-0.1623704821642395,1.1518386281035489,-0.6239594758513699,-0.6761293677670348,-0.3910791076603067,0.0240994209443253
1762591934.6143377,639.0499877929688,641.4299926757812,796.030029296875,262.6199951171875,216.8300018310547,221.83999633789065,481.0299987792969,738.3699951171875,697.3200073242188,-11759.0595703125,1,-0.2170962014859296,-0.1589134347041591,1.141851216994094,0.6317677927685894,0.664441988499244,0.3989690293057775,0.0144918457858494
1762591934.9186094,643.010009765625,641.510009765625,796.030029296875,262.5299987792969,216.8300018310547,221.83999633789065,481.0299987792969,738.1099853515625,697.239990234375,-11763.900390625,1,-0.2152820669414529,-0.1566768237197746,1.154141078314923,0.6308778004448721,0.6704813026553658,0.3904392440833863,0.0022848139963547
1762591935.742866,645.1199951171875,641.510009765625,796.030029296875,262.5299987792969,216.8300018310547,221.83999633789065,481.0299987792969,738.02001953125,697.239990234375,-11763.900390625,1,-0.2207455813571434,-0.1615468748553198,1.1698516296148167,-0.6297771734843741,-0.6765732882193688,-0.3814743552819559,0.0103253904662097
1762591937.5778491,645.1199951171875,641.510009765625,796.030029296875,262.5299987792969,216.8300018310547,221.83999633789065,481.0299987792969,738.02001953125,697.239990234375,-11763.900390625,0,-0.1917954384203152,-0.1226609964783427,1.0513264048480992,-0.6197128124480302,-0.4996099396039734,-0.3561933954640891,0.4893589718850875
1762591938.9463823,645.1199951171875,641.510009765625,796.030029296875,262.5299987792969,216.8300018310547,221.83999633789065,481.0299987792969,738.02001953125,697.239990234375,-11763.900390625,1,-0.21184317197921,-0.1535160018838983,1.1248979002303503,0.6224521690627579,0.6681307984138914,0.4066990366484484,0.0273939232149751
1762591940.755612,645.1199951171875,641.510009765625,796.030029296875,262.5299987792969,216.8300018310547,221.9199981689453,481.0299987792969,738.02001953125,697.239990234375,-11763.900390625,1,-0.2209168228829815,-0.1605158689365226,1.173036023098632,0.632311856940615,0.668747159189457,0.3901740573089705,0.0268915907190035
1762591942.28678,645.1199951171875,641.510009765625,796.030029296875,262.5299987792969,216.8300018310547,221.9199981689453,481.0299987792969,738.02001953125,697.239990234375,-11763.900390625,1,-0.2140388960615661,-0.1552965317714829,1.1364968023252144,-0.6369538051625635,-0.6569338783921282,-0.4020519171788134,0.032893546516726
1762591947.8210242,645.1199951171875,641.510009765625,796.030029296875,262.5299987792969,216.8300018310547,221.83999633789065,481.0299987792969,738.02001953125,697.239990234375,-11763.900390625,0,-0.1942739391758351,-0.1232367740311703,1.0628129797744237,-0.6171782903531712,-0.5057900365310255,-0.3630766976444425,0.4810849285628129
1762591951.681923,645.1199951171875,641.510009765625,796.030029296875,262.5299987792969,216.8300018310547,221.83999633789065,481.0299987792969,738.02001953125,697.239990234375,-11763.900390625,1,-0.2199868799476086,-0.1584082436105168,1.166923534306001,-0.6322201619143546,-0.6729515208612633,-0.3823674659223368,0.0350576445818941
1762591952.8513384,645.1199951171875,641.510009765625,796.030029296875,262.5299987792969,216.8300018310547,221.83999633789065,481.0299987792969,738.02001953125,697.239990234375,-11763.900390625,1,-0.2205210227218377,-0.1587423500867482,1.170899298361572,-0.6401896190471458,-0.6670463932434386,-0.3808812974014319,0.0116532491174033
1762591958.5593705,636.239990234375,650.739990234375,801.3900146484375,269.1199951171875,226.4900054931641,211.63999938964844,490.6099853515625,738.9000244140625,686.25,-11883.080078125,1,-0.2307501512949807,-0.1463374526013298,1.157754528671452,0.6348949373597201,0.6606368099772278,0.3999201991249572,0.0230490379400974
1762591958.8534453,622.27001953125,664.4500122070312,813.8699951171875,280.20001220703125,240.02999877929688,199.8600006103516,503.0899963378906,738.9000244140625,672.7999877929688,-12078.98046875,1,-0.285024168368537,-0.0976513235441501,1.122771155844828,-0.6382114076677595,-0.6344632683047404,-0.4338585133992904,0.0436961170558858
1762591958.8910244,622.27001953125,664.4500122070312,813.8699951171875,280.20001220703125,240.02999877929688,199.8600006103516,503.0899963378906,738.9000244140625,672.7999877929688,-12078.98046875,1,-0.2959212971482799,-0.0974308331203618,1.139042933851381,-0.6526727492060321,-0.6230314878873329,-0.4296239507868142,0.035683447914476
1762591958.970901,608.9099731445312,678.0800170898438,827.3099975585938,292.1499938964844,253.5599975585937,199.509994506836,515.1300048828125,738.9000244140625,659.1799926757812,-12138.1298828125,1,-0.3188925468749783,-0.0995800878983738,1.159187555251379,-0.6823020954757277,-0.6126986442134391,-0.3987283469504855,0.0089402028264363
1762591959.038623,608.9099731445312,678.0800170898438,827.3099975585938,292.1499938964844,253.5599975585937,199.509994506836,515.1300048828125,738.9000244140625,659.1799926757812,-12202.91015625,1,-0.3237959471647328,-0.1010107068433846,1.14700352224782,-0.6982243350532087,-0.5907258774686693,-0.4042521441193145,0.0102917249920709
1762591959.073198,608.9099731445312,678.0800170898438,827.3099975585938,292.1499938964844,253.5599975585937,199.509994506836,515.1300048828125,738.9000244140625,659.1799926757812,-12202.91015625,1,-0.3142615097228299,-0.0968103238110816,1.0971684914194977,-0.6763017768836352,-0.5977753754120754,-0.4300954084002658,0.0172756131005178
1762591959.10653,608.9099731445312,678.0800170898438,827.3099975585938,292.1499938964844,253.5599975585937,199.509994506836,515.1300048828125,738.9000244140625,659.1799926757812,-12261.9697265625,1,-0.3162012796867731,-0.0953462006451927,1.0828406549719125,-0.6714734690278681,-0.5829160844022624,-0.4546785004692995,0.0509870586306424
1762591959.2020233,595.2000122070312,691.7000122070312,841.2000122070312,304.7200012207031,266.8399963378906,199.509994506836,528.0499877929688,738.9000244140625,645.2100219726562,-12261.9697265625,1,-0.3310875570077165,-0.0891767693978658,1.074232862184305,-0.6857540677229071,-0.5636440858864081,-0.4581917391869318,0.0459024311732663
1762591959.2020233,595.2000122070312,691.7000122070312,841.2000122070312,304.7200012207031,266.8399963378906,199.509994506836,528.0499877929688,738.9000244140625,645.2100219726562,-12261.9697265625,0,-0.3086528708687584,-0.0662272833329154,1.032711141242013,-0.6449439471223823,-0.4623354074893393,-0.4832468224996511,0.3698185833565684
1762591959.2381873,595.2000122070312,691.7000122070312,841.2000122070312,304.7200012207031,266.8399963378906,199.509994506836,528.0499877929688,738.9000244140625,645.2100219726562,-12328.6796875,1,-0.3432391248342561,-0.0864753809453194,1.0938368120941375,-0.688069573912737,-0.5611867758603712,-0.4567073824050337,0.0552089749200982
1762591959.4263985,581.6599731445312,705.5,854.8200073242188,317.989990234375,280.54998779296875,199.509994506836,541.1400146484375,738.9000244140625,631.489990234375,-12459.4599609375,1,-0.3795217535599769,-0.0658398562654136,1.1279310068284292,-0.7184754383241139,-0.5324528761797119,-0.4470313028929863,0.0212130480300163
1762591959.5018916,581.6599731445312,705.5,854.8200073242188,317.989990234375,280.54998779296875,199.509994506836,541.1400146484375,738.9000244140625,631.489990234375,-12459.4599609375,1,-0.3980758968505873,-0.059130993973185,1.1594800183411964,-0.7413752514616724,-0.5231101203163404,-0.4199825955938092,0.0182526146360744
1762591959.6820664,567.9500122070312,710.239990234375,867.8300170898438,330.3800048828125,294.6099853515625,199.509994506836,554.3300170898438,738.97998046875,621.469970703125,-12586.73046875,1,-0.3982669442717308,-0.0456121512219999,1.1246745781980854,-0.7434201275615433,-0.4905270919082528,-0.4521257189079378,0.0478750492677731
1762591959.6820664,567.9500122070312,710.239990234375,867.8300170898438,330.3800048828125,294.6099853515625,199.509994506836,554.3300170898438,738.97998046875,621.469970703125,-12586.73046875,0,-0.3732446479928918,-0.025587293362933,1.090549277942905,-0.6986936095234721,-0.4146414557017439,-0.5112530976121574,0.2802141563279317
1762591960.1237984,526.72998046875,710.3300170898438,908.530029296875,364.9200134277344,335.4800109863281,199.509994506836,594.4000244140625,739.780029296875,621.469970703125,-12919.3095703125,0,-0.3897622024315047,-0.0081023344070821,1.0862583484494113,-0.7009664824640132,-0.3742530020371842,-0.5527012252046278,0.2512011874683059
1762591960.1612878,526.72998046875,710.3300170898438,908.530029296875,364.9200134277344,335.4800109863281,199.509994506836,594.4000244140625,739.780029296875,621.469970703125,-12919.3095703125,1,-0.4307431760314348,-0.0230147859969601,1.1480915888086791,-0.7823461910345566,-0.4459390098365517,-0.4327092837667077,0.0428428829774517
1762591960.2132175,526.72998046875,710.3300170898438,908.530029296875,364.9200134277344,335.4800109863281,199.509994506836,594.4000244140625,739.780029296875,621.469970703125,-12986.98046875,1,-0.4292880978263031,-0.0194481631743725,1.1373317302423314,0.8865224184067182,0.4122373599205136,-0.1263046168999066,0.1678853909601319
1762591960.2132175,526.72998046875,710.3300170898438,908.530029296875,364.9200134277344,335.4800109863281,199.509994506836,594.4000244140625,739.780029296875,621.469970703125,-12986.98046875,0,-0.3924085118464731,-0.0018400314851567,1.07955721398504,-0.6947267164320587,-0.3718371021073663,-0.5707763004921854,0.2308817311273904
1762591960.268383,526.72998046875,710.3300170898438,908.530029296875,364.9200134277344,335.4800109863281,199.509994506836,594.4000244140625,739.780029296875,621.469970703125,-12986.98046875,1,-0.4357037533801683,-0.0175814845743797,1.1494000183825777,0.8901576450434516,0.4107145638366991,-0.1121600100785528,0.1623362133422652
1762591960.268383,526.72998046875,710.3300170898438,908.530029296875,364.9200134277344,335.4800109863281,199.509994506836,594.4000244140625,739.780029296875,621.469970703125,-12986.98046875,0,-0.4163474371966205,0.0003048916488619,1.1436781577096284,-0.6839891455828582,-0.3672108076130091,-0.6009657628838325,0.1901452690405058
1762591960.3175163,512.8400268554688,710.3300170898438,922.239990234375,379.7799987792969,349.79998779296875,199.509994506836,607.9400024414062,739.780029296875,621.469970703125,-13054.919921875,1,-0.4411243483789535,-0.0151090529520714,1.1590831347832968,-0.7874893921796208,-0.4379562219520295,-0.4336355640916176,0.0038732948533387
1762591960.3175163,512.8400268554688,710.3300170898438,922.239990234375,379.7799987792969,349.79998779296875,199.509994506836,607.9400024414062,739.780029296875,621.469970703125,-13054.919921875,0,-0.4273989623978338,0.0019943774190595,1.1699726650205848,-0.6939368098429243,-0.3443240041009971,-0.5957897795578143,0.2119604272484205
1762591960.423808,512.8400268554688,710.3300170898438,922.239990234375,379.7799987792969,349.79998779296875,199.509994506836,607.9400024414062,739.780029296875,621.469970703125,-13118.73046875,1,-0.4341015529124356,-0.0123333929171593,1.1347312665700708,-0.7917496870934907,-0.4288720169658893,-0.4332414718636624,0.0387692288855103
1762591960.605909,499.4800109863281,710.3300170898438,936.2100219726562,391.7300109863281,362.6400146484375,199.509994506836,621.2100219726562,739.780029296875,621.469970703125,-13248.1103515625,1,-0.4474560721880438,-0.0039866388176096,1.1411790439066551,-0.8017552594846448,-0.4036937264953021,-0.4389679314412724,0.039077285514943
1762591960.6556149,499.4800109863281,710.3300170898438,936.2100219726562,391.7300109863281,362.6400146484375,199.509994506836,621.2100219726562,739.780029296875,621.469970703125,-13248.1103515625,0,-0.4450372018322862,0.012851687091962,1.181567273104828,-0.6885167845965444,-0.3338893422933473,-0.6215736109750234,0.1676567641678139
1762591960.7093592,499.4800109863281,710.3300170898438,936.2100219726562,391.7300109863281,362.6400146484375,199.509994506836,621.2100219726562,739.780029296875,621.469970703125,-13313.580078125,1,-0.4516734734526115,-0.0068323431248088,1.150550688632742,0.9066075103218532,0.3710831116909677,-0.1021281133890274,0.1730028754135528
1762591960.7093592,499.4800109863281,710.3300170898438,936.2100219726562,391.7300109863281,362.6400146484375,199.509994506836,621.2100219726562,739.780029296875,621.469970703125,-13313.580078125,0,-0.4370073617004618,0.0099205234045223,1.161920114658946,-0.6753772160735021,-0.3576150816797863,-0.625576903588263,0.1569414128293962
1762591960.7936354,485.8599853515625,710.6799926757812,950.010009765625,392.8699951171875,364.75,199.509994506836,633.5999755859375,739.8599853515625,621.469970703125,-13313.580078125,1,-0.4547115782176602,-0.01127240395708,1.160424658374929,0.9060708298954672,0.3792364320995942,-0.088247712789105,0.1656131666516911
1762591960.838685,485.8599853515625,710.6799926757812,950.010009765625,392.8699951171875,364.75,199.509994506836,633.5999755859375,739.8599853515625,621.469970703125,-13373.0,1,-0.4571830775771103,-0.017781299252915,1.1702624870184537,-0.8145947070898293,-0.41779605140833,-0.4017860447661388,0.0212107717923147
1762591961.0430377,471.9700012207031,710.6799926757812,963.3699951171876,392.8699951171875,364.75,199.509994506836,645.469970703125,741.1799926757812,621.469970703125,-13508.4404296875,1,-0.451220910945873,-0.0345557326179439,1.1568474839540002,0.908752156766112,0.3759863394451953,-0.0675952981974743,0.168031740409772
1762591961.083364,471.9700012207031,710.6799926757812,963.3699951171876,392.8699951171875,364.75,199.509994506836,645.469970703125,741.1799926757812,621.469970703125,-13508.4404296875,1,-0.4394523780330081,-0.0344929550968162,1.124898158872805,-0.809687285466143,-0.4120774776788565,-0.4148472439512324,0.0500041631303539
1762591961.1260493,458.260009765625,710.6799926757812,976.8200073242188,392.8699951171875,364.75,199.509994506836,646.4400024414062,741.3599853515625,621.469970703125,-13569.259765625,1,-0.4366708111423071,-0.0351796250568658,1.1146974295216152,-0.8135303545694665,-0.4055717841790718,-0.4115278584628221,0.0657625408639743
1762591961.4055502,444.6400146484375,710.6799926757812,990.3499755859376,392.8699951171875,364.9200134277344,199.509994506836,646.4400024414062,741.3599853515625,621.469970703125,-13754.7099609375,1,-0.4709161042065982,-0.0162016548788762,1.133849517865947,-0.8211047415646056,-0.4039179974373719,-0.401076184827956,0.0421325134564373
1762591961.6099331,430.8399963378906,710.6799926757812,1003.4500122070312,397.5299987792969,365.2699890136719,199.509994506836,646.4400024414062,741.3599853515625,621.469970703125,-13877.580078125,1,-0.476821274022193,-0.0077727339302194,1.0967506684956123,-0.8217708707535685,-0.3845892220441254,-0.4168597634411146,0.0548789931780311
1762591961.69787,430.8399963378906,710.6799926757812,1003.4500122070312,397.5299987792969,365.2699890136719,199.509994506836,646.4400024414062,741.3599853515625,621.469970703125,-13877.580078125,1,-0.4779718840496829,-0.0071156024492153,1.0867995731128208,-0.8301832662921061,-0.3814135876017336,-0.4036918430408201,0.0485006744659341
1762591961.740239,417.3900146484375,710.6799926757812,1017.510009765625,397.5299987792969,365.4500122070313,199.509994506836,646.4400024414062,741.3599853515625,621.469970703125,-13894.8896484375,1,-0.4876649910310354,-0.0052189879449989,1.098490493068384,-0.8382429513834436,-0.3773204343311824,-0.3918292106694757,0.0380514646004254
1762591961.7810695,417.3900146484375,710.6799926757812,1017.510009765625,397.5299987792969,365.4500122070313,199.509994506836,646.4400024414062,741.3599853515625,621.469970703125,-13894.8896484375,1,-0.4950181054297521,-0.0046754468304613,1.1096424116622927,-0.8441364303804225,-0.3819653755592007,-0.3750780740143868,0.0291989241612608
1762591961.8313022,417.3900146484375,710.6799926757812,1017.510009765625,397.5299987792969,365.4500122070313,199.509994506836,646.4400024414062,741.3599853515625,621.469970703125,-13894.8896484375,1,-0.4862321589733132,-0.0037888612839119,1.0847123853730172,-0.852261928118895,-0.3572737284925171,-0.3806108578369771,0.0337707522083666
1762591961.9409757,403.6799926757813,710.6799926757812,1031.31005859375,397.5299987792969,365.5400085449219,199.509994506836,646.4400024414062,741.3599853515625,621.469970703125,-13894.8896484375,1,-0.4922637678670383,-0.0013430516112996,1.0737683547204244,0.941712375312268,0.3015894533319806,-0.0030059927241736,0.1490388131675294
1762591962.1258037,389.6199951171875,710.6799926757812,1044.489990234375,397.5299987792969,365.5400085449219,199.509994506836,646.4400024414062,741.4500122070312,621.469970703125,-13894.8896484375,1,-0.5048436674466965,-0.0021242633484234,1.0812896060126458,0.9423296988178642,0.296249496670377,0.04489966447708,0.1491140321305397
1762591962.41252,375.6400146484375,710.6799926757812,1057.760009765625,397.5299987792969,365.4500122070313,199.509994506836,646.4400024414062,741.4500122070312,621.469970703125,-13894.8896484375,1,-0.5092204744904197,0.0047940709838056,1.0426326042787404,-0.8845381310666749,-0.316483330316049,-0.3425368069201949,0.0099565167630857
1762591962.551114,361.489990234375,710.6799926757812,1071.2099609375,397.5299987792969,365.5400085449219,199.509994506836,648.1099853515625,741.4500122070312,621.469970703125,-13894.8896484375,1,-0.5044140472216205,0.0058172175211739,1.0252651275690254,0.8745660849742469,0.3078762121314184,0.3745344309137204,0.0083881509621526
1762591962.8379073,348.04998779296875,710.6799926757812,1084.31005859375,397.5299987792969,365.4500122070313,199.509994506836,648.1099853515625,741.4500122070312,621.469970703125,-13894.8896484375,1,-0.5062812638021551,0.0067966385598067,1.0062337725279538,0.8851018630349577,0.3005638187988745,0.3552947119999774,0.0046637437684101
1762591962.8905497,348.04998779296875,710.6799926757812,1084.31005859375,397.5299987792969,365.4500122070313,199.509994506836,648.1099853515625,741.4500122070312,621.469970703125,-13894.8896484375,1,-0.5048857869111422,0.0119264901455477,0.9817221747143916,0.8758417341933528,0.2778419239975768,0.3940663510058723,0.0204164864612387
1762591963.0750515,334.6000061035156,710.6799926757812,1097.8399658203125,397.5299987792969,365.5400085449219,199.509994506836,648.1099853515625,741.4500122070312,621.469970703125,-13894.8896484375,1,-0.5062286433072541,0.0170259611315948,0.9604702130551296,0.887303499400976,0.2642054288594137,0.3775029420314171,0.0194812748458632
1762591963.1234305,320.7099914550781,710.6799926757812,1111.199951171875,397.5299987792969,365.5400085449219,199.509994506836,648.1099853515625,741.4500122070312,621.469970703125,-13894.8896484375,1,-0.5183511059205796,0.0182287194670805,0.9787455902258336,0.9096390028452244,0.2589902448587278,0.3244581169198099,0.0144176258660405
1762591963.1737604,320.7099914550781,710.6799926757812,1111.199951171875,397.5299987792969,365.5400085449219,199.509994506836,648.1099853515625,741.4500122070312,621.469970703125,-13894.8896484375,1,-0.5087035997659548,0.0186069216203045,0.9561012590811742,0.967425508646464,0.2258811238403677,0.0606973418358819,0.0968578123168241
1762591963.4120142,307.2699890136719,710.6799926757812,1124.739990234375,397.5299987792969,365.5400085449219,199.509994506836,648.1099853515625,741.4500122070312,621.469970703125,-13894.8896484375,1,-0.510147695500293,0.0257809897450885,0.9292831787274798,0.9703132876916204,0.2066003960983579,0.0863900332317114,0.0913518594189744
1762591963.5428376,293.2900085449219,710.6799926757812,1137.3900146484375,397.6199951171875,365.5400085449219,199.509994506836,648.1900024414062,741.4500122070312,621.469970703125,-13894.8896484375,1,-0.502327948007619,0.0274743527016783,0.9081531317502026,0.9733439158500452,0.2036104287476867,0.0428575573748299,0.0964761346590263
1762591963.7550323,279.3999938964844,710.6799926757812,1139.5,400.6099853515625,365.5400085449219,199.509994506836,648.1900024414062,741.4500122070312,621.469970703125,-13894.8896484375,1,-0.5179958110361198,0.0398695718943881,0.9141360957337284,0.9135171003526784,0.187202802297371,0.3550195009483492,0.0663533881699436
1762591963.8675935,279.3999938964844,710.6799926757812,1139.5,400.6099853515625,365.5400085449219,199.509994506836,648.1900024414062,741.4500122070312,621.469970703125,-13894.8896484375,1,-0.5143025820890661,0.0451134311647788,0.9005028350313575,0.8927286750629797,0.1820850968387387,0.4083949018988507,0.0556249434386419
1762591964.022058,265.8699951171875,710.6799926757812,1139.93994140625,400.6099853515625,365.5400085449219,199.509994506836,648.1900024414062,741.4500122070312,621.469970703125,-13894.8896484375,1,-0.517695911489094,0.0462360274987457,0.913036874929702,0.907971001664447,0.1801035164869748,0.3754576348905612,0.04672202786559
1762591964.2069526,256.8999938964844,710.6799926757812,1139.93994140625,400.6099853515625,365.5400085449219,199.509994506836,648.1900024414062,741.4500122070312,621.469970703125,-13894.8896484375,1,-0.5064467999571548,0.0451759020890041,0.901814372272962,0.8908323987354351,0.1781265939035906,0.4128587768276088,0.0650859762467076
1762591966.282668,256.989990234375,710.6799926757812,1139.93994140625,400.6099853515625,365.5400085449219,199.509994506836,648.6300048828125,741.4500122070312,621.469970703125,-13894.8896484375,1,-0.5025065560749906,0.0473849517859946,0.8973964390779189,0.8812714857601119,0.1753762201253287,0.4373283050339993,0.0367110803001823
1762591966.6565871,256.989990234375,710.6799926757812,1139.93994140625,400.6099853515625,365.5400085449219,199.509994506836,648.6300048828125,741.4500122070312,621.469970703125,-13894.8896484375,1,-0.5163735465390445,0.0486178072791187,0.9213289879425514,0.975754065099122,0.1548693565312685,0.1355645129054223,0.0744429290856075
1762591968.9795575,256.989990234375,710.6799926757812,1122.8900146484375,399.0199890136719,365.5400085449219,199.509994506836,648.5399780273438,741.3599853515625,621.469970703125,-13894.8896484375,1,-0.5130898024382742,0.0543138941835116,0.9252395081918772,0.9839943154338116,0.1271455018189198,0.0978132790898434,0.0776000708430851
1762591969.0861204,256.989990234375,710.6799926757812,1122.8900146484375,399.0199890136719,365.5400085449219,199.509994506836,648.5399780273438,741.3599853515625,621.469970703125,-13894.8896484375,1,-0.5113719216442673,0.0550334762975352,0.940146320774234,0.9853913710115298,0.1259708854919228,0.1029602462348668,0.0503425231752851
1762591969.1878307,256.989990234375,710.5999755859375,1109.7900390625,399.0199890136719,365.5400085449219,199.509994506836,648.5399780273438,741.3599853515625,621.469970703125,-13894.8896484375,1,-0.5111736265962225,0.0583110525483798,0.9578518946213652,0.986830956647792,0.1116851189139181,0.1056184496994838,0.0503571275775831
1762591969.2344866,256.989990234375,710.5999755859375,1109.7900390625,399.0199890136719,365.5400085449219,199.509994506836,648.5399780273438,741.3599853515625,621.469970703125,-13894.8896484375,1,-0.5017737026363487,0.0583742880931568,0.9449916313685182,0.9892147023530884,0.1142572249154243,0.0731009461708672,0.0552793892155203
1762591969.445895,256.989990234375,710.5999755859375,1096.52001953125,399.0199890136719,365.5400085449219,199.509994506836,648.5399780273438,741.3599853515625,621.469970703125,-13894.8896484375,1,-0.504012346524261,0.0627381266457388,0.9675902963032748,0.9910276312877548,0.0896641017852426,0.0903102616445152,0.0408489842826829
1762591969.5709574,256.8999938964844,710.5999755859375,1083.25,399.0199890136719,365.5400085449219,199.509994506836,648.5399780273438,741.3599853515625,621.469970703125,-13894.8896484375,1,-0.5010572970887915,0.0646494622338219,0.9702872870068314,0.99249666998707,0.0762265470193434,0.0740997049353674,0.0604078415652868
1762591969.73821,256.8999938964844,710.5999755859375,1069.8900146484375,398.9400024414063,365.5400085449219,199.509994506836,648.5399780273438,741.3599853515625,621.469970703125,-13894.8896484375,1,-0.4880284149440385,0.0658143005293836,0.977006256553422,0.9067286045122258,0.0671465979046846,0.4143219661690469,0.0408886353276015
1762591969.7788036,256.8999938964844,710.5999755859375,1069.8900146484375,398.9400024414063,365.5400085449219,199.509994506836,648.5399780273438,741.3599853515625,621.469970703125,-13894.8896484375,1,-0.4900272050831716,0.0659580893601341,0.9870343415125618,0.9200045112799828,0.0725520763495911,0.383014911182263,0.0403419540167103
1762591969.9896898,256.8999938964844,710.5999755859375,1056.3599853515625,398.9400024414063,365.5400085449219,199.509994506836,648.5399780273438,741.3599853515625,621.469970703125,-13894.8896484375,1,-0.4891634144790935,0.0631286664642863,1.0099057203426556,0.9959054126485564,0.0636392327545192,0.0617477447763422,0.0175975318371813
1762591970.0383203,256.8999938964844,710.5999755859375,1056.3599853515625,398.9400024414063,365.5400085449219,199.509994506836,648.5399780273438,741.3599853515625,621.469970703125,-13894.8896484375,1,-0.4941625350064794,0.0630247235652133,1.0229266223136504,0.9928644605179322,0.0602748749684468,0.1020106414609627,0.0134510786443562
1762591970.123047,256.8999938964844,710.5999755859375,1049.6800537109375,398.9400024414063,365.5400085449219,199.509994506836,648.5399780273438,741.3599853515625,621.469970703125,-13894.8896484375,1,-0.4968634929778044,0.0581670275955731,1.035275383186356,0.9393629522643072,0.0664187611025744,0.3182312346038197,0.1091543558884049
1762591970.9151688,256.8999938964844,710.5999755859375,1049.6800537109375,398.9400024414063,365.5400085449219,199.509994506836,648.5399780273438,741.3599853515625,621.469970703125,-13894.8896484375,1,-0.4963916037997247,0.0568095730588992,1.017288345276095,0.9926339795591544,0.0813647557480933,0.0828395886287344,0.0345711108070257
1762591971.143578,256.8999938964844,710.5999755859375,1049.6800537109375,398.9400024414063,365.5400085449219,199.509994506836,648.5399780273438,741.3599853515625,621.469970703125,-13894.8896484375,1,-0.49527903915588,0.0575114908786357,1.007169586590831,0.9955830429718402,0.0737265160108676,0.046310077566746,0.0351309279637249
1762591971.185258,256.8999938964844,710.5999755859375,1049.6800537109375,398.9400024414063,365.5400085449219,199.509994506836,648.5399780273438,741.3599853515625,621.469970703125,-13894.8896484375,1,-0.4834639323394978,0.056462605151589,0.9827471902440024,0.996297048865349,0.0709590636328396,0.0047251772967135,0.0483184686228963
1762591971.2282329,256.8999938964844,710.5999755859375,1049.6800537109375,398.9400024414063,365.5400085449219,199.509994506836,648.5399780273438,741.3599853515625,621.469970703125,-13894.8896484375,1,-0.4886810760428574,0.0572573907322805,0.9933629169835316,0.9961227883841566,0.0778104919671187,0.017931610664273,0.0369239101476637
1762591971.806532,256.8999938964844,710.5999755859375,1049.6800537109375,398.9400024414063,365.5400085449219,199.509994506836,648.5399780273438,741.3599853515625,621.469970703125,-13894.8896484375,1,-0.5052870008861653,0.0590065640004362,1.0264835870137596,-0.9859825508404596,-0.0848453519823457,-0.1433105850375955,0.0100872147451297
1762591971.973325,256.8999938964844,710.5999755859375,1049.6800537109375,398.9400024414063,365.5400085449219,199.509994506836,648.5399780273438,741.3599853515625,621.469970703125,-13894.8896484375,1,-0.5000939440788824,0.0582791601866322,1.017367366314745,0.9927114140241772,0.0815296522977676,0.0820649763516208,0.0337979869035429
1762591973.9526742,256.8999938964844,710.5999755859375,1049.5899658203125,398.9400024414063,365.5400085449219,199.509994506836,648.5399780273438,741.3599853515625,621.469970703125,-13894.8896484375,1,-0.4900218777046263,0.0577467603508507,0.9957380584326206,0.9960354806949128,0.0657916513425962,0.0312775495745554,0.0510538412176758
1762591976.825004,256.989990234375,710.5999755859375,1049.5899658203125,398.9400024414063,365.5400085449219,199.509994506836,648.5399780273438,741.3599853515625,621.469970703125,-13894.8896484375,1,-0.5067132994973492,0.0604783521667459,1.0263766631896052,-0.9861555948213996,-0.0849884444184084,-0.1420065452642285,0.0104042404773018
1762591978.7373774,256.8999938964844,710.5999755859375,1049.5899658203125,398.9400024414063,365.5400085449219,199.509994506836,648.5399780273438,741.3599853515625,621.469970703125,-13894.8896484375,1,-0.5039483309065441,0.060252759598848,1.0196197668595168,0.9925122891829872,0.0721518977489169,0.0977995751129923,0.0121943667197062
1762591980.0700126,256.8999938964844,710.5999755859375,1049.5899658203125,398.9400024414063,365.5400085449219,199.509994506836,648.5399780273438,741.3599853515625,621.469970703125,-13894.8896484375,1,-0.4975492892136951,0.060002361696284,1.0062734602794483,0.995090804975782,0.0743405492374475,0.0616460228543432,0.0216226838751961
1762591980.517942,256.8999938964844,710.5999755859375,1049.5899658203125,398.9400024414063,365.5400085449219,199.509994506836,648.5399780273438,741.3599853515625,621.469970703125,-13894.8896484375,1,-0.4999935475939955,0.0601362787441978,1.0112597168536404,-0.9900926330796044,-0.0879112571348494,-0.1081425988307616,0.0171279627683809
1762591982.3558683,256.989990234375,710.5999755859375,1031.0400390625,398.05999755859375,365.5400085449219,199.509994506836,648.4600219726562,741.3599853515625,621.469970703125,-13894.8896484375,1,-0.5051880966875477,0.057552808825925,1.0437770151618404,-0.9941555213138228,-0.0735746722141917,-0.0789929971405448,0.0012936199479035
1762591982.6135104,256.8999938964844,710.5999755859375,1017.25,398.05999755859375,365.5400085449219,199.509994506836,648.4600219726562,741.3599853515625,621.469970703125,-13894.8896484375,1,-0.4913525581635278,0.0384981796663061,1.0730377435159706,0.9931860954695976,0.1051980841383821,0.0497424318165042,0.0063587212904424
1762591982.7696545,256.989990234375,710.5999755859375,1003.3599853515624,398.05999755859375,365.5400085449219,199.509994506836,648.4600219726562,741.3599853515625,621.469970703125,-13894.8896484375,1,-0.4893697370923236,0.0297107642939988,1.0836209668648622,0.992300209987198,0.1122019917858093,0.0517677442735304,0.0084324937883468
1762591982.8466449,256.989990234375,710.5999755859375,1003.3599853515624,398.05999755859375,365.5400085449219,199.509994506836,648.4600219726562,741.3599853515625,621.469970703125,-13894.8896484375,1,-0.4821724128743864,0.0248224950758904,1.066790823138121,0.99283742497939,0.115936394440082,0.0033989123841651,0.0286539246724241
1762591982.891084,256.989990234375,710.5999755859375,1003.3599853515624,398.05999755859375,365.5400085449219,199.509994506836,648.4600219726562,741.3599853515625,621.469970703125,-13894.8896484375,1,-0.487262717191236,0.0244905622228429,1.0772059083305905,0.9920615731463404,0.1237875407181208,0.017723788768141,0.0132795768407823
1762591982.9425478,256.989990234375,710.5999755859375,989.469970703125,398.05999755859375,365.5400085449219,199.509994506836,648.4600219726562,741.3599853515625,621.469970703125,-13894.8896484375,1,-0.4924267060913871,0.0229598095323258,1.0873231886444226,0.991042283835037,0.1318178486412971,0.0175197406001594,0.0123411960488881
1762591982.9829364,256.989990234375,710.5999755859375,989.469970703125,398.05999755859375,365.5400085449219,199.509994506836,648.4600219726562,741.3599853515625,621.469970703125,-13894.8896484375,1,-0.4888925813154443,0.0192837087852309,1.078242801892092,-0.9889763767122433,-0.144891853294862,-0.0296738262424188,0.0071792193195403
1762591983.147782,256.8999938964844,710.5999755859375,975.5900268554688,398.05999755859375,365.5400085449219,199.509994506836,648.4600219726562,741.3599853515625,621.469970703125,-13894.8896484375,1,-0.4891903119946639,0.0106406004429792,1.087492250474574,-0.988159698426494,-0.1519787061400435,0.0168857287768565,0.0125600736197395
1762591983.248833,256.8999938964844,710.5999755859375,975.5900268554688,398.05999755859375,365.5400085449219,199.509994506836,648.4600219726562,741.3599853515625,621.469970703125,-13894.8896484375,1,-0.4983546398898199,0.0051366370973381,1.1250205238736577,-0.9857496025601904,-0.1650004166553298,-0.0318522023451123,0.0076171360602382
1762591983.378516,256.8999938964844,710.5999755859375,961.7000122070312,398.05999755859375,365.5400085449219,199.509994506836,648.4600219726562,741.3599853515625,621.469970703125,-13894.8896484375,1,-0.4780780674100955,-0.0023292827879244,1.105242162377995,0.9845784159190758,0.1692065242623377,-0.0400537335294725,0.0192404127734408
1762591983.4503603,256.8999938964844,710.5999755859375,961.7000122070312,398.05999755859375,365.5400085449219,199.509994506836,648.4600219726562,741.3599853515625,621.469970703125,-13894.8896484375,1,-0.4869060192388909,-0.0059051083489335,1.1447454658823653,0.9834492211128726,0.1811601062414002,0.0017354599270899,0.0023735159427191
1762591983.4937692,256.8999938964844,710.5999755859375,961.7000122070312,398.05999755859375,365.5400085449219,199.509994506836,648.4600219726562,741.3599853515625,621.469970703125,-13894.8896484375,1,-0.4783476989262452,-0.0078854608092128,1.133258948000619,0.9810608321186712,0.1936796548558432,0.0017300499218715,0.002200432868781
1762591983.585848,256.8999938964844,710.5999755859375,959.5,398.05999755859375,365.5400085449219,199.509994506836,648.4600219726562,741.3599853515625,621.469970703125,-13894.8896484375,1,-0.4668244371559977,-0.0088286133518343,1.122197791871173,0.981359012198738,0.1864544961162539,-0.0420570234854432,0.0200104180340205
1762591983.585848,256.8999938964844,710.5999755859375,959.5,398.05999755859375,365.5400085449219,199.509994506836,648.4600219726562,741.3599853515625,621.469970703125,-13894.8896484375,0,-0.4635283092653495,-0.0030956619791501,1.1739380655795957,-0.6973955909838344,-0.1198857139336198,-0.6914763994184955,0.1453519670254518
1762591983.7162988,256.8999938964844,710.5999755859375,959.5,398.05999755859375,365.5400085449219,199.509994506836,648.4600219726562,741.3599853515625,621.469970703125,-13894.8896484375,1,-0.4733661643205401,-0.0055978942586282,1.122379384688324,0.981405474043799,0.1863325026431154,-0.0414706471790655,0.0200917743907575
1762591983.754718,256.8999938964844,710.5999755859375,959.5,398.05999755859375,365.5400085449219,199.509994506836,648.4600219726562,741.3599853515625,621.469970703125,-13894.8896484375,1,-0.4809120190032287,-0.0058405650071588,1.1330310781724298,-0.9807640975230224,-0.1940005568307847,0.017873654471606,0.0120872426560646
1762591983.8368907,256.8999938964844,710.5999755859375,959.5,398.05999755859375,365.5400085449219,199.509994506836,648.4600219726562,741.3599853515625,621.469970703125,-13894.8896484375,1,-0.4776585462458906,-0.0067470368065399,1.113083261356338,0.9798012176703154,0.1978937644957596,-0.0282771395565444,0.0052948280391373
1762591984.0627787,256.8999938964844,710.5999755859375,959.5,398.05999755859375,365.5400085449219,199.509994506836,648.4600219726562,741.3599853515625,621.469970703125,-13894.8896484375,1,-0.4943264505082861,-0.005840655907665,1.1324685041985905,-0.9809520896080156,-0.194247450310548,0.0002776318222179,0.0009213371207262
1762591984.1235127,256.989990234375,710.5999755859375,959.5,398.05999755859375,365.5400085449219,199.509994506836,648.4600219726562,741.3599853515625,621.469970703125,-13894.8896484375,1,-0.4828796285955237,-0.005302342892843,1.1043982886920232,0.9814490739262453,0.1895735863883187,-0.0283825382516514,0.0037419454271497
1762591984.215732,256.989990234375,710.5999755859375,959.5,398.05999755859375,365.5400085449219,199.509994506836,648.4600219726562,741.3599853515625,621.469970703125,-13894.8896484375,1,-0.4911800586504378,-0.0039822437095581,1.1233994795175148,0.9824096632379276,0.1855138328753042,-0.0123753392459444,0.0173989185641951
1762591984.215732,256.989990234375,710.5999755859375,959.5,398.05999755859375,365.5400085449219,199.509994506836,648.4600219726562,741.3599853515625,621.469970703125,-13894.8896484375,0,-0.4444962212170272,0.0019883307274409,1.0683071662330106,-0.6993943092111696,-0.1218020711068459,-0.6839761784968849,0.1678941421429325
1762591984.251361,256.989990234375,710.5999755859375,959.5,398.05999755859375,365.5400085449219,199.509994506836,648.4600219726562,741.3599853515625,621.469970703125,-13894.8896484375,1,-0.4855843794937342,-0.003537767328648,1.1119585232103353,0.9797830711334043,0.1979884054594516,-0.028389168498941,0.00444746399165
1762591984.421084,256.8999938964844,710.5999755859375,959.5,398.05999755859375,365.5400085449219,199.509994506836,648.4600219726562,741.3599853515625,621.469970703125,-13894.8896484375,1,-0.4827995736194828,-0.0065925665840576,1.121668000541729,0.8922584615193264,0.1851350741848196,0.4028383112873911,0.0855636436395105
1762591984.7955954,256.8999938964844,710.5999755859375,959.5,398.05999755859375,365.5400085449219,199.509994506836,648.4600219726562,741.3599853515625,621.3900146484375,-13894.8896484375,0,-0.44697635204944,0.0006483149115534,1.0779945176070838,-0.6991113108514933,-0.1199800382392182,-0.6822764735591148,0.1770507811091527
1762591985.3123398,256.8999938964844,710.5999755859375,959.5,398.05999755859375,365.5400085449219,199.509994506836,648.4600219726562,741.3599853515625,621.3900146484375,-13894.8896484375,0,-0.4505816103712131,0.0004588320359397,1.0918944138711228,-0.6970876374603373,-0.1143449153078096,-0.6849163770024538,0.1785598570705295
1762591988.8423245,256.989990234375,710.5999755859375,958.5399780273438,397.4400024414063,365.5400085449219,199.509994506836,648.4600219726562,741.3599853515625,621.3900146484375,-13894.8896484375,0,-0.4796809955808437,0.0013267452462349,1.1623824675044951,-0.6951490319793197,-0.1116648925313027,-0.6956236756956915,0.1428512405469515
1762591989.0256631,256.989990234375,710.5999755859375,945.969970703125,397.4400024414063,365.5400085449219,199.509994506836,648.4600219726562,741.3599853515625,621.469970703125,-13894.8896484375,1,-0.4895005852595724,-0.0130713538046739,1.1411648963564809,-0.9789913893101044,-0.2028104231178676,0.0174946703532011,0.0117357760994339
1762591989.0719144,256.989990234375,710.5999755859375,945.969970703125,397.4400024414063,365.5400085449219,199.509994506836,648.4600219726562,741.3599853515625,621.469970703125,-13894.8896484375,1,-0.4884275089589708,-0.020735022146211,1.1566320333527575,-0.9749203043039698,-0.2203565166446644,0.0070437813908643,0.0303939298512448
1762591989.1836755,256.8999938964844,710.5999755859375,931.989990234375,397.3500061035156,365.5400085449219,199.509994506836,648.4600219726562,741.3599853515625,621.469970703125,-13894.8896484375,1,-0.4765894794051848,-0.0228534270109426,1.1480425546531063,0.8785673674111784,0.1992583650648053,0.4304396362167364,0.0560107529452704
1762591989.2401824,256.8999938964844,710.5999755859375,931.989990234375,397.3500061035156,365.5400085449219,199.509994506836,648.4600219726562,741.3599853515625,621.469970703125,-13894.8896484375,1,-0.4696530269922193,-0.0248286934382221,1.1621829299817428,0.9710309362166908,0.2314313675382751,-0.058633314322875,0.0100288324852002
1762591989.3194237,256.8999938964844,710.5999755859375,918.1099853515624,397.3500061035156,365.5400085449219,199.509994506836,648.4600219726562,741.27001953125,621.469970703125,-13894.8896484375,0,-0.4154209772795584,-0.0166329371659291,1.0925191973908583,-0.7296329528580187,-0.1536396140949058,-0.6337206172115402,0.2059825293695592
1762591989.405474,256.8999938964844,710.5999755859375,918.1099853515624,397.3500061035156,365.5400085449219,199.509994506836,648.4600219726562,741.27001953125,621.469970703125,-13894.8896484375,1,-0.4559772722152177,-0.0333873052783273,1.1699110264761174,0.8595039189798094,0.2427655537055386,0.4477607361371563,0.0427577170380334
1762591989.405474,256.8999938964844,710.5999755859375,918.1099853515624,397.3500061035156,365.5400085449219,199.509994506836,648.4600219726562,741.27001953125,621.469970703125,-13894.8896484375,0,-0.4450758178824521,-0.0257248944710297,1.2052733779568463,-0.7358296540651728,-0.1522043577542032,-0.6371557207800932,0.17152591977937
1762591989.4553995,256.8999938964844,710.5999755859375,918.1099853515624,397.3500061035156,365.5400085449219,199.509994506836,648.4600219726562,741.27001953125,621.469970703125,-13894.8896484375,1,-0.4560723271305081,-0.0373845703254747,1.1822878631584324,-0.9623561894329536,-0.2603427367060438,0.0779883504745923,0.0031688002059223
1762591989.4956975,256.8999938964844,710.5999755859375,918.1099853515624,397.3500061035156,365.5400085449219,199.509994506836,648.4600219726562,741.27001953125,621.469970703125,-13894.8896484375,1,-0.4496580569396488,-0.0385153322407999,1.1711028915856956,0.9605706751444028,0.2539216888980206,-0.1124434022128303,0.0135733289434355
1762591989.54861,256.8999938964844,710.5999755859375,904.219970703125,397.3500061035156,365.5400085449219,199.509994506836,648.4600219726562,741.3599853515625,621.469970703125,-13894.8896484375,1,-0.4484034134937326,-0.0427225340444935,1.1776716525482984,0.8543115269969812,0.2477369844304115,0.4544545775902689,0.0474261351225495
1762591989.54861,256.8999938964844,710.5999755859375,904.219970703125,397.3500061035156,365.5400085449219,199.509994506836,648.4600219726562,741.3599853515625,621.469970703125,-13894.8896484375,0,-0.4429115587995857,-0.0346429169985476,1.2293824872183852,-0.7492760458877535,-0.1541335491593339,-0.6160559941763317,0.1878916393077985
1762591989.6048365,256.8999938964844,710.5999755859375,904.219970703125,397.3500061035156,365.5400085449219,199.509994506836,648.4600219726562,741.3599853515625,621.469970703125,-13894.8896484375,0,-0.4318769198320721,-0.0351427583349975,1.20116410479229,-0.7437179823945217,-0.1777211536619295,-0.6147568298769167,0.1933204446606159
1762591989.6956232,256.8999938964844,710.5999755859375,904.219970703125,397.3500061035156,365.5400085449219,199.509994506836,648.4600219726562,741.3599853515625,621.469970703125,-13894.8896484375,1,-0.4530842005214547,-0.0470782928236777,1.196744374236386,0.8518539615025615,0.2688788216410989,0.444563903609309,0.0664224597025715
1762591989.8507009,256.8999938964844,710.5999755859375,890.510009765625,397.3500061035156,365.5400085449219,199.509994506836,648.4600219726562,741.3599853515625,621.469970703125,-13894.8896484375,1,-0.448900067155195,-0.0547009549375348,1.2170581533224916,0.9472332821371916,0.2917533313725837,-0.1327629106105806,0.0017642025989802
1762591989.893546,256.8999938964844,710.5999755859375,890.510009765625,397.3500061035156,365.5400085449219,199.509994506836,648.4600219726562,741.3599853515625,621.469970703125,-13894.8896484375,1,-0.4573951089160998,-0.0580178728824981,1.2515408169893152,0.8524280132092855,0.2753185712757974,0.4405179736563479,0.0592459407253276
1762591989.9475684,256.8999938964844,710.5999755859375,876.6199951171875,397.3500061035156,365.5400085449219,199.509994506836,648.4600219726562,741.3599853515625,621.469970703125,-13894.8896484375,1,-0.4500322331687513,-0.0595448443467164,1.2411819943484268,0.84942519242606,0.2713082652361341,0.4505150891800733,0.0436442677516899
1762591989.9475684,256.8999938964844,710.5999755859375,876.6199951171875,397.3500061035156,365.5400085449219,199.509994506836,648.4600219726562,741.3599853515625,621.469970703125,-13894.8896484375,0,-0.4264539459817146,-0.0475820647428155,1.2440103973571857,-0.7665394103417081,-0.1946622757147399,-0.5727533688316091,0.2155864311560165
1762591990.019945,256.8999938964844,710.5999755859375,876.6199951171875,397.3500061035156,365.5400085449219,199.509994506836,648.4600219726562,741.3599853515625,621.469970703125,-13894.8896484375,1,-0.4371729557022135,-0.0632783520278347,1.239090389690874,0.9410043248409204,0.3030512431880527,-0.1501034272085356,0.011822257530234
1762591990.0823483,256.8999938964844,710.5999755859375,876.6199951171875,397.3500061035156,365.5400085449219,199.509994506836,648.4600219726562,741.3599853515625,621.469970703125,-13894.8896484375,0,-0.4105664803023484,-0.0523386254395472,1.245412895447194,-0.7740241527139965,-0.2029012641736394,-0.5560426793567095,0.2247981911536004
1762591990.1461926,256.989990234375,710.5999755859375,869.4099731445312,397.3500061035156,365.5400085449219,199.509994506836,648.4600219726562,741.3599853515625,621.469970703125,-13894.8896484375,1,-0.4296884628959305,-0.0660350787074901,1.2456817156227695,0.8357147112203629,0.2930581191097053,0.4625969585620957,0.0412542628445377
1762591990.1461926,256.989990234375,710.5999755859375,869.4099731445312,397.3500061035156,365.5400085449219,199.509994506836,648.4600219726562,741.3599853515625,621.469970703125,-13894.8896484375,0,-0.4114217097278428,-0.0537063810002891,1.261783947640281,-0.7785571034331992,-0.2087680108007087,-0.5474296523909468,0.224912271882059
1762591990.1957235,256.989990234375,710.5999755859375,869.4099731445312,397.3500061035156,365.5400085449219,199.509994506836,648.4600219726562,741.3599853515625,621.469970703125,-13894.8896484375,1,-0.4209307235380991,-0.0654817226860754,1.230072840532955,0.9331303348683576,0.3080537708428243,-0.183753475322159,0.0246031039710923
1762591990.1957235,256.989990234375,710.5999755859375,869.4099731445312,397.3500061035156,365.5400085449219,199.509994506836,648.4600219726562,741.3599853515625,621.469970703125,-13894.8896484375,0,-0.3989069101330519,-0.052819303159692,1.2356870571039111,-0.7671313374155703,-0.2179491925744471,-0.5632734809960727,0.2161727231121258
1762591990.4755878,256.8999938964844,710.5999755859375,869.4099731445312,397.3500061035156,365.5400085449219,199.509994506836,648.4600219726562,741.3599853515625,621.469970703125,-13894.8896484375,1,-0.4372383847400048,-0.0636250495342976,1.282946561652571,0.8421348987223869,0.311100935903753,0.4380174086568862,0.0465378313541841
1762591991.0488768,256.989990234375,710.5999755859375,869.4099731445312,397.3500061035156,365.5400085449219,199.509994506836,648.4600219726562,741.3599853515625,621.469970703125,-13894.8896484375,1,-0.4353837507435195,-0.0633152217606622,1.2721345352198468,0.8377571803449095,0.3061933953874977,0.450854366421614,0.033746876598988
1762591991.0972917,256.989990234375,710.5999755859375,869.4099731445312,397.3500061035156,365.5400085449219,199.509994506836,648.4600219726562,741.3599853515625,621.469970703125,-13894.8896484375,0,-0.3980465880340271,-0.0474410974177987,1.2289120612296964,-0.7645887632325374,-0.2328065943759525,-0.5587227610836693,0.2214361962296371
1762591991.1497235,256.8999938964844,710.5999755859375,869.4099731445312,397.3500061035156,365.5400085449219,199.509994506836,648.4600219726562,741.3599853515625,621.469970703125,-13894.8896484375,0,-0.3835602728814827,-0.0461409541254006,1.1842024804233031,-0.7566792747817264,-0.2342409257999965,-0.5688688652460644,0.2212597522140353
1762591991.2021844,256.8999938964844,710.5999755859375,869.4099731445312,397.3500061035156,365.5400085449219,199.509994506836,648.4600219726562,741.3599853515625,621.469970703125,-13894.8896484375,0,-0.4027032329525561,-0.0487550025917874,1.2398443814668394,-0.7715363413453379,-0.2283291972950246,-0.5517198178063254,0.2195511199830577
1762591991.4326124,256.8999938964844,710.5999755859375,869.4099731445312,397.3500061035156,365.5400085449219,199.509994506836,648.4600219726562,741.3599853515625,621.3900146484375,-13894.8896484375,1,-0.4234029921389284,-0.0612989059267175,1.2097976924089755,0.8167871906395942,0.301147973330495,0.4908428806092123,0.0352398910507029
1762591991.486333,256.8999938964844,710.5999755859375,869.4099731445312,397.3500061035156,365.5400085449219,199.509994506836,648.4600219726562,741.3599853515625,621.3900146484375,-13894.8896484375,1,-0.4199826811985034,-0.0610547952232456,1.1995296537812568,0.9307627688713184,0.3113486031578996,-0.1882089468628885,0.0363332866031097
1762591991.486333,256.8999938964844,710.5999755859375,869.4099731445312,397.3500061035156,365.5400085449219,199.509994506836,648.4600219726562,741.3599853515625,621.3900146484375,-13894.8896484375,0,-0.4041524111112877,-0.0487389074970221,1.2226237286460353,-0.7658924182944424,-0.2222456484874153,-0.5607788180996607,0.2225821028255564
1762591991.6607616,256.8999938964844,710.5999755859375,869.4099731445312,397.3500061035156,365.5400085449219,199.509994506836,648.4600219726562,741.3599853515625,621.469970703125,-13894.8896484375,1,-0.4368474317610389,-0.0631930475430597,1.2651022932583236,0.8280153959736957,0.2972108957412017,0.4743185003512418,0.0328351596278329
1762591991.6607616,256.8999938964844,710.5999755859375,869.4099731445312,397.3500061035156,365.5400085449219,199.509994506836,648.4600219726562,741.3599853515625,621.469970703125,-13894.8896484375,0,-0.3935681348120927,-0.0469803533248641,1.2057139558992431,-0.7621095427771662,-0.227137853691929,-0.5680463655560964,0.211945197649562
1762591991.7628725,256.8999938964844,710.5999755859375,869.4099731445312,397.3500061035156,365.5400085449219,199.509994506836,648.4600219726562,741.3599853515625,621.469970703125,-13894.8896484375,0,-0.4122653351023295,-0.0490897711103501,1.2657739506315209,-0.7826060521221349,-0.2305762520631232,-0.5368738829648445,0.2147761461535708
1762591991.9080887,256.8999938964844,710.5999755859375,869.4099731445312,397.3500061035156,365.5400085449219,199.509994506836,648.4600219726562,741.3599853515625,621.469970703125,-13894.8896484375,1,-0.4185568076026112,-0.0603236840829874,1.2165907223049752,0.8049504183097678,0.3236589503961767,0.4972106714750058,0.0090142144831918
1762591992.172171,256.989990234375,710.5999755859375,869.4099731445312,397.3500061035156,365.5400085449219,199.509994506836,648.4600219726562,741.27001953125,621.3900146484375,-13894.8896484375,1,-0.4355441990459122,-0.0623880090946675,1.2489664297432952,0.8317800032168269,0.3033640680866321,0.4626255644922036,0.0457149376114027
1762591992.2626,256.989990234375,710.5999755859375,869.4099731445312,397.3500061035156,365.5400085449219,199.509994506836,648.4600219726562,741.27001953125,621.3900146484375,-13894.8896484375,0,-0.4100447011915619,-0.0490719469282028,1.2479232314783826,-0.777533537844401,-0.2242746482140485,-0.5454584590612835,0.2182144567486867
1762591992.6324725,256.8999938964844,710.5999755859375,869.4099731445312,397.3500061035156,365.5400085449219,199.509994506836,648.4600219726562,741.3599853515625,621.469970703125,-13894.8896484375,1,-0.4239185675950881,-0.0610078985107886,1.2257643866350447,0.8084180467456424,0.3219306013082154,0.4889500850454998,0.061227150605673
1762591992.6973991,256.8999938964844,710.5999755859375,869.4099731445312,397.3500061035156,365.5400085449219,199.509994506836,648.4600219726562,741.3599853515625,621.469970703125,-13894.8896484375,0,-0.377737778137921,-0.0449932629312347,1.149635767799905,-0.7687948176357834,-0.2372589191265998,-0.5369472727317146,0.2536737274082868
1762591992.738996,256.989990234375,710.5999755859375,869.4099731445312,397.3500061035156,365.5400085449219,199.509994506836,648.4600219726562,741.3599853515625,621.469970703125,-13894.8896484375,0,-0.3990275347151959,-0.0473680005135334,1.2157322364000345,-0.7625932315569947,-0.2469657106170024,-0.5576152213087947,0.2156960035041051
1762591992.836169,256.989990234375,710.5999755859375,869.4099731445312,397.3500061035156,365.5400085449219,199.509994506836,648.4600219726562,741.3599853515625,621.469970703125,-13894.8896484375,1,-0.4216620151712001,-0.0606141825144239,1.212426345797874,0.9282198737516976,0.3190141018463464,-0.1906248976123125,0.0173210047585835
1762591993.041195,256.8999938964844,710.5999755859375,869.4099731445312,397.3500061035156,365.5400085449219,199.509994506836,648.4600219726562,741.3599853515625,621.3900146484375,-13894.8896484375,1,-0.4410068570423004,-0.0632009047728538,1.2744820739366054,0.813792412215788,0.3381044600410294,0.4708072713335698,0.042045180220941
1762591993.041195,256.8999938964844,710.5999755859375,869.4099731445312,397.3500061035156,365.5400085449219,199.509994506836,648.4600219726562,741.3599853515625,621.3900146484375,-13894.8896484375,0,-0.4065829021466596,-0.0486199115479157,1.2421503157751956,-0.7762692206172661,-0.2267732683477695,-0.5383548214586474,0.2369684960018115
1762591993.233246,256.989990234375,710.5999755859375,869.4099731445312,397.3500061035156,365.5400085449219,199.509994506836,648.4600219726562,741.3599853515625,621.469970703125,-13894.8896484375,1,-0.434057220060319,-0.0621453604982837,1.2576831113402451,0.8155576054493089,0.3292013539622029,0.4714979643566842,0.064667846343796
1762591993.400529,256.8999938964844,710.5999755859375,869.4099731445312,397.3500061035156,365.5400085449219,199.509994506836,648.4600219726562,741.3599853515625,621.3900146484375,-13894.8896484375,0,-0.4114076073845242,-0.0492257549087628,1.2575758853292445,-0.7761860283955939,-0.2235908506300465,-0.5432609129005511,0.2289322199963696
1762591994.4314933,256.8999938964844,710.5999755859375,851.1300048828125,396.739990234375,365.5400085449219,199.509994506836,648.4600219726562,741.27001953125,621.3900146484375,-13894.8896484375,1,-0.4278350861757511,-0.0707274712917415,1.2533814734215885,0.8009908451630448,0.3407928610500851,0.4885485442374599,0.0599517451434674
1762591994.4314933,256.8999938964844,710.5999755859375,851.1300048828125,396.739990234375,365.5400085449219,199.509994506836,648.4600219726562,741.27001953125,621.3900146484375,-13894.8896484375,0,-0.4048125314058878,-0.0570113688256656,1.2546780079646107,-0.7795458941738822,-0.2316717778719939,-0.5296242243172342,0.2411111097204771
1762591994.5027502,256.8999938964844,710.5999755859375,851.1300048828125,396.739990234375,365.5400085449219,199.509994506836,648.4600219726562,741.27001953125,621.3900146484375,-13894.8896484375,1,-0.4222027487014141,-0.0713592199362477,1.2447614058500274,0.7986259631033094,0.3358540917095801,0.497152210488354,0.0473104612721956
1762591994.5527816,256.989990234375,710.5999755859375,837.25,396.739990234375,365.5400085449219,199.509994506836,648.4600219726562,741.3599853515625,621.469970703125,-13894.8896484375,1,-0.4186710621813306,-0.0736192816117146,1.2517900059678868,0.9147562037619184,0.3575661958350353,-0.1879015898937379,0.0077779039946754
1762591994.5527816,256.989990234375,710.5999755859375,837.25,396.739990234375,365.5400085449219,199.509994506836,648.4600219726562,741.3599853515625,621.469970703125,-13894.8896484375,0,-0.3962778562172533,-0.0597278482558528,1.2548316972394842,-0.7811122673722449,-0.2307257713205808,-0.5270455478434805,0.2425947953017108
1762591994.661472,256.989990234375,710.5999755859375,837.25,396.739990234375,365.5400085449219,199.509994506836,648.4600219726562,741.3599853515625,621.469970703125,-13894.8896484375,1,-0.4158664053449138,-0.0780812251959281,1.2854074041322072,0.7943752899814129,0.3544108102380328,0.4927922759621549,0.0227299143290611
1762591994.661472,256.989990234375,710.5999755859375,837.25,396.739990234375,365.5400085449219,199.509994506836,648.4600219726562,741.3599853515625,621.469970703125,-13894.8896484375,0,-0.3820324308911348,-0.0615712757420533,1.251091609739639,-0.7855331416319326,-0.2504654493282987,-0.5119483766623971,0.2410676289412917
1762591994.70966,256.989990234375,710.5999755859375,837.25,396.739990234375,365.5400085449219,199.509994506836,648.4600219726562,741.3599853515625,621.469970703125,-13894.8896484375,1,-0.4082195299609112,-0.0778405737600559,1.2738301855758145,0.7889705500677859,0.3533122070310203,0.4998119197162594,0.0537028900353811
1762591994.757369,256.989990234375,710.5999755859375,823.010009765625,396.739990234375,365.4500122070313,199.509994506836,648.4600219726562,741.3599853515625,621.469970703125,-13894.8896484375,1,-0.4009991553467755,-0.0820033771642873,1.285224289267626,0.786611541594491,0.3607895509367802,0.4999505592741913,0.0335055345666706
1762591994.757369,256.989990234375,710.5999755859375,823.010009765625,396.739990234375,365.4500122070313,199.509994506836,648.4600219726562,741.3599853515625,621.469970703125,-13894.8896484375,0,-0.3781017536457012,-0.0668253025078603,1.282827181001459,-0.7960862634188245,-0.2511877360965989,-0.4890927260648142,0.2528629821484514
1762591994.8145096,256.989990234375,710.5999755859375,823.010009765625,396.739990234375,365.4500122070313,199.509994506836,648.4600219726562,741.3599853515625,621.469970703125,-13894.8896484375,0,-0.3727790868324228,-0.0676220606389725,1.2717587237811827,-0.7884497716314549,-0.2549082483661573,-0.4974776752975129,0.2566801611145405
1762591994.86585,256.989990234375,710.5999755859375,823.010009765625,396.739990234375,365.4500122070313,199.509994506836,648.4600219726562,741.3599853515625,621.469970703125,-13894.8896484375,0,-0.3666518024061818,-0.0676585564692711,1.255491603530638,-0.7879095286176458,-0.2686768853072141,-0.4946854739990818,0.2495948473615533
1762591994.9211028,256.8999938964844,710.5999755859375,809.3800048828125,396.739990234375,365.4500122070313,199.509994506836,648.4600219726562,741.3599853515625,621.469970703125,-13894.8896484375,1,-0.3958738695773834,-0.0869783999079214,1.2903842868549498,0.7831571047739234,0.3576424784191676,0.5072117660386496,0.0386397627357549
1762591994.9211028,256.8999938964844,710.5999755859375,809.3800048828125,396.739990234375,365.4500122070313,199.509994506836,648.4600219726562,741.3599853515625,621.469970703125,-13894.8896484375,0,-0.3703065421343376,-0.0707256471457975,1.2782386723551284,-0.7955907307587244,-0.2501143009794726,-0.4871346379844862,0.2591873261794881
1762591994.9748108,256.8999938964844,710.5999755859375,809.3800048828125,396.739990234375,365.4500122070313,199.509994506836,648.4600219726562,741.3599853515625,621.469970703125,-13894.8896484375,0,-0.3534884118732032,-0.0741325709585352,1.2504945503558975,-0.79985066492888,-0.2696277243462955,-0.4543943836885671,0.2847201224868977
1762591994.9748108,256.8999938964844,710.5999755859375,809.3800048828125,396.739990234375,365.4500122070313,199.509994506836,648.4600219726562,741.3599853515625,621.469970703125,-13894.8896484375,1,-0.3945211208900927,-0.0948686223198742,1.316074651729252,0.7637301168089623,0.3859615849436532,0.5150252529877338,0.0499895230190591
1762591995.0323884,256.8999938964844,710.5999755859375,809.3800048828125,396.739990234375,365.4500122070313,199.509994506836,648.4600219726562,741.3599853515625,621.469970703125,-13894.8896484375,0,-0.3551052453574786,-0.0755329695001911,1.2626391650371125,-0.8027530147435545,-0.2762166112272106,-0.4440939365606411,0.2864830824191263
1762591995.0801203,256.8999938964844,710.5999755859375,809.3800048828125,396.739990234375,365.4500122070313,199.509994506836,648.4600219726562,741.3599853515625,621.469970703125,-13894.8896484375,1,-0.3835685207666751,-0.0944104424189659,1.2904031059204757,0.7714607252824485,0.3751209493076072,0.511852680003876,0.0462542615343506
1762591995.0801203,256.8999938964844,710.5999755859375,809.3800048828125,396.739990234375,365.4500122070313,199.509994506836,648.4600219726562,741.3599853515625,621.469970703125,-13894.8896484375,0,-0.3570898060816996,-0.076938106172003,1.274590427153356,-0.8076910227912035,-0.2629919537977246,-0.4468823588415322,0.2806538816699013
1762591995.140372,256.8999938964844,710.5999755859375,795.8499755859375,396.739990234375,365.5400085449219,199.509994506836,648.4600219726562,741.3599853515625,621.469970703125,-13894.8896484375,0,-0.357778811944041,-0.0776657928866298,1.282814696290531,-0.8049098951116976,-0.2738261122888341,-0.4467154640194861,0.278540150042887
1762591995.2152314,256.8999938964844,710.5999755859375,795.8499755859375,396.739990234375,365.5400085449219,199.509994506836,648.4600219726562,741.3599853515625,621.469970703125,-13894.8896484375,0,-0.3432283710926901,-0.0763239176833674,1.2399216815405407,0.9039260556790102,0.2132892555474726,-0.2166442273231423,0.3008166519661942
1762591995.268854,256.8999938964844,710.5999755859375,795.8499755859375,396.739990234375,365.5400085449219,199.509994506836,648.4600219726562,741.3599853515625,621.469970703125,-13894.8896484375,0,-0.3503438873469444,-0.0815145740432252,1.29631214467497,-0.80976669491316,-0.2796638720188403,-0.4330548985669291,0.2802311069885602
1762591995.268854,256.8999938964844,710.5999755859375,795.8499755859375,396.739990234375,365.5400085449219,199.509994506836,648.4600219726562,741.3599853515625,621.469970703125,-13894.8896484375,1,-0.3779597104545659,-0.100158276346522,1.320280471385233,0.751212832918466,0.3966526962093605,0.5269470206648404,0.0259375338246733
1762591995.3083358,256.8999938964844,710.5999755859375,795.8499755859375,396.739990234375,365.5400085449219,199.509994506836,648.4600219726562,741.3599853515625,621.469970703125,-13894.8896484375,0,-0.3447328848000223,-0.0856968371591507,1.3249486685629432,-0.8227372722283175,-0.2765455309396612,-0.3947934796000418,0.3012707398153691
1762591995.3605678,256.8999938964844,710.5999755859375,782.4000244140625,396.739990234375,365.5400085449219,199.509994506836,648.4600219726562,741.27001953125,621.3900146484375,-13894.8896484375,0,-0.3286948724343762,-0.0827390161547641,1.2756896383705356,-0.8052863417885912,-0.2908429466724995,-0.424842855546667,0.2939946193224629
1762591995.4008822,256.8999938964844,710.5999755859375,782.4000244140625,396.739990234375,365.5400085449219,199.509994506836,648.4600219726562,741.27001953125,621.3900146484375,-13894.8896484375,0,-0.3222647093080627,-0.0816874473566946,1.2595354392260123,-0.8093866441884868,-0.2883282729596643,-0.4106013366904535,0.3052320584889638
1762591995.4008822,256.8999938964844,710.5999755859375,782.4000244140625,396.739990234375,365.5400085449219,199.509994506836,648.4600219726562,741.27001953125,621.3900146484375,-13894.8896484375,1,-0.3598243554776469,-0.1039088311927931,1.322630920095327,0.7399172151811699,0.4026405806409382,0.5374025699278472,0.0400194369602549
1762591995.4432924,256.8999938964844,710.5999755859375,782.4000244140625,396.739990234375,365.5400085449219,199.509994506836,648.4600219726562,741.27001953125,621.3900146484375,-13894.8896484375,0,-0.3281463006777324,-0.0845254465105589,1.2925105409643114,-0.814322787342191,-0.2934217629957487,-0.4014965345311845,0.2993035244950532
1762591995.4904952,256.8999938964844,710.5999755859375,782.4000244140625,396.739990234375,365.5400085449219,199.509994506836,648.4600219726562,741.27001953125,621.3900146484375,-13894.8896484375,0,-0.3349613785737134,-0.0876164347269291,1.328758224669013,-0.8197204637324789,-0.2866947394107205,-0.3916727910136249,0.304067282870134
1762591995.4904952,256.8999938964844,710.5999755859375,782.4000244140625,396.739990234375,365.5400085449219,199.509994506836,648.4600219726562,741.27001953125,621.3900146484375,-13894.8896484375,1,-0.3502931798134974,-0.1042703885411083,1.3092593105925578,0.7330406648211998,0.4064618449537472,0.5444565536045347,0.0317366279299159
1762591995.5645185,256.8999938964844,710.5999755859375,779.4099731445312,396.55999755859375,365.4500122070313,199.509994506836,648.4600219726562,741.3599853515625,621.3900146484375,-13894.8896484375,0,-0.3233106242911078,-0.0849162081310657,1.3020732547598584,-0.817136381574903,-0.2879351400728236,-0.3878527380454931,0.314565959074615
1762591995.5645185,256.8999938964844,710.5999755859375,779.4099731445312,396.55999755859375,365.4500122070313,199.509994506836,648.4600219726562,741.3599853515625,621.3900146484375,-13894.8896484375,1,-0.3463084243795277,-0.1040667339210661,1.315614642662119,0.7354421746256975,0.4125468934141194,0.5358986785714578,0.0417429613413993
1762591995.7301111,256.8999938964844,710.5999755859375,779.4099731445312,396.55999755859375,365.4500122070313,199.509994506836,648.4600219726562,741.3599853515625,621.469970703125,-13894.8896484375,1,-0.3230538199350629,-0.0962434126844945,1.2306817986324137,0.7363668866918937,0.3835291622591943,0.5518689489609889,0.0781655490170824
1762591995.7301111,256.8999938964844,710.5999755859375,779.4099731445312,396.55999755859375,365.4500122070313,199.509994506836,648.4600219726562,741.3599853515625,621.469970703125,-13894.8896484375,0,-0.3127033118967949,-0.0822014917298987,1.263958812841269,-0.8077495694217994,-0.2983065792462056,-0.4071167634049471,0.3046469412812236
1762591995.8587158,256.8999938964844,710.5999755859375,779.4099731445312,396.55999755859375,365.4500122070313,199.509994506836,648.4600219726562,741.3599853515625,621.469970703125,-13894.8896484375,0,-0.326471802285467,-0.0856947586620095,1.317661328650568,-0.8216446720628535,-0.3073410020981058,-0.3752146965254259,0.2994252374323025
1762591996.1473696,256.989990234375,710.5999755859375,779.3300170898438,396.55999755859375,365.4500122070313,199.509994506836,648.4600219726562,741.3599853515625,621.3900146484375,-13894.8896484375,0,-0.3177390301697918,-0.0838206148269772,1.2852421647713632,-0.800173369197946,-0.3117243290617291,-0.420601005684244,0.2926522098239224
1762591996.2167995,256.989990234375,710.5999755859375,779.3300170898438,396.55999755859375,365.4500122070313,199.509994506836,648.4600219726562,741.3599853515625,621.3900146484375,-13894.8896484375,1,-0.3198121909860777,-0.0953418007525634,1.2191711065837003,0.7298281295916156,0.3877910830143118,0.558494361894359,0.0710846321197755
1762591996.281802,256.989990234375,710.5999755859375,779.3300170898438,396.55999755859375,365.4500122070313,199.509994506836,648.4600219726562,741.3599853515625,621.3900146484375,-13894.8896484375,1,-0.3522120623933066,-0.1062983350440772,1.3407750704272745,0.7417298192626722,0.3998048657473549,0.5381669086482709,0.0192177776360002
1762591996.4261725,256.989990234375,710.5999755859375,779.4099731445312,396.55999755859375,365.5400085449219,199.509994506836,648.4600219726562,741.3599853515625,621.3900146484375,-13894.8896484375,1,-0.347093998256806,-0.104513431000738,1.3212949808854304,0.730171689432928,0.4152818970977163,0.5424293552451559,0.012674559633777
1762591996.6570754,256.989990234375,710.5999755859375,774.489990234375,395.7699890136719,365.4500122070313,199.509994506836,648.4600219726562,741.27001953125,621.469970703125,-13894.8896484375,0,-0.3186534179417232,-0.0861609380627543,1.292678571227907,-0.8121818211069047,-0.307006533440714,-0.3743367342762708,0.3255452153842293
1762591996.6570754,256.989990234375,710.5999755859375,774.489990234375,395.7699890136719,365.4500122070313,199.509994506836,648.4600219726562,741.27001953125,621.469970703125,-13894.8896484375,1,-0.3481632234157076,-0.1075000644141767,1.33175088504676,0.7261193660958206,0.4183854477710472,0.5446989193480075,0.0317391010448751
1762591996.7090597,256.989990234375,710.5999755859375,774.489990234375,395.7699890136719,365.4500122070313,199.509994506836,648.4600219726562,741.27001953125,621.469970703125,-13894.8896484375,0,-0.2986190178220825,-0.080773589417976,1.208765464809778,-0.8067182023223975,-0.3133949372285834,-0.3484235754232057,0.3599866212104574
1762591996.8319702,256.989990234375,710.5999755859375,761.1300048828125,395.6799926757813,365.4500122070313,199.509994506836,648.4600219726562,741.3599853515625,621.469970703125,-13894.8896484375,0,-0.3085304849633153,-0.0867642514352758,1.2652249057377971,0.9028086680657196,0.2517190654820809,-0.1444914325984993,0.3173267193979457
1762591996.8756323,256.989990234375,710.5999755859375,761.1300048828125,395.6799926757813,365.4500122070313,199.509994506836,648.4600219726562,741.3599853515625,621.469970703125,-13894.8896484375,0,-0.3201474444570065,-0.0903927510180895,1.317014869248565,-0.8214732340784345,-0.3061817654721122,-0.3738795791701276,0.3027350532473346
1762591996.924333,256.989990234375,710.5999755859375,747.5999755859375,395.6799926757813,365.4500122070313,199.509994506836,648.4600219726562,741.3599853515625,621.3900146484375,-13894.8896484375,1,-0.3197114055266912,-0.1025313194740225,1.2478780313859243,0.712082071202752,0.4034608458994327,0.5651028691102757,0.1040058508981473
1762591996.965866,256.989990234375,710.5999755859375,747.5999755859375,395.6799926757813,365.4500122070313,199.509994506836,648.4600219726562,741.3599853515625,621.3900146484375,-13894.8896484375,1,-0.3451643071827547,-0.1127745081311066,1.3547782760771827,0.7123952067666713,0.4276490440839514,0.5549461940853414,0.0405473320965594
1762591997.002374,256.989990234375,710.5999755859375,747.5999755859375,395.6799926757813,365.4500122070313,199.509994506836,648.4600219726562,741.3599853515625,621.3900146484375,-13894.8896484375,0,-0.3153680759047716,-0.091672989007057,1.3218193822593272,-0.8281395875788,-0.301544623953483,-0.3595090981060499,0.3066086620246439
1762591997.0502248,256.989990234375,710.5999755859375,747.5999755859375,395.6799926757813,365.4500122070313,199.509994506836,648.4600219726562,741.3599853515625,621.3900146484375,-13894.8896484375,0,-0.3041910989226417,-0.0893664701265593,1.2885977015974432,-0.8193631738122623,-0.3065176991995892,-0.3693638317957502,0.3134665041736473
1762591997.0841508,256.989990234375,710.5999755859375,747.5999755859375,395.6799926757813,365.4500122070313,199.509994506836,648.4600219726562,741.3599853515625,621.3900146484375,-13894.8896484375,0,-0.3122814569510466,-0.0931410970606145,1.336075012227209,-0.8302005846915734,-0.3028637908631842,-0.3335897961655422,0.3282656869914719
1762591997.1657522,256.989990234375,710.5999755859375,734.0599975585938,395.6799926757813,365.5400085449219,199.509994506836,648.4600219726562,741.3599853515625,621.469970703125,-13894.8896484375,0,-0.2827003243610217,-0.0888734568253803,1.2815828792507604,-0.8261513065720262,-0.3153416082625301,-0.3256414165375622,0.3346510967905899
1762591997.1657522,256.989990234375,710.5999755859375,734.0599975585938,395.6799926757813,365.5400085449219,199.509994506836,648.4600219726562,741.3599853515625,621.469970703125,-13894.8896484375,1,-0.3041455934828888,-0.1097969103336077,1.2993584077056004,0.6828433199371063,0.4294030198564711,0.5906523013716118,0.0216311312656641
1762591997.2286904,256.989990234375,710.5999755859375,734.0599975585938,395.6799926757813,365.5400085449219,199.509994506836,648.4600219726562,741.3599853515625,621.469970703125,-13894.8896484375,0,-0.2847678999453984,-0.0925429777600028,1.3378863746116334,-0.8303134924170636,-0.3241266965838841,-0.3225679697367711,0.3185455913549815
1762591997.2286904,256.989990234375,710.5999755859375,734.0599975585938,395.6799926757813,365.5400085449219,199.509994506836,648.4600219726562,741.3599853515625,621.469970703125,-13894.8896484375,1,-0.2871578838323597,-0.1059278234815023,1.2697845293158396,0.696933278566196,0.4175086808232556,0.5797402497273899,0.0622233839502612
1762591997.317666,256.989990234375,710.5999755859375,720.4400024414062,395.6799926757813,365.5400085449219,199.509994506836,648.4600219726562,741.3599853515625,621.469970703125,-13894.8896484375,0,-0.2792761556272452,-0.0926363587700173,1.3427331098411786,-0.8305614217918967,-0.318094388682933,-0.3092958196617562,0.336630034992745
1762591997.3872294,256.989990234375,710.5999755859375,720.4400024414062,395.6799926757813,365.5400085449219,199.509994506836,648.4600219726562,741.3599853515625,621.469970703125,-13894.8896484375,0,-0.2720082347726922,-0.0914059174526733,1.3249672214021684,-0.8271092404987294,-0.3320109884602386,-0.283257336545459,0.3541529177014403
1762591997.3872294,256.989990234375,710.5999755859375,720.4400024414062,395.6799926757813,365.5400085449219,199.509994506836,648.4600219726562,741.3599853515625,621.469970703125,-13894.8896484375,1,-0.2781065306896738,-0.1063113181047245,1.274375921014166,0.6770883535085094,0.4318269503002221,0.5926381339081332,0.0621038547550054
1762591997.470862,256.989990234375,710.5999755859375,720.4400024414062,395.6799926757813,365.5400085449219,199.509994506836,648.4600219726562,741.3599853515625,621.469970703125,-13894.8896484375,0,-0.2660309024562826,-0.090596896471647,1.3201525920378152,-0.8300387920212171,-0.3267838127164076,-0.2697841091403959,0.3625803055073587
1762591997.512325,256.989990234375,710.5999755859375,720.4400024414062,395.6799926757813,365.5400085449219,199.509994506836,648.4600219726562,741.3599853515625,621.469970703125,-13894.8896484375,0,-0.2692888486387513,-0.0923796820041247,1.3495983105964091,-0.834334518894109,-0.3368498877179035,-0.2889623266941425,0.3269844606058201
1762591997.560398,256.8999938964844,710.5999755859375,707.0800170898438,395.6799926757813,365.5400085449219,199.509994506836,648.4600219726562,741.3599853515625,621.469970703125,-13894.8896484375,1,-0.265910544059688,-0.1044310401228299,1.2654717242391502,0.6680874522589717,0.4333002366709885,0.5995703431243671,0.0801589962556314
1762591997.6151676,256.8999938964844,710.5999755859375,707.0800170898438,395.6799926757813,365.5400085449219,199.509994506836,648.4600219726562,741.3599853515625,621.469970703125,-13894.8896484375,0,-0.2631105377119498,-0.0920920534590289,1.3501461341362804,0.8943699950681461,0.2859598851122651,-0.099233749594895,0.3293659347438989
1762591997.7813213,256.989990234375,710.5999755859375,693.3699951171875,395.6799926757813,365.5400085449219,199.509994506836,648.4600219726562,741.3599853515625,621.469970703125,-13894.8896484375,0,-0.2465412526004503,-0.0879986497053137,1.323964609763557,-0.8356927543389193,-0.3377822080483387,-0.2576153924370444,0.3480734259476397
1762591997.862254,256.989990234375,710.5999755859375,693.3699951171875,395.6799926757813,365.5400085449219,199.509994506836,648.4600219726562,741.3599853515625,621.469970703125,-13894.8896484375,0,-0.250360997802758,-0.0899738780779101,1.3536297612854242,-0.8403180828590134,-0.3376525688116082,-0.2546168395745823,0.339155609418635
1762591997.862254,256.989990234375,710.5999755859375,693.3699951171875,395.6799926757813,365.5400085449219,199.509994506836,648.4600219726562,741.3599853515625,621.469970703125,-13894.8896484375,1,-0.2553396700849704,-0.1058172417779244,1.3021473646768724,0.6536632415458891,0.4552685063948058,0.6005029852700996,0.0696499706996494
1762591998.0959356,256.989990234375,710.5999755859375,689.3300170898438,395.6799926757813,365.5400085449219,199.509994506836,648.4600219726562,741.3599853515625,621.3900146484375,-13894.8896484375,0,-0.2487092514443445,-0.0897490759308077,1.3539178857784648,-0.8357674474804707,-0.3489174604555789,-0.254270728951313,0.339257683656209
1762591998.1808703,256.989990234375,710.5999755859375,689.3300170898438,395.6799926757813,365.5400085449219,199.509994506836,648.4600219726562,741.3599853515625,621.3900146484375,-13894.8896484375,1,-0.2513297059124796,-0.1039423601263404,1.2876192219544218,0.6574560864746137,0.4461847187195825,0.6013559956769384,0.0839145851566368
1762591998.256707,256.989990234375,710.5999755859375,689.3300170898438,395.6799926757813,365.5400085449219,199.509994506836,648.4600219726562,741.3599853515625,621.3900146484375,-13894.8896484375,0,-0.2543465522654964,-0.0920364732574736,1.384604581199784,-0.8453352583574228,-0.3375434238522986,-0.2512949661962051,0.3291254744870179
1762591998.6046674,256.989990234375,710.5999755859375,689.3300170898438,395.6799926757813,365.4500122070313,199.509994506836,648.4600219726562,741.3599853515625,621.469970703125,-13894.8896484375,0,-0.2499762536242062,-0.0904290883494099,1.3568123134365908,-0.839927385378112,-0.3444195409939594,-0.2401727832321794,0.3438229213823701
1762591999.673192,256.8999938964844,710.5999755859375,689.3300170898438,395.6799926757813,365.5400085449219,199.509994506836,648.4600219726562,741.3599853515625,621.3900146484375,-13894.8896484375,0,-0.2500693619856801,-0.0903062023306412,1.358638818754191,-0.8353548217156144,-0.3558096065272344,-0.2400497104404378,0.3434501161113077
1762592001.063415,256.989990234375,710.5999755859375,689.3300170898438,395.6799926757813,365.5400085449219,199.509994506836,648.4600219726562,741.3599853515625,621.469970703125,-13894.8896484375,1,-0.2535991926454866,-0.1056209615478593,1.2968486358161562,0.6610250223123544,0.4481824682377588,0.5962458391197949,0.0816657478603702
1762592001.2075338,256.8999938964844,710.5999755859375,689.3300170898438,395.6799926757813,365.4500122070313,199.509994506836,648.4600219726562,741.3599853515625,621.469970703125,-13894.8896484375,1,-0.2500432445328201,-0.1040044805931257,1.2798385817479434,0.6544212863292863,0.446137955798357,0.6069195692260471,0.0658964406144587
1762592003.54329,256.8999938964844,710.5999755859375,689.3300170898438,395.6799926757813,365.4500122070313,199.509994506836,648.4600219726562,741.3599853515625,621.469970703125,-13894.8896484375,1,-0.2489346255036412,-0.1047602003415011,1.2920129750122389,0.6509020113437614,0.4549925262740916,0.6055476899538247,0.0511895287627529
1762592003.6398118,256.8999938964844,710.5999755859375,689.3300170898438,395.6799926757813,365.4500122070313,199.509994506836,648.4600219726562,741.3599853515625,621.469970703125,-13894.8896484375,0,-0.2383467546175857,-0.0872713752230358,1.3274141349028137,-0.8311733791543724,-0.3547085887578945,-0.2412769659681718,0.3537203083506494
1762592003.6927054,256.8999938964844,710.5999755859375,689.3300170898438,395.6799926757813,365.4500122070313,199.509994506836,648.4600219726562,741.3599853515625,621.469970703125,-13894.8896484375,1,-0.2439652209827126,-0.103106750431932,1.283010763997536,0.6479349507959303,0.4532673143113175,0.6098112837968841,0.0534718567853865
1762592004.729979,256.989990234375,710.5999755859375,689.3300170898438,395.6799926757813,365.5400085449219,199.509994506836,648.4600219726562,741.3599853515625,621.469970703125,-13894.8896484375,1,-0.2467638949260319,-0.1051858096719039,1.3088731608753994,0.6590491249824312,0.4519138876567001,0.598489866670013,0.0569031501431099
1762592011.097105,256.8999938964844,710.5999755859375,689.3300170898438,395.6799926757813,365.4500122070313,199.509994506836,648.4600219726562,741.3599853515625,621.3900146484375,-13894.8896484375,0,-0.2213865861544939,-0.0820471200946378,1.245427014791313,0.8727503795741117,0.310762871533075,-0.0733095668792508,0.3692680869419102
1762592012.4293554,262.0899963378906,714.5499877929688,694.1599731445312,393.489990234375,367.2099914550781,204.5200042724609,648.4600219726562,741.3599853515625,621.3900146484375,-13894.8896484375,0,-0.2391509643952428,-0.0890889695876972,1.354996010433599,-0.8196063683830564,-0.3867402183187905,-0.2638073692941022,0.3302772719198175
1762592013.0789196,270.260009765625,716.4000244140625,700.8400268554688,391.7300109863281,367.2099914550781,212.6999969482422,648.4600219726562,741.27001953125,621.3900146484375,-13894.8896484375,0,-0.2277672948191523,-0.084895988519486,1.2984507873569588,-0.8255306100486447,-0.370409971710375,-0.2508482555103636,0.344050603018857
1762592013.2161062,272.989990234375,716.4000244140625,702.9500122070312,391.2000122070313,367.2099914550781,215.509994506836,648.4600219726562,741.1799926757812,621.3900146484375,-13894.8896484375,1,-0.2446590444364677,-0.1063073964215746,1.3140141974710016,0.6525402381560945,0.4591253341210182,0.6012560607503122,0.0434317230428172
1762592014.3945868,289.510009765625,716.4000244140625,704.969970703125,389.1799926757813,367.2099914550781,232.3800048828125,648.4600219726562,740.9199829101562,621.3900146484375,-13894.8896484375,1,-0.2397050810074852,-0.1040947939541345,1.2924240054693472,0.6530011696551107,0.4614667397473813,0.5977065405243014,0.058179136728313
1762592014.6715589,292.1499938964844,716.4000244140625,704.969970703125,389.0,367.2099914550781,235.27999877929688,648.4600219726562,740.9199829101562,621.3900146484375,-13894.8896484375,0,-0.2225987173017301,-0.0829660382627369,1.2689747786915309,-0.8049201222238318,-0.4011772759813688,-0.2545270551661305,0.3554945404134891
1762592014.829276,294.9599914550781,716.4000244140625,704.969970703125,388.739990234375,367.2099914550781,238.1000061035156,648.4600219726562,740.9199829101562,621.3900146484375,-13894.8896484375,0,-0.2436248984159215,-0.0909064655690896,1.3902103627642253,-0.8375999428208752,-0.3865577185088499,-0.2112787868223228,0.3230491298341271
1762592014.9805052,297.7699890136719,716.4000244140625,704.969970703125,388.3900146484375,367.2099914550781,241.0,648.4600219726562,740.9199829101562,621.469970703125,-13894.8896484375,0,-0.2353846862618774,-0.0876830865443017,1.344649618261304,-0.8036415929609025,-0.3937695573482862,-0.2929570609749639,0.3365737455505243
1762592015.035588,297.7699890136719,716.4000244140625,704.969970703125,388.3900146484375,367.2099914550781,241.0,648.4600219726562,740.9199829101562,621.469970703125,-13894.8896484375,0,-0.2414332814387435,-0.0902789046420569,1.3805986871055282,-0.8078614314573987,-0.4021561783837292,-0.2782249603798589,0.328969887942685
1762592022.0801668,330.5599975585937,716.4000244140625,704.969970703125,386.80999755859375,367.2099914550781,274.4800109863281,648.4600219726562,740.9199829101562,621.469970703125,-13894.8896484375,1,-0.2360346414669011,-0.1025997349018773,1.2738749395255935,0.6455299594136705,0.4644074581951065,0.6040837676863895,0.0519575392985626
1762592025.2651489,330.5599975585937,716.4000244140625,704.969970703125,386.6300048828125,367.2099914550781,274.4800109863281,648.4600219726562,740.9199829101562,646.9600219726562,-13894.8896484375,1,-0.2430431281916837,-0.1094065411782974,1.352372552290879,-0.6099013709767725,-0.5126278125626567,-0.6042839553428259,0.0085991152515218
1762592025.6037962,330.5599975585937,716.4000244140625,704.969970703125,386.3699951171875,367.2099914550781,274.4800109863281,648.4600219726562,740.9199829101562,673.77001953125,-13894.8896484375,1,-0.1985428111676008,-0.0979862337504846,1.352722552848418,-0.5798027623631115,-0.5691700667629207,-0.5827940913527087,0.0150079626055122
1762592025.652327,330.5599975585937,716.4000244140625,704.969970703125,386.3699951171875,367.2099914550781,274.4800109863281,648.4600219726562,740.9199829101562,673.77001953125,-13894.8896484375,0,-0.1835828516625128,-0.0745491086037252,1.3391912549404907,-0.7978254629426225,-0.4217987826867705,-0.1879520177386581,0.3876007696487663
1762592025.9684691,330.5599975585937,716.4000244140625,704.969970703125,386.3699951171875,367.2099914550781,274.3900146484375,648.4600219726562,740.9199829101562,700.489990234375,-13894.8896484375,0,-0.1694209415261162,-0.0965815003998082,1.2509602156313122,0.8048605995901211,0.3798193897327556,-0.013540455547206,0.4557996297432042
1762592026.1376543,330.5599975585937,716.4000244140625,704.969970703125,386.3699951171875,367.2099914550781,274.4800109863281,648.4600219726562,740.9199829101562,702.9500122070312,-13894.8896484375,0,-0.1668499354559011,-0.1021012041974717,1.2468961703698145,0.7965510519265431,0.3892637196615111,-0.0194678716106053,0.462170077141473
1762592026.3356512,330.5599975585937,716.4000244140625,704.969970703125,386.3699951171875,367.2099914550781,274.4800109863281,648.4600219726562,740.9199829101562,703.0399780273438,-13894.8896484375,0,-0.1635096984862596,-0.0941795979667875,1.2733076365374156,0.7955718033718583,0.399843878074413,-0.0262612121662638,0.4544235112553287
1762592026.3785665,330.5599975585937,716.4000244140625,704.969970703125,386.3699951171875,367.2099914550781,274.4800109863281,648.4600219726562,740.9199829101562,703.0399780273438,-13894.8896484375,0,-0.1590623025664138,-0.0905998384908901,1.2491784058699915,0.7929372447092833,0.4040021475017047,-0.0418011929748877,0.454186581740079
1762592026.443097,330.5599975585937,716.4000244140625,704.969970703125,386.3699951171875,367.2099914550781,274.4800109863281,648.4600219726562,740.9199829101562,703.0399780273438,-13894.8896484375,0,-0.1597611686565899,-0.0904673233170377,1.2726622466569184,0.7948301093475496,0.4003865030019388,-0.027842191089807,0.4551489403302611
1762592026.502535,330.5599975585937,716.4000244140625,704.969970703125,386.3699951171875,367.2099914550781,274.4800109863281,648.4600219726562,740.9199829101562,703.0399780273438,-13894.8896484375,0,-0.1555187164189576,-0.0881559428341421,1.2496082421345964,0.7875277281971133,0.4026602068986504,-0.0493441290037678,0.4639288652734268
1762592026.5811489,330.5599975585937,716.4000244140625,704.969970703125,386.3699951171875,367.2099914550781,274.4800109863281,648.4600219726562,740.9199829101562,703.0399780273438,-13894.8896484375,0,-0.15661137828961,-0.0899412507997832,1.2620718030440414,0.7896922898027239,0.4041906710932593,-0.0192597783317722,0.461134524586831
1762592027.2446947,330.5599975585937,716.4000244140625,704.969970703125,386.3699951171875,367.2099914550781,274.3900146484375,648.4600219726562,740.9199829101562,703.0399780273438,-13894.8896484375,0,-0.1593935627655008,-0.0917903671545502,1.262513922253537,0.790084549803756,0.4037459327468544,-0.0181793771295109,0.4608960145184071
1762592027.7061615,330.5599975585937,716.4000244140625,704.969970703125,385.8399963378906,367.2099914550781,274.3900146484375,648.5399780273438,749.7100219726562,702.6900024414062,-13894.8896484375,0,-0.1544788107284981,-0.0996619092871269,1.2305756654574973,0.7983242410815814,0.3915956601390136,-0.0464668579699329,0.4551615934722631
1762592027.738228,330.5599975585937,716.4000244140625,704.969970703125,385.8399963378906,367.2099914550781,274.3900146484375,648.5399780273438,760.780029296875,702.6900024414062,-13894.8896484375,0,-0.1559117578410221,-0.1021414877669615,1.2473721122316772,0.7961197411856901,0.3985010949190526,-0.0315341107164941,0.4543080836877833
1762592027.8465471,330.5599975585937,716.4000244140625,704.969970703125,385.8399963378906,367.2099914550781,274.3900146484375,648.5399780273438,760.780029296875,702.6900024414062,-13894.8896484375,0,-0.155817272299336,-0.1047079522098782,1.2648388245966,0.7922799963906824,0.4121771718358247,-0.0264427595522241,0.4491137570859578
1762592027.919017,330.5599975585937,716.4000244140625,704.969970703125,385.8399963378906,367.2099914550781,274.3900146484375,648.5399780273438,773.9600219726562,702.6900024414062,-13894.8896484375,0,-0.1490669268496209,-0.1031204259739264,1.2483351093603074,0.7947736161519398,0.4061892067361152,-0.0433573104933329,0.4488489400974892
1762592028.03316,330.5599975585937,716.4000244140625,704.969970703125,385.8399963378906,367.2099914550781,274.3900146484375,648.5399780273438,773.9600219726562,702.6900024414062,-13894.8896484375,1,-0.1607944697731697,-0.1335280481496496,1.3405296797618742,0.5578577287534825,0.5971144237139566,0.5764094999094639,0.0010990345205692
1762592028.0812027,330.5599975585937,716.4000244140625,704.969970703125,385.8399963378906,367.2099914550781,274.3900146484375,648.5399780273438,773.9600219726562,702.6900024414062,-13894.8896484375,0,-0.139327284465362,-0.1039557720868001,1.2639791798236717,0.7968509861626495,0.417062032129,-0.0243260374470764,0.4364584872701703
1762592028.306423,330.5599975585937,716.4000244140625,704.969970703125,385.8399963378906,367.2099914550781,274.3900146484375,648.5399780273438,786.969970703125,702.6900024414062,-13894.8896484375,0,-0.1310990928459262,-0.1127485199357122,1.3180468121973616,-0.7754087180136642,-0.4333036185653776,-0.1629812636337944,0.4294489514143528
1762592028.4399936,330.5599975585937,716.4000244140625,704.969970703125,385.8399963378906,367.2099914550781,274.3900146484375,648.5399780273438,800.0700073242188,702.6900024414062,-13894.8896484375,0,-0.121311181525879,-0.1115934241323095,1.242593754228266,0.806209282345069,0.4085331965994694,-0.0275880355872928,0.4270434645669014
1762592028.5054932,330.5599975585937,716.4000244140625,704.969970703125,385.8399963378906,367.2099914550781,274.3900146484375,648.5399780273438,800.0700073242188,702.6900024414062,-13894.8896484375,0,-0.1216145010595429,-0.1149716892732162,1.2525812500906557,0.8096048606810375,0.4115034021806698,-0.0477841643503877,0.4158384219774637
1762592028.6044176,330.5599975585937,716.4000244140625,704.969970703125,385.75,367.2099914550781,274.3900146484375,648.5399780273438,813.1599731445312,702.6900024414062,-13894.8896484375,0,-0.118490892349469,-0.1172679026695173,1.245834962262416,0.8043329525435704,0.4219867006410466,-0.0481504813544488,0.4155204652961888
1762592028.7020063,330.5599975585937,716.4000244140625,704.969970703125,385.75,367.2099914550781,274.3900146484375,648.5399780273438,813.1599731445312,702.6900024414062,-13894.8896484375,0,-0.1221544979532536,-0.1251709821475888,1.3239952770899353,-0.7841601396213704,-0.4274042952764724,-0.1679046076669948,0.4174044639584098
1762592029.0428276,330.5599975585937,716.4000244140625,704.969970703125,385.75,367.2099914550781,274.3900146484375,648.5399780273438,818.9600219726562,702.6900024414062,-13894.8896484375,0,-0.1137497047144775,-0.1174823210511971,1.32328399578207,-0.783400399018316,-0.4314892432211005,-0.1759977223940996,0.4112488899857538
1762592029.5670617,330.5599975585937,716.4000244140625,704.969970703125,385.75,367.2099914550781,274.3900146484375,648.5399780273438,818.9600219726562,702.6900024414062,-13894.8896484375,0,-0.1179755155583069,-0.1202516876681996,1.311933843101473,-0.7758917575894102,-0.4434196940090767,-0.1545923610688112,0.4212744442390057
1762592029.7059162,330.5599975585937,716.4000244140625,704.969970703125,385.75,367.2099914550781,274.3900146484375,648.5399780273438,818.9600219726562,702.6900024414062,-13894.8896484375,0,-0.1148457399978091,-0.1168643452543275,1.2953528906188074,-0.7794227605843346,-0.4292758820230857,-0.1820807911978978,0.4184124315470853
1762592030.0539098,330.5599975585937,716.4000244140625,704.969970703125,384.9599914550781,367.1199951171875,274.3900146484375,648.5399780273438,818.9600219726562,697.4099731445312,-13894.8896484375,0,-0.1142771667424463,-0.116331482341548,1.3183419180591107,-0.780463022684577,-0.4374694973051823,-0.163934358686477,0.4154797650808738
1762592030.146612,330.5599975585937,716.4000244140625,704.969970703125,384.8699951171875,367.2099914550781,274.3900146484375,648.5399780273438,817.6500244140625,683.7899780273438,-13894.8896484375,0,-0.1145007961055312,-0.1130233205435004,1.2887834886394958,-0.7850163864392878,-0.4316624853745037,-0.1522196885980926,0.4174277639846308
1762592030.2610197,330.5599975585937,716.4000244140625,704.969970703125,384.8699951171875,367.2099914550781,274.3900146484375,648.5399780273438,817.6500244140625,683.7899780273438,-13894.8896484375,0,-0.1315229949258544,-0.1089492823793669,1.32959447404798,-0.7937386439262462,-0.4301774089466486,-0.1861462242582691,0.3876544146072142
1762592030.41744,330.5599975585937,716.4000244140625,704.969970703125,384.8699951171875,367.2099914550781,274.3900146484375,648.5399780273438,817.6500244140625,670.1699829101562,-13894.8896484375,0,-0.1458582601218328,-0.1004761713321682,1.3606241080418726,-0.8032336630498551,-0.4412995622861324,-0.1901226798666447,0.3520280464251466
1762592030.50986,330.5599975585937,716.4000244140625,704.969970703125,384.8699951171875,367.2099914550781,274.3900146484375,648.5399780273438,817.6500244140625,670.1699829101562,-13894.8896484375,0,-0.1530171130004526,-0.0980607122675594,1.3923240306474174,-0.8146218535460589,-0.4460208863968311,-0.1790832829066037,0.3246317643213027
1762592030.6482384,330.5599975585937,716.4000244140625,704.969970703125,384.8699951171875,367.2099914550781,274.3900146484375,648.5399780273438,817.6500244140625,656.3699951171875,-13894.8896484375,0,-0.1531847401454966,-0.0921930473994074,1.3648647170543973,-0.81443961413482,-0.4311665771046147,-0.2147695169259033,0.3235081951283923
1762592030.6482384,330.5599975585937,716.4000244140625,704.969970703125,384.8699951171875,367.2099914550781,274.3900146484375,648.5399780273438,817.6500244140625,656.3699951171875,-13894.8896484375,1,-0.1596970322632547,-0.1108949106484959,1.329377142207428,-0.6115145929272798,-0.5042599121340392,-0.6093946743200663,0.0202478285723414
1762592030.7450702,330.5599975585937,716.4000244140625,704.969970703125,384.8699951171875,367.2099914550781,274.3900146484375,648.5399780273438,817.6500244140625,642.5700073242188,-13894.8896484375,0,-0.1591588200363151,-0.086339773139634,1.3655264853413418,-0.8149125342611491,-0.4322285517672668,-0.215350848094542,0.3204996923028227
1762592030.8816972,330.5599975585937,716.4000244140625,704.969970703125,384.8699951171875,367.2099914550781,274.3900146484375,648.5399780273438,817.6500244140625,642.5700073242188,-13894.8896484375,0,-0.1688317219584149,-0.0807186351443821,1.3701907239423865,-0.8322579832206107,-0.431572587500867,-0.1901208754969364,0.2914546341776824
1762592030.950094,330.5599975585937,716.4000244140625,704.969970703125,384.8699951171875,367.1199951171875,274.3900146484375,648.5399780273438,817.6500244140625,628.77001953125,-13894.8896484375,0,-0.1749440830787542,-0.0813365641005119,1.3993737101505284,0.8610622962954534,0.4098496825197719,-0.0792319475233649,0.2903743413741954
1762592030.9913971,330.5599975585937,716.4000244140625,704.969970703125,384.8699951171875,367.1199951171875,274.3900146484375,648.5399780273438,817.6500244140625,628.77001953125,-13894.8896484375,0,-0.1719866157451995,-0.0804610498227372,1.3757780862357736,0.8720554002901129,0.3855895097563604,-0.0438743505227025,0.2981864352329121
1762592030.9913971,330.5599975585937,716.4000244140625,704.969970703125,384.8699951171875,367.1199951171875,274.3900146484375,648.5399780273438,817.6500244140625,628.77001953125,-13894.8896484375,1,-0.1794915571740052,-0.0985105389019964,1.343176445305051,-0.6366043750966348,-0.4752784963055296,-0.6048759479307021,0.054500533688326
1762592031.0367591,330.5599975585937,716.4000244140625,704.969970703125,384.8699951171875,367.1199951171875,274.3900146484375,648.5399780273438,817.6500244140625,628.77001953125,-13894.8896484375,1,-0.1809261899355449,-0.099787659900153,1.3539157962536237,-0.6500763693228664,-0.4573282481045015,-0.6053822200974768,0.0419994657527663
1762592031.076856,330.5599975585937,716.4000244140625,704.969970703125,384.8699951171875,367.1199951171875,274.3900146484375,648.5399780273438,817.6500244140625,628.77001953125,-13894.8896484375,0,-0.169508976772931,-0.0805993797635859,1.3598811321311566,-0.8178299055436546,-0.4322950959170589,-0.244518836814593,0.2906642979234918
1762592031.144524,330.5599975585937,716.4000244140625,704.969970703125,384.8699951171875,367.1199951171875,274.3900146484375,648.5399780273438,817.6500244140625,615.0599975585938,-13894.8896484375,0,-0.1702053363563043,-0.0816592646870456,1.3694110761995193,-0.8343741950800155,-0.4183036553007736,-0.2246196690838384,0.2799781398739097
1762592031.251403,330.5599975585937,716.4000244140625,704.969970703125,384.8699951171875,367.1199951171875,274.3900146484375,648.5399780273438,817.6500244140625,615.0599975585938,-13894.8896484375,0,-0.1752300161371884,-0.0844555449223849,1.4076872793673267,-0.8523917652278378,-0.4193647121971585,-0.1600578444928173,0.2682219289168548
1762592031.251403,330.5599975585937,716.4000244140625,704.969970703125,384.8699951171875,367.1199951171875,274.3900146484375,648.5399780273438,817.6500244140625,615.0599975585938,-13894.8896484375,1,-0.1809206896422017,-0.1017337944254506,1.353873851052961,-0.6500002913971471,-0.456929752944591,-0.6057271573297768,0.0425374297625855
1762592031.294006,330.5599975585937,716.4000244140625,704.969970703125,384.8699951171875,367.1199951171875,274.3900146484375,648.5399780273438,817.6500244140625,615.0599975585938,-13894.8896484375,1,-0.1775486530334153,-0.0999727269584704,1.3304394085771305,-0.6411955935318727,-0.459781322804938,-0.6127120709294118,0.0453129581073946
1762592031.4648564,330.5599975585937,716.4000244140625,704.969970703125,384.8699951171875,367.2099914550781,274.3900146484375,648.5399780273438,817.6500244140625,612.77001953125,-13894.8896484375,0,-0.1696992161964942,-0.0825408449718701,1.369195822787301,0.875416854470662,0.3961546848567534,-0.090309453447217,0.261822457388214
1762592031.4648564,330.5599975585937,716.4000244140625,704.969970703125,384.8699951171875,367.2099914550781,274.3900146484375,648.5399780273438,817.6500244140625,612.77001953125,-13894.8896484375,1,-0.1750704521893605,-0.098813535753864,1.3118794517365666,-0.6434666828384413,-0.4567565871192757,-0.6130353419003471,0.0388808150785045
1762592032.7137897,330.5599975585937,716.4000244140625,704.969970703125,384.8699951171875,367.2099914550781,274.3900146484375,648.5399780273438,817.6500244140625,612.6900024414062,-13894.8896484375,1,-0.1796273445849023,-0.1008721897241857,1.342396981406328,-0.6459708123994637,-0.4596927462553271,-0.6091276517934271,0.0191779140898531
1762592033.349532,330.5599975585937,716.4000244140625,704.969970703125,384.8699951171875,367.1199951171875,274.3900146484375,648.5399780273438,817.6500244140625,612.6900024414062,-13894.8896484375,1,-0.1824367799982849,-0.1022042229131437,1.3633815493891654,-0.6440153657438494,-0.4629224920246986,-0.6085113138168908,0.0257090649441049
1762592038.695927,330.5599975585937,716.4000244140625,704.969970703125,384.8699951171875,367.1199951171875,274.3900146484375,648.5399780273438,817.6500244140625,612.6900024414062,-13894.8896484375,1,-0.1782277980220938,-0.100459948882687,1.333734064199796,-0.6516698752281492,-0.4537615326329229,-0.6067719724929296,0.0354205959829696
1762592041.908593,330.5599975585937,716.4000244140625,704.969970703125,384.260009765625,367.1199951171875,274.3900146484375,648.5399780273438,817.2100219726562,646.7000122070312,-13894.8896484375,0,-0.1594744352287283,-0.0803392110507454,1.3392907873792896,-0.8227019438822718,-0.4210801523253405,-0.2142403949850287,0.316155135980199
1762592042.2529943,330.5599975585937,716.4000244140625,704.969970703125,384.260009765625,367.1199951171875,274.3900146484375,648.5399780273438,817.2100219726562,654.8699951171875,-13894.8896484375,1,-0.1634305563370043,-0.1055839002956059,1.322777860542776,-0.6168303598676907,-0.4928353440670494,-0.6123238971334657,0.0411470021155045
1762592042.2960918,330.5599975585937,716.4000244140625,704.969970703125,384.260009765625,367.1199951171875,274.3900146484375,648.5399780273438,817.2100219726562,654.8699951171875,-13894.8896484375,0,-0.1630372516754745,-0.0889481205487673,1.3987314811237268,-0.8279417217431219,-0.4378525548660374,-0.1730376843995775,0.3047221773549656
1762592042.2960918,330.5599975585937,716.4000244140625,704.969970703125,384.260009765625,367.1199951171875,274.3900146484375,648.5399780273438,817.2100219726562,654.8699951171875,-13894.8896484375,1,-0.1625815548638541,-0.1031877421939052,1.304524152356325,-0.6270590957752773,-0.4788066666711286,-0.6131727272239997,0.0395002904477529
1762592042.4516137,330.5599975585937,716.4000244140625,704.969970703125,384.260009765625,367.1199951171875,274.3900146484375,648.5399780273438,817.2100219726562,654.8699951171875,-13894.8896484375,0,-0.1662060947577746,-0.08776973756348,1.4000103895119715,-0.8295526695831105,-0.4316419470618535,-0.1908862924851166,0.2984795156547151
1762592042.595373,330.5599975585937,716.4000244140625,704.969970703125,384.260009765625,367.2099914550781,274.3900146484375,648.5399780273438,817.2100219726562,654.8699951171875,-13894.8896484375,1,-0.1635693191473158,-0.1049090705996884,1.3143442779020682,-0.6204252747719009,-0.4927886045577794,-0.60831348759052,0.0467607790532419
1762592043.3791385,330.5599975585937,716.4000244140625,704.969970703125,384.260009765625,367.1199951171875,274.3900146484375,648.5399780273438,817.2100219726562,654.8699951171875,-13894.8896484375,1,-0.1690005365672907,-0.1062493945481871,1.346293860615348,-0.6229223620006299,-0.4970209849485114,-0.6035049543174831,0.026826135663204
1762592045.1918614,330.5599975585937,716.4000244140625,704.969970703125,383.9100036621094,367.1199951171875,274.3900146484375,648.5399780273438,816.8599853515625,619.719970703125,-13894.8896484375,0,-0.1687003312087659,-0.0796751668388544,1.369200528772514,-0.8343645401212847,-0.4182579725838301,-0.224008473167439,0.2805642288451146
1762592045.1918614,330.5599975585937,716.4000244140625,704.969970703125,383.9100036621094,367.1199951171875,274.3900146484375,648.5399780273438,816.8599853515625,619.719970703125,-13894.8896484375,1,-0.1790821990106504,-0.0989791436505057,1.352871490395389,-0.6314176224237048,-0.4815960480641784,-0.6065353777796861,0.0386247081984427
1762592045.8988056,330.5599975585937,716.4000244140625,704.969970703125,383.9100036621094,367.1199951171875,274.3900146484375,648.4600219726562,816.8599853515625,600.030029296875,-13894.8896484375,0,-0.1700936560491505,-0.0840632363008014,1.388693113970085,-0.8333977512129164,-0.4163814878297563,-0.2570595806842163,0.2568949529367744
1762592050.5625043,330.5599975585937,716.4000244140625,704.969970703125,383.3800048828125,367.1199951171875,274.3900146484375,648.4600219726562,816.8599853515625,652.1500244140625,-13894.8896484375,1,-0.1712867867621166,-0.0983763107497641,1.3282934850908663,-0.625561486044264,-0.4774216810474675,-0.6147566451725578,0.0530625372563748
1762592051.5705388,330.5599975585937,716.4000244140625,704.969970703125,383.3800048828125,367.1199951171875,274.3900146484375,648.4600219726562,816.8599853515625,654.8699951171875,-13894.8896484375,0,-0.1582723502159446,-0.0837005796556119,1.3705659750633823,-0.8356562126745307,-0.4257975659924068,-0.1710032833204163,0.3018824342472398
1762592051.690371,330.5599975585937,716.4000244140625,704.969970703125,383.3800048828125,367.1199951171875,274.3900146484375,648.4600219726562,816.8599853515625,654.8699951171875,-13894.8896484375,1,-0.1658796502415804,-0.1020360801932463,1.3387127946275337,-0.629239230487311,-0.4917016291926753,-0.6004195807284659,0.0422353612848159
1762592053.7143977,330.5599975585937,716.4000244140625,704.969970703125,383.3800048828125,367.1199951171875,274.3900146484375,648.4600219726562,816.8599853515625,654.8699951171875,-13894.8896484375,1,-0.1703474454756438,-0.106208961883942,1.3707797254845857,-0.6314331628077984,-0.4951704277702229,-0.5963359396079791,0.0219512072621039
1762592056.2007568,330.5599975585937,716.4000244140625,704.969970703125,383.3800048828125,367.1199951171875,274.3900146484375,648.4600219726562,816.8599853515625,654.8699951171875,-13894.8896484375,1,-0.1684218082394311,-0.1038808994748075,1.353321524493474,-0.626397914441504,-0.4991787753994606,-0.597988785262202,0.0292509089545157
1762592060.8707974,330.5599975585937,716.4000244140625,704.969970703125,383.2000122070313,367.1199951171875,356.9200134277344,648.4600219726562,816.8599853515625,655.1400146484375,-13894.8896484375,1,-0.1621581154482877,-0.0987541041859613,1.3048866341682406,-0.6194363180691099,-0.490684698450497,-0.611923591720962,0.0328129922263541
1762592061.1053228,330.5599975585937,716.4000244140625,704.969970703125,383.2000122070313,367.1199951171875,362.3699951171875,648.4600219726562,816.8599853515625,655.1400146484375,-13894.8896484375,1,-0.1626346797790696,-0.0992394694004879,1.3144426497362032,-0.6208662924969588,-0.4940124107162036,-0.6069693263828227,0.0454425101620551
1762592061.4395325,330.5599975585937,716.4000244140625,704.969970703125,383.2000122070313,367.1199951171875,362.4599914550781,648.4600219726562,816.8599853515625,655.1400146484375,-13894.8896484375,1,-0.1614584694123519,-0.0981854019967172,1.297395475629723,-0.6235308553666513,-0.4908064134256101,-0.6072983918267532,0.038820100858456
1762592062.128475,330.5599975585937,716.4000244140625,704.969970703125,382.9400024414063,367.1199951171875,394.8900146484375,648.4600219726562,816.8599853515625,655.1400146484375,-13894.8896484375,0,-0.1591667148974835,-0.0774987164649742,1.3656028985697208,-0.829310843626742,-0.4351956777627984,-0.2033104963056325,0.2855049715707893
1762592062.3082268,330.5599975585937,716.4000244140625,704.969970703125,382.9400024414063,367.1199951171875,394.8900146484375,648.4600219726562,816.8599853515625,655.1400146484375,-13894.8896484375,0,-0.1635849619265577,-0.0756283381949363,1.3991042980879247,-0.8365202932684989,-0.4397640479771447,-0.1625607776322227,0.2835760473529937
1762592062.59036,330.5599975585937,716.4000244140625,704.969970703125,382.9400024414063,367.1199951171875,420.6400146484375,648.4600219726562,816.8599853515625,655.1400146484375,-13894.8896484375,0,-0.1643101497132531,-0.0785272996010074,1.4032919271118116,0.8740445122046233,0.4037572590364288,-0.031795684111307,0.2683566673892533
1762592062.6494114,330.5599975585937,716.4000244140625,704.969970703125,382.9400024414063,367.1199951171875,420.6400146484375,648.4600219726562,816.8599853515625,655.1400146484375,-13894.8896484375,0,-0.1607484866705178,-0.0768019784350321,1.3706359528106504,-0.8497440453958477,-0.4287961205062117,-0.1546140226791333,0.2648838393411312
1762592065.4054031,330.5599975585937,716.4000244140625,704.969970703125,382.9400024414063,367.1199951171875,530.6799926757812,648.5399780273438,816.8599853515625,655.1400146484375,-13894.8896484375,0,-0.1722693634722234,-0.0861549693972826,1.4104414038752102,-0.8968681916617964,-0.3663626405106434,-0.1299944237667928,0.2109675619921415
1762592070.0480738,330.5599975585937,716.4000244140625,745.489990234375,382.9400024414063,367.1199951171875,530.6799926757812,648.4600219726562,816.8599853515625,655.1400146484375,-13894.8896484375,0,-0.168209321991061,-0.0834846445728067,1.4104614432180922,0.9206479219541416,0.3414718410679404,-0.0246032387354484,0.18761414179885
1762592073.145983,330.5599975585937,716.4000244140625,790.9299926757812,382.9400024414063,367.1199951171875,530.6799926757812,648.4600219726562,816.8599853515625,655.1400146484375,-13894.8896484375,0,-0.1596455450729046,-0.0712788780155556,1.3593811928279056,-0.85664518303743,-0.383755485003363,-0.2492150901946339,0.2382909921249273
1762592073.3721938,330.5599975585937,716.4000244140625,790.9299926757812,382.9400024414063,367.1199951171875,530.6799926757812,648.5399780273438,816.8599853515625,655.1400146484375,-13894.8896484375,0,-0.1627398158534052,-0.0728071091124641,1.3836320276296183,-0.8656192301818527,-0.3850757886140392,-0.2484483580928867,0.2017260486987274
1762592073.7118466,330.5599975585937,716.4000244140625,790.9299926757812,382.9400024414063,367.1199951171875,524.530029296875,648.4600219726562,816.8599853515625,655.1400146484375,-13894.8896484375,0,-0.1593294017964907,-0.0731244881432758,1.3755554742823433,-0.8757385806987861,-0.3960005971933981,-0.1802375069171518,0.209236484386537
1762592073.752341,330.5599975585937,716.4000244140625,790.9299926757812,382.6799926757813,367.1199951171875,511.4400024414063,648.4600219726562,816.8599853515625,655.1400146484375,-13894.8896484375,0,-0.1666145870998298,-0.0767083879422732,1.4405399234190444,0.898907815592975,0.3936094910091955,-0.0528253256276292,0.1850561877530263
1762592074.038725,330.5599975585937,716.4000244140625,790.9299926757812,382.6799926757813,367.1199951171875,498.0799865722656,648.4600219726562,816.8599853515625,655.1400146484375,-13894.8896484375,0,-0.158946564331862,-0.0719057830742316,1.382752182917979,0.8793153141523965,0.4023624829333471,-0.1275448767053334,0.2205477613828931
1762592074.191186,330.5599975585937,716.4000244140625,790.9299926757812,381.9700012207031,367.1199951171875,484.7999877929688,648.4600219726562,816.8599853515625,655.1400146484375,-13894.8896484375,0,-0.1595352740531398,-0.071410818221745,1.3903773544974736,-0.8585764177627055,-0.4148519976923531,-0.2252778436496583,0.1999856195654674
1762592074.2754016,330.5599975585937,716.4000244140625,790.9299926757812,381.9700012207031,367.1199951171875,484.7999877929688,648.4600219726562,816.8599853515625,655.1400146484375,-13894.8896484375,0,-0.1615177970668016,-0.0722748171991649,1.4121142403526403,-0.8504571526944115,-0.4190034118027576,-0.248070514250405,0.199047211204033
1762592074.325231,330.5599975585937,716.4000244140625,790.9299926757812,381.8800048828125,367.1199951171875,471.1799926757813,648.4600219726562,816.8599853515625,655.1400146484375,-13894.8896484375,0,-0.1576204076951023,-0.0694216759669878,1.3758836930159235,-0.8397084604582131,-0.4097516308807494,-0.2663708809042802,0.236727388005151
1762592074.4968078,330.5599975585937,716.4000244140625,790.9299926757812,381.8800048828125,367.1199951171875,471.1799926757813,648.4600219726562,816.8599853515625,655.1400146484375,-13894.8896484375,0,-0.1563579064834799,-0.0672119971482926,1.3563215996034887,-0.8477791846225496,-0.4058601189312255,-0.2470278735822463,0.2356379588591159
1762592074.4968078,330.5599975585937,716.4000244140625,790.9299926757812,381.8800048828125,367.1199951171875,471.1799926757813,648.4600219726562,816.8599853515625,655.1400146484375,-13894.8896484375,1,-0.1661983832389026,-0.084475522545057,1.3240034305479518,-0.6682888516987168,-0.4402885970881661,-0.5970919661304616,0.0549285531559385
1762592074.7287223,330.5599975585937,716.4000244140625,790.9299926757812,381.7999877929688,367.1199951171875,444.0199890136719,648.4600219726562,816.8599853515625,655.1400146484375,-13894.8896484375,0,-0.1576033841121324,-0.065532386910807,1.3420005830110953,-0.8247454468086073,-0.4120033074917009,-0.2836178960042597,0.2638353874113301
1762592074.7686,330.5599975585937,716.4000244140625,790.9299926757812,381.7999877929688,367.1199951171875,444.0199890136719,648.4600219726562,816.8599853515625,655.1400146484375,-13894.8896484375,0,-0.1649512284810314,-0.0688077668502975,1.395676799239011,0.8887518182052535,0.3858822559356842,-0.1065852117668885,0.2232816222250514
1762592074.8624818,330.5599975585937,716.4000244140625,790.9299926757812,381.7999877929688,367.1199951171875,444.0199890136719,648.4600219726562,816.8599853515625,655.1400146484375,-13894.8896484375,1,-0.1729997109257739,-0.0848910668611178,1.3268237035203296,-0.6745213339719183,-0.4490527782847373,-0.5831514838513051,0.0575058189535943
1762592074.915563,330.5599975585937,716.4000244140625,790.9299926757812,381.7999877929688,367.1199951171875,444.0199890136719,648.4600219726562,816.8599853515625,655.1400146484375,-13894.8896484375,0,-0.1704240173959858,-0.0692285246115712,1.3789205927644184,0.8763079431704561,0.3921117880424892,-0.1450042549790761,0.2393877617014906
1762592074.972556,330.5599975585937,716.4000244140625,790.9299926757812,381.7999877929688,367.1199951171875,440.6799926757813,648.5399780273438,816.8599853515625,655.1400146484375,-13894.8896484375,0,-0.1868394010873204,-0.0745172875516925,1.3831425676804152,-0.8315427973965792,-0.4110077996031742,-0.2778595850935327,0.2498063564741263
1762592075.0408845,330.5599975585937,716.4000244140625,790.9299926757812,381.7999877929688,367.1199951171875,440.6799926757813,648.5399780273438,816.8599853515625,655.1400146484375,-13894.8896484375,1,-0.1934021275672796,-0.0902841882311958,1.3081250295721298,-0.6866200902601617,-0.4365728849772647,-0.577492286816501,0.0667804344191003
1762592075.0955234,330.5599975585937,716.4000244140625,790.9299926757812,381.7999877929688,367.1199951171875,440.6799926757813,648.5399780273438,816.8599853515625,655.1400146484375,-13894.8896484375,0,-0.190099285352312,-0.0759219763728121,1.372545094624548,-0.8244601284539653,-0.414749945517003,-0.2957681274428437,0.2465140849368806
1762592075.1713982,330.5599975585937,716.4000244140625,790.9299926757812,381.7999877929688,367.1199951171875,440.6799926757813,648.4600219726562,816.8599853515625,655.1400146484375,-13894.8896484375,0,-0.1923139291782578,-0.0759751823006494,1.3602329296190998,-0.848726677333584,-0.3968620236757725,-0.260778279475653,0.2327192521042969
1762592075.3028753,330.5599975585937,716.4000244140625,790.9299926757812,381.7999877929688,367.1199951171875,440.6799926757813,648.4600219726562,816.8599853515625,655.1400146484375,-13894.8896484375,1,-0.1946010108156428,-0.0900909451569426,1.281916452398364,-0.6837790309152806,-0.4327823140826495,-0.5850487201899999,0.0535135543752241
1762592075.361043,330.5599975585937,716.4000244140625,790.9299926757812,381.7999877929688,367.1199951171875,440.6000061035156,648.4600219726562,816.8599853515625,655.1400146484375,-13894.8896484375,0,-0.1915312636836224,-0.076152810214672,1.354713575475398,-0.8416786021541648,-0.3887802035182466,-0.2797642815255832,0.2493171289955754
1762592075.720827,330.5599975585937,716.4000244140625,790.9299926757812,381.7999877929688,367.1199951171875,440.6000061035156,648.4600219726562,816.8599853515625,655.1400146484375,-13894.8896484375,1,-0.2000704738340118,-0.0932075839113954,1.319486035453255,-0.681049850282698,-0.4419919309447882,-0.5817140808246999,0.0492235977950302
1762592075.9434962,330.5599975585937,716.4000244140625,790.9299926757812,381.7999877929688,367.1199951171875,440.6000061035156,648.4600219726562,816.8599853515625,655.1400146484375,-13894.8896484375,1,-0.2009034270097671,-0.0938339804833433,1.324987284068088,-0.6821244389417661,-0.4491239407309532,-0.5755455640718011,0.0417281600115829
1762592076.0018914,330.5599975585937,716.4000244140625,790.9299926757812,381.7999877929688,367.1199951171875,440.6000061035156,648.4600219726562,816.8599853515625,655.1400146484375,-13894.8896484375,1,-0.1965217887329949,-0.0913219608820178,1.2960984067769394,-0.6812233352177606,-0.4388434153258934,-0.5845782070804068,0.0402435608085732
1762592076.0471213,330.5599975585937,716.4000244140625,790.9299926757812,381.7999877929688,367.1199951171875,440.6000061035156,648.4600219726562,816.8599853515625,655.1400146484375,-13894.8896484375,0,-0.1875443751484921,-0.0744241705185615,1.328250263447221,-0.8175429888273205,-0.3989566611118768,-0.325352901058934,0.2580746669983138
1762592076.153517,330.5599975585937,716.4000244140625,790.9299926757812,381.0899963378906,367.1199951171875,435.6700134277344,648.4600219726562,816.8599853515625,655.1400146484375,-13894.8896484375,1,-0.198901367979313,-0.0923199690446381,1.3102443036169624,-0.6765296147182791,-0.4509674223423205,-0.5819912253779316,0.014908989843506
1762592076.283735,330.5599975585937,716.4000244140625,790.9299926757812,381.0899963378906,367.1199951171875,435.6700134277344,648.4600219726562,816.8599853515625,655.1400146484375,-13894.8896484375,0,-0.1901122095556272,-0.0748096889749216,1.3481121482140137,-0.8259282269420857,-0.4029318031501986,-0.2959746578012429,0.2605523515339468
1762592076.3208563,330.5599975585937,716.4000244140625,791.02001953125,381.0899963378906,367.1199951171875,421.5199890136719,648.4600219726562,816.8599853515625,655.1400146484375,-13894.8896484375,0,-0.196952887174098,-0.0765687944841163,1.3842230089629977,-0.8305060785158792,-0.4116195556343414,-0.2813928800371363,0.2482882237077896
1762592076.6084378,330.5599975585937,716.4000244140625,791.02001953125,381.0899963378906,367.1199951171875,407.80999755859375,648.4600219726562,816.8599853515625,655.1400146484375,-13894.8896484375,0,-0.2056356986096967,-0.0772327168343121,1.3480547165723629,-0.8237374043320075,-0.4039135090768681,-0.301204415412226,0.2599739718236362
1762592076.6084378,330.5599975585937,716.4000244140625,791.02001953125,381.0899963378906,367.1199951171875,407.80999755859375,648.4600219726562,816.8599853515625,655.1400146484375,-13894.8896484375,1,-0.2105476350275872,-0.0930178277019596,1.290560115385286,-0.6891433967497593,-0.4480013897923932,-0.5675460223264704,0.0476198068212136
1762592076.6786134,330.5599975585937,716.4000244140625,791.02001953125,381.0899963378906,367.1199951171875,407.80999755859375,648.4600219726562,816.8599853515625,655.1400146484375,-13894.8896484375,0,-0.2162999631515898,-0.0796288701030458,1.343454784470097,-0.8111988583504566,-0.407813716225976,-0.3208998304786854,0.269569441642828
1762592076.6786134,330.5599975585937,716.4000244140625,791.02001953125,381.0899963378906,367.1199951171875,407.80999755859375,648.4600219726562,816.8599853515625,655.1400146484375,-13894.8896484375,1,-0.2217401637208373,-0.0958229057588918,1.2907936190516835,-0.6866160842960087,-0.447367878573836,-0.5712238064654017,0.0460835863788757
1762592076.808,330.5599975585937,716.4000244140625,791.02001953125,381.0899963378906,367.1199951171875,394.4500122070313,648.4600219726562,816.8599853515625,655.1400146484375,-13894.8896484375,0,-0.2296502721179528,-0.0845700333505521,1.362131332715437,0.8793759119596087,0.3703205904053902,-0.1279264646613255,0.2705466418683927
1762592076.86187,330.5599975585937,716.4000244140625,791.02001953125,381.0899963378906,367.1199951171875,394.4500122070313,648.4600219726562,816.8599853515625,655.1400146484375,-13894.8896484375,0,-0.2234501372439599,-0.0823365025259999,1.3171905600556126,-0.8161865155876863,-0.3970397037562552,-0.3235415046929304,0.2674321225189887
1762592076.86187,330.5599975585937,716.4000244140625,791.02001953125,381.0899963378906,367.1199951171875,394.4500122070313,648.4600219726562,816.8599853515625,655.1400146484375,-13894.8896484375,1,-0.2319649003765215,-0.099176592180468,1.283100648518979,-0.6959451292344118,-0.4413848641780125,-0.5650740706292684,0.0391289339482192
1762592076.926867,330.5599975585937,716.4000244140625,791.02001953125,381.010009765625,367.1199951171875,380.2999877929688,648.4600219726562,816.8599853515625,655.1400146484375,-13894.8896484375,0,-0.2291285243403826,-0.0845581958908586,1.344936436906786,-0.8093469768380448,-0.4083763329460472,-0.3258632980705905,0.2683269512054537
1762592077.124701,330.5599975585937,716.4000244140625,791.02001953125,381.010009765625,367.1199951171875,366.4200134277344,648.4600219726562,816.8599853515625,655.1400146484375,-13894.8896484375,0,-0.2277020955912805,-0.0867240536446617,1.3522780707861115,-0.8211303747072056,-0.4048116368027255,-0.3102225982956771,0.2561920879905962
1762592077.124701,330.5599975585937,716.4000244140625,791.02001953125,381.010009765625,367.1199951171875,366.4200134277344,648.4600219726562,816.8599853515625,655.1400146484375,-13894.8896484375,1,-0.2295054990403871,-0.1007838271970235,1.2771250946828694,-0.6858018140196844,-0.4497757949548557,-0.5713966531111991,0.0297232396174724
1762592077.1686082,330.5599975585937,716.4000244140625,791.02001953125,381.010009765625,367.1199951171875,366.4200134277344,648.4600219726562,816.8599853515625,655.1400146484375,-13894.8896484375,1,-0.2248242407321128,-0.0979080398668265,1.263751595723574,-0.6968280191828216,-0.4383441316079849,-0.5668280618831274,0.0314814584859768
1762592077.249846,330.5599975585937,716.4000244140625,791.02001953125,381.010009765625,367.1199951171875,366.4200134277344,648.4600219726562,816.8599853515625,655.1400146484375,-13894.8896484375,0,-0.2144328136954147,-0.0778731234042352,1.3099092052437062,-0.8062871174905853,-0.3998541651897049,-0.3342269780178798,0.279839343042044
1762592077.249846,330.5599975585937,716.4000244140625,791.02001953125,381.010009765625,367.1199951171875,366.4200134277344,648.4600219726562,816.8599853515625,655.1400146484375,-13894.8896484375,1,-0.2245594718508115,-0.0954758792748224,1.2830243193327178,-0.6977132798758737,-0.4421891714482238,-0.5622290988643339,0.0395392985393428
1762592077.3453257,330.5599975585937,716.4000244140625,791.02001953125,381.010009765625,367.1199951171875,352.7099914550781,648.4600219726562,816.8599853515625,655.1400146484375,-13894.8896484375,0,-0.2212452700090115,-0.0797085864000246,1.3529915084738846,-0.8272130763840567,-0.3939306030187273,-0.3070347275683667,0.257423546575572
1762592077.4525125,330.5599975585937,716.4000244140625,791.02001953125,381.010009765625,367.1199951171875,352.7099914550781,648.4600219726562,816.8599853515625,655.1400146484375,-13894.8896484375,0,-0.2122149343958208,-0.078523808568913,1.294611523771917,0.8568306956893472,0.3639723767936573,-0.2029802530999703,0.3035857122908735
1762592077.668392,330.5599975585937,716.4000244140625,791.02001953125,381.010009765625,367.1199951171875,350.67999267578125,648.4600219726562,816.8599853515625,655.1400146484375,-13894.8896484375,0,-0.2187268961887421,-0.0809059793283869,1.301799940671182,-0.8034657287260436,-0.392613862081652,-0.3497286890491772,0.2792615657766055
1762592077.668392,330.5599975585937,716.4000244140625,791.02001953125,381.010009765625,367.1199951171875,350.67999267578125,648.4600219726562,816.8599853515625,655.1400146484375,-13894.8896484375,1,-0.2295177288317405,-0.0989504573888542,1.2771936934087142,-0.6858877117867264,-0.4501381741744221,-0.5710385285011144,0.0291319401717164
1762592077.866069,330.5599975585937,716.4000244140625,791.02001953125,381.010009765625,367.1199951171875,350.67999267578125,648.4600219726562,816.8599853515625,655.1400146484375,-13894.8896484375,0,-0.2225347681463965,-0.0826980052463583,1.334451383518571,-0.807943772752566,-0.4005001902143849,-0.3379146761942442,0.2695183283584453
1762592077.866069,330.5599975585937,716.4000244140625,791.02001953125,381.010009765625,367.1199951171875,350.67999267578125,648.4600219726562,816.8599853515625,655.1400146484375,-13894.8896484375,1,-0.2237977802810462,-0.0968789579968648,1.2592502549203433,-0.6882428583043536,-0.4441284658789876,-0.5720549662662561,0.0427175532906913
1762592078.431702,330.5599975585937,716.4000244140625,791.02001953125,381.010009765625,367.1199951171875,350.67999267578125,648.4600219726562,816.8599853515625,655.1400146484375,-13894.8896484375,1,-0.235013127515744,-0.1012568199963912,1.3130320608448574,-0.6998909051558426,-0.4433778710015351,-0.5597218803595447,0.0167392064643757
1762592078.6519213,330.5599975585937,716.4000244140625,791.02001953125,381.010009765625,367.1199951171875,350.67999267578125,648.4600219726562,816.8599853515625,655.1400146484375,-13894.8896484375,0,-0.2208251191998584,-0.0811339246245212,1.3285024574295017,-0.796721723154049,-0.4037647181257248,-0.3509072962884281,0.2811985378035282
1762592079.1612856,330.5599975585937,716.4000244140625,801.2100219726562,380.2999877929688,367.0299987792969,350.67999267578125,648.4600219726562,816.8599853515625,655.1400146484375,-13894.8896484375,0,-0.2232658344552948,-0.0755462744522753,1.3158334097090512,0.8592901471816384,0.3843030379584805,-0.1593377884107036,0.297561904747276
1762592079.2279303,330.5599975585937,716.4000244140625,801.2100219726562,380.2999877929688,367.0299987792969,350.67999267578125,648.4600219726562,816.8599853515625,655.1400146484375,-13894.8896484375,0,-0.2330023259789495,-0.0772101909492528,1.360460041691987,-0.8234992092518337,-0.4135823675279739,-0.2934779831948066,0.2543016928993384
1762592079.2279303,330.5599975585937,716.4000244140625,801.2100219726562,380.2999877929688,367.0299987792969,350.67999267578125,648.4600219726562,816.8599853515625,655.1400146484375,-13894.8896484375,1,-0.2350032062018343,-0.0929937429745148,1.2934676240509364,-0.6804422386912543,-0.4715320907785865,-0.5604295145712118,0.023970948422728
1762592079.2784152,330.5599975585937,716.4000244140625,801.2100219726562,380.2999877929688,367.0299987792969,350.67999267578125,648.4600219726562,816.8599853515625,655.1400146484375,-13894.8896484375,0,-0.2275804227491455,-0.0741450751284643,1.323275483056452,-0.7869603333374616,-0.4271053100823031,-0.3506865685289689,0.2743964622699564
1762592079.2784152,330.5599975585937,716.4000244140625,801.2100219726562,380.2999877929688,367.0299987792969,350.67999267578125,648.4600219726562,816.8599853515625,655.1400146484375,-13894.8896484375,1,-0.233580699763721,-0.0914250637345353,1.2780552808975882,-0.6907046217899907,-0.4593326323461845,-0.5579556885825208,0.0250221477550623
1762592079.3763208,330.5599975585937,716.4000244140625,813.25,380.2999877929688,367.0299987792969,350.67999267578125,648.4600219726562,816.8599853515625,655.1400146484375,-13894.8896484375,0,-0.2354991167918763,-0.0726625259052054,1.339848232529587,-0.8000572729896848,-0.4320488602616753,-0.3244280973066412,0.2607461446711892
1762592079.4184172,330.5599975585937,716.4000244140625,813.25,380.2999877929688,367.0299987792969,350.67999267578125,648.4600219726562,816.8599853515625,655.1400146484375,-13894.8896484375,0,-0.2207402557246224,-0.067386430609786,1.2469327053207846,-0.7900009248932995,-0.4235387762274261,-0.3105677129079171,0.3163244211227631
1762592079.4476218,330.5599975585937,716.4000244140625,813.25,380.2999877929688,367.0299987792969,350.67999267578125,648.4600219726562,816.8599853515625,655.1400146484375,-13894.8896484375,0,-0.2345194578474291,-0.0703682020707684,1.3194392409578704,-0.7913509325362453,-0.4282154414771377,-0.3517479994835165,0.2582025989681341
1762592079.4915278,330.5599975585937,716.4000244140625,813.25,380.2999877929688,367.0299987792969,350.67999267578125,648.4600219726562,816.8599853515625,655.1400146484375,-13894.8896484375,0,-0.2314388708652571,-0.0685998975304232,1.299481740796655,-0.7942436328450593,-0.4168137333093554,-0.350370390638115,0.2695996156783151
1762592079.4915278,330.5599975585937,716.4000244140625,813.25,380.2999877929688,367.0299987792969,350.67999267578125,648.4600219726562,816.8599853515625,655.1400146484375,-13894.8896484375,1,-0.2429312895312886,-0.0879831589751746,1.2849257166272725,-0.6971954653145696,-0.4688677785762516,-0.5417089867778242,0.025156768510983
1762592079.5240104,330.5599975585937,716.4000244140625,826.0800170898438,380.2999877929688,367.0299987792969,350.67999267578125,648.4600219726562,816.8599853515625,655.1400146484375,-13894.8896484375,0,-0.2359762540759631,-0.0692896259167931,1.3169689648062983,-0.7849428053320326,-0.4210587639779229,-0.3656910655448063,0.2698969325790251
1762592079.6508355,330.5599975585937,716.4000244140625,826.0800170898438,380.2999877929688,367.0299987792969,350.67999267578125,648.4600219726562,816.8599853515625,655.1400146484375,-13894.8896484375,0,-0.2388819547323694,-0.0669569005231455,1.3053330110100336,0.8455901618372872,0.3887140016406948,-0.2105847019045431,0.2992202975338452
1762592079.6508355,330.5599975585937,716.4000244140625,826.0800170898438,380.2999877929688,367.0299987792969,350.67999267578125,648.4600219726562,816.8599853515625,655.1400146484375,-13894.8896484375,1,-0.2638845345595987,-0.0920288105913661,1.3619574558266188,-0.6914631191241122,-0.4913042679264283,-0.5214859064846893,0.0924733504652673
1762592079.9616451,330.5599975585937,716.4000244140625,853.0700073242188,380.2999877929688,367.0299987792969,350.67999267578125,648.4600219726562,816.8599853515625,655.1400146484375,-13894.8896484375,1,-0.2822230200796256,-0.0880776668188308,1.3465384068535329,-0.713089143479221,-0.4811395069377351,-0.5044696675557072,0.0742899914660005
1762592079.9616451,330.5599975585937,716.4000244140625,853.0700073242188,380.2999877929688,367.0299987792969,350.67999267578125,648.4600219726562,816.8599853515625,655.1400146484375,-13894.8896484375,0,-0.2630027490355937,-0.065261929258555,1.3265515637902534,-0.7817759132682286,-0.4274810546258285,-0.387868634595278,0.2358904230078264
1762592080.0918603,330.5599975585937,716.4000244140625,853.0700073242188,380.2999877929688,367.0299987792969,350.67999267578125,648.4600219726562,816.8599853515625,655.1400146484375,-13894.8896484375,0,-0.2672457637978149,-0.0638783332815295,1.2984513125154091,-0.7815668938857607,-0.4095281264594624,-0.4003341133977204,0.2473307535880403
1762592080.0918603,330.5599975585937,716.4000244140625,853.0700073242188,380.2999877929688,367.0299987792969,350.67999267578125,648.4600219726562,816.8599853515625,655.1400146484375,-13894.8896484375,1,-0.2843169367391388,-0.0854961797267064,1.307134541601914,-0.7128640358389723,-0.4679635835509238,-0.5112935896648454,0.1068354624887575
1762592080.1267169,330.5599975585937,716.4000244140625,866.1599731445312,380.2999877929688,367.1199951171875,350.67999267578125,648.4600219726562,816.8599853515625,655.1400146484375,-13894.8896484375,0,-0.2714991964837209,-0.0647168963591066,1.3028247926769745,0.8609414479978507,0.3792915636157595,-0.2007932129165963,0.2731296734811266
1762592080.1731029,330.5599975585937,716.4000244140625,866.1599731445312,380.2999877929688,367.1199951171875,350.67999267578125,648.4600219726562,816.8599853515625,655.1400146484375,-13894.8896484375,0,-0.2696286746522865,-0.0631377759417298,1.2787149671943827,-0.7622975466985022,-0.4168342474410457,-0.4221664929380626,0.2587027496917624
1762592080.1731029,330.5599975585937,716.4000244140625,866.1599731445312,380.2999877929688,367.1199951171875,350.67999267578125,648.4600219726562,816.8599853515625,655.1400146484375,-13894.8896484375,1,-0.2952212778176567,-0.0873879919792247,1.328682535487855,-0.7196236088877116,-0.4684321954931515,-0.5075643564661328,0.0713551946392988
1762592080.208919,330.5599975585937,716.4000244140625,866.1599731445312,380.2999877929688,367.1199951171875,350.67999267578125,648.4600219726562,816.8599853515625,655.1400146484375,-13894.8896484375,0,-0.2753480357469321,-0.0633234469167269,1.287163416449789,-0.7730190088533168,-0.4136388968251076,-0.4144234764266253,0.2441263139672047
1762592080.4450138,330.5599975585937,716.4000244140625,874.9500122070312,380.2999877929688,367.0299987792969,350.67999267578125,648.4600219726562,816.8599853515625,655.1400146484375,-13894.8896484375,0,-0.3074285157315747,-0.0680087730822532,1.2940900177473915,0.8611681349243338,0.3682138990320451,-0.2306631466874162,0.2638228206786193
1762592080.482737,330.5599975585937,716.4000244140625,874.9500122070312,380.2999877929688,367.0299987792969,350.67999267578125,648.4600219726562,816.8599853515625,655.1400146484375,-13894.8896484375,1,-0.3193563605157624,-0.0865927956914295,1.271470187641012,-0.72844465339026,-0.4521865167337587,-0.5040092241287221,0.1042614167585394
1762592080.546971,330.5599975585937,716.4000244140625,875.2100219726562,380.2999877929688,367.1199951171875,350.67999267578125,648.4600219726562,816.8599853515625,655.1400146484375,-13894.8896484375,0,-0.3001586622251371,-0.0665580047215921,1.257778829179289,0.8522465761077355,0.3598870149998878,-0.2474054631312923,0.288006331110799
1762592080.6054175,330.5599975585937,716.4000244140625,875.2100219726562,380.2999877929688,367.1199951171875,350.67999267578125,648.4600219726562,816.8599853515625,655.1400146484375,-13894.8896484375,0,-0.3033883712046494,-0.0672222558112642,1.2703562640004151,0.8572078799559514,0.3563146046364336,-0.2369508304445811,0.2865115303366144
1762592080.638033,330.5599975585937,716.4000244140625,875.2100219726562,380.2999877929688,367.1199951171875,350.67999267578125,648.4600219726562,816.8599853515625,655.1400146484375,-13894.8896484375,1,-0.3241889992839457,-0.0877154910980829,1.2879375140509302,-0.7361685385387102,-0.4492747780413314,-0.4962419593878928,0.0997595831214064
1762592080.906054,330.5599975585937,716.4000244140625,875.2100219726562,380.2999877929688,367.1199951171875,350.67999267578125,648.4600219726562,816.8599853515625,655.1400146484375,-13894.8896484375,0,-0.3074926533888369,-0.0677678921515425,1.2878751957115246,-0.7587463934222128,-0.4110409249959347,-0.4501484213912843,0.2295989267531662
1762592080.9688897,330.5599975585937,716.4000244140625,875.2100219726562,380.2999877929688,367.1199951171875,350.67999267578125,648.4600219726562,816.8599853515625,655.1400146484375,-13894.8896484375,0,-0.3019113414604232,-0.0664890184706119,1.2651093441152148,0.8647005266851407,0.34792544850424,-0.2375669662602711,0.2735010383443816
1762592081.6452744,330.5599975585937,716.4000244140625,875.2100219726562,379.6900024414063,366.9400024414063,350.67999267578125,648.4600219726562,816.8599853515625,655.1400146484375,-13894.8896484375,0,-0.2986066889587777,-0.0660393795007763,1.2522287470298017,0.844192104288837,0.3612812448536566,-0.2574403224041824,0.3008987098241009
1762592081.7553062,330.5599975585937,716.4000244140625,884.0900268554688,379.6900024414063,366.9400024414063,350.67999267578125,648.4600219726562,816.8599853515625,655.1400146484375,-13894.8896484375,0,-0.3001913254378994,-0.0613044120055047,1.2460383518576403,-0.748854194835863,-0.4079092431292078,-0.4653775950551109,0.2371732241784669
1762592081.8119464,330.5599975585937,716.4000244140625,884.0900268554688,379.6900024414063,366.9400024414063,350.67999267578125,648.4600219726562,816.8599853515625,655.1400146484375,-13894.8896484375,0,-0.3108221018333197,-0.062684407797394,1.283429563382707,-0.7479111201815783,-0.4160035114912487,-0.4589405858991578,0.2386285258518455
1762592081.9199271,330.5599975585937,716.4000244140625,897.3599853515625,379.6900024414063,366.9400024414063,350.67999267578125,648.4600219726562,816.8599853515625,655.1400146484375,-13894.8896484375,1,-0.3302288337043972,-0.0825600373467814,1.283488763176078,-0.7448370752308145,-0.4623897807053988,-0.4741825638573736,0.0810204800927953
1762592082.0033114,330.5599975585937,716.4000244140625,897.3599853515625,379.6900024414063,366.9400024414063,350.67999267578125,648.4600219726562,816.8599853515625,655.1400146484375,-13894.8896484375,1,-0.333255544354671,-0.0807946800429086,1.2738630763597518,-0.741035733380871,-0.4557475184887491,-0.4854194318492988,0.0867652950615959
1762592082.0538526,330.5599975585937,716.4000244140625,897.3599853515625,379.6900024414063,366.9400024414063,350.67999267578125,648.4600219726562,816.8599853515625,655.1400146484375,-13894.8896484375,0,-0.3152460218935794,-0.0597205672069675,1.2550714043651814,-0.7443999168930134,-0.4015703592662588,-0.482771684003435,0.2270275565056587
1762592082.123075,330.5599975585937,716.4000244140625,910.9000244140624,379.6900024414063,366.9400024414063,350.67999267578125,648.4600219726562,816.8599853515625,655.1400146484375,-13894.8896484375,0,-0.3292414396793019,-0.0587222435316134,1.2694999956636357,0.855322096477876,0.3510373168646882,-0.2553177203250973,0.2828599921040918
1762592082.2237198,330.5599975585937,716.4000244140625,910.9000244140624,379.6900024414063,366.9400024414063,350.67999267578125,648.4600219726562,816.8599853515625,655.1400146484375,-13894.8896484375,0,-0.3393132477826027,-0.0572246009642531,1.2647798217368842,-0.7517247926157665,-0.3991500870623108,-0.482039363481102,0.2079112700640986
1762592082.2628057,330.5599975585937,716.4000244140625,910.9000244140624,379.6900024414063,366.9400024414063,350.67999267578125,648.4600219726562,816.8599853515625,655.1400146484375,-13894.8896484375,0,-0.3412728530485739,-0.0556829088513905,1.2404530947284849,-0.7221278883487185,-0.4027192804039951,-0.520758406911667,0.2125068838666921
1762592082.349153,330.5599975585937,716.4000244140625,924.52001953125,379.6900024414063,366.9400024414063,350.67999267578125,648.4600219726562,816.8599853515625,655.1400146484375,-13894.8896484375,0,-0.3516254822532418,-0.053466368316796,1.2305854742951237,-0.7350661630354646,-0.3896760004034681,-0.5137433860372839,0.2095186959982864
1762592082.3996875,330.5599975585937,716.4000244140625,924.52001953125,379.6900024414063,366.9400024414063,350.67999267578125,648.4600219726562,816.8599853515625,655.1400146484375,-13894.8896484375,1,-0.3679464011192053,-0.0712363494995857,1.2164791202578364,-0.7577051331891006,-0.4447402867776855,-0.4671066553029088,0.0995006584275635
1762592082.3996875,330.5599975585937,716.4000244140625,924.52001953125,379.6900024414063,366.9400024414063,350.67999267578125,648.4600219726562,816.8599853515625,655.1400146484375,-13894.8896484375,0,-0.3602753450200125,-0.0534963627068371,1.246714632272112,-0.7293268417886692,-0.3997106503733482,-0.5196120258363611,0.1957475323750294
1762592082.451485,330.5599975585937,716.4000244140625,924.52001953125,379.6900024414063,366.9400024414063,350.67999267578125,648.4600219726562,816.8599853515625,655.1400146484375,-13894.8896484375,0,-0.3688842265272324,-0.0532256236081924,1.261569319443003,-0.7361794064840094,-0.396648021804992,-0.512836243632364,0.1941886080183005
1762592082.4877224,330.5599975585937,716.4000244140625,924.52001953125,379.6900024414063,366.9400024414063,350.67999267578125,648.4600219726562,816.8599853515625,655.1400146484375,-13894.8896484375,0,-0.3618899872049372,-0.0502655912175301,1.2141495948753092,0.8598182531849359,0.331985197104898,-0.2821380114546967,0.2662640473019534
1762592082.568784,330.5599975585937,716.4000244140625,938.4099731445312,379.6900024414063,366.9400024414063,350.67999267578125,648.4600219726562,816.8599853515625,655.1400146484375,-13894.8896484375,1,-0.3885217568688344,-0.0698551235782336,1.234540948375831,-0.7724509432873424,-0.4366010803389719,-0.4554281916675079,0.0726924968329005
1762592082.568784,330.5599975585937,716.4000244140625,938.4099731445312,379.6900024414063,366.9400024414063,350.67999267578125,648.4600219726562,816.8599853515625,655.1400146484375,-13894.8896484375,0,-0.3699225379700619,-0.0502983432293245,1.2288202613374464,-0.7307612803030189,-0.3819818898696598,-0.5339796943517999,0.1869317336394603
1762592082.6182003,330.5599975585937,716.4000244140625,938.4099731445312,379.6900024414063,366.9400024414063,350.67999267578125,648.4600219726562,816.8599853515625,655.1400146484375,-13894.8896484375,0,-0.3694388232771639,-0.049522614285677,1.2174117643576652,0.8559191208528621,0.3360545099623474,-0.2942728843496912,0.2605250360885563
1762592082.679942,330.5599975585937,716.4000244140625,938.4099731445312,379.6900024414063,366.9400024414063,350.67999267578125,648.4600219726562,816.8599853515625,655.1400146484375,-13894.8896484375,0,-0.3772663780290068,-0.0481844020505587,1.203552362339194,-0.704093430919421,-0.3942928259113837,-0.5574822125940753,0.1949338108490878
1762592082.823527,330.5599975585937,716.4000244140625,951.77001953125,379.6900024414063,366.9400024414063,350.67999267578125,648.4600219726562,816.8599853515625,655.1400146484375,-13894.8896484375,1,-0.3968260923444651,-0.0650578243745249,1.1837573887456725,-0.7741462412047345,-0.4230245214748271,-0.4611541107222946,0.095313889982018
1762592082.823527,330.5599975585937,716.4000244140625,951.77001953125,379.6900024414063,366.9400024414063,350.67999267578125,648.4600219726562,816.8599853515625,655.1400146484375,-13894.8896484375,0,-0.3879104946397268,-0.048597013931744,1.2107573139747303,0.8531556977685186,0.3313512738597464,-0.3105883299501678,0.2566448479424459
1762592083.124974,330.5599975585937,716.4000244140625,957.739990234375,379.6900024414063,366.9400024414063,350.67999267578125,648.4600219726562,816.8599853515625,655.1400146484375,-13894.8896484375,0,-0.3929601352956068,-0.0542213775245794,1.200209555172287,0.8585301069340994,0.3134907485696347,-0.3155466076233726,0.2551077114991927
1762592083.1577263,330.5599975585937,716.4000244140625,957.739990234375,379.6900024414063,366.9400024414063,350.67999267578125,648.4600219726562,816.8599853515625,655.1400146484375,-13894.8896484375,0,-0.4052706236309612,-0.0572822021943636,1.2384741142399354,0.8702703033776995,0.3181501394727585,-0.2988145552874534,0.2282979398959014
1762592083.2321024,330.5599975585937,716.4000244140625,957.739990234375,379.6900024414063,366.9400024414063,350.67999267578125,648.4600219726562,816.8599853515625,655.1400146484375,-13894.8896484375,1,-0.4005537384489244,-0.0718985158911704,1.1749546462006266,0.8943939992375263,0.3826166536512622,-0.1527046634557023,0.1741986114625909
1762592083.2321024,330.5599975585937,716.4000244140625,957.739990234375,379.6900024414063,366.9400024414063,350.67999267578125,648.4600219726562,816.8599853515625,655.1400146484375,-13894.8896484375,0,-0.3744424953696058,-0.0532569350861465,1.1512519261415433,0.8528731733380577,0.3015979907471451,-0.3321326748818128,0.2670840475457279
1762592083.3018646,330.5599975585937,716.4000244140625,957.739990234375,379.6900024414063,366.9400024414063,350.67999267578125,648.4600219726562,816.8599853515625,655.1400146484375,-13894.8896484375,1,-0.4076994540840519,-0.0725433958005864,1.1981847848239424,-0.8010411523926536,-0.3979645821197651,-0.4434560631394136,0.0574802889396233
1762592083.3018646,330.5599975585937,716.4000244140625,957.739990234375,379.6900024414063,366.9400024414063,350.67999267578125,648.4600219726562,816.8599853515625,655.1400146484375,-13894.8896484375,0,-0.3855841846722865,-0.0544006008264708,1.187803684896209,-0.712641630049842,-0.3518334489045308,-0.5811979534968643,0.1748258281916711
1762592083.3615465,330.5599975585937,716.4000244140625,957.739990234375,379.6900024414063,366.9400024414063,350.67999267578125,648.4600219726562,816.8599853515625,655.1400146484375,-13894.8896484375,0,-0.3867296863781529,-0.0516052480555827,1.1996501766490495,0.8575747317827754,0.3137182109802711,-0.3174539625974558,0.2556744905895228
1762592083.646418,330.5599975585937,716.4000244140625,957.739990234375,379.6900024414063,366.9400024414063,350.67999267578125,648.4600219726562,816.8599853515625,655.1400146484375,-13894.8896484375,0,-0.3898075428750313,-0.0521594390390918,1.2228493005384928,0.8617029320363,0.3116361829430083,-0.3164381543985043,0.2453932371554357
1762592083.736087,330.5599975585937,716.4000244140625,957.739990234375,379.6900024414063,366.9400024414063,350.67999267578125,648.4600219726562,816.8599853515625,655.1400146484375,-13894.8896484375,1,-0.402113707857983,-0.0690190939044228,1.1985112803064903,0.898015686987428,0.3829058998895459,-0.1486827949453538,0.1576208242635241
1762592083.736087,330.5599975585937,716.4000244140625,957.739990234375,379.6900024414063,366.9400024414063,350.67999267578125,648.4600219726562,816.8599853515625,655.1400146484375,-13894.8896484375,0,-0.3876324282703646,-0.0515657712223359,1.2115688090776753,-0.7068057038475197,-0.3623301579627135,-0.5817633574438149,0.1751968880289473
1762592083.7887523,330.5599975585937,716.4000244140625,957.739990234375,379.6900024414063,366.9400024414063,350.67999267578125,648.4600219726562,816.8599853515625,655.1400146484375,-13894.8896484375,1,-0.3916255267331011,-0.0666876860990174,1.1638826271908065,-0.7833177997679113,-0.4034792585121287,-0.4624359427644066,0.0988469086863921
1762592083.9709456,330.5599975585937,716.4000244140625,957.739990234375,379.6900024414063,366.9400024414063,350.67999267578125,648.4600219726562,816.8599853515625,655.1400146484375,-13894.8896484375,1,-0.4019743741898188,-0.0691194270904778,1.187636752043456,-0.7949407215111631,-0.4064583826906153,-0.4415241281830057,0.088979079878797
1762592084.1063886,330.5599975585937,716.4000244140625,957.739990234375,379.6900024414063,366.9400024414063,350.67999267578125,648.4600219726562,816.8599853515625,655.1400146484375,-13894.8896484375,1,-0.3953995943701702,-0.0680833415022468,1.1747295450657118,0.8927797918552826,0.3730630737728365,-0.1631625040897145,0.1927334519515888
1762592084.4222708,330.5599975585937,716.4000244140625,967.0599975585938,379.3399963378906,366.8599853515625,350.67999267578125,648.4600219726562,816.8599853515625,655.1400146484375,-13894.8896484375,1,-0.418037530161716,-0.0590082630138439,1.2125163284911715,-0.7982523058986638,-0.4120690548347425,-0.4349506677352355,0.0617273586972663
1762592084.4943388,330.5599975585937,716.4000244140625,967.0599975585938,379.3399963378906,366.8599853515625,350.67999267578125,648.4600219726562,816.8599853515625,655.1400146484375,-13894.8896484375,1,-0.4148380562897114,-0.055441973185378,1.1786269693327138,-0.7952658113652835,-0.4104781735169066,-0.4363587799112916,0.0930106097930261
1762592084.7833755,330.5599975585937,716.4000244140625,993.9600219726562,379.3399963378906,366.8599853515625,350.67999267578125,648.4600219726562,816.8599853515625,655.1400146484375,-13894.8896484375,0,-0.4196822180280158,-0.048774292030009,1.15054228240503,-0.6699038456220955,-0.3416180612024039,-0.6385692120499566,0.1635704719774808
1762592084.858071,330.5599975585937,716.4000244140625,993.9600219726562,379.3399963378906,366.8599853515625,350.67999267578125,648.4600219726562,816.8599853515625,655.1400146484375,-13894.8896484375,1,-0.4413516326737354,-0.0639275528117194,1.140790011695355,-0.8113534927413971,-0.3918777695421395,-0.4275875597074557,0.072843684272808
1762592084.9968944,330.5599975585937,716.4000244140625,1007.9299926757812,379.3399963378906,366.8599853515625,350.67999267578125,648.4600219726562,816.8599853515625,655.1400146484375,-13894.8896484375,1,-0.4524196995693513,-0.0570519037355582,1.1428082513087905,-0.8320291291637,-0.3770463204347667,-0.4027957211193284,0.057612563887215
1762592085.035002,330.5599975585937,716.4000244140625,1007.9299926757812,379.3399963378906,366.8599853515625,350.67999267578125,648.4600219726562,816.8599853515625,655.1400146484375,-13894.8896484375,1,-0.4446739412615485,-0.0549299899910086,1.12069990270599,-0.8149091452760479,-0.3885672932645311,-0.4195997118048036,0.0942052302362384
1762592085.0793614,330.5599975585937,716.4000244140625,1007.9299926757812,379.3399963378906,366.8599853515625,350.67999267578125,648.4600219726562,816.8599853515625,655.1400146484375,-13894.8896484375,1,-0.451026723155474,-0.054727332118582,1.1331114908434936,-0.8145576870448374,-0.3861556579422623,-0.4256005808313176,0.0790172633757223
1762592085.1879888,330.5599975585937,716.4000244140625,1021.72998046875,379.3399963378906,366.8599853515625,350.67999267578125,648.4600219726562,816.8599853515625,655.1400146484375,-13894.8896484375,0,-0.4374264842516761,-0.0370393581459438,1.1395549474134845,-0.6481215085233581,-0.3285223382243354,-0.6732461517249916,0.1369350308157547
1762592085.2557316,330.5599975585937,716.4000244140625,1021.72998046875,379.3399963378906,366.8599853515625,350.67999267578125,648.4600219726562,816.8599853515625,655.1400146484375,-13894.8896484375,1,-0.4438653762840151,-0.0508295343481207,1.1016869158873002,-0.8303829549880082,-0.3658118321541918,-0.4139113533284524,0.0729605585723279
1762592085.3103814,330.5599975585937,716.4000244140625,1021.72998046875,379.3399963378906,366.8599853515625,350.67999267578125,648.4600219726562,816.8599853515625,655.1400146484375,-13894.8896484375,1,-0.4496209765534186,-0.0519061326257207,1.11198637904275,-0.8354748557156199,-0.3714593040471875,-0.3991628894632102,0.0683281682699349
1762592085.3981798,330.5599975585937,716.4000244140625,1035.0899658203125,379.3399963378906,366.8599853515625,350.67999267578125,648.4600219726562,816.8599853515625,655.1400146484375,-13894.8896484375,1,-0.4530540229555623,-0.0516761932815365,1.0984892989166748,-0.8421472795071814,-0.3423818793527643,-0.4130300086829853,0.054486881328038
1762592085.494059,330.5599975585937,716.4000244140625,1035.0899658203125,379.3399963378906,366.8599853515625,350.67999267578125,648.4600219726562,816.8599853515625,655.1400146484375,-13894.8896484375,1,-0.4672750959136641,-0.0507328530266781,1.1125479559506586,-0.860824207964162,-0.3330396895498594,-0.377067423084163,0.0767229210606275
1762592085.5411477,330.5599975585937,716.4000244140625,1039.0400390625,379.3399963378906,366.8599853515625,350.67999267578125,648.4600219726562,816.8599853515625,655.1400146484375,-13894.8896484375,1,-0.4645458743117504,-0.0494399942672294,1.0971366726444494,-0.8521061026462045,-0.3333913877617048,-0.398917358941991,0.0602520799156955
1762592085.5858004,330.5599975585937,716.4000244140625,1039.0400390625,379.3399963378906,366.8599853515625,350.67999267578125,648.4600219726562,816.8599853515625,655.1400146484375,-13894.8896484375,1,-0.4630025800347071,-0.0485518924876572,1.083526453700932,0.9458256068538544,0.2848223167498541,-0.0380071730595004,0.1511476896839931
1762592085.7453876,330.5599975585937,716.4000244140625,1039.0400390625,379.3399963378906,366.8599853515625,350.67999267578125,648.4600219726562,816.8599853515625,655.1400146484375,-13894.8896484375,1,-0.4777553893931409,-0.0539880415367894,1.1094330289497754,-0.8767774187967485,-0.3268647073129563,-0.3465690097135421,0.065656245000009
1762592085.7899814,330.5599975585937,716.4000244140625,1039.0400390625,379.3399963378906,366.8599853515625,350.67999267578125,648.4600219726562,816.8599853515625,655.1400146484375,-13894.8896484375,1,-0.4635251445408188,-0.0548324004790602,1.0806477029098742,0.9489844563858,0.28753471807662,-0.0286050810452053,0.1262300945778925
1762592085.8341973,330.5599975585937,716.4000244140625,1039.0400390625,379.3399963378906,366.8599853515625,350.67999267578125,648.4600219726562,816.8599853515625,655.1400146484375,-13894.8896484375,1,-0.4537475814994907,-0.0539861156955568,1.0621892518853595,-0.8449866143468189,-0.3135610205447854,-0.4315212648403645,0.0382949860972041
1762592085.9306214,330.5599975585937,716.4000244140625,1039.0400390625,379.3399963378906,366.8599853515625,350.67999267578125,648.4600219726562,816.8599853515625,655.1400146484375,-13894.8896484375,1,-0.463448498531711,-0.0510524131361933,1.0978090079615197,-0.8654413962093613,-0.3130154628882947,-0.3862147711924976,0.0622146303753752
1762592086.0177732,330.5599975585937,716.4000244140625,1039.0400390625,379.3399963378906,366.8599853515625,350.67999267578125,648.4600219726562,816.8599853515625,655.1400146484375,-13894.8896484375,1,-0.4675770299149467,-0.0493486517549221,1.1127901651447638,-0.8707282813734358,-0.3267070338226381,-0.3639325493169528,0.0514574932827101
1762592086.0802047,330.5599975585937,716.4000244140625,1039.0400390625,379.3399963378906,366.8599853515625,350.67999267578125,648.4600219726562,816.8599853515625,655.1400146484375,-13894.8896484375,1,-0.4499387351114302,-0.0474904877426785,1.0728310500171676,0.9464553356778174,0.2891217313025799,-0.0449072147587572,0.1364341017421963
1762592086.1273289,330.5599975585937,716.4000244140625,1039.0400390625,379.3399963378906,366.8599853515625,350.67999267578125,648.4600219726562,816.8599853515625,655.1400146484375,-13894.8896484375,1,-0.4605830300748194,-0.0486187288295202,1.1008744204721523,-0.8643321529230371,-0.3222360862499229,-0.381129042674148,0.0619232345089237
1762592086.227434,330.5599975585937,716.4000244140625,1039.0400390625,379.3399963378906,366.8599853515625,350.67999267578125,648.4600219726562,816.8599853515625,655.1400146484375,-13894.8896484375,1,-0.4524800507736845,-0.0492374576784237,1.0838703655246211,-0.8454119929608909,-0.322122326849395,-0.4243459493529788,0.038030040372652
1762592086.326582,330.5599975585937,716.4000244140625,1039.0400390625,379.3399963378906,366.8599853515625,350.67999267578125,648.4600219726562,816.8599853515625,655.1400146484375,-13894.8896484375,1,-0.4477936488074526,-0.0500306667646848,1.0717219181450808,-0.8490971086689691,-0.3176635973131891,-0.4181569108373257,0.0571728686618551
1762592086.3731709,330.5599975585937,716.4000244140625,1039.0400390625,379.3399963378906,366.8599853515625,350.67999267578125,648.4600219726562,816.8599853515625,655.1400146484375,-13894.8896484375,1,-0.4655363400536293,-0.052145038660176,1.1084108564097954,-0.8723685385064619,-0.31854721763774,-0.3660970937012059,0.058938282490112
1762592087.1364698,330.5599975585937,716.4000244140625,1039.0400390625,379.3399963378906,366.8599853515625,350.67999267578125,648.4600219726562,816.8599853515625,655.1400146484375,-13894.8896484375,1,-0.4518768668224303,-0.0500560079527063,1.0722553551432243,-0.8483048162209558,-0.317481346629388,-0.4200948092711032,0.0557214908468549
1762592087.1864364,330.5599975585937,716.4000244140625,1039.0400390625,379.3399963378906,366.8599853515625,350.67999267578125,648.4600219726562,816.8599853515625,655.1400146484375,-13894.8896484375,1,-0.4593618983521055,-0.0508020340755585,1.088140906127719,-0.8649122651454915,-0.3102163144954845,-0.3920384408511617,0.0447042807427206
1762592087.5945756,330.5599975585937,716.4000244140625,1039.0400390625,379.3399963378906,366.8599853515625,350.67999267578125,648.5399780273438,816.8599853515625,655.1400146484375,-13894.8896484375,1,-0.471117055126492,-0.0508832847446587,1.1245820526926915,-0.8750132166989169,-0.3092382598217835,-0.3669790233408764,0.0636393407601473
1762592088.583759,330.5599975585937,716.4000244140625,1039.0400390625,379.3399963378906,366.8599853515625,350.67999267578125,648.4600219726562,816.8599853515625,655.1400146484375,-13894.8896484375,1,-0.4523471787985235,-0.049547063670679,1.073819757672624,-0.8550951923434759,-0.3256278114273012,-0.3988069365107273,0.0610881972812157
1762592088.8266847,330.5599975585937,716.4000244140625,1039.0400390625,379.3399963378906,366.8599853515625,350.67999267578125,648.4600219726562,816.8599853515625,655.1400146484375,-13894.8896484375,1,-0.4578235569113965,-0.0495834942291622,1.091476080495131,-0.8633635204282799,-0.318324207936715,-0.3894743420452459,0.0397852626430055
1762592090.1047406,330.5599975585937,716.4000244140625,1038.3399658203125,379.1600036621094,366.8599853515625,350.67999267578125,648.4600219726562,816.8599853515625,631.489990234375,-13894.8896484375,1,-0.4813070043941354,-0.0361679759248629,1.1200353609099496,-0.8799449074509963,-0.2924273621579281,-0.3703961571883051,0.0546798358862753
1762592090.2259593,330.5599975585937,716.4000244140625,1038.3399658203125,379.1600036621094,366.8599853515625,350.67999267578125,648.4600219726562,816.8599853515625,617.4299926757812,-13894.8896484375,1,-0.4892144404903853,-0.0292529514889248,1.125229762449934,-0.8918448770877393,-0.2796441650910551,-0.3529728550603003,0.0426851230929706
1762592090.362525,330.5599975585937,716.4000244140625,1038.3399658203125,379.1600036621094,366.8599853515625,350.67999267578125,648.4600219726562,816.8599853515625,603.9000244140625,-13894.8896484375,1,-0.4872180292227345,-0.0203448584750011,1.1037527180949391,-0.879150342220054,-0.2651273670542063,-0.3894184089165978,0.0718015167676257
1762592090.4366994,330.5599975585937,716.4000244140625,1038.3399658203125,379.1600036621094,366.8599853515625,350.67999267578125,648.4600219726562,816.8599853515625,603.9000244140625,-13894.8896484375,1,-0.4855399647894427,-0.0172978479533416,1.0925515569501747,0.963564093767722,0.2139839816624704,-0.0134951883005467,0.1599155173402403
1762592090.48325,330.5599975585937,716.4000244140625,1038.3399658203125,379.1600036621094,366.8599853515625,350.67999267578125,648.4600219726562,816.8599853515625,603.9000244140625,-13894.8896484375,1,-0.4754602617395924,-0.0145989866884453,1.0672533998920344,0.9643562039150526,0.2019747223558351,-0.0443731454604455,0.165088907749064
1762592090.5511706,330.5599975585937,716.4000244140625,1038.3399658203125,379.1600036621094,366.8599853515625,350.67999267578125,648.4600219726562,816.8599853515625,590.1900024414062,-13894.8896484375,1,-0.485306722447213,-0.0129892677223443,1.086589895217756,-0.8744966872485058,-0.2524393546922336,-0.4077630839946918,0.072520228385572
1762592090.5913734,330.5599975585937,716.4000244140625,1038.3399658203125,379.1600036621094,366.8599853515625,350.67999267578125,648.4600219726562,816.8599853515625,590.1900024414062,-13894.8896484375,1,-0.4930463506733867,-0.011373704490831,1.1007950479850133,-0.8824534028939408,-0.2508385555018542,-0.3885233488675458,0.0860559014791828
1762592090.6345856,330.5599975585937,716.4000244140625,1038.3399658203125,379.1600036621094,366.8599853515625,350.67999267578125,648.4600219726562,816.8599853515625,590.1900024414062,-13894.8896484375,1,-0.4996353363358086,-0.0094967073283764,1.1128171864806553,-0.8839620974010662,-0.2402067258981464,-0.3909810923252433,0.0896968485274728
1762592090.7206006,330.5599975585937,716.4000244140625,1038.3399658203125,379.1600036621094,366.8599853515625,350.67999267578125,648.4600219726562,816.8599853515625,576.2100219726562,-13894.8896484375,1,-0.4918045606227688,-0.0052937892255948,1.089877817303507,0.9661390789493506,0.1920993519696251,-0.0067490559279026,0.1721266084713019
1762592091.3218942,330.5599975585937,716.4000244140625,1038.3399658203125,379.1600036621094,366.8599853515625,350.67999267578125,648.4600219726562,816.8599853515625,565.219970703125,-13894.8896484375,1,-0.4961132446273227,-0.0014627779902085,1.0948934842960134,-0.8794698050194051,-0.2277278358860744,-0.4082047523467347,0.0896759442844949
1762592091.7045774,330.5599975585937,716.4000244140625,1038.3399658203125,379.1600036621094,366.8599853515625,350.67999267578125,648.4600219726562,816.8599853515625,565.219970703125,-13894.8896484375,1,-0.5018726129859119,-0.0012796227790354,1.106711420948024,-0.8859090089228847,-0.2325214677586046,-0.3919579779287317,0.0864172348474336
1762592091.9016547,330.5599975585937,716.4000244140625,1038.3399658203125,379.1600036621094,366.8599853515625,350.67999267578125,648.4600219726562,816.8599853515625,565.219970703125,-13894.8896484375,1,-0.4876148962001599,-0.0016332584690585,1.0761585977605226,-0.8638993947734288,-0.2338668828340926,-0.438861561537219,0.0799039838098326
1762592092.888131,330.5599975585937,716.4000244140625,1038.1600341796875,378.9800109863281,366.8599853515625,350.67999267578125,648.4600219726562,816.8599853515625,534.3699951171875,-13894.8896484375,1,-0.5042730675357712,-0.001286629251182,1.1124368114413188,-0.8942519486010752,-0.2288181488607176,-0.3752058955449418,0.0847127093384033
1762592092.9314425,330.5599975585937,716.4000244140625,1037.9000244140625,378.9800109863281,366.8599853515625,350.67999267578125,648.4600219726562,816.8599853515625,520.8400268554688,-13894.8896484375,1,-0.4845920937614905,-0.0010458442690813,1.069068229226772,-0.8656036634582125,-0.2255447804582337,-0.4398580096384719,0.0799048257156658
1762592095.7396052,330.5599975585937,716.4000244140625,1037.9000244140625,378.9800109863281,366.8599853515625,350.67999267578125,648.4600219726562,816.8599853515625,475.2200012207031,-13894.8896484375,1,-0.4885714948603067,0.0019331287344377,1.0732418762114384,0.9697352701795222,0.1758377974545082,-0.0616807994976391,0.1577658192687139
1762592095.9015713,330.5599975585937,716.4000244140625,1037.9000244140625,378.9800109863281,366.8599853515625,350.67999267578125,648.4600219726562,816.8599853515625,475.2200012207031,-13894.8896484375,1,-0.5006441339262004,0.0016980750920937,1.1009482291840773,-0.8878709206053603,-0.2240717056919817,-0.392883064247373,0.0843800739468175
1762592095.9479358,330.5599975585937,716.4000244140625,1037.9000244140625,378.9800109863281,366.8599853515625,350.67999267578125,648.4600219726562,816.8599853515625,475.2200012207031,-13894.8896484375,1,-0.495667362048194,0.0016821285658468,1.0900185548094294,-0.8718823253221223,-0.2317138229081013,-0.4220185045191927,0.089611923914098
1762592096.063876,330.5599975585937,716.4000244140625,1037.9000244140625,378.9800109863281,366.8599853515625,350.67999267578125,648.4600219726562,816.8599853515625,475.2200012207031,-13894.8896484375,1,-0.4900486757331911,0.002128999559589,1.0773649384767594,0.9684912697793228,0.1674473720692435,-0.0384093782983012,0.1803073975384183
1762592096.550915,330.5599975585937,716.4000244140625,1037.9000244140625,378.9800109863281,366.8599853515625,350.67999267578125,648.4600219726562,816.8599853515625,475.2200012207031,-13894.8896484375,1,-0.4923014656391559,0.0022522710867921,1.0826248571037207,-0.8719307526687399,-0.2302451692164933,-0.4258122377170846,0.0735381724913134
1762592096.6558504,330.5599975585937,716.4000244140625,1037.9000244140625,378.9800109863281,366.8599853515625,350.67999267578125,648.4600219726562,816.8599853515625,475.2200012207031,-13894.8896484375,1,-0.4840901287793115,0.002212902168454,1.0650075433572024,-0.8589076956418651,-0.2177402429553202,-0.4579314590872149,0.0718716616142536
1762592100.054712,330.5599975585937,716.4000244140625,1037.9000244140625,378.9800109863281,366.8599853515625,350.67999267578125,648.4600219726562,816.8599853515625,475.2200012207031,-13894.8896484375,1,-0.5056581154277188,0.0025108415929123,1.1124134771185876,-0.8883496302753036,-0.2190704869739772,-0.3979904457156644,0.0666832906038895
1762592104.4708712,370.3699951171875,752.9600219726562,1034.300048828125,378.8999938964844,368.9599914550781,391.2900085449219,648.4600219726562,816.8599853515625,516.4500122070312,-13894.8896484375,1,-0.4964088570658074,0.0024896492063161,1.1003459979455228,-0.8887551099082324,-0.2242531546663864,-0.3905605225215245,0.0853660089373601
1762592105.7062898,386.2799987792969,767.2899780273438,1034.300048828125,378.8999938964844,368.8800048828125,406.3200073242188,648.4600219726562,816.8599853515625,532.7899780273438,-13894.8896484375,1,-0.4878043988860299,0.0026414382718396,1.0808622214422587,-0.8740472778414554,-0.2239477700403927,-0.4209170093967612,0.0933682151075196
1762592107.567511,412.2900085449219,791.5399780273438,1034.300048828125,378.8999938964844,368.8800048828125,430.8399963378906,648.4600219726562,816.8599853515625,559.9500122070312,-13894.8896484375,1,-0.5076921497790393,0.0026394412510664,1.1242084314338847,0.971749489055156,0.1621481638565922,0.0270920773565766,0.1693426196309846
1762592123.6665294,545.5399780273438,802.3499755859375,1034.300048828125,378.8999938964844,368.8800048828125,447.3599853515625,648.4600219726562,816.8599853515625,588.5999755859375,-13894.8896484375,0,-0.5013253981886409,0.0149077179069324,1.1642499735909917,0.8927029659517824,0.2162593690905461,-0.3877758591406595,0.0770920419315322
1762592124.6176531,545.4500122070312,802.3499755859375,1034.300048828125,378.8999938964844,368.8800048828125,447.3599853515625,648.4600219726562,816.8599853515625,588.5999755859375,-13894.8896484375,0,-0.4962086434564596,0.0150049799738224,1.1526588934568756,0.6656936147198935,0.2288454001434755,0.7100271769407644,0.0185257161767864
1762592133.9731936,545.4500122070312,802.3499755859375,1009.25,378.8999938964844,368.8800048828125,447.3599853515625,648.4600219726562,816.8599853515625,588.5999755859375,-13894.8896484375,1,-0.4892141611936199,0.0001114312852523,1.1229300447014454,-0.8860178385970622,-0.201086913274274,-0.4080336180086937,0.0896939773471461
1762592134.016929,545.4500122070312,802.3499755859375,1009.25,378.8999938964844,368.8800048828125,447.3599853515625,648.4600219726562,816.8599853515625,588.5999755859375,-13894.8896484375,1,-0.4919810290361451,0.0009234939679853,1.133494958900726,-0.8863163507623426,-0.196187302160019,-0.4129347999109568,0.0737476770142329
1762592134.0608432,545.4500122070312,802.3499755859375,1009.25,378.8999938964844,368.8800048828125,447.3599853515625,648.4600219726562,816.8599853515625,588.5999755859375,-13894.8896484375,1,-0.476239268778384,0.002698619566689,1.107351518366715,-0.8653571222101718,-0.2009431973321174,-0.4502575082980788,0.0897053995436234
1762592134.1458187,545.4500122070312,802.27001953125,995.3599853515624,378.8999938964844,368.8800048828125,447.3599853515625,648.4600219726562,816.8599853515625,588.5999755859375,-13894.8896484375,1,-0.4794885742051885,0.0001059864857889,1.1305105884115572,-0.8716396402397634,-0.2003376817039028,-0.441397681928748,0.0726445953951812
1762592134.3537042,545.4500122070312,802.3499755859375,981.6500244140624,378.8999938964844,368.8800048828125,447.3599853515625,648.4600219726562,816.8599853515625,588.5999755859375,-13894.8896484375,1,-0.4777069975873718,-0.003276193297889,1.141481487941406,0.971801656440368,0.1702398496305843,-0.0456274827941229,0.156646311643094
1762592134.5313044,545.4500122070312,802.27001953125,967.6799926757812,378.8999938964844,368.8800048828125,447.3599853515625,648.4600219726562,816.8599853515625,588.5999755859375,-13894.8896484375,0,-0.4871378161122952,0.0007476369115342,1.2298541560689045,0.7234674334672123,0.2376621199069006,0.6474265264708796,0.030829892889439
1762592134.6265962,545.4500122070312,802.27001953125,967.6799926757812,378.8999938964844,368.8800048828125,447.3599853515625,648.4600219726562,816.8599853515625,588.5999755859375,-13894.8896484375,1,-0.479179050467191,-0.0139861384228955,1.1522565221186516,-0.8584950403471663,-0.2314692804335595,-0.4462342684070741,0.1014061912019708
1762592134.6749306,545.4500122070312,802.27001953125,967.6799926757812,378.8999938964844,368.8800048828125,447.3599853515625,648.4600219726562,816.8599853515625,588.5999755859375,-13894.8896484375,1,-0.4854545547779121,-0.0150121153176423,1.1673410282199046,-0.8601791704800803,-0.2187700220186683,-0.4490188488004207,0.1030220634626257
1762592134.6749306,545.4500122070312,802.27001953125,967.6799926757812,378.8999938964844,368.8800048828125,447.3599853515625,648.4600219726562,816.8599853515625,588.5999755859375,-13894.8896484375,0,-0.4787497611534865,-0.0045463356378166,1.2105164359594145,0.9017458043563932,0.2332715557993111,-0.3507431966753579,0.0970468730385553
1762592134.7248387,545.4500122070312,802.27001953125,953.8800048828124,378.8999938964844,368.8800048828125,447.3599853515625,648.4600219726562,816.8599853515625,588.5999755859375,-13894.8896484375,1,-0.480805547491568,-0.0161014097917556,1.155167720862548,-0.8585500968182491,-0.230630170867922,-0.4471707994915381,0.0986900786346163
1762592134.7248387,545.4500122070312,802.27001953125,953.8800048828124,378.8999938964844,368.8800048828125,447.3599853515625,648.4600219726562,816.8599853515625,588.5999755859375,-13894.8896484375,0,-0.471837985257779,-0.0050690562210777,1.1928580667097275,-0.7111703758597118,-0.2494982968382381,-0.6568795746547855,0.0222827461441081
1762592134.9957829,545.4500122070312,802.3499755859375,944.3800048828124,378.8999938964844,368.8800048828125,447.3599853515625,648.4600219726562,816.8599853515625,588.5999755859375,-13894.8896484375,1,-0.4789173984573658,-0.0199493614427665,1.149146837158764,-0.8510849865358886,-0.2215210732816414,-0.4664635677355993,0.0948393365683881
1762592135.0895915,545.4500122070312,802.3499755859375,944.3800048828124,378.8999938964844,368.8800048828125,447.3599853515625,648.4600219726562,816.8599853515625,588.5999755859375,-13894.8896484375,0,-0.4716667990867241,-0.0112489894133491,1.1881086937124412,-0.7211437580640491,-0.2377909056036538,-0.650651641776896,0.0077205226820548
1762592135.2167532,545.4500122070312,802.3499755859375,944.2999877929688,378.8999938964844,368.8800048828125,447.3599853515625,648.4600219726562,816.8599853515625,588.5999755859375,-13894.8896484375,1,-0.4746351106678874,-0.0248277448219834,1.1359319379495243,-0.8388815677661668,-0.2459685384207387,-0.4759183800688625,0.0963269893745949
1762592135.3325262,545.4500122070312,802.3499755859375,944.2999877929688,378.8999938964844,368.8800048828125,447.3599853515625,648.4600219726562,816.8599853515625,588.5999755859375,-13894.8896484375,0,-0.4762907733063512,-0.0152233223818196,1.1981229732020244,-0.7166157424237063,-0.2564246653492913,-0.6481018552755378,0.0259278595227261
1762592135.3911233,545.4500122070312,802.3499755859375,944.2999877929688,378.8999938964844,368.8800048828125,447.3599853515625,648.4600219726562,816.8599853515625,588.5999755859375,-13894.8896484375,0,-0.4847792937265144,-0.0157205986332614,1.220029533191497,-0.7256876968832259,-0.2566766265390333,-0.6381938441314426,0.0142510804359878
1762592135.4731207,545.4500122070312,802.3499755859375,944.2999877929688,378.8999938964844,368.8800048828125,447.3599853515625,648.4600219726562,816.8599853515625,588.5999755859375,-13894.8896484375,1,-0.4900798827532315,-0.027104208868443,1.17237155934258,-0.8536742430615106,-0.2346079423467465,-0.4560966400607232,0.0904171169995023
1762592135.5222645,545.4500122070312,802.27001953125,944.2999877929688,378.8999938964844,368.8800048828125,447.3599853515625,648.4600219726562,816.8599853515625,588.5999755859375,-13894.8896484375,1,-0.4810286929643473,-0.026896681842266,1.1498708730167055,0.9620692859238552,0.1876478255525644,-0.1128658193000582,0.1627030715170561
1762592135.886781,545.4500122070312,802.3499755859375,944.2999877929688,378.8999938964844,368.8800048828125,447.3599853515625,648.4600219726562,816.8599853515625,588.5999755859375,-13894.8896484375,1,-0.4868766761227348,-0.0277531283926634,1.1642114607249503,-0.8456210721166962,-0.2386312366541133,-0.4680755274547755,0.094262590050727
1762592136.7393467,545.4500122070312,802.3499755859375,944.2999877929688,378.8999938964844,368.8800048828125,447.3599853515625,648.4600219726562,816.8599853515625,588.5999755859375,-13894.8896484375,0,-0.4631952628136375,-0.0158448666001981,1.1646713899511525,-0.726442801625502,-0.2387951106497707,-0.6436559914637128,0.0310598736172611
1762592136.9048357,545.4500122070312,802.3499755859375,944.2999877929688,378.8999938964844,368.8800048828125,447.3599853515625,648.4600219726562,816.8599853515625,588.5999755859375,-13894.8896484375,0,-0.4582114114890224,-0.0158824430252521,1.1521409645796492,-0.7234093705429018,-0.2335747952187954,-0.6486786065152158,0.036575443930297
1762592137.9664435,545.4500122070312,802.27001953125,944.2999877929688,378.8999938964844,368.8800048828125,447.3599853515625,659.969970703125,816.8599853515625,588.5999755859375,-13894.8896484375,1,-0.4866355633902779,-0.0310897329207064,1.163634965565192,-0.8451172676315911,-0.2382737193759623,-0.4688131727684678,0.0960033730887706
1762592138.4796412,545.4500122070312,802.27001953125,944.1199951171876,378.8999938964844,368.8800048828125,447.3599853515625,685.2000122070312,816.8599853515625,588.5999755859375,-13894.8896484375,1,-0.384983748359981,-0.0651914437564824,1.1352798885802198,0.934639836461094,0.2257293184913979,-0.1472874828692963,0.231950529776104
1762592138.5456488,545.4500122070312,802.3499755859375,944.030029296875,378.8999938964844,368.8800048828125,447.3599853515625,697.760009765625,816.8599853515625,588.5999755859375,-13894.8896484375,1,-0.3838654527052688,-0.0672383169301239,1.142298069193011,0.9372461832817413,0.2220047511843967,-0.1363920868938855,0.2316909169736566
1762592138.602621,545.4500122070312,802.3499755859375,944.030029296875,378.8999938964844,368.8800048828125,447.3599853515625,697.760009765625,816.8599853515625,588.5999755859375,-13894.8896484375,1,-0.4028553041961638,-0.074976370583853,1.2111028454748602,0.9406815694072972,0.2369437098764439,-0.155061627358468,0.1869003880369318
1762592138.602621,545.4500122070312,802.3499755859375,944.030029296875,378.8999938964844,368.8800048828125,447.3599853515625,697.760009765625,816.8599853515625,588.5999755859375,-13894.8896484375,0,-0.4007661486949589,-0.063998305481603,1.2751356223621717,0.8922507263733817,0.307470940024118,-0.3177797288697496,0.0914675147050935
1762592138.6444292,545.4500122070312,802.3499755859375,944.030029296875,378.8999938964844,368.8800048828125,447.3599853515625,697.760009765625,816.8599853515625,588.5999755859375,-13894.8896484375,0,-0.3900806185742501,-0.0646808974819913,1.248297964675139,0.8885268503771191,0.2935414896040058,-0.3292422083670555,0.1263051791082313
1762592138.6942153,545.4500122070312,802.3499755859375,944.030029296875,378.8999938964844,368.8800048828125,447.3599853515625,697.760009765625,816.8599853515625,588.5999755859375,-13894.8896484375,1,-0.3865869675539333,-0.0776972272022664,1.176237355448809,0.938595357964478,0.2281541304654058,-0.12867794113348,0.224558309186627
1762592138.6942153,545.4500122070312,802.3499755859375,944.030029296875,378.8999938964844,368.8800048828125,447.3599853515625,697.760009765625,816.8599853515625,588.5999755859375,-13894.8896484375,0,-0.3925536835170631,-0.0679783178398026,1.2610322977823405,-0.7590609383625136,-0.2968968275904726,-0.5771559606091031,0.0506928274247637
1762592138.7262146,545.4500122070312,802.3499755859375,944.030029296875,378.8999938964844,368.8800048828125,447.3599853515625,710.6799926757812,816.8599853515625,588.5999755859375,-13894.8896484375,0,-0.3794777919716534,-0.0687931231256676,1.225634997796889,0.8957891713734203,0.3014730236369883,-0.3171646061920178,0.0779896727032174
1762592138.7819445,545.4500122070312,802.3499755859375,944.030029296875,378.8999938964844,368.8800048828125,447.3599853515625,710.6799926757812,816.8599853515625,588.5999755859375,-13894.8896484375,0,-0.383304738573985,-0.0772431034158778,1.2493722102010565,-0.7425165782633876,-0.3015551092223735,-0.5951199223270355,0.0597153678325484
1762592138.8705351,545.4500122070312,802.3499755859375,944.030029296875,378.8999938964844,368.8800048828125,447.3599853515625,710.6799926757812,816.8599853515625,588.5999755859375,-13894.8896484375,1,-0.3682150445592991,-0.0994523723454485,1.1656901116896718,0.9359137369769782,0.2343214301904677,-0.1181615413207724,0.2349399805141328
1762592138.8705351,545.4500122070312,802.3499755859375,944.030029296875,378.8999938964844,368.8800048828125,447.3599853515625,710.6799926757812,816.8599853515625,588.5999755859375,-13894.8896484375,0,-0.3668567656191048,-0.089023084615188,1.227722101802859,0.8862487838791695,0.3009781345644988,-0.3348003627891784,0.1090136352159771
1762592139.0506067,545.4500122070312,802.3499755859375,943.9500122070312,378.8999938964844,368.8800048828125,447.3599853515625,723.5999755859375,816.8599853515625,588.5999755859375,-13894.8896484375,1,-0.3492748624668881,-0.1086446465053625,1.1585465379227011,0.9289079487480896,0.2500444291999475,-0.1360485907011564,0.2368514030925687
1762592139.0506067,545.4500122070312,802.3499755859375,943.9500122070312,378.8999938964844,368.8800048828125,447.3599853515625,723.5999755859375,816.8599853515625,588.5999755859375,-13894.8896484375,0,-0.3624029830019046,-0.1027668507602672,1.2731307621348058,-0.748316629768899,-0.3213396935787794,-0.5776261360575273,0.0557769655437065
1762592139.1732235,545.4500122070312,802.3499755859375,943.9500122070312,378.8999938964844,368.8800048828125,447.3599853515625,726.9400024414062,816.8599853515625,588.5999755859375,-13894.8896484375,1,-0.3618133292944471,-0.1159970145952233,1.2347591106540603,0.9317803161088852,0.2666154580550202,-0.1530443313571399,0.1930778927727969
1762592139.1732235,545.4500122070312,802.3499755859375,943.9500122070312,378.8999938964844,368.8800048828125,447.3599853515625,726.9400024414062,816.8599853515625,588.5999755859375,-13894.8896484375,0,-0.3418737850119025,-0.1000906352327802,1.2389148271297403,0.879520942614404,0.3225526002976038,-0.3347599438415045,0.101678471384838
1762592139.226652,545.4500122070312,802.3499755859375,943.9500122070312,378.8999938964844,368.8800048828125,447.3599853515625,726.9400024414062,816.8599853515625,588.5999755859375,-13894.8896484375,0,-0.3472477205321365,-0.1005651643509426,1.2616852286008708,0.8733990681513057,0.3412373075281686,-0.3357622947907548,0.0894139200583613
1762592139.3961337,545.4500122070312,802.27001953125,943.9500122070312,378.8999938964844,368.8800048828125,447.3599853515625,726.9400024414062,816.8599853515625,588.5999755859375,-13894.8896484375,1,-0.3721087610028707,-0.1095098434406805,1.251060436029236,-0.8355305464185727,-0.2936376370106174,-0.4174139231259206,0.2035467045002946
1762592139.453621,545.4500122070312,802.27001953125,943.9500122070312,378.8999938964844,368.8800048828125,447.3599853515625,726.9400024414062,816.8599853515625,588.5999755859375,-13894.8896484375,1,-0.360198246721626,-0.1059268919672193,1.2052073052168892,-0.8242402317698254,-0.2922951752733955,-0.4394021155136498,0.2052251245000196
1762592139.453621,545.4500122070312,802.27001953125,943.9500122070312,378.8999938964844,368.8800048828125,447.3599853515625,726.9400024414062,816.8599853515625,588.5999755859375,-13894.8896484375,0,-0.3533744217145805,-0.0938261826344002,1.253593895153898,0.8782806632195856,0.3376988638867017,-0.3300801848984844,0.0750308302071761
1762592139.57326,545.4500122070312,802.3499755859375,943.9500122070312,378.8999938964844,368.8800048828125,447.3599853515625,726.9400024414062,816.8599853515625,588.5999755859375,-13894.8896484375,1,-0.3700026843002042,-0.112601166713803,1.221092423616729,-0.8238552362160075,-0.2893383783544296,-0.4471564156405815,0.1938994392002274
1762592139.6139896,545.4500122070312,802.3499755859375,943.9500122070312,378.8999938964844,368.8800048828125,447.3599853515625,726.9400024414062,816.8599853515625,588.5999755859375,-13894.8896484375,1,-0.373673700573707,-0.11440154371157,1.2310081773829868,-0.8311025122398359,-0.2858495010441553,-0.4358377741400626,0.1939177958158472
1762592139.6708255,545.4500122070312,802.3499755859375,943.9500122070312,378.8999938964844,368.8800048828125,447.3599853515625,726.9400024414062,816.8599853515625,588.5999755859375,-13894.8896484375,1,-0.3661513536022723,-0.1126349039611212,1.2058500260062412,0.930934710182484,0.2585213648149271,-0.1582190019475812,0.2037008019974238
1762592139.6708255,545.4500122070312,802.3499755859375,943.9500122070312,378.8999938964844,368.8800048828125,447.3599853515625,726.9400024414062,816.8599853515625,588.5999755859375,-13894.8896484375,0,-0.3587180927850916,-0.101025033581833,1.253338723225046,0.8788208208394048,0.3386094893033616,-0.328021511373597,0.0736170271679902
1762592139.7401483,545.4500122070312,802.3499755859375,943.9500122070312,378.8999938964844,368.8800048828125,447.3599853515625,726.9400024414062,816.8599853515625,588.5999755859375,-13894.8896484375,0,-0.3548551869042729,-0.0992272784455827,1.2403483779595366,-0.7448826028063185,-0.3137563205373482,-0.5862202325033742,0.0552514105072384
1762592139.7940185,545.4500122070312,802.3499755859375,943.9500122070312,378.8999938964844,368.8800048828125,447.3599853515625,726.9400024414062,816.8599853515625,588.5999755859375,-13894.8896484375,0,-0.3609303566281988,-0.1009278433167136,1.2634500602332708,0.88311816788468,0.3354537444159387,-0.3213475025113567,0.0656419800055273
1762592139.828302,545.4500122070312,802.3499755859375,943.9500122070312,378.8999938964844,368.8800048828125,447.3599853515625,726.9400024414062,816.8599853515625,588.5999755859375,-13894.8896484375,0,-0.3533028966423306,-0.0976519038901419,1.239101143903669,0.884998959077247,0.3106466501199846,-0.3315320024398251,0.1017940693737161
1762592139.862621,545.4500122070312,802.3499755859375,943.9500122070312,378.8999938964844,368.8800048828125,447.3599853515625,726.9400024414062,816.8599853515625,588.5999755859375,-13894.8896484375,0,-0.3618319897990449,-0.0996981768839287,1.273844542494696,0.8794108530474088,0.3371311826701895,-0.325591028764067,0.0834841254501985
1762592139.95951,545.4500122070312,802.3499755859375,943.9500122070312,378.8999938964844,368.8800048828125,447.3599853515625,726.9400024414062,816.8599853515625,588.5999755859375,-13894.8896484375,0,-0.3560524748402418,-0.0978818470711407,1.2603871380303382,-0.7467065059351347,-0.3157082273223716,-0.5820336431490846,0.0632024322135833
1762592140.030224,545.4500122070312,802.3499755859375,943.9500122070312,378.8999938964844,368.8800048828125,447.3599853515625,726.9400024414062,816.8599853515625,588.5999755859375,-13894.8896484375,1,-0.3661140728692305,-0.1115361640741117,1.2223885574639832,0.9316631094954742,0.2597316143640363,-0.1639316573073486,0.1940869666864361
1762592140.078663,545.4500122070312,802.3499755859375,943.9500122070312,378.8999938964844,368.8800048828125,447.3599853515625,726.9400024414062,816.8599853515625,588.5999755859375,-13894.8896484375,0,-0.3468206894716774,-0.0956852780890041,1.229281184698094,-0.740105553060805,-0.3160775018660429,-0.5878275833048369,0.0824470463308214
1762592140.2006173,545.4500122070312,802.3499755859375,943.9500122070312,378.8999938964844,368.8800048828125,447.3599853515625,726.9400024414062,816.8599853515625,588.5999755859375,-13894.8896484375,1,-0.3510015989075258,-0.1070465381007836,1.1684445046520242,0.927323255957494,0.2556284956585503,-0.1516746543553767,0.227421305936615
1762592140.3028998,545.4500122070312,802.3499755859375,943.9500122070312,378.8999938964844,368.8800048828125,447.3599853515625,726.9400024414062,816.8599853515625,588.5999755859375,-13894.8896484375,1,-0.3618785768903096,-0.1095470411490922,1.1950047292614714,-0.8249691179682899,-0.2915010582603133,-0.4444346597723774,0.1921741934411342
1762592140.9879038,545.4500122070312,802.27001953125,943.9500122070312,378.8999938964844,368.8800048828125,447.3599853515625,726.9400024414062,816.8599853515625,588.5999755859375,-13894.8896484375,0,-0.3671340407015331,-0.1013420072907065,1.285991750369286,0.8799543325843037,0.3448786512026197,-0.3173011924787961,0.0778398468800429
1762592141.2361534,545.4500122070312,802.27001953125,943.9500122070312,378.8999938964844,368.8800048828125,447.3599853515625,726.9400024414062,816.8599853515625,588.5999755859375,-13894.8896484375,0,-0.344695628434497,-0.0950965812016101,1.215032444941432,0.8836974258760578,0.3213111846835254,-0.3314004817319709,0.0775351714070221
1762592141.348286,545.4500122070312,802.27001953125,943.9500122070312,378.8999938964844,368.8800048828125,447.3599853515625,726.9400024414062,816.8599853515625,588.5999755859375,-13894.8896484375,1,-0.3565285464463125,-0.1078087524468193,1.1861245267699518,0.92873143148427,0.2565615330607489,-0.1551453156826118,0.2180918131164938
1762592141.348286,545.4500122070312,802.27001953125,943.9500122070312,378.8999938964844,368.8800048828125,447.3599853515625,726.9400024414062,816.8599853515625,588.5999755859375,-13894.8896484375,0,-0.3407307479875479,-0.0932132296011549,1.2031081863002275,-0.7467115264535156,-0.3069421427959842,-0.5842557949312779,0.0827863716229368
1762592141.4171412,545.4500122070312,802.27001953125,943.9500122070312,378.8999938964844,368.8800048828125,447.3599853515625,726.9400024414062,816.8599853515625,588.5999755859375,-13894.8896484375,0,-0.3499099028855397,-0.0958708368669319,1.2334232887508405,0.8846400957269993,0.319640084554378,-0.3280512347759921,0.0873184100871214
1762592143.2210546,545.4500122070312,802.3499755859375,943.9500122070312,378.8999938964844,368.8800048828125,447.3599853515625,726.9400024414062,816.8599853515625,588.5999755859375,-13894.8896484375,0,-0.3318215774918882,-0.091580782535794,1.1657561798040308,-0.7496784661557795,-0.3061238611711362,-0.5864299575138591,0.019242763166611
1762592144.0170848,545.4500122070312,802.27001953125,943.9500122070312,378.8999938964844,368.8800048828125,447.3599853515625,726.9400024414062,816.8599853515625,588.5999755859375,-13894.8896484375,1,-0.3749317590170402,-0.1126974214007562,1.243995209259131,-0.836080294470093,-0.2930424184316555,-0.4217833404383688,0.192859264561442
1762592144.7567737,545.4500122070312,802.3499755859375,918.3699951171876,378.8999938964844,368.8800048828125,447.3599853515625,726.4199829101562,816.8599853515625,588.5999755859375,-13894.8896484375,0,-0.3499325906468309,-0.1029134642501735,1.3029805327802548,0.885108730244959,0.3503419628558414,-0.2978109295587888,0.0717753087196622
1762592144.867628,545.4500122070312,802.3499755859375,918.3699951171876,378.8999938964844,368.8800048828125,447.3599853515625,726.4199829101562,816.8599853515625,588.5999755859375,-13894.8896484375,0,-0.3395777424731374,-0.1008982252786098,1.2921466788717004,0.8817103356053335,0.3614085093069015,-0.2924535434159636,0.0802601920676795
1762592144.929202,545.4500122070312,802.3499755859375,904.47998046875,378.8999938964844,368.8800048828125,447.3599853515625,726.4199829101562,816.8599853515625,588.5999755859375,-13894.8896484375,0,-0.3383155173671957,-0.0992551837894436,1.3134561143478836,0.8774834769179549,0.3710021624135098,-0.2888269603167984,0.0946526820255787
1762592145.109292,545.4500122070312,802.3499755859375,904.47998046875,378.8999938964844,368.8800048828125,447.3599853515625,726.4199829101562,816.8599853515625,588.5999755859375,-13894.8896484375,1,-0.3244156907645164,-0.1099048452370967,1.2261821264028807,0.8974788541838679,0.2929992466639332,-0.2078696192009116,0.2558776449017135
1762592145.109292,545.4500122070312,802.3499755859375,904.47998046875,378.8999938964844,368.8800048828125,447.3599853515625,726.4199829101562,816.8599853515625,588.5999755859375,-13894.8896484375,0,-0.3226200699773113,-0.09806120196474,1.2928197798562266,-0.7772282054380901,-0.3659034886248444,-0.5042300865976775,0.0882211621627887
1762592145.1880183,545.4500122070312,802.27001953125,890.6799926757812,378.8999938964844,368.8800048828125,447.3599853515625,726.4199829101562,816.8599853515625,588.5999755859375,-13894.8896484375,0,-0.3309925884196824,-0.103447536007019,1.3248421787816795,0.8884027783322048,0.3738886153356584,-0.2568447612003084,0.0705590208120825
1762592145.2243056,545.4500122070312,802.27001953125,890.6799926757812,378.8999938964844,368.8800048828125,447.3599853515625,726.4199829101562,816.8599853515625,588.5999755859375,-13894.8896484375,0,-0.3238344947622105,-0.1025420501162206,1.298090206195203,0.8750815844836116,0.3719303178949915,-0.279344249217301,0.1336669351687421
1762592145.3230393,545.4500122070312,802.3499755859375,876.7999877929688,378.8999938964844,368.8800048828125,447.3599853515625,726.4199829101562,816.8599853515625,588.5999755859375,-13894.8896484375,0,-0.3331415402488312,-0.109564166892228,1.3353955943633609,0.8864896017518138,0.383432265559347,-0.2410596075823095,0.094900733960281
1762592145.413682,545.4500122070312,802.3499755859375,876.7999877929688,378.8999938964844,368.8800048828125,447.3599853515625,726.4199829101562,816.8599853515625,588.5999755859375,-13894.8896484375,1,-0.3262190025088134,-0.1194057153762789,1.2354890691900349,0.8952828483140336,0.2949361297149122,-0.2376945819830718,0.2344836595573183
1762592145.413682,545.4500122070312,802.3499755859375,876.7999877929688,378.8999938964844,368.8800048828125,447.3599853515625,726.4199829101562,816.8599853515625,588.5999755859375,-13894.8896484375,0,-0.3258523011626786,-0.1078937383838164,1.3076534328971394,-0.78018676327464,-0.3715665381549458,-0.4960156985125707,0.084943210227049
1762592145.468963,545.4500122070312,802.3499755859375,876.7999877929688,378.8999938964844,368.8800048828125,447.3599853515625,726.4199829101562,816.8599853515625,588.5999755859375,-13894.8896484375,0,-0.3218076712472758,-0.1106701349686622,1.2961074445246097,-0.7825092023119145,-0.3731478327351336,-0.4888019691655808,0.0975329593629485
1762592145.5478148,545.4500122070312,802.3499755859375,863.0,378.8999938964844,368.8800048828125,447.3599853515625,726.4199829101562,816.8599853515625,588.5999755859375,-13894.8896484375,0,-0.323043121986073,-0.1129123864248205,1.305825127680959,-0.7940906819996914,-0.3740526360402805,-0.4735561046857594,0.0724515696685208
1762592145.6812732,545.4500122070312,802.3499755859375,863.0,378.8999938964844,368.8800048828125,447.3599853515625,726.4199829101562,816.8599853515625,588.5999755859375,-13894.8896484375,0,-0.3164801225124583,-0.1142527398000023,1.285314541231536,0.894686953075617,0.371131035834935,-0.2203308537251345,0.1151144001987172
1762592145.7191322,545.4500122070312,802.27001953125,854.030029296875,378.8999938964844,368.8800048828125,447.3599853515625,726.4199829101562,816.8599853515625,588.5999755859375,-13894.8896484375,0,-0.313976568420862,-0.1139683662728753,1.276989826816584,0.8883599598748367,0.3845445370867952,-0.2341359312452919,0.0901246158814611
1762592145.7684965,545.4500122070312,802.27001953125,854.030029296875,378.8999938964844,368.8800048828125,447.3599853515625,726.4199829101562,816.8599853515625,588.5999755859375,-13894.8896484375,1,-0.3254251995239426,-0.1304766026812888,1.2521238444823457,0.8850352245712559,0.3094554616599462,-0.252418450649181,0.2392381539153045
1762592145.8201692,545.4500122070312,802.27001953125,854.030029296875,378.8999938964844,368.8800048828125,447.3599853515625,726.4199829101562,816.8599853515625,588.5999755859375,-13894.8896484375,1,-0.3202669043464649,-0.1285006691845274,1.2331356748017537,0.884494327273248,0.3086040709803114,-0.2482216777024819,0.2466157154651517
1762592145.962287,545.4500122070312,802.3499755859375,854.030029296875,378.8999938964844,368.8800048828125,447.3599853515625,726.4199829101562,816.8599853515625,588.5999755859375,-13894.8896484375,0,-0.3186232978566294,-0.1161462137799244,1.2973880309120922,-0.7888146139888552,-0.3818012406099417,-0.4695613073622372,0.1072916401896702
1762592146.1247034,545.4500122070312,802.27001953125,854.030029296875,378.8999938964844,368.8800048828125,447.3599853515625,726.4199829101562,816.8599853515625,588.5999755859375,-13894.8896484375,1,-0.3225508279920921,-0.1291940683278859,1.2419387098239023,0.8824131047425195,0.3060844735117593,-0.247907530498106,0.2572960628848157
1762592146.518915,545.4500122070312,802.3499755859375,854.030029296875,378.8999938964844,368.8800048828125,447.3599853515625,726.4199829101562,816.8599853515625,588.5999755859375,-13894.8896484375,1,-0.319479986496217,-0.1278751367729871,1.229257469394407,0.8780016412955367,0.3112375516195719,-0.2583888014329475,0.2558896864632158
1762592147.7653584,545.4500122070312,802.27001953125,854.030029296875,378.8999938964844,368.8800048828125,447.3599853515625,726.4199829101562,816.8599853515625,588.5999755859375,-13894.8896484375,1,-0.3144933959638487,-0.1261854200654959,1.2109015151392757,0.8750139565348577,0.3169018631145693,-0.2676322853619651,0.2495931586715888
1762592148.107519,545.4500122070312,802.3499755859375,854.030029296875,378.8999938964844,368.8800048828125,447.3599853515625,726.4199829101562,816.8599853515625,588.5999755859375,-13894.8896484375,0,-0.3077982743854937,-0.1125929528623777,1.255185139244655,-0.7951272544912288,-0.3689511542266843,-0.4721400811538802,0.0934421678261234
1762592148.268469,545.4500122070312,802.3499755859375,854.030029296875,378.8999938964844,368.8800048828125,447.3599853515625,726.4199829101562,816.8599853515625,588.5999755859375,-13894.8896484375,0,-0.3246361180932099,-0.119203169345257,1.3223063935016333,0.8828954720477927,0.394377135041301,-0.2321891375100112,0.1051211929939814
1762592148.4344811,545.4500122070312,802.27001953125,854.030029296875,378.8999938964844,368.8800048828125,447.3599853515625,726.4199829101562,816.8599853515625,588.5999755859375,-13894.8896484375,0,-0.327791400051342,-0.1201197238741559,1.3351654142084488,0.8832372480218066,0.4022253705518231,-0.219900820043679,0.0987438318855005
1762592149.574356,545.4500122070312,802.27001953125,853.9500122070312,378.8999938964844,368.8800048828125,447.3599853515625,726.0599975585938,834.1699829101562,588.5999755859375,-13894.8896484375,0,-0.3111749380883539,-0.120849082581816,1.3117305984581191,0.8881923863133085,0.382828539609979,-0.2261507972766319,0.1158119641760085
1762592149.6480913,545.4500122070312,802.27001953125,853.9500122070312,378.8999938964844,368.8800048828125,447.3599853515625,726.0599975585938,834.1699829101562,588.5999755859375,-13894.8896484375,0,-0.3118382376350521,-0.1239170361981598,1.3503996352732333,0.8870496018087888,0.4005465506795613,-0.2115112786230154,0.0892661396321801
1762592149.736142,545.4500122070312,802.27001953125,853.9500122070312,378.8999938964844,368.8800048828125,447.3599853515625,726.0599975585938,846.469970703125,588.5999755859375,-13894.8896484375,0,-0.298435813324953,-0.1217997605217361,1.3404421803786084,0.8925516817656921,0.3884355037314406,-0.2052258381642065,0.1017433544165698
1762592149.7752771,545.4500122070312,802.27001953125,853.9500122070312,378.8999938964844,368.8800048828125,447.3599853515625,726.0599975585938,846.469970703125,588.5999755859375,-13894.8896484375,0,-0.2890758480035392,-0.119443558279088,1.3519726004273072,0.8801823890087244,0.4030332869593099,-0.2246902686784878,0.1111639098037592
1762592149.8445752,545.4500122070312,802.27001953125,853.9500122070312,378.8999938964844,368.8800048828125,447.3599853515625,726.0599975585938,846.469970703125,588.5999755859375,-13894.8896484375,0,-0.2739115856406888,-0.116001682547654,1.3332645310509914,-0.8031656328234883,-0.3943466304420325,-0.4378874931970457,0.0875799327007503
1762592149.9059603,545.4500122070312,802.27001953125,853.9500122070312,378.8999938964844,368.8800048828125,447.3599853515625,726.0599975585938,846.469970703125,588.5999755859375,-13894.8896484375,0,-0.2733165581513043,-0.1186847038309647,1.374313397581854,0.8845362314882169,0.4179197787571832,-0.1951638021924926,0.0696405343312384
1762592149.9427965,545.4500122070312,802.3499755859375,853.9500122070312,378.8999938964844,368.8800048828125,447.3599853515625,726.1500244140625,859.47998046875,588.5999755859375,-13894.8896484375,0,-0.2626412305393618,-0.1152412411682533,1.340008951543956,0.8830600461173593,0.4107377911980341,-0.2180100507566502,0.0630161852387959
1762592150.0182223,545.4500122070312,802.3499755859375,853.9500122070312,378.8999938964844,368.8800048828125,447.3599853515625,726.1500244140625,859.47998046875,588.5999755859375,-13894.8896484375,1,-0.2596054640647011,-0.1278508925083814,1.275419288648042,0.8614439918495975,0.3261677809553119,-0.2855836523757729,0.2645199521182326
1762592150.05405,545.4500122070312,802.3499755859375,853.9500122070312,378.8999938964844,368.8800048828125,447.3599853515625,726.1500244140625,859.47998046875,588.5999755859375,-13894.8896484375,0,-0.2534938840343491,-0.1167488927968698,1.3446310522432967,-0.8105445014277184,-0.4018793970156975,-0.4176369271991437,0.0842018913044602
1762592150.1458158,545.4500122070312,802.3499755859375,853.9500122070312,378.8999938964844,368.8800048828125,447.3599853515625,726.1500244140625,872.5800170898438,588.5999755859375,-13894.8896484375,0,-0.2445939417445383,-0.1181697240589411,1.3252834476882656,-0.811147767246596,-0.3992228745889493,-0.4209285575312774,0.0740239525453508
1762592150.1931305,545.4500122070312,802.3499755859375,853.9500122070312,378.8999938964844,368.8800048828125,447.3599853515625,726.1500244140625,872.5800170898438,588.5999755859375,-13894.8896484375,0,-0.251058682769271,-0.1255788225765616,1.3750269517849147,-0.8238591213306712,-0.4052623039014987,-0.3898685197222166,0.0708600773800815
1762592150.2280197,545.4500122070312,802.3499755859375,853.9500122070312,378.8999938964844,368.8800048828125,447.3599853515625,726.1500244140625,872.5800170898438,588.5999755859375,-13894.8896484375,0,-0.2434223779225286,-0.125984575237765,1.34512713270582,-0.8079265411237015,-0.415429694586133,-0.4007279803077125,0.1187011322712026
1762592150.2624977,545.4500122070312,802.3499755859375,853.9500122070312,378.8999938964844,368.8800048828125,447.3599853515625,726.1500244140625,872.5800170898438,588.5999755859375,-13894.8896484375,0,-0.2414454444711281,-0.1344947410443446,1.3626565808955975,-0.8170129558563809,-0.4117774312044787,-0.3860917447245193,0.1177384464354656
1762592150.3945124,545.4500122070312,802.3499755859375,853.9500122070312,378.8999938964844,368.8800048828125,447.3599853515625,726.1500244140625,885.760009765625,588.5999755859375,-13894.8896484375,0,-0.2243705622523131,-0.1462102311031023,1.3441400215446428,-0.8089952779343658,-0.412659448736615,-0.3974049830844615,0.1315602488137289
1762592150.4604812,545.4500122070312,802.3499755859375,853.9500122070312,378.8999938964844,368.8800048828125,447.3599853515625,726.1500244140625,885.760009765625,588.5999755859375,-13894.8896484375,0,-0.2193780536255298,-0.1475120515399774,1.3308076964060098,0.8793129226274893,0.4219112395552124,-0.1970806095826234,0.0997944054735968
1762592150.510486,545.4500122070312,802.3499755859375,853.9500122070312,378.8999938964844,368.8800048828125,447.3599853515625,726.1500244140625,885.760009765625,588.5999755859375,-13894.8896484375,0,-0.2097466429160974,-0.1474935797916225,1.3146657993780642,-0.8070546372929017,-0.4051594526034692,-0.3994674306191922,0.1579063085015323
1762592150.6400626,545.4500122070312,802.3499755859375,853.9500122070312,378.8999938964844,368.8800048828125,447.3599853515625,726.1500244140625,893.22998046875,588.5999755859375,-13894.8896484375,0,-0.2035214544716153,-0.149757742000228,1.339105486079003,-0.8063878732090146,-0.4222664587758301,-0.3914398085766086,0.134924097165297
1762592150.6951792,545.4500122070312,802.3499755859375,853.9500122070312,378.8999938964844,368.8800048828125,447.3599853515625,726.1500244140625,893.22998046875,588.5999755859375,-13894.8896484375,0,-0.2105497179764132,-0.1515890790683328,1.387947675665893,0.8779821777019992,0.4388357700772798,-0.1714478557945099,0.0847118367278192
1762592150.9122584,545.4500122070312,802.3499755859375,853.9500122070312,378.8999938964844,368.8800048828125,447.3599853515625,726.1500244140625,893.3200073242188,588.5999755859375,-13894.8896484375,0,-0.2034298127400903,-0.1356339047689528,1.3120910152086145,-0.8040969926612149,-0.4166909731796596,-0.3965310902789781,0.1501990469541775
1762592151.0342298,545.5399780273438,802.3499755859375,853.9500122070312,378.8999938964844,368.8800048828125,447.3599853515625,726.1500244140625,893.3200073242188,588.5999755859375,-13894.8896484375,0,-0.2026827759241109,-0.1372911690953526,1.297524532234117,0.8669200097864911,0.4282359612052603,-0.2285312276401864,0.1133010862951737
1762592151.138711,545.4500122070312,802.27001953125,853.9500122070312,378.8999938964844,368.8800048828125,447.3599853515625,726.1500244140625,893.3200073242188,588.5999755859375,-13894.8896484375,0,-0.2073040329269728,-0.142798406746271,1.327119430830625,0.8789341829847968,0.43053320983787,-0.1908639890162158,0.0754108407615676
1762592151.4064178,545.4500122070312,802.3499755859375,853.9500122070312,378.8999938964844,368.8800048828125,447.3599853515625,726.1500244140625,893.3200073242188,588.5999755859375,-13894.8896484375,0,-0.2114214457156779,-0.1423137963458547,1.351954326414586,0.8667969210917,0.4440409600813301,-0.2013618797677454,0.1046141325653465
1762592151.596928,545.4500122070312,802.3499755859375,853.9500122070312,378.8999938964844,368.8800048828125,447.3599853515625,726.1500244140625,893.3200073242188,588.5999755859375,-13894.8896484375,0,-0.1999141272798417,-0.1359136112687286,1.297748884303284,0.866682996885333,0.4282780644724023,-0.2291747069736112,0.1136548990813417
1762592151.8858197,545.4500122070312,802.3499755859375,853.9500122070312,378.8999938964844,368.8800048828125,447.3599853515625,726.1500244140625,893.3200073242188,588.5999755859375,-13894.8896484375,0,-0.2077927157258243,-0.1396343593839476,1.32417735492068,0.867190556857116,0.4343820266553416,-0.2093908429163109,0.1242910613014472
1762592151.9287465,545.4500122070312,802.3499755859375,853.9500122070312,378.8999938964844,368.8800048828125,447.3599853515625,726.1500244140625,893.3200073242188,588.5999755859375,-13894.8896484375,0,-0.2102273791876414,-0.1414613116890678,1.3403794074605828,-0.8159259791246047,-0.4186572711219747,-0.3835638225746176,0.1089480607363147
1762592152.3408916,545.4500122070312,802.27001953125,853.9500122070312,378.8999938964844,368.8800048828125,447.3599853515625,726.1500244140625,893.3200073242188,588.5999755859375,-13894.8896484375,0,-0.2095321980218223,-0.1408923177822226,1.352325245674765,0.8665341512062797,0.444126463447184,-0.2028601113678453,0.1035278922558309
1762592152.413533,545.4500122070312,802.27001953125,853.9500122070312,378.8999938964844,368.8800048828125,447.3599853515625,726.1500244140625,893.3200073242188,588.5999755859375,-13894.8896484375,0,-0.2082829415282911,-0.1394336199304987,1.3418079129897564,-0.8160407075640204,-0.4221260058891046,-0.3689085669478686,0.1406899711528677
1762592152.6645086,545.4500122070312,802.27001953125,853.9500122070312,378.8999938964844,368.8800048828125,447.3599853515625,726.1500244140625,893.3200073242188,588.5999755859375,-13894.8896484375,0,-0.2038851112849061,-0.1364093619497655,1.3014520033986423,-0.8099844736642997,-0.4044823306509132,-0.4016385375632353,0.1378610958829154
1762592152.7422953,545.4500122070312,802.27001953125,853.9500122070312,378.8999938964844,368.8800048828125,447.3599853515625,726.1500244140625,893.3200073242188,588.5999755859375,-13894.8896484375,0,-0.2098539140156895,-0.1410887054005441,1.3403497006203873,0.8719214178998754,0.4344395503991253,-0.2090911141779571,0.0854179373919618
1762592153.834394,545.5399780273438,802.3499755859375,853.9500122070312,378.8999938964844,368.8800048828125,447.3599853515625,726.1500244140625,893.3200073242188,588.5999755859375,-13894.8896484375,0,-0.2084147778954608,-0.1392027240728005,1.339570026792973,-0.8066392021839005,-0.4237055833051707,-0.3910720070720516,0.1298824909708102
1762592154.200685,545.4500122070312,802.3499755859375,835.0499877929688,378.8999938964844,368.8800048828125,447.3599853515625,725.97998046875,892.0,588.5999755859375,-13894.8896484375,0,-0.1983000456488801,-0.1368020414062495,1.3396564463904186,-0.8227234320944812,-0.4281323737298688,-0.3551014758718753,0.1171826210695151
1762592154.2958398,545.4500122070312,802.3499755859375,835.0499877929688,378.8999938964844,368.8800048828125,447.3599853515625,725.97998046875,892.0,588.5999755859375,-13894.8896484375,0,-0.1932172035632952,-0.1339871772123951,1.348949729717619,0.8670577211767593,0.4493916351146164,-0.1820902332033435,0.114460532100495
1762592154.3643484,545.4500122070312,802.3499755859375,821.0700073242188,378.8999938964844,368.8800048828125,447.3599853515625,725.97998046875,892.0900268554688,588.5999755859375,-13894.8896484375,0,-0.1857874084495843,-0.1300223435384143,1.36463997529733,-0.8183846546737559,-0.4407925635638476,-0.3496846281323329,0.1169150706679035
1762592154.4823189,545.4500122070312,802.3499755859375,821.0700073242188,378.8999938964844,368.8800048828125,447.3599853515625,725.97998046875,892.0900268554688,588.5999755859375,-13894.8896484375,0,-0.1752400084469308,-0.1237511950792243,1.3552141587288828,-0.8129410741862477,-0.4540599385428072,-0.3313336422767424,0.1522314015144033
1762592154.5909812,545.4500122070312,802.27001953125,807.4500122070312,378.8999938964844,368.8800048828125,447.3599853515625,725.97998046875,892.0,588.5999755859375,-13894.8896484375,0,-0.1662381683504711,-0.1178352446605565,1.3243736117666562,-0.8076416914159588,-0.4545097164947069,-0.3495682914195672,0.137614772218229
1762592154.633113,545.4500122070312,802.27001953125,807.4500122070312,378.8999938964844,368.8800048828125,447.3599853515625,725.97998046875,892.0,588.5999755859375,-13894.8896484375,0,-0.1683215995480925,-0.1202792630190533,1.3545251106600276,-0.8198443196061533,-0.4605657954739856,-0.3155975580158199,0.1270142551975552
1762592154.6867244,545.4500122070312,802.27001953125,807.4500122070312,378.8999938964844,368.8800048828125,447.3599853515625,725.97998046875,892.0,588.5999755859375,-13894.8896484375,0,-0.1699804100402554,-0.1210641209341846,1.3731718088559366,0.8663668827184774,0.4644250719046371,-0.1519600200402214,0.1030821489124878
1762592154.723656,545.4500122070312,802.27001953125,793.8300170898438,378.8999938964844,368.8800048828125,447.3599853515625,725.97998046875,892.0,588.5999755859375,-13894.8896484375,0,-0.168211289393851,-0.1195333261364984,1.365505404490085,-0.80909739197782,-0.4648316222019948,-0.3336259665709338,0.134114457555336
1762592154.7636998,545.4500122070312,802.27001953125,793.8300170898438,378.8999938964844,368.8800048828125,447.3599853515625,725.97998046875,892.0,588.5999755859375,-13894.8896484375,0,-0.166367922885,-0.1183270066468009,1.3545012287035618,-0.820224340273418,-0.4607310373205637,-0.3144614913694764,0.1267789939944252
1762592155.1348,545.5399780273438,802.27001953125,767.02001953125,378.8999938964844,368.8800048828125,447.3599853515625,725.97998046875,892.0,588.5999755859375,-13894.8896484375,0,-0.1720893886385529,-0.1230505349119624,1.38284146777663,-0.8229326913829921,-0.4681763761545482,-0.306496329763593,0.0982479827039058
1762592155.171533,545.5399780273438,802.27001953125,767.02001953125,378.8999938964844,368.8800048828125,447.3599853515625,725.97998046875,892.0,588.5999755859375,-13894.8896484375,0,-0.1689208906941969,-0.1207319938301608,1.3666054120067117,0.8608487365903819,0.4747073618808636,-0.1511500488570278,0.1036630889823974
1762592155.2059414,545.5399780273438,802.27001953125,767.02001953125,378.8999938964844,368.8800048828125,447.3599853515625,725.97998046875,892.0,588.5999755859375,-13894.8896484375,0,-0.1681007494374131,-0.1200601376608032,1.3827955181202567,-0.8235826845797953,-0.46843813541315,-0.3043869724282142,0.0981113957039357
1762592155.2991157,545.5399780273438,802.27001953125,767.02001953125,378.8999938964844,368.8800048828125,447.3599853515625,725.97998046875,892.0,588.5999755859375,-13894.8896484375,0,-0.1595081743178704,-0.1136325731173045,1.34803234934587,-0.8101928185018641,-0.4648354848487235,-0.3238804371977098,0.150389598290833
1762592155.350005,545.5399780273438,802.27001953125,764.1199951171875,378.8999938964844,368.8800048828125,447.3599853515625,725.97998046875,892.0,588.5999755859375,-13894.8896484375,0,-0.1598601023257048,-0.1133567721794281,1.3592492481649914,-0.8135486573266281,-0.4731949106470417,-0.3049210089382093,0.145768093243629
1762592155.4064443,545.5399780273438,802.27001953125,764.1199951171875,378.8999938964844,368.8800048828125,447.3599853515625,725.97998046875,892.0,588.5999755859375,-13894.8896484375,0,-0.1561198661497511,-0.1109112645734544,1.3356919138673928,-0.8129806876213648,-0.4632224139663203,-0.3272636328544457,0.1318556459345546
1762592155.4867268,545.5399780273438,802.27001953125,764.1199951171875,378.8999938964844,368.8800048828125,447.3599853515625,725.97998046875,892.0,588.5999755859375,-13894.8896484375,0,-0.1600716446454217,-0.1131417458290344,1.3729979160600303,0.8656896113221545,0.4644030443964522,-0.1551434893902899,0.1041239977335142
1762592155.6023366,545.5399780273438,802.27001953125,764.1199951171875,378.8999938964844,368.8800048828125,447.3599853515625,725.97998046875,892.0,588.6900024414062,-13894.8896484375,0,-0.1622719450581644,-0.1152720833534549,1.389742994905441,0.8526984241766323,0.4871665850166038,-0.1557638717792864,0.1063566269598381
1762592155.7558591,545.5399780273438,802.27001953125,764.030029296875,378.8999938964844,368.8800048828125,447.3599853515625,725.97998046875,892.0,588.5999755859375,-13894.8896484375,0,-0.1666025574571921,-0.1188840334914217,1.3952351142683663,-0.8279477722818634,-0.4770300901995291,-0.281185850707445,0.0887654030558039
1762592155.791422,545.5399780273438,802.27001953125,764.030029296875,378.8999938964844,368.8800048828125,447.3599853515625,725.97998046875,892.0,588.5999755859375,-13894.8896484375,0,-0.1602207882093368,-0.1142242066999401,1.3391771141697917,0.8529051005071516,0.4731888919906677,-0.1611860440090448,0.1505464089317447
1762592156.1950564,545.5399780273438,802.27001953125,764.030029296875,378.8999938964844,368.8800048828125,447.3599853515625,725.97998046875,892.0,588.5999755859375,-13894.8896484375,0,-0.1575634731800311,-0.1118029555321799,1.3748050061221486,0.8533553624671218,0.487715224142532,-0.1636352725296103,0.0845102542438896
1762592156.399331,545.5399780273438,802.3499755859375,764.030029296875,378.8999938964844,368.8800048828125,447.3599853515625,725.97998046875,892.0,588.5999755859375,-13894.8896484375,0,-0.153170519955717,-0.1093128004510489,1.3470609034042371,0.8537692102774409,0.477561878365152,-0.175214521901079,0.1109624226013426
1762592156.4314234,545.5399780273438,802.3499755859375,764.030029296875,378.8999938964844,368.8800048828125,447.3599853515625,725.97998046875,892.0,588.5999755859375,-13894.8896484375,0,-0.1551296409246058,-0.1104002560182566,1.3664953017641106,0.857808158460435,0.4664058524022483,-0.1709144162529058,0.1319810836467786
1762592156.4950926,545.5399780273438,802.3499755859375,764.030029296875,378.8999938964844,368.8800048828125,447.3599853515625,725.97998046875,892.0,588.5999755859375,-13894.8896484375,0,-0.1576093211149279,-0.1120970626678904,1.3890104335951374,-0.8180282209800105,-0.4818228331649358,-0.2913804795563463,0.1173626995885296
1762592156.6495855,545.5399780273438,802.27001953125,764.1199951171875,378.8999938964844,368.8800048828125,447.3599853515625,725.97998046875,892.0,588.5999755859375,-13894.8896484375,0,-0.1602129474415449,-0.1132609775046973,1.4096735165080634,-0.8273461519906727,-0.4804444981156117,-0.2672938456879263,0.1150018655241023
1762592156.7502291,545.5399780273438,802.27001953125,764.1199951171875,378.8999938964844,368.8800048828125,447.3599853515625,725.97998046875,892.0900268554688,588.5999755859375,-13894.8896484375,0,-0.1548071464249661,-0.109711998906726,1.3702163637003035,0.8527092212115412,0.4838350742574977,-0.1500564172529206,0.1275683213821752
1762592156.858751,545.5399780273438,802.27001953125,764.1199951171875,378.8999938964844,368.8800048828125,447.3599853515625,725.97998046875,892.0900268554688,588.5999755859375,-13894.8896484375,0,-0.1519222747075745,-0.1083938268618679,1.3583028275405056,-0.8206809772391442,-0.4796384509220514,-0.2873353598924933,0.1177628165014301
1762592156.9724894,545.4500122070312,802.27001953125,764.1199951171875,378.8999938964844,368.8800048828125,447.3599853515625,725.97998046875,892.0,588.5999755859375,-13894.8896484375,0,-0.1564967642014365,-0.110829967907954,1.401398349009403,-0.8220002899711634,-0.4906109795448528,-0.2667167945524528,0.1117073925084108
1762592157.008645,545.4500122070312,802.27001953125,764.1199951171875,378.8999938964844,368.8800048828125,447.3599853515625,725.97998046875,892.0,588.5999755859375,-13894.8896484375,0,-0.1555708819344462,-0.1095623963852003,1.3885960779132491,-0.8266311846967092,-0.4800923821397744,-0.2589912270643081,0.1382596593442791
1762592157.665044,545.5399780273438,802.27001953125,764.030029296875,378.8999938964844,368.8800048828125,447.3599853515625,725.97998046875,892.0,588.5999755859375,-13894.8896484375,0,-0.1536075532189236,-0.1080112441376651,1.3689655958056268,-0.809595159563211,-0.4842189540171949,-0.3068879120967293,0.1261249047223535
1762592157.9496255,545.5399780273438,802.27001953125,764.030029296875,378.8999938964844,368.8800048828125,447.3599853515625,725.97998046875,892.0,588.5999755859375,-13894.8896484375,0,-0.1591331072083041,-0.1124963137448074,1.4158963840226595,-0.8390416811097192,-0.4757451374772179,-0.2521571904898858,0.0780536534161392
1762592158.291592,545.5399780273438,802.3499755859375,764.1199951171875,378.8999938964844,368.8800048828125,447.3599853515625,725.8900146484375,890.8599853515625,592.1199951171875,-13894.8896484375,0,-0.1585285857412184,-0.1098306599577137,1.4015185352406083,-0.8218954201725442,-0.4907382954782004,-0.2671715992747895,0.1108295095698733
1762592158.9417665,545.5399780273438,802.3499755859375,764.1199951171875,378.8999938964844,368.8800048828125,447.3599853515625,725.8900146484375,890.8599853515625,644.9400024414062,-13894.8896484375,0,-0.1417571998709434,-0.1121576428394244,1.3609796301702053,0.8463813821294108,0.4946347576890499,-0.151617563197331,0.1264402111699696
1762592158.9861448,545.5399780273438,802.3499755859375,764.1199951171875,378.8999938964844,368.8800048828125,447.3599853515625,725.8900146484375,890.8599853515625,644.9400024414062,-13894.8896484375,0,-0.1442273171713798,-0.1164432038037009,1.40223783509437,-0.8135968686719087,-0.5019451461964022,-0.2574762977352084,0.1407734406829204
1762592159.061314,545.5399780273438,802.3499755859375,764.1199951171875,378.8999938964844,368.8800048828125,447.3599853515625,725.8900146484375,890.8599853515625,644.9400024414062,-13894.8896484375,0,-0.1369479859716285,-0.1150455710722694,1.3692210084603995,0.8538700193628274,0.493181755479662,-0.1364903582674853,0.0951216494565621
1762592159.167788,545.5399780273438,802.3499755859375,764.030029296875,378.8999938964844,368.8800048828125,447.3599853515625,725.8900146484375,890.8599853515625,657.77001953125,-13894.8896484375,0,-0.1335809586856962,-0.1164342227842157,1.3783080129829477,-0.8122157169399906,-0.4999754534674768,-0.2502646177901853,0.1664265488676021
1762592159.215625,545.5399780273438,802.3499755859375,764.030029296875,378.8999938964844,368.8800048828125,447.3599853515625,725.8900146484375,890.8599853515625,657.77001953125,-13894.8896484375,0,-0.1277495893489449,-0.1137307555592401,1.340672446388265,-0.7994560457339064,-0.4850497806705837,-0.3084770116006654,0.1744668292967112
1762592159.3116202,545.5399780273438,802.3499755859375,764.030029296875,378.8999938964844,368.8800048828125,447.3599853515625,725.8900146484375,890.8599853515625,657.77001953125,-13894.8896484375,0,-0.1247397636529772,-0.1185522491718682,1.3870840958274475,0.8489040576713932,0.4915364137156569,-0.1316384996554546,0.1429166199889133
1762592159.3851354,545.5399780273438,802.3499755859375,764.030029296875,378.8999938964844,368.8800048828125,447.3599853515625,725.8900146484375,890.8599853515625,670.6099853515625,-13894.8896484375,0,-0.1195066608529875,-0.1175952875899397,1.3729323039833004,0.8338520063252897,0.5101851179034973,-0.1301889143899794,0.1656889362240053
1762592159.4261398,545.5399780273438,802.3499755859375,764.030029296875,378.8999938964844,368.8800048828125,447.3599853515625,725.8900146484375,890.8599853515625,670.6099853515625,-13894.8896484375,0,-0.1151529045153083,-0.1156999702850393,1.3479034016694362,0.8279462186512054,0.5072664808599453,-0.1708880557791282,0.1672813462677977
1762592159.461683,545.5399780273438,802.3499755859375,764.030029296875,378.8999938964844,368.8800048828125,447.3599853515625,725.8900146484375,890.8599853515625,670.6099853515625,-13894.8896484375,0,-0.114411972102214,-0.1170838549835628,1.3657045202569886,-0.8009710742930825,-0.5013735430844328,-0.2638571127407482,0.193518300160124
1762592159.4956014,545.5399780273438,802.3499755859375,764.030029296875,378.8999938964844,368.8800048828125,447.3599853515625,725.8900146484375,890.8599853515625,670.6099853515625,-13894.8896484375,0,-0.1146325133440666,-0.1194515384178189,1.388805414317106,0.838772345409058,0.5066533134140857,-0.1092858586328208,0.1667932063556652
1762592159.5331855,545.5399780273438,802.3499755859375,764.1199951171875,378.8999938964844,368.8800048828125,447.3599853515625,725.8900146484375,890.8599853515625,674.1199951171875,-13894.8896484375,0,-0.1098729024929385,-0.1169133453258512,1.355199131920792,-0.7954663979732864,-0.5108838078753097,-0.2620184041428759,0.1938486534300647
1762592159.6277196,545.5399780273438,802.3499755859375,764.1199951171875,378.8999938964844,368.8800048828125,447.3599853515625,725.8900146484375,890.8599853515625,674.1199951171875,-13894.8896484375,0,-0.109492577427177,-0.1169164027411492,1.362132016753165,0.8274409073952885,0.520444726278554,-0.1315284329719107,0.1648608594471596
1762592160.964283,545.5399780273438,802.27001953125,764.030029296875,378.8999938964844,368.8800048828125,447.3599853515625,725.8900146484375,890.510009765625,691.9600219726562,-13894.8896484375,0,-0.0998492016256836,-0.1192141642677418,1.3648001382475976,-0.7919124076630818,-0.5182497714616827,-0.2383912043922732,0.2178567112520893
1762592161.12923,545.5399780273438,802.3499755859375,764.030029296875,378.8999938964844,368.8800048828125,447.3599853515625,725.8900146484375,890.510009765625,704.8800048828125,-13894.8896484375,0,-0.0889259855568524,-0.1208320511829215,1.3704099228333242,0.8207677937684741,0.5317752538193075,-0.0937882688657363,0.1864378415478231
1762592161.3039734,545.5399780273438,802.3499755859375,764.030029296875,378.8999938964844,368.8800048828125,447.3599853515625,725.8900146484375,890.510009765625,704.8800048828125,-13894.8896484375,0,-0.0785419493806996,-0.1183149853055413,1.35733549715561,-0.7816303371290577,-0.5333966563452913,-0.2128797143440338,0.2433603301690345
1762592161.4046955,545.5399780273438,802.27001953125,764.1199951171875,378.8999938964844,368.8800048828125,447.3599853515625,725.8900146484375,890.510009765625,718.239990234375,-13894.8896484375,0,-0.0720506783574658,-0.1192140302305955,1.373301054527597,-0.7727407473441524,-0.5456845255283503,-0.2116819086395865,0.2455420647213056
1762592161.4046955,545.5399780273438,802.27001953125,764.1199951171875,378.8999938964844,368.8800048828125,447.3599853515625,725.8900146484375,890.510009765625,718.239990234375,-13894.8896484375,1,-0.0793565791434854,-0.1420700980671351,1.3717785236836422,-0.605294958795737,-0.5387534792615801,-0.5586515583420795,0.1768364719224383
1762592161.4384334,545.5399780273438,802.27001953125,764.1199951171875,378.8999938964844,368.8800048828125,447.3599853515625,725.8900146484375,890.510009765625,718.239990234375,-13894.8896484375,0,-0.0696246694655432,-0.1176203960075322,1.3549697834301135,-0.7817095335996509,-0.5325758010885647,-0.2091159818656081,0.2481203887282794
1762592161.5386703,545.5399780273438,802.27001953125,764.1199951171875,378.8999938964844,368.8800048828125,447.3599853515625,725.8900146484375,890.510009765625,731.25,-13894.8896484375,0,-0.0626999114838297,-0.1204516347489389,1.3688365944988838,0.814358012530213,0.5318629355699247,-0.1048856141945168,0.2072241615493287
1762592161.6491091,545.5399780273438,802.27001953125,764.1199951171875,378.8999938964844,368.8800048828125,447.3599853515625,725.8900146484375,890.510009765625,731.25,-13894.8896484375,0,-0.0549075053131688,-0.1191228802643088,1.3526563250840735,-0.7731742726408727,-0.5435026973182477,-0.1707331456805305,0.2786692575439162
1762592161.6491091,545.5399780273438,802.27001953125,764.1199951171875,378.8999938964844,368.8800048828125,447.3599853515625,725.8900146484375,890.510009765625,731.25,-13894.8896484375,1,-0.0601774288071475,-0.1412503302063024,1.3406030999064242,-0.5928725193438821,-0.5512843518279701,-0.5545089861098246,0.1926331320409536
1762592161.7342565,545.5399780273438,802.3499755859375,764.1199951171875,378.8999938964844,368.8800048828125,447.3599853515625,725.8900146484375,890.510009765625,744.8699951171875,-13894.8896484375,0,-0.0502423493870162,-0.1216268920781366,1.3781972228317754,-0.7750146314290696,-0.5540137709910478,-0.1439752014732908,0.267753999006304
1762592162.0087175,545.5399780273438,802.3499755859375,764.030029296875,378.8999938964844,368.8800048828125,447.3599853515625,725.8900146484375,890.510009765625,755.77001953125,-13894.8896484375,0,-0.0244213411072191,-0.1099636814042107,1.336057730726925,-0.7554042639633789,-0.5490587854932322,-0.1380360869771675,0.3299164845088438
1762592162.0483208,545.5399780273438,802.3499755859375,764.030029296875,378.8999938964844,368.8800048828125,447.3599853515625,725.8900146484375,890.510009765625,755.77001953125,-13894.8896484375,0,-0.0215659960225775,-0.1090901876884405,1.3562031792148397,0.7803412545339784,0.5609574355317674,-0.0561319902132578,0.2706353296756699
1762592162.078632,545.5399780273438,802.3499755859375,764.030029296875,378.8999938964844,368.8800048828125,447.3599853515625,725.8900146484375,890.510009765625,755.77001953125,-13894.8896484375,0,-0.0213440421460086,-0.1103309821799348,1.38584407449493,-0.7582709973100987,-0.5642580036872334,-0.1043029078985442,0.3094493550116952
1762592162.2045407,545.5399780273438,802.3499755859375,764.030029296875,378.8999938964844,368.8800048828125,447.2799987792969,725.8900146484375,890.510009765625,756.1199951171875,-13894.8896484375,0,-0.0214130164385258,-0.1045469751775202,1.3436753403057329,-0.7507763166824386,-0.5670400202358208,-0.1459830007677629,0.3057605292488714
1762592162.2661283,545.5399780273438,802.3499755859375,764.030029296875,378.8999938964844,368.8800048828125,447.2799987792969,725.8900146484375,890.510009765625,756.1199951171875,-13894.8896484375,0,-0.0253023333020445,-0.1068844503022971,1.370452688170665,-0.7523568338796646,-0.5736767316433644,-0.1050399813175686,0.3063018191430779
1762592162.297285,545.5399780273438,802.3499755859375,764.030029296875,378.8999938964844,368.8800048828125,447.2799987792969,725.8900146484375,890.510009765625,756.1199951171875,-13894.8896484375,0,-0.0264502462332477,-0.1081376862466407,1.3815007445764846,0.7795254454360931,0.5713145847827653,-0.0640394279210168,0.2486738361864912
1762592162.5656784,545.5399780273438,802.3499755859375,764.030029296875,378.8999938964844,368.8800048828125,447.3599853515625,725.8900146484375,890.510009765625,756.1199951171875,-13894.8896484375,0,-0.0280372823303808,-0.1112844410708102,1.3502059369331263,0.7728127029819588,0.5651426019808946,-0.0781842211576006,0.2779596968950037
1762592162.663571,545.5399780273438,802.3499755859375,764.030029296875,378.8999938964844,368.8800048828125,447.3599853515625,725.8900146484375,890.510009765625,756.1199951171875,-13894.8896484375,1,-0.028952959251746,-0.1318989613207112,1.3362908561104534,-0.5491982823128223,-0.5833090251224051,-0.5685853688960542,0.1866614748488101
1762592162.71115,545.5399780273438,802.3499755859375,764.030029296875,378.8999938964844,368.8800048828125,447.3599853515625,725.8900146484375,890.510009765625,756.1199951171875,-13894.8896484375,0,-0.0251236619795238,-0.1108675328474778,1.3739173417219843,-0.7602905233627604,-0.5701345488361865,-0.0776505773198951,0.3014553103695885
1762592163.0033174,545.5399780273438,802.27001953125,764.030029296875,378.8999938964844,368.8800048828125,447.2799987792969,725.8900146484375,890.510009765625,756.3900146484375,-13894.8896484375,0,-0.0172551686865458,-0.0976034984436575,1.3579568088196694,-0.7556852387685824,-0.5784087048544428,-0.0726094643625074,0.2985147496202936
1762592163.1750095,545.5399780273438,802.27001953125,764.030029296875,378.8999938964844,368.8800048828125,447.3599853515625,725.8900146484375,890.510009765625,756.469970703125,-13894.8896484375,0,-0.017659663939897,-0.0994923351201251,1.3705329935639925,-0.7545793931089896,-0.5683471651100303,-0.0842957017687957,0.3169947540101682
1762592163.837412,545.5399780273438,802.27001953125,764.1199951171875,378.8999938964844,368.8800048828125,447.2799987792969,725.8900146484375,890.510009765625,756.469970703125,-13894.8896484375,0,-0.0182229962728448,-0.1008037931005253,1.3954729037224205,-0.7544626372622504,-0.5832832424043483,-0.1103936587564465,0.2799643338211598
1762592164.0027163,545.5399780273438,802.3499755859375,764.030029296875,378.8999938964844,368.8800048828125,447.3599853515625,725.8900146484375,890.510009765625,756.469970703125,-13894.8896484375,0,-0.0185255786018846,-0.0997777635225218,1.365750652260048,0.7727157943576028,0.5807754671756361,-0.0664319760056519,0.2473801739048722
1762592164.477399,545.5399780273438,802.27001953125,764.1199951171875,378.8999938964844,368.8800048828125,447.3599853515625,725.8900146484375,890.510009765625,756.469970703125,-13894.8896484375,0,-0.0193196265989527,-0.1005864710001688,1.370089617596541,0.7749563688083513,0.5748489770976005,-0.0488806928532358,0.2580735512201986
1762592164.8758268,545.5399780273438,802.3499755859375,764.030029296875,378.8999938964844,368.8800048828125,447.3599853515625,725.7999877929688,871.3499755859375,755.8599853515625,-13894.8896484375,0,-0.0311391322691478,-0.0909154709777499,1.3692271385546126,0.7687594017210129,0.5725209494342216,-0.0569036450498609,0.2792681863451819
1762592164.9137194,545.5399780273438,802.3499755859375,764.030029296875,378.8999938964844,368.8800048828125,447.3599853515625,725.7999877929688,871.3499755859375,755.8599853515625,-13894.8896484375,0,-0.0351549921450057,-0.0907533580527061,1.3992880675811408,-0.749983867074491,-0.5796571218268025,-0.1039208870195936,0.301201376963188
1762592164.946924,545.5399780273438,802.27001953125,764.1199951171875,378.8999938964844,368.8800048828125,447.3599853515625,725.7999877929688,857.719970703125,755.8599853515625,-13894.8896484375,0,-0.0414919646511839,-0.086294231945507,1.4004713688057655,-0.751431570827511,-0.5753467292345057,-0.08774945100446,0.3108484668954824
1762592164.9825337,545.5399780273438,802.27001953125,764.1199951171875,378.8999938964844,368.8800048828125,447.3599853515625,725.7999877929688,857.719970703125,755.8599853515625,-13894.8896484375,0,-0.0440875619998022,-0.0837042862930942,1.386791805822534,-0.7468455722014168,-0.5795321784047885,-0.0719649456518857,0.3180961994017849
1762592165.241714,545.5399780273438,802.27001953125,764.030029296875,378.8999938964844,368.8800048828125,447.3599853515625,725.7999877929688,844.280029296875,755.8599853515625,-13894.8896484375,0,-0.0567543744983541,-0.0732434348572307,1.3732482256061784,-0.7503959637431872,-0.5724552881748677,-0.0987791347237565,0.3153466714296956
1762592165.241714,545.5399780273438,802.27001953125,764.030029296875,378.8999938964844,368.8800048828125,447.3599853515625,725.7999877929688,844.280029296875,755.8599853515625,-13894.8896484375,1,-0.0589677325520963,-0.0961019859555349,1.3571475537748643,-0.5366918727876623,-0.5977277256741284,-0.569983706982392,0.1726324807755373
1762592165.301293,545.5399780273438,802.27001953125,764.030029296875,378.8999938964844,368.8800048828125,447.3599853515625,725.7999877929688,844.280029296875,755.8599853515625,-13894.8896484375,0,-0.0590877726023645,-0.0737470209560254,1.387278761951406,-0.7478450977784337,-0.5814338259949228,-0.073542368404407,0.3118556328930765
1762592165.367261,545.5399780273438,802.27001953125,764.1199951171875,378.8999938964844,368.8800048828125,447.2799987792969,725.7999877929688,830.47998046875,755.8599853515625,-13894.8896484375,0,-0.0627043426860794,-0.0732282196981733,1.401238591690949,-0.75257045388641,-0.5780016522454671,-0.0902870996023416,0.3023243979306168
1762592165.569877,545.5399780273438,802.3499755859375,764.030029296875,378.8999938964844,368.8800048828125,447.3599853515625,725.7999877929688,816.6799926757812,755.77001953125,-13894.8896484375,0,-0.0760399448789182,-0.0666811602682803,1.388082122131702,0.7598103977061669,0.5678503361710064,-0.0183265992142627,0.316066909070392
1762592165.6671352,545.5399780273438,802.3499755859375,764.030029296875,378.8999938964844,368.8800048828125,447.3599853515625,725.7999877929688,816.6799926757812,755.77001953125,-13894.8896484375,0,-0.0805548832856053,-0.0634110511178103,1.374403158040041,-0.7510414003202125,-0.5754301971220617,-0.1027134679436397,0.3070290649891483
1762592165.8564758,545.5399780273438,802.27001953125,764.1199951171875,378.8999938964844,368.8800048828125,447.2799987792969,725.7999877929688,803.1400146484375,755.77001953125,-13894.8896484375,0,-0.0887996968754139,-0.058759985073159,1.387099369338449,-0.7498369680702568,-0.5792781098053074,-0.0627589946045989,0.3134369177550961
1762592165.8564758,545.5399780273438,802.27001953125,764.1199951171875,378.8999938964844,368.8800048828125,447.2799987792969,725.7999877929688,803.1400146484375,755.77001953125,-13894.8896484375,1,-0.0889440627588468,-0.0804282332922469,1.352300014141636,-0.5116572171425312,-0.6143814812396746,-0.5851228553814518,0.135549001346232
1762592165.889826,545.5399780273438,802.27001953125,764.1199951171875,378.8999938964844,368.8800048828125,447.2799987792969,725.7999877929688,803.1400146484375,755.77001953125,-13894.8896484375,0,-0.0893553651229296,-0.0566630063988916,1.372766261094478,-0.7443040486198247,-0.5756535116206596,-0.1127720238627231,0.3192444023015063
1762592166.0794609,545.5399780273438,802.27001953125,764.1199951171875,378.8999938964844,368.8800048828125,447.3599853515625,725.7999877929688,800.510009765625,755.77001953125,-13894.8896484375,0,-0.0921364883267339,-0.0566863669806005,1.4037178476789522,-0.7563951338107977,-0.5705996247976394,-0.062751984598243,0.3135995187450399
1762592166.117061,545.5399780273438,802.3499755859375,764.1199951171875,378.8999938964844,368.8800048828125,447.3599853515625,725.7999877929688,800.510009765625,755.77001953125,-13894.8896484375,0,-0.0918789375374964,-0.0578445913324,1.4163673751126826,0.7688222279594661,0.5605533974238085,-0.0481418938307811,0.3039319471369447
1762592166.2887692,545.5399780273438,802.3499755859375,764.1199951171875,378.8999938964844,368.8800048828125,447.3599853515625,725.7999877929688,800.510009765625,755.77001953125,-13894.8896484375,1,-0.087019462932971,-0.0790538544865415,1.341406099481138,-0.5254857846567282,-0.6115808386152013,-0.5753084377820665,0.1373090287606317
1762592166.3364804,545.5399780273438,802.3499755859375,764.1199951171875,378.8999938964844,368.8800048828125,447.3599853515625,725.7999877929688,800.510009765625,755.77001953125,-13894.8896484375,0,-0.0889133290738963,-0.0587502003914811,1.4047552169406812,-0.7554401632985784,-0.5759616584742805,-0.0772194240158425,0.3026805051496298
1762592166.731234,545.5399780273438,802.27001953125,764.030029296875,378.8999938964844,368.8800048828125,447.3599853515625,725.7999877929688,800.510009765625,755.77001953125,-13894.8896484375,1,-0.0899445039988041,-0.0807901367970753,1.375038270041949,-0.523230361611402,-0.6130778732954002,-0.5749473209458617,0.1407163391393024
1762592167.693581,545.5399780273438,802.27001953125,764.1199951171875,378.8999938964844,368.8800048828125,447.2799987792969,725.7999877929688,800.510009765625,755.77001953125,-13894.8896484375,0,-0.0873692167299028,-0.0566676641988621,1.360941988387228,-0.7486114657842455,-0.5751312537170086,-0.0733811978930111,0.3215899782176865
1762592168.8903031,545.5399780273438,802.3499755859375,764.1199951171875,378.8999938964844,368.8800048828125,447.2799987792969,725.6199951171875,800.510009765625,765.6199951171875,-13894.8896484375,0,-0.0789085314685141,-0.0635892139017419,1.411077794120056,-0.7455782780708772,-0.5700018068058605,-0.0339865905485647,0.3435926122165673
1762592168.9381454,545.5399780273438,802.27001953125,764.1199951171875,378.8999938964844,368.8800048828125,447.2799987792969,725.6199951171875,800.510009765625,778.969970703125,-13894.8896484375,0,-0.0746806410018225,-0.0635607499555065,1.393773879238368,-0.7392002878731149,-0.578654745005692,-0.0335619448771271,0.3429507491561528
1762592169.0420537,545.5399780273438,802.27001953125,764.1199951171875,378.8999938964844,368.8800048828125,447.2799987792969,725.6199951171875,800.510009765625,778.969970703125,-13894.8896484375,0,-0.062611628083487,-0.0655412588894478,1.3932148951669103,-0.7389459088606866,-0.5771694511783918,-0.0310025932410405,0.3462271041048326
1762592169.1063476,545.5399780273438,802.27001953125,764.1199951171875,378.8999938964844,368.8800048828125,447.2799987792969,725.6199951171875,800.510009765625,778.969970703125,-13894.8896484375,0,-0.0571897753112273,-0.0649672398416965,1.367811651345361,0.7548717149217291,0.5581518242301483,0.0164782031356948,0.3440402649997586
1762592169.1921668,545.5399780273438,802.3499755859375,764.030029296875,378.8999938964844,368.8800048828125,447.3599853515625,725.6199951171875,800.510009765625,792.25,-13894.8896484375,0,-0.0532857777962825,-0.0643761014048291,1.3790499790102644,-0.7270520468986967,-0.58479413014747,-0.0402143772476768,0.3574827972197555
1762592169.281036,545.5399780273438,802.3499755859375,764.030029296875,378.8999938964844,368.8800048828125,447.3599853515625,725.6199951171875,800.510009765625,792.25,-13894.8896484375,0,-0.0457255943257678,-0.0627246304145657,1.3566315077222246,0.7380316194198367,0.5671404408057187,0.0359055881633279,0.3638294076595153
1762592169.3402884,545.5399780273438,802.3499755859375,764.1199951171875,378.8999938964844,368.8800048828125,447.3599853515625,725.6199951171875,800.510009765625,805.52001953125,-13894.8896484375,0,-0.0418172886309484,-0.0630530733687855,1.36123495645422,-0.7151688932660192,-0.5855325265381518,-0.0363026969759513,0.379956877372654
1762592169.54309,545.5399780273438,802.27001953125,764.1199951171875,378.8999938964844,368.8800048828125,447.3599853515625,725.6199951171875,800.510009765625,818.9600219726562,-13894.8896484375,0,-0.0303733396756028,-0.0636683074413714,1.353448504844344,-0.7144187876900107,-0.5708428422123778,-0.0121442337195672,0.4044709666685538
1762592169.6737034,545.5399780273438,802.27001953125,764.1199951171875,378.8999938964844,368.8800048828125,447.3599853515625,725.6199951171875,800.510009765625,818.9600219726562,-13894.8896484375,0,-0.0190350888204519,-0.0643319867569709,1.3268505047027792,-0.7002899353783807,-0.564171091896652,0.0368516614029338,0.4358290267154386
1762592169.7191534,545.5399780273438,802.27001953125,764.1199951171875,378.8999938964844,368.8800048828125,447.2799987792969,725.6199951171875,800.510009765625,832.1500244140625,-13894.8896484375,0,-0.016580861613646,-0.0629105994713632,1.2762594664801283,0.6983528744566216,0.5681716899358061,0.0784226935328374,0.4281752849391462
1762592169.7601132,545.5399780273438,802.27001953125,764.1199951171875,378.8999938964844,368.8800048828125,447.2799987792969,725.6199951171875,800.510009765625,832.1500244140625,-13894.8896484375,0,-0.0147894349087706,-0.064817121725353,1.3319113567904006,-0.6953080153513653,-0.5638733686763692,0.0280059341381832,0.4447575244318603
1762592169.8043349,545.5399780273438,802.27001953125,764.1199951171875,378.8999938964844,368.8800048828125,447.2799987792969,725.6199951171875,800.510009765625,832.1500244140625,-13894.8896484375,0,-0.0107916477007813,-0.0640842006739966,1.3120013783394917,-0.6889781910787204,-0.5653184220503881,0.0366368944098755,0.4520861332493546
1762592169.851683,545.5399780273438,802.27001953125,764.1199951171875,378.8999938964844,368.8800048828125,447.2799987792969,725.6199951171875,800.510009765625,832.1500244140625,-13894.8896484375,0,-0.0086290093040396,-0.0621505219078283,1.256255080238602,0.6932670657683058,0.5712083678610268,0.0835045324183082,0.4314264352959207
1762592169.9854944,545.5399780273438,802.27001953125,764.030029296875,378.8999938964844,368.8800048828125,447.2799987792969,725.6199951171875,800.510009765625,834.7000122070312,-13894.8896484375,0,-0.007290399862883,-0.0637597536778305,1.319962984953623,-0.684771447438135,-0.5719369756767319,0.0201049950175531,0.4511894832579537
1762592170.18335,545.5399780273438,802.27001953125,764.1199951171875,378.8999938964844,368.8800048828125,447.3599853515625,725.6199951171875,800.510009765625,834.7000122070312,-13894.8896484375,0,-0.0105241874810488,-0.0600693482612315,1.2942853788331987,0.6966566843518393,0.5727549996076507,0.0865434771899708,0.4232391772133231
1762592170.2760162,545.5399780273438,802.27001953125,764.1199951171875,378.8999938964844,368.8800048828125,447.3599853515625,725.6199951171875,800.510009765625,834.7000122070312,-13894.8896484375,0,-0.0092663773105883,-0.0594780039199668,1.2815187703579465,0.687085242007428,0.5825438755125388,0.0765343268981804,0.4274330358368061
1762592170.3662286,545.5399780273438,802.3499755859375,764.030029296875,378.8999938964844,368.8800048828125,447.2799987792969,725.6199951171875,800.510009765625,834.7000122070312,-13894.8896484375,1,-0.0047712300387737,-0.0874533436725992,1.3671351426081912,-0.4094775609506164,-0.7036987474766352,-0.5664551666919964,0.1275333054762243
1762592170.689443,545.5399780273438,802.27001953125,764.1199951171875,378.8999938964844,368.8800048828125,447.2799987792969,725.6199951171875,800.510009765625,834.7000122070312,-13894.8896484375,0,-0.0077166322556421,-0.0585850128931454,1.2923637487940551,0.6963318163799592,0.5731901921442623,0.0851854131105581,0.4234600931844628
1762592170.719694,545.5399780273438,802.27001953125,764.1199951171875,378.8999938964844,368.8800048828125,447.2799987792969,725.6199951171875,800.510009765625,834.7000122070312,-13894.8896484375,0,-0.0077539834349161,-0.0564874755769831,1.2610865865485603,0.6803632130525124,0.5834299113420203,0.0816975350893411,0.4359368642781086
1762592170.9205942,545.5399780273438,802.27001953125,764.1199951171875,378.8999938964844,368.8800048828125,447.2799987792969,725.6199951171875,800.510009765625,834.7000122070312,-13894.8896484375,0,-0.0075993683883403,-0.0593175133043819,1.2731487067384542,0.6908823083801277,0.5744745541964463,0.0922886919740644,0.4291193538887017
1762592170.9561036,545.5399780273438,802.27001953125,764.1199951171875,378.8999938964844,368.8800048828125,447.2799987792969,725.6199951171875,800.510009765625,834.7000122070312,-13894.8896484375,0,-0.0078165155065993,-0.0610874747494965,1.3290631336629772,-0.6799002600191623,-0.5847199306675432,-0.0068776023324055,0.4424826976189875
1762592171.263893,545.5399780273438,802.27001953125,764.1199951171875,378.8999938964844,368.8800048828125,447.2799987792969,725.6199951171875,800.510009765625,834.7000122070312,-13894.8896484375,0,-0.0085280216582249,-0.0613325934502835,1.3663878671649543,-0.691228871663905,-0.5807101840973068,0.0136040624331984,0.4298758641157126
1762592172.0524962,545.5399780273438,802.3499755859375,764.030029296875,378.8999938964844,368.8800048828125,447.2799987792969,725.4500122070312,781.7000122070312,833.469970703125,-13894.8896484375,0,-0.0143624857521068,-0.0556639873894352,1.336539755288351,-0.6906577160432651,-0.5765860983201846,0.0405459564400682,0.4346221530365972
1762592172.2740104,545.5399780273438,802.27001953125,764.030029296875,378.8999938964844,368.8800048828125,447.2799987792969,725.4500122070312,767.989990234375,833.469970703125,-13894.8896484375,0,-0.0196034960572888,-0.0496760073359903,1.2785745700540987,0.6843607359799384,0.5735340071114476,0.0839224611988733,0.44234166234033
1762592172.3413496,545.5399780273438,802.27001953125,764.1199951171875,378.8999938964844,368.8800048828125,447.2799987792969,725.4500122070312,754.4500122070312,833.469970703125,-13894.8896484375,0,-0.018268625629674,-0.0509567155826063,1.281944149018564,0.6862815837231045,0.5685275784567106,0.1094577182305571,0.4402419656239238
1762592172.912855,545.5399780273438,802.27001953125,764.1199951171875,378.8999938964844,368.8800048828125,447.3599853515625,725.4500122070312,726.77001953125,833.469970703125,-13894.8896484375,0,-0.0175012021125008,-0.0511781110834822,1.293295016228808,0.6958991158680642,0.5725375737649335,0.0876569652568571,0.4245484702638416
1762592172.9743805,545.5399780273438,802.27001953125,764.030029296875,378.8999938964844,368.8800048828125,447.2799987792969,725.4500122070312,712.8800048828125,833.469970703125,-13894.8896484375,0,-0.0177617541877137,-0.050595685537166,1.2785542758538142,0.6845681686325189,0.573827129636139,0.0836216697516408,0.4416970275388055
1762592173.0361266,545.5399780273438,802.27001953125,764.030029296875,378.8999938964844,368.8800048828125,447.2799987792969,725.4500122070312,712.8800048828125,833.469970703125,-13894.8896484375,0,-0.0189102926967353,-0.0516066967477739,1.3100922534860688,0.7007618123333799,0.5631903989289637,0.087576068473974,0.4290453229672988
1762592173.6203225,545.5399780273438,802.27001953125,764.030029296875,378.8999938964844,368.8800048828125,447.2799987792969,725.4500122070312,710.4199829101562,833.469970703125,-13894.8896484375,1,-0.015629288151975,-0.0777633891081816,1.369741262797043,-0.4142986840084364,-0.7005493003160693,-0.5693513912568283,0.1158717891872634
1762592173.9507155,545.5399780273438,802.27001953125,764.030029296875,378.8999938964844,368.8800048828125,447.2799987792969,708.3099975585938,710.4199829101562,832.3200073242188,-13894.8896484375,0,-0.0341220552382268,-0.0439740463561076,1.314516052869741,0.6945205086007846,0.5615462567175717,0.0800970275787044,0.4425963520776542
1762592173.9507155,545.5399780273438,802.27001953125,764.030029296875,378.8999938964844,368.8800048828125,447.2799987792969,708.3099975585938,710.4199829101562,832.3200073242188,-13894.8896484375,1,-0.0308676259245593,-0.0683727813743921,1.3356285474511418,-0.3956837774593854,-0.7075113526331726,-0.5779935591682412,0.0937308898425644
1762592174.224487,545.5399780273438,802.27001953125,764.030029296875,378.8999938964844,368.8800048828125,447.2799987792969,694.5999755859375,710.4199829101562,832.3200073242188,-13894.8896484375,0,-0.0845766987351102,-0.0256275087787537,1.307900809063996,0.6957300703376144,0.5326428588833511,0.0873821222955149,0.4739363024834881
1762592174.2705674,545.5399780273438,802.27001953125,764.030029296875,378.8999938964844,368.8800048828125,447.2799987792969,694.5999755859375,710.4199829101562,832.3200073242188,-13894.8896484375,0,-0.0879073436504905,-0.0236535395258476,1.2776568629342129,0.6929026443384638,0.5257978729335948,0.1113109637194834,0.4806582898932582
1762592174.383145,545.5399780273438,802.27001953125,764.030029296875,378.8999938964844,368.8800048828125,447.2799987792969,680.97998046875,710.4199829101562,832.3200073242188,-13894.8896484375,0,-0.1047504463842268,-0.0211380778839183,1.2924408993095649,0.7042312182475844,0.5081034038263691,0.098953118968419,0.4858987574711453
1762592174.4163504,545.5399780273438,802.27001953125,764.030029296875,378.8999938964844,368.8800048828125,447.2799987792969,680.97998046875,710.4199829101562,832.3200073242188,-13894.8896484375,0,-0.1045520998348368,-0.020132862530083,1.273052723373011,0.6983785589039184,0.5102180240942584,0.1061686541186813,0.4905845220094746
1762592174.474553,545.5399780273438,802.27001953125,764.030029296875,378.8999938964844,368.8800048828125,447.2799987792969,680.97998046875,710.4199829101562,832.3200073242188,-13894.8896484375,0,-0.1106427121227043,-0.0200024386837778,1.3169720669598648,-0.7028200522812649,-0.5456829555928335,0.0169909418692006,0.4560541568511652
1762592174.613259,545.5399780273438,802.27001953125,764.030029296875,378.8999938964844,368.8800048828125,447.2799987792969,667.530029296875,710.4199829101562,832.3200073242188,-13894.8896484375,0,-0.1090700593376043,-0.0154094043854018,1.2616733781471343,0.6953851663179205,0.4939711645817108,0.1190522435208851,0.5081914229298153
1762592174.77526,545.5399780273438,802.27001953125,764.030029296875,378.8999938964844,368.8800048828125,447.2799987792969,653.9099731445312,710.4199829101562,832.3200073242188,-13894.8896484375,0,-0.1204753909561883,-0.0057019227111527,1.2741751515515878,0.6895016394002732,0.4996941104718909,0.1049692832712696,0.5136873901445872
1762592175.027483,545.4500122070312,802.3499755859375,764.030029296875,378.8999938964844,368.8800048828125,447.2799987792969,640.280029296875,710.4199829101562,832.3200073242188,-13894.8896484375,0,-0.1481343641253786,0.0089433272354998,1.2694035067239922,0.6845382026465153,0.4869911044626526,0.1170965112799974,0.529656039650052
1762592175.027483,545.4500122070312,802.3499755859375,764.030029296875,378.8999938964844,368.8800048828125,447.2799987792969,640.280029296875,710.4199829101562,832.3200073242188,-13894.8896484375,1,-0.1525939029094085,-0.0151398794466552,1.325792724234061,-0.4253139452914764,-0.6908180751540037,-0.5833935354899891,0.0391205537998512
1762592175.0746648,545.4500122070312,802.3499755859375,764.030029296875,378.8999938964844,368.8800048828125,447.2799987792969,640.280029296875,710.4199829101562,832.3200073242188,-13894.8896484375,0,-0.1475943919431933,0.0091373235249189,1.234318634390408,0.6956303613904208,0.4634081608781675,0.1155256733396843,0.5366610620706141
1762592175.1420827,545.4500122070312,802.27001953125,764.030029296875,378.8999938964844,368.8800048828125,447.2799987792969,635.6199951171875,710.3300170898438,832.3200073242188,-13894.8896484375,0,-0.1518782209847373,0.0087043755248477,1.2682205041090615,0.6926514090474593,0.481281131171741,0.1043246563463869,0.5269903835942618
1762592175.481622,545.4500122070312,802.3499755859375,764.030029296875,378.8999938964844,368.8800048828125,447.2799987792969,635.6199951171875,710.3300170898438,832.3200073242188,-13894.8896484375,0,-0.1420132442531536,0.0048457462120339,1.273918528358808,0.6888094885283228,0.4824291786175684,0.0922463141398607,0.5331924546159097
1762592175.5384212,545.4500122070312,802.3499755859375,764.030029296875,378.8999938964844,368.8800048828125,447.2799987792969,635.6199951171875,710.4199829101562,832.3200073242188,-13894.8896484375,1,-0.1599511030805447,-0.019906309798723,1.4462533589023745,-0.4572115348786223,-0.6898248639434994,-0.5611836139063509,0.0131232976905418
1762592175.5878906,545.4500122070312,802.3499755859375,764.030029296875,378.8999938964844,368.8800048828125,447.2799987792969,635.6199951171875,710.4199829101562,832.3200073242188,-13894.8896484375,0,-0.1395084724998432,0.0085326078393177,1.2434390155617263,0.6934393845032364,0.472606162947224,0.0989378179453348,0.5347864461112403
1762592175.6972156,545.4500122070312,802.3499755859375,764.030029296875,378.8999938964844,368.8800048828125,447.2799987792969,635.6199951171875,710.4199829101562,832.3200073242188,-13894.8896484375,0,-0.1453904575351582,0.0071808506212061,1.2814498734520336,0.6983210562227888,0.4725961850711169,0.1022776256142951,0.5277687330553198
1762592175.9539287,545.5399780273438,802.27001953125,764.030029296875,378.8999938964844,368.8800048828125,447.2799987792969,635.6199951171875,710.4199829101562,832.3200073242188,-13894.8896484375,0,-0.1459683647010474,0.0031993005668375,1.2566448496031866,0.6920143298669449,0.4666885219140102,0.1162901212654182,0.5383257363981345
1762592176.0177352,545.5399780273438,802.27001953125,764.030029296875,378.8999938964844,368.8800048828125,447.2799987792969,635.6199951171875,710.4199829101562,832.3200073242188,-13894.8896484375,0,-0.150085884084542,0.0042172525841647,1.292068961699865,0.6954258169951862,0.4792249918063985,0.0887514947713608,0.5280620346707235
1762592176.251483,545.5399780273438,802.27001953125,764.030029296875,378.8999938964844,368.8800048828125,447.2799987792969,635.6199951171875,710.3300170898438,832.3200073242188,-13894.8896484375,0,-0.1397088977001245,0.0066890184199154,1.233344036359056,0.6828600414481955,0.4738938959717473,0.0964003421242206,0.5475707380717314
1762592176.9525678,545.4500122070312,802.27001953125,764.030029296875,378.8999938964844,368.8800048828125,447.2799987792969,635.6199951171875,710.4199829101562,832.3200073242188,-13894.8896484375,0,-0.1418170734076062,0.0060587413117974,1.2401342309451435,0.6845845143380642,0.4692026101166618,0.1190346437915359,0.5449988137286639
1762592177.5216367,545.4500122070312,802.27001953125,764.030029296875,378.8999938964844,368.8800048828125,447.2799987792969,635.6199951171875,710.4199829101562,832.3200073242188,-13894.8896484375,0,-0.1415468721377757,0.005778011787949,1.228094263806946,0.6822407230998769,0.4660499629867081,0.1034675690943812,0.5537503859050074
1762592178.0077202,545.4500122070312,802.27001953125,764.030029296875,378.8999938964844,368.8800048828125,447.2799987792969,635.6199951171875,710.4199829101562,832.3200073242188,-13894.8896484375,0,-0.1504881096103266,0.0049023729291656,1.2895272047019577,0.7024580786530448,0.4732640088422806,0.0735926183584808,0.5264579301261874
1762592179.0308535,545.4500122070312,802.27001953125,764.030029296875,378.8999938964844,368.8800048828125,447.2799987792969,635.6199951171875,710.4199829101562,832.3200073242188,-13894.8896484375,1,-0.1673016656648335,-0.0209553592266326,1.4467749102034768,-0.4558577330977889,-0.6896348889327955,-0.5625547453469212,0.0113844468138145
1762592180.1010084,545.4500122070312,802.27001953125,764.030029296875,378.8999938964844,368.8800048828125,447.2799987792969,635.6199951171875,710.4199829101562,832.3200073242188,-13894.8896484375,1,-0.1552265372131746,-0.019134512448494,1.3381998390469565,-0.43382533891571,-0.6923230223746615,-0.5747972269634837,0.0457444628318324
1762592180.3691175,545.5399780273438,802.27001953125,764.030029296875,378.8999938964844,368.8800048828125,447.2799987792969,635.6199951171875,710.4199829101562,832.3200073242188,-13894.8896484375,1,-0.1526258303382094,-0.0181293936498881,1.3178362549017166,-0.4251881385884313,-0.6935877899874495,-0.5804612694162182,0.034867450318933
1762592181.6996756,545.4500122070312,802.27001953125,770.5399780273438,378.8999938964844,373.5400085449219,447.2799987792969,646.1699829101562,714.9000244140625,829.9500122070312,-13894.8896484375,1,-0.1597946173550388,-0.016544086793612,1.362770913224397,-0.4366453901694958,-0.6922224915030792,-0.5732183809563113,0.0398686999389646
1762592181.9858966,545.4500122070312,802.27001953125,770.5399780273438,378.8999938964844,373.5400085449219,447.2799987792969,646.260009765625,714.9000244140625,829.9500122070312,-13894.8896484375,1,-0.1600548773348271,-0.016595367688397,1.36709056200795,-0.4444822376751386,-0.6927649398320186,-0.5658879043608491,0.0477824050140608
1762592183.3986576,545.4500122070312,802.27001953125,770.5399780273438,378.8999938964844,373.5400085449219,447.2799987792969,646.260009765625,714.9000244140625,829.9500122070312,-13894.8896484375,1,-0.1534391907186522,-0.0160697508726909,1.3045837034309324,-0.417181618445743,-0.6981416081839558,-0.5811356611247546,0.0289678359979624
1762592184.2836246,545.4500122070312,802.27001953125,770.5399780273438,378.8999938964844,373.5400085449219,447.2799987792969,646.260009765625,714.9000244140625,829.9500122070312,-13894.8896484375,0,-0.1518161070857238,0.0080665547545258,1.2753478440601542,0.6971680537132611,0.4636491026627759,0.1111779238408577,0.5353743398147717
1762592184.5511336,545.5399780273438,802.27001953125,770.5399780273438,378.8999938964844,373.5400085449219,447.2799987792969,646.260009765625,714.9000244140625,829.9500122070312,-13894.8896484375,0,-0.1502815903884371,0.0081878707242322,1.2586596565988046,0.6901816748627498,0.4656398623811365,0.11572942069857,0.5416968482741054
1762592187.1658683,545.5399780273438,802.27001953125,770.5399780273438,378.8999938964844,373.5400085449219,447.2799987792969,646.260009765625,714.9000244140625,829.9500122070312,-13894.8896484375,0,-0.1762888564021377,0.0096943032188018,1.4733636841989517,-0.7146348479478216,-0.5297198568149679,0.0065329103011044,0.4567835685283805
1762592193.8587818,545.5399780273438,802.27001953125,770.5399780273438,378.8999938964844,373.5400085449219,447.2799987792969,646.3499755859375,714.9000244140625,829.9500122070312,-13894.8896484375,0,-0.1699693563666876,0.0095227146058979,1.4234191328159884,0.7096874600937975,0.4520598302116613,0.1027948721795967,0.5304892394273413
1762592195.4966066,545.5399780273438,802.27001953125,770.5399780273438,378.8999938964844,373.5400085449219,447.2799987792969,646.260009765625,714.9000244140625,830.3900146484375,-13894.8896484375,0,-0.1550262188648661,0.0085782371434617,1.301497902823828,-0.713745692013138,-0.5210371966075512,-0.0073816961711295,0.4680094416202178
1762592195.6658468,545.5399780273438,802.3499755859375,770.5399780273438,378.8999938964844,373.5400085449219,447.2799987792969,646.3499755859375,714.9000244140625,838.6500244140625,-13894.8896484375,1,-0.1476785394721663,-0.0241453866317754,1.309726738391419,-0.4084497623638143,-0.7069483852567559,-0.5767943482793181,0.026477386593959
1762592195.737572,545.4500122070312,802.27001953125,770.5399780273438,378.8999938964844,373.5400085449219,447.2799987792969,646.260009765625,714.9000244140625,852.280029296875,-13894.8896484375,1,-0.1473828598130596,-0.0291243957453243,1.343567029463151,-0.4141069248134448,-0.71002238849439,-0.5692378287281377,0.0187605171343671
1762592196.2980084,545.5399780273438,802.27001953125,770.5399780273438,378.8999938964844,373.5400085449219,447.2799987792969,646.260009765625,714.9000244140625,878.989990234375,-13894.8896484375,1,-0.106391613067327,-0.0340203425324967,1.405984021167061,0.3834770779627754,0.7461782086122557,0.5436684225671663,0.0242499066527158
1762592196.3424428,545.4500122070312,802.3499755859375,770.5399780273438,378.8999938964844,373.5400085449219,447.2799987792969,646.3499755859375,714.9000244140625,892.6199951171875,-13894.8896484375,1,-0.0942642905190509,-0.0324804439950887,1.2854983358470675,0.3480101130195279,0.7594944365665685,0.5495054682926133,0.0100450175252118
1762592197.0511222,545.4500122070312,802.27001953125,770.5399780273438,378.8999938964844,373.5400085449219,447.2799987792969,646.260009765625,714.9000244140625,908.9600219726562,-13894.8896484375,1,-0.0746963785163081,-0.032092950865033,1.2793426629700069,0.3235456996161197,0.775711646860399,0.5413548858176536,0.0229021568066968
1762592197.141254,545.4500122070312,802.3499755859375,770.5399780273438,378.8999938964844,373.5400085449219,447.2799987792969,646.3499755859375,714.9000244140625,908.9600219726562,-13894.8896484375,1,-0.076222677404857,-0.034184215917575,1.297479595363355,0.3362361124429812,0.7697462490625024,0.541962854226719,0.0266880756493797
1762592198.6428633,545.5399780273438,802.27001953125,770.5399780273438,378.8999938964844,373.5400085449219,447.2799987792969,646.260009765625,714.9000244140625,908.9600219726562,-13894.8896484375,1,-0.0832696837935354,-0.0361697812974893,1.363162015854411,0.3436393878128784,0.7681604462375595,0.5361518230942319,0.0662021341984919
1762592199.9186244,545.5399780273438,802.27001953125,770.5399780273438,378.8999938964844,373.5400085449219,447.2799987792969,646.260009765625,714.9000244140625,908.9600219726562,-13894.8896484375,1,-0.0778550873797755,-0.0323522352851892,1.2896948334639282,0.3302716598167464,0.7764491600269611,0.5364572441425439,0.0161541890017709
1762592209.3687797,545.5399780273438,802.27001953125,770.5399780273438,378.9800109863281,373.5400085449219,530.5999755859375,725.1900024414062,714.9000244140625,840.6699829101562,-13894.8896484375,0,-0.0678564966405902,0.058434053159481,1.3332044530450726,-0.7176782085840244,-0.5302751485337552,0.1325754070917525,0.431474237012577
1762592209.464617,545.5399780273438,802.27001953125,770.5399780273438,378.9800109863281,373.5400085449219,530.5999755859375,725.1900024414062,714.9000244140625,840.6699829101562,-13894.8896484375,0,-0.0710350285397469,0.0562977981315998,1.2970793735940314,0.6723354371975893,0.5104265218283482,0.1693003209049387,0.5086916817130255
1762592209.671388,545.5399780273438,802.27001953125,770.5399780273438,378.9800109863281,373.5400085449219,530.5999755859375,725.1900024414062,714.9000244140625,826.6099853515625,-13894.8896484375,0,-0.0732438135485317,0.0516695359040237,1.3597046327315123,0.7077922820176001,0.5052181876165902,0.1277445611957331,0.476933952977386
1762592210.0006902,545.5399780273438,802.3499755859375,770.5399780273438,378.9800109863281,373.5400085449219,530.5999755859375,725.1900024414062,714.9000244140625,816.77001953125,-13894.8896484375,0,-0.0735760382501164,0.0496202336643949,1.384384735822921,0.707960077334308,0.5163226178283572,0.1339145631877169,0.4628934790920218
1762592210.0841937,545.5399780273438,802.3499755859375,770.5399780273438,378.9800109863281,373.5400085449219,530.5999755859375,725.1900024414062,714.9000244140625,816.77001953125,-13894.8896484375,0,-0.0727482398373332,0.0484989541532311,1.357333992352158,-0.7318889226890648,-0.5176174910873257,0.1349502384049457,0.4221364363804088
1762592210.3974826,545.5399780273438,802.3499755859375,770.5399780273438,378.9800109863281,373.5400085449219,530.5999755859375,725.1900024414062,714.9000244140625,816.77001953125,-13894.8896484375,0,-0.0734385144077056,0.0493602659921611,1.3771218377486325,0.7063964418645345,0.507945323718795,0.1397530356031189,0.4727205348544183
1762592210.451373,545.5399780273438,802.3499755859375,770.5399780273438,378.9800109863281,373.5400085449219,530.5999755859375,725.1900024414062,714.9000244140625,816.77001953125,-13894.8896484375,0,-0.0728003362006836,0.0484558748845662,1.3629153753470744,-0.740337844618183,-0.5134409566244602,0.1187427394757245,0.4173468841485014
1762592211.3367257,545.5399780273438,802.3499755859375,770.5399780273438,378.9800109863281,373.5400085449219,530.510009765625,725.0999755859375,729.22998046875,816.77001953125,-13894.8896484375,0,-0.0736515507739714,0.0495860491404136,1.390486335743959,0.7174699375359437,0.5115436339067359,0.1170525914089793,0.4581033619022056
1762592211.4686134,545.5399780273438,802.3499755859375,770.5399780273438,378.9800109863281,373.5400085449219,530.510009765625,725.0999755859375,729.22998046875,816.77001953125,-13894.8896484375,0,-0.068467088773153,0.0420040852874333,1.3218617740014962,-0.7338358690624368,-0.513982203199876,0.111130585286936,0.4300665123965856
1762592211.58255,545.5399780273438,802.27001953125,770.5399780273438,378.9800109863281,373.5400085449219,530.510009765625,725.0999755859375,741.0900268554688,816.77001953125,-13894.8896484375,0,-0.068900142870787,0.0404345940044576,1.3489726198376062,-0.7330371556731556,-0.5235270856808164,0.1173959515741256,0.4180838546454124
1762592211.627254,545.5399780273438,802.27001953125,770.5399780273438,378.9800109863281,373.5400085449219,530.510009765625,725.0999755859375,741.0900268554688,816.77001953125,-13894.8896484375,0,-0.0657564690467983,0.0383153565142763,1.3129876750906455,0.7014017807601763,0.5172496341465217,0.1434327787127584,0.4689513790495553
1762592211.6707566,545.5399780273438,802.27001953125,770.5399780273438,378.9800109863281,373.5400085449219,530.510009765625,725.0999755859375,741.0900268554688,816.77001953125,-13894.8896484375,0,-0.0668399520096018,0.0387712360790462,1.3417319350223182,-0.7444058600801461,-0.5177831386760282,0.1107844215607322,0.4068013627319762
1762592211.74739,545.5399780273438,802.27001953125,770.5399780273438,378.9800109863281,373.5400085449219,530.510009765625,725.0999755859375,754.4500122070312,816.77001953125,-13894.8896484375,0,-0.0684292944191969,0.038691876214176,1.422388782671331,0.7282368472311044,0.5182732511379622,0.1036571859618731,0.4362557957073504
1762592211.7849972,545.5399780273438,802.27001953125,770.5399780273438,378.9800109863281,373.5400085449219,530.510009765625,725.0999755859375,754.4500122070312,816.77001953125,-13894.8896484375,0,-0.0668294152672197,0.0368233628699466,1.386681500852243,-0.7403345574072817,-0.5364871264479467,0.0989532904324447,0.3928034528575091
1762592211.8462777,545.5399780273438,802.27001953125,770.5399780273438,378.9800109863281,373.5400085449219,530.510009765625,725.0999755859375,754.4500122070312,816.77001953125,-13894.8896484375,0,-0.0663976072007503,0.0361005434858134,1.4012431751302763,0.7357043052632932,0.5173379486974544,0.1278892034592865,0.4180250873968143
1762592212.4493828,545.5399780273438,802.27001953125,770.5399780273438,378.9800109863281,373.5400085449219,530.510009765625,725.0999755859375,793.47998046875,816.77001953125,-13894.8896484375,0,-0.0461198364744395,0.0252333233964639,1.3945151338054875,-0.744204119819994,-0.548610577405391,0.101793829632556,0.36718480176964
1762592212.481964,545.5399780273438,802.27001953125,770.5399780273438,378.9800109863281,373.5400085449219,530.510009765625,725.0999755859375,793.47998046875,816.77001953125,-13894.8896484375,0,-0.0441576666934329,0.0233189723452504,1.376443227358242,0.7355822537218699,0.5352873002049457,0.1031901503062722,0.4021666907247837
1762592212.7366776,545.5399780273438,802.27001953125,770.5399780273438,378.9800109863281,373.5400085449219,530.510009765625,725.0999755859375,796.030029296875,816.77001953125,-13894.8896484375,0,-0.0486964118299455,0.023639802749667,1.3892571392547983,-0.7560432302921583,-0.5434738402600064,0.0931996481988402,0.3526310316152736
1762592212.802987,545.5399780273438,802.27001953125,770.5399780273438,378.9800109863281,373.5400085449219,530.510009765625,725.0999755859375,796.030029296875,816.77001953125,-13894.8896484375,0,-0.0500323097889154,0.0240337712770912,1.3745423126264604,0.7353751891886565,0.5283276176073002,0.137496872049236,0.401482091475844
1762592212.867791,545.5399780273438,802.27001953125,770.5399780273438,378.9800109863281,373.5400085449219,530.510009765625,725.0999755859375,796.030029296875,816.77001953125,-13894.8896484375,0,-0.0509911711790548,0.0261284536235734,1.4076480913776823,0.7438837815099224,0.5409451172669014,0.0895507797547114,0.3820941736757045
1762592212.9072645,545.5399780273438,802.27001953125,770.5399780273438,378.9800109863281,373.5400085449219,530.510009765625,725.0999755859375,796.030029296875,816.77001953125,-13894.8896484375,0,-0.052784103479913,0.0273648917759559,1.468484890430246,-0.7561207631390814,-0.5622740732835055,0.0543297451329777,0.3304202428074494
1762592213.1998546,545.5399780273438,802.27001953125,770.5399780273438,378.9800109863281,373.5400085449219,530.510009765625,725.0999755859375,796.030029296875,816.77001953125,-13894.8896484375,0,-0.0500644343517941,0.0250768320953893,1.3996080695567914,-0.7525446915080831,-0.5447714656139927,0.0805924346685439,0.3611168744464637
1762592213.3535545,545.5399780273438,802.27001953125,770.5399780273438,378.9800109863281,373.5400085449219,530.510009765625,725.0999755859375,796.030029296875,816.77001953125,-13894.8896484375,0,-0.0483338687194281,0.0242910046705267,1.3615178866769382,0.7293806000949105,0.5442874251082696,0.1037058286826516,0.4012483522351749
1762592213.4457078,545.5399780273438,802.27001953125,770.5399780273438,378.9800109863281,373.5400085449219,530.510009765625,725.0999755859375,796.030029296875,816.77001953125,-13894.8896484375,0,-0.0501613518146993,0.0251184307504915,1.4165134102968997,-0.7561042824006586,-0.55370650145185,0.1007066751079725,0.3340263312585326
1762592213.8365605,545.5399780273438,816.4199829101562,770.5399780273438,378.9800109863281,373.5400085449219,530.4199829101562,725.0999755859375,795.8499755859375,816.77001953125,-13894.8896484375,0,-0.055158205512476,0.0302530616290332,1.394523495575351,-0.7451445506581674,-0.5495840514297733,0.1004528870626936,0.3641787837302496
1762592213.9395788,545.5399780273438,829.5999755859375,770.5399780273438,378.9800109863281,373.5400085449219,530.4199829101562,725.0999755859375,795.8499755859375,816.77001953125,-13894.8896484375,0,-0.0550236035728509,0.0285318281473709,1.3601460856520766,-0.7447944995447453,-0.5321602761737111,0.1012041478362859,0.389672060034259
1762592214.1317866,545.5399780273438,842.9600219726562,770.5399780273438,378.9800109863281,373.5400085449219,530.4199829101562,725.0999755859375,795.760009765625,816.77001953125,-13894.8896484375,0,-0.0546038114069646,0.0273105688239369,1.341048553759126,0.7086686770837188,0.5437641173548151,0.147353668290975,0.4247307232105349
1762592214.1957464,545.5399780273438,842.9600219726562,770.5399780273438,378.9800109863281,373.5400085449219,530.4199829101562,725.0999755859375,795.760009765625,816.77001953125,-13894.8896484375,0,-0.0555983109070774,0.0290177074830305,1.353396662785962,0.7269646618192456,0.5354874090440059,0.1119931674103997,0.4150098139499276
1762592214.3309543,545.5399780273438,855.969970703125,770.5399780273438,378.9800109863281,373.5400085449219,530.4199829101562,725.0999755859375,795.8499755859375,816.77001953125,-13894.8896484375,0,-0.0587722095295322,0.0300247602718789,1.4119926700535177,0.7358106355058912,0.5529830954587137,0.1047082460573791,0.3766013648686139
1762592214.6146536,545.5399780273438,869.239990234375,770.5399780273438,378.9800109863281,373.5400085449219,530.4199829101562,725.0999755859375,795.8499755859375,816.77001953125,-13894.8896484375,0,-0.0612079401133414,0.0280311181971024,1.3837597258730543,-0.747031959374466,-0.5557491942328653,0.0775234420726831,0.3564774897688081
1762592214.7227595,545.5399780273438,882.6900024414062,770.5399780273438,378.9800109863281,373.5400085449219,530.4199829101562,725.0999755859375,795.760009765625,816.77001953125,-13894.8896484375,0,-0.0630190870666181,0.0264522777601247,1.3717310424031066,0.7252955602590311,0.5371574040185368,0.127353031892419,0.4113264869229955
1762592214.887586,545.5399780273438,882.6900024414062,770.5399780273438,378.9800109863281,373.5400085449219,530.4199829101562,725.0999755859375,795.760009765625,816.77001953125,-13894.8896484375,0,-0.0654282230904942,0.0249584071827382,1.3524109888391598,-0.7405437521497741,-0.544113179679217,0.1208762224327028,0.3753994375351484
1762592214.9230433,545.5399780273438,888.3099975585938,770.5399780273438,378.9800109863281,373.5400085449219,530.4199829101562,725.0999755859375,795.760009765625,816.77001953125,-13894.8896484375,0,-0.0648603299359668,0.0246539455145108,1.335709473746648,-0.741952702787952,-0.5420582969831085,0.1076004215107686,0.3796065578834618
1762592215.2386937,545.5399780273438,888.489990234375,770.5399780273438,378.9800109863281,373.5400085449219,530.4199829101562,725.0999755859375,795.760009765625,816.77001953125,-13894.8896484375,0,-0.0683240443883719,0.0253685250983302,1.401973553761006,-0.7457779965886172,-0.5591989754018825,0.0891567829326464,0.3509455139631428
1762592215.5712576,545.5399780273438,892.969970703125,770.5399780273438,378.9800109863281,373.5400085449219,530.3300170898438,725.0999755859375,795.5,816.77001953125,-13894.8896484375,0,-0.0635870494869092,0.0223916105655866,1.3074370413954146,0.704597326414338,0.5419597743917777,0.1666129112951714,0.4266876472792805
1762592215.6394222,545.5399780273438,892.969970703125,770.5399780273438,378.9800109863281,373.5400085449219,530.3300170898438,725.0999755859375,795.5,816.77001953125,-13894.8896484375,0,-0.066969791792413,0.0242944111055083,1.3616713930457585,0.7285480143121098,0.5415579993774489,0.109011543643086,0.4050298847057197
1762592215.7399626,545.5399780273438,906.239990234375,770.5399780273438,378.9800109863281,373.5400085449219,530.3300170898438,725.0999755859375,795.4099731445312,816.77001953125,-13894.8896484375,0,-0.0719442735363031,0.0243885364150542,1.4036664300751482,-0.7459151948993991,-0.5598215129882536,0.0884971747608747,0.3498265937190559
1762592215.8082397,545.5399780273438,906.239990234375,770.5399780273438,378.9800109863281,373.5400085449219,530.3300170898438,725.0999755859375,795.4099731445312,816.77001953125,-13894.8896484375,0,-0.0723834442710709,0.0234428725733475,1.3926150243845696,-0.7495280558347998,-0.5583690587066299,0.101437657461703,0.3407962579669262
1762592215.8556354,545.5399780273438,906.239990234375,770.5399780273438,378.9800109863281,373.5400085449219,530.3300170898438,725.0999755859375,795.4099731445312,816.77001953125,-13894.8896484375,0,-0.0714667373155668,0.0220266218558139,1.3515303249964854,-0.743644482000044,-0.5580141826764521,0.0928362092717721,0.3563628692370531
1762592216.2094789,545.5399780273438,933.219970703125,770.5399780273438,378.9800109863281,373.5400085449219,530.3300170898438,725.0999755859375,795.4099731445312,816.77001953125,-13894.8896484375,0,-0.0750870648073628,0.0187371946272984,1.3151055083588297,0.7060633909099518,0.547995791835582,0.1665260130379694,0.4164663097165388
1762592216.3089154,545.5399780273438,933.219970703125,770.5399780273438,378.9800109863281,373.5400085449219,530.3300170898438,725.0999755859375,795.4099731445312,816.77001953125,-13894.8896484375,0,-0.081747182839134,0.0197699661108006,1.3878066321435358,0.7283671744589684,0.5506287529632083,0.1200984621761048,0.3896993648490793
1762592216.5449324,545.5399780273438,960.2100219726562,770.5399780273438,378.9800109863281,373.5400085449219,530.3300170898438,725.0999755859375,795.4099731445312,816.77001953125,-13894.8896484375,0,-0.0830458100383449,0.017802300269586,1.352095711311012,0.7241560425193129,0.5503756370386471,0.1405748542795526,0.3910542092617764
1762592216.6568415,545.5399780273438,960.2100219726562,770.5399780273438,378.9800109863281,373.5400085449219,530.3300170898438,725.0999755859375,795.4099731445312,816.77001953125,-13894.8896484375,0,-0.0839730792172495,0.0173125103507081,1.3260712924932374,-0.7376410747132544,-0.5548791906192494,0.1253063101854548,0.3637211257836263
1762592216.7031095,545.5399780273438,960.2100219726562,770.5399780273438,378.9800109863281,373.5400085449219,530.3300170898438,725.0999755859375,795.4099731445312,816.77001953125,-13894.8896484375,0,-0.0855711121501748,0.0166569068228274,1.3383004231718536,0.7210104727973957,0.5335443762775491,0.1534176809862225,0.4146532428667197
1762592216.8146226,545.5399780273438,972.0700073242188,770.5399780273438,378.9800109863281,373.5400085449219,530.3300170898438,725.0999755859375,795.4099731445312,816.77001953125,-13894.8896484375,0,-0.0891470423574092,0.017475757967916,1.3765773698810289,-0.7431904811791831,-0.5700985834838945,0.0951177750752285,0.3370580404901353
1762592217.2394316,545.5399780273438,972.77001953125,771.1500244140625,378.9800109863281,373.5400085449219,530.1599731445312,725.0999755859375,795.22998046875,816.77001953125,-13894.8896484375,0,-0.0884234541363471,0.0171317936949063,1.3691549800508855,-0.7347430679482538,-0.5739784226656838,0.1157903969173989,0.3424820847838796
1762592217.2895725,545.5399780273438,972.77001953125,771.1500244140625,378.9800109863281,373.5400085449219,530.1599731445312,725.0999755859375,795.22998046875,816.77001953125,-13894.8896484375,0,-0.0867575320548138,0.0155394784529303,1.3455222728373866,0.71430387619214,0.5530891836183466,0.1603955796564442,0.3976626528201362
1762592217.6172202,545.5399780273438,972.6900024414062,795.1500244140625,378.9800109863281,373.5400085449219,530.1599731445312,725.0999755859375,795.1500244140625,816.77001953125,-13894.8896484375,0,-0.0883697360290924,0.0154285041224337,1.3154681225543028,0.7055066916150912,0.5456723034611309,0.1708932046739079,0.4186855119514333
1762592217.716809,545.5399780273438,972.6900024414062,807.1900024414062,378.9800109863281,373.5400085449219,530.1599731445312,725.0999755859375,795.1500244140625,816.77001953125,-13894.8896484375,0,-0.092263559860644,0.0165361046452681,1.360381948678929,-0.737223160705181,-0.5797397649222572,0.0933382544334001,0.334203211455358
1762592217.7671256,545.5399780273438,972.6900024414062,807.1900024414062,378.9800109863281,373.5400085449219,530.1599731445312,725.0999755859375,795.1500244140625,816.77001953125,-13894.8896484375,0,-0.0911594723827814,0.0160932652005986,1.3440398652833248,-0.7277472441835968,-0.5760805466273775,0.1189859426723469,0.352643584695731
1762592217.81437,545.5399780273438,972.6900024414062,807.1900024414062,378.9800109863281,373.5400085449219,530.1599731445312,725.0999755859375,795.1500244140625,816.77001953125,-13894.8896484375,0,-0.093741043897027,0.01734723894996,1.3859153397446178,-0.7390820137903568,-0.5721895215202275,0.0801298714321116,0.3463179638111733
1762592218.0565612,545.5399780273438,972.6900024414062,819.760009765625,378.9800109863281,373.5400085449219,530.1599731445312,725.0999755859375,795.1500244140625,816.77001953125,-13894.8896484375,0,-0.0936143545504022,0.0164741484906974,1.3551284483575283,-0.7278191140306456,-0.590588540081964,0.0803772332651501,0.3391519039429677
1762592218.3405056,545.5399780273438,972.6900024414062,846.6500244140625,378.9800109863281,373.5400085449219,530.1599731445312,725.0999755859375,795.1500244140625,816.77001953125,-13894.8896484375,0,-0.0937070204814647,0.012909040076578,1.300800490263903,0.6934461103851178,0.5770094674533809,0.1233352265236768,0.41349847443403
1762592218.5417314,545.5399780273438,972.6900024414062,855.4400024414062,378.9800109863281,373.5400085449219,530.1599731445312,725.0999755859375,795.1500244140625,816.77001953125,-13894.8896484375,0,-0.1035472889998877,0.0103527538486415,1.3511021117086033,-0.7240787100251196,-0.5976095700821654,0.0421491997580154,0.3417546903764852
1762592218.808922,545.5399780273438,972.6900024414062,855.7000122070312,378.9800109863281,373.5400085449219,530.1599731445312,725.0999755859375,795.1500244140625,816.77001953125,-13894.8896484375,0,-0.111317232375451,0.0063283270619169,1.3750161193811443,-0.7302512964766877,-0.5969186378489078,0.0315989539588621,0.33079100636418
1762592218.846624,545.5399780273438,972.6900024414062,855.7000122070312,378.9800109863281,373.5400085449219,530.1599731445312,725.0999755859375,795.1500244140625,816.77001953125,-13894.8896484375,0,-0.110268028771757,0.0057449846921413,1.3530409093704847,-0.7299548531710358,-0.5934862909507845,0.0175813847283281,0.338571749702433
1762592218.97572,545.5399780273438,972.6900024414062,855.7000122070312,378.9800109863281,373.5400085449219,530.1599731445312,725.0999755859375,795.1500244140625,816.77001953125,-13894.8896484375,0,-0.1086094901750702,0.0054189563015303,1.3326468166041148,-0.7240447991687087,-0.5953968477591562,0.0269880031707796,0.3471791614715069
1762592219.2734718,545.5399780273438,972.6900024414062,856.0499877929688,378.9800109863281,373.5400085449219,530.1599731445312,725.0999755859375,795.1500244140625,816.77001953125,-13894.8896484375,0,-0.1121591020509016,0.0045015636439074,1.3464323766082444,-0.7230727751780621,-0.5921298825244536,0.0473078855934896,0.3525761307555373
1762592219.543097,545.5399780273438,972.6900024414062,881.0999755859375,378.9800109863281,373.5400085449219,530.0700073242188,725.0999755859375,795.1500244140625,816.77001953125,-13894.8896484375,0,-0.1223603175958847,-0.0015157277641997,1.320572247365284,-0.7176585769383408,-0.601077478097254,-0.0107242001350711,0.3515067905496904
1762592219.6060936,545.5399780273438,972.6900024414062,881.0999755859375,378.9800109863281,373.5400085449219,530.0700073242188,725.0999755859375,795.1500244140625,816.77001953125,-13894.8896484375,0,-0.1295440650601198,-0.0027973018362458,1.3636904782195964,-0.7236085414081753,-0.6032862771491354,-0.0101355615862629,0.3351620757126329
1762592219.6435902,545.5399780273438,972.6900024414062,881.0999755859375,378.9800109863281,373.5400085449219,530.0700073242188,725.0999755859375,795.1500244140625,816.77001953125,-13894.8896484375,0,-0.1266645041578283,-0.0038863908062848,1.318341679379175,-0.7177061953147278,-0.5955076254396822,-0.0023949819100853,0.3609193113587848
1762592219.688306,545.5399780273438,972.6900024414062,881.0999755859375,378.9800109863281,373.5400085449219,530.0700073242188,725.0999755859375,795.1500244140625,816.77001953125,-13894.8896484375,0,-0.1311049852719865,-0.0046806091177643,1.3419848253290938,-0.7229826543031305,-0.5999794279012588,-0.0230011310138601,0.3417480294663916
1762592219.7312386,545.5399780273438,972.6900024414062,894.5499877929688,378.9800109863281,373.5400085449219,530.0700073242188,725.0999755859375,795.1500244140625,816.77001953125,-13894.8896484375,0,-0.1305788837340855,-0.0057998058994644,1.3219460265977752,-0.7174658957518939,-0.6023341455474245,-0.0130195744944154,0.3496666358412981
1762592220.1067011,545.5399780273438,972.6900024414062,907.8200073242188,378.9800109863281,373.5400085449219,530.0700073242188,725.0999755859375,795.1500244140625,816.77001953125,-13894.8896484375,0,-0.1533899712466874,-0.0187424654855427,1.271366179333709,0.7031588547414896,0.5659739559420258,0.0594930622129033,0.4262648023734803
1762592220.1501951,545.5399780273438,972.6900024414062,921.6199951171876,378.9800109863281,373.5400085449219,530.0700073242188,725.0999755859375,795.1500244140625,816.77001953125,-13894.8896484375,0,-0.1657789466846572,-0.0202668615019832,1.3509767288163046,-0.7051442535277217,-0.6218604653528471,-0.0887242291069502,0.328921198035867
1762592220.23828,545.5399780273438,972.6900024414062,921.6199951171876,378.9800109863281,373.5400085449219,530.0700073242188,725.0999755859375,795.1500244140625,816.77001953125,-13894.8896484375,0,-0.1666155104017789,-0.0214133706966025,1.3172369655693394,-0.7076283865815274,-0.6050940108176264,-0.1081604919109953,0.348460345758645
1762592220.3565657,545.5399780273438,972.6900024414062,935.3300170898438,378.9800109863281,373.5400085449219,530.0700073242188,725.0999755859375,795.1500244140625,816.77001953125,-13894.8896484375,0,-0.1697270282853528,-0.0254085571306575,1.2500780700160803,0.711136562106614,0.5524550709596437,0.0392128249435069,0.4330595097282944
1762592220.3937366,545.5399780273438,972.6900024414062,935.3300170898438,378.9800109863281,373.5400085449219,530.0700073242188,725.0999755859375,795.1500244140625,816.77001953125,-13894.8896484375,0,-0.1789634987247626,-0.028384001294681,1.2725198206539077,0.7062261353903955,0.5680906906906759,0.0209706431041316,0.421992707247337
1762592220.4440143,545.5399780273438,972.6900024414062,935.3300170898438,378.9800109863281,373.5400085449219,530.0700073242188,725.0999755859375,795.1500244140625,816.77001953125,-13894.8896484375,0,-0.1809183987995276,-0.0297111570728059,1.251199793772927,0.7066673236794385,0.5557908923295779,0.0246886362126826,0.4371592946389098
1762592220.5762062,545.5399780273438,972.6900024414062,938.5800170898438,378.9800109863281,373.5400085449219,530.0700073242188,725.0999755859375,795.1500244140625,816.77001953125,-13894.8896484375,0,-0.1941906006401051,-0.0318557280676231,1.3081601373421488,-0.7054753160300433,-0.6055047278468128,-0.1488290058573127,0.3369251104370105
1762592220.9913504,545.5399780273438,972.6900024414062,938.760009765625,378.9800109863281,373.5400085449219,530.0700073242188,725.0999755859375,795.1500244140625,816.77001953125,-13894.8896484375,0,-0.1863233585107954,-0.0315513484468485,1.252699529411076,0.7075770887030304,0.5620476803992887,0.0168417397126666,0.4279642792380851
1762592220.9913504,545.5399780273438,972.6900024414062,938.760009765625,378.9800109863281,373.5400085449219,530.0700073242188,725.0999755859375,795.1500244140625,816.77001953125,-13894.8896484375,1,-0.2087969293382644,-0.0608053908960175,1.405236917917692,-0.5035307443001533,-0.6740515055785451,-0.5254743867113563,0.1264437672728648
1762592221.064607,545.5399780273438,972.6900024414062,938.760009765625,378.9800109863281,373.5400085449219,530.0700073242188,725.0999755859375,795.1500244140625,816.77001953125,-13894.8896484375,0,-0.1879987502587612,-0.0312539164854176,1.264864822292834,-0.6876586428013349,-0.6209284518704021,-0.1304148183633696,0.3529382719254194
1762592221.2147667,545.5399780273438,972.6900024414062,938.760009765625,378.9800109863281,373.5400085449219,530.0700073242188,725.0999755859375,795.1500244140625,816.77001953125,-13894.8896484375,0,-0.1948810676447203,-0.0319311001872178,1.3112053038206228,-0.7078209340738013,-0.6011194141696106,-0.1371232618688856,0.3447349507225992
1762592221.3346906,545.5399780273438,972.6900024414062,938.6699829101562,378.9800109863281,373.5400085449219,530.0700073242188,725.0999755859375,795.1500244140625,816.77001953125,-13894.8896484375,1,-0.1968718017594581,-0.0566815864136412,1.3265973199281365,-0.4669125592978813,-0.6896658529423689,-0.5380446045620085,0.1298525192550738
1762592221.543826,545.5399780273438,972.6900024414062,938.760009765625,378.9800109863281,373.5400085449219,530.0700073242188,725.0999755859375,795.1500244140625,816.77001953125,-13894.8896484375,1,-0.2103531739660145,-0.0609297788458785,1.4139997481445712,-0.5013901122431662,-0.6842049230196232,-0.5179328702244314,0.1105310843228246
1762592222.2308471,545.5399780273438,972.6900024414062,938.5,378.9800109863281,373.5400085449219,530.0700073242188,725.1900024414062,795.1500244140625,826.6099853515625,-13894.8896484375,1,-0.1989021577394979,-0.0590529631507553,1.337031172905482,-0.4670793950805471,-0.6895309569486504,-0.5379606280933246,0.1303160033230933
1762592222.374004,545.5399780273438,972.6900024414062,938.5,378.9800109863281,373.5400085449219,529.97998046875,725.1900024414062,795.22998046875,837.3300170898438,-13894.8896484375,0,-0.1997652879906233,-0.0355422325343363,1.334879578728737,0.7288033145610355,0.5586465792099563,-0.0207595048387652,0.3953843335043913
1762592222.4240282,545.5399780273438,972.6900024414062,938.5,378.9800109863281,373.5400085449219,529.97998046875,725.1900024414062,795.22998046875,837.3300170898438,-13894.8896484375,0,-0.189102653921045,-0.0345570095824306,1.2472284716959896,0.7196355796625825,0.5508728189184862,0.0196684342959451,0.4222285193504174
1762592222.5788178,545.5399780273438,972.6900024414062,938.5,378.9800109863281,373.5400085449219,529.97998046875,725.1900024414062,795.22998046875,849.4600219726562,-13894.8896484375,0,-0.2079490084382107,-0.036581679727783,1.3087864490136716,-0.7040586251049238,-0.6069463902914949,-0.1527255697199934,0.335547957945198
1762592222.9121315,545.5399780273438,972.6900024414062,938.5,378.9800109863281,373.5400085449219,529.97998046875,725.1900024414062,795.22998046875,862.2899780273438,-13894.8896484375,0,-0.1746939468424707,-0.040761246725945,1.2517925052432224,0.703472907219729,0.542978363741628,0.0350378121789173,0.4572447014826981
1762592222.9521573,545.5399780273438,972.6900024414062,938.5,378.9800109863281,373.5400085449219,529.97998046875,725.0999755859375,795.22998046875,876.0900268554688,-13894.8896484375,0,-0.169103359845424,-0.0395006651842505,1.240572432615617,0.6918579859545628,0.5579654121813209,0.0506098251849,0.4554621517480662
1762592222.990664,545.5399780273438,972.6900024414062,938.5,378.9800109863281,373.5400085449219,529.97998046875,725.0999755859375,795.22998046875,876.0900268554688,-13894.8896484375,0,-0.1672224655172818,-0.0392794814197005,1.2549292655433455,0.6973434977666974,0.5508032343511653,0.0494517882449893,0.4559411845733792
1762592222.990664,545.5399780273438,972.6900024414062,938.5,378.9800109863281,373.5400085449219,529.97998046875,725.0999755859375,795.22998046875,876.0900268554688,-13894.8896484375,1,-0.1723873344194695,-0.0644219713586494,1.309314303391436,-0.4401501631340259,-0.7129345224432955,-0.5314303529284511,0.1247957554886491
1762592223.1255376,545.5399780273438,972.6900024414062,938.5,378.9800109863281,373.5400085449219,529.97998046875,725.0999755859375,795.22998046875,889.6300048828125,-13894.8896484375,0,-0.1549461407367527,-0.0351850235681432,1.238110368551666,0.6840068273169941,0.558976220097152,0.0702470869301534,0.4634065087236774
1762592223.1752875,545.5399780273438,972.6900024414062,938.5,378.9800109863281,373.5400085449219,529.97998046875,725.0999755859375,795.22998046875,889.6300048828125,-13894.8896484375,1,-0.1591371877954749,-0.0608679431209997,1.308914866723607,-0.4313027741329135,-0.7203015569145742,-0.5333367651494383,0.1034189492869964
1762592223.2100725,545.5399780273438,972.6900024414062,938.5,378.9800109863281,373.5400085449219,529.97998046875,725.0999755859375,795.22998046875,889.6300048828125,-13894.8896484375,0,-0.1499373397383506,-0.0347511197890429,1.2226889000317962,0.6759302386322569,0.560903492003501,0.0354755179915845,0.4767043872087269
1762592223.2536812,545.5399780273438,972.6900024414062,938.5,378.9800109863281,373.5400085449219,529.97998046875,725.0999755859375,795.22998046875,889.6300048828125,-13894.8896484375,0,-0.1496658779498166,-0.036817911025788,1.2405144345330132,0.680599088032067,0.5669175549065353,0.0518937622990488,0.4611902045177933
1762592223.384584,545.5399780273438,972.6900024414062,938.5,378.9800109863281,373.5400085449219,529.97998046875,725.0999755859375,795.22998046875,895.0800170898438,-13894.8896484375,0,-0.1490810470808956,-0.0415281512959122,1.2412123454913326,0.6757884283143586,0.5593053187819269,0.0519912070148699,0.477267718300529
1762592223.5908585,545.5399780273438,972.6900024414062,938.5,378.9800109863281,373.5400085449219,529.97998046875,725.1900024414062,795.22998046875,895.0800170898438,-13894.8896484375,0,-0.1514002913927933,-0.0383073442441877,1.2238379934240329,0.6774761019914024,0.5617358693753738,0.0369336806787967,0.4734076969369474
1762592223.6290257,545.5399780273438,972.6900024414062,938.5,378.9800109863281,373.5400085449219,529.97998046875,725.1900024414062,795.22998046875,895.0800170898438,-13894.8896484375,1,-0.1663732383502174,-0.0678252212586324,1.3683961438281005,-0.4659781154679313,-0.7000428282026845,-0.523114546882891,0.1384037767781274
1762592223.7029912,545.5399780273438,972.6900024414062,938.5,378.9800109863281,373.5400085449219,529.97998046875,725.1900024414062,795.22998046875,895.0800170898438,-13894.8896484375,0,-0.1530653417535959,-0.037274622971837,1.2409175094335454,0.6804369991159915,0.5597534872019853,0.0614443994218531,0.4689414777762026
1762592223.8777812,545.5399780273438,972.6900024414062,938.5,378.9800109863281,373.5400085449219,529.97998046875,725.0999755859375,795.22998046875,895.0800170898438,-13894.8896484375,0,-0.1526212813536411,-0.0385632681087973,1.2612273108495446,0.6743294898145622,0.5640095787617417,0.0602866438657637,0.4727985351107147
1762592224.0840364,545.5399780273438,972.6900024414062,938.5,378.9800109863281,373.5400085449219,529.97998046875,725.0999755859375,795.22998046875,895.0800170898438,-13894.8896484375,0,-0.1583157663644555,-0.0382270339147935,1.2769917975269802,-0.6633639073420667,-0.6150145407837461,-0.0818378251974935,0.418339588644642
1762592225.34774,545.5399780273438,972.6900024414062,938.5,378.9800109863281,373.5400085449219,529.7999877929688,725.0999755859375,796.030029296875,895.0800170898438,-13894.8896484375,0,-0.1490027646282801,-0.0358009170761054,1.2062364996276522,0.6704865161986587,0.5553497066610735,0.0518914218572062,0.4892257303585769
1762592225.61761,545.5399780273438,972.6900024414062,938.5,378.9800109863281,373.5400085449219,529.7999877929688,725.1900024414062,804.3699951171875,894.2000122070312,-13894.8896484375,0,-0.1495176883681373,-0.0416851251609932,1.2392888516277574,0.6806300859215503,0.5531484931987273,0.0690798017908005,0.4753918505769157
1762592225.891616,545.5399780273438,972.6900024414062,938.5,378.9800109863281,373.5400085449219,529.7999877929688,725.1900024414062,816.1500244140625,894.2000122070312,-13894.8896484375,0,-0.1382850027572238,-0.0469430726763118,1.2425856961190225,0.6777554219393844,0.5686537862300527,0.0418907112395863,0.4642473777522433
1762592226.1459656,545.5399780273438,972.6900024414062,938.5,378.9800109863281,373.5400085449219,529.7999877929688,725.0999755859375,842.3400268554688,894.2899780273438,-13894.8896484375,0,-0.1302283446153631,-0.0533349081677066,1.2404406866149496,0.683385919236818,0.5633151598789384,0.0576774056874465,0.4607960860430359
1762592226.180798,545.5399780273438,972.6900024414062,938.5,378.9800109863281,373.5400085449219,529.7999877929688,725.0999755859375,842.3400268554688,894.2899780273438,-13894.8896484375,0,-0.1276147790192033,-0.0540417940729008,1.2260678109128291,0.6739801084638888,0.5715327627842439,0.049042594496248,0.4655061099322872
1762592226.4480364,545.5399780273438,972.6900024414062,938.5,378.9800109863281,373.5400085449219,529.7999877929688,725.1900024414062,855.1799926757812,894.2899780273438,-13894.8896484375,0,-0.1203569334500547,-0.0659353051963228,1.242273226214759,0.6863580115365914,0.5722723559781167,0.0493183793286058,0.446077042721537
1762592226.5595,545.5399780273438,972.6900024414062,938.5,378.9800109863281,373.5400085449219,529.7999877929688,725.1900024414062,868.27001953125,894.2899780273438,-13894.8896484375,0,-0.1126020312684349,-0.0662456743130894,1.2071105867601053,0.6772388460554131,0.5755202060723542,0.0317765613912199,0.4572901572766656
1762592226.6152458,545.5399780273438,972.6900024414062,938.5,378.9800109863281,373.5400085449219,529.7999877929688,725.1900024414062,868.27001953125,894.2899780273438,-13894.8896484375,0,-0.1122707725554414,-0.0694911447203039,1.2418854687907532,0.6870862164047942,0.5736936724579591,0.047660836230795,0.4433018679162381
1762592226.6862178,545.5399780273438,972.6900024414062,938.5,378.9800109863281,373.5400085449219,529.7999877929688,725.1900024414062,868.27001953125,894.2899780273438,-13894.8896484375,0,-0.1062832109547667,-0.0692549197969184,1.221891121110208,0.6884705231580589,0.5704493635209914,0.0382302296143303,0.4462446772171072
1762592226.7186267,545.5399780273438,972.6900024414062,938.5,378.9800109863281,373.5400085449219,529.7999877929688,725.1900024414062,875.0399780273438,894.2899780273438,-13894.8896484375,0,-0.1047400099077382,-0.0705001962973383,1.2244491211982171,0.6820289576098664,0.5821968628999907,0.0461177537197165,0.4401777670474241
1762592226.7616148,545.5399780273438,972.6900024414062,938.5,378.9800109863281,373.5400085449219,529.7999877929688,725.1900024414062,875.0399780273438,894.2899780273438,-13894.8896484375,0,-0.1090548469618916,-0.0733569653921993,1.2925926836696269,-0.6766663453410551,-0.6039600726947255,-0.0728778960333272,0.4147815086803141
1762592226.8016086,545.5399780273438,972.6900024414062,938.5,378.9800109863281,373.5400085449219,529.7999877929688,725.1900024414062,875.0399780273438,894.2899780273438,-13894.8896484375,0,-0.1040088553814122,-0.0715799332669873,1.2393441415131985,0.6875369970287109,0.5751289269707985,0.0456114020620076,0.4409525995842389
1762592226.8016086,545.5399780273438,972.6900024414062,938.5,378.9800109863281,373.5400085449219,529.7999877929688,725.1900024414062,875.0399780273438,894.2899780273438,-13894.8896484375,1,-0.1049294226563734,-0.0974827161147222,1.2884688718910446,-0.4275441043730302,-0.7063958162381464,-0.5453251926813419,0.1443309524813147
1762592226.935742,545.5399780273438,972.6900024414062,938.5,378.9800109863281,373.5400085449219,529.7999877929688,725.0999755859375,875.2100219726562,894.2899780273438,-13894.8896484375,0,-0.1105645990373822,-0.0704896937131701,1.2911865941662768,-0.6773579620309443,-0.5985500397383562,-0.0628916983073261,0.4230468951387286
1762592226.97654,545.5399780273438,972.6900024414062,938.5,378.9800109863281,373.5400085449219,529.7999877929688,725.0999755859375,875.2100219726562,894.2899780273438,-13894.8896484375,0,-0.1080666380054388,-0.0686264601744636,1.2423824872677114,0.6867882087784232,0.5807873680327599,0.0376231614605354,0.4354221941268257
1762592227.1299329,545.5399780273438,972.6900024414062,938.5,378.9800109863281,373.5400085449219,529.7999877929688,725.1900024414062,875.47998046875,894.2899780273438,-13894.8896484375,0,-0.1099192333067104,-0.0699451330521059,1.2380854722598549,0.6922586359531582,0.5678971719992809,0.064561727906967,0.440570727889585
1762592227.2558525,545.5399780273438,972.6900024414062,938.5,378.9800109863281,373.5400085449219,529.7999877929688,725.1900024414062,875.47998046875,894.2899780273438,-13894.8896484375,1,-0.1116353228062796,-0.1001046578898992,1.3045141281054509,-0.437571684692512,-0.7103114609210747,-0.5371019359323289,0.1245397914614837
1762592227.3416643,545.5399780273438,972.6900024414062,938.5,378.9800109863281,373.5400085449219,529.7999877929688,725.1900024414062,875.3900146484375,894.2899780273438,-13894.8896484375,0,-0.1098892793321165,-0.0722257221025125,1.2427610895355563,0.6874010668911849,0.580492824916423,0.0389218391245038,0.4347331870200136
1762592227.3416643,545.5399780273438,972.6900024414062,938.5,378.9800109863281,373.5400085449219,529.7999877929688,725.1900024414062,875.3900146484375,894.2899780273438,-13894.8896484375,1,-0.110401094603916,-0.0985312972573243,1.2900624960158107,-0.4321398447728177,-0.7049086934203028,-0.54144416112688,0.152305971261194
1762592227.4568782,545.5399780273438,972.6900024414062,938.5,378.9800109863281,373.5400085449219,529.7999877929688,725.1900024414062,875.3900146484375,894.2899780273438,-13894.8896484375,0,-0.1114844312297758,-0.0697253621077814,1.258205347363148,0.6932064455433166,0.5738479663916459,0.0386134735522028,0.4343642883405663
1762592227.9290185,545.5399780273438,972.6900024414062,938.5,378.9800109863281,373.5400085449219,529.7999877929688,725.1900024414062,875.47998046875,894.2899780273438,-13894.8896484375,0,-0.1074666701760481,-0.0677591673999326,1.2031810768149545,0.687509322100977,0.5644799079399222,0.0632448702740437,0.4524306045576617
1762592227.958444,545.5399780273438,972.6900024414062,938.5,378.9800109863281,373.5400085449219,529.7999877929688,725.1900024414062,875.47998046875,894.2899780273438,-13894.8896484375,0,-0.1111459402890466,-0.0701586353870742,1.2418176514025945,0.6927242029846779,0.5814792244848958,0.0481340637086575,0.4239082471509347
1762592228.0168865,545.5399780273438,972.6900024414062,938.5,378.9800109863281,373.5400085449219,529.7999877929688,725.1900024414062,875.47998046875,894.2899780273438,-13894.8896484375,0,-0.1172084779977741,-0.0737526581167647,1.316220948514724,-0.6767547222675706,-0.6150918893772855,-0.0758244153385072,0.3973860485087493
1762592228.081675,545.5399780273438,972.6900024414062,938.5,378.9800109863281,373.5400085449219,529.7999877929688,725.1900024414062,875.47998046875,894.2899780273438,-13894.8896484375,0,-0.1119651172875731,-0.0716363473010051,1.256002964929671,0.6970995982641417,0.5657744131692145,0.0562737985095885,0.4367891059817148
1762592228.1661649,545.5399780273438,972.6900024414062,938.5,378.9800109863281,373.5400085449219,529.7999877929688,725.1900024414062,875.47998046875,894.2000122070312,-13894.8896484375,0,-0.1123543004608779,-0.0711862890035439,1.274543528189127,-0.672517600009315,-0.6019716788601804,-0.0546804217624224,0.427036564012791
1762592228.2849922,545.5399780273438,972.6900024414062,938.5,378.9800109863281,373.5400085449219,529.7999877929688,725.1900024414062,875.47998046875,894.2000122070312,-13894.8896484375,1,-0.1203648241109069,-0.1037044781887168,1.4006179063217057,-0.4629002241923526,-0.7111486209603683,-0.5173246507212507,0.1112035390847427
1762592229.5433347,545.5399780273438,972.6900024414062,938.5,378.9800109863281,373.5400085449219,529.6300048828125,725.1900024414062,875.47998046875,891.2100219726562,-13894.8896484375,1,-0.1125830871670711,-0.0972946497812638,1.3046124148311573,-0.4375774288041282,-0.7109359471248544,-0.5364505141106977,0.1237615400567662
1762592229.6574495,545.5399780273438,972.6900024414062,938.5,378.9800109863281,373.5400085449219,529.6300048828125,725.1900024414062,875.47998046875,891.2100219726562,-13894.8896484375,0,-0.1116397490656609,-0.0673688193555825,1.2398591526859684,0.692446547069498,0.5749970053646807,0.056553238134957,0.4320855870422314
1762592229.6574495,545.5399780273438,972.6900024414062,938.5,378.9800109863281,373.5400085449219,529.6300048828125,725.1900024414062,875.47998046875,891.2100219726562,-13894.8896484375,1,-0.1213267759499496,-0.1005252755813681,1.3743768799556937,-0.456705010866559,-0.7041438749225866,-0.5301788341614739,0.1204671750542918
1762592229.7038212,545.5399780273438,972.6900024414062,938.5,378.9800109863281,373.5400085449219,529.6300048828125,725.1900024414062,875.47998046875,891.2100219726562,-13894.8896484375,1,-0.1136584488340756,-0.0919369866811778,1.2823056447900183,-0.4334019870108794,-0.7104034506337588,-0.5400238505438322,0.1259519584067002
1762592229.8212435,545.5399780273438,972.6900024414062,938.5,378.9800109863281,373.5400085449219,529.6300048828125,725.0999755859375,874.6900024414062,878.3800048828125,-13894.8896484375,0,-0.1192262489246699,-0.0593348440185613,1.2398330254411758,0.690091284112894,0.5727745052751962,0.0566288907991245,0.4387442927549396
1762592229.8925574,545.5399780273438,972.6900024414062,938.5,378.9800109863281,373.5400085449219,529.6300048828125,725.0999755859375,874.6900024414062,878.3800048828125,-13894.8896484375,0,-0.1227837526330759,-0.0581649407062565,1.2579537302537136,0.6951517002021814,0.5712088742175798,0.0483105102446493,0.433763334459015
1762592230.085666,545.5399780273438,972.6900024414062,938.5,378.9800109863281,373.5400085449219,529.6300048828125,725.0999755859375,874.6900024414062,864.489990234375,-13894.8896484375,0,-0.1374948570120466,-0.0558083555535752,1.255785134368966,0.7059144241678377,0.5702084989893949,0.0344543242342422,0.418760066116163
1762592230.2401154,545.5399780273438,972.6900024414062,938.5,378.9800109863281,373.5400085449219,529.6300048828125,725.0999755859375,874.6900024414062,851.0399780273438,-13894.8896484375,0,-0.1565477358593003,-0.0592459997012121,1.320329926338713,-0.70997748422959,-0.6032197785852855,-0.106851473992622,0.3473336049335647
1762592230.2401154,545.5399780273438,972.6900024414062,938.5,378.9800109863281,373.5400085449219,529.6300048828125,725.0999755859375,874.6900024414062,851.0399780273438,-13894.8896484375,1,-0.1537597680794774,-0.0832733927176227,1.3092628271163036,-0.4625083521584648,-0.6831193555527203,-0.5474964490362852,0.1402911563340897
1762592230.398549,545.5399780273438,972.6900024414062,938.5,378.9800109863281,373.5400085449219,529.6300048828125,725.0999755859375,874.6900024414062,837.3300170898438,-13894.8896484375,0,-0.1688960202054363,-0.0592984250179022,1.3110444147008389,-0.7186282133596544,-0.5970927765413131,-0.12256489924755,0.3347111480637218
1762592230.4462087,545.5399780273438,972.6900024414062,938.5,378.9800109863281,373.5400085449219,529.6300048828125,725.0999755859375,874.6900024414062,837.3300170898438,-13894.8896484375,0,-0.1666995673435365,-0.0578053742793216,1.2832676754344534,-0.7080751607797622,-0.5970197669601758,-0.1498200865957473,0.3460504388062154
1762592230.4833791,545.5399780273438,972.6900024414062,938.5,378.9800109863281,373.5400085449219,529.6300048828125,725.0999755859375,874.6900024414062,837.3300170898438,-13894.8896484375,0,-0.1755169004206124,-0.0589135172259099,1.318307348540705,-0.7176957861378072,-0.6025994706523666,-0.1641536360425608,0.3079613941771421
1762592230.5591266,545.5399780273438,972.6900024414062,938.5,378.9800109863281,373.5400085449219,529.6300048828125,725.0999755859375,874.6900024414062,823.5399780273438,-13894.8896484375,0,-0.1801439324649215,-0.0583239694952585,1.3283390028675648,0.750342571890019,0.5599941030575833,-0.0551521593136084,0.3469162271691122
1762592231.061612,545.5399780273438,972.6900024414062,938.5,378.9800109863281,373.5400085449219,529.6300048828125,725.0999755859375,874.6900024414062,804.2899780273438,-13894.8896484375,1,-0.1992224147004134,-0.0796874148773601,1.2893250823559086,-0.543767758497691,-0.6150025033565252,-0.5561488566502878,0.12956463610948
1762592231.1275375,545.5399780273438,972.6900024414062,938.5,378.9800109863281,373.5400085449219,529.6300048828125,725.0999755859375,874.6900024414062,804.2899780273438,-13894.8896484375,0,-0.2041017186401567,-0.0591017156571315,1.344076670693075,-0.7360734957373525,-0.5964866835857408,-0.188265916836905,0.2587573955183461
1762592231.234002,545.5399780273438,972.6900024414062,938.5,378.9800109863281,373.5400085449219,529.6300048828125,725.0999755859375,874.6900024414062,804.2899780273438,-13894.8896484375,0,-0.1980949567921132,-0.0561144154277003,1.3029824755460335,-0.7362930243616178,-0.5795201700800208,-0.1990749167761309,0.2870507485749208
1762592231.234002,545.5399780273438,972.6900024414062,938.5,378.9800109863281,373.5400085449219,529.6300048828125,725.0999755859375,874.6900024414062,804.2899780273438,-13894.8896484375,1,-0.2036263564810975,-0.0804071765011849,1.31628277883978,-0.5507963824314379,-0.6151925807128501,-0.5494931020629245,0.1273529132826152
1762592231.266857,545.5399780273438,972.6900024414062,938.5,378.9800109863281,373.5400085449219,529.6300048828125,725.0999755859375,874.6900024414062,804.2899780273438,-13894.8896484375,0,-0.2005511826417894,-0.055997366217022,1.3222935963297506,-0.7350387081316531,-0.5869931119928918,-0.2092296739207707,0.2671705963837693
1762592231.3875816,545.5399780273438,972.6900024414062,938.5,378.9800109863281,373.5400085449219,529.6300048828125,725.0999755859375,874.5999755859375,804.2899780273438,-13894.8896484375,0,-0.1973615797979065,-0.0551591107876542,1.3137031183018062,-0.7264935300400345,-0.5918202939342809,-0.1979699422820564,0.2876869695525856
1762592231.4425232,545.5399780273438,972.6900024414062,938.5,378.9800109863281,373.5400085449219,529.6300048828125,725.0999755859375,874.5999755859375,804.2899780273438,-13894.8896484375,1,-0.1949402226462327,-0.0766461752446523,1.2735002060299898,-0.5466893991912932,-0.6107012695197896,-0.5604246546534171,0.1187386486169445
1762592231.5225255,545.5399780273438,972.6900024414062,938.5,378.9800109863281,373.5400085449219,529.6300048828125,725.0999755859375,874.6900024414062,804.2899780273438,-13894.8896484375,1,-0.1985025013398849,-0.0783729954414411,1.2982735792276536,-0.5403057083522106,-0.6168098784693533,-0.5592995450068309,0.1216525145641863
1762592231.5671055,545.5399780273438,972.6900024414062,938.5,378.9800109863281,373.5400085449219,529.6300048828125,725.0999755859375,874.6900024414062,804.2899780273438,-13894.8896484375,1,-0.2016962423039357,-0.0797289638703858,1.320714556865306,-0.5451351068891406,-0.6155586523259886,-0.5569060617014336,0.1173494747486196
1762592232.01818,545.5399780273438,972.6900024414062,938.5,378.9800109863281,373.5400085449219,529.6300048828125,725.0999755859375,874.5999755859375,804.2899780273438,-13894.8896484375,0,-0.2017280443621789,-0.0565951039067326,1.3363459996619511,-0.7427563065180662,-0.5799892780012139,-0.1785760010664853,0.2829065541382411
1762592232.4533403,545.5399780273438,972.6900024414062,938.5,378.9800109863281,373.5400085449219,529.6300048828125,725.0999755859375,874.5999755859375,804.2899780273438,-13894.8896484375,0,-0.2058518257972834,-0.0578260106894134,1.3652905879280277,-0.7458690741850513,-0.5843706586987476,-0.1724679046410359,0.2691562358464999
1762592232.548397,545.5399780273438,972.6900024414062,943.239990234375,378.9800109863281,373.5400085449219,529.6300048828125,725.0999755859375,874.3400268554688,804.2899780273438,-13894.8896484375,0,-0.2042371939030981,-0.0571268998678615,1.3545483610348743,-0.743242640279856,-0.5891693997348346,-0.1556153907845917,0.2761406276462813
1762592232.6291883,545.5399780273438,972.6900024414062,943.239990234375,378.9800109863281,373.5400085449219,529.6300048828125,725.0999755859375,874.3400268554688,804.2899780273438,-13894.8896484375,0,-0.2008165755760644,-0.0528331561901872,1.3146478130892207,-0.7270699204459071,-0.5924791181217111,-0.1982640356227196,0.2846562796621477
1762592232.795118,545.5399780273438,972.6900024414062,955.719970703125,378.9800109863281,373.5400085449219,529.6300048828125,725.0999755859375,874.25,804.2899780273438,-13894.8896484375,0,-0.2018537372847001,-0.053538410222442,1.259059724507512,-0.7144806858581209,-0.6064459303816645,-0.1757802656428274,0.3014000352849408
1762592232.8362443,545.5399780273438,972.6900024414062,955.719970703125,378.9800109863281,373.5400085449219,529.6300048828125,725.0999755859375,874.25,804.2899780273438,-13894.8896484375,0,-0.2112783016160963,-0.0549035594743812,1.3076448431595475,-0.7217191030182417,-0.5966303433122894,-0.2155643822736229,0.2769219508681028
1762592232.972113,545.5399780273438,972.77001953125,968.989990234375,378.9800109863281,373.5400085449219,529.6300048828125,725.0999755859375,874.25,804.2899780273438,-13894.8896484375,0,-0.2245307452584968,-0.0577538361538333,1.3135864169345917,-0.72153026019452,-0.592266813019711,-0.2344436345303001,0.2713858655997507
1762592232.972113,545.5399780273438,972.77001953125,968.989990234375,378.9800109863281,373.5400085449219,529.6300048828125,725.0999755859375,874.25,804.2899780273438,-13894.8896484375,1,-0.2208833210295876,-0.0789305044436735,1.269761372531396,-0.55436362507095,-0.6172511125844486,-0.5438053812625316,0.126323958619765
1762592233.268325,545.5399780273438,972.6900024414062,982.3499755859376,378.9800109863281,373.5400085449219,529.6300048828125,725.0999755859375,874.25,804.2899780273438,-13894.8896484375,0,-0.2412402679486326,-0.0590021060174987,1.2842368277297274,-0.7200871752603031,-0.5930240982583943,-0.2538447585097403,0.2556554663753306
1762592233.268325,545.5399780273438,972.6900024414062,982.3499755859376,378.9800109863281,373.5400085449219,529.6300048828125,725.0999755859375,874.25,804.2899780273438,-13894.8896484375,1,-0.2507817601486026,-0.0852916014892121,1.3150208058441883,-0.5491131269668476,-0.6352668341204095,-0.5143570249181144,0.174205838526466
1762592233.310716,545.5399780273438,972.6900024414062,982.3499755859376,378.9800109863281,373.5400085449219,529.6300048828125,725.0999755859375,874.25,804.2899780273438,-13894.8896484375,0,-0.2457680609826402,-0.0595399094602253,1.2959242647046818,-0.703175781684427,-0.6000594509457202,-0.2722709839356877,0.267097335609902
1762592233.310716,545.5399780273438,972.6900024414062,982.3499755859376,378.9800109863281,373.5400085449219,529.6300048828125,725.0999755859375,874.25,804.2899780273438,-13894.8896484375,1,-0.243346035504408,-0.0816077298250516,1.258276469794015,-0.5799075446522332,-0.6147654434827645,-0.5203076728169777,0.1226809470237286
1762592233.3471518,545.5399780273438,972.6900024414062,995.8900146484376,378.9800109863281,373.5400085449219,529.6300048828125,725.0999755859375,874.25,804.2899780273438,-13894.8896484375,0,-0.2325983538735265,-0.0570645209219417,1.2137662914124627,-0.7034407740998545,-0.604826399579175,-0.2355318156933127,0.289621938917101
1762592233.4429617,545.5399780273438,972.6900024414062,995.8900146484376,378.9800109863281,373.5400085449219,529.6300048828125,725.0999755859375,874.25,804.2899780273438,-13894.8896484375,0,-0.2559942671807363,-0.0620919694528439,1.3004966525425288,-0.7087941023859217,-0.5943463573871364,-0.2880537616562791,0.2477667416729809
1762592233.4429617,545.5399780273438,972.6900024414062,995.8900146484376,378.9800109863281,373.5400085449219,529.6300048828125,725.0999755859375,874.25,804.2899780273438,-13894.8896484375,1,-0.2638001499804646,-0.0880490484641986,1.317364532603143,-0.5686786214536406,-0.6301473305187181,-0.4952537490088555,0.1850478085101093
1762592233.550976,545.5399780273438,972.6900024414062,1009.4199829101562,378.9800109863281,373.5400085449219,529.6300048828125,725.0999755859375,874.25,804.2899780273438,-13894.8896484375,0,-0.2587162637191617,-0.0633196346757589,1.2781002013510232,-0.6995321316862472,-0.5856785444576522,-0.3073545631149431,0.2704969719477155
1762592233.6514826,545.5399780273438,972.6900024414062,1009.4199829101562,378.9800109863281,373.5400085449219,529.6300048828125,725.0999755859375,874.25,804.2899780273438,-13894.8896484375,0,-0.2518051826318583,-0.0639117413637771,1.2201996495215708,0.7519258564867659,0.5432336765826524,-0.0766903483217511,0.3655451674518846
1762592233.7915213,545.5399780273438,972.77001953125,1020.22998046875,378.9800109863281,373.5400085449219,529.6300048828125,725.0999755859375,874.25,804.2899780273438,-13894.8896484375,0,-0.2618287588822938,-0.0687007249408525,1.218676440895446,-0.6963679180110575,-0.5989892096002428,-0.2848765269920242,0.2740967236513128
1762592233.826964,545.5399780273438,972.77001953125,1020.22998046875,378.9800109863281,373.5400085449219,529.6300048828125,725.0999755859375,874.25,804.2899780273438,-13894.8896484375,0,-0.2556284465864677,-0.0682416883431519,1.187851645459184,-0.6833457389722737,-0.5923085653222793,-0.3125850861673677,0.2906883698740626
1762592233.8592608,545.5399780273438,972.77001953125,1020.22998046875,378.9800109863281,373.5400085449219,529.6300048828125,725.0999755859375,874.25,804.2899780273438,-13894.8896484375,0,-0.2704089832496381,-0.0726001315887076,1.2565183435874805,0.7699540605637059,0.5198787301068915,-0.1524859868874414,0.3371125545079417
1762592233.8998442,545.5399780273438,972.77001953125,1020.22998046875,378.9800109863281,373.5400085449219,529.6300048828125,725.0999755859375,874.25,804.2899780273438,-13894.8896484375,0,-0.2589994179646263,-0.0713477621372801,1.200506424727116,-0.687879087172424,-0.584437524097814,-0.3155846372239645,0.2926798226825153
1762592234.029221,545.5399780273438,972.6900024414062,1020.6699829101562,378.9800109863281,373.5400085449219,529.6300048828125,725.0999755859375,874.25,804.2899780273438,-13894.8896484375,1,-0.2782724146843517,-0.1017803651924397,1.2813972893992966,-0.6127861599283836,-0.6124795170975048,-0.4733265305687988,0.1591350332137356
1762592234.1401446,545.5399780273438,972.6900024414062,1020.6699829101562,378.9800109863281,373.5400085449219,529.6300048828125,725.0999755859375,874.25,804.2899780273438,-13894.8896484375,0,-0.2530326278921257,-0.0687553185508866,1.2081054571919798,-0.6998590865264535,-0.5867940905130065,-0.2860482500191451,0.2899074904281646
1762592234.1847112,545.5399780273438,972.6900024414062,1020.6699829101562,378.9800109863281,373.5400085449219,529.6300048828125,725.0999755859375,874.25,804.2899780273438,-13894.8896484375,0,-0.2495206585739283,-0.0668015255191538,1.196497688781767,-0.6958234766726957,-0.589259215386089,-0.2980613956857714,0.2824228581321692
1762592234.1847112,545.5399780273438,972.6900024414062,1020.6699829101562,378.9800109863281,373.5400085449219,529.6300048828125,725.0999755859375,874.25,804.2899780273438,-13894.8896484375,1,-0.2748862534104705,-0.0963988080681736,1.2958564671082695,-0.6058439903167815,-0.6191399590532427,-0.4644058636753699,0.1842443059758492
1762592234.4087284,545.5399780273438,972.6900024414062,1020.6699829101562,378.9800109863281,373.5400085449219,529.6300048828125,725.0999755859375,874.25,804.2899780273438,-13894.8896484375,0,-0.2491814012863386,-0.0662643186556914,1.2063001119061432,-0.6938336079285954,-0.5867487126017421,-0.286680244586261,0.3035379879569408
1762592234.553223,545.5399780273438,972.6900024414062,1031.0400390625,378.9800109863281,373.5400085449219,529.6300048828125,725.0999755859375,874.1599731445312,804.2899780273438,-13894.8896484375,0,-0.2540059773980496,-0.0670635806152265,1.197328089855298,-0.6890033490365528,-0.5900683063137312,-0.3010454318722513,0.2940500414033449
1762592234.8889906,545.5399780273438,972.6900024414062,1044.3199462890625,378.9800109863281,373.5400085449219,529.6300048828125,725.0999755859375,874.1599731445312,804.2899780273438,-13894.8896484375,0,-0.2794001786373319,-0.0749350761366367,1.1754511955345188,-0.677495993235176,-0.5740939595285862,-0.357667477743585,0.2889451161511727
1762592234.9862337,545.5399780273438,972.77001953125,1057.5,378.9800109863281,373.5400085449219,529.6300048828125,725.0999755859375,874.1599731445312,804.2899780273438,-13894.8896484375,0,-0.280400958043974,-0.0765547089459055,1.174330692969797,-0.6774111676347966,-0.5742679435261038,-0.3602014391387321,0.2856315147954574
1762592234.9862337,545.5399780273438,972.77001953125,1057.5,378.9800109863281,373.5400085449219,529.6300048828125,725.0999755859375,874.1599731445312,804.2899780273438,-13894.8896484375,1,-0.3037172265616037,-0.1054500555320152,1.24850388430787,-0.6361302342222283,-0.6145358585369226,-0.4376885701698157,0.1615943044273609
1762592235.1109526,545.5399780273438,972.77001953125,1057.5,378.9800109863281,373.5400085449219,529.6300048828125,725.0999755859375,874.1599731445312,804.2899780273438,-13894.8896484375,1,-0.2988682397045872,-0.1027660936382744,1.2142040037819424,-0.6430399892067573,-0.6088497687655682,-0.4317598198161866,0.171420504454344
1762592235.145951,545.5399780273438,972.77001953125,1070.5999755859375,378.9800109863281,373.5400085449219,529.6300048828125,725.0999755859375,874.1599731445312,804.2899780273438,-13894.8896484375,1,-0.3008125430694175,-0.1015213627517391,1.2149958337407374,-0.6427836209997226,-0.6089454572521364,-0.4326929037124217,0.1696805756219148
1762592235.1867485,545.5399780273438,972.77001953125,1070.5999755859375,378.9800109863281,373.5400085449219,529.6300048828125,725.0999755859375,874.1599731445312,804.2899780273438,-13894.8896484375,1,-0.2790734998587755,-0.0931978110343315,1.1254468954930557,0.7404531875783957,0.5726249012578744,-0.1668781538052906,0.3098087817459998
1762592235.232242,545.5399780273438,972.77001953125,1070.5999755859375,378.9800109863281,373.5400085449219,529.6300048828125,725.0999755859375,874.1599731445312,804.2899780273438,-13894.8896484375,1,-0.2871281011175541,-0.09368659738388,1.1437992496176652,0.7414377390198229,0.5707240943269286,-0.1761684368015277,0.3057920358459103
1762592235.2611065,545.5399780273438,972.77001953125,1070.5999755859375,378.9800109863281,373.5400085449219,529.6300048828125,725.0999755859375,874.1599731445312,804.2899780273438,-13894.8896484375,0,-0.2869164528000107,-0.0722575053826365,1.1529641746270958,-0.6591156812453794,-0.5744589367861468,-0.3924111363721857,0.285616786506079
1762592235.3601289,545.5399780273438,972.6900024414062,1083.68994140625,378.9800109863281,373.5400085449219,529.6300048828125,725.0999755859375,874.1599731445312,804.2899780273438,-13894.8896484375,1,-0.3072860710275486,-0.0985655540154465,1.1951014688174924,-0.6591524296341017,-0.6010554300387256,-0.4218003831929692,0.162280255319887
1762592235.3601289,545.5399780273438,972.6900024414062,1083.68994140625,378.9800109863281,373.5400085449219,529.6300048828125,725.0999755859375,874.1599731445312,804.2899780273438,-13894.8896484375,0,-0.2926936742726544,-0.0734485278302312,1.1619046733486271,-0.6675214223540326,-0.559608817727044,-0.4057008788821872,0.2768752764238988
1762592235.425027,545.5399780273438,972.6900024414062,1083.68994140625,378.9800109863281,373.5400085449219,529.6300048828125,725.0999755859375,874.1599731445312,804.2899780273438,-13894.8896484375,1,-0.3003618839592761,-0.0979380642670519,1.1526923271167508,0.7623034825829454,0.5657444073620017,-0.1462857238319543,0.2782573502775658
1762592235.5614605,545.5399780273438,972.6900024414062,1097.050048828125,378.9800109863281,373.5400085449219,529.6300048828125,725.0999755859375,874.1599731445312,804.2899780273438,-13894.8896484375,1,-0.3137757172202212,-0.1034723710405131,1.1680086898972015,-0.6648198102841819,-0.6017100710958058,-0.4099222159920462,0.1671029234686065
1762592235.5614605,545.5399780273438,972.6900024414062,1097.050048828125,378.9800109863281,373.5400085449219,529.6300048828125,725.0999755859375,874.1599731445312,804.2899780273438,-13894.8896484375,0,-0.2946622594310574,-0.0777137675995667,1.120883003213366,-0.646807024221095,-0.5560405391555695,-0.4360276329889489,0.2869485938350108
1762592235.7419708,545.5399780273438,972.77001953125,1100.47998046875,378.9800109863281,373.5400085449219,529.6300048828125,725.0999755859375,874.1599731445312,804.2899780273438,-13894.8896484375,1,-0.3253350703515988,-0.1071781786759055,1.1740554671201862,-0.6910513293768639,-0.5857437305260136,-0.3895093641027466,0.1662371727148062
1762592235.7884328,545.5399780273438,972.77001953125,1100.47998046875,378.9800109863281,373.5400085449219,529.6300048828125,725.0999755859375,874.1599731445312,804.2899780273438,-13894.8896484375,1,-0.3301369844305665,-0.1095496852092987,1.1906044714976416,-0.7049657335800429,-0.5887794568421161,-0.3671154887594284,0.1469295191293464
1762592235.7884328,545.5399780273438,972.77001953125,1100.47998046875,378.9800109863281,373.5400085449219,529.6300048828125,725.0999755859375,874.1599731445312,804.2899780273438,-13894.8896484375,0,-0.3188240028655761,-0.0848823538726109,1.178084453550611,-0.6107677681940106,-0.5470807510715077,-0.4971760283289692,0.2836924073664547
1762592235.8258214,545.5399780273438,972.77001953125,1100.47998046875,378.9800109863281,373.5400085449219,529.6300048828125,725.0999755859375,874.1599731445312,804.2899780273438,-13894.8896484375,1,-0.3215146310942121,-0.1071026194001664,1.1595295127825227,-0.6836311761505098,-0.5859632909407769,-0.4028808161357418,0.164263461106613
1762592235.8925626,545.5399780273438,972.77001953125,1100.47998046875,378.9800109863281,373.5400085449219,529.6300048828125,725.0999755859375,874.1599731445312,804.2899780273438,-13894.8896484375,1,-0.3259886187433385,-0.1098814617763307,1.189555881796256,-0.6909171464313787,-0.58631079308028,-0.3943784646881573,0.1527703416076098
1762592236.010765,545.5399780273438,972.77001953125,1100.47998046875,378.9800109863281,373.5400085449219,529.6300048828125,725.0999755859375,874.1599731445312,804.2899780273438,-13894.8896484375,1,-0.3251393775372219,-0.1093242350707349,1.1998559078770317,-0.7031327147284397,-0.5832205500578977,-0.3822475282817575,0.1390863134577402
1762592236.0492182,545.5399780273438,972.77001953125,1100.47998046875,378.9800109863281,373.5400085449219,529.6300048828125,725.0999755859375,874.1599731445312,804.2899780273438,-13894.8896484375,1,-0.3166812617803468,-0.1060743426622328,1.1762686332985182,0.7753920927603717,0.5657902166622626,-0.1458074947701907,0.2395594032443772
1762592236.1950057,545.5399780273438,972.6900024414062,1100.47998046875,378.9800109863281,373.5400085449219,529.6300048828125,725.0999755859375,874.1599731445312,804.2899780273438,-13894.8896484375,1,-0.3143505593355737,-0.1028655301127137,1.1876553330434587,-0.6930569493108129,-0.5868694222673528,-0.3888871405773078,0.1549939937971085
1762592236.1950057,545.5399780273438,972.6900024414062,1100.47998046875,378.9800109863281,373.5400085449219,529.6300048828125,725.0999755859375,874.1599731445312,804.2899780273438,-13894.8896484375,0,-0.3034960909501334,-0.0782865427258479,1.174573536512087,-0.6142569249283941,-0.5468614101293781,-0.4909909787594187,0.287330623264715
1762592236.9950278,545.5399780273438,972.6900024414062,1100.47998046875,378.9800109863281,373.5400085449219,529.6300048828125,725.0999755859375,874.1599731445312,804.2899780273438,-13894.8896484375,1,-0.3099764936035395,-0.102138317798588,1.1647935991930558,-0.6768939509908888,-0.5971503648589153,-0.3968789022426248,0.1664726939035274
1762592237.9250736,545.5399780273438,972.6900024414062,1100.47998046875,378.9800109863281,373.5400085449219,529.6300048828125,725.0999755859375,874.1599731445312,804.2899780273438,-13894.8896484375,1,-0.3118526928137803,-0.1036043488852337,1.1577554757148625,-0.6851552559952196,-0.5860274035552342,-0.3991479340500611,0.1667785484047749
1762592238.260564,545.5399780273438,972.6900024414062,1100.47998046875,378.9800109863281,373.5400085449219,529.6300048828125,725.0999755859375,874.0700073242188,803.0599975585938,-13894.8896484375,1,-0.309850982064127,-0.1022434953817144,1.1565062534563908,-0.6855967801125039,-0.5863151869698388,-0.3975555132760173,0.1677533024763823
1762592238.3288186,545.5399780273438,972.6900024414062,1099.949951171875,378.9800109863281,373.5400085449219,529.6300048828125,725.0999755859375,874.0700073242188,790.4000244140625,-13894.8896484375,0,-0.3235975669700399,-0.0836871090192127,1.23328903839113,0.7514881046737366,0.4935758944980282,-0.2766407669300052,0.3392909532786353
1762592238.5144172,545.5399780273438,972.6900024414062,1099.949951171875,378.9800109863281,373.5400085449219,529.6300048828125,725.0999755859375,874.0700073242188,790.4000244140625,-13894.8896484375,1,-0.323168322651491,-0.0962257196421838,1.1617226566517538,-0.6918176502507897,-0.565123572077094,-0.4113408008144099,0.1811696240258333
1762592238.5144172,545.5399780273438,972.6900024414062,1099.949951171875,378.9800109863281,373.5400085449219,529.6300048828125,725.0999755859375,874.0700073242188,790.4000244140625,-13894.8896484375,0,-0.3205563087256193,-0.0751641505093316,1.1853007949971406,-0.6487399697420005,-0.5153933102562984,-0.5059006629729729,0.2399389643340774
1762592238.570543,545.5399780273438,972.77001953125,1099.949951171875,378.9800109863281,373.5400085449219,529.6300048828125,725.0999755859375,874.0700073242188,776.6900024414062,-13894.8896484375,1,-0.3364098681664526,-0.0983493749698969,1.1976879067331865,-0.7212839233463083,-0.5575827269548104,-0.3817068844446989,0.1521540630128409
1762592238.570543,545.5399780273438,972.77001953125,1099.949951171875,378.9800109863281,373.5400085449219,529.6300048828125,725.0999755859375,874.0700073242188,776.6900024414062,-13894.8896484375,0,-0.3286411256568518,-0.0759169636473741,1.2039771888251944,-0.6631934554828947,-0.5028577052671739,-0.504072504328865,0.2306934746318505
1762592238.6542535,545.5399780273438,972.77001953125,1099.949951171875,378.9800109863281,373.5400085449219,529.6300048828125,725.0999755859375,874.0700073242188,776.6900024414062,-13894.8896484375,0,-0.3347341686844624,-0.0747434388313675,1.195548169802913,-0.6433788107793991,-0.5105455870568057,-0.5225336090361522,0.22883517387972
1762592238.77207,545.5399780273438,972.77001953125,1099.949951171875,378.9800109863281,373.5400085449219,529.6300048828125,725.0999755859375,874.0700073242188,762.97998046875,-13894.8896484375,1,-0.351934377272831,-0.0971945567611806,1.1810603713517938,-0.715851434070061,-0.550591449954864,-0.398810684183447,0.1592351021526615
1762592238.77207,545.5399780273438,972.77001953125,1099.949951171875,378.9800109863281,373.5400085449219,529.6300048828125,725.0999755859375,874.0700073242188,762.97998046875,-13894.8896484375,0,-0.3451436721068841,-0.0756969315269376,1.1935998242352908,-0.6533895481384765,-0.4981431507045816,-0.5306078850302977,0.2083045177935043
1762592238.8575375,545.5399780273438,972.77001953125,1099.949951171875,378.9800109863281,373.5400085449219,529.6300048828125,725.0999755859375,874.0700073242188,762.97998046875,-13894.8896484375,0,-0.3535590878989721,-0.0776351226286287,1.208151794990395,0.7863110775278278,0.4548531368484629,-0.3012608133507575,0.2899404000745323
1762592238.9078076,545.5399780273438,972.77001953125,1099.949951171875,378.9800109863281,373.5400085449219,529.6300048828125,725.0999755859375,874.0700073242188,762.97998046875,-13894.8896484375,0,-0.3467583427710225,-0.0750215730063102,1.172907482304392,-0.6506748042606925,-0.4824859791949412,-0.5507579335828405,0.2012343846765953
1762592238.957215,545.5399780273438,972.6900024414062,1099.949951171875,378.9800109863281,373.5400085449219,529.6300048828125,725.0999755859375,874.0700073242188,749.3599853515625,-13894.8896484375,1,-0.3524769959128007,-0.0938674402510773,1.1482148020626382,-0.7277890507841547,-0.5158303826711893,-0.4109751170271477,0.1879935292942708
1762592239.0205536,545.5399780273438,972.6900024414062,1099.949951171875,378.9800109863281,373.5400085449219,529.6300048828125,725.0999755859375,874.0700073242188,749.3599853515625,-13894.8896484375,1,-0.3645886791231199,-0.0961468680754315,1.1791587176053386,0.8349212309057974,0.478733214894027,-0.1153296286728901,0.245805052613145
1762592239.0205536,545.5399780273438,972.6900024414062,1099.949951171875,378.9800109863281,373.5400085449219,529.6300048828125,725.0999755859375,874.0700073242188,749.3599853515625,-13894.8896484375,0,-0.3566731841275897,-0.0749063017723835,1.1923684698467467,0.7930123347114437,0.4559207058087973,-0.3013095999579017,0.2692216038573473
1762592239.085232,545.5399780273438,972.6900024414062,1099.949951171875,378.9800109863281,373.5400085449219,529.6300048828125,725.0999755859375,874.0700073242188,749.3599853515625,-13894.8896484375,1,-0.3621568115164892,-0.0914922969373621,1.157350844557279,-0.7383765193554885,-0.5131832621820384,-0.4023381425299595,0.1719507898970435
1762592239.085232,545.5399780273438,972.6900024414062,1099.949951171875,378.9800109863281,373.5400085449219,529.6300048828125,725.0999755859375,874.0700073242188,749.3599853515625,-13894.8896484375,0,-0.3653519113618823,-0.0733374309882476,1.209013729381822,0.7898184752752498,0.4498217742887147,-0.3136643315222394,0.2747031754828091
1762592239.495618,545.5399780273438,972.6900024414062,1099.949951171875,378.9800109863281,373.5400085449219,529.6300048828125,725.0999755859375,874.0700073242188,721.8499755859375,-13894.8896484375,0,-0.3674755818337421,-0.0656766080585049,1.1643117379436505,-0.6644451327015457,-0.4583505225749299,-0.5713035805354728,0.1484576806765572
1762592239.55907,545.5399780273438,972.6900024414062,1099.949951171875,378.9800109863281,373.5400085449219,529.6300048828125,725.0999755859375,874.0700073242188,714.2899780273438,-13894.8896484375,0,-0.3758459415558821,-0.066379687272043,1.176730840757138,-0.6614524772054872,-0.4579124418969413,-0.5771879474417324,0.1401816296192363
1762592239.6336362,545.5399780273438,972.6900024414062,1099.949951171875,378.9800109863281,373.5400085449219,529.6300048828125,725.0999755859375,874.0700073242188,714.2899780273438,-13894.8896484375,1,-0.3869555649425572,-0.0868534384210836,1.1649061846372746,-0.7563304257145238,-0.4784025239049845,-0.413351794503477,0.1680345388322985
1762592239.6995895,545.5399780273438,972.6900024414062,1099.949951171875,378.9800109863281,373.5400085449219,529.6300048828125,725.0999755859375,874.0700073242188,714.2899780273438,-13894.8896484375,0,-0.3813286008633081,-0.0688730162197326,1.190539247963415,-0.6675914816235502,-0.4547614684763104,-0.5732332698764925,0.1375399533213802
1762592240.042692,545.5399780273438,972.6900024414062,1099.949951171875,378.9800109863281,373.5400085449219,529.6300048828125,725.0999755859375,874.0700073242188,714.2899780273438,-13894.8896484375,1,-0.3742815086155005,-0.0842700292251173,1.1445325539509648,0.8544670038818348,0.4170235968350865,-0.1316074197966289,0.2804584568423665
1762592240.042692,545.5399780273438,972.6900024414062,1099.949951171875,378.9800109863281,373.5400085449219,529.6300048828125,725.0999755859375,874.0700073242188,714.2899780273438,-13894.8896484375,0,-0.375125698366258,-0.0662657891008879,1.1898995810384942,-0.6691234522939842,-0.45517449374602,-0.5709247425104701,0.1383290433082958
1762592240.1497157,545.5399780273438,972.6900024414062,1099.949951171875,378.9800109863281,373.5400085449219,529.6300048828125,725.0999755859375,874.0700073242188,714.2899780273438,-13894.8896484375,1,-0.3691384021797521,-0.0837683570420013,1.1294128074417058,0.8538815783180336,0.4226433607564167,-0.1434735783344129,0.2677203244760182
1762592240.1497157,545.5399780273438,972.6900024414062,1099.949951171875,378.9800109863281,373.5400085449219,529.6300048828125,725.0999755859375,874.0700073242188,714.2899780273438,-13894.8896484375,0,-0.3686008543723917,-0.0656100416813814,1.1705460282549098,-0.6690051263493592,-0.4460922140381322,-0.579045948765288,0.1346835799618601
1762592240.299132,545.5399780273438,972.6900024414062,1099.949951171875,378.9800109863281,373.5400085449219,529.6300048828125,725.0999755859375,874.0700073242188,714.2899780273438,-13894.8896484375,0,-0.3767589348558418,-0.0680413702533358,1.1909972877042778,-0.6692156823442003,-0.45492888480838,-0.5705168196905654,0.1403589638097732
1762592240.4411192,545.5399780273438,972.6900024414062,1099.5999755859375,378.9800109863281,373.5400085449219,529.6300048828125,725.0999755859375,873.8099975585938,711.0399780273438,-13894.8896484375,0,-0.3847254592343644,-0.0694236535357002,1.2113512847243872,-0.6684735428645429,-0.4609496540688045,-0.5699970070015044,0.1255864280617255
1762592240.5008085,545.5399780273438,972.6900024414062,1099.5999755859375,378.9800109863281,373.5400085449219,529.6300048828125,725.0999755859375,873.8099975585938,711.0399780273438,-13894.8896484375,0,-0.3697565798082584,-0.0651955946711903,1.1557330858222996,-0.6656738108519253,-0.456411380866903,-0.5822768636982761,0.0975739871212673
1762592240.558054,545.5399780273438,972.6900024414062,1099.5999755859375,378.9800109863281,373.5400085449219,529.6300048828125,725.0999755859375,873.719970703125,697.4099731445312,-13894.8896484375,1,-0.3926232859522903,-0.0843406034637074,1.173691076777348,-0.7816462262420528,-0.4554991799516444,-0.3898491477000378,0.1719514934581592
1762592240.558054,545.5399780273438,972.6900024414062,1099.5999755859375,378.9800109863281,373.5400085449219,529.6300048828125,725.0999755859375,873.719970703125,697.4099731445312,-13894.8896484375,0,-0.3741245539168131,-0.0637151854524717,1.1628275614482984,-0.6643413801229053,-0.4397194505165205,-0.58927620224861,0.1343536116272949
1762592240.5898106,545.5399780273438,972.6900024414062,1099.5999755859375,378.9800109863281,373.5400085449219,529.6300048828125,725.0999755859375,873.719970703125,697.4099731445312,-13894.8896484375,0,-0.3823452122075537,-0.0628741212088647,1.1824176716409074,-0.6644003900535116,-0.4460974966219879,-0.5870708033332246,0.1221352409340536
1762592240.7247903,545.5399780273438,972.6900024414062,1099.5999755859375,378.9800109863281,373.5400085449219,529.6300048828125,725.0999755859375,873.8099975585938,683.6099853515625,-13894.8896484375,0,-0.4024531408268865,-0.0602954258785271,1.2138333397703374,0.8221134225269748,0.4243133977368266,-0.3302176873483714,0.187200266998492
1762592240.761778,545.5399780273438,972.6900024414062,1099.5999755859375,378.9800109863281,373.5400085449219,529.6300048828125,725.0999755859375,873.8099975585938,683.6099853515625,-13894.8896484375,0,-0.4017291300922642,-0.0590758313483378,1.2002635665702432,-0.6713089479234493,-0.4307106393149066,-0.5951751839005092,0.0979752115989096
1762592240.83737,545.5399780273438,972.6900024414062,1099.5999755859375,378.9800109863281,373.5400085449219,529.6300048828125,725.0999755859375,873.8099975585938,683.6099853515625,-13894.8896484375,0,-0.4007329547229885,-0.0589172432904951,1.1860841104001878,0.8364365934211885,0.4036668904280849,-0.3279736146042257,0.1728009689831537
1762592240.9113808,545.5399780273438,972.6900024414062,1099.5999755859375,378.9800109863281,373.5400085449219,529.6300048828125,725.0999755859375,873.8099975585938,683.6099853515625,-13894.8896484375,0,-0.3983574826292929,-0.0585561400191289,1.1725468989845973,-0.6715869410679004,-0.4254573163985254,-0.6016068963116062,0.07762856961417
1762592240.99739,545.5399780273438,972.6900024414062,1099.5999755859375,378.9800109863281,373.5400085449219,529.6300048828125,725.0999755859375,873.8099975585938,670.0800170898438,-13894.8896484375,0,-0.376500071987619,-0.0565894617238997,1.1053063839478294,-0.6730778069338362,-0.4076013371806496,-0.612659952734778,0.0739945812658173
1762592241.030644,545.5399780273438,972.6900024414062,1099.5999755859375,378.9800109863281,373.5400085449219,529.6300048828125,725.0999755859375,873.8099975585938,670.0800170898438,-13894.8896484375,0,-0.3955546164026766,-0.0586174761701326,1.1612158185236012,-0.6688242542281131,-0.4161913511724373,-0.6068511341900386,0.1057855240462193
1762592241.1983497,545.5399780273438,972.6900024414062,1099.5999755859375,378.9800109863281,373.5400085449219,529.6300048828125,725.0999755859375,873.8099975585938,656.280029296875,-13894.8896484375,0,-0.3795941158986277,-0.0558108850097533,1.1256773284233264,-0.6582391561451859,-0.4234361194279901,-0.6169508885981299,0.082429770950892
1762592241.3934116,545.5399780273438,972.6900024414062,1099.5999755859375,378.9800109863281,373.5400085449219,529.6300048828125,725.0999755859375,873.8099975585938,642.2999877929688,-13894.8896484375,0,-0.3980423089870993,-0.0575888755751236,1.1895290538055667,0.8293329932639651,0.4150014503752204,-0.3351278590422293,0.1663427202015973
1762592241.441962,545.5399780273438,972.6900024414062,1099.5999755859375,378.9800109863281,373.5400085449219,529.6300048828125,725.0999755859375,873.8099975585938,642.2999877929688,-13894.8896484375,0,-0.3820686736024373,-0.055774983775228,1.1415547592164927,-0.6746042517008859,-0.4209555894225913,-0.603227307788,0.0618248369169541
1762592242.3411958,545.5399780273438,972.6900024414062,1099.5999755859375,378.9800109863281,373.5400085449219,529.6300048828125,725.0999755859375,873.719970703125,624.2899780273438,-13894.8896484375,0,-0.4098515005472646,-0.0553777870540831,1.1949735424953916,-0.6744231792055967,-0.4213903053594173,-0.6029265280181081,0.0637431385432362
1762592242.4084268,545.5399780273438,972.6900024414062,1099.5999755859375,378.9800109863281,373.5400085449219,529.6300048828125,725.0999755859375,873.719970703125,624.2899780273438,-13894.8896484375,0,-0.4038578128151699,-0.0548486138429771,1.174410569420185,-0.6698408777827533,-0.4059624493543134,-0.6138027773630169,0.0987615242233719
1762592242.52697,545.5399780273438,972.6900024414062,1099.5999755859375,378.9800109863281,373.5400085449219,529.6300048828125,725.0999755859375,873.8099975585938,624.2899780273438,-13894.8896484375,0,-0.4111926581856934,-0.0576861576574823,1.196009843387695,0.8357446223652163,0.4040309125398993,-0.332442620423613,0.1666488884621795
1762592242.5657575,545.5399780273438,972.6900024414062,1099.5999755859375,378.9800109863281,373.5400085449219,529.6300048828125,725.0999755859375,873.8099975585938,624.2899780273438,-13894.8896484375,0,-0.3874014736003491,-0.0546990137571152,1.1277629600773575,-0.6671380989407222,-0.4108016080745549,-0.6193908849705144,0.0502367132738797
1762592242.8630342,545.5399780273438,972.6900024414062,1099.510009765625,378.9800109863281,373.5400085449219,529.6300048828125,725.0999755859375,873.8099975585938,624.2899780273438,-13894.8896484375,0,-0.3871181680280339,-0.0532811360782686,1.136473979310418,-0.6802668839093958,-0.4015163635399489,-0.6122932205284118,0.03344530700714
1762592243.0241134,545.5399780273438,972.6900024414062,1099.5999755859375,378.9800109863281,373.5400085449219,529.6300048828125,725.0999755859375,873.8099975585938,624.2899780273438,-13894.8896484375,0,-0.3749154864022493,-0.0519219231051038,1.094866547090953,-0.6711970466155057,-0.3891969557814958,-0.6277258802045638,0.0630909941786045
1762592243.1815598,545.5399780273438,972.6900024414062,1099.5999755859375,378.9800109863281,373.5400085449219,529.6300048828125,725.0999755859375,873.719970703125,624.2899780273438,-13894.8896484375,1,-0.4152254342752489,-0.0736549047407807,1.158378206383346,-0.7939030516933608,-0.4136376308219561,-0.4144659649322069,0.1638286262921803
1762592244.4373386,545.5399780273438,983.5,1099.510009765625,378.9800109863281,373.5400085449219,529.6300048828125,725.0999755859375,873.5399780273438,624.2899780273438,-13894.8896484375,1,-0.4062752843574559,-0.071796999955169,1.139474511782277,0.8918694462870151,0.3456307500244566,-0.1082768363827613,0.2708955557408893
1762592244.6676323,545.5399780273438,995.97998046875,1099.510009765625,378.9800109863281,373.5400085449219,529.6300048828125,725.0999755859375,873.4600219726562,624.2899780273438,-13894.8896484375,0,-0.3843439569530885,-0.0521189833754019,1.115944408769473,-0.6706829923632557,-0.3992041448766549,-0.6237366319541333,0.042106869112795
1762592244.7971222,545.5399780273438,1008.9000244140624,1099.510009765625,378.9800109863281,373.5400085449219,529.6300048828125,725.0999755859375,873.4600219726562,624.2899780273438,-13894.8896484375,0,-0.4100008062264546,-0.0548400208961437,1.1879296432917714,-0.6826135953862945,-0.3989251273848986,-0.6095002532301141,0.0583683428509461
1762592244.875134,545.5399780273438,1008.9000244140624,1099.510009765625,378.9800109863281,373.5400085449219,529.6300048828125,725.0999755859375,873.4600219726562,624.2899780273438,-13894.8896484375,0,-0.3806386816851329,-0.0520754296950784,1.1023085226346974,-0.6730592217900084,-0.3952441924807577,-0.6224482441698996,0.0577191095173084
1762592244.910009,545.5399780273438,1008.9000244140624,1099.510009765625,378.9800109863281,373.5400085449219,529.6300048828125,725.0999755859375,873.4600219726562,624.2899780273438,-13894.8896484375,0,-0.4001282689659111,-0.0540880473163067,1.1581233446447643,-0.6770523066217395,-0.3980225869342289,-0.6143252290982184,0.0760441140509101
1762592245.015314,545.5399780273438,1022.3400268554688,1099.5999755859375,378.9800109863281,373.5400085449219,529.6300048828125,725.0999755859375,873.4600219726562,624.2899780273438,-13894.8896484375,0,-0.393645725147424,-0.0537146843901985,1.1370066802003622,-0.6798873763421817,-0.3995038406866027,-0.6126334572970468,0.0531985316288512
1762592245.080325,545.5399780273438,1022.3400268554688,1099.5999755859375,378.9800109863281,373.5400085449219,529.6300048828125,725.0999755859375,873.4600219726562,624.2899780273438,-13894.8896484375,0,-0.4047646738627305,-0.0551164398062699,1.16667992792863,-0.6793277884390114,-0.4042487099879492,-0.6083391914457341,0.0708531190477268
1762592245.430688,545.5399780273438,1048.8900146484375,1099.510009765625,378.9800109863281,373.5400085449219,529.6300048828125,725.0999755859375,873.3699951171875,624.2899780273438,-13894.8896484375,0,-0.4135774739825839,-0.0599430830046256,1.1645235715868294,0.8399810992418854,0.3956250607261576,-0.3315072395574622,0.1673783569127424
1762592245.5361526,545.5399780273438,1057.06005859375,1099.5999755859375,378.9800109863281,373.5400085449219,529.6300048828125,725.0999755859375,873.3699951171875,624.2899780273438,-13894.8896484375,0,-0.4170331688600678,-0.0607961730555581,1.164806432339902,0.8404421918261218,0.3955114133801866,-0.3304999134025376,0.167324389511591
1762592245.5715525,545.5399780273438,1057.06005859375,1099.5999755859375,378.9800109863281,373.5400085449219,529.6300048828125,725.0999755859375,873.3699951171875,624.2899780273438,-13894.8896484375,0,-0.4212002629236988,-0.0614910795127395,1.1740839737910047,0.8404876295863979,0.4030002448762373,-0.3229862911819768,0.1638633664076327
1762592245.6083996,545.5399780273438,1057.06005859375,1099.5999755859375,378.9800109863281,373.5400085449219,529.6300048828125,725.0999755859375,873.3699951171875,624.2899780273438,-13894.8896484375,0,-0.4125902639970803,-0.059994770829191,1.1475596033908178,-0.6719954680624997,-0.4079311748568711,-0.6128550008775784,0.0801435922747322
1762592245.658779,545.5399780273438,1057.06005859375,1099.5999755859375,378.9800109863281,373.5400085449219,529.6300048828125,725.0999755859375,873.3699951171875,624.2899780273438,-13894.8896484375,1,-0.416042773020977,-0.0769180436098106,1.109713011020656,0.890094487400196,0.338791446453483,-0.1230512301458201,0.2789454320639427
1762592245.7415287,545.5399780273438,1057.1500244140625,1099.5999755859375,378.9800109863281,373.5400085449219,529.6300048828125,725.0999755859375,873.3699951171875,624.2899780273438,-13894.8896484375,0,-0.3953087881335645,-0.0585251372562686,1.0967687325447062,-0.6702679066995478,-0.3968302210440828,-0.6257165783155864,0.0417788527337143
1762592246.0034535,545.5399780273438,1057.1500244140625,1099.510009765625,378.9800109863281,373.5400085449219,529.6300048828125,725.0999755859375,873.3699951171875,624.2899780273438,-13894.8896484375,0,-0.4000378671345914,-0.0584927666145447,1.1188247396594746,-0.6734796229980714,-0.4054597722566776,-0.6164993050870559,0.044228693346246
1762592246.128502,545.5399780273438,1057.1500244140625,1099.5999755859375,378.9800109863281,373.5400085449219,529.6300048828125,725.0999755859375,873.3699951171875,624.2899780273438,-13894.8896484375,0,-0.4091327164001883,-0.059413369972863,1.146190650312659,0.8471343279696716,0.3853135071911825,-0.3268156166464039,0.1645857960682943
1762592246.708682,545.5399780273438,1059.9599609375,1099.5999755859375,378.9800109863281,373.5400085449219,529.6300048828125,725.0999755859375,873.3699951171875,624.2899780273438,-13894.8896484375,0,-0.4124258571208208,-0.0593544316188313,1.151139296246212,-0.6716678328501398,-0.4099936281888162,-0.614371487347813,0.0575779705530143
1762592246.8169885,545.5399780273438,1073.1400146484375,1099.5999755859375,378.9800109863281,373.5400085449219,529.6300048828125,725.0999755859375,873.3699951171875,624.2899780273438,-13894.8896484375,0,-0.4272230250867466,-0.0616334100914146,1.1870640688609972,-0.6798236322371313,-0.4150775654300389,-0.6020347583075004,0.0557188793697003
1762592246.8901875,545.5399780273438,1073.1400146484375,1099.5999755859375,378.9800109863281,373.5400085449219,529.6300048828125,725.0999755859375,873.3699951171875,624.2899780273438,-13894.8896484375,0,-0.4072699343486128,-0.0593583875912321,1.1237677709851075,-0.6655276692466088,-0.4110184008610994,-0.6205976723381386,0.054729559739189
1762592246.9265945,545.5399780273438,1086.5899658203125,1099.5999755859375,378.9800109863281,373.5400085449219,529.6300048828125,725.0999755859375,873.3699951171875,624.2899780273438,-13894.8896484375,0,-0.4185994284473354,-0.0608539947585592,1.1481754271390472,-0.6705465713943424,-0.4076812281766543,-0.6147598193951656,0.078953633487575
1762592246.9991026,545.5399780273438,1086.5899658203125,1099.5999755859375,378.9800109863281,373.5400085449219,529.6300048828125,725.0999755859375,873.3699951171875,624.2899780273438,-13894.8896484375,0,-0.4179547610834225,-0.0615970820895689,1.135203372839676,-0.6695940388778535,-0.4047841930478367,-0.6189195758103316,0.0687905432208145
1762592247.0690455,545.5399780273438,1086.5899658203125,1099.5999755859375,378.9800109863281,373.5400085449219,529.6300048828125,725.0999755859375,873.3699951171875,624.2899780273438,-13894.8896484375,0,-0.431721416856363,-0.0655293477581441,1.1558408891395964,0.8496261923328096,0.3921713038119572,-0.3139949026104149,0.1604500012563333
1762592247.3981524,545.5399780273438,1113.8399658203125,1099.5999755859375,378.9800109863281,373.5400085449219,529.6300048828125,725.0999755859375,873.280029296875,624.2899780273438,-13894.8896484375,0,-0.4447493972434896,-0.0679925059185426,1.165992429309212,0.8505637818583052,0.3993759710081168,-0.3042684417193307,0.1563994953505657
1762592247.7697856,545.5399780273438,1139.1500244140625,1099.5999755859375,378.9800109863281,373.5400085449219,529.6300048828125,725.0999755859375,873.3699951171875,624.2899780273438,-13894.8896484375,0,-0.4515229499291732,-0.0693137934746363,1.1564658493774789,0.84893572530524,0.4070144853111619,-0.2936693014089065,0.1655466232134053
1762592247.8477778,545.5399780273438,1139.1500244140625,1099.5999755859375,378.9800109863281,373.5400085449219,529.6300048828125,725.0999755859375,873.3699951171875,624.2899780273438,-13894.8896484375,1,-0.4416060974477678,-0.083568139420493,1.0794438047017896,0.8964327139854236,0.3037170095891165,-0.0960315918010369,0.3081270854032983
1762592247.8959231,545.5399780273438,1139.1500244140625,1099.5999755859375,378.9800109863281,373.5400085449219,529.6300048828125,725.0999755859375,873.3699951171875,624.2899780273438,-13894.8896484375,0,-0.4527954717265833,-0.0693882263203823,1.145806469348629,-0.6765940321885515,-0.410106957833325,-0.6098289085555826,0.0462763550146257
1762592247.9901805,545.5399780273438,1139.8499755859375,1099.5999755859375,378.9800109863281,373.5400085449219,529.6300048828125,725.0999755859375,873.280029296875,624.2899780273438,-13894.8896484375,1,-0.4505047733929463,-0.0849881801089719,1.08989623649596,-0.7575045219558166,-0.4086112117143095,-0.4737378379684522,0.1865374969137036
1762592248.2571237,545.5399780273438,1139.93994140625,1099.5999755859375,378.9800109863281,373.5400085449219,529.6300048828125,725.0999755859375,873.280029296875,624.2899780273438,-13894.8896484375,1,-0.4532105467920896,-0.0847206581794211,1.1094770943723171,-0.7566060901320102,-0.4091116330975632,-0.4733890921720741,0.1899412105149824
1762592248.3304558,545.5399780273438,1139.8499755859375,1099.5999755859375,378.9800109863281,373.5400085449219,529.6300048828125,725.0999755859375,873.3699951171875,624.2899780273438,-13894.8896484375,0,-0.4419062503787189,-0.0666368144127545,1.128706433182349,0.855922742671249,0.3891054896630662,-0.2967715077013058,0.1670923358771615
1762592248.416803,545.5399780273438,1139.8499755859375,1099.5999755859375,378.9800109863281,373.5400085449219,529.6300048828125,725.0999755859375,873.3699951171875,624.2899780273438,-13894.8896484375,1,-0.4470755297375978,-0.0833395985471538,1.0995531316414464,0.8875162816458915,0.3426923979681476,-0.1338926106898921,0.2773977991818542
1762592248.5069864,545.5399780273438,1139.8499755859375,1099.5999755859375,378.9800109863281,373.5400085449219,529.6300048828125,725.0999755859375,873.3699951171875,624.2899780273438,-13894.8896484375,0,-0.4375840894485572,-0.0655217049706886,1.1185347840457915,-0.6828585775914852,-0.3950673306713057,-0.6120775381437275,0.054653952701489
1762592249.0346277,545.5399780273438,1143.02001953125,1099.5999755859375,378.9800109863281,373.5400085449219,529.6300048828125,725.0999755859375,873.280029296875,624.2899780273438,-13894.8896484375,0,-0.4468182130184336,-0.0670077953446169,1.1368955378191463,-0.6749629302966783,-0.4048192805106944,-0.6146142149188083,0.0528749437055226
1762592249.2386029,545.5399780273438,1156.030029296875,1099.5999755859375,378.9800109863281,373.5400085449219,529.6300048828125,725.0999755859375,873.280029296875,624.2899780273438,-13894.8896484375,0,-0.4386644042255956,-0.0651864434564615,1.1060266848934706,-0.6752657026182041,-0.3966137127043307,-0.6168955563874755,0.0784453075194221
1762592249.2765286,545.5399780273438,1156.030029296875,1099.5999755859375,378.9800109863281,373.5400085449219,529.6300048828125,725.0999755859375,873.280029296875,624.2899780273438,-13894.8896484375,0,-0.4532984816152168,-0.0676398053229649,1.137242288732902,-0.6792090237927108,-0.4121956588397526,-0.6050147817254233,0.0522202520671201
1762592249.5010684,545.5399780273438,1169.2099609375,1099.5999755859375,378.9800109863281,373.5400085449219,529.6300048828125,725.0999755859375,873.280029296875,624.2899780273438,-13894.8896484375,0,-0.4629271826544424,-0.0704216003604042,1.1228640198496054,-0.6833011097957297,-0.4014082431750622,-0.607561206723126,0.0532953632896262
1762592249.55414,545.5399780273438,1183.010009765625,1099.5999755859375,378.9800109863281,373.5400085449219,529.6300048828125,725.0999755859375,873.280029296875,624.2899780273438,-13894.8896484375,1,-0.4559024897996477,-0.0849469626820335,1.0602621961160932,0.8982610344583366,0.3086449271823223,-0.0977364236769643,0.2971750568020389
1762592249.55414,545.5399780273438,1183.010009765625,1099.5999755859375,378.9800109863281,373.5400085449219,529.6300048828125,725.0999755859375,873.280029296875,624.2899780273438,-13894.8896484375,0,-0.4713344942851853,-0.0715643554274819,1.137787099578468,-0.6813703052805221,-0.4046524352422254,-0.6087942766352118,0.0368841764266732
1762592249.647727,545.5399780273438,1183.010009765625,1099.5999755859375,378.9800109863281,373.5400085449219,529.6300048828125,725.0999755859375,873.280029296875,624.2899780273438,-13894.8896484375,0,-0.4708239013663656,-0.0709201680926654,1.1243438486647974,-0.6808956744154212,-0.4007026439669749,-0.6110037004672163,0.0499294471791213
1762592249.765698,545.5399780273438,1196.6300048828125,1099.5999755859375,378.9800109863281,373.5400085449219,529.6300048828125,725.0999755859375,873.3699951171875,624.2899780273438,-13894.8896484375,1,-0.4788773159603987,-0.0884861491467963,1.097133143764111,0.8946846500828175,0.3381302728298794,-0.1116244171504506,0.2697170461761733
1762592249.765698,545.5399780273438,1196.6300048828125,1099.5999755859375,378.9800109863281,373.5400085449219,529.6300048828125,725.0999755859375,873.3699951171875,624.2899780273438,-13894.8896484375,0,-0.4691456791419624,-0.0704537846954637,1.1169808242281842,-0.6835723875080988,-0.4025380970792797,-0.6062022368135342,0.0566632113327328
1762592249.9645095,545.5399780273438,1210.1700439453125,1099.5999755859375,378.9800109863281,373.5400085449219,529.6300048828125,725.0999755859375,873.280029296875,624.2899780273438,-13894.8896484375,1,-0.4540314985451276,-0.0826502225999081,1.0385280094027496,0.8894643794399782,0.3273727435068727,-0.1018066136716427,0.3021847413900159
1762592249.9645095,545.5399780273438,1210.1700439453125,1099.5999755859375,378.9800109863281,373.5400085449219,529.6300048828125,725.0999755859375,873.280029296875,624.2899780273438,-13894.8896484375,0,-0.4650835319436109,-0.0682156018586929,1.10353237950771,-0.6834792642545386,-0.4002586461608309,-0.6086304691710763,0.0470963215566646
1762592250.3415122,545.5399780273438,1220.7099609375,1099.5999755859375,378.9800109863281,373.5400085449219,529.6300048828125,725.0999755859375,873.280029296875,624.2899780273438,-13894.8896484375,0,-0.4849425624476159,-0.066820025522527,1.0936620144802476,-0.681723408520956,-0.3871395143156371,-0.6182153165859836,0.0564447789305118
1762592250.558089,545.5399780273438,1220.7099609375,1099.5999755859375,378.9800109863281,373.5400085449219,529.6300048828125,725.0999755859375,873.280029296875,624.2899780273438,-13894.8896484375,1,-0.4639217700080306,-0.0789937191096042,1.0131545256053314,0.9011524741666964,0.2997334075428789,-0.1139077918528084,0.2917346699677526
1762592250.558089,545.5399780273438,1220.7099609375,1099.5999755859375,378.9800109863281,373.5400085449219,529.6300048828125,725.0999755859375,873.280029296875,624.2899780273438,-13894.8896484375,0,-0.49284699102659,-0.0679579528397774,1.1170407048952926,0.873560404926177,0.3810304139020246,-0.2606019495212279,0.1542551993697476
1762592250.7441895,545.5399780273438,1220.7099609375,1099.5999755859375,378.9800109863281,373.5400085449219,529.6300048828125,725.0999755859375,873.280029296875,624.2899780273438,-13894.8896484375,0,-0.4742967715817168,-0.0644019641463699,1.0927234785929645,-0.6845366186193198,-0.3879780235074499,-0.6143977465375039,0.058293053566595
1762592250.851764,545.5399780273438,1220.7099609375,1099.5999755859375,378.9800109863281,373.5400085449219,529.6300048828125,725.0999755859375,873.280029296875,624.2899780273438,-13894.8896484375,1,-0.4619305899394327,-0.0782841094127451,1.0278123926839702,0.899697910785106,0.299440742834847,-0.0973869290354294,0.3023155585021694
1762592250.851764,545.5399780273438,1220.7099609375,1099.5999755859375,378.9800109863281,373.5400085449219,529.6300048828125,725.0999755859375,873.280029296875,624.2899780273438,-13894.8896484375,0,-0.4879636159612277,-0.0664232286542209,1.1270077311302624,-0.693887559801804,-0.393543926196897,-0.6020185883245401,0.0348834031819873
1762592250.8995378,545.5399780273438,1220.7099609375,1099.5999755859375,378.9800109863281,373.5400085449219,529.6300048828125,725.0999755859375,873.280029296875,624.2899780273438,-13894.8896484375,0,-0.4772952797791553,-0.0651142565133674,1.101459205333996,-0.687345701083126,-0.3933633036526029,-0.6083665563352114,0.0520704491520127
1762592250.9986987,545.5399780273438,1220.7099609375,1099.5999755859375,378.9800109863281,373.5400085449219,529.6300048828125,725.0999755859375,873.1900024414062,624.2899780273438,-13894.8896484375,0,-0.4861858201561657,-0.0663189842649479,1.1165219666137338,0.8728956685004201,0.3812118622813532,-0.2623695885237767,0.1545731768032583
1762592251.0488677,545.5399780273438,1220.7099609375,1099.5999755859375,378.9800109863281,373.5400085449219,529.6300048828125,725.0999755859375,873.1900024414062,624.2899780273438,-13894.8896484375,0,-0.4821350085388738,-0.0654877044573825,1.1043690643042954,-0.6894648475665418,-0.385134704456957,-0.6126246915625032,0.0316302178437896
1762592251.4325886,545.5399780273438,1242.8599853515625,1099.5999755859375,378.9800109863281,373.5400085449219,529.6300048828125,725.0999755859375,873.1099853515625,624.2899780273438,-13894.8896484375,1,-0.4928270229318006,-0.0819335029317782,1.068275386808309,0.9025103211732614,0.3158555299617541,-0.1232163811230614,0.2655713233601338
1762592251.490203,545.5399780273438,1242.8599853515625,1099.5999755859375,378.9800109863281,373.5400085449219,529.6300048828125,725.0999755859375,873.1099853515625,624.2899780273438,-13894.8896484375,1,-0.4782249349722729,-0.0795773478453829,1.032612282356845,0.908035636132978,0.2887250256869362,-0.1050371844855172,0.2847390611244115
1762592251.5367982,545.5399780273438,1255.780029296875,1099.5999755859375,378.9800109863281,373.5400085449219,529.6300048828125,725.0999755859375,873.1099853515625,624.2899780273438,-13894.8896484375,0,-0.4904118724795958,-0.0646390227405564,1.0900708923689946,-0.6828235940328358,-0.3901523114802452,-0.616470667599898,0.0386914624644659
1762592251.7152455,545.5399780273438,1255.780029296875,1099.5999755859375,378.9800109863281,373.5400085449219,529.6300048828125,725.0999755859375,873.1099853515625,624.2899780273438,-13894.8896484375,0,-0.4963804325263868,-0.062870662342941,1.0732836198043847,-0.6866016202757974,-0.3810495959169319,-0.618009950514078,0.0379884397123616
1762592251.7929947,545.5399780273438,1269.6700439453125,1099.5999755859375,378.9800109863281,373.5400085449219,529.6300048828125,725.0999755859375,873.1099853515625,624.2899780273438,-13894.8896484375,0,-0.5092666562270672,-0.0638328644344961,1.0930613935278064,-0.6941102371491901,-0.3820270278634577,-0.6096387747373988,0.0246351984605623
1762592251.852266,545.5399780273438,1269.6700439453125,1099.5999755859375,378.9800109863281,373.5400085449219,529.6300048828125,725.0999755859375,873.1099853515625,624.2899780273438,-13894.8896484375,1,-0.4843028420411311,-0.0755389191129086,0.9987791213737433,0.9059403967401224,0.2813408459497427,-0.0920241236176041,0.3027389744103732
1762592251.9713793,545.5399780273438,1282.8499755859375,1099.5999755859375,378.9800109863281,373.5400085449219,529.6300048828125,725.0999755859375,873.1099853515625,624.2899780273438,-13894.8896484375,0,-0.5199255288788066,-0.0637779527386117,1.1023089541448237,-0.6954160645297106,-0.3868098560249888,-0.6054240983279285,0.0153718456846065
1762592252.0383315,545.5399780273438,1282.8499755859375,1099.5999755859375,378.9800109863281,373.5400085449219,529.6300048828125,725.0999755859375,873.1099853515625,624.2899780273438,-13894.8896484375,1,-0.5194818764472519,-0.079207933070002,1.0575456232232243,0.9090389879109156,0.3055898678970655,-0.1123190957234812,0.2600910837233985
1762592252.0383315,545.5399780273438,1282.8499755859375,1099.5999755859375,378.9800109863281,373.5400085449219,529.6300048828125,725.0999755859375,873.1099853515625,624.2899780273438,-13894.8896484375,0,-0.5122057271610263,-0.0625169110451028,1.083875330944819,-0.6858380340543779,-0.3852387858966242,-0.6168980953763423,0.0255735958825169
1762592252.0837295,545.5399780273438,1282.8499755859375,1099.5999755859375,378.9800109863281,373.5400085449219,529.6300048828125,725.0999755859375,873.1099853515625,624.2899780273438,-13894.8896484375,0,-0.5066397985352135,-0.0615748204852642,1.0689191401511098,0.8854052897656413,0.3601466910253282,-0.2443697012730376,0.1632031951226878
1762592252.2098646,545.5399780273438,1296.0400390625,1099.5999755859375,378.9800109863281,373.5400085449219,529.6300048828125,725.0999755859375,873.1099853515625,624.2899780273438,-13894.8896484375,1,-0.5027383094667275,-0.0740713685807665,1.0156730216802894,0.91073929357141,0.2733833562290548,-0.0911075408899099,0.2958291663696804
1762592252.25144,545.5399780273438,1296.0400390625,1099.5999755859375,378.9800109863281,373.5400085449219,529.6300048828125,725.0999755859375,873.1099853515625,624.2899780273438,-13894.8896484375,0,-0.5161624815122862,-0.0596539284725049,1.079563564740157,0.8915336385630805,0.3590977774736433,-0.2405074675448081,0.1355459906420967
1762592252.416736,545.5399780273438,1298.4100341796875,1099.5999755859375,378.9800109863281,373.5400085449219,529.719970703125,725.0999755859375,873.1099853515625,624.2899780273438,-13894.8896484375,1,-0.5314537011952595,-0.0750919631113228,1.063971520384324,0.907904335492967,0.3096611008093289,-0.1230008192890295,0.2543433087243619
1762592252.645706,545.5399780273438,1298.5799560546875,1099.5999755859375,378.9800109863281,373.5400085449219,529.6300048828125,725.0999755859375,873.1099853515625,624.2899780273438,-13894.8896484375,1,-0.5021016548187852,-0.0689343403634414,0.9994690655136548,0.9121737337252336,0.2747489576076519,-0.1078594927317579,0.2842858062283857
1762592252.6968873,545.5399780273438,1298.5799560546875,1099.5999755859375,378.9800109863281,373.5400085449219,529.6300048828125,725.0999755859375,873.1099853515625,624.2899780273438,-13894.8896484375,0,-0.5251849203028197,-0.0568061712742752,1.0845531810844995,0.8966017577872132,0.3552675324712975,-0.2252966079546384,0.1383174130352689
1762592252.7546582,545.5399780273438,1298.5799560546875,1099.5999755859375,378.9800109863281,373.5400085449219,529.6300048828125,725.0999755859375,873.1099853515625,624.2899780273438,-13894.8896484375,0,-0.5169458734800311,-0.055748678766764,1.06793783953785,0.8937709920607023,0.3494175354896996,-0.2380998655994578,0.1496303901106076
1762592253.079033,545.5399780273438,1298.5799560546875,1099.5999755859375,378.9800109863281,373.5400085449219,529.6300048828125,725.0999755859375,873.1099853515625,624.2899780273438,-13894.8896484375,0,-0.5205913951557823,-0.0546036265930039,1.077814568928568,-0.6997520343254171,-0.3651684161404842,-0.6136683177094114,0.0202562126418401
1762592253.166116,545.5399780273438,1298.5799560546875,1099.5999755859375,378.9800109863281,373.5400085449219,529.6300048828125,725.0999755859375,873.1099853515625,624.2899780273438,-13894.8896484375,0,-0.5319011936274165,-0.0562071917531868,1.0996464336794085,0.8951152951798298,0.3634424087057331,-0.2247305124230396,0.1271786958392759
1762592253.3858082,545.5399780273438,1298.5799560546875,1099.68994140625,378.9800109863281,373.5400085449219,529.6300048828125,725.0999755859375,873.1099853515625,624.2899780273438,-13894.8896484375,1,-0.5320282982267476,-0.0711821473950527,1.0571114946523106,0.9131087206421402,0.3042189889095869,-0.1238545124686446,0.2415436416369866
1762592253.4696598,545.5399780273438,1298.5799560546875,1099.68994140625,378.9800109863281,373.5400085449219,529.6300048828125,725.0999755859375,873.1099853515625,624.2899780273438,-13894.8896484375,0,-0.5272912547009138,-0.0553768499244719,1.0909399420971932,0.8931689331591538,0.3551066024972449,-0.2289367903860612,0.1540665561045992
1762592254.0116355,574.5399780273438,1297.0,1099.5999755859375,378.9800109863281,373.5400085449219,529.6300048828125,725.0999755859375,873.02001953125,624.2899780273438,-13894.8896484375,1,-0.5168819484367402,-0.0689675098922373,1.0296145559597798,0.9197873793725246,0.2668879523434713,-0.1042879539934436,0.2681156845333631
1762592254.2298882,589.6599731445312,1297.0899658203125,1099.5999755859375,378.9800109863281,373.5400085449219,529.6300048828125,725.0999755859375,873.02001953125,624.2899780273438,-13894.8896484375,0,-0.5100815897203259,-0.051960973990326,1.055668110567283,-0.6972312777755456,-0.3579617798952541,-0.6197819932953608,0.0400273682938431
1762592254.4298563,601.9600219726562,1297.0,1099.5999755859375,378.9800109863281,373.5400085449219,529.6300048828125,725.0999755859375,873.02001953125,624.2899780273438,-13894.8896484375,0,-0.509300104052208,-0.0521289854612196,1.0552313202986827,-0.6937883639237912,-0.3662636016448043,-0.6190173334885599,0.0364173177875312
1762592255.072901,632.3699951171875,1297.0,1099.5999755859375,378.9800109863281,373.5400085449219,529.6300048828125,725.0999755859375,872.9299926757812,624.2899780273438,-13894.8896484375,0,-0.5024759424558938,-0.0518171085824323,1.0337772733890858,0.6943013461641493,0.3579086662136562,0.6239145339698737,0.0240350091526344
1762592255.7203798,632.3699951171875,1297.0,1099.5999755859375,378.9800109863281,373.5400085449219,529.6300048828125,725.0999755859375,872.9299926757812,624.2899780273438,-13894.8896484375,1,-0.5061723199046454,-0.0657467440279956,1.0057719992305787,0.9146283466358692,0.2721637458835336,-0.098349673894737,0.2823282214047654
1762592255.899959,632.3699951171875,1297.0,1099.5999755859375,378.9800109863281,373.5400085449219,529.6300048828125,725.0999755859375,872.9299926757812,624.2899780273438,-13894.8896484375,1,-0.5321263086395916,-0.0687186062950869,1.0542934250271208,0.9116329837874476,0.2934292054463384,-0.1308909176643401,0.2563048418093444
1762592255.939471,632.3699951171875,1297.0,1099.5999755859375,378.9800109863281,373.5400085449219,529.6300048828125,725.0999755859375,872.9299926757812,624.2899780273438,-13894.8896484375,0,-0.533740626214666,-0.0530222249983189,1.1013378649931331,0.701732046965715,0.3726192787343355,0.6072180514873395,0.0036394126902379
1762592256.901191,632.4600219726562,1297.0,1099.5999755859375,378.9800109863281,373.5400085449219,529.6300048828125,725.0999755859375,872.9299926757812,624.2899780273438,-13894.8896484375,1,-0.4961277420389904,-0.0638746803025035,0.9879387617550428,0.9106990458373544,0.2728477584544416,-0.1052495462825023,0.2917256958593917
1762592258.1943686,632.6400146484375,1297.0,1099.5999755859375,378.9800109863281,373.5400085449219,529.6300048828125,725.0999755859375,872.9299926757812,624.2899780273438,-13894.8896484375,1,-0.5357545473399496,-0.0680731497251606,1.064396375745074,-0.7459062444385447,-0.3665951954191249,-0.5361987300705121,0.1473864277129001
1762592258.3180785,632.5499877929688,1297.0,1099.5999755859375,378.9800109863281,373.5400085449219,529.6300048828125,725.0999755859375,872.9299926757812,624.2899780273438,-13894.8896484375,1,-0.5084757927456495,-0.064888049233176,1.0121493404616202,0.9157871049115296,0.2672960015907998,-0.1104083791706393,0.2787414856461849
1762592258.5462742,632.6400146484375,1297.0,1099.5999755859375,378.9800109863281,373.5400085449219,529.6300048828125,725.0999755859375,872.9299926757812,624.2899780273438,-13894.8896484375,0,-0.5069566143343565,-0.0492855593232434,1.047251125324722,-0.6909976243930933,-0.3618325643943938,-0.6243966504658618,0.0415728434665109
1762592259.1695068,632.6400146484375,1297.0,1099.5999755859375,378.9800109863281,373.5400085449219,529.6300048828125,725.0999755859375,872.9299926757812,624.2899780273438,-13894.8896484375,1,-0.4980745600080996,-0.0632091021333735,0.9914503035240794,0.9120666164429114,0.268168225420214,-0.1164530010413408,0.2875047627324075
1762592259.459086,632.6400146484375,1297.0,1099.5999755859375,378.9800109863281,373.5400085449219,529.6300048828125,725.0999755859375,872.9299926757812,624.2899780273438,-13894.8896484375,0,-0.5111771700629101,-0.0493341514668624,1.0563618549230993,-0.6969917806262486,-0.3581533650788072,-0.6200968018427923,0.037531069349525
1762592259.5230155,632.5499877929688,1297.0,1099.5999755859375,378.9800109863281,373.5400085449219,529.6300048828125,725.0999755859375,872.9299926757812,624.2899780273438,-13894.8896484375,0,-0.5159691691616417,-0.0497611556273939,1.0654710548165922,-0.7022513530597244,-0.35487113481026,-0.6170502572897923,0.0125894711114323
1762592260.6360738,632.6400146484375,1297.0,1099.5999755859375,378.9800109863281,373.5400085449219,529.6300048828125,725.0999755859375,872.9299926757812,624.2899780273438,-13894.8896484375,1,-0.5116129825265986,-0.0645302010113605,1.0180309553451623,0.918368365236368,0.2649189419655403,-0.1011361213351799,0.276023522334991
1762592261.455347,632.6400146484375,1297.0,1099.5999755859375,378.9800109863281,373.5400085449219,529.6300048828125,725.0999755859375,872.9299926757812,624.2899780273438,-13894.8896484375,0,-0.5176850107140959,-0.0497893243951327,1.0702027722751282,-0.6968705403002242,-0.3608298565199511,-0.6193500865461581,0.0240569117039533
1762592262.5507631,632.6400146484375,1297.0,1099.5999755859375,378.9800109863281,373.5400085449219,529.6300048828125,725.0999755859375,872.9299926757812,624.2899780273438,-13894.8896484375,1,-0.541314491215217,-0.0673892398026934,1.0755607368348257,0.9153199750019976,0.2933861881098287,-0.1262927069699357,0.2452835912875804
1762592263.1903615,632.6400146484375,1297.0,1099.5999755859375,378.9800109863281,373.5400085449219,529.6300048828125,725.0999755859375,872.9299926757812,624.2899780273438,-13894.8896484375,0,-0.4949010892512768,-0.0477838367004351,1.0231261100500788,0.6958911643303539,0.3563718661735974,0.623350537391563,0.0129879921674484
1762592264.239787,632.6400146484375,1297.0,1099.5999755859375,378.9800109863281,373.5400085449219,529.6300048828125,725.0999755859375,872.9299926757812,624.2899780273438,-13894.8896484375,0,-0.5219800395519745,-0.0494953504783666,1.0783344319975947,0.9006870048841213,0.3378570626631517,-0.2320401957292372,0.1441279709405336
1762592264.6627357,632.6400146484375,1297.0,1099.5999755859375,378.9800109863281,373.5400085449219,529.6300048828125,725.0999755859375,872.9299926757812,624.2899780273438,-13894.8896484375,0,-0.5260479272320763,-0.0498097539310376,1.087490401981394,-0.7029524312099202,-0.3708604809899389,-0.6068094968985096,0.0101300330577609
1762592265.5503087,632.6400146484375,1297.0,1099.5999755859375,378.9800109863281,373.5400085449219,529.6300048828125,725.0999755859375,872.9299926757812,624.2899780273438,-13894.8896484375,0,-0.5306091153517138,-0.0499524026711279,1.0969792383894927,0.9000558771822086,0.352262088836507,-0.2176227048761133,0.1358351833683387
1762592268.5513566,592.3800048828125,1252.43994140625,1056.6199951171875,332.489990234375,329.3299865722656,486.3900146484375,681.1500244140625,828.3699951171875,580.25,-13467.5703125,1,-0.529279445737587,0.0032237227735522,0.9537186965992402,0.9437654670853236,0.2128832126966207,-0.1142761303491381,0.2256733190291074
1762592268.5513566,592.3800048828125,1252.43994140625,1056.6199951171875,332.489990234375,329.3299865722656,486.3900146484375,681.1500244140625,828.3699951171875,580.25,-13467.5703125,0,-0.5695581464517644,0.0176999437087995,1.069238852143235,0.9268931063037578,0.2485318884237871,-0.2384133950570634,0.1491982673506693
1762592268.652722,592.3800048828125,1252.43994140625,1056.6199951171875,332.489990234375,329.3299865722656,486.3900146484375,681.1500244140625,828.3699951171875,580.25,-13400.330078125,0,-0.5812850510224535,0.0171210423155278,1.057303051943839,0.9308267811308892,0.2318389079406193,-0.2392132628865697,0.1502971694795659
1762592268.7308526,579.02001953125,1238.72998046875,1042.9100341796875,318.69000244140625,315.5299987792969,472.8500061035156,667.6199951171875,814.6599731445312,566.4600219726562,-13332.0400390625,1,-0.571118134477746,0.0042542848689233,0.9877429551493292,0.9603607278105708,0.2069221815810413,-0.0987548927749438,0.1585495329602166
1762592268.7308526,579.02001953125,1238.72998046875,1042.9100341796875,318.69000244140625,315.5299987792969,472.8500061035156,667.6199951171875,814.6599731445312,566.4600219726562,-13332.0400390625,0,-0.5793763135853194,0.0171297937838861,1.04629191255021,0.9307961713305908,0.2251886409922324,-0.2444127034688613,0.1522202147792058
1762592268.7945812,579.02001953125,1238.72998046875,1042.9100341796875,318.69000244140625,315.5299987792969,472.8500061035156,667.6199951171875,814.6599731445312,566.4600219726562,-13332.0400390625,1,-0.5806294736239036,0.0056597165403432,0.9983091217718204,-0.7833682973510971,-0.2608116859849352,-0.5628038908824706,0.0395367622155758
1762592268.7945812,579.02001953125,1238.72998046875,1042.9100341796875,318.69000244140625,315.5299987792969,472.8500061035156,667.6199951171875,814.6599731445312,566.4600219726562,-13332.0400390625,0,-0.5643479501611292,0.0183032362344425,1.0132078818204593,-0.6917599971603301,-0.2648631494680603,-0.6709454605881829,0.0338793048734971
1762592268.881137,579.02001953125,1238.72998046875,1042.9100341796875,318.69000244140625,315.5299987792969,472.8500061035156,667.6199951171875,814.6599731445312,566.4600219726562,-13272.099609375,0,-0.5804572964142037,0.0287511605230313,1.015225521833332,-0.7032726374286656,-0.2300953832817329,-0.6723078787502008,0.0215830536988264
1762592268.9731889,565.1400146484375,1225.1099853515625,1029.4599609375,304.9800109863281,301.6400146484375,459.0499877929688,653.989990234375,801.2100219726562,552.5700073242188,-13206.5302734375,1,-0.5993877525454897,0.0305845125208946,0.9854367995198576,0.7928499139350161,0.2466331140944646,0.5572760613875065,0.002124243331753
1762592268.9731889,565.1400146484375,1225.1099853515625,1029.4599609375,304.9800109863281,301.6400146484375,459.0499877929688,653.989990234375,801.2100219726562,552.5700073242188,-13206.5302734375,0,-0.5818668232508609,0.0417764766032781,0.999130950600335,-0.6993317654427915,-0.2088058160889061,-0.6833959790674283,0.0174685089399618
1762592269.0401137,565.1400146484375,1225.1099853515625,1029.4599609375,304.9800109863281,301.6400146484375,459.0499877929688,653.989990234375,801.2100219726562,552.5700073242188,-13146.419921875,1,-0.6022883450799461,0.0350411500703737,0.9861215272245036,0.8004617981294311,0.23570360990003,0.55105719813127,0.0063782758804234
1762592269.0401137,565.1400146484375,1225.1099853515625,1029.4599609375,304.9800109863281,301.6400146484375,459.0499877929688,653.989990234375,801.2100219726562,552.5700073242188,-13146.419921875,0,-0.5986394442422455,0.047555832860407,1.022866411534704,-0.7034764203066693,-0.2136822200545534,-0.6776287450859229,0.0167367481414191
1762592269.0788884,565.1400146484375,1225.1099853515625,1029.4599609375,304.9800109863281,301.6400146484375,459.0499877929688,653.989990234375,801.2100219726562,552.5700073242188,-13146.419921875,0,-0.5868246023418092,0.0509601698394848,0.9971574588551472,0.9448416114967552,0.1464462336074934,-0.2503123072996213,0.152222135909119
1762592269.1418982,551.25,1211.6600341796875,1015.6599731445312,291.010009765625,288.0199890136719,445.3399963378906,640.4600219726562,787.5900268554688,538.8599853515625,-13077.330078125,1,-0.619733432042579,0.0452655714430293,1.004315340938526,0.8088234494012623,0.2330829278410872,0.5397941274111447,0.0099637573290081
1762592269.1418982,551.25,1211.6600341796875,1015.6599731445312,291.010009765625,288.0199890136719,445.3399963378906,640.4600219726562,787.5900268554688,538.8599853515625,-13077.330078125,0,-0.5903775605410214,0.0553309393449499,0.998308869529698,0.9450434065514568,0.145520781581449,-0.2495549739016435,0.1530979322606682
1762592269.2055202,551.25,1211.6600341796875,1015.6599731445312,291.010009765625,288.0199890136719,445.3399963378906,640.4600219726562,787.5900268554688,538.8599853515625,-13016.0703125,1,-0.5960166146376491,0.0475378218761822,0.9608077102247696,0.9677537355414833,0.1744551505370905,-0.0784714376550145,0.1638912482988066
1762592269.268621,551.25,1211.6600341796875,1015.6599731445312,291.010009765625,288.0199890136719,445.3399963378906,640.4600219726562,787.5900268554688,538.8599853515625,-13016.0703125,1,-0.613316204206804,0.0529205738938486,0.9853040525391232,-0.8076801417946833,-0.2273735805028673,-0.5440144555613724,0.0015217030229596
1762592269.268621,551.25,1211.6600341796875,1015.6599731445312,291.010009765625,288.0199890136719,445.3399963378906,640.4600219726562,787.5900268554688,538.8599853515625,-13016.0703125,0,-0.6012255497582913,0.0650261097892692,1.0083711557202495,-0.7027478717353782,-0.2079654417910622,-0.6803623288127447,0.0017045012594017
1762592269.319003,537.4500122070312,1198.2099609375,1001.6900024414062,277.2099914550781,274.3900146484375,431.5400085449219,626.8400268554688,773.8800048828125,527.260009765625,-12948.2197265625,1,-0.6012599087313658,0.0557727608121457,0.9612198819893388,0.7872274300913332,0.2290952061035795,0.5721166905027217,0.0216991313274613
1762592269.3902254,537.4500122070312,1198.2099609375,1001.6900024414062,277.2099914550781,274.3900146484375,431.5400085449219,626.8400268554688,773.8800048828125,527.260009765625,-12948.2197265625,0,-0.5918588644934307,0.0702701299611111,0.9852354485585412,-0.7008402701640661,-0.2081963364896399,-0.6822588109282274,0.0003407336978613
1762592269.4554412,537.4500122070312,1198.2099609375,1001.6900024414062,277.2099914550781,274.3900146484375,431.5400085449219,626.8400268554688,773.8800048828125,527.260009765625,-12882.2197265625,1,-0.609775994653846,0.0628149914055849,0.9684241174001166,0.7998511051463197,0.2232386170385381,0.557009839776543,0.0119485501648489
1762592269.4554412,537.4500122070312,1198.2099609375,1001.6900024414062,277.2099914550781,274.3900146484375,431.5400085449219,626.8400268554688,773.8800048828125,527.260009765625,-12882.2197265625,0,-0.5883900631620705,0.0729435049807696,0.9759529760482064,-0.6974073044761232,-0.2051083105137962,-0.6866909445396834,0.0030297374014679
1762592269.5176084,523.9199829101562,1183.8900146484375,987.8900146484376,263.2300109863281,260.6000061035156,417.739990234375,613.5599975585938,760.25,526.989990234375,-12823.419921875,1,-0.6097572278709142,0.0685998384897657,0.9579445564553596,0.9688885627116344,0.1653007396669131,-0.0673299887869619,0.1714563825644942
1762592269.5176084,523.9199829101562,1183.8900146484375,987.8900146484376,263.2300109863281,260.6000061035156,417.739990234375,613.5599975585938,760.25,526.989990234375,-12823.419921875,0,-0.6062944092011185,0.0810353262272066,0.9955347985080129,0.6990470151703343,0.1985490958667431,0.686953015408742,0.0026611525289034
1762592269.5963795,523.9199829101562,1183.8900146484375,987.8900146484376,263.2300109863281,260.6000061035156,417.739990234375,613.5599975585938,760.25,526.989990234375,-12823.419921875,0,-0.5926420343181258,0.0818762017561562,0.9674020645294656,0.6855778639494747,0.2069019494332525,0.6978845849438685,0.0114752725858642
1762592269.660433,523.9199829101562,1183.8900146484375,987.8900146484376,263.2300109863281,260.6000061035156,417.739990234375,613.5599975585938,760.25,526.989990234375,-12757.849609375,1,-0.6107736191953376,0.0744001799860131,0.9461592482700611,0.9749976868471426,0.1427921475553246,-0.0566818655011236,0.1605524193606941
1762592269.726471,510.0299987792969,1170.3499755859375,973.8300170898438,249.1699981689453,246.8800048828125,404.2999877929688,599.8499755859375,746.4600219726562,526.989990234375,-12697.650390625,1,-0.6105452847847709,0.0766860236388882,0.9345987979625812,0.9749737957772456,0.1460822506919571,-0.0535317240055739,0.1588094081138561
1762592269.726471,510.0299987792969,1170.3499755859375,973.8300170898438,249.1699981689453,246.8800048828125,404.2999877929688,599.8499755859375,746.4600219726562,526.989990234375,-12697.650390625,0,-0.5976719091437999,0.0879338741615696,0.9556813573724832,0.6838844529564582,0.2100973750351726,0.6983788181315272,0.0206923752379295
1762592269.7928338,510.0299987792969,1170.3499755859375,973.8300170898438,249.1699981689453,246.8800048828125,404.2999877929688,599.8499755859375,746.4600219726562,526.989990234375,-12697.650390625,1,-0.6259957454665471,0.0821484310649859,0.9491042812993004,0.9758195916924802,0.1411332745657862,-0.0385833491697103,0.1623848775172981
1762592269.7928338,510.0299987792969,1170.3499755859375,973.8300170898438,249.1699981689453,246.8800048828125,404.2999877929688,599.8499755859375,746.4600219726562,526.989990234375,-12697.650390625,0,-0.6069750218578898,0.0922663053167225,0.9614151491302309,0.6777936701181032,0.2043145545080041,0.7061307885933015,0.0151859462869467
1762592269.8638854,510.0299987792969,1170.3499755859375,973.8300170898438,249.1699981689453,246.8800048828125,404.2999877929688,599.8499755859375,746.4600219726562,526.989990234375,-12631.6396484375,1,-0.6128489771772161,0.0824605119764297,0.9249446750272874,0.7947391451634045,0.2144681171061272,0.5673044795954855,0.0236377943300336
1762592269.8638854,510.0299987792969,1170.3499755859375,973.8300170898438,249.1699981689453,246.8800048828125,404.2999877929688,599.8499755859375,746.4600219726562,526.989990234375,-12631.6396484375,0,-0.6060142719684392,0.0941738758841489,0.9549675206640494,0.9500779770074104,0.1149586093358457,-0.2488808857695953,0.1489787248019543
1762592269.911036,510.0299987792969,1170.3499755859375,973.8300170898438,249.1699981689453,246.8800048828125,404.2999877929688,599.8499755859375,746.4600219726562,526.989990234375,-12572.3095703125,0,-0.6202113499785402,0.0981026316726538,0.9729533677497514,0.6871111241875166,0.2068852056176041,0.6960684798840453,0.0237799500891654
1762592269.9530294,496.5799865722656,1156.9000244140625,959.9400024414062,235.72000122070312,233.259994506836,390.5899963378906,586.0499877929688,732.5700073242188,526.989990234375,-12572.3095703125,0,-0.6267099113760655,0.1014234074225146,0.9784203503583216,0.9543703386186364,0.1246991402109233,-0.2333056632624398,0.1385490840290142
1762592269.9933112,496.5799865722656,1156.9000244140625,959.9400024414062,235.72000122070312,233.259994506836,390.5899963378906,586.0499877929688,732.5700073242188,526.989990234375,-12572.3095703125,0,-0.6166362971251581,0.1029297358508407,0.9592185525210656,0.6825381646296967,0.1966778920346623,0.7029780765101826,0.0357950353369103
1762592270.030715,496.5799865722656,1156.9000244140625,959.9400024414062,235.72000122070312,233.259994506836,390.5899963378906,586.0499877929688,732.5700073242188,526.989990234375,-12508.9501953125,0,-0.6068798525236708,0.1103014987879397,0.9325563953012536,0.6738229618524016,0.191538359639928,0.7126028455203006,0.0383778246292425
1762592270.098071,496.5799865722656,1156.9000244140625,959.9400024414062,235.72000122070312,233.259994506836,390.5899963378906,586.0499877929688,732.5700073242188,526.989990234375,-12508.9501953125,0,-0.6300587777022065,0.1216881845391928,0.9615169626601432,0.6820467532802488,0.183731075332119,0.705797686112317,0.0538956823472362
1762592270.1430154,483.1300048828125,1143.1099853515625,946.1400146484376,221.9199981689453,219.3699951171875,376.260009765625,572.780029296875,718.9500122070312,526.8200073242188,-12449.3603515625,0,-0.6420070921605822,0.127768480365124,0.9764959746479762,0.9600396892601332,0.1300960570184306,-0.2187730427446795,0.1163493307320619
1762592270.42395,469.0700073242188,1129.5699462890625,932.260009765625,208.3000030517578,205.75,362.2900085449219,558.4600219726562,705.1500244140625,526.8200073242188,-12274.98046875,0,-0.6440676224937358,0.1627605532539172,0.970329169997452,0.9650345001976433,0.080644642579138,-0.2146795794645261,0.1269548471406362
1762592270.4753532,469.0700073242188,1129.5699462890625,932.260009765625,208.3000030517578,205.75,362.2900085449219,558.4600219726562,705.1500244140625,526.8200073242188,-12274.98046875,0,-0.6323098259679719,0.1605066284328138,0.9526559529721176,0.6870685123417037,0.1576439964832865,0.7062827841274343,0.0651909392978488
1762592270.5276403,455.4500122070313,1116.1199951171875,918.3699951171876,194.7700042724609,192.1300048828125,348.57000732421875,544.6599731445312,691.4400024414062,526.8200073242188,-12211.259765625,0,-0.6299682547998575,0.1599995093144287,0.9496465714121916,0.6872047257809586,0.1654376631329166,0.7050463315267823,0.057356036143232
1762592270.5797822,455.4500122070313,1116.1199951171875,918.3699951171876,194.7700042724609,192.1300048828125,348.57000732421875,544.6599731445312,691.4400024414062,526.8200073242188,-12211.259765625,0,-0.6416862169842925,0.1628990153125377,0.967002182645507,0.9636495465373884,0.0914046895118753,-0.2192385448500385,0.1223077865287461
1762592270.6647978,455.4500122070313,1116.1199951171875,918.3699951171876,194.7700042724609,192.1300048828125,348.57000732421875,544.6599731445312,691.4400024414062,526.8200073242188,-12151.41015625,0,-0.616551534860423,0.1583448525528651,0.9299143698379948,0.6670928833709422,0.1628222479556575,0.7255615169228197,0.0451274382960727
1762592270.8026593,442.0,1102.1500244140625,904.3900146484376,181.32000732421875,178.24000549316406,334.8599853515625,530.9500122070312,677.8099975585938,526.8200073242188,-12100.25,0,-0.6230334417299077,0.1613403142582652,0.9425130225965362,0.6814508410495088,0.1574898502906496,0.7134071081717068,0.0432665725292468
1762592271.1323154,414.5799865722656,1074.6400146484375,876.7999877929688,154.69000244140625,150.91000366210938,307.6199951171875,503.4400024414063,650.2999877929688,526.72998046875,-11877.1904296875,0,-0.6441404215580098,0.1788734818816448,0.9889559873831398,0.9641900579349828,0.0548551997466985,-0.2109520065456394,0.1510883522130431
1762592271.17755,414.5799865722656,1074.6400146484375,876.7999877929688,154.69000244140625,150.91000366210938,307.6199951171875,503.4400024414063,650.2999877929688,526.72998046875,-11877.1904296875,0,-0.6147328520234913,0.1719413725126897,0.94671735964629,0.6897050433159787,0.152473910882001,0.7067932331715207,0.0387554546844734
1762592271.216032,414.5799865722656,1074.6400146484375,876.7999877929688,154.69000244140625,150.91000366210938,307.6199951171875,503.4400024414063,650.2999877929688,526.72998046875,-11817.25,0,-0.6360203079943604,0.1784715209949659,0.9816758475750116,0.7061666035101736,0.14838017492324,0.6904157614531503,0.0513627113159031
1762592271.3752725,400.7799987792969,1060.9300537109375,863.0,140.6199951171875,137.1999969482422,293.7300109863281,490.1700134277344,636.8599853515625,526.72998046875,-11760.4697265625,0,-0.6188813716676727,0.1752878243056699,0.9670440652386646,0.6975291855808148,0.1552575059374635,0.6986132952709903,0.0358832242649963
1762592271.4904425,400.7799987792969,1060.9300537109375,863.0,140.6199951171875,137.1999969482422,293.7300109863281,490.1700134277344,636.8599853515625,526.72998046875,-11711.33984375,0,-0.6104344841010716,0.1724242365734286,0.9559989038967212,0.6950566186744769,0.1524910718118251,0.7019415186093765,0.0303459108752092
1762592271.6481342,386.80999755859375,1047.3900146484375,849.6400146484375,127.2699966430664,123.66000366210938,279.760009765625,476.2799987792969,623.1400146484375,526.72998046875,-11601.3896484375,1,-0.625235963775094,0.1629906796494443,0.939460043351977,0.9822741387245668,0.1151013707227927,-0.0664714999359097,0.1321768911229001
1762592271.6481342,386.80999755859375,1047.3900146484375,849.6400146484375,127.2699966430664,123.66000366210938,279.760009765625,476.2799987792969,623.1400146484375,526.72998046875,-11601.3896484375,0,-0.6210796720222077,0.1747249061071782,0.976527296219631,0.7090235138791166,0.154111153769289,0.6876730545765958,0.0253215137719555
1762592271.7108593,386.80999755859375,1047.3900146484375,849.6400146484375,127.2699966430664,123.66000366210938,279.760009765625,476.2799987792969,623.1400146484375,526.72998046875,-11542.9404296875,0,-0.6252819375177275,0.1753699749499487,0.985082126349302,0.7078166199266841,0.1611612839179701,0.6872393604321062,0.0269208951252602
1762592271.8020704,372.739990234375,1033.6800537109375,835.75,113.12000274658205,109.77999877929688,266.0400085449219,462.2999877929688,609.260009765625,526.72998046875,-11489.849609375,0,-0.6094065927478644,0.1692266083969575,0.9622595855730198,0.702082514763356,0.1554719486473656,0.6947583403836773,0.014814321269338
1762592271.8655486,372.739990234375,1033.6800537109375,835.75,113.12000274658205,109.77999877929688,266.0400085449219,462.2999877929688,609.260009765625,526.72998046875,-11489.849609375,0,-0.6152603954149096,0.1706296468854634,0.9712236270721036,0.7017898408006902,0.1656961442135623,0.6922856258334256,0.0278643034386765
1762592271.9317348,358.510009765625,1020.0599975585938,821.5999755859375,99.4000015258789,95.9800033569336,252.25,448.5899963378906,595.719970703125,526.72998046875,-11434.3896484375,1,-0.6217973327395877,0.158745470983656,0.9383542253471154,0.9822100631017188,0.1152806413421723,-0.0673539883299855,0.1320500129856094
1762592271.9317348,358.510009765625,1020.0599975585938,821.5999755859375,99.4000015258789,95.9800033569336,252.25,448.5899963378906,595.719970703125,526.72998046875,-11434.3896484375,0,-0.6364800365369258,0.1751574583495159,1.004410903279854,0.961823636844122,0.0607240610918545,-0.2082732868440446,0.166823613435382
1762592271.9880583,358.510009765625,1020.0599975585938,821.5999755859375,99.4000015258789,95.9800033569336,252.25,448.5899963378906,595.719970703125,526.72998046875,-11434.3896484375,0,-0.6143304816414535,0.1686385059290207,0.9680801207977904,0.955715769274527,0.0439025608155411,-0.2283105848316026,0.180427853635985
1762592272.048899,358.510009765625,1020.0599975585938,821.5999755859375,99.4000015258789,95.9800033569336,252.25,448.5899963378906,595.719970703125,526.72998046875,-11380.080078125,0,-0.6049895505640497,0.1652020330336439,0.9550143327957016,0.6962720750282465,0.1669988449694291,0.6980763955317765,0.0024350187060965
1762592272.152859,345.1499938964844,1006.3499755859376,807.8900146484375,85.25,82.3499984741211,238.4499969482422,434.7900085449219,581.9199829101562,526.72998046875,-11334.5498046875,0,-0.6167037864405445,0.168452424138472,0.9737842018336724,0.705946183685426,0.1763754078887775,0.6859108626255362,0.0076151010723986
1762592272.2242622,345.1499938964844,1006.3499755859376,807.8900146484375,85.25,82.3499984741211,238.4499969482422,434.7900085449219,581.9199829101562,526.72998046875,-11277.419921875,1,-0.6351390579667417,0.1604856533550117,0.9638008234501266,0.8095140177332727,0.1844740141177738,0.5465972173776579,0.1090315328866447
1762592272.2869446,345.1499938964844,1006.3499755859376,807.8900146484375,85.25,82.3499984741211,238.4499969482422,434.7900085449219,581.9199829101562,526.72998046875,-11277.419921875,1,-0.6273332585684416,0.1587463155483345,0.9576467611413644,0.9815605717335986,0.1473322850846586,-0.0442949688546938,0.1134460114940387
1762592272.4126434,331.7900085449219,992.5499877929688,794.3599853515625,71.27999877929688,68.55000305175781,225.0,421.0,568.2100219726562,526.6400146484375,-11169.400390625,0,-0.6114626421265837,0.1672215570432555,0.9819759348233674,-0.7137630980036204,-0.1693359066264136,-0.6794436531329276,0.0149637185440933
1762592272.4771998,331.7900085449219,992.5499877929688,794.3599853515625,71.27999877929688,68.55000305175781,225.0,421.0,568.2100219726562,526.6400146484375,-11169.400390625,1,-0.6117225028996621,0.1532347615558073,0.9418159949058502,0.9780080735874832,0.149206104576686,-0.0895970748782762,0.114935244933865
1762592272.524275,318.0799865722656,979.010009765625,780.9099731445312,57.040000915527344,55.02000045776367,211.2899932861328,407.3699951171875,554.5,526.72998046875,-11111.3095703125,1,-0.6321114197405081,0.1586544507654237,0.9781673936219693,0.8070177760502845,0.1949215391689002,0.5453667228394011,0.1153388066796772
1762592272.5898404,318.0799865722656,979.010009765625,780.9099731445312,57.040000915527344,55.02000045776367,211.2899932861328,407.3699951171875,554.5,526.72998046875,-11111.3095703125,1,-0.6135697184134797,0.1563315312386219,0.9565959496651772,0.9766817360957128,0.1632005450305712,-0.0839102292226785,0.1114335762263166
1762592272.5898404,318.0799865722656,979.010009765625,780.9099731445312,57.040000915527344,55.02000045776367,211.2899932861328,407.3699951171875,554.5,526.72998046875,-11111.3095703125,0,-0.6002837833886522,0.1667185360249627,0.9790237250793636,-0.7119815601154508,-0.1738890713757964,-0.6800639529759342,0.0189174198657796
1762592272.6681244,318.0799865722656,979.010009765625,780.9099731445312,57.040000915527344,55.02000045776367,211.2899932861328,407.3699951171875,554.5,526.72998046875,-11062.7099609375,1,-0.6088220937662193,0.1552139754544653,0.9507873344628838,0.9781642660531216,0.1554670471869501,-0.092010697892761,0.1027555221339252
1762592272.6681244,318.0799865722656,979.010009765625,780.9099731445312,57.040000915527344,55.02000045776367,211.2899932861328,407.3699951171875,554.5,526.72998046875,-11062.7099609375,0,-0.5979009576946238,0.1659477605245955,0.9765692696731728,-0.7072252651037214,-0.1778347156174802,-0.6839623694948681,0.0200677710567605
1762592272.7356584,304.45001220703125,965.2999877929688,767.4600219726562,43.2400016784668,41.310001373291016,197.4900054931641,393.9299926757813,540.6199951171875,526.6400146484375,-11008.650390625,1,-0.6199768251146324,0.1584607848981935,0.9706803090475564,0.9781472749257136,0.1600607730781275,-0.0699525032400287,0.1127612733498809
1762592272.7356584,304.45001220703125,965.2999877929688,767.4600219726562,43.2400016784668,41.310001373291016,197.4900054931641,393.9299926757813,540.6199951171875,526.6400146484375,-11008.650390625,0,-0.6007504197290051,0.1669585296467358,0.9835411812401588,-0.7169564731231645,-0.1773187400592758,-0.6734331715699197,0.0319255931795043
1762592272.8032155,304.45001220703125,965.2999877929688,767.4600219726562,43.2400016784668,41.310001373291016,197.4900054931641,393.9299926757813,540.6199951171875,526.6400146484375,-10963.740234375,0,-0.5887498965208416,0.1635585167373346,0.9655919024810006,-0.6968817115935656,-0.1754941312272384,-0.6949597560785549,0.0242616442652755
1762592272.869113,304.45001220703125,965.2999877929688,767.4600219726562,43.2400016784668,41.310001373291016,197.4900054931641,393.9299926757813,540.6199951171875,526.6400146484375,-10963.740234375,1,-0.6253010680044568,0.158818166289803,0.9857444013335812,0.7979625542397982,0.2116707735687288,0.5478126824377725,0.1354714383486251
1762592272.869113,304.45001220703125,965.2999877929688,767.4600219726562,43.2400016784668,41.310001373291016,197.4900054931641,393.9299926757813,540.6199951171875,526.6400146484375,-10963.740234375,0,-0.5994668872145619,0.1655051959189931,0.9875469601890272,-0.7147485039314045,-0.1732520769134476,-0.6770333876728584,0.0272779388739176
1762592272.9459152,290.3900146484375,951.6799926757812,754.0999755859375,29.530000686645508,27.600000381469727,183.6000061035156,379.6000061035156,526.72998046875,526.6400146484375,-10910.5703125,0,-0.6068631306599751,0.1667886362345103,1.0009097945517489,0.9525206147649096,0.0405772842993269,-0.2188409241729513,0.2077657631899415
1762592272.999126,290.3900146484375,951.6799926757812,754.0999755859375,29.530000686645508,27.600000381469727,183.6000061035156,379.6000061035156,526.72998046875,526.6400146484375,-10910.5703125,1,-0.6174415422015944,0.1481604410327701,0.9870231270928768,0.9734680572569354,0.1830397460962941,-0.0735367801741198,0.1159686803022055
1762592273.0863495,290.3900146484375,951.6799926757812,754.0999755859375,29.530000686645508,27.600000381469727,183.6000061035156,379.6000061035156,526.72998046875,526.6400146484375,-10861.7001953125,1,-0.6044374837383544,0.1428647629653323,0.9713278443018396,0.7867083680356443,0.2285336615680244,0.56071735684861,0.1202428996727608
1762592273.0863495,290.3900146484375,951.6799926757812,754.0999755859375,29.530000686645508,27.600000381469727,183.6000061035156,379.6000061035156,526.72998046875,526.6400146484375,-10861.7001953125,0,-0.6052268508957319,0.1574860659200006,1.016017843701608,-0.7291813725555658,-0.1931156443529572,-0.6549721305164361,0.0448595817065201
1762592273.1709802,276.7699890136719,938.1400146484376,740.47998046875,15.640000343322754,16.0,169.97999572753906,365.7999877929688,513.02001953125,526.6400146484375,-10805.8896484375,0,-0.5869936135623226,0.1520416194055404,0.9878001716584296,-0.7145791234353127,-0.1979309433411031,-0.6693342460416057,0.0468154364973401
1762592273.2346306,276.7699890136719,938.1400146484376,740.47998046875,15.640000343322754,16.0,169.97999572753906,365.7999877929688,513.02001953125,526.6400146484375,-10749.4599609375,1,-0.6089391610743174,0.1442306350627616,0.985625514805114,0.9714510601217105,0.2007576332900113,-0.0742870596133127,0.102277286032661
1762592273.298934,276.7699890136719,938.1400146484376,740.47998046875,15.640000343322754,16.0,169.97999572753906,365.7999877929688,513.02001953125,526.6400146484375,-10749.4599609375,0,-0.5870866791876794,0.1533126943159589,0.9948851906157764,-0.7141652731975405,-0.2060305986334435,-0.6672553772044837,0.0478499381099863
1762592273.3625278,262.9700012207031,924.3499755859376,726.8599853515625,11.06999969482422,16.0,156.36000061035156,351.9100036621094,499.2200012207031,526.6400146484375,-10702.4404296875,1,-0.6098552256006192,0.1428922335892749,0.9958689682502192,0.7984011599979063,0.2499109363137187,0.5310283518997518,0.1345696886502733
1762592273.4231467,262.9700012207031,924.3499755859376,726.8599853515625,11.06999969482422,16.0,156.36000061035156,351.9100036621094,499.2200012207031,526.6400146484375,-10652.169921875,0,-0.5847529780566721,0.1509738058208934,1.001931150580175,-0.7162885853339864,-0.2055998141864508,-0.6643132200698516,0.0578560676779735
1762592273.5008895,262.9700012207031,924.3499755859376,726.8599853515625,11.06999969482422,16.0,156.36000061035156,351.9100036621094,499.2200012207031,526.6400146484375,-10609.6298828125,1,-0.6088625645095748,0.1419707607166989,1.000964099357895,0.9657614093428378,0.2242329036883048,-0.0762918889773609,0.1058491984094031
1762592273.5008895,262.9700012207031,924.3499755859376,726.8599853515625,11.06999969482422,16.0,156.36000061035156,351.9100036621094,499.2200012207031,526.6400146484375,-10609.6298828125,0,-0.5899650067042586,0.1522448406089348,1.0139870733065035,-0.7202966678108955,-0.2091813181642259,-0.6591310200784207,0.0544259574282155
1762592273.5807557,249.42999267578125,910.4600219726562,713.3200073242188,11.06999969482422,16.0,142.91000366210938,338.20001220703125,485.7699890136719,526.6400146484375,-10609.6298828125,1,-0.6098762822715571,0.1385310966504579,1.0137692747056926,0.7897409508229131,0.258617232365548,0.5416600145418111,0.1266127417105819
1762592273.5807557,249.42999267578125,910.4600219726562,713.3200073242188,11.06999969482422,16.0,142.91000366210938,338.20001220703125,485.7699890136719,526.6400146484375,-10609.6298828125,0,-0.5794070794095377,0.1464907340652239,1.0057990426795764,-0.7113116417922278,-0.2284114636212079,-0.6613703043089402,0.066732841356884
1762592273.6295145,249.42999267578125,910.4600219726562,713.3200073242188,11.06999969482422,16.0,142.91000366210938,338.20001220703125,485.7699890136719,526.6400146484375,-10556.8896484375,1,-0.6069260741839878,0.1305282767246784,1.0254270479809342,0.7879981365042903,0.264979594286913,0.5383667860764196,0.1378620873447646
1762592273.7034495,249.42999267578125,910.4600219726562,713.3200073242188,11.06999969482422,16.0,142.91000366210938,338.20001220703125,485.7699890136719,526.6400146484375,-10556.8896484375,0,-0.5881703245482103,0.1392310445689493,1.0421749311558612,-0.7337316974088859,-0.2183836959252232,-0.6380376127364918,0.0827910762403366
1762592273.7673037,235.72000122070312,896.8400268554688,699.7000122070312,11.06999969482422,16.0,129.5500030517578,324.5799865722656,472.4100036621094,526.6400146484375,-10503.6298828125,1,-0.6211598300469322,0.1283081438153458,1.0591183347210993,0.9584647057429546,0.2603510108316789,-0.0671277655410079,0.0951662865591906
1762592273.7673037,235.72000122070312,896.8400268554688,699.7000122070312,11.06999969482422,16.0,129.5500030517578,324.5799865722656,472.4100036621094,526.6400146484375,-10503.6298828125,0,-0.5831456631696854,0.1355297937266564,1.0382402788940506,-0.7286178042263992,-0.2336046165631192,-0.6375346646217593,0.0899696053693668
1762592273.8294158,235.72000122070312,896.8400268554688,699.7000122070312,11.06999969482422,16.0,129.5500030517578,324.5799865722656,472.4100036621094,526.6400146484375,-10453.1796875,1,-0.6098490792064449,0.1231617378377036,1.0446294633075968,0.9595611146061782,0.2441126750432131,-0.0947746546123825,0.1032919845007302
1762592273.8869135,235.72000122070312,896.8400268554688,699.7000122070312,11.06999969482422,16.0,129.5500030517578,324.5799865722656,472.4100036621094,526.6400146484375,-10453.1796875,1,-0.5956394003938023,0.1153643343566862,1.0304595763367268,0.9525129663717954,0.2634975755775132,-0.1024502631949937,0.1131018131139026
1762592273.947388,222.19000244140625,883.0399780273438,686.0700073242188,11.06999969482422,16.0,116.0199966430664,311.0400085449219,470.9200134277344,526.6400146484375,-10397.1103515625,0,-0.5906164087901218,0.1280678610368935,1.0711014649746484,-0.7432575184677713,-0.2364591358495995,-0.6180789832704507,0.0981514582355107
1762592274.0077286,222.19000244140625,883.0399780273438,686.0700073242188,11.06999969482422,16.0,116.0199966430664,311.0400085449219,470.9200134277344,526.6400146484375,-10350.7900390625,1,-0.6063634947368909,0.1124653209494552,1.0585862117154308,0.7896779949396694,0.2893957486658445,0.5235540871331847,0.1361979544939508
1762592274.0077286,222.19000244140625,883.0399780273438,686.0700073242188,11.06999969482422,16.0,116.0199966430664,311.0400085449219,470.9200134277344,526.6400146484375,-10350.7900390625,0,-0.5801758371095641,0.1240192110888032,1.056310078198532,-0.7391767378709995,-0.2438365588261728,-0.6181721356898311,0.1096571631352512
1762592274.059608,222.19000244140625,883.0399780273438,686.0700073242188,11.06999969482422,16.0,116.0199966430664,311.0400085449219,470.9200134277344,526.6400146484375,-10350.7900390625,1,-0.5889697217765492,0.1008531642192147,1.052699381840679,0.7604486254183553,0.3261975058372796,0.5398473657159076,0.1545247456379305
1762592274.1263409,208.47999572753903,869.4099731445312,672.4500122070312,11.06999969482422,16.0,102.12999725341795,297.3299865722656,471.010009765625,526.6400146484375,-10300.7802734375,1,-0.5736776168273244,0.0964554299527504,1.0300165646661608,0.754276894530974,0.3213223665488637,0.5526886773557523,0.1495109663365763
1762592274.1263409,208.47999572753903,869.4099731445312,672.4500122070312,11.06999969482422,16.0,102.12999725341795,297.3299865722656,471.010009765625,526.6400146484375,-10300.7802734375,0,-0.5270655980235884,0.10372477208507,0.9844954180004502,-0.737648016819901,-0.2699765648753278,-0.5962335911371897,0.1658118285872139
1762592274.2714658,208.47999572753903,869.4099731445312,672.4500122070312,11.06999969482422,16.0,102.12999725341795,297.3299865722656,471.010009765625,526.6400146484375,-10260.1796875,1,-0.5866914056763293,0.0861848272904739,1.0874438723487432,0.7480724305378785,0.3644232903867986,0.5368262119399672,0.1392871934780637
1762592274.2714658,208.47999572753903,869.4099731445312,672.4500122070312,11.06999969482422,16.0,102.12999725341795,297.3299865722656,471.010009765625,526.6400146484375,-10260.1796875,0,-0.5489940887422396,0.0974102607861751,1.0603563508289706,-0.7407892089861415,-0.2880475968291544,-0.5882013302720326,0.1492619337836907
1762592274.366735,194.58999633789065,855.7899780273438,659.0,11.06999969482422,16.0,88.51000213623047,283.79998779296875,470.9200134277344,526.6400146484375,-10210.6904296875,0,-0.5143010374156711,0.0891422572369258,0.9996358067101324,-0.743846918687375,-0.3025841268413512,-0.5640800913996514,0.1922192972349961
1762592274.426196,194.58999633789065,855.7899780273438,659.0,11.06999969482422,16.0,88.51000213623047,283.79998779296875,470.9200134277344,526.6400146484375,-10159.2802734375,1,-0.5753953797165989,0.0809205869296441,1.079840595728898,0.7442917605436614,0.3697954283371641,0.5413447196154166,0.1273852853050795
1762592274.4982102,194.58999633789065,855.7899780273438,659.0,11.06999969482422,16.0,88.51000213623047,283.79998779296875,470.9200134277344,526.6400146484375,-10159.2802734375,1,-0.5690909293514991,0.0783992320128592,1.0719983615970137,0.7534236610228481,0.3481733124779855,0.5383003974056702,0.1461533907986163
1762592274.555308,180.7899932861328,842.260009765625,644.8499755859375,11.06999969482422,16.0,74.52999877929688,270.17999267578125,471.010009765625,526.6400146484375,-10114.7197265625,1,-0.5735005589794566,0.0778487756954724,1.085818268511228,0.7441202526914493,0.3614125391639659,0.5442360991997236,0.1395460296724242
1762592274.555308,180.7899932861328,842.260009765625,644.8499755859375,11.06999969482422,16.0,74.52999877929688,270.17999267578125,471.010009765625,526.6400146484375,-10114.7197265625,0,-0.5203323805580189,0.0867045022197049,1.0238846444569665,-0.7539992398897309,-0.3083897909687106,-0.5425343535433242,0.2050301399729077
1762592274.6154494,180.7899932861328,842.260009765625,644.8499755859375,11.06999969482422,16.0,74.52999877929688,270.17999267578125,471.010009765625,526.6400146484375,-10060.9296875,0,-0.5188599648699066,0.0851333579083674,1.0249800390539576,-0.7512057228162344,-0.3005078557686342,-0.5527851872998958,0.1995332737447459
1762592274.7152066,180.7899932861328,842.260009765625,644.8499755859375,11.06999969482422,16.0,74.52999877929688,270.17999267578125,471.010009765625,526.6400146484375,-10011.3603515625,1,-0.5586016885710556,0.0722320683614053,1.0663448346812694,0.7439509589124907,0.3694748450439807,0.5390820005733381,0.1393409712566966
1762592274.7152066,180.7899932861328,842.260009765625,644.8499755859375,11.06999969482422,16.0,74.52999877929688,270.17999267578125,471.010009765625,526.6400146484375,-10011.3603515625,0,-0.5075501055264732,0.0815193478703253,1.0076613289327578,-0.7455032604208675,-0.3058491197053116,-0.5548605746013257,0.2069080651652545
1762592274.7645788,168.49000549316406,828.1900024414062,631.0499877929688,11.06999969482422,16.0,60.81999969482422,256.6400146484375,470.9200134277344,526.6400146484375,-10011.3603515625,0,-0.5339782291045272,0.0802078136405651,1.077811831610214,-0.7447134975971843,-0.3070637020418558,-0.5634623388178204,0.1833681600465877
1762592274.8368204,168.49000549316406,828.1900024414062,631.0499877929688,11.06999969482422,16.0,60.81999969482422,256.6400146484375,470.9200134277344,526.6400146484375,-9961.0,1,-0.5551161536773557,0.062433989700283,1.0827497172567426,0.7426303875033078,0.3783107836908259,0.5367979651605974,0.1312592971920935
1762592274.8368204,168.49000549316406,828.1900024414062,631.0499877929688,11.06999969482422,16.0,60.81999969482422,256.6400146484375,470.9200134277344,526.6400146484375,-9961.0,0,-0.503867865808287,0.0734304242728191,1.0211427543196856,-0.7517612793971017,-0.321426161442443,-0.5286723184222113,0.2281354450182905
1762592274.9813075,168.0500030517578,814.47998046875,617.1699829101562,11.06999969482422,16.0,47.290000915527344,242.83999633789065,471.010009765625,526.6400146484375,-9915.3798828125,1,-0.5494968001731428,0.0538491943802933,1.0983895312420775,0.727923315056501,0.4007381906373217,0.5391009529007681,0.1375016819655797
1762592275.0422964,168.0500030517578,814.47998046875,617.1699829101562,11.06999969482422,16.0,47.290000915527344,242.83999633789065,471.010009765625,526.6400146484375,-9864.669921875,0,-0.4882227043462814,0.0637963354837012,1.016884275923852,-0.7486785072457953,-0.3348136829256952,-0.5148482812979506,0.2496227909436275
1762592275.0979817,168.0500030517578,814.47998046875,617.1699829101562,11.06999969482422,16.0,47.290000915527344,242.83999633789065,471.010009765625,526.6400146484375,-9864.669921875,0,-0.5183351247964655,0.066863092494477,1.0877255971033268,-0.7482878469115385,-0.3345667442468101,-0.5276129759324198,0.2230581525887798
1762592275.1529045,168.0500030517578,800.8599853515625,603.280029296875,11.06999969482422,16.0,33.75,229.22000122070312,470.9200134277344,526.6400146484375,-9813.33984375,1,-0.5337773854227323,0.0491441093654975,1.0817655326135032,0.718403443714416,0.4103960510446783,0.5488717214321104,0.1192116049650933
1762592275.1529045,168.0500030517578,800.8599853515625,603.280029296875,11.06999969482422,16.0,33.75,229.22000122070312,470.9200134277344,526.6400146484375,-9813.33984375,0,-0.5200123059256603,0.0660294576480464,1.0966250527227437,-0.7517568907538084,-0.3307962523687461,-0.5200990661447663,0.2343765731004307
1762592275.1973546,168.0500030517578,800.8599853515625,603.280029296875,11.06999969482422,16.0,33.75,229.22000122070312,470.9200134277344,526.6400146484375,-9813.33984375,1,-0.5357644242113146,0.0460164924405174,1.109663743610045,0.7139813404951137,0.4248262582928611,0.5380941559774619,0.1421547571929636
1762592275.2421691,168.0500030517578,800.8599853515625,603.280029296875,11.06999969482422,16.0,33.75,229.22000122070312,470.9200134277344,526.6400146484375,-9765.349609375,0,-0.4710725713728135,0.0565283421000621,1.0209631266665955,-0.7511407133423856,-0.3584054225018825,-0.4840614213061297,0.2702179162894805
1762592275.3398504,168.0500030517578,787.4099731445312,589.3099975585938,11.06999969482422,16.0,19.600000381469727,215.9499969482422,470.9200134277344,526.6400146484375,-9711.650390625,0,-0.4644630370338271,0.0507187255744812,1.033647273023884,-0.7482741543234541,-0.354963646485126,-0.4840638266315833,0.2824337292043753
1762592275.3398504,168.0500030517578,787.4099731445312,589.3099975585938,11.06999969482422,16.0,19.600000381469727,215.9499969482422,470.9200134277344,526.6400146484375,-9711.650390625,1,-0.5320881262206812,0.03787891297077,1.1411759233595316,0.7068669257812398,0.4456691381906073,0.532243822950845,0.1357743769335369
1762592275.4303246,168.0500030517578,787.4099731445312,589.3099975585938,11.06999969482422,16.0,19.600000381469727,215.9499969482422,470.9200134277344,526.6400146484375,-9662.169921875,0,-0.4587274681025803,0.0465260431620001,1.0353903933315225,-0.7570246368520154,-0.3586934513533316,-0.4522968936079551,0.3060722581154712
1762592275.4925923,168.0500030517578,787.4099731445312,589.3099975585938,11.06999969482422,16.0,19.600000381469727,215.9499969482422,470.9200134277344,526.6400146484375,-9662.169921875,0,-0.4458695922096428,0.0406970613298593,1.024696346612035,-0.7514610805247406,-0.3638915600575307,-0.4641381617591061,0.2957447273821864
1762592275.4925923,168.0500030517578,787.4099731445312,589.3099975585938,11.06999969482422,16.0,19.600000381469727,215.9499969482422,470.9200134277344,526.6400146484375,-9662.169921875,1,-0.5140864570580488,0.0267381177887953,1.1390679937055417,0.6948274848766332,0.4523318792210564,0.5376770714947086,0.1533427666674693
1762592275.5385563,168.0500030517578,773.6099853515625,575.5999755859375,11.06999969482422,16.0,5.710000038146973,201.8800048828125,471.010009765625,526.6400146484375,-9608.73046875,0,-0.4497398318230989,0.039774383050522,1.039173352622221,-0.7526806615675545,-0.3623677910652629,-0.4656447467139722,0.2921239044624579
1762592275.5925088,168.0500030517578,773.6099853515625,575.5999755859375,11.06999969482422,16.0,5.710000038146973,201.8800048828125,471.010009765625,526.6400146484375,-9608.73046875,0,-0.4536948195427622,0.0372734410601088,1.0584266750337394,-0.7563331659042002,-0.3659079355571633,-0.4588364638383437,0.2890339500853637
1762592275.5925088,168.0500030517578,773.6099853515625,575.5999755859375,11.06999969482422,16.0,5.710000038146973,201.8800048828125,471.010009765625,526.6400146484375,-9608.73046875,1,-0.5080594927680621,0.0220912617832907,1.1425739712425498,0.7005529091884961,0.4442578043609262,0.5388777592359474,0.1465311751566475
1762592275.9605782,168.0500030517578,746.0999755859375,547.72998046875,11.06999969482422,16.0,-21.96999931335449,174.1999969482422,470.9200134277344,526.6400146484375,-9417.2197265625,0,-0.4214697554163651,0.0184299507910502,1.0479302837247246,-0.7557691111064548,-0.3774560780295928,-0.4286762991718897,0.3202758036195829
1762592275.9605782,168.0500030517578,746.0999755859375,547.72998046875,11.06999969482422,16.0,-21.96999931335449,174.1999969482422,470.9200134277344,526.6400146484375,-9417.2197265625,1,-0.4812372586180486,0.0013398974466035,1.1527089749445922,0.676475391506949,0.4752744647838643,0.5461976558708936,0.1347714677929733
1762592275.998418,168.0500030517578,746.0999755859375,547.72998046875,11.06999969482422,16.0,-21.96999931335449,174.1999969482422,470.9200134277344,526.6400146484375,-9417.2197265625,0,-0.4147607551425631,0.0173120219850802,1.0372826016975256,-0.7581067215311137,-0.370378820548015,-0.4136655370278981,0.3420154258717407
1762592276.0355644,168.0500030517578,746.0999755859375,547.72998046875,11.06999969482422,16.0,-21.96999931335449,174.1999969482422,470.9200134277344,526.6400146484375,-9364.66015625,0,-0.4159661707912516,0.0143935822451508,1.055973133706564,-0.7609537006064389,-0.3740178926123634,-0.4049922141524838,0.3421131216645187
1762592276.0960288,168.0500030517578,746.0999755859375,547.72998046875,11.06999969482422,16.0,-21.96999931335449,174.1999969482422,470.9200134277344,526.6400146484375,-9364.66015625,0,-0.4041514125186426,0.0115828136608639,1.0421691158366884,-0.7590401351829917,-0.3747456503287605,-0.388845406817948,0.3636248345996798
1762592276.151584,168.0500030517578,732.3900146484375,533.9400024414062,10.989999771118164,16.0,-35.77000045776367,160.30999755859375,471.010009765625,526.6400146484375,-9312.7998046875,0,-0.4072656026208975,0.0102391736206229,1.0585461195757475,-0.7611337510440808,-0.3736462954604301,-0.3885751465321536,0.360656643371198
1762592276.1925998,168.0500030517578,732.3900146484375,533.9400024414062,10.989999771118164,16.0,-35.77000045776367,160.30999755859375,471.010009765625,526.6400146484375,-9312.7998046875,0,-0.4097643056351693,0.0088455108273004,1.0745869812020576,-0.76390118678114,-0.3724643169162653,-0.3879276402291042,0.356703596007588
1762592276.2314146,168.0500030517578,732.3900146484375,533.9400024414062,10.989999771118164,16.0,-35.77000045776367,160.30999755859375,471.010009765625,526.6400146484375,-9260.16015625,0,-0.394212509068549,0.0070842363018267,1.0421716213732946,-0.7566273166417194,-0.3871950837147907,-0.3772922058593628,0.3677576134581354
1762592276.348056,168.0500030517578,718.510009765625,519.9600219726562,10.989999771118164,16.0,-49.220001220703125,146.69000244140625,470.9200134277344,526.6400146484375,-9206.98046875,0,-0.3912344263990863,0.002996913147681,1.0569252890950822,-0.7609810807824939,-0.3716319068097256,-0.3711816068066007,0.3808171940715718
1762592276.348056,168.0500030517578,718.510009765625,519.9600219726562,10.989999771118164,16.0,-49.220001220703125,146.69000244140625,470.9200134277344,526.6400146484375,-9206.98046875,1,-0.4592565527590089,-0.0166881627410087,1.1959522163197416,0.6600165935848765,0.502877669300945,0.5406167863284739,0.138656540599204
1762592276.4033597,168.0500030517578,718.510009765625,519.9600219726562,10.989999771118164,16.0,-49.220001220703125,146.69000244140625,470.9200134277344,526.6400146484375,-9158.91015625,0,-0.3857340995252967,0.0001465108247949,1.0580078135968949,-0.7644483703968203,-0.3720541708447149,-0.3542722020454305,0.3894683425036996
1762592276.4875796,168.0500030517578,718.510009765625,519.9600219726562,10.989999771118164,16.0,-49.220001220703125,146.69000244140625,470.9200134277344,526.6400146484375,-9158.91015625,1,-0.4413092859282504,-0.0241829743235863,1.1836175914667235,0.6510352356395841,0.505038298727569,0.5514543056426474,0.1303364398863945
1762592276.5250351,168.0500030517578,705.0599975585938,506.1600036621094,10.989999771118164,16.0,-63.11000061035156,133.24000549316406,471.010009765625,526.6400146484375,-9104.849609375,0,-0.3823201565674547,-0.0050589969752889,1.0713914099556188,-0.7648669356297623,-0.3780235691377975,-0.3657149899287737,0.3719264686709656
1762592276.5730357,168.0500030517578,705.0599975585938,506.1600036621094,10.989999771118164,16.0,-63.11000061035156,133.24000549316406,471.010009765625,526.6400146484375,-9104.849609375,0,-0.373193913571316,-0.006855617496632,1.0537370984560617,0.8402353351189565,0.2367102414784,-0.0800126320180487,0.4812180606692942
1762592276.5730357,168.0500030517578,705.0599975585938,506.1600036621094,10.989999771118164,16.0,-63.11000061035156,133.24000549316406,471.010009765625,526.6400146484375,-9104.849609375,1,-0.4357366563114035,-0.0278441965029725,1.1852662330439536,0.6461126011388171,0.506702857414105,0.5522966923400668,0.1440801324549455
1762592276.611112,168.0500030517578,705.0599975585938,506.1600036621094,10.989999771118164,16.0,-63.11000061035156,133.24000549316406,471.010009765625,526.6400146484375,-9059.41015625,0,-0.3769390188420924,-0.0085338776334368,1.0719837198850246,-0.7637756900211472,-0.3778711540624792,-0.3501605444914384,0.3889057460898079
1762592276.7457442,168.0500030517578,691.1699829101562,492.8900146484375,10.989999771118164,16.0,-77.08000183105469,119.62000274658205,471.010009765625,526.6400146484375,-9008.08984375,0,-0.3711520023682665,-0.0125816371666434,1.073632769442856,0.8338694407440015,0.2347824097038677,-0.0528000496703721,0.4967405063428363
1762592276.804643,168.0500030517578,691.1699829101562,492.8900146484375,10.989999771118164,16.0,-77.08000183105469,119.62000274658205,471.010009765625,526.6400146484375,-8958.51953125,0,-0.362024831994079,-0.0134827838200403,1.0532707267320862,0.8314945476240133,0.2335870075800576,-0.0561795265122275,0.5008969833830043
1762592276.891525,168.0500030517578,691.1699829101562,492.8900146484375,10.989999771118164,16.0,-77.08000183105469,119.62000274658205,471.010009765625,526.6400146484375,-8958.51953125,0,-0.361153969626601,-0.0173583825451556,1.070356421341248,0.8313974930795459,0.2411341379062228,-0.0477538111064323,0.4983493850323091
1762592276.9285474,168.0500030517578,677.5499877929688,479.0,10.989999771118164,16.0,-84.98999786376953,105.47000122070312,471.010009765625,526.6400146484375,-8904.2001953125,0,-0.3580905557326261,-0.0179293154436686,1.0698282653142976,0.833907895398095,0.2425988642562749,-0.0651568010572898,0.4914244645215235
1762592277.0156617,168.0500030517578,677.5499877929688,479.0,10.989999771118164,16.0,-84.98999786376953,105.47000122070312,471.010009765625,526.6400146484375,-8851.2900390625,1,-0.4114862982430341,-0.0444197893618696,1.201034849127869,0.6374521258052576,0.5178657300457153,0.562098504547854,0.0975456002884932
1762592277.1413288,168.0500030517578,664.0999755859375,464.8500061035156,10.989999771118164,16.0,-84.98999786376953,91.8499984741211,471.010009765625,526.6400146484375,-8806.2900390625,1,-0.4066886340256377,-0.0475161699862186,1.2138112189246213,0.6385716462214777,0.5124837866127913,0.5636733545142161,0.1088989004154675
1762592277.2097929,168.0500030517578,664.0999755859375,464.8500061035156,10.989999771118164,16.0,-84.98999786376953,91.8499984741211,471.010009765625,526.6400146484375,-8755.66015625,0,-0.345326204486493,-0.0231452658087718,1.0786968081999322,-0.7387671504275748,-0.4267111372780787,-0.3390907519072595,0.3964317907823981
1762592277.3872733,168.0500030517578,650.1300048828125,451.2300109863281,10.989999771118164,16.0,-84.98999786376953,78.05000305175781,471.010009765625,526.6400146484375,-8713.0400390625,0,-0.3173944292226159,-0.0346098587189958,1.0921692876915354,0.8128057093590196,0.2939694627097536,-0.0574892955516288,0.4996236731025635
1762592277.3872733,168.0500030517578,650.1300048828125,451.2300109863281,10.989999771118164,16.0,-84.98999786376953,78.05000305175781,471.010009765625,526.6400146484375,-8713.0400390625,1,-0.3724746160819774,-0.0623494865697717,1.2351108934044055,0.61569312363948,0.5432344902424917,0.5636660237678254,0.0899937762504148
1762592277.4579902,168.0500030517578,650.1300048828125,451.2300109863281,10.989999771118164,16.0,-84.98999786376953,78.05000305175781,471.010009765625,526.6400146484375,-8664.7900390625,0,-0.3031690056361107,-0.0369809030085277,1.0697346656084483,0.8126597059977658,0.2890327554499416,-0.053986564911681,0.5031199850271066
1762592277.7566185,168.0500030517578,622.969970703125,424.0700073242188,10.989999771118164,16.0,-84.98999786376953,50.540000915527344,470.9200134277344,526.6400146484375,-8509.66015625,0,-0.2959791813229752,-0.0467751812052538,1.1010178002422102,0.8094869835790925,0.2977856899051964,-0.0300119744220129,0.5051274964749005
1762592277.87176,168.0500030517578,622.969970703125,424.0700073242188,10.989999771118164,16.0,-84.98999786376953,50.540000915527344,470.9200134277344,526.6400146484375,-8463.6904296875,0,-0.2916599283809564,-0.0503321764542337,1.1140453244679311,0.79859017039677,0.3181715904369233,-0.0342070605930078,0.5097552901050494
1762592277.9537358,168.0500030517578,609.0800170898438,410.5400085449219,10.989999771118164,16.0,-84.98999786376953,42.27999877929688,471.010009765625,526.6400146484375,-8414.91015625,0,-0.2768558135524306,-0.0523629904108874,1.0935942602804285,0.8026487955820225,0.3093201198972894,-0.0398584368505854,0.5084164428785553
1762592278.0925612,168.0500030517578,609.0800170898438,410.5400085449219,10.989999771118164,16.0,-84.98999786376953,42.27999877929688,471.010009765625,526.6400146484375,-8370.349609375,0,-0.2713847624586041,-0.0564940015652742,1.109049263243329,0.7994057429354781,0.3161814143477069,-0.0328647380509619,0.5098035703834387
1762592278.0925612,168.0500030517578,609.0800170898438,410.5400085449219,10.989999771118164,16.0,-84.98999786376953,42.27999877929688,471.010009765625,526.6400146484375,-8370.349609375,1,-0.3178464675397369,-0.0879264680006879,1.2511142933507873,0.6023649553751744,0.5462605618700359,0.573862035781535,0.0971505170854433
1762592278.1363473,168.0500030517578,595.4600219726562,397.2699890136719,10.989999771118164,16.0,-84.98999786376953,42.18999862670898,470.9200134277344,526.6400146484375,-8320.51953125,0,-0.26875052837719,-0.0571986845323513,1.1072479530949968,0.7996094386983109,0.310522384007188,-0.0260357853496797,0.5133446527005906
1762592278.1907866,168.0500030517578,595.4600219726562,397.2699890136719,10.989999771118164,16.0,-84.98999786376953,42.18999862670898,470.9200134277344,526.6400146484375,-8320.51953125,1,-0.3102738892759418,-0.0887503071293442,1.2406330747267018,0.5923087795420255,0.5479262688628286,0.58807797895586,0.0557799626630081
1762592278.234763,168.0500030517578,595.4600219726562,397.2699890136719,10.989999771118164,16.0,-84.98999786376953,42.18999862670898,470.9200134277344,526.6400146484375,-8269.4501953125,1,-0.3076179371972463,-0.089519968877418,1.2389461104738049,0.5929135360584712,0.557474540757681,0.5765548350016292,0.0725272183521254
1762592278.315365,168.0500030517578,595.4600219726562,397.2699890136719,10.989999771118164,16.0,-84.98999786376953,42.18999862670898,470.9200134277344,526.6400146484375,-8220.150390625,0,-0.2542837099310993,-0.0584378724480868,1.0821750789248257,0.8035762398741111,0.3017819058191636,-0.0115592161148098,0.512893061517457
1762592278.3445992,168.0500030517578,581.6599731445312,383.5499877929688,10.989999771118164,16.0,-84.98999786376953,42.18999862670898,470.9200134277344,526.6400146484375,-8220.150390625,0,-0.2572817445100976,-0.061488383960873,1.1128342569834333,0.793883564647471,0.3170128354063364,-0.0024016463850648,0.5188891789822765
1762592278.4367073,168.0500030517578,581.6599731445312,383.5499877929688,10.989999771118164,16.0,-84.98999786376953,42.18999862670898,470.9200134277344,526.6400146484375,-8166.27001953125,1,-0.2941656511844974,-0.0940286214687232,1.2395847229002257,0.5901101926388521,0.5565845768161547,0.5800416755907829,0.0743990858274203
1762592278.4823847,168.0500030517578,581.6599731445312,383.5499877929688,10.989999771118164,16.0,-84.98999786376953,42.18999862670898,470.9200134277344,526.6400146484375,-8166.27001953125,0,-0.2479573104094497,-0.0619153615033821,1.0920671710678582,0.7933061798660187,0.3165353625252812,-0.0077307716483289,0.520010484920347
1762592278.6024785,168.0500030517578,567.9500122070312,370.0199890136719,10.989999771118164,16.0,-84.98999786376953,42.18999862670898,470.9200134277344,526.6400146484375,-8119.509765625,0,-0.2494263994858926,-0.0652300666029839,1.1117497629521629,0.798702418279552,0.3024149639898322,0.0022457585264274,0.5202062986528183
1762592278.64663,168.0500030517578,567.9500122070312,370.0199890136719,10.989999771118164,16.0,-84.98999786376953,42.18999862670898,470.9200134277344,526.6400146484375,-8068.4501953125,0,-0.2422591244126929,-0.0671419097656624,1.1037290853181545,0.7902781317838764,0.3170136399122307,0.0078679595280236,0.5243099481667787
1762592278.7075732,168.0500030517578,567.9500122070312,370.0199890136719,10.989999771118164,16.0,-84.98999786376953,42.18999862670898,470.9200134277344,526.6400146484375,-8020.81005859375,1,-0.275918662900932,-0.0990581661397175,1.21910146482435,0.5869386609197806,0.5445916928324942,0.5946498030719298,0.0729006729876217
1762592278.7440057,168.0500030517578,554.3300170898438,356.57000732421875,10.989999771118164,16.0,-84.98999786376953,42.18999862670898,470.9200134277344,526.6400146484375,-8020.81005859375,0,-0.2389579530605424,-0.0686961470623662,1.1031651677076562,0.7906008164144259,0.3177552912775511,0.0068723821827749,0.52338770936381
1762592278.8963652,168.0500030517578,554.3300170898438,356.57000732421875,10.989999771118164,16.0,-84.98999786376953,42.18999862670898,470.9200134277344,526.6400146484375,-7967.64013671875,0,-0.227717342926237,-0.0727645264653174,1.101619934684772,0.7960944991657228,0.3107153991155608,0.0035719533412624,0.5193040826913095
1762592279.0513165,168.0500030517578,540.6199951171875,343.0400085449219,10.989999771118164,16.0,-84.98999786376953,42.18999862670898,470.9200134277344,526.6400146484375,-7865.16015625,0,-0.2218608981303729,-0.0776730369055729,1.1180773854294157,0.7937827319406721,0.3244418000599365,0.0059441098102314,0.5144036940042669
1762592279.1480718,168.0500030517578,526.9000244140625,329.239990234375,10.989999771118164,16.0,-84.98999786376953,42.18999862670898,470.9200134277344,526.6400146484375,-7811.18994140625,0,-0.2146049777290951,-0.0791619077623676,1.1107372451944189,0.7938324824452445,0.319233493580967,0.0107061952610813,0.517499124418528
1762592279.1480718,168.0500030517578,526.9000244140625,329.239990234375,10.989999771118164,16.0,-84.98999786376953,42.18999862670898,470.9200134277344,526.6400146484375,-7811.18994140625,1,-0.2534710129640891,-0.1146911280629277,1.255746055000086,0.5800948291850834,0.5622165403136637,0.5839167546297528,0.0802731250987564
1762592279.2296004,168.0500030517578,526.9000244140625,329.239990234375,10.989999771118164,16.0,-84.98999786376953,42.18999862670898,470.9200134277344,526.6400146484375,-7762.31982421875,0,-0.2101879857463645,-0.0810763167081199,1.1095895180464423,0.793917622646648,0.313588711751676,0.0162930576150911,0.520664445287529
1762592279.2638233,168.0500030517578,526.9000244140625,329.239990234375,10.989999771118164,16.0,-84.98999786376953,42.18999862670898,470.9200134277344,526.6400146484375,-7762.31982421875,1,-0.2450570950355294,-0.1167341486635565,1.248594432809516,0.5746974771033873,0.5701769378937387,0.5781490084005755,0.1018076293337239
1762592279.6662812,168.0500030517578,499.4800109863281,302.0799865722656,10.989999771118164,16.0,-84.98999786376953,42.18999862670898,470.9200134277344,526.6400146484375,-7561.759765625,0,-0.1961278910011457,-0.0869240057572283,1.1001999570908358,0.7910683045560944,0.320151998986665,0.0199588406783505,0.520879333195669
1762592279.713632,168.0500030517578,499.4800109863281,302.0799865722656,10.989999771118164,16.0,-84.98999786376953,42.18999862670898,470.9200134277344,526.6400146484375,-7512.009765625,1,-0.2284898311338943,-0.1246951073980883,1.2428333819513029,0.5713445153647346,0.5681128328570435,0.5835607620374662,0.1013414570451464
1762592279.7736845,168.0500030517578,486.1199951171875,288.1099853515625,10.989999771118164,16.0,-84.98999786376953,42.18999862670898,470.9200134277344,526.6400146484375,-7512.009765625,0,-0.189364107752066,-0.088821375109143,1.094309647709592,0.7917589117434805,0.3151510154792059,0.0254889500205649,0.5226356058900449
1762592279.8115726,168.0500030517578,486.1199951171875,288.1099853515625,10.989999771118164,16.0,-84.98999786376953,42.18999862670898,470.9200134277344,526.6400146484375,-7456.81982421875,0,-0.1901113497197896,-0.0907254247244556,1.1055102652982156,0.7877813068010036,0.3261481188086099,0.0051334168461615,0.5224956126935342
1762592279.9671254,168.0500030517578,472.239990234375,274.2200012207031,10.989999771118164,16.0,-84.98999786376953,42.18999862670898,470.9200134277344,526.6400146484375,-7408.0400390625,0,-0.1803266890665167,-0.0945835154598534,1.1040885710501147,0.788529434410964,0.3284292096474089,0.0022143767930992,0.5199525765426323
1762592279.994769,168.0500030517578,472.239990234375,274.2200012207031,10.989999771118164,16.0,-84.98999786376953,42.18999862670898,470.9200134277344,526.6400146484375,-7408.0400390625,0,-0.1811202427869605,-0.0969714637241194,1.122551042252043,0.7899044411278127,0.3305201930656852,0.0068618410696679,0.516488422909473
1762592280.0280623,168.0500030517578,472.239990234375,274.2200012207031,10.989999771118164,16.0,-84.98999786376953,42.18999862670898,470.9200134277344,526.6400146484375,-7354.68994140625,0,-0.1780232850585109,-0.0973929538073942,1.1158160155759984,0.7848537635332067,0.3341744479259693,0.012166589408147,0.5217125476000251
1762592280.0619428,168.0500030517578,472.239990234375,274.2200012207031,10.989999771118164,16.0,-84.98999786376953,42.18999862670898,470.9200134277344,526.6400146484375,-7354.68994140625,0,-0.1739917172022329,-0.0968708737627893,1.1030100567919738,0.7887643536777946,0.3235212877492792,0.0307976424827884,0.5217626624796002
1762592280.1606984,168.0500030517578,458.5299987792969,260.4200134277344,10.989999771118164,16.0,-84.98999786376953,42.18999862670898,470.9200134277344,526.6400146484375,-7301.509765625,0,-0.1736867119404715,-0.1001129083008149,1.1215261566790895,0.7905060309522183,0.3322239709341987,0.0047020100745788,0.5144952276417554
1762592280.3326526,168.0500030517578,444.6400146484375,246.4499969482422,10.989999771118164,16.0,-84.98999786376953,42.18999862670898,470.9200134277344,526.6400146484375,-7201.669921875,0,-0.1695694519546962,-0.102487333089397,1.1210014791817249,0.7909752537524674,0.3331836572971972,0.0035760835307721,0.5131608033432257
1762592280.3709097,168.0500030517578,444.6400146484375,246.4499969482422,10.989999771118164,16.0,-84.98999786376953,42.18999862670898,470.9200134277344,526.6400146484375,-7201.669921875,0,-0.16718902613833,-0.1018120774582401,1.1092511364527062,0.7902726005028455,0.3320182409154864,0.0228722754779164,0.5144997216795342
1762592280.4580336,168.0500030517578,444.6400146484375,246.4499969482422,10.989999771118164,16.0,-84.98999786376953,42.18999862670898,470.9200134277344,526.6400146484375,-7154.2099609375,0,-0.16253567275014,-0.1004767813787626,1.086172160573117,0.7895249612857002,0.3245360052834478,0.0237261323979427,0.5203496780271041
1762592280.697271,168.0500030517578,431.2799987792969,232.6499938964844,10.989999771118164,16.0,-84.98999786376953,42.18999862670898,470.9200134277344,526.6400146484375,-7051.02978515625,0,-0.164921116976615,-0.1044669467668922,1.1141494020498293,0.7863124843287835,0.3372450658297189,0.0085425837338172,0.5175958527899502
1762592280.7915962,168.0500030517578,417.3900146484375,218.759994506836,10.989999771118164,16.0,-84.98999786376953,42.18999862670898,470.9200134277344,526.6400146484375,-6995.830078125,0,-0.161540990109449,-0.1032223767533938,1.0966796949767006,0.785630343533003,0.3295517137427087,0.0341121683596617,0.5225102786158964
1762592280.9140103,168.0500030517578,417.3900146484375,218.759994506836,10.989999771118164,16.0,-84.98999786376953,42.18999862670898,470.9200134277344,526.6400146484375,-6898.89013671875,0,-0.1592070273173192,-0.1033931582025919,1.0901686508706483,0.7865124299330827,0.32352162206099,0.0417159178162373,0.5243965482538312
1762592280.9573023,168.0500030517578,403.7699890136719,204.7899932861328,10.989999771118164,16.0,-84.98999786376953,42.18999862670898,470.9200134277344,526.6400146484375,-6898.89013671875,0,-0.1590453676165919,-0.1034855484180355,1.0890442057719492,0.7819154762882218,0.3400309580822918,0.0106926950326089,0.5223722827252051
1762592281.6848748,200.1300048828125,362.2000122070313,190.0200042724609,45.52999877929688,16.0,-51.77000045776367,74.36000061035156,438.1300048828125,493.1499938964844,-6553.39013671875,0,-0.19161921685511,-0.0671271490722717,1.1201199698888402,0.79683888376606,0.2903837381942832,0.0150924949558965,0.5296199528971505
1762592281.8500378,214.009994506836,348.6600036621094,190.0200042724609,58.970001220703125,16.0,-38.22999954223633,88.06999969482422,424.6000061035156,479.4400024414063,-6460.75,0,-0.1984655893116955,-0.0484173829937662,1.089092583742013,0.7981091921132814,0.283765473699422,0.0052527824762315,0.5314802740240556
1762592281.9580443,227.72000122070312,334.95001220703125,190.0200042724609,72.25,16.0,-24.520000457763672,101.69000244140624,410.8900146484375,465.55999755859375,-6406.9599609375,0,-0.2076301286973406,-0.043103921765629,1.1086814673538845,0.8016226635232684,0.2845149074852849,-0.0271558024938444,0.525085645524057
1762592282.040593,227.72000122070312,334.95001220703125,190.0200042724609,72.25,16.0,-24.520000457763672,101.69000244140624,410.8900146484375,465.55999755859375,-6354.0498046875,0,-0.2093418974870006,-0.0395825489703519,1.105075248530454,0.8051403549290598,0.2677036979000294,-0.0189098714146416,0.528891440428411
1762592282.0899549,227.72000122070312,334.95001220703125,190.0200042724609,72.25,16.0,-24.520000457763672,101.69000244140624,410.8900146484375,465.55999755859375,-6354.0498046875,0,-0.2117770455442045,-0.0398027891182697,1.116848160328767,0.800007803798313,0.282966677172247,-0.0473751525418892,0.5269468364014818
1762592283.0555706,257.0799865722656,266.75,190.0200042724609,89.37999725341797,16.0,15.029999732971191,145.89999389648438,341.8900146484375,397.3500061035156,-5845.8701171875,0,-0.240742816122392,0.0387558180336684,1.110399324720222,0.8231517551594071,0.2043626379748824,-0.0364512855560319,0.5285152826165458
1762592283.126936,257.0799865722656,264.989990234375,190.0200042724609,89.37999725341797,16.0,15.029999732971191,145.89999389648438,328.17999267578125,383.6400146484375,-5794.7998046875,0,-0.2403169907212002,0.0412754051133904,1.1029397111504025,0.8212142318635602,0.185121962688848,-0.0333274998238059,0.5387265744981081
1762592283.190932,257.0799865722656,264.989990234375,190.0200042724609,89.37999725341797,16.0,15.029999732971191,145.89999389648438,328.17999267578125,383.6400146484375,-5794.7998046875,0,-0.2455497230768922,0.0442514604066291,1.1334899993249596,0.8366808854781027,0.1992251919466935,-0.043072148305641,0.5083494947471848
1762592283.2695668,257.0799865722656,264.989990234375,190.0200042724609,89.37999725341797,16.0,15.029999732971191,145.89999389648438,328.17999267578125,383.6400146484375,-5744.43994140625,0,-0.2355290762934573,0.0447766372548805,1.096374320453449,0.8243255724188866,0.1838139743972022,-0.0206552823470493,0.5350449820190292
1762592283.3550084,257.0799865722656,264.989990234375,190.0200042724609,89.37999725341797,16.0,15.029999732971191,145.89999389648438,314.5599975585937,369.8399963378906,-5696.18994140625,0,-0.2443897657596487,0.0514456301666226,1.1491302149787943,-0.8316702379316184,-0.2855150900574132,-0.2204155763811276,0.4221643310096765
1762592283.452643,257.0799865722656,264.989990234375,190.0200042724609,89.37999725341797,16.0,15.029999732971191,145.89999389648438,314.5599975585937,369.8399963378906,-5643.27978515625,0,-0.2346561751188564,0.0519680062955101,1.1024573709662528,0.8265592035812617,0.1849773602659814,-0.0381648187159865,0.5302138302388157
1762592283.491503,257.0799865722656,264.989990234375,190.0200042724609,89.37999725341797,16.0,15.029999732971191,145.89999389648438,314.5599975585937,369.8399963378906,-5643.27978515625,0,-0.245365077311782,0.0590012100805562,1.1635647254141328,-0.8393122398142503,-0.2742541783271868,-0.2168619716739183,0.4163057710502785
1762592283.572971,257.0799865722656,264.989990234375,190.0200042724609,89.37999725341797,16.0,15.029999732971191,145.89999389648438,301.0299987792969,356.0400085449219,-5595.72998046875,0,-0.2437384855182115,0.0638305478756985,1.16380943451824,-0.8424346588738876,-0.2690060078102528,-0.2239535959642387,0.4096149413103889
1762592283.606114,257.0799865722656,264.989990234375,190.0200042724609,89.37999725341797,16.0,15.029999732971191,145.89999389648438,301.0299987792969,356.0400085449219,-5540.5400390625,0,-0.2469245055888726,0.0679623701304657,1.1810255053115446,-0.8470259683770947,-0.2678047441389897,-0.2012989423000211,0.4126819159357339
1762592283.7982414,257.0799865722656,264.989990234375,190.0200042724609,89.37999725341797,16.0,15.029999732971191,145.89999389648438,287.04998779296875,342.3299865722656,-5491.759765625,0,-0.264113131900692,0.0932560976997476,1.234543719472049,-0.8693743018665088,-0.2651802373227197,-0.2120199292571513,0.3590477887209155
1762592283.8579028,257.0799865722656,264.989990234375,190.0200042724609,89.37999725341797,16.0,15.029999732971191,145.89999389648438,287.04998779296875,342.3299865722656,-5436.830078125,0,-0.262864457636916,0.0991404769726138,1.211383364698943,-0.871651228835297,-0.2692984752728543,-0.2101529412233931,0.3514800247251465
1762592283.9336,257.0799865722656,264.989990234375,190.0200042724609,89.37999725341797,16.0,15.029999732971191,145.89999389648438,273.42999267578125,328.7099914550781,-5383.39013671875,0,-0.2674447262305427,0.107076352391174,1.2123744330904542,-0.8725901680382055,-0.2703903806874965,-0.2101039016648433,0.3483271324199953
1762592284.004657,257.0799865722656,264.989990234375,190.0200042724609,89.37999725341797,16.0,15.029999732971191,145.89999389648438,273.42999267578125,328.7099914550781,-5333.47021484375,0,-0.2684887080123354,0.1124158279985858,1.1994922625376885,-0.8732258459680482,-0.254361461497941,-0.2064366277960763,0.3607780308475032
1762592284.0897453,257.0799865722656,264.989990234375,190.0200042724609,89.37999725341797,16.0,15.029999732971191,145.89999389648438,273.42999267578125,328.7099914550781,-5333.47021484375,0,-0.2703300143970366,0.1181107796238382,1.183007366768263,-0.874122984657842,-0.2591201280358792,-0.2256340921137135,0.3433001943133095
1762592284.3775413,257.0799865722656,264.989990234375,190.0200042724609,89.37999725341797,16.0,15.029999732971191,145.89999389648438,245.9199981689453,301.4599914550781,-5169.990234375,0,-0.2782294590867255,0.1309816216815626,1.2015047093073503,-0.8849206027627744,-0.2498324306627895,-0.2394922779200409,0.3116772885722674
1762592284.4195993,257.0799865722656,264.989990234375,190.0200042724609,89.37999725341797,16.0,15.029999732971191,145.89999389648438,245.9199981689453,301.4599914550781,-5119.10009765625,0,-0.2771571807856217,0.1314292822806037,1.1996477372444556,-0.8875128235511218,-0.2496721913093927,-0.2167442408412265,0.3209465983325605
1762592284.4588208,257.0799865722656,264.989990234375,190.0200042724609,89.37999725341797,16.0,15.029999732971191,145.89999389648438,245.9199981689453,301.4599914550781,-5119.10009765625,0,-0.2825220928326585,0.1348296328393436,1.2267050521572098,-0.8947551559650017,-0.2488686595223829,-0.2301420783069069,0.2907098639092856
1762592284.5371125,257.0799865722656,264.989990234375,190.0200042724609,89.37999725341797,16.0,15.029999732971191,145.89999389648438,232.2899932861328,287.3999938964844,-5064.8701171875,0,-0.2793461240710932,0.1359052244676383,1.2224882691672967,-0.8949348804060645,-0.2436941994888677,-0.2416076596278125,0.285184915059044
1762592284.6567862,257.0799865722656,264.989990234375,190.0200042724609,89.37999725341797,16.0,15.029999732971191,145.89999389648438,232.2899932861328,287.3999938964844,-5009.68017578125,0,-0.2710089132885604,0.1392963464550867,1.2117870478483366,-0.8984235086816067,-0.2332252637346875,-0.2398473577144456,0.2844546016529092
1762592284.7938812,257.0799865722656,264.989990234375,190.0200042724609,89.37999725341797,16.0,15.029999732971191,145.89999389648438,218.5800018310547,273.7799987792969,-4958.35009765625,0,-0.2742060073340204,0.1401621486021795,1.2250695419790485,-0.9032873752486624,-0.2190105998989989,-0.2179939292840288,0.2976321918804693
1762592284.9972184,257.0799865722656,264.989990234375,190.0200042724609,89.37999725341797,16.0,14.9399995803833,145.89999389648438,204.6999969482422,260.07000732421875,-4850.509765625,0,-0.264578562520821,0.1347150642289028,1.1811498047179958,-0.8973516384554834,-0.2256560232903206,-0.2424698876036196,0.2916294733382511
1762592285.0294747,257.0799865722656,264.989990234375,190.0200042724609,89.37999725341797,16.0,14.9399995803833,145.89999389648438,204.6999969482422,260.07000732421875,-4793.5498046875,0,-0.2779304341616631,0.1407166609389923,1.2377428903378784,-0.9074287817006303,-0.2321664271459013,-0.2323632793531218,0.2620669049229222
1762592285.1814291,257.0799865722656,264.989990234375,190.0200042724609,89.37999725341797,16.0,14.9399995803833,145.89999389648438,190.9900054931641,246.52999877929688,-4744.419921875,0,-0.2697237961936232,0.1373374480412946,1.20800315414555,-0.9069549590462688,-0.2308582893151652,-0.2438186408656023,0.2543415476918923
1762592285.3710032,257.0799865722656,264.989990234375,190.0200042724609,89.37999725341797,16.0,14.9399995803833,145.89999389648438,177.19000244140625,232.72999572753903,-4634.64990234375,1,-0.2821151919527287,0.1193723023107941,1.1753905643785714,0.6369846027468518,0.3925896468072063,0.6230380689905456,0.2279200510524707
1762592285.5591218,257.0799865722656,264.989990234375,190.0200042724609,89.37999725341797,16.0,14.9399995803833,145.89999389648438,163.3000030517578,219.1999969482422,-4527.419921875,0,-0.2677699615422212,0.1342915331926728,1.1944666371508763,-0.9128486254177304,-0.217559363595043,-0.2536215901044674,0.2346303463279241
1762592285.7299926,257.0799865722656,264.989990234375,190.1100006103516,89.37999725341797,16.0,14.9399995803833,145.99000549316406,149.58999633789062,205.4900054931641,-4417.2099609375,0,-0.2765778001595803,0.1378110104983228,1.233709887651389,-0.9282559756222531,-0.2019563488759327,-0.220349708569428,0.2213605267513826
1762592286.1930077,257.0799865722656,264.989990234375,190.0200042724609,89.37999725341797,16.0,14.9399995803833,145.89999389648438,122.5199966430664,178.14999389648438,-4199.93994140625,0,-0.2625663103959609,0.1287257004965152,1.1750473663422911,-0.9170058700544998,-0.1982819364307921,-0.2545480819852967,0.2344990019775178
1762592286.5551164,257.0799865722656,264.989990234375,190.0200042724609,89.37999725341797,16.0,14.9399995803833,145.89999389648438,102.83000183105467,150.72999572753906,-3975.56005859375,0,-0.2667395040926849,0.12925217292485,1.1956248475312456,-0.9334507595218282,-0.1927603523038836,-0.2293772868545463,0.1972287666722379
1762592286.8827024,257.0799865722656,264.989990234375,190.0200042724609,89.37999725341797,15.90999984741211,14.9399995803833,145.89999389648438,102.91999816894533,137.2899932861328,-3811.2900390625,0,-0.2698173957841236,0.1289883974807482,1.211411444303213,-0.9308348123748912,-0.1893929071540301,-0.2592794067374467,0.1745023439172777
1762592286.9374125,257.0799865722656,264.989990234375,190.0200042724609,89.37999725341797,15.90999984741211,14.9399995803833,145.89999389648438,102.83000183105467,123.66000366210938,-3751.699951171875,0,-0.2646131102719813,0.1263920317664529,1.1890168976584048,-0.930800326177926,-0.1937450085990545,-0.257579043874389,0.1724142122528615
1762592287.2349644,257.0799865722656,264.989990234375,190.0200042724609,89.37999725341797,16.0,14.9399995803833,145.89999389648438,102.91999816894533,109.77999877929688,-3583.919921875,0,-0.2663396402759547,0.1254989367440752,1.2003248808551497,0.9487146843596777,0.1156439724331583,-0.0659589186505052,0.2867339191143109
1762592287.3779936,257.0799865722656,264.989990234375,190.0200042724609,89.37999725341797,16.0,14.9399995803833,145.89999389648438,102.91999816894533,96.05999755859376,-3530.570068359375,0,-0.2784668705453444,0.1306048794321533,1.2542924966767477,-0.9408809004449448,-0.1828709058591254,-0.256804055193084,0.1239073855932749
1762592287.7031734,257.0799865722656,264.989990234375,190.0200042724609,89.37999725341797,16.0,14.9399995803833,145.89999389648438,102.91999816894533,82.2699966430664,-3358.389892578125,0,-0.2723570124451179,0.1276989518745485,1.2327547392138674,-0.9470912707105308,-0.1821735718245601,-0.2335932344598584,0.1235520760132163
1762592287.7824893,257.0799865722656,264.989990234375,190.0200042724609,89.37999725341797,16.0,14.9399995803833,145.99000549316406,102.91999816894533,68.55000305175781,-3298.800048828125,0,-0.2687086578524719,0.1284829243770799,1.2212252585199683,-0.9489696468686816,-0.1729037973399708,-0.233235316292856,0.1231347774640429
1762592287.8584146,257.0799865722656,264.989990234375,190.0200042724609,89.37999725341797,16.0,14.9399995803833,145.99000549316406,102.91999816894533,68.55000305175781,-3246.239990234375,0,-0.26979806241499,0.1344017275981141,1.2312063334275951,-0.9511413140161936,-0.1828898988525654,-0.2282420097873316,0.0989296246707066
1762592288.0933738,257.0799865722656,264.989990234375,190.0200042724609,89.37999725341797,16.0,14.9399995803833,145.89999389648438,102.91999816894533,54.93000030517578,-3131.10009765625,0,-0.2611670357215324,0.1420377973898479,1.2057539804073174,-0.942884912330223,-0.1750520323348651,-0.2675131093840298,0.0936032284867854
1762592288.1314328,257.0799865722656,264.989990234375,190.0200042724609,89.37999725341797,16.0,14.9399995803833,145.99000549316406,102.83000183105467,41.130001068115234,-3070.719970703125,0,-0.2593638505583083,0.1418891060925521,1.2000369913985702,0.9562905347881472,0.1256311064610998,-0.0609683643806204,0.2569204092879963
1762592288.1702032,257.0799865722656,264.989990234375,190.0200042724609,89.37999725341797,16.0,14.9399995803833,145.99000549316406,102.83000183105467,41.130001068115234,-3070.719970703125,0,-0.2559607522591264,0.1423564878348086,1.1866512921772483,-0.9410652911876304,-0.1789659810971284,-0.2644722866543614,0.1114527026307386
1762592288.4139578,257.0799865722656,264.989990234375,190.0200042724609,89.37999725341797,16.0,14.9399995803833,145.89999389648438,102.91999816894533,35.95000076293945,-2896.52001953125,0,-0.2568973571375691,0.1514658569114558,1.2006288107298777,0.9551701535123432,0.1252973063789632,-0.0608745124360487,0.2612371654054154
1762592288.5080771,257.0799865722656,264.989990234375,190.0200042724609,89.37999725341797,16.0,14.9399995803833,145.89999389648438,102.91999816894533,35.95000076293945,-2842.2900390625,0,-0.2533131970249495,0.1528134797726408,1.1882573846895956,-0.9424870564235008,-0.1793910794543243,-0.2605258113451387,0.1079967161969963
1762592288.6113577,257.0799865722656,264.989990234375,190.0200042724609,89.37999725341797,16.0,14.9399995803833,145.89999389648438,102.83000183105467,35.95000076293945,-2781.1201171875,0,-0.2531917193654485,0.159952172564373,1.1937503590485434,-0.9484388000042752,-0.167483106812461,-0.2612774446715473,0.0643999105962319
1762592288.6456728,257.0799865722656,264.989990234375,190.0200042724609,89.37999725341797,16.0,14.9399995803833,145.89999389648438,102.83000183105467,35.95000076293945,-2781.1201171875,0,-0.2567985952591076,0.1635384967713185,1.2107091378663215,-0.9518352756494354,-0.1707445195327585,-0.2392989357433525,0.0871317188570825
1762592288.6828573,257.0799865722656,264.989990234375,190.0200042724609,89.37999725341797,16.0,14.9399995803833,145.89999389648438,102.83000183105467,35.95000076293945,-2781.1201171875,0,-0.2537745456471182,0.1635371230879732,1.199514750120551,-0.9536730290947296,-0.1617114949101352,-0.2388004182226687,0.085624215312555
1762592288.8362725,257.0799865722656,264.989990234375,190.0200042724609,89.37999725341797,16.0,14.9399995803833,145.89999389648438,102.91999816894533,35.95000076293945,-2663.7900390625,0,-0.2590707422632629,0.1742214383278784,1.230818109630451,-0.9546579803291086,-0.1669539341837791,-0.2382222198012747,0.0632826867907725
1762592288.871168,257.0799865722656,264.989990234375,190.0200042724609,89.37999725341797,16.0,14.9399995803833,145.89999389648438,102.91999816894533,35.95000076293945,-2663.7900390625,0,-0.2514269102636957,0.1701615839161773,1.194588315747493,-0.9444888538698234,-0.16059168633485,-0.2834056951283577,0.0428056907970074
1762592288.9611514,257.0799865722656,264.989990234375,190.0200042724609,89.37999725341797,16.0,14.9399995803833,145.89999389648438,102.91999816894533,35.95000076293945,-2603.5,0,-0.2541513382345671,0.1748970715954723,1.2101809702555557,0.9648291298787076,0.1213753086534363,-0.0566368850351855,0.2261969227029628
1762592289.0152984,257.0799865722656,264.989990234375,190.0200042724609,89.37999725341797,16.0,14.9399995803833,145.89999389648438,102.91999816894533,35.95000076293945,-2549.7900390625,0,-0.2471882846422911,0.1717227737671537,1.178015816644087,0.9594602163026694,0.1148121853550046,-0.0765292358113658,0.245759092390437
1762592289.0540297,257.0799865722656,264.989990234375,190.0200042724609,89.37999725341797,16.0,14.9399995803833,145.89999389648438,102.91999816894533,35.95000076293945,-2549.7900390625,0,-0.2437601597453825,0.17337770994142,1.164132559706642,-0.9445447420687628,-0.1686665906243213,-0.2710209949468636,0.0770352629348039
1762592289.121935,257.0799865722656,264.989990234375,190.0200042724609,89.37999725341797,16.0,14.9399995803833,145.89999389648438,102.83000183105467,35.95000076293945,-2488.010009765625,0,-0.2478155483057068,0.1780874735768692,1.185056169278054,0.9652854583061145,0.1059064245745947,-0.0771163979611841,0.2259665337656718
1762592289.2124302,257.0799865722656,264.989990234375,190.0200042724609,89.37999725341797,16.0,14.9399995803833,145.89999389648438,102.83000183105467,35.95000076293945,-2431.929931640625,0,-0.249623779406978,0.1848065421517804,1.196799672711938,0.9631673353494384,0.1141629691834103,-0.0779942107946969,0.2306347841623254
1762592289.2494245,257.0799865722656,264.989990234375,190.0200042724609,89.37999725341797,16.0,14.9399995803833,145.89999389648438,102.83000183105467,35.95000076293945,-2431.929931640625,0,-0.2466086026194562,0.1851437774544661,1.1858621220162178,-0.9528088612827348,-0.1598834226639384,-0.2522214188111574,0.0545611666961888
1762592289.375505,257.0799865722656,264.989990234375,190.0200042724609,89.37999725341797,16.0,14.9399995803833,145.89999389648438,102.83000183105467,35.95000076293945,-2369.0,0,-0.2418526149680682,0.1901859761471331,1.1670800254785918,-0.9484814461889672,-0.1578740554150224,-0.2728716182271386,0.0316197537656796
1762592289.4113123,257.0799865722656,264.989990234375,190.0200042724609,89.37999725341797,16.0,14.9399995803833,145.89999389648438,102.83000183105467,35.95000076293945,-2311.43994140625,0,-0.2530527888391042,0.2003409031160662,1.2199726783823697,-0.959861636400189,-0.15914038561346,-0.2293898373578999,0.0268380168952009
1762592289.4466577,257.0799865722656,264.989990234375,190.0200042724609,89.37999725341797,16.0,14.9399995803833,145.89999389648438,102.83000183105467,35.95000076293945,-2311.43994140625,0,-0.2465745757441141,0.1968924002309938,1.190436412985957,0.9656037430389364,0.1032994221337746,-0.0510577265880874,0.2330917187968719
1762592289.5160627,257.0799865722656,264.989990234375,190.0200042724609,89.37999725341797,16.0,14.9399995803833,145.89999389648438,102.91999816894533,35.95000076293945,-2248.070068359375,0,-0.2497518119000386,0.2032123132946503,1.2082823013320834,-0.9541293009784024,-0.1559130248811643,-0.2502098391344884,0.0521866083125179
1762592289.5531878,257.0799865722656,264.989990234375,190.0200042724609,89.37999725341797,16.0,14.9399995803833,145.89999389648438,102.91999816894533,35.95000076293945,-2248.070068359375,0,-0.2440339777924031,0.2008584625094484,1.1816719151182449,-0.9541808614922256,-0.1616963457834972,-0.2499988565542285,0.0298956024156766
1762592289.6451793,257.0799865722656,264.989990234375,190.0200042724609,89.37999725341797,16.0,14.9399995803833,145.89999389648438,102.91999816894533,35.95000076293945,-2185.929931640625,0,-0.2459436420672474,0.2083955428000348,1.1919091461352451,-0.9614072557888036,-0.1551175960991904,-0.2223905216340606,0.0466591447026293
1762592289.6806557,257.0799865722656,264.989990234375,190.0200042724609,89.37999725341797,16.0,14.9399995803833,145.89999389648438,102.91999816894533,35.95000076293945,-2185.929931640625,0,-0.2412530518245884,0.2056825191133455,1.1697529747311377,0.9657374983374308,0.102538721047557,-0.0966226964501761,0.2179471255180701
1762592289.7158697,257.0799865722656,264.989990234375,190.0200042724609,89.37999725341797,16.0,14.9399995803833,145.89999389648438,102.91999816894533,35.95000076293945,-2128.5400390625,0,-0.2431138519237796,0.2096089309835488,1.178235828603058,-0.9565426895939304,-0.1524162045452872,-0.2443820805352947,0.0455278188546239
1762592289.834217,257.0799865722656,264.989990234375,190.0200042724609,89.37999725341797,16.0,14.9399995803833,145.89999389648438,102.91999816894533,35.95000076293945,-2065.610107421875,0,-0.2396039824649889,0.2150820209075252,1.164290233556277,-0.95878356925179,-0.1447881363733991,-0.2437903150413077,0.0183506182559594
1762592289.8997848,257.0799865722656,264.989990234375,190.0200042724609,89.37999725341797,16.0,14.9399995803833,145.89999389648438,102.91999816894533,35.95000076293945,-2065.610107421875,0,-0.2432042090187162,0.2204386284037166,1.1817291936946597,-0.963780157681546,-0.147008402842743,-0.2184825698342273,0.0422102337306029
1762592289.939172,257.0799865722656,264.989990234375,190.0200042724609,89.37999725341797,16.0,14.9399995803833,145.89999389648438,102.91999816894533,35.95000076293945,-2009.6199951171875,0,-0.2457484456730032,0.2248765912088124,1.1940444278329048,-0.9705053618497228,-0.1494711357254011,-0.1885431160238282,0.015139868094629
1762592289.9774606,257.0799865722656,264.989990234375,190.0200042724609,89.37999725341797,16.0,14.9399995803833,145.89999389648438,102.91999816894533,35.95000076293945,-2009.6199951171875,0,-0.2414248922814759,0.2249546359773988,1.1731550518633018,-0.9514845043041577,-0.1597869608927746,-0.2622713731569874,0.0189497234827058
1762592290.062559,257.0799865722656,264.989990234375,190.0200042724609,89.37999725341797,16.0,14.9399995803833,145.89999389648438,102.91999816894533,35.95000076293945,-1946.3399658203125,0,-0.2433382280368871,0.2326795591603032,1.1823805973795156,-0.9657388273798032,-0.1474277922650886,-0.2133367878423999,0.0100487965454219
1762592290.1062028,257.0799865722656,264.989990234375,190.0200042724609,89.37999725341797,16.0,14.9399995803833,145.89999389648438,102.91999816894533,35.95000076293945,-1889.1199951171875,0,-0.2391511514995954,0.2311968060377079,1.1631617293927123,-0.9443255096416512,-0.1671506520818383,-0.2833901666722246,6.915302474695171e-05
1762592290.1445618,257.0799865722656,264.989990234375,190.0200042724609,89.37999725341797,16.0,14.9399995803833,145.89999389648438,102.91999816894533,35.95000076293945,-1889.1199951171875,0,-0.2418306788067024,0.2354824929343515,1.175122357058909,-0.9523175332209486,-0.1603241218583642,-0.2591456525856562,0.0151994281558969
1762592290.179484,257.0799865722656,264.989990234375,190.0200042724609,89.37999725341797,16.0,14.9399995803833,145.89999389648438,102.91999816894533,35.95000076293945,-1889.1199951171875,0,-0.238293358244045,0.2341330033357314,1.1584295253667591,0.9690381474672132,0.0972494063484087,-0.0939802385278743,0.2065800970191419
1762592290.2787995,257.0799865722656,264.989990234375,190.0200042724609,89.37999725341797,16.0,14.9399995803833,145.89999389648438,102.91999816894533,35.95000076293945,-1826.18994140625,0,-0.2375729800302424,0.2404789996353944,1.1544483763781843,-0.9556700072046558,-0.1436399417573213,-0.2568206598359285,0.0102739059196083
1762592290.3112967,257.0799865722656,264.989990234375,190.0200042724609,89.37999725341797,16.0,14.9399995803833,145.89999389648438,102.91999816894533,35.95000076293945,-1762.9100341796875,0,-0.2433141464332175,0.2479976507226348,1.179743817784051,0.9689197867729176,0.0915728018128115,-0.0933019084969614,0.2100086251535877
1762592290.344375,257.0799865722656,264.989990234375,190.0200042724609,89.37999725341797,16.0,14.9399995803833,145.89999389648438,102.91999816894533,35.95000076293945,-1762.9100341796875,0,-0.2329827057385014,0.2405098969669288,1.131555780695262,0.9650246710226338,0.094018874012814,-0.1364694840064158,0.2031352150220211
1762592290.3910904,257.0799865722656,264.989990234375,190.0200042724609,89.37999725341797,16.0,14.9399995803833,145.89999389648438,102.91999816894533,35.95000076293945,-1762.9100341796875,0,-0.2367471254857884,0.246251605877527,1.1484232571306696,-0.9549928448585622,-0.157059107983084,-0.2515459902557604,0.0067614831773078
1762592290.4300716,257.0799865722656,264.989990234375,190.0200042724609,89.37999725341797,16.0,14.9399995803833,145.89999389648438,102.91999816894533,35.95000076293945,-1704.81005859375,0,-0.2395364834573259,0.2516655782658378,1.1604691670877605,0.9677534705507228,0.0832790132366217,-0.0598178333202005,0.2300861860439315
1762592290.4666631,257.0799865722656,264.989990234375,190.0200042724609,89.37999725341797,16.0,14.9399995803833,145.89999389648438,102.91999816894533,35.95000076293945,-1704.81005859375,0,-0.2365689730115169,0.2510118044551889,1.1465968816769458,0.9487531662462916,0.1514054471013011,0.2771820828314117,0.010673007211278
1762592290.506801,257.0799865722656,264.989990234375,190.0200042724609,89.37999725341797,16.0,14.9399995803833,145.89999389648438,102.91999816894533,35.95000076293945,-1639.949951171875,0,-0.2412909684210638,0.2589333580806572,1.1683903388732308,0.9611685428551472,0.1467413723782022,0.2323493345260271,0.0252148488710034
1762592290.5946226,257.0799865722656,264.989990234375,190.0200042724609,89.37999725341797,16.0,14.9399995803833,145.89999389648438,102.83000183105467,35.95000076293945,-1639.949951171875,0,-0.2437718256124289,0.2689683166750727,1.1757945715486628,0.9717386214326406,0.0950001160788258,-0.0945893032667138,0.1942984644013397
1762592290.6437795,257.0799865722656,264.989990234375,190.0200042724609,89.37999725341797,16.0,14.9399995803833,145.89999389648438,102.83000183105467,35.95000076293945,-1580.18994140625,0,-0.2440527736780948,0.2718202195954795,1.177150861606066,0.9713005079131608,0.094729602907274,-0.0945492004503625,0.1966267386569376
1762592290.721857,257.0799865722656,264.989990234375,190.0200042724609,89.37999725341797,16.0,14.9399995803833,145.89999389648438,102.83000183105467,35.95000076293945,-1513.1300048828125,0,-0.2420494873242619,0.2756336588577227,1.1670193867010556,0.9539060670547402,0.142000863706329,0.2599810731047744,0.0480500943818446
1762592290.8313098,257.0799865722656,264.989990234375,190.0200042724609,89.37999725341797,16.0,14.9399995803833,145.89999389648438,102.83000183105467,35.95000076293945,-1446.5899658203125,0,-0.2436104563686446,0.2899299075999169,1.1704739453329445,0.9547719105129544,0.1424617755498244,0.2553855671017223,0.0537908311774987
1762592290.932875,257.0799865722656,264.989990234375,190.0200042724609,89.37999725341797,16.0,14.9399995803833,145.89999389648438,102.91999816894533,35.95000076293945,-1386.6500244140625,0,-0.2427559828451037,0.2946257482165856,1.1618021550648157,0.9747906280317812,0.0894174954415443,-0.0951778799343448,0.1809113434297875
1762592290.9754615,257.0799865722656,264.989990234375,190.0200042724609,89.37999725341797,16.0,14.9399995803833,145.89999389648438,102.91999816894533,35.95000076293945,-1386.6500244140625,0,-0.2454574163040638,0.3022761182041864,1.1742767988943998,0.9500445638315932,0.1524978998735649,0.2599662967948262,0.0811001960476931
1762592291.0180745,257.0799865722656,264.989990234375,190.0200042724609,89.37999725341797,16.0,14.9399995803833,145.89999389648438,102.91999816894533,35.95000076293945,-1320.72998046875,0,-0.2419662405388754,0.3079975628839989,1.1500773183262527,0.9710830804270668,0.0806868790861255,-0.1100498364181378,0.1958987288268127
1762592291.057763,257.0799865722656,264.989990234375,190.0200042724609,89.37999725341797,16.0,14.9399995803833,145.89999389648438,102.91999816894533,35.95000076293945,-1320.72998046875,0,-0.2460001619696438,0.3170235343431528,1.1672846606808411,0.9743549207965028,0.0890987686022605,-0.0883966618589771,0.1867616875201964
1762592291.1307695,257.0799865722656,264.989990234375,190.0200042724609,89.37999725341797,16.0,14.9399995803833,145.89999389648438,102.91999816894533,35.95000076293945,-1262.1099853515625,0,-0.2420999936245007,0.3205450980266169,1.146818849265025,0.9763902818897264,0.0733091124591027,-0.0823084386598327,0.185777050216489
1762592291.1741755,257.0799865722656,264.989990234375,190.0200042724609,89.37999725341797,16.0,14.9399995803833,145.89999389648438,102.91999816894533,35.95000076293945,-1262.1099853515625,0,-0.2447366347759531,0.3277061147566851,1.155347623312736,0.9704637109938208,0.0801640124509883,-0.1047002539004836,0.2020192406307732
1762592291.215417,257.0799865722656,264.989990234375,190.0200042724609,89.37999725341797,16.0,14.9399995803833,145.89999389648438,102.91999816894533,35.95000076293945,-1195.219970703125,0,-0.2461112870197168,0.3349041732355431,1.161396653945845,0.9538809050920852,0.136334334385877,0.2481379043589237,0.0997584512140478
1762592291.299166,257.0799865722656,264.989990234375,190.0200042724609,89.37999725341797,16.0,14.9399995803833,145.89999389648438,102.91999816894533,35.95000076293945,-1195.219970703125,0,-0.2487103546596826,0.3479267030611928,1.1686543575203834,0.9597371293048385,0.127518246716908,0.2188694833061852,0.1214079431719231
1762592291.343902,257.0799865722656,264.989990234375,190.0200042724609,89.37999725341797,16.0,14.9399995803833,145.89999389648438,102.91999816894533,35.95000076293945,-1134.6700439453125,0,-0.2500465078155298,0.3539387757911445,1.1705418451372336,0.9796691274730904,0.0834221613560274,-0.0468312686591104,0.1763405113596443
1762592291.384738,257.0799865722656,264.989990234375,190.0200042724609,89.37999725341797,16.0,14.9399995803833,145.89999389648438,102.91999816894533,35.95000076293945,-1134.6700439453125,0,-0.2463852124681042,0.3537293733677107,1.151377089575594,0.9724405372338528,0.0824920696686627,-0.1071838359782853,0.189910729794544
1762592291.5325787,257.0799865722656,264.989990234375,190.0200042724609,89.37999725341797,16.0,14.9399995803833,145.89999389648438,102.91999816894533,35.95000076293945,-1002.739990234375,0,-0.2520223663670278,0.396822282997669,1.161624933008616,0.9521131196068908,0.1071183234735818,0.2214291850758813,0.1815912669851579
