timestamp,motor1,motor2,motor3,motor4,motor5,motor6,motor7,motor8,motor9,motor10,marker_id,x,y,z,qx,qy,qz,qw
1765625671.517241,329.4100036621094,310.1700134277344,242.83999633789065,180.17999267578125,69.08000183105469,86.56999969482422,349.1000061035156,257.6099853515625,103.88999938964844,300.1499938964844,0,-0.1679397944632387,0.2324766857911661,0.696337805578662,0.9828430441198284,-0.0330297478774753,-0.0591531979385331,0.171550242069383
1765625672.9068177,329.3299865722656,310.1700134277344,242.83999633789065,180.17999267578125,68.98999786376953,86.56999969482422,349.010009765625,257.6099853515625,108.80999755859376,300.1499938964844,0,-0.1725389202924865,0.2372940019660277,0.7138278532066716,0.986238229769581,-0.0193228710006553,-0.0426776578713863,0.1585540864054545
1765625673.0003383,329.3299865722656,310.1700134277344,242.83999633789065,180.17999267578125,68.98999786376953,86.56999969482422,349.010009765625,257.6099853515625,108.80999755859376,300.1499938964844,0,-0.1774503286875131,0.2415681443356729,0.7349961505472492,0.9646280406293056,0.0206646840978221,0.244323437259456,0.0968079132536605
1765625673.070286,329.3299865722656,310.1700134277344,242.83999633789065,180.17999267578125,68.98999786376953,86.56999969482422,349.010009765625,257.6099853515625,122.77999877929688,300.1499938964844,0,-0.1782898796120316,0.2387101721472679,0.7384608989067049,0.96215787786162,0.0199362741594912,0.2334934905768747,0.1390523387062886
1765625673.1689715,329.3299865722656,310.1700134277344,242.83999633789065,180.17999267578125,68.98999786376953,86.56999969482422,349.010009765625,257.6099853515625,122.77999877929688,300.1499938964844,0,-0.1797073842909167,0.2295342949737984,0.7441116658668654,0.9726436611929667,-0.0056035075817492,0.0100551986251251,0.2320168140987451
1765625673.2195857,329.3299865722656,310.1700134277344,242.83999633789065,180.17999267578125,68.98999786376953,86.56999969482422,349.010009765625,257.6099853515625,122.77999877929688,300.1499938964844,0,-0.1763893369860651,0.2231118244103165,0.7317285985087243,0.952955410958478,0.0502842637600413,0.2840200120437453,0.0931671095491311
1765625673.2522788,329.3299865722656,310.1700134277344,242.83999633789065,180.17999267578125,68.98999786376953,86.56999969482422,349.010009765625,257.6099853515625,135.97000122070312,300.1499938964844,0,-0.1774603594220573,0.2224434435861106,0.7377936637906037,0.9635389708184208,0.0534061302567912,0.2499142393783598,0.0792673319918675
1765625673.823686,329.3299865722656,310.1700134277344,242.83999633789065,180.17999267578125,68.91000366210938,86.56999969482422,349.010009765625,262.3500061035156,138.52000427246094,300.0599975585937,0,-0.1701851259409207,0.2088021243374304,0.7083117491405828,0.9760254735669232,-0.0102229774294732,-0.0545825594211522,0.2104531061495085
1765625673.863253,329.3299865722656,310.1700134277344,242.83999633789065,180.17999267578125,68.91000366210938,86.56999969482422,349.010009765625,262.6199951171875,138.69000244140625,300.1499938964844,0,-0.1729979121084444,0.2118162118180878,0.7189603893964872,0.9791130772201396,-0.0152041963830309,-0.0321797281792412,0.2001771203788411
1765625674.0373504,329.3299865722656,310.1700134277344,242.83999633789065,180.17999267578125,68.91000366210938,86.56999969482422,349.010009765625,262.6199951171875,138.69000244140625,300.1499938964844,0,-0.1699270108470932,0.2035811145568754,0.7086598830818253,0.9476896145410784,0.0557077636222916,0.3053267776179884,0.0745425947536108
1765625674.2719345,329.3299865722656,310.1700134277344,242.83999633789065,180.17999267578125,68.91000366210938,86.56999969482422,349.010009765625,262.6199951171875,138.69000244140625,300.1499938964844,0,-0.1743540639047844,0.2109136978224696,0.7278929160505726,0.9810401365785716,0.0056963336050896,-0.006895780649055,0.1935981673843987
1765625674.3069694,329.3299865722656,310.1700134277344,242.83999633789065,180.17999267578125,68.91000366210938,86.56999969482422,349.010009765625,262.6199951171875,138.69000244140625,300.1499938964844,0,-0.1693517145358966,0.205028531244133,0.7057277923718063,0.9517973975852349,0.0475189108753717,0.2975405544163085,0.0573871548068777
1765625674.3758068,329.3299865722656,310.1700134277344,242.83999633789065,180.17999267578125,68.91000366210938,86.56999969482422,349.010009765625,262.6199951171875,138.69000244140625,300.1499938964844,0,-0.1737770516369871,0.2097243609995029,0.7211330485940376,0.973444590829878,-0.0076916457963175,-0.0266166646149049,0.2272400060151679
1765625674.5506153,329.3299865722656,310.1700134277344,242.83999633789065,180.17999267578125,68.91000366210938,86.56999969482422,349.010009765625,262.6199951171875,143.44000244140625,300.1499938964844,0,-0.1744850756122328,0.2071995617451085,0.7273034136579384,0.9711529241121776,-0.0150649502283546,-0.0557936939517101,0.2313484579118856
1765625674.662689,329.3299865722656,310.1700134277344,242.83999633789065,180.17999267578125,68.91000366210938,86.56999969482422,349.010009765625,262.6199951171875,156.8000030517578,300.1499938964844,0,-0.1800970431992302,0.2079022734025508,0.7543405884927366,0.9779067596274386,0.0658231724863859,0.1980467696015106,0.011964802096011
1765625674.9486604,329.3299865722656,310.1700134277344,242.83999633789065,180.17999267578125,68.91000366210938,86.56999969482422,349.010009765625,264.8999938964844,161.10000610351562,300.0599975585937,0,-0.169163320443773,0.1771330369570536,0.7151227944470947,0.9538805823984076,0.0655413871135668,0.2901099781628466,0.0406492517625762
1765625675.073401,329.3299865722656,310.1700134277344,242.83999633789065,180.17999267578125,68.91000366210938,86.56999969482422,351.2099914550781,267.19000244140625,159.35000610351562,300.1499938964844,0,-0.1704238559611915,0.1841856052435608,0.7220703824355045,0.9632312049380598,0.0580546409289614,0.260643988288368,0.0296650614244455
1765625675.1341789,329.3299865722656,310.1700134277344,242.83999633789065,180.17999267578125,68.91000366210938,86.56999969482422,351.2099914550781,267.19000244140625,159.35000610351562,300.1499938964844,0,-0.1749841679934946,0.1918946317058799,0.7399473245767781,0.9733810931188652,0.0116289378365531,-0.046925908812705,0.2240356544071014
1765625675.235703,329.3299865722656,310.1700134277344,242.83999633789065,180.17999267578125,68.91000366210938,86.56999969482422,351.2099914550781,267.19000244140625,159.35000610351562,300.1499938964844,0,-0.1700966525531232,0.1880712120668559,0.7138244670487849,0.9728833705581336,-0.0081298164080375,-0.0621976899505688,0.2226281669992146
1765625675.277678,329.3299865722656,310.1700134277344,242.83999633789065,180.25999450683597,68.91000366210938,86.56999969482422,351.1199951171875,269.3800048828125,159.35000610351562,300.1499938964844,0,-0.1696191750671883,0.1869849301272927,0.7100262298944283,0.9551707945374056,0.0590854744570428,0.2855280143529619,0.0512973000324808
1765625676.244038,329.3299865722656,310.1700134277344,242.83999633789065,180.17999267578125,68.91000366210938,86.56999969482422,351.1199951171875,269.4700012207031,159.42999267578125,300.1499938964844,0,-0.1759680723491574,0.1887175908066737,0.7387858407763819,0.9619923234041318,0.0727017725369641,0.2619208891593373,0.0261279506178002
1765625676.304852,329.4100036621094,310.1700134277344,242.83999633789065,180.17999267578125,68.91000366210938,86.56999969482422,351.1199951171875,269.4700012207031,169.6300048828125,300.1499938964844,0,-0.1743755776576573,0.182936379570048,0.7318323787566658,0.9706128015491676,0.0127268215497507,-0.0200098478586181,0.239475308687121
1765625676.5115054,329.3299865722656,310.1700134277344,242.83999633789065,180.17999267578125,68.91000366210938,86.56999969482422,351.1199951171875,269.4700012207031,182.9900054931641,300.1499938964844,0,-0.1759627309504546,0.1684689359039335,0.7432717464590632,-0.9536427042119152,-0.0842188670557617,-0.2885445405950406,0.0146568491848317
1765625676.8051713,329.3299865722656,310.1700134277344,242.83999633789065,180.17999267578125,68.91000366210938,86.56999969482422,351.1199951171875,271.8500061035156,187.55999755859372,300.1499938964844,0,-0.1709286288334856,0.152322966944348,0.7328356725381088,0.9668641106234052,0.0157261655015322,-0.0604270947190426,0.2475379678571471
1765625677.010579,329.3299865722656,310.1700134277344,242.83999633789065,180.17999267578125,68.91000366210938,86.56999969482422,353.4100036621094,274.2200012207031,185.4499969482422,300.1499938964844,0,-0.1691967266497658,0.1626040819034684,0.7179720941077016,-0.9613942553654288,-0.0692864355821595,-0.2661804059332938,0.0082744843862932
1765625677.0842404,329.3299865722656,310.1700134277344,242.83999633789065,180.25999450683597,68.91000366210938,86.56999969482422,355.69000244140625,276.4200134277344,185.4499969482422,300.1499938964844,0,-0.1703038657997939,0.1631907852580838,0.718280455370901,-0.9612770846388504,-0.0693316152170824,-0.2666169344092297,0.0074097210370977
1765625677.2428546,329.3299865722656,310.1700134277344,242.83999633789065,180.25999450683597,68.91000366210938,86.56999969482422,355.69000244140625,276.4200134277344,185.4499969482422,300.1499938964844,0,-0.1745277952606785,0.1598603434310944,0.7272376426343992,-0.9660365887418068,-0.070100287308529,-0.2486233780190377,0.0067583158965703
1765625677.3696573,331.5199890136719,312.19000244140625,244.9499969482422,180.25999450683597,68.91000366210938,86.56999969482422,355.69000244140625,276.4200134277344,185.4499969482422,300.1499938964844,0,-0.1726875465702195,0.157319579598875,0.717443139120437,-0.959920437474155,-0.0690847650524416,-0.2714413070202112,0.0099832760272056
1765625677.5772376,331.44000244140625,314.3800048828125,244.9499969482422,180.17999267578125,68.91000366210938,86.56999969482422,355.69000244140625,276.4200134277344,185.4499969482422,300.1499938964844,0,-0.1713195329284475,0.1591910566815513,0.709650614680197,-0.955169361260531,-0.0795051874165407,-0.2837358722807459,0.0287118662593414
1765625678.177107,331.44000244140625,314.739990234375,244.9499969482422,180.25999450683597,68.91000366210938,86.56999969482422,355.69000244140625,276.4200134277344,185.4499969482422,300.1499938964844,0,-0.1743344257767185,0.1600908645748342,0.7191582529796654,0.9684222750333548,0.0134774502634238,-0.0267304757309121,0.2475118930896408
1765625678.2081325,331.44000244140625,314.739990234375,244.9499969482422,180.25999450683597,68.91000366210938,86.56999969482422,355.69000244140625,276.4200134277344,185.4499969482422,300.1499938964844,0,-0.1721133731795991,0.1577961452022737,0.7094309314325818,0.9664504489931536,0.0085336217670763,-0.067280684625114,0.247737797715335
1765625678.3118577,331.44000244140625,314.739990234375,244.9499969482422,180.25999450683597,68.91000366210938,86.56999969482422,355.69000244140625,276.4200134277344,187.72999572753903,300.1499938964844,0,-0.1733415372981998,0.1595113465043051,0.7180110845857842,-0.9601336480440498,-0.0692023465638511,-0.270712806078093,0.008306006802683
1765625678.639235,331.44000244140625,314.739990234375,244.9499969482422,180.25999450683597,68.91000366210938,86.56999969482422,355.69000244140625,276.4200134277344,200.38999938964844,300.1499938964844,0,-0.1748856290343221,0.1387718966862764,0.7298369731569664,-0.9542114485235272,-0.0936627813116815,-0.2760360823906899,0.0671705003851565
1765625678.7434409,331.44000244140625,314.739990234375,244.9499969482422,180.17999267578125,68.91000366210938,86.56999969482422,355.69000244140625,278.7900085449219,205.13999938964844,300.1499938964844,0,-0.1719257860468834,0.1330473337881162,0.7202021077493622,-0.95555053298743,-0.0865016407368048,-0.277657382991629,0.0484460806208252
1765625678.8093717,331.44000244140625,314.739990234375,244.9499969482422,180.17999267578125,68.91000366210938,86.56999969482422,355.69000244140625,278.7900085449219,205.13999938964844,300.1499938964844,0,-0.1737984415649331,0.1368751421323934,0.7299478940388834,0.9650040526492932,0.0226842877411201,-0.0432122468091058,0.2576534556062217
1765625679.0091462,331.44000244140625,314.739990234375,244.9499969482422,180.25999450683597,68.91000366210938,86.56999969482422,355.69000244140625,281.25,202.75999450683597,300.1499938964844,0,-0.1709456940997642,0.1453268100170181,0.7155551364847312,-0.957269290711666,-0.0796181110412786,-0.2715802546884661,0.0595031656128529
1765625679.2289202,331.44000244140625,314.739990234375,244.9499969482422,180.17999267578125,68.91000366210938,86.56999969482422,355.69000244140625,283.5400085449219,202.67999267578125,300.1499938964844,0,-0.1708689549516724,0.141924160882489,0.7056822018684001,-0.9515329550612412,-0.0900252203489219,-0.2883263455361951,0.0578654785108755
1765625679.267198,333.6300048828125,314.739990234375,247.05999755859372,182.1999969482422,71.27999877929688,86.56999969482422,355.69000244140625,283.6199951171875,202.67999267578125,300.1499938964844,0,-0.1711158293622187,0.1413899396510481,0.7061622239954117,-0.9553084401388569,-0.0843927509412839,-0.2725415942545757,0.0773610185377674
1765625679.6461132,333.6300048828125,316.6700134277344,249.3500061035156,182.2899932861328,71.27999877929688,86.56999969482422,355.69000244140625,283.6199951171875,202.67999267578125,300.1499938964844,0,-0.1734586002497004,0.1453293343911707,0.7074212284960912,-0.9573676755542956,-0.0852179811084731,-0.2707323240610809,0.0537497740278676
1765625679.6853707,333.6300048828125,318.7799987792969,249.42999267578125,182.2899932861328,71.27999877929688,86.56999969482422,355.69000244140625,283.6199951171875,202.67999267578125,300.1499938964844,0,-0.176116750908031,0.1467545825593824,0.7156337217792558,-0.9572823991308242,-0.080715725656968,-0.2752061206066774,0.0368370890085732
1765625679.977605,333.6300048828125,319.0400085449219,249.42999267578125,182.1999969482422,71.27999877929688,86.56999969482422,355.69000244140625,283.6199951171875,202.67999267578125,300.0599975585937,0,-0.1727653818530432,0.1447274340425383,0.7051298920584501,-0.952021891605482,-0.0912251814341087,-0.2898061516221603,0.0366698603513491
1765625680.054467,333.6300048828125,319.0400085449219,249.42999267578125,182.2899932861328,71.27999877929688,86.56999969482422,355.69000244140625,283.6199951171875,202.67999267578125,300.1499938964844,0,-0.175036803406946,0.146713360843501,0.7154320177901997,-0.957467507243337,-0.0806811145019376,-0.2745074862852882,0.0373117985265808
1765625680.1016018,333.6300048828125,319.0400085449219,249.42999267578125,182.2899932861328,71.27999877929688,86.56999969482422,355.69000244140625,283.6199951171875,202.67999267578125,300.1499938964844,0,-0.1711493104386752,0.143231463347727,0.6990505104825498,-0.9523153595024444,-0.0831955631127823,-0.2884296268373634,0.0546104815629442
1765625680.182614,333.6300048828125,319.0400085449219,249.42999267578125,182.2899932861328,71.27999877929688,86.56999969482422,355.69000244140625,283.6199951171875,202.67999267578125,300.1499938964844,0,-0.1754876057003237,0.1462969556985899,0.7146589812622068,-0.9516439809268232,-0.0858482581106117,-0.2925324872167569,0.0377962176401292
1765625680.2518694,333.6300048828125,319.1300048828125,249.42999267578125,182.1999969482422,71.27999877929688,86.56999969482422,355.69000244140625,283.6199951171875,202.67999267578125,300.1499938964844,0,-0.1718029714461781,0.1431472386117529,0.6986389861169954,-0.9519363387989398,-0.0834255368218288,-0.2895151511408229,0.055121356477924
1765625680.3439424,333.6300048828125,319.1300048828125,249.42999267578125,182.1999969482422,71.27999877929688,86.56999969482422,355.69000244140625,283.6199951171875,202.67999267578125,300.1499938964844,0,-0.1762572358431731,0.1466132994182319,0.7162037928400958,-0.9575665838778852,-0.0804302961790251,-0.2745039352588388,0.0352816442984524
1765625680.463452,333.6300048828125,319.0400085449219,249.42999267578125,182.1999969482422,71.27999877929688,86.56999969482422,355.69000244140625,283.6199951171875,202.67999267578125,300.1499938964844,0,-0.172992283022351,0.1447939453963047,0.7060523923828697,-0.9512917779129636,-0.0906000884599189,-0.2891657649037985,0.0567339197821649
1765625680.7390575,333.5400085449219,319.1300048828125,249.42999267578125,182.1999969482422,71.27999877929688,86.56999969482422,355.69000244140625,283.6199951171875,202.67999267578125,300.1499938964844,0,-0.1757438100266934,0.1471307554840931,0.7162128409787489,-0.9577428116764224,-0.0804472911042173,-0.2738967758591014,0.0351780643316771
1765625680.8720963,333.5400085449219,319.0400085449219,249.42999267578125,182.2899932861328,71.27999877929688,86.56999969482422,355.69000244140625,283.6199951171875,202.67999267578125,300.1499938964844,0,-0.1729753492951409,0.1445448020526042,0.7054817501565293,-0.9464344163199406,-0.0839524853961163,-0.3091656776618143,0.0403789494273856
1765625681.0637577,333.6300048828125,319.0400085449219,249.42999267578125,182.2899932861328,71.27999877929688,86.56999969482422,355.69000244140625,283.6199951171875,202.67999267578125,300.1499938964844,0,-0.1757901616511148,0.1468024922054207,0.7155984004597262,0.9646147689892468,0.0209219822560795,-0.0319766661194478,0.2608794950358959
1765625681.208955,333.6300048828125,319.0400085449219,249.42999267578125,182.2899932861328,71.27999877929688,86.56999969482422,355.69000244140625,283.6199951171875,202.67999267578125,300.1499938964844,0,-0.1727653818530432,0.1447274340425383,0.7051298920584501,-0.952021891605482,-0.0912251814341087,-0.2898061516221603,0.0366698603513491
1765625681.2479804,333.6300048828125,319.0400085449219,249.42999267578125,182.2899932861328,71.27999877929688,86.56999969482422,355.69000244140625,283.6199951171875,202.67999267578125,300.1499938964844,0,-0.1752288454672551,0.1465531620855011,0.7146529853936637,-0.951650545174363,-0.0859089827301606,-0.2924010346369467,0.0385035257976445
1765625683.1393251,333.6300048828125,319.0400085449219,249.42999267578125,182.2899932861328,71.27999877929688,86.56999969482422,355.69000244140625,283.6199951171875,211.82000732421875,300.1499938964844,0,-0.1790349283244444,0.1445080177059535,0.732281810775039,-0.9603926567645726,-0.0888986279214302,-0.2567294432434907,0.0619109986856976
1765625683.2875664,333.6300048828125,319.0400085449219,249.42999267578125,182.1999969482422,71.27999877929688,86.56999969482422,355.69000244140625,283.6199951171875,225.3500061035156,300.1499938964844,0,-0.1811298789620204,0.1357675547827012,0.7457674951251816,-0.960569443386932,-0.0976524942302303,-0.2432042295451115,0.0928549273506964
1765625683.3246162,333.6300048828125,319.0400085449219,249.42999267578125,182.1999969482422,71.27999877929688,86.56999969482422,355.69000244140625,283.6199951171875,225.3500061035156,300.1499938964844,0,-0.1786261832410457,0.1308746281540941,0.736834642968098,0.9643180251561368,0.0316444981878525,-0.0651217356937347,0.2546537485167712
1765625683.3568003,333.6300048828125,319.0400085449219,249.42999267578125,182.1999969482422,71.27999877929688,86.56999969482422,355.69000244140625,283.6199951171875,225.3500061035156,300.1499938964844,0,-0.1744746024586155,0.1221754608145734,0.7248828874314241,-0.9400735038168953,-0.1020978430541179,-0.3155749198154143,0.079058888485847
1765625683.4021242,333.6300048828125,319.0400085449219,249.42999267578125,182.1999969482422,71.27999877929688,86.56999969482422,355.69000244140625,283.6199951171875,225.3500061035156,300.1499938964844,0,-0.1767433752319976,0.1210363840421423,0.7353643662495084,-0.9539022328562404,-0.0940394035084684,-0.267142804845927,0.0993068102332433
1765625683.511719,333.6300048828125,319.0400085449219,249.42999267578125,182.1999969482422,71.27999877929688,86.56999969482422,355.69000244140625,286.1700134277344,230.5399932861328,300.1499938964844,0,-0.170071194958144,0.1098667281567694,0.7135063940089922,-0.9461342079948972,-0.1075795260026434,-0.2822251146080748,0.1166434341545815
1765625683.620028,333.6300048828125,319.0400085449219,249.42999267578125,182.1999969482422,71.27999877929688,86.56999969482422,355.69000244140625,286.1700134277344,230.5399932861328,300.1499938964844,0,-0.1741659321516744,0.1140856155672618,0.7306471196880074,-0.9547708954121592,-0.1010082290600245,-0.2511372723615931,0.1230444853164912
1765625683.663472,333.6300048828125,318.9599914550781,249.42999267578125,182.2899932861328,71.27999877929688,86.56999969482422,357.9800109863281,288.5400085449219,227.80999755859372,300.1499938964844,0,-0.1754870949028927,0.1171996677466871,0.7345400411854706,-0.9534228967374382,-0.0936583563998366,-0.2679702665904707,0.1020040610794776
1765625683.7995722,333.6300048828125,318.9599914550781,249.42999267578125,182.2899932861328,71.27999877929688,86.56999969482422,357.9800109863281,288.5400085449219,227.80999755859372,300.1499938964844,0,-0.1696197205093222,0.1215584212085738,0.7081194859529233,0.9573087186271094,0.0246389799337753,-0.0476979735670074,0.2840384502597247
1765625683.8790696,333.6300048828125,319.0400085449219,249.42999267578125,182.2899932861328,71.27999877929688,86.56999969482422,360.17999267578125,290.8299865722656,227.72000122070312,300.1499938964844,0,-0.1736246788471503,0.1264796985237703,0.7159612314891534,-0.9530928288828412,-0.104902627740057,-0.2624270819616904,0.1083583170707571
1765625684.059061,335.8299865722656,320.9800109863281,251.72000122070312,184.30999755859372,73.6500015258789,86.56999969482422,360.260009765625,293.0299987792969,227.72000122070312,300.1499938964844,0,-0.1723331502136761,0.1204515206861043,0.7085516935972065,-0.9483689573559558,-0.1015757778293603,-0.2803848505641906,0.1079954520155102
1765625684.348605,338.20001220703125,323.0899963378906,253.9199981689453,184.38999938964844,76.19999694824219,88.86000061035156,360.260009765625,293.1199951171875,227.72000122070312,300.1499938964844,0,-0.174390020816623,0.1264053163237201,0.7112308656707349,-0.9463455025639778,-0.0950749163990601,-0.2963999742570856,0.0868216868590058
1765625684.4934995,337.5,322.6499938964844,254.08999633789065,184.38999938964844,75.58999633789062,89.02999877929688,360.260009765625,293.1199951171875,227.63999938964844,300.1499938964844,0,-0.1757131040808238,0.1279147463747525,0.7103409198965852,-0.9543571131427468,-0.0977061268833906,-0.2626135501194435,0.1033931170675869
1765625684.5413673,337.5,322.6499938964844,254.08999633789065,184.38999938964844,75.58999633789062,89.02999877929688,360.260009765625,293.1199951171875,227.63999938964844,300.1499938964844,1,-0.1924996342611933,0.1251188328802628,0.7165669308292476,0.6929149423550847,0.2062050303041026,0.6536142481192491,0.223912444481861
1765625684.754773,339.9599914550781,322.7300109863281,256.6400146484375,184.38999938964844,75.66999816894531,89.12000274658203,360.260009765625,293.1199951171875,227.63999938964844,300.1499938964844,0,-0.1757715115917358,0.1259012464045071,0.7103136594329749,0.962261779375552,0.0291971903127763,-0.0403801855771489,0.2675242655229455
1765625684.814652,339.9599914550781,322.7300109863281,256.6400146484375,184.38999938964844,75.66999816894531,89.12000274658203,360.260009765625,293.1199951171875,227.63999938964844,300.1499938964844,0,-0.177955991655789,0.1280825226982055,0.7199282803639665,-0.9559965753953438,-0.0930019485474535,-0.263894018886701,0.088210726074425
1765625684.8645487,339.9599914550781,322.7300109863281,258.8399963378906,184.38999938964844,75.58999633789062,89.02999877929688,360.260009765625,293.1199951171875,227.63999938964844,300.0599975585937,0,-0.1758135883286562,0.1269543296671655,0.7104842208782723,0.9620848336216082,0.0291338139134867,-0.0400283836362543,0.2682195412448646
1765625685.315908,339.9599914550781,324.6700134277344,259.2799987792969,184.30999755859372,75.66999816894531,89.02999877929688,360.260009765625,293.1199951171875,227.63999938964844,300.1499938964844,0,-0.1780180074413536,0.1280912436069939,0.7111162008383677,0.9621785635606356,0.0289259265508488,-0.0383368959710703,0.2681529134745141
1765625686.484259,339.9599914550781,325.1099853515625,259.2799987792969,184.38999938964844,75.58999633789062,89.02999877929688,360.260009765625,293.1199951171875,230.5399932861328,300.1499938964844,0,-0.1764950276737576,0.1268032036842928,0.7027946588051078,-0.9461518578625456,-0.1008192935763702,-0.2963391254104152,0.0825545556405289
1765625686.484259,339.9599914550781,325.1099853515625,259.2799987792969,184.38999938964844,75.58999633789062,89.02999877929688,360.260009765625,293.1199951171875,230.5399932861328,300.1499938964844,1,-0.1871818845070016,0.120365354775971,0.6886344607120796,-0.8622103924336543,-0.1249687323835083,0.4906360463437553,0.0158847453247188
1765625686.5144742,339.9599914550781,325.1099853515625,259.2799987792969,184.38999938964844,75.58999633789062,89.02999877929688,360.260009765625,293.1199951171875,230.5399932861328,300.1499938964844,0,-0.1807298877636462,0.1298018024096694,0.7201513540273031,-0.9521914865099648,-0.0986900847513261,-0.2816349553890932,0.0653711870222909
1765625686.850028,339.9599914550781,325.1099853515625,259.2799987792969,184.38999938964844,75.66999816894531,89.02999877929688,360.260009765625,293.1199951171875,243.19000244140625,300.1499938964844,0,-0.1794272285972396,0.1029857195898669,0.7274502588510148,-0.948354637375986,-0.1128327933953902,-0.25956820565567,0.1432361306191674
1765625686.9448285,339.9599914550781,325.1099853515625,259.2799987792969,184.38999938964844,75.66999816894531,89.02999877929688,360.260009765625,295.5799865722656,248.5500030517578,300.1499938964844,0,-0.1747080579458668,0.0981739963203959,0.7125153262623345,-0.943003583902846,-0.1068426429816494,-0.2900647432643687,0.1232531342484239
1765625687.0165,339.9599914550781,325.1099853515625,259.2799987792969,184.38999938964844,75.66999816894531,89.02999877929688,360.260009765625,295.5799865722656,248.5500030517578,300.1499938964844,0,-0.1788187566293675,0.1043607703623134,0.7297934429652988,-0.949433264645136,-0.1062244529300258,-0.2747446174365863,0.1086657111264632
1765625687.1133275,339.9599914550781,325.1099853515625,259.2799987792969,184.38999938964844,75.66999816894531,89.02999877929688,362.4599914550781,297.95001220703125,245.6499938964844,300.1499938964844,0,-0.1775815797310707,0.11027966147394,0.7220917774538471,-0.9491745243681554,-0.1110045805874123,-0.2699809157486609,0.1177115564021347
1765625687.1551018,339.9599914550781,325.1099853515625,259.2799987792969,184.38999938964844,75.66999816894531,89.02999877929688,362.4599914550781,297.95001220703125,245.6499938964844,300.1499938964844,0,-0.1739427219369174,0.1098542654287495,0.7068018611585378,-0.943429584783938,-0.0999486342005809,-0.2875279795302538,0.1314478986636701
1765625687.3911169,339.9599914550781,325.1099853515625,259.2799987792969,184.38999938964844,75.66999816894531,89.12000274658203,362.4599914550781,300.1499938964844,245.47999572753903,300.0599975585937,0,-0.1779281341244418,0.1099119711361328,0.7146147265158215,-0.9470181927404876,-0.1029814371176623,-0.2734957554270954,0.1332345225198195
1765625687.3911169,339.9599914550781,325.1099853515625,259.2799987792969,184.38999938964844,75.66999816894531,89.12000274658203,362.4599914550781,300.1499938964844,245.47999572753903,300.0599975585937,1,-0.1914412026493215,0.1049029146938842,0.7097819714590116,0.6925825001262045,0.217578353731722,0.6509513443656008,0.2219267621873187
1765625687.461304,339.9599914550781,325.1099853515625,259.2799987792969,186.5,75.66999816894531,89.02999877929688,362.4599914550781,300.2300109863281,245.47999572753903,300.1499938964844,0,-0.1745319342206112,0.1064623709677511,0.704545947343164,-0.9473201946168488,-0.1077881335362122,-0.271207800597203,0.1319564171804573
1765625687.461304,339.9599914550781,325.1099853515625,259.2799987792969,186.5,75.66999816894531,89.02999877929688,362.4599914550781,300.2300109863281,245.47999572753903,300.1499938964844,1,-0.1861702623667708,0.1001374193223484,0.6927140691535486,-0.856232828697646,-0.1509018006814338,0.4928924166907116,0.0339272041335344
1765625687.8133016,339.9599914550781,325.1099853515625,259.2799987792969,186.5,78.12999725341797,89.02999877929688,362.4599914550781,300.2300109863281,245.38999938964844,300.1499938964844,0,-0.1725184802201497,0.1115714020496487,0.7072229286496697,-0.9467026256880872,-0.10077588763329,-0.2841563531670207,0.1133733916835134
1765625687.8880546,339.9599914550781,325.1099853515625,259.2799987792969,186.5,78.12999725341797,91.41000366210938,362.5499877929688,300.2300109863281,245.2100067138672,300.1499938964844,0,-0.1730330871038752,0.1110657428371573,0.7072450274176406,-0.9465257204921096,-0.1007677352248486,-0.2846893575291932,0.1135204549592852
1765625688.0044446,339.9599914550781,325.1099853515625,259.2799987792969,186.5,78.12999725341797,91.41000366210938,362.5499877929688,300.2300109863281,245.2100067138672,300.1499938964844,1,-0.1893191343757579,0.1065842711141609,0.7133411194838721,0.6925097412293115,0.2226181510171998,0.64644641058032,0.230170492001072
1765625688.497279,339.9599914550781,325.1099853515625,259.2799987792969,186.5,78.05000305175781,91.76000213623048,362.4599914550781,300.2300109863281,245.2100067138672,300.1499938964844,0,-0.1703635608472538,0.1085143078288249,0.6973744010262064,-0.9394538994677248,-0.1092884530010668,-0.2985580442479865,0.1278495171298548
1765625688.7314343,339.9599914550781,325.1099853515625,259.2799987792969,186.5,78.05000305175781,91.76000213623048,362.4599914550781,300.2300109863281,245.2100067138672,300.1499938964844,0,-0.1746786807751677,0.1113035779296492,0.7144897692514061,-0.9454898437690514,-0.1081176899519273,-0.2848269629356331,0.1150353060320929
1765625688.7314343,339.9599914550781,325.1099853515625,259.2799987792969,186.5,78.05000305175781,91.76000213623048,362.4599914550781,300.2300109863281,245.2100067138672,300.1499938964844,1,-0.1866409490865496,0.1055268775213504,0.7037209788507724,0.6916702014797196,0.2072090455233031,0.6597585113019272,0.2082677377871825
1765625688.7685108,339.9599914550781,325.1099853515625,259.2799987792969,186.5,78.05000305175781,91.76000213623048,362.4599914550781,300.2300109863281,245.2100067138672,300.1499938964844,0,-0.1703635608472538,0.1085143078288249,0.6973744010262064,-0.9394538994677248,-0.1092884530010668,-0.2985580442479865,0.1278495171298548
1765625688.811032,339.9599914550781,325.1099853515625,259.2799987792969,186.5,78.05000305175781,91.76000213623048,362.4599914550781,300.2300109863281,245.2100067138672,300.1499938964844,0,-0.1729917780946514,0.1100213573860442,0.7070765213604987,-0.9463364505654932,-0.1006665498858144,-0.2850878786356586,0.1141861178962241
1765625688.845963,339.9599914550781,325.1099853515625,259.2799987792969,186.5,78.05000305175781,91.76000213623048,362.4599914550781,300.2300109863281,245.2100067138672,300.1499938964844,0,-0.1703635608472538,0.1085143078288249,0.6973744010262064,-0.9394538994677248,-0.1092884530010668,-0.2985580442479865,0.1278495171298548
1765625688.9466858,339.9599914550781,325.1099853515625,259.2799987792969,186.5,78.12999725341797,91.76000213623048,362.4599914550781,300.2300109863281,245.2100067138672,300.1499938964844,0,-0.1732013762306956,0.1108280000056461,0.7089316772566249,-0.9557970532843236,-0.1067833102532005,-0.2367322223296326,0.1378665024407517
1765625689.1802142,339.9599914550781,325.1099853515625,259.2799987792969,186.5,78.12999725341797,91.76000213623048,362.4599914550781,300.2300109863281,245.2100067138672,300.1499938964844,0,-0.1703635608472538,0.1085143078288249,0.6973744010262064,-0.9394538994677248,-0.1092884530010668,-0.2985580442479865,0.1278495171298548
1765625689.227294,339.9599914550781,325.1099853515625,259.2799987792969,186.5,78.12999725341797,91.76000213623048,362.4599914550781,300.2300109863281,245.2100067138672,300.1499938964844,0,-0.1746786807751677,0.1113035779296492,0.7144897692514061,-0.9454898437690514,-0.1081176899519273,-0.2848269629356331,0.1150353060320929
1765625689.581389,339.9599914550781,325.1099853515625,259.2799987792969,186.5,78.05000305175781,91.76000213623048,362.4599914550781,300.2300109863281,245.2100067138672,300.1499938964844,0,-0.1720276969137956,0.1096996506519492,0.7041698039986954,-0.9431141160397922,-0.1124624185092676,-0.2844394547147603,0.1303156366331289
1765625689.7272766,339.9599914550781,325.1099853515625,259.2799987792969,186.5,78.05000305175781,91.76000213623048,362.4599914550781,300.2300109863281,245.2100067138672,300.1499938964844,0,-0.1749926283823008,0.1115966291617431,0.7147210908020737,-0.9456834252577446,-0.1081231285755714,-0.2846046952706317,0.1139842782567889
1765625689.917983,339.9599914550781,325.1099853515625,259.2799987792969,186.5,78.05000305175781,91.76000213623048,362.5499877929688,300.2300109863281,246.00999450683597,300.1499938964844,0,-0.1720504679335971,0.1099181023210707,0.7047712447982958,-0.9510322405010736,-0.1086283276371254,-0.266142771480066,0.1136027691175647
1765625690.0154157,339.9599914550781,325.1099853515625,259.2799987792969,186.5,78.05000305175781,91.76000213623048,362.5499877929688,300.2300109863281,246.00999450683597,300.1499938964844,0,-0.1757889590930317,0.1100070855443028,0.7211363400678855,-0.9464256224284004,-0.1100932827640502,-0.2713569155925806,0.136100825351394
1765625690.257013,339.9599914550781,325.1099853515625,259.2799987792969,186.5,78.12999725341797,91.76000213623048,362.4599914550781,302.70001220703125,262.7099914550781,300.1499938964844,0,-0.1755585135600601,0.0935656210197114,0.7326143909085737,-0.9460954034370096,-0.1192475854821524,-0.2600917779409363,0.151775386672417
1765625690.307938,339.9599914550781,325.1099853515625,259.2799987792969,186.5,78.12999725341797,91.76000213623048,362.4599914550781,302.70001220703125,262.7099914550781,300.1499938964844,1,-0.1830743843675904,0.0829288501227697,0.7043080323470421,-0.8569776060643309,-0.177951426714228,0.4809345171201975,0.0512314617884519
1765625690.490139,339.9599914550781,325.1099853515625,259.2799987792969,186.5,78.05000305175781,91.76000213623048,362.4599914550781,304.9800109863281,259.6300048828125,300.1499938964844,0,-0.1729105704425063,0.0963991082661191,0.7232033534636321,-0.9465615761535444,-0.112268954027426,-0.2614515167891643,0.1518550917155918
1765625690.5303297,339.9599914550781,325.1099853515625,259.2799987792969,186.5,78.05000305175781,91.76000213623048,362.4599914550781,304.9800109863281,259.6300048828125,300.1499938964844,1,-0.1822309025436064,0.090495390658248,0.7010607295759429,-0.8546387508418827,-0.1885872601127687,0.4795784111489658,0.0634980192007505
1765625690.6051342,339.9599914550781,325.1099853515625,259.2799987792969,186.5,78.05000305175781,91.76000213623048,362.4599914550781,304.9800109863281,259.6300048828125,300.1499938964844,0,-0.170165080009267,0.0997481067990891,0.7090690577003775,-0.9426531555454716,-0.1131355624121353,-0.2727772889692332,0.1555568175312489
1765625690.8912263,339.9599914550781,327.0400085449219,261.4700012207031,188.6100006103516,78.12999725341797,91.76000213623048,364.8299865722656,307.2699890136719,259.6300048828125,300.1499938964844,0,-0.171789017707916,0.0959545819257407,0.7083995424089821,-0.944345524488204,-0.1140851137277734,-0.2739042473819315,0.1420302097124341
1765625691.0927808,339.9599914550781,329.1499938964844,263.5799865722656,188.52999877929688,80.51000213623047,91.76000213623048,364.9200134277344,307.2699890136719,259.6300048828125,300.1499938964844,0,-0.1725053232796971,0.1007388120255542,0.7097814601624671,-0.9404818685522128,-0.118872361986093,-0.2872914863900708,0.1372108535363331
1765625691.2926495,339.9599914550781,329.4100036621094,263.8500061035156,188.6100006103516,80.94999694824219,91.76000213623048,364.8299865722656,307.2699890136719,259.6300048828125,300.1499938964844,0,-0.1721973266074493,0.0998737318494256,0.7027955725230991,-0.9411763414822408,-0.1114858463010217,-0.288388988994704,0.1363443850521985
1765625691.2926495,339.9599914550781,329.4100036621094,263.8500061035156,188.6100006103516,80.94999694824219,91.76000213623048,364.8299865722656,307.2699890136719,259.6300048828125,300.1499938964844,1,-0.18287062919684,0.0930481990974815,0.6864064696091606,-0.8581843948754252,-0.1623689124159927,0.4855270371128278,0.0376746188512491
1765625691.559345,339.9599914550781,329.4100036621094,263.8500061035156,188.52999877929688,80.94999694824219,91.76000213623048,364.8299865722656,307.2699890136719,259.6300048828125,300.1499938964844,1,-0.1854532624055531,0.094672805881789,0.7021103705617553,0.6955236395436142,0.2120687296449247,0.658946481535121,0.1925181945045118
1765625691.7618546,339.9599914550781,329.4100036621094,263.94000244140625,188.52999877929688,80.94999694824219,91.76000213623048,364.8299865722656,307.2699890136719,259.6300048828125,300.1499938964844,1,-0.1799924882635405,0.0910987361985732,0.6774344572651243,-0.8590076583493951,-0.1498591373939125,0.4889019612375971,0.0249590491540134
1765625692.287501,339.9599914550781,329.5,263.94000244140625,188.6100006103516,80.94999694824219,91.76000213623048,364.8299865722656,307.2699890136719,259.6300048828125,300.1499938964844,0,-0.1690981151042391,0.0980696896970211,0.6926943703466002,-0.9360786074370672,-0.1143564791829661,-0.2890434307792333,0.1647219824156068
1765625692.354769,339.9599914550781,329.5,263.94000244140625,188.6100006103516,80.94999694824219,91.76000213623048,364.8299865722656,307.2699890136719,259.6300048828125,300.1499938964844,0,-0.1716245451412939,0.0996547931028001,0.7030291044432283,-0.9464207218918034,-0.1069170898955162,-0.2721521675975987,0.1370757116851871
1765625695.3339417,339.9599914550781,329.5899963378906,263.94000244140625,188.6100006103516,80.94999694824219,91.76000213623048,364.8299865722656,307.2699890136719,259.6300048828125,300.1499938964844,1,-0.1870583149009366,0.0956140326894189,0.7062603873524496,0.6949906850491243,0.2162165912897087,0.6561224449913481,0.1993531302101461
1765625697.260109,339.9599914550781,329.5,263.8500061035156,188.6100006103516,80.94999694824219,91.76000213623048,364.8299865722656,307.2699890136719,262.0,300.1499938964844,0,-0.1715366980171875,0.0999817995604346,0.7026922733589267,-0.9389666958205802,-0.116560240954585,-0.301231107953185,0.1183852776728916
1765625697.5069916,339.9599914550781,329.5899963378906,263.8500061035156,188.6100006103516,80.94999694824219,91.76000213623048,364.8299865722656,307.2699890136719,274.6600036621094,300.1499938964844,0,-0.1754925470843805,0.0923041927727026,0.7258146187152202,-0.9420718836942228,-0.1159166185492142,-0.2773158916677679,0.148861679842213
1765625697.6080186,339.9599914550781,329.5899963378906,263.8500061035156,188.6100006103516,80.94999694824219,91.76000213623048,364.8299865722656,307.2699890136719,274.6600036621094,300.1499938964844,0,-0.1770532111500058,0.083794982533368,0.7382939447799394,-0.942619922391478,-0.1263830874187733,-0.2645446332505589,0.1597220527776614
1765625697.762282,339.9599914550781,329.5899963378906,263.8500061035156,188.6100006103516,80.94999694824219,91.76000213623048,364.8299865722656,307.3500061035156,288.19000244140625,300.1499938964844,0,-0.1699679154408014,0.0663601447573579,0.7234194919861672,-0.932633965837264,-0.127217487531188,-0.2716170676121419,0.2005835616761506
1765625697.9206226,339.9599914550781,329.5,263.8500061035156,188.52999877929688,80.94999694824219,91.76000213623048,364.8299865722656,307.3500061035156,302.1700134277344,300.1499938964844,0,-0.1651290942334269,0.055755428249559,0.7126688256973016,-0.9275265107393252,-0.134603591720063,-0.2845553096673621,0.2015061307055021
1765625698.4061368,339.9599914550781,329.5899963378906,263.8500061035156,188.6100006103516,80.94999694824219,91.76000213623048,364.8299865722656,307.3500061035156,328.8900146484375,300.1499938964844,0,-0.1652324050513698,0.0352368240077939,0.7125255622545398,-0.9124655871771848,-0.1440302251599754,-0.2630552411131291,0.2783231693206224
1765625698.5164018,339.9599914550781,329.5899963378906,263.8500061035156,188.6100006103516,80.94999694824219,91.76000213623048,364.8299865722656,307.3500061035156,342.4200134277344,300.1499938964844,0,-0.1623160952603087,0.0269738427709931,0.7076389172492895,-0.9056798206042496,-0.1539623723752803,-0.2652587195041723,0.2927071269542933
1765625698.9231927,339.9599914550781,329.5899963378906,263.8500061035156,188.6100006103516,80.94999694824219,91.76000213623048,364.8299865722656,307.3500061035156,344.7900085449219,300.1499938964844,0,-0.1571249148673358,0.0222542102743855,0.6953818963637318,-0.9011203220666936,-0.1558284780545319,-0.2664341519559002,0.3044872628816634
1765625699.054364,339.9599914550781,329.5899963378906,263.94000244140625,188.6100006103516,80.94999694824219,91.76000213623048,364.8299865722656,307.3500061035156,344.8800048828125,300.1499938964844,0,-0.1540890276832901,0.0262458507957201,0.6819477258463044,-0.900544152612263,-0.1557286568095758,-0.2576837576609355,0.3136365662385157
1765625699.1974936,339.9599914550781,329.5899963378906,263.94000244140625,188.6100006103516,80.94999694824219,91.76000213623048,364.8299865722656,307.3500061035156,344.8800048828125,300.1499938964844,0,-0.156150539045433,0.0267640184636218,0.6955019406990072,-0.9024903085288108,-0.1562008831206473,-0.2646144006640797,0.3018140919259596
1765625699.1974936,339.9599914550781,329.5899963378906,263.94000244140625,188.6100006103516,80.94999694824219,91.76000213623048,364.8299865722656,307.3500061035156,344.8800048828125,300.1499938964844,1,-0.1898122929145851,0.0201510866487672,0.7757120799606053,0.6877273196240873,0.3130539616113677,0.6240607343897236,0.1989385602517911
1765625699.2656813,339.9599914550781,329.5899963378906,263.94000244140625,188.6100006103516,80.94999694824219,91.76000213623048,364.8299865722656,307.3500061035156,344.7900085449219,300.1499938964844,0,-0.1530972937278273,0.0258145017779547,0.6835545900279276,-0.8978219656746522,-0.1590960614033673,-0.2679095072179459,0.3111730340827707
1765625699.3214395,339.9599914550781,329.5899963378906,263.94000244140625,188.6100006103516,80.94999694824219,91.76000213623048,364.8299865722656,307.3500061035156,344.7900085449219,300.1499938964844,0,-0.1557467154179694,0.0252374123311597,0.6948189174941931,-0.9014815915161076,-0.1561050588366125,-0.2660225046012853,0.3036349416797456
1765625699.5001855,339.9599914550781,329.5899963378906,263.94000244140625,188.6100006103516,80.94999694824219,91.76000213623048,364.8299865722656,307.3500061035156,344.7900085449219,300.1499938964844,0,-0.1535680809493174,0.0257499856070234,0.6818149443066097,-0.9004705958096344,-0.1555618199404965,-0.2574963344019065,0.3140841671091111
1765625699.660854,339.9599914550781,329.5899963378906,263.94000244140625,188.6100006103516,80.94999694824219,91.76000213623048,364.8299865722656,307.3500061035156,344.7900085449219,300.1499938964844,0,-0.1565751093610308,0.0264176419110192,0.6962770048283415,-0.9065617964943424,-0.1579408339858995,-0.2621483300522897,0.290652120493873
1765625699.9710517,339.9599914550781,329.5899963378906,263.94000244140625,188.6100006103516,80.94999694824219,91.76000213623048,364.8299865722656,307.3500061035156,344.7900085449219,300.1499938964844,0,-0.1499576356595555,0.0249408568293547,0.6640041015367995,0.917265290007724,0.0794843469884443,-0.0719298630117339,0.3835788330160825
1765625700.000873,339.9599914550781,329.5899963378906,263.94000244140625,188.6100006103516,80.94999694824219,91.76000213623048,364.8299865722656,307.3500061035156,344.7900085449219,300.1499938964844,0,-0.1569072753917243,0.0264937834770094,0.6983188890323794,-0.9038000125150122,-0.1615735877826878,-0.273123112624041,0.2871293758211605
1765625700.862956,339.9599914550781,329.5899963378906,263.94000244140625,188.6100006103516,80.94999694824219,91.76000213623048,364.8299865722656,310.8699951171875,344.6199951171875,300.1499938964844,0,-0.1550895428264404,0.0263953561858646,0.6891265090808093,-0.9037242063226024,-0.1483667059938391,-0.2655120189462968,0.3012859891435072
1765625700.9215026,339.9599914550781,329.5899963378906,263.94000244140625,188.6100006103516,80.94999694824219,91.76000213623048,364.8299865722656,310.8699951171875,344.6199951171875,300.1499938964844,0,-0.1590329347784489,0.0271902984738511,0.7066352571820554,-0.9059047971123724,-0.1534210744636485,-0.2636128831411238,0.2937800543284641
1765625700.9556656,339.9599914550781,329.5899963378906,263.94000244140625,188.6100006103516,80.94999694824219,91.76000213623048,364.8299865722656,310.8699951171875,344.6199951171875,300.1499938964844,0,-0.1558021067356749,0.0266416031092216,0.6922813305718891,-0.9041356418601064,-0.1528028567819497,-0.255634848443118,0.3063345431696407
1765625701.092973,339.9599914550781,329.5899963378906,263.94000244140625,188.6100006103516,80.94999694824219,91.76000213623048,364.8299865722656,323.8800048828125,344.6199951171875,300.1499938964844,0,-0.1550895428264404,0.0263953561858646,0.6891265090808093,-0.9037242063226024,-0.1483667059938391,-0.2655120189462968,0.3012859891435072
1765625701.2782698,339.9599914550781,329.5899963378906,263.8500061035156,188.6100006103516,80.94999694824219,91.76000213623048,364.8299865722656,336.8800048828125,344.6199951171875,300.1499938964844,0,-0.1535885793445353,0.0243381583294018,0.6835506946034144,-0.8973357313222436,-0.1590041520350849,-0.2686133479611122,0.312014637837875
1765625701.2782698,339.9599914550781,329.5899963378906,263.8500061035156,188.6100006103516,80.94999694824219,91.76000213623048,364.8299865722656,336.8800048828125,344.6199951171875,300.1499938964844,1,-0.172330976296152,0.01716690844621,0.7048112699553166,0.6703045243793416,0.3200242560476997,0.6323036474134882,0.2201554396450381
1765625701.3368874,339.9599914550781,329.5899963378906,263.8500061035156,188.6100006103516,80.94999694824219,91.76000213623048,364.8299865722656,336.8800048828125,344.6199951171875,300.1499938964844,0,-0.1590058072201416,0.0233358960961758,0.7093575841938276,-0.906860149409631,-0.1580913241190816,-0.2720308650350742,0.2803765523707117
1765625701.3771238,339.9599914550781,329.5899963378906,263.8500061035156,188.6100006103516,80.94999694824219,91.76000213623048,364.8299865722656,336.8800048828125,344.6199951171875,300.1499938964844,0,-0.155547624402611,0.0217432755464387,0.6950460014053137,-0.9011896664888812,-0.155461673538297,-0.2655964463553929,0.305200558252632
1765625701.4124713,339.9599914550781,329.5899963378906,263.8500061035156,188.6100006103516,80.94999694824219,91.76000213623048,364.8299865722656,336.8800048828125,344.6199951171875,300.1499938964844,0,-0.1588399993946178,0.0210688225082532,0.7103105454094645,-0.9055349148459552,-0.1569608998656183,-0.2530385853158004,0.3022271798658791
1765625701.4695766,339.9599914550781,329.5,263.94000244140625,188.6100006103516,80.94999694824219,91.76000213623048,364.8299865722656,349.79998779296875,344.6199951171875,300.1499938964844,0,-0.1580295626673052,0.0177120635222953,0.7089707218653993,-0.9041356982051628,-0.1565242993746755,-0.2545377473334715,0.3053675132012766
1765625701.4695766,339.9599914550781,329.5,263.94000244140625,188.6100006103516,80.94999694824219,91.76000213623048,364.8299865722656,349.79998779296875,344.6199951171875,300.1499938964844,1,-0.167884562648984,0.0092383963337125,0.6913464269089183,-0.8227810202609352,-0.3073695607618646,0.4702449691976869,0.0861685253424897
1765625701.5643969,339.9599914550781,329.5,263.94000244140625,188.6100006103516,80.94999694824219,91.76000213623048,364.8299865722656,349.79998779296875,344.6199951171875,300.1499938964844,1,-0.1869373924361569,0.0057535798615712,0.7730621916086796,0.6908204147559741,0.3041405820115052,0.6301706808364288,0.1820729907049331
1765625701.6439755,339.9599914550781,329.5,263.94000244140625,188.6100006103516,80.94999694824219,91.76000213623048,364.8299865722656,349.79998779296875,344.6199951171875,300.1499938964844,1,-0.1686448341999409,0.0038236650607718,0.7000428388741415,0.6834132590719765,0.2920030366098367,0.6382445261253734,0.2008095336537874
1765625701.7003057,339.9599914550781,329.5899963378906,263.8500061035156,188.6100006103516,80.94999694824219,91.76000213623048,364.8299865722656,362.8999938964844,344.6199951171875,300.1499938964844,0,-0.1565519357149098,0.0103154595473495,0.7092140712321898,-0.9028958567711172,-0.1552966816655269,-0.2544999760145165,0.3096639706162749
1765625701.7003057,339.9599914550781,329.5899963378906,263.8500061035156,188.6100006103516,80.94999694824219,91.76000213623048,364.8299865722656,362.8999938964844,344.6199951171875,300.1499938964844,1,-0.164948871329217,0.0018974261412271,0.6867578788661535,0.6824021591052454,0.2905551273827153,0.6398350434342917,0.2012861853022998
1765625701.7995152,339.9599914550781,329.5899963378906,263.8500061035156,188.6100006103516,80.94999694824219,91.76000213623048,364.8299865722656,362.8999938964844,344.6199951171875,300.1499938964844,1,-0.167391446192701,-0.0017296891252296,0.7002208723009918,-0.8123208862710535,-0.3344713690445652,0.4629510414280092,0.1180678375256624
1765625701.8649712,339.9599914550781,329.5,263.94000244140625,188.6100006103516,80.94999694824219,91.76000213623048,364.8299865722656,376.0,344.6199951171875,300.1499938964844,0,-0.1544343432702608,0.0035492688916195,0.7088705629310098,-0.9058475221469126,-0.1558438719206975,-0.2515929601425208,0.3030741437532872
1765625701.9320505,339.9599914550781,329.5,263.94000244140625,188.6100006103516,80.94999694824219,91.76000213623048,364.8299865722656,376.0,344.6199951171875,300.1499938964844,0,-0.1445855690337058,-0.0050815823669552,0.667911516236153,0.9246065138118787,0.0949935566109057,-0.0553690802842366,0.3647098624489502
1765625702.0047245,339.9599914550781,329.5,263.94000244140625,188.6100006103516,80.94999694824219,91.76000213623048,364.8299865722656,376.0,344.6199951171875,300.1499938964844,0,-0.1492302848185099,-0.0077636509436562,0.6941606618134037,-0.9015153975768604,-0.1534293569919211,-0.2437218088305738,0.3230001551783441
1765625702.1780827,339.9599914550781,329.5899963378906,263.94000244140625,188.6100006103516,80.94999694824219,91.76000213623048,364.8299865722656,389.2699890136719,344.6199951171875,300.1499938964844,0,-0.1523027474372449,-0.0157046004873256,0.7084529383633943,-0.9058190708484504,-0.1549136132793186,-0.2511913177327333,0.3039679344991652
1765625702.4696312,339.9599914550781,329.5899963378906,263.94000244140625,188.6100006103516,80.94999694824219,91.76000213623048,364.8299865722656,393.5700073242188,344.6199951171875,300.1499938964844,0,-0.1487950234970596,-0.0184383625123668,0.7009482528718416,-0.9063797553518772,-0.1461456121963504,-0.2511767755682582,0.3066389188266195
1765625703.0158398,339.9599914550781,329.5899963378906,263.94000244140625,188.6100006103516,80.94999694824219,91.76000213623048,364.8299865722656,393.5700073242188,344.6199951171875,300.1499938964844,1,-0.1617429229673395,-0.0240471812936644,0.6936860912121556,0.6911190063751049,0.277242834724745,0.6399130835397175,0.1897423915090298
1765625703.0931644,339.9599914550781,329.5899963378906,263.94000244140625,188.6100006103516,80.94999694824219,91.76000213623048,364.8299865722656,393.5700073242188,344.6199951171875,300.1499938964844,1,-0.1592083818751007,-0.0240353857200392,0.6824311285185379,-0.8202742019504833,-0.3056321279173707,0.4697080455137511,0.1145145753991591
1765625703.136516,339.9599914550781,329.5899963378906,263.94000244140625,188.6100006103516,80.94999694824219,91.76000213623048,364.8299865722656,393.5700073242188,344.6199951171875,300.1499938964844,1,-0.1801020286159492,-0.027609824240761,0.7723959631726296,0.6957726068653542,0.2944659995484395,0.6348121606440367,0.1618758022194108
1765625703.2099185,339.9599914550781,329.5899963378906,263.94000244140625,188.6100006103516,80.94999694824219,91.76000213623048,364.8299865722656,393.5700073242188,344.6199951171875,300.1499938964844,0,-0.1472651973430577,-0.016649570509864,0.6896545130057935,-0.9022583738118526,-0.1493392019774853,-0.2542862125404764,0.3145888614540234
1765625703.2477407,339.9599914550781,329.5899963378906,263.94000244140625,188.6100006103516,80.94999694824219,91.76000213623048,364.8299865722656,393.5700073242188,344.6199951171875,300.1499938964844,0,-0.1501388256378555,-0.0173425214405155,0.702511705889332,-0.9117785083783894,-0.1481621032368365,-0.2473992194850466,0.2924065133028095
1765625703.497097,339.9599914550781,329.5899963378906,263.94000244140625,188.6100006103516,80.94999694824219,91.76000213623048,364.8299865722656,393.6600036621094,344.6199951171875,300.1499938964844,0,-0.1475797650465858,-0.0160638554211889,0.6911262139254787,-0.9077376838675204,-0.1511101602818207,-0.2497570425408237,0.3013294483579288
1765625703.962765,339.9599914550781,329.5899963378906,263.94000244140625,188.6100006103516,80.94999694824219,91.76000213623048,364.8299865722656,393.6600036621094,344.6199951171875,300.1499938964844,0,-0.1504656346205677,-0.0168892583136754,0.7046419352581113,-0.9092531145559808,-0.151477829352306,-0.2595394986265831,0.2880147384034777
1765625704.0936887,339.9599914550781,329.5899963378906,263.94000244140625,188.6100006103516,80.94999694824219,91.76000213623048,364.8299865722656,393.6600036621094,344.6199951171875,300.1499938964844,0,-0.1479060272617037,-0.0166134835815445,0.6932456168935759,-0.904986200197442,-0.154297415403813,-0.2616722015688064,0.2978589330170114
1765625704.2770915,339.9599914550781,329.5,263.94000244140625,188.6100006103516,80.94999694824219,91.76000213623048,364.8299865722656,393.5700073242188,344.6199951171875,300.1499938964844,0,-0.1502620623396114,-0.0166129176256381,0.7036896378238753,-0.9087715629868124,-0.1515306785793323,-0.2603236659748821,0.2887980067264851
1765625704.3094013,339.9599914550781,329.5,263.94000244140625,188.6100006103516,80.94999694824219,91.76000213623048,364.8299865722656,393.5700073242188,344.6199951171875,300.1499938964844,0,-0.1472717130725241,-0.0161538471174103,0.6896849966941454,-0.9024037528119828,-0.1494008870040554,-0.2541641269430523,0.3142410515011164
1765625704.3440983,339.9599914550781,329.5,263.94000244140625,188.6100006103516,80.94999694824219,91.76000213623048,364.8299865722656,393.5700073242188,344.6199951171875,300.1499938964844,0,-0.1493686052455816,-0.0166410355975851,0.6995193946103101,-0.9075542828389466,-0.1467496662701881,-0.2719751713394638,0.2843224671480311
1765625704.456638,342.3299865722656,331.70001220703125,266.3099975585937,191.07000732421875,83.31999969482422,94.12999725341795,367.3800048828125,393.3999938964844,344.5299987792969,300.1499938964844,0,-0.1501524599128281,-0.0163326245673302,0.7025754104827722,-0.912057693085909,-0.1482783019469958,-0.2471384098938306,0.2916966163836568
1765625704.5025313,342.3299865722656,331.70001220703125,266.3099975585937,191.07000732421875,83.31999969482422,94.12999725341795,367.3800048828125,393.3999938964844,344.5299987792969,300.1499938964844,0,-0.1481880714159017,-0.0152183451536638,0.6922315706357766,-0.9002549797217574,-0.1528858824360295,-0.2652983182949417,0.3094893871327586
1765625704.5388012,342.3299865722656,331.70001220703125,266.3099975585937,191.07000732421875,83.31999969482422,94.12999725341795,367.3800048828125,393.3999938964844,344.5299987792969,300.1499938964844,0,-0.1517579817149638,-0.0143930446270352,0.7065321293320841,-0.9068536518117218,-0.1552611239933163,-0.2717942135288139,0.2822026631063745
1765625704.6610892,344.9700012207031,334.07000732421875,268.8599853515625,193.5399932861328,85.87000274658203,96.58999633789062,369.8399963378906,393.3999938964844,344.3599853515625,300.1499938964844,0,-0.1515313987020363,-0.0098748248043544,0.7019335909737208,-0.9084629954527514,-0.1476229163350641,-0.2507818738075301,0.3000181865076329
1765625704.9139037,347.6099853515625,336.3599853515625,271.4100036621094,195.91000366210935,88.41999816894531,98.95999908447266,372.2999877929688,393.3999938964844,344.3599853515625,300.1499938964844,0,-0.1542515187725418,-0.0037178764085246,0.7074689498612788,-0.9090613801793158,-0.1571008828812082,-0.2712065592979899,0.2745427505110419
1765625705.203729,349.9800109863281,338.6400146484375,273.8699951171875,198.19000244140625,90.6999969482422,101.33999633789062,374.6799926757813,393.3999938964844,344.3599853515625,300.1499938964844,0,-0.1540985511853097,0.0023855046821156,0.7044245408305864,-0.9166448137081548,-0.1509958071804312,-0.2445608025210151,0.2777635065773573
1765625705.3326466,352.44000244140625,340.8399963378906,276.4200134277344,200.47999572753903,93.25,103.8000030517578,376.8699951171875,393.3999938964844,344.3599853515625,300.0599975585937,0,-0.1520704138282631,0.0060770055015825,0.6917664917224914,-0.9135756149810368,-0.1549124030217279,-0.2678002550678881,0.2639408389916732
1765625705.4954195,354.8099975585937,343.0400085449219,278.9599914550781,202.41000366210935,95.70999908447266,106.16999816894533,378.9800109863281,393.3999938964844,344.3599853515625,300.1499938964844,0,-0.1558898818616523,0.0088278718628603,0.7028036671714709,-0.9138669625280588,-0.1510136075631316,-0.2689443355612236,0.264028425553084
1765625705.6724794,357.1000061035156,345.2300109863281,281.3399963378906,204.3500061035156,98.16999816894533,108.54000091552734,381.0899963378906,393.3999938964844,344.3599853515625,300.1499938964844,0,-0.1558187908249492,0.0110738335372538,0.7007699864078679,-0.9169138202734716,-0.1478880816536096,-0.2569499684075778,0.2671607666399914
1765625705.8807957,359.3800048828125,347.3399963378906,283.7099914550781,204.3500061035156,98.16999816894533,108.54000091552734,381.010009765625,393.3999938964844,344.3599853515625,300.1499938964844,0,-0.1545335611692118,0.0124244220822451,0.6916434533555036,-0.9101647904536214,-0.1547002668734925,-0.2711205698704622,0.2723261247858929
1765625705.9241445,359.3800048828125,347.3399963378906,283.7099914550781,204.3500061035156,98.16999816894533,108.54000091552734,381.010009765625,393.3999938964844,344.3599853515625,300.1499938964844,0,-0.1577313189678798,0.0126277370876151,0.7031169298938047,-0.9142204306570464,-0.1517557766141606,-0.2695417064248883,0.2617603043454776
1765625705.9592094,359.3800048828125,347.3399963378906,283.7099914550781,204.3500061035156,98.16999816894533,108.54000091552734,381.010009765625,393.3999938964844,344.3599853515625,300.1499938964844,0,-0.1558176340302746,0.0125710172500524,0.6929244746396575,-0.9147550885406376,-0.1563045223209363,-0.2683515892809234,0.2584171991594921
1765625706.2352471,359.3800048828125,349.3699951171875,286.0,204.25999450683597,98.16999816894533,108.45999908447266,381.010009765625,393.3999938964844,344.3599853515625,300.1499938964844,0,-0.1608963256672503,0.0139128790186679,0.6976241434623491,-0.9116799859621116,-0.1602037051884333,-0.2615840462748394,0.273401102365196
1765625706.2753358,359.3800048828125,351.3900146484375,288.3699951171875,204.25999450683597,98.16999816894533,108.54000091552734,381.010009765625,393.30999755859375,344.3599853515625,300.1499938964844,0,-0.1597600582243823,0.0139390197980058,0.6927117187636923,-0.909829012350292,-0.1557515381350331,-0.2740715096560973,0.2698841126281642
1765625706.4947624,359.3800048828125,353.32000732421875,290.6499938964844,204.25999450683597,98.16999816894533,108.54000091552734,381.010009765625,393.1300048828125,344.3599853515625,300.0599975585937,0,-0.1614181210348182,0.0144195721397924,0.6917940017802403,-0.9131166940257792,-0.1525744431496309,-0.2625401681786549,0.2720507351244155
1765625706.7064571,359.3800048828125,353.2300109863281,292.94000244140625,204.25999450683597,98.16999816894533,108.45999908447266,381.010009765625,392.9599914550781,344.3599853515625,300.1499938964844,0,-0.1604696573561992,0.0151380385924167,0.6793695095198826,-0.9090257342348788,-0.1564844774008086,-0.2857088569607104,0.2599139701623205
1765625706.747546,359.3800048828125,353.2300109863281,292.94000244140625,204.25999450683597,98.16999816894533,108.45999908447266,381.010009765625,392.9599914550781,344.3599853515625,300.1499938964844,0,-0.1642223248506497,0.0156029844043141,0.6947084581851127,-0.9143739569054552,-0.1579608038406852,-0.2728981030925687,0.2539592028486928
1765625706.8565614,359.3800048828125,353.1400146484375,295.04998779296875,204.25999450683597,98.16999816894533,108.45999908447266,381.010009765625,392.9599914550781,344.3599853515625,300.1499938964844,0,-0.1630861767865888,0.0153704034142103,0.6899159340368574,-0.9125220823402944,-0.15346916006625,-0.2849983263751706,0.2500532345586529
1765625706.940518,359.3800048828125,353.1400146484375,295.04998779296875,204.25999450683597,98.16999816894533,108.45999908447266,381.010009765625,392.9599914550781,344.3599853515625,300.1499938964844,1,-0.1974575506294802,0.0086117852511451,0.7674367213544072,0.6976604165839726,0.2858123623573096,0.6361341580837145,0.1640566047885168
1765625706.975854,359.3800048828125,353.1400146484375,295.04998779296875,204.25999450683597,98.16999816894533,108.45999908447266,381.010009765625,392.9599914550781,344.3599853515625,300.1499938964844,0,-0.1604088074185607,0.0154655013091273,0.6775556970991028,-0.9078778569520491,-0.151766828246135,-0.2770823315092376,0.2755902905867107
1765625707.060038,359.3800048828125,353.1400146484375,297.25,204.25999450683597,98.16999816894533,108.54000091552734,381.010009765625,392.9599914550781,344.3599853515625,300.0599975585937,0,-0.1673303240951333,0.0162168101850466,0.7051650595515735,-0.9138145877948264,-0.1536554791407409,-0.2746518332635995,0.2567085182621424
1765625707.1010878,359.3800048828125,353.1400146484375,297.25,204.25999450683597,98.16999816894533,108.54000091552734,381.010009765625,392.9599914550781,344.3599853515625,300.0599975585937,0,-0.1611875902186441,0.0158701213477012,0.6793030417247984,-0.9087583705091312,-0.1566883600421305,-0.2863777427017964,0.2599899427707152
1765625707.1351564,359.3800048828125,353.1400146484375,297.25,204.25999450683597,98.16999816894533,108.54000091552734,381.010009765625,392.9599914550781,344.3599853515625,300.0599975585937,0,-0.1641575433039714,0.0161100332064026,0.6897292570219108,-0.9079036875286862,-0.1573621717573871,-0.2990349927626688,0.2480445810233376
1765625707.4346025,359.3800048828125,353.1400146484375,297.6000061035156,204.25999450683597,98.16999816894533,108.54000091552734,381.010009765625,392.9599914550781,344.3599853515625,300.1499938964844,0,-0.1667347668378998,0.0163608449563712,0.700544654724213,-0.9159067943050508,-0.1505900754484017,-0.2850309404822189,0.2391542102705115
1765625707.4710217,359.3800048828125,353.1400146484375,297.6000061035156,204.25999450683597,98.16999816894533,108.45999908447266,381.010009765625,392.9599914550781,344.3599853515625,300.1499938964844,0,-0.1639771818678973,0.016105422554379,0.6894855668726682,-0.9119986743251686,-0.1537885419779575,-0.2862568128675086,0.2503288626434541
1765625707.7032654,359.3800048828125,353.1400146484375,297.6000061035156,204.25999450683597,98.16999816894533,108.45999908447266,381.010009765625,392.9599914550781,344.3599853515625,300.1499938964844,0,-0.1614780080227206,0.0158397824412126,0.6779491981835838,-0.9117662717726012,-0.1534199681284849,-0.2753756752054325,0.2632732735058729
1765625707.8750298,359.3800048828125,353.1400146484375,297.6000061035156,204.25999450683597,98.16999816894533,108.54000091552734,381.010009765625,392.9599914550781,344.3599853515625,300.1499938964844,0,-0.1639771818678973,0.016105422554379,0.6894855668726682,-0.9119986743251686,-0.1537885419779575,-0.2862568128675086,0.2503288626434541
1765625709.082651,359.3800048828125,353.1400146484375,297.6000061035156,204.25999450683597,98.16999816894533,108.54000091552734,381.010009765625,392.9599914550781,344.3599853515625,300.1499938964844,0,-0.1668997409640271,0.0163638055461953,0.7007157883345116,-0.9115440024276192,-0.1542109909219884,-0.2985111593217109,0.237060308102185
1765625709.1182792,359.3800048828125,353.1400146484375,297.6000061035156,204.25999450683597,98.16999816894533,108.54000091552734,381.010009765625,392.9599914550781,344.3599853515625,300.1499938964844,0,-0.1639771818678973,0.016105422554379,0.6894855668726682,-0.9119986743251686,-0.1537885419779575,-0.2862568128675086,0.2503288626434541
1765625709.7490003,359.3800048828125,353.1400146484375,297.6000061035156,204.25999450683597,98.16999816894533,108.45999908447266,381.010009765625,392.9599914550781,344.3599853515625,300.1499938964844,0,-0.1667347668378998,0.0163608449563712,0.700544654724213,-0.9159067943050508,-0.1505900754484017,-0.2850309404822189,0.2391542102705115
1765625709.8338284,359.3800048828125,353.1400146484375,297.6000061035156,204.25999450683597,98.16999816894533,108.45999908447266,381.010009765625,392.9599914550781,344.3599853515625,300.1499938964844,0,-0.1637604013484507,0.0161976340121668,0.688045131139876,-0.9115230851996226,-0.1489888250842753,-0.2763088302004772,0.2656716497886306
1765625710.2561138,359.3800048828125,353.1400146484375,297.6000061035156,204.25999450683597,98.16999816894533,108.54000091552734,390.4100036621094,392.9599914550781,344.3599853515625,300.1499938964844,0,-0.1639771818678973,0.016105422554379,0.6894855668726682,-0.9119986743251686,-0.1537885419779575,-0.2862568128675086,0.2503288626434541
1765625710.3731778,359.3800048828125,353.1400146484375,297.6000061035156,204.25999450683597,98.16999816894533,108.54000091552734,390.4100036621094,392.9599914550781,344.3599853515625,300.1499938964844,0,-0.1677986965257673,0.0131680921788534,0.7049999581871476,-0.9129540097361488,-0.1533571400602883,-0.2758729012133375,0.2586323763092186
1765625710.7718377,359.3800048828125,353.1400146484375,297.6000061035156,204.25999450683597,98.16999816894533,108.54000091552734,416.4299926757813,392.9599914550781,344.3599853515625,300.1499938964844,0,-0.1633556535624364,-0.0062250268179953,0.7028222628812141,-0.9082961978243036,-0.1551644704620103,-0.2902441963896275,0.258225309732212
1765625710.8953784,359.3800048828125,353.1400146484375,297.6000061035156,204.25999450683597,98.16999816894533,108.54000091552734,429.4299926757813,392.9599914550781,344.3599853515625,300.1499938964844,0,-0.163028559239696,-0.008638904100823,0.7035960625665345,-0.9125395613249392,-0.1560364035463856,-0.2878234102045928,0.2451160425663649
1765625711.1013784,359.3800048828125,353.1400146484375,297.6000061035156,204.25999450683597,98.16999816894533,108.54000091552734,442.4400024414063,392.9599914550781,344.3599853515625,300.1499938964844,0,-0.164488915261515,-0.0195321048617986,0.7176767797494498,-0.9198377559038936,-0.1529585930399156,-0.2615610311854421,0.2491746347326448
1765625711.3303733,359.3800048828125,353.1400146484375,297.6000061035156,204.25999450683597,98.16999816894533,108.54000091552734,455.5400085449219,392.9599914550781,344.3599853515625,300.1499938964844,0,-0.1613464845223396,-0.0293617351412704,0.7117936618982889,-0.916265064613138,-0.1640807439761697,-0.2623145297871311,0.254414874345556
1765625711.6007648,359.3800048828125,353.1400146484375,297.6000061035156,204.25999450683597,98.16999816894533,108.54000091552734,465.7300109863281,392.9599914550781,344.3599853515625,300.1499938964844,0,-0.1572972513994534,-0.0383805638384343,0.7057043979696598,-0.91653680413204,-0.1544311955749197,-0.2612565493487543,0.2604924335313974
1765625711.6884446,359.3800048828125,353.1400146484375,297.6000061035156,204.25999450683597,98.16999816894533,108.54000091552734,466.0799865722656,392.9599914550781,344.3599853515625,300.1499938964844,0,-0.1603441098896006,-0.0384214829483718,0.7182212648635891,-0.9218573022410004,-0.1556802461946305,-0.272440958595056,0.2274174560791912
1765625711.6884446,359.3800048828125,353.1400146484375,297.6000061035156,204.25999450683597,98.16999816894533,108.54000091552734,466.0799865722656,392.9599914550781,344.3599853515625,300.1499938964844,1,-0.171647035591704,-0.0450535802779136,0.7057974565092036,-0.816635463092233,-0.3242854628483955,0.4624871339444609,0.1185373778230912
1765625711.9120553,359.3800048828125,353.1400146484375,297.6000061035156,204.25999450683597,98.16999816894533,108.54000091552734,466.0799865722656,392.9599914550781,344.3599853515625,300.1499938964844,0,-0.1598697611428325,-0.0332632538391578,0.7075434421969562,-0.9184329613672324,-0.1596360042393,-0.2736084336301276,0.2369296660850934
1765625712.3103387,359.3800048828125,353.1400146484375,297.6000061035156,204.25999450683597,98.16999816894533,108.45999908447266,466.0799865722656,392.9599914550781,344.3599853515625,300.1499938964844,0,-0.1620122584178978,-0.0348278649846877,0.718738793125482,-0.9225183185742056,-0.156276055667274,-0.2725970198851026,0.2241174046562665
1765625712.3737535,359.3800048828125,353.1400146484375,297.6000061035156,204.25999450683597,98.16999816894533,108.45999908447266,466.0799865722656,392.9599914550781,344.3599853515625,300.1499938964844,0,-0.1590484373241354,-0.0338029849953934,0.7055842235365916,-0.9169798160468816,-0.1552893958130845,-0.2623001979346543,0.2573554481142294
1765625712.8952987,359.3800048828125,353.1400146484375,297.6000061035156,204.25999450683597,98.16999816894533,108.54000091552734,466.0799865722656,392.9599914550781,344.3599853515625,300.1499938964844,0,-0.161842285976496,-0.0348889097537158,0.7173997429669112,-0.921517788512902,-0.1521276887542037,-0.2602894401663265,0.2447683376306967
1765625712.9607131,359.3800048828125,353.1400146484375,297.6000061035156,204.25999450683597,98.16999816894533,108.54000091552734,466.0799865722656,392.9599914550781,344.3599853515625,300.1499938964844,1,-0.1688161023576612,-0.040766689802519,0.687031190380612,-0.8332247025964866,-0.2780128315882493,0.4715675521484074,0.0779070228929292
1765625713.0320249,359.3800048828125,353.1400146484375,297.6000061035156,204.25999450683597,98.16999816894533,108.54000091552734,466.0799865722656,392.9599914550781,344.3599853515625,300.1499938964844,0,-0.1594708046063554,-0.034347324332024,0.7063287658902796,-0.917345219300388,-0.1551801845398821,-0.2616351990317669,0.2567954080206637
1765625713.3709888,359.3800048828125,353.1400146484375,297.6000061035156,204.25999450683597,98.16999816894533,108.54000091552734,466.0799865722656,392.9599914550781,344.3599853515625,300.1499938964844,0,-0.161842285976496,-0.0348889097537158,0.7173997429669112,-0.921517788512902,-0.1521276887542037,-0.2602894401663265,0.2447683376306967
1765625713.6598432,359.3800048828125,353.1400146484375,297.6000061035156,204.25999450683597,98.16999816894533,108.54000091552734,466.0799865722656,392.9599914550781,344.3599853515625,300.1499938964844,0,-0.1594708046063554,-0.034347324332024,0.7063287658902796,-0.917345219300388,-0.1551801845398821,-0.2616351990317669,0.2567954080206637
1765625713.7364175,359.3800048828125,353.1400146484375,297.6000061035156,204.25999450683597,98.16999816894533,108.54000091552734,466.0799865722656,392.9599914550781,344.3599853515625,300.1499938964844,0,-0.161842285976496,-0.0348889097537158,0.7173997429669112,-0.921517788512902,-0.1521276887542037,-0.2602894401663265,0.2447683376306967
1765625713.782372,359.3800048828125,353.1400146484375,297.6000061035156,204.25999450683597,98.16999816894533,108.54000091552734,466.0799865722656,392.9599914550781,344.3599853515625,300.1499938964844,0,-0.159645311348418,-0.0342594266932884,0.7071024775584378,-0.9223090491413114,-0.1564434371763589,-0.2585097475059523,0.2409235963555779
1765625713.8525493,359.3800048828125,355.3399963378906,299.7900085449219,204.25999450683597,100.72000122070312,108.54000091552734,466.0,392.9599914550781,344.3599853515625,300.1499938964844,0,-0.1620122584178978,-0.0348278649846877,0.718738793125482,-0.9225183185742056,-0.156276055667274,-0.2725970198851026,0.2241174046562665
1765625714.076871,359.3800048828125,357.6300048828125,302.1700134277344,204.25999450683597,103.0999984741211,108.54000091552734,466.0,392.9599914550781,344.3599853515625,300.1499938964844,0,-0.1641910604742451,-0.0327803628420464,0.7192149636736244,-0.9227002196437356,-0.1567387401159579,-0.2735678239555577,0.2218511160947475
1765625714.076871,359.3800048828125,357.6300048828125,302.1700134277344,204.25999450683597,103.0999984741211,108.54000091552734,466.0,392.9599914550781,344.3599853515625,300.1499938964844,1,-0.1736710276132722,-0.0390720913161216,0.6989642772328003,0.6984055243940419,0.2378811745840444,0.6647602709133262,0.1172009065222622
1765625714.1538754,359.3800048828125,357.6300048828125,302.1700134277344,204.25999450683597,103.0999984741211,108.54000091552734,466.0,392.9599914550781,344.3599853515625,300.1499938964844,0,-0.1623842846234142,-0.0313454846245568,0.707399046025689,-0.9136678597221944,-0.1590175425305537,-0.2775679976446045,0.2507597853759113
1765625714.2653792,361.6700134277344,359.9100036621094,304.3699951171875,204.25999450683597,105.47000122070312,108.54000091552734,466.0,392.9599914550781,344.3599853515625,300.1499938964844,0,-0.1624827191857255,-0.0292713813751391,0.6974428317391204,-0.9144077273171772,-0.1637305247415997,-0.2773522675437097,0.2452071434090731
1765625714.3070683,361.6700134277344,359.9100036621094,304.3699951171875,204.25999450683597,105.47000122070312,108.54000091552734,466.0,392.9599914550781,344.3599853515625,300.1499938964844,0,-0.1657461237641938,-0.0297476226456941,0.7087078971900855,-0.9184550858877109,-0.1607249627757528,-0.2767834297265951,0.232376148897673
1765625714.5044594,364.0400085449219,362.2000122070313,306.5599975585937,204.25999450683597,105.47000122070312,108.54000091552734,466.0,392.9599914550781,344.3599853515625,300.1499938964844,0,-0.1678554657901094,-0.0277361277913082,0.703103393133003,-0.911899473587186,-0.168255932245084,-0.2686406074743275,0.2606942948197659
1765625714.696177,366.4200134277344,364.3900146484375,308.8500061035156,204.25999450683597,105.47000122070312,108.54000091552734,466.0,392.9599914550781,344.3599853515625,300.1499938964844,0,-0.1693252399104177,-0.0268116719554066,0.6987392883686134,-0.9140285200372557,-0.1648616246317725,-0.2814760971945226,0.2411300810567121
1765625714.972196,366.5,366.6799926757813,308.8500061035156,204.25999450683597,105.47000122070312,108.45999908447266,466.0,392.9599914550781,344.3599853515625,300.1499938964844,0,-0.1712599938377431,-0.0263356729546997,0.6994488725101198,-0.914039220266138,-0.165078021364626,-0.2823032578472507,0.2399717093459966
1765625715.1059191,366.5,368.7900085449219,308.8500061035156,204.25999450683597,105.47000122070312,108.54000091552734,466.0,392.9599914550781,344.3599853515625,300.1499938964844,0,-0.1703838572528703,-0.0263169082914807,0.6989541628092552,-0.9140014132710316,-0.1650478517364346,-0.2820710339582508,0.2404091407943301
1765625715.425749,366.5,370.7200012207031,308.8500061035156,204.25999450683597,105.47000122070312,108.54000091552734,466.0,392.9599914550781,344.3599853515625,300.1499938964844,0,-0.1717094392176254,-0.0259310473699654,0.698708839624724,-0.9221073684027158,-0.1632316568618505,-0.2664158633302241,0.2282455149648397
1765625715.468327,366.5,371.1600036621094,308.8500061035156,204.25999450683597,105.47000122070312,108.54000091552734,466.0,392.9599914550781,344.3599853515625,300.1499938964844,0,-0.174708378838084,-0.026350277489097,0.7098780494150837,-0.921840686567644,-0.1630416582287494,-0.281020712060334,0.2113161746379517
1765625715.5685232,366.5,371.1600036621094,308.8500061035156,204.25999450683597,105.47000122070312,108.54000091552734,466.0,392.9599914550781,344.3599853515625,300.1499938964844,0,-0.1717420035870931,-0.0258085917393231,0.6988396538515276,-0.9179136462053012,-0.162197998944464,-0.2685430145885299,0.2429217910443716
1765625715.6311238,366.5,371.1600036621094,308.8500061035156,204.25999450683597,105.47000122070312,108.54000091552734,466.0,392.9599914550781,344.3599853515625,300.1499938964844,0,-0.1689907746166297,-0.0254308738046338,0.6886671127511889,-0.9099584980118308,-0.1682104415106311,-0.283649597173051,0.2514432048921139
1765625715.7054038,366.5,371.1600036621094,308.8500061035156,204.25999450683597,105.47000122070312,108.54000091552734,466.0,392.9599914550781,344.3599853515625,300.1499938964844,0,-0.1712165346959344,-0.025805180043436,0.6987486898570472,-0.9179878674955264,-0.1621358182146062,-0.2681694640588292,0.243095434200843
1765625715.8374696,366.5,371.1600036621094,308.8500061035156,204.25999450683597,105.47000122070312,108.54000091552734,466.0,392.9599914550781,344.3599853515625,300.1499938964844,0,-0.1689907746166297,-0.0254308738046338,0.6886671127511889,-0.9099584980118308,-0.1682104415106311,-0.283649597173051,0.2514432048921139
1765625715.9239812,366.5,371.1600036621094,308.8500061035156,204.25999450683597,105.47000122070312,108.54000091552734,466.0,392.9599914550781,344.3599853515625,300.1499938964844,0,-0.1746562605101168,-0.02623061649876,0.7101724243372806,-0.9223652015888414,-0.159012512242319,-0.2666755846769908,0.2298729831571068
1765625716.0378036,366.5,371.1600036621094,308.8500061035156,204.25999450683597,105.47000122070312,108.54000091552734,466.0,392.9599914550781,344.3599853515625,300.1499938964844,0,-0.1717958066173299,-0.0258370963885686,0.699579893927354,-0.9140940349048984,-0.1652022848438655,-0.2825227539480679,0.2394184494462534
1765625716.078164,366.5,371.1600036621094,308.8500061035156,204.25999450683597,105.47000122070312,108.54000091552734,466.0,392.9599914550781,344.3599853515625,300.1499938964844,0,-0.1688901911546831,-0.0253956305568815,0.6877445016752594,-0.9136124061893904,-0.1652105578072636,-0.2703281615953887,0.2548343145934292
1765625716.1151142,366.5,371.1600036621094,308.8500061035156,204.25999450683597,105.47000122070312,108.54000091552734,466.0,392.9599914550781,344.3599853515625,300.1499938964844,0,-0.1714434197545605,-0.0258218854112579,0.6991703655584581,-0.9139740569903756,-0.1652335334252874,-0.2826650078289605,0.2396868705820196
1765625716.5089214,366.5,371.1600036621094,308.8500061035156,204.25999450683597,105.47000122070312,108.54000091552734,466.0,392.9599914550781,344.3599853515625,300.1499938964844,0,-0.1629823191642944,-0.0244186908184413,0.6610775134916927,0.949876464885375,0.1134482521278554,-0.0325510039706021,0.2894902894511374
1765625716.606157,366.5,371.1600036621094,308.8500061035156,204.25999450683597,105.47000122070312,108.54000091552734,466.0,392.9599914550781,344.3599853515625,300.1499938964844,0,-0.1714434197545605,-0.0258218854112579,0.6991703655584581,-0.9139740569903756,-0.1652335334252874,-0.2826650078289605,0.2396868705820196
1765625716.7206633,366.5,371.1600036621094,308.8500061035156,204.25999450683597,105.47000122070312,108.54000091552734,466.0,392.9599914550781,344.3599853515625,300.1499938964844,0,-0.1689907746166297,-0.0254308738046338,0.6886671127511889,-0.9099584980118308,-0.1682104415106311,-0.283649597173051,0.2514432048921139
1765625716.7547452,366.5,371.1600036621094,308.8500061035156,204.25999450683597,105.47000122070312,108.54000091552734,466.0,392.9599914550781,344.3599853515625,300.1499938964844,0,-0.1717958066173299,-0.0258370963885686,0.699579893927354,-0.9140940349048984,-0.1652022848438655,-0.2825227539480679,0.2394184494462534
1765625716.879676,366.5,371.1600036621094,308.8500061035156,204.25999450683597,105.47000122070312,108.54000091552734,466.0,392.9599914550781,344.3599853515625,300.1499938964844,0,-0.1689907746166297,-0.0254308738046338,0.6886671127511889,-0.9099584980118308,-0.1682104415106311,-0.283649597173051,0.2514432048921139
1765625717.040566,366.5,371.1600036621094,308.8500061035156,204.25999450683597,105.47000122070312,108.54000091552734,466.0,392.9599914550781,344.3599853515625,300.1499938964844,0,-0.1714434197545605,-0.0258218854112579,0.6991703655584581,-0.9139740569903756,-0.1652335334252874,-0.2826650078289605,0.2396868705820196
1765625717.4406068,366.5,371.1600036621094,308.8500061035156,204.25999450683597,105.47000122070312,108.45999908447266,466.0,392.9599914550781,344.3599853515625,300.1499938964844,0,-0.1689907746166297,-0.0254308738046338,0.6886671127511889,-0.9099584980118308,-0.1682104415106311,-0.283649597173051,0.2514432048921139
1765625717.6710455,366.5,371.1600036621094,308.8500061035156,204.25999450683597,105.47000122070312,108.54000091552734,466.0,392.9599914550781,344.3599853515625,300.1499938964844,0,-0.1714434197545605,-0.0258218854112579,0.6991703655584581,-0.9139740569903756,-0.1652335334252874,-0.2826650078289605,0.2396868705820196
1765625717.9259024,366.5,371.1600036621094,308.8500061035156,204.25999450683597,105.47000122070312,108.54000091552734,466.0,392.9599914550781,344.3599853515625,300.1499938964844,0,-0.1689907746166297,-0.0254308738046338,0.6886671127511889,-0.9099584980118308,-0.1682104415106311,-0.283649597173051,0.2514432048921139
1765625717.9725442,366.5,371.1600036621094,308.8500061035156,204.25999450683597,105.47000122070312,108.54000091552734,466.0,392.9599914550781,344.3599853515625,300.1499938964844,0,-0.1739944338683019,-0.0259344418878579,0.7090497131872788,-0.9172098109450983,-0.1622087445242749,-0.2830012228574732,0.2287461338844663
1765625718.046638,366.5,371.1600036621094,308.8500061035156,204.25999450683597,105.47000122070312,108.54000091552734,466.0,392.9599914550781,344.3599853515625,300.1499938964844,0,-0.1698578561360236,-0.0254591369483103,0.6927195511357993,-0.910703081368954,-0.160414591543564,-0.297035145236333,0.2380276851532916
1765625718.0882912,366.5,371.1600036621094,308.8500061035156,204.25999450683597,105.47000122070312,108.54000091552734,466.0,392.9599914550781,344.3599853515625,300.1499938964844,0,-0.172650794764392,-0.0258619957692251,0.7035887966763811,-0.914624291078062,-0.157188641945507,-0.2967169831935443,0.2251958456495184
1765625718.1271875,366.5,371.1600036621094,308.8500061035156,204.25999450683597,105.47000122070312,108.54000091552734,466.0,392.9599914550781,344.3599853515625,300.1499938964844,0,-0.1698578561360236,-0.0254591369483103,0.6927195511357993,-0.910703081368954,-0.160414591543564,-0.297035145236333,0.2380276851532916
1765625718.2362144,366.5,371.1600036621094,308.8500061035156,204.25999450683597,105.47000122070312,108.54000091552734,466.0,392.9599914550781,344.3599853515625,300.1499938964844,0,-0.1725880037137212,-0.0258662896797402,0.7038237066866563,-0.915909257215112,-0.1702804480300936,-0.2693246262980544,0.2440881956091811
1765625718.272105,366.5,371.1600036621094,308.8500061035156,204.25999450683597,105.47000122070312,108.54000091552734,470.9200134277344,392.9599914550781,344.3599853515625,300.1499938964844,0,-0.1689907746166297,-0.0254308738046338,0.6886671127511889,-0.9099584980118308,-0.1682104415106311,-0.283649597173051,0.2514432048921139
1765625718.3360543,366.5,371.1600036621094,308.8500061035156,204.25999450683597,105.47000122070312,108.54000091552734,470.9200134277344,392.9599914550781,344.3599853515625,300.1499938964844,0,-0.1712599938377431,-0.0263356729546997,0.6994488725101198,-0.914039220266138,-0.165078021364626,-0.2823032578472507,0.2399717093459966
1765625718.4675505,366.5,371.1600036621094,308.8500061035156,204.25999450683597,105.47000122070312,108.54000091552734,484.3699951171875,392.9599914550781,344.3599853515625,300.1499938964844,0,-0.1744027779396562,-0.0323326575998531,0.7207541626289579,-0.9211981273961424,-0.1577967581202251,-0.2808608936121784,0.2182002558384298
1765625718.6419845,366.5,371.1600036621094,308.8500061035156,204.25999450683597,105.47000122070312,108.54000091552734,484.3699951171875,392.9599914550781,344.3599853515625,300.1499938964844,0,-0.169459198313628,-0.0431184987505196,0.7190176746140718,-0.9200280981306268,-0.1696529916004884,-0.2510532938626613,0.24847214075597
1765625718.681733,366.5,371.1600036621094,308.8500061035156,204.25999450683597,105.47000122070312,108.54000091552734,497.0199890136719,392.9599914550781,344.3599853515625,300.1499938964844,0,-0.1702863269015234,-0.0452962587450348,0.7247683008682847,-0.9215144065517537,-0.1649222249051848,-0.2800042711051984,0.2126251782191842
1765625718.8513885,366.5,371.1600036621094,308.8500061035156,204.25999450683597,105.47000122070312,108.54000091552734,509.6799926757813,392.9599914550781,344.3599853515625,300.1499938964844,0,-0.165891583593362,-0.0534519798801386,0.7187178030466642,-0.9233429270430796,-0.1730636707938365,-0.2626497255861745,0.220231529487465
1765625719.0828185,366.5,371.1600036621094,308.8500061035156,204.25999450683597,105.47000122070312,108.54000091552734,522.5999755859375,392.9599914550781,344.3599853515625,300.1499938964844,0,-0.1641456077374845,-0.0597853431279571,0.7218178725809358,-0.9280512381266328,-0.1750972724277011,-0.2292418899947673,0.2356056036507414
1765625719.199667,366.5,371.1600036621094,308.8500061035156,204.25999450683597,105.47000122070312,108.54000091552734,522.5999755859375,392.9599914550781,344.3599853515625,300.1499938964844,0,-0.1602581407399484,-0.0627745143802072,0.7115194139498008,-0.9229614420412288,-0.1634450953986983,-0.2620583808632082,0.2296808270505822
1765625719.2359924,366.5,371.1600036621094,308.8500061035156,204.25999450683597,105.47000122070312,108.54000091552734,522.5999755859375,392.9599914550781,344.3599853515625,300.1499938964844,0,-0.1634230990360649,-0.065714681185267,0.7284580567706026,-0.9302420639416908,-0.165661990771474,-0.243318080961019,0.2190938583451906
1765625719.2719345,366.5,371.1600036621094,308.8500061035156,204.25999450683597,105.47000122070312,108.54000091552734,535.52001953125,392.9599914550781,344.3599853515625,300.1499938964844,0,-0.1599532135775077,-0.0661009551288897,0.7170245948609876,-0.930253793079033,-0.1694389078647388,-0.2420233478666414,0.2175845492012216
1765625719.3086865,366.5,371.1600036621094,308.8500061035156,204.25999450683597,105.47000122070312,108.54000091552734,535.52001953125,392.9599914550781,344.3599853515625,300.1499938964844,0,-0.1594110671727119,-0.0723954205361578,0.7257484487353,-0.9234439573493752,-0.1705572639433171,-0.2782903202126582,0.2017819987685493
1765625719.405867,366.5,371.1600036621094,308.8500061035156,204.25999450683597,105.47000122070312,108.54000091552734,535.52001953125,392.9599914550781,344.3599853515625,300.1499938964844,0,-0.159093572319872,-0.0799510408251551,0.7375839349532285,-0.9324129321407004,-0.1636502372279996,-0.2591532029867138,0.1914793493140406
1765625719.4741368,366.5,371.1600036621094,308.8500061035156,204.25999450683597,105.47000122070312,108.54000091552734,546.1500244140625,392.9599914550781,344.3599853515625,300.1499938964844,0,-0.1561270522120605,-0.0832730013966267,0.7329854343884513,-0.9310816203393272,-0.1724361153929648,-0.2387263692204232,0.2153195834412459
1765625719.6534102,366.5,371.1600036621094,308.8500061035156,204.25999450683597,105.47000122070312,108.54000091552734,546.5,392.9599914550781,344.3599853515625,300.1499938964844,0,-0.1515412529813034,-0.0868338752603472,0.7187758741709618,-0.9291577613180232,-0.1785807547784277,-0.2580293095572345,0.1954370589593057
1765625719.907186,366.5,371.1600036621094,308.8500061035156,204.25999450683597,105.47000122070312,108.45999908447266,546.5,392.9599914550781,344.3599853515625,300.1499938964844,0,-0.1554996028662927,-0.077426048525242,0.7155401710501064,-0.9326693990858698,-0.168793188063528,-0.2400134314654712,0.2098337541682055
1765625720.66229,366.5,371.1600036621094,308.8500061035156,204.25999450683597,105.47000122070312,108.54000091552734,546.5,392.9599914550781,344.3599853515625,300.1499938964844,0,-0.1567216418669167,-0.0801942323421239,0.7265763960034118,-0.9375872694089312,-0.1652296075412845,-0.2379549794158653,0.192371299328284
1765625721.1102774,366.5,371.1600036621094,308.8500061035156,204.25999450683597,105.47000122070312,108.54000091552734,546.5,392.9599914550781,344.3599853515625,300.1499938964844,0,-0.1549857149344249,-0.0794237536030982,0.7137893074322794,-0.9314489622128204,-0.171390686351264,-0.2595449612671642,0.1888504077452014
1765625721.571179,366.5,371.1600036621094,308.8500061035156,204.25999450683597,105.47000122070312,108.45999908447266,546.5,392.9599914550781,344.3599853515625,300.1499938964844,0,-0.1574413929725565,-0.0800970849132522,0.7256927444933304,-0.9318604783287024,-0.1675677253721928,-0.2597821385232311,0.1899219493552237
1765625721.6637535,366.5,371.1600036621094,308.8500061035156,204.25999450683597,105.47000122070312,108.54000091552734,546.5,392.9599914550781,344.3599853515625,300.1499938964844,0,-0.1553325615813007,-0.0792131772941292,0.714202414938429,-0.9319716731109564,-0.1713869403105169,-0.259243565363953,0.1866764340433724
1765625722.253311,368.7900085449219,373.3599853515625,311.2200012207031,204.25999450683597,108.11000061035156,108.54000091552734,546.5,395.3299865722656,344.3599853515625,300.1499938964844,0,-0.1549492894806347,-0.0789532109964335,0.715378216576118,-0.9323391775711536,-0.1686082055067022,-0.2400626479222497,0.2113879279294649
1765625722.4174385,368.7900085449219,373.3599853515625,311.2200012207031,204.25999450683597,108.11000061035156,108.54000091552734,546.5,395.3299865722656,344.3599853515625,300.1499938964844,0,-0.1590556933657593,-0.0790758034843394,0.7259062448831108,-0.931826197270888,-0.1677526509692191,-0.2608687016931557,0.1884317028777349
1765625722.454184,371.1600036621094,375.6400146484375,313.67999267578125,204.25999450683597,110.73999786376952,108.54000091552734,546.0599975585938,397.5299987792969,344.3599853515625,300.1499938964844,0,-0.157113395431745,-0.0774043331091641,0.7141163022861465,-0.9315751619408826,-0.1717060003037822,-0.260782735479748,0.1862179690314433
1765625722.6805212,371.0700073242188,378.0199890136719,315.9700012207031,204.25999450683597,113.29000091552734,108.54000091552734,545.7999877929688,399.6400146484375,344.3599853515625,300.1499938964844,0,-0.1639706862709038,-0.0759317925643759,0.7245370482073361,-0.9349977025099206,-0.1684613886348735,-0.2661698812924849,0.1629529107844486
1765625722.979709,373.2699890136719,380.2999877929688,318.25,204.25999450683597,115.93000030517578,108.54000091552734,545.5399780273438,399.7300109863281,344.3599853515625,300.1499938964844,0,-0.1636284323043767,-0.0724697818148779,0.7114664065738119,0.9775418000531884,0.1561320664001459,-0.0124269248492155,0.140997796185559
1765625723.080563,373.2699890136719,382.5,320.45001220703125,204.25999450683597,118.38999938964844,108.54000091552734,545.27001953125,399.7300109863281,344.3599853515625,300.0599975585937,0,-0.1654432260549235,-0.0716505432343378,0.7156742655774275,-0.9320263728905036,-0.1726157073778715,-0.2656709107215809,0.1759250550642942
1765625723.166113,373.2699890136719,382.5,320.45001220703125,204.25999450683597,118.38999938964844,108.54000091552734,545.27001953125,399.7300109863281,344.3599853515625,300.1499938964844,0,-0.1695673811326511,-0.0715377168394131,0.7289479850035667,-0.9379574502033456,-0.1665481131177958,-0.2456158855720677,0.179361044766107
1765625723.2039464,373.2699890136719,382.5,320.45001220703125,204.25999450683597,118.38999938964844,108.54000091552734,545.27001953125,399.7300109863281,344.3599853515625,300.1499938964844,0,-0.1672904124680423,-0.0704088120194918,0.7174975966968156,-0.9328408508733578,-0.17020374443357,-0.2473946384512467,0.1990842163212315
1765625723.2899826,373.2699890136719,384.6099853515625,322.6499938964844,204.25999450683597,120.76000213623048,108.54000091552734,545.1900024414062,399.7300109863281,344.3599853515625,300.1499938964844,0,-0.1667465108300893,-0.0695993993384827,0.7118688988794782,-0.931263284349302,-0.1821571219602107,-0.2477011513607948,0.1954779214045938
1765625723.6585972,375.4700012207031,388.8299865722656,324.760009765625,204.25999450683597,123.0500030517578,108.54000091552734,545.1900024414062,399.7300109863281,344.3599853515625,300.1499938964844,0,-0.1688268209026202,-0.0666616134085944,0.7119932822166686,-0.9264168455110224,-0.1821355412946004,-0.251273897831963,0.213166369812552
1765625723.7345612,375.4700012207031,388.8299865722656,324.760009765625,204.25999450683597,123.0500030517578,108.54000091552734,545.1900024414062,399.7300109863281,344.3599853515625,300.1499938964844,0,-0.1666636059442837,-0.0654380852073592,0.7002414280420348,-0.929209237489924,-0.1689979542163438,-0.267900332315191,0.1903662164867884
1765625723.8812966,375.55999755859375,390.8500061035156,324.760009765625,204.25999450683597,123.0500030517578,108.54000091552734,545.1900024414062,399.7300109863281,344.3599853515625,300.1499938964844,0,-0.1698875984637094,-0.0658287111910361,0.705775424466383,-0.9270918546771,-0.1771318197886134,-0.270245125175462,0.1899804824939862
1765625724.1487317,375.55999755859375,390.9400024414063,326.95001220703125,204.25999450683597,123.0500030517578,108.54000091552734,545.1900024414062,399.7300109863281,344.3599853515625,300.1499938964844,0,-0.1725791299068047,-0.0668265992964868,0.7164192172316396,-0.9313955388381054,-0.1734651636771014,-0.2707333961622798,0.1706329845762236
1765625724.3018434,375.55999755859375,390.9400024414063,327.1300048828125,204.25999450683597,123.0500030517578,108.54000091552734,545.1900024414062,399.7300109863281,344.3599853515625,300.1499938964844,0,-0.170318381878847,-0.0656436122296109,0.7065076538006854,-0.9281848623718588,-0.1770383431917682,-0.2691207031685734,0.1862909912735984
1765625724.680837,375.55999755859375,390.9400024414063,327.1300048828125,204.25999450683597,123.0500030517578,108.54000091552734,545.1900024414062,399.7300109863281,344.3599853515625,300.1499938964844,0,-0.1729329901263079,-0.0666062215574937,0.7168167955534923,-0.9318977989071628,-0.1734162727627946,-0.2704587547093124,0.1683607755212986
1765625724.8682065,375.55999755859375,390.9400024414063,327.1300048828125,204.25999450683597,123.0500030517578,108.54000091552734,545.1900024414062,399.7300109863281,344.3599853515625,300.1499938964844,0,-0.1702547560148824,-0.0656516163794291,0.7051968934010536,-0.931309126365729,-0.1771974894962155,-0.2704225281333752,0.1677379418679476
1765625724.9401565,375.55999755859375,390.9400024414063,327.1300048828125,204.25999450683597,123.0500030517578,108.54000091552734,545.1900024414062,399.7300109863281,344.3599853515625,300.1499938964844,0,-0.1734555137443729,-0.066832934438417,0.7179056184046531,-0.927536195322801,-0.1733206699958758,-0.2707579860724653,0.1905955526665466
1765625725.0203211,375.55999755859375,390.9400024414063,327.1300048828125,204.25999450683597,123.0500030517578,108.54000091552734,545.1900024414062,399.7300109863281,344.3599853515625,300.1499938964844,0,-0.1706812516431703,-0.0658558308751863,0.707466318883866,-0.9280747496343624,-0.1742274564904516,-0.2525495969290532,0.2110468042566765
1765625725.2453115,375.55999755859375,390.9400024414063,327.1300048828125,204.25999450683597,123.0500030517578,108.54000091552734,545.1900024414062,399.7300109863281,344.3599853515625,300.0599975585937,0,-0.1732269474416099,-0.0668923252379335,0.7185503051431268,-0.9329102366223552,-0.1708715503938595,-0.2509981983231159,0.1936008990417401
1765625725.2863386,375.55999755859375,390.9400024414063,327.1300048828125,204.25999450683597,123.0500030517578,108.54000091552734,545.1900024414062,399.7300109863281,344.3599853515625,300.1499938964844,0,-0.1696310926385908,-0.0654611937548946,0.703152991550149,-0.925085958497852,-0.1797182669009443,-0.289559159648646,0.1675494165785166
1765625725.7907326,375.55999755859375,390.9400024414063,327.1300048828125,204.25999450683597,123.0500030517578,108.54000091552734,545.1900024414062,399.7300109863281,344.3599853515625,300.1499938964844,0,-0.1729329901263079,-0.0666062215574937,0.7168167955534923,-0.9318977989071628,-0.1734162727627946,-0.2704587547093124,0.1683607755212986
1765625726.145604,375.55999755859375,390.9400024414063,327.1300048828125,204.25999450683597,123.0500030517578,108.54000091552734,545.1900024414062,399.7300109863281,344.3599853515625,300.1499938964844,0,-0.1693000504314399,-0.0654310644706425,0.7028298593474757,-0.9250770896401558,-0.1797533668442625,-0.2895016801633897,0.1676600206179925
1765625726.314218,375.55999755859375,390.9400024414063,327.1300048828125,204.25999450683597,123.0500030517578,108.54000091552734,545.1900024414062,399.7300109863281,344.3599853515625,300.1499938964844,0,-0.1729329901263079,-0.0666062215574937,0.7168167955534923,-0.9318977989071628,-0.1734162727627946,-0.2704587547093124,0.1683607755212986
1765625726.6567588,375.55999755859375,390.9400024414063,327.1300048828125,204.25999450683597,123.0500030517578,108.45999908447266,545.1900024414062,412.0299987792969,344.3599853515625,300.1499938964844,0,-0.1704035159266921,-0.0662324567671429,0.7073732223180237,-0.9331772740689636,-0.1745990749521623,-0.2499381500974704,0.1903319713367198
1765625726.797957,375.55999755859375,390.9400024414063,327.1300048828125,204.25999450683597,123.0500030517578,108.45999908447266,545.1900024414062,412.0299987792969,344.3599853515625,300.1499938964844,0,-0.1728880254912239,-0.0721404708226916,0.7231207444084328,-0.9272106097764424,-0.1716372804001315,-0.2937197391857216,0.1566838980480008
1765625726.8706048,375.55999755859375,390.9400024414063,327.1300048828125,204.25999450683597,123.0500030517578,108.54000091552734,545.1900024414062,424.4200134277344,344.3599853515625,300.1499938964844,0,-0.1730306170155337,-0.0764108134111455,0.7291442383537976,-0.9383666342315002,-0.1843975928664303,-0.2281229264374099,0.1828264694724043
1765625726.983162,375.55999755859375,390.9400024414063,327.1300048828125,204.25999450683597,123.0500030517578,108.54000091552734,545.1900024414062,424.4200134277344,344.3599853515625,300.1499938964844,0,-0.1672611942251858,-0.0797867325725861,0.7135461044752535,-0.9328175948279256,-0.1718147669412725,-0.2720636189113706,0.162210998101883
1765625727.0716012,375.55999755859375,390.9400024414063,327.1300048828125,204.25999450683597,123.0500030517578,108.54000091552734,545.1900024414062,436.989990234375,344.3599853515625,300.1499938964844,0,-0.1679182363434122,-0.0830513611129929,0.7218625596037773,-0.9331574732115336,-0.1774995552981116,-0.2500469119718036,0.1875835277197969
1765625727.277812,375.55999755859375,390.9400024414063,327.1300048828125,204.25999450683597,123.0500030517578,108.54000091552734,545.1900024414062,450.0,344.3599853515625,300.1499938964844,0,-0.1646679380104508,-0.0892082346740912,0.7201558210104253,-0.9364443586784192,-0.1768287075236425,-0.2493220789928978,0.1721687318346214
1765625727.5834126,377.75,390.9400024414063,327.1300048828125,204.25999450683597,123.0500030517578,108.54000091552734,545.1900024414062,455.7999877929688,344.3599853515625,300.1499938964844,0,-0.1618468286450263,-0.0996973045125314,0.7117546430993189,-0.938876440301417,-0.1675135852367039,-0.2535581557820817,0.1617358656713929
1765625727.6761367,377.75,392.8699951171875,329.3299865722656,204.25999450683597,123.0500030517578,108.54000091552734,545.1900024414062,452.8999938964844,344.3599853515625,300.1499938964844,0,-0.1654688630573814,-0.0986848521613121,0.7230943219122773,-0.9364222112931668,-0.1838217919268129,-0.2549637715392975,0.1559373791369079
1765625727.7892902,377.75,392.8699951171875,329.3299865722656,204.25999450683597,123.0500030517578,108.54000091552734,545.1900024414062,452.8999938964844,344.3599853515625,300.1499938964844,0,-0.1657913659197324,-0.0912644756165514,0.7099806746291967,-0.9304914610017944,-0.1802207739673831,-0.2533577474701188,0.1936903854872799
1765625728.1517596,382.5899963378906,397.2699890136719,333.9800109863281,206.4600067138672,125.33000183105467,113.29000091552734,545.1900024414062,452.6400146484375,344.3599853515625,300.1499938964844,0,-0.1668932266584958,-0.0873413675417658,0.6959780965193545,-0.9249401500441944,-0.1765428708548023,-0.3016133796781649,0.1494914806458316
1765625728.2210815,382.5899963378906,397.2699890136719,333.9800109863281,206.4600067138672,125.33000183105467,113.29000091552734,545.1900024414062,452.6400146484375,344.3599853515625,300.1499938964844,0,-0.1697255965481632,-0.0860585427479007,0.7106693458688216,0.9832727911551732,0.1643552816515418,-0.0355735784474408,0.0699748532231504
1765625728.273784,384.8699951171875,399.3699951171875,336.2699890136719,208.7400054931641,127.70999908447266,113.29000091552734,545.1900024414062,452.6400146484375,344.3599853515625,300.1499938964844,0,-0.1697391364475994,-0.0850421499036324,0.7107262150715944,0.9832661016236958,0.1642981645675438,-0.0354826140076668,0.0702486342974674
1765625728.4649343,384.8699951171875,399.2900085449219,338.4700012207031,210.8500061035156,127.70999908447266,113.29000091552734,545.1900024414062,452.6400146484375,344.3599853515625,300.1499938964844,0,-0.1673877080765951,-0.0802136808999209,0.7038177412605383,-0.9280547663349658,-0.1755639173424177,-0.2729768157468355,0.182689133981896
1765625728.5042331,384.8699951171875,399.2900085449219,338.4700012207031,210.8500061035156,127.70999908447266,113.29000091552734,545.1900024414062,452.6400146484375,344.3599853515625,300.1499938964844,0,-0.1704774140465279,-0.081574276852208,0.7157070519134235,-0.9384416172839324,-0.169498052179329,-0.2530984179078315,0.1629077410974807
1765625728.5644865,384.8699951171875,399.2900085449219,338.4700012207031,210.8500061035156,127.70999908447266,113.29000091552734,545.1900024414062,452.6400146484375,344.3599853515625,300.1499938964844,0,-0.1684638085384579,-0.0811359659903521,0.7051553187846362,-0.9356195381646248,-0.1632982343912875,-0.2789058601726465,0.1419904490121028
1765625728.6041944,384.8699951171875,399.2900085449219,338.4700012207031,210.8500061035156,127.70999908447266,113.29000091552734,545.1900024414062,452.6400146484375,344.3599853515625,300.1499938964844,0,-0.1714135571915945,-0.0827430638398412,0.7169070020303807,-0.944363543871238,-0.1674671424862333,-0.2296553967387385,0.165501214325529
1765625728.6812189,384.8699951171875,399.2900085449219,338.4700012207031,210.8500061035156,127.70999908447266,115.66000366210938,545.1900024414062,452.6400146484375,344.3599853515625,300.1499938964844,0,-0.1682782145782866,-0.0809244957665561,0.7022550013995474,-0.9317649588890536,-0.1752208765248155,-0.2754737526568402,0.158826689865128
1765625728.975575,384.8699951171875,399.2900085449219,338.3800048828125,210.94000244140625,127.70999908447266,115.83999633789062,545.1900024414062,452.5499877929688,344.3599853515625,300.1499938964844,0,-0.169896810237697,-0.0815045682945712,0.7127689276606342,-0.937847339624866,-0.1586668454125631,-0.2845756008700045,0.1195153844275395
1765625729.0856209,384.8699951171875,399.2900085449219,338.3800048828125,210.8500061035156,127.70999908447266,115.83999633789062,545.1900024414062,452.5499877929688,344.3599853515625,300.1499938964844,0,-0.1680963365504104,-0.0804972332696215,0.7022698063878695,0.981803136793113,0.1628383588103853,-0.031285200524996,0.0925608216863637
1765625730.633478,384.8699951171875,399.2900085449219,338.3800048828125,210.94000244140625,127.70999908447266,116.0199966430664,545.1900024414062,452.5499877929688,344.3599853515625,300.1499938964844,0,-0.1705646370832021,-0.0813106182249076,0.7133963114231364,-0.9316398295218952,-0.1717792596832279,-0.2758907618596695,0.1625527653151044
1765625730.8088007,384.8699951171875,399.2900085449219,338.3800048828125,210.8500061035156,127.70999908447266,116.0199966430664,545.1900024414062,452.6400146484375,344.3599853515625,300.1499938964844,0,-0.1678146611294147,-0.0802580090370309,0.701925180924101,-0.9284383551512326,-0.1659336692056612,-0.2992777106749671,0.1445720927467352
1765625731.3640635,384.8699951171875,399.2900085449219,338.3800048828125,210.94000244140625,127.70999908447266,116.0199966430664,545.1900024414062,452.6400146484375,344.3599853515625,300.1499938964844,0,-0.1705646370832021,-0.0813106182249076,0.7133963114231364,-0.9316398295218952,-0.1717792596832279,-0.2758907618596695,0.1625527653151044
1765625731.650171,384.8699951171875,399.2900085449219,338.3800048828125,210.8500061035156,127.70999908447266,116.0199966430664,545.1900024414062,452.5499877929688,344.3599853515625,300.1499938964844,0,-0.1678146611294147,-0.0802580090370309,0.701925180924101,-0.9284383551512326,-0.1659336692056612,-0.2992777106749671,0.1445720927467352
1765625731.850496,384.8699951171875,399.2900085449219,338.3800048828125,210.8500061035156,127.70999908447266,116.0199966430664,545.1900024414062,452.6400146484375,344.3599853515625,300.1499938964844,0,-0.1705646370832021,-0.0813106182249076,0.7133963114231364,-0.9316398295218952,-0.1717792596832279,-0.2758907618596695,0.1625527653151044
1765625732.0604706,384.8699951171875,399.2900085449219,338.4700012207031,210.8500061035156,127.70999908447266,116.0199966430664,545.1900024414062,452.6400146484375,344.3599853515625,300.1499938964844,0,-0.1678146611294147,-0.0802580090370309,0.701925180924101,-0.9284383551512326,-0.1659336692056612,-0.2992777106749671,0.1445720927467352
1765625732.307565,384.8699951171875,399.2900085449219,338.4700012207031,210.94000244140625,127.70999908447266,116.0199966430664,545.1900024414062,452.6400146484375,344.3599853515625,300.1499938964844,0,-0.1704312174057061,-0.0814402083871818,0.7133659306914684,-0.9415309498526504,-0.1689903416821594,-0.2563033828011719,0.1388175451893198
1765625732.819151,384.8699951171875,399.2900085449219,338.4700012207031,210.94000244140625,127.70999908447266,116.0199966430664,545.1900024414062,460.7200012207031,344.3599853515625,300.1499938964844,0,-0.1703645656971663,-0.0889065308702816,0.7239867942175309,-0.9378017212758564,-0.1846350867325068,-0.2564767356420077,0.143727173470227
1765625732.8573897,384.8699951171875,399.2900085449219,338.3800048828125,210.94000244140625,127.70999908447266,116.0199966430664,545.1900024414062,473.5499877929688,344.3599853515625,300.1499938964844,0,-0.1712568681974796,-0.0919234155248684,0.7308805625955174,0.9840278272194368,0.1644334606176637,-0.0131315292066267,0.0669211119736453
1765625733.01749,384.8699951171875,399.2900085449219,338.3800048828125,210.94000244140625,127.70999908447266,116.0199966430664,545.1900024414062,473.5499877929688,344.3599853515625,300.1499938964844,0,-0.1637142994982262,-0.1000212950690376,0.7177181676003739,-0.935053121213392,-0.1650326981491713,-0.2813799645855764,0.1387990798979519
1765625733.0857117,384.8699951171875,399.2900085449219,338.4700012207031,210.94000244140625,127.70999908447266,116.0199966430664,545.1900024414062,486.739990234375,344.3599853515625,300.1499938964844,0,-0.1629918290455808,-0.10304415289342,0.7207872672747286,-0.9424204924199064,-0.1626998521508631,-0.257114925174208,0.1387958530712282
1765625733.2335162,384.8699951171875,399.2900085449219,338.4700012207031,210.94000244140625,127.70999908447266,116.0199966430664,545.1900024414062,486.739990234375,344.3599853515625,300.1499938964844,0,-0.1634696674367493,-0.1081492392747146,0.7298405909927298,-0.9488724168762124,-0.1686187092614561,-0.2287143320397439,0.1374722579217708
1765625733.2927437,384.8699951171875,399.2900085449219,338.4700012207031,210.94000244140625,127.70999908447266,116.0199966430664,545.1900024414062,499.3900146484375,344.3599853515625,300.1499938964844,0,-0.1604643635443619,-0.1086522506021368,0.7193114349439483,-0.9433012577537304,-0.1731808236983256,-0.2271765561862703,0.1690619760405813
1765625733.585036,384.8699951171875,399.2900085449219,338.4700012207031,210.94000244140625,127.70999908447266,116.0199966430664,545.1900024414062,512.3099975585938,344.3599853515625,300.1499938964844,0,-0.1584176665946797,-0.1241710029974261,0.7257145921589747,0.9850401410527868,0.1723240007449451,0.0003997777924046,0.0004466090893538
1765625733.6804743,384.8699951171875,399.2900085449219,338.4700012207031,210.94000244140625,127.70999908447266,116.0199966430664,545.1900024414062,525.1500244140625,344.3599853515625,300.1499938964844,0,-0.1561747936161842,-0.127169938151678,0.721956752927525,0.9837207729498032,0.1772680829933345,-0.0281225586927244,0.0088650612792039
1765625733.7851264,384.8699951171875,399.2900085449219,338.4700012207031,210.94000244140625,127.70999908447266,116.0199966430664,545.1900024414062,525.1500244140625,344.3599853515625,300.1499938964844,0,-0.1565326092783598,-0.1323010202261008,0.7311974111722475,-0.9468970278121908,-0.1741451204538337,-0.2340061969785529,0.1352796936653602
1765625734.0541527,384.8699951171875,399.2900085449219,338.4700012207031,210.94000244140625,127.70999908447266,116.0199966430664,545.1900024414062,533.6699829101562,344.3599853515625,300.1499938964844,0,-0.145134235742185,-0.139420228086796,0.7034249825066063,-0.9360191895477472,-0.1819715928445571,-0.2579307200963729,0.1556475500178511
1765625735.3335536,384.8699951171875,399.2900085449219,338.4700012207031,210.94000244140625,127.70999908447266,116.0999984741211,545.1900024414062,533.6699829101562,344.3599853515625,300.1499938964844,0,-0.1502412229715695,-0.1375765746558173,0.717490801275314,-0.9572692813261766,-0.1734112542378086,-0.2096516176269198,0.0980319292850622
1765625735.4230144,384.8699951171875,399.2900085449219,338.4700012207031,210.94000244140625,127.70999908447266,116.0999984741211,545.1900024414062,533.6699829101562,344.3599853515625,300.1499938964844,0,-0.1483169719965396,-0.1355718084515891,0.7071040715339045,-0.9446236280308352,-0.1809271417162518,-0.2326501389279109,0.1443103725068752
1765625735.4648223,384.8699951171875,399.2900085449219,338.4700012207031,210.94000244140625,127.70999908447266,116.0999984741211,545.1900024414062,533.6699829101562,344.3599853515625,300.1499938964844,0,-0.1454263643439036,-0.1326910304174886,0.6933736087849377,-0.939315745966996,-0.17293600384069,-0.2679216534981399,0.1264794668746741
1765625735.55193,384.8699951171875,399.2900085449219,338.4700012207031,210.94000244140625,127.70999908447266,116.0999984741211,545.1900024414062,533.6699829101562,344.3599853515625,300.1499938964844,0,-0.150746170362732,-0.1370497553062908,0.7174360275291115,-0.9571882861719316,-0.1733504403207124,-0.2104644655101918,0.0971849701001391
1765625735.621698,384.8699951171875,399.2900085449219,338.4700012207031,210.94000244140625,127.70999908447266,116.0999984741211,545.1900024414062,533.6699829101562,344.3599853515625,300.1499938964844,0,-0.1466058448299523,-0.1336277048884338,0.698653969694305,0.9823410468725268,0.1849545556161463,-0.0272620224136386,0.0073933835380097
1765625735.7190905,384.8699951171875,399.2900085449219,338.4700012207031,210.94000244140625,127.70999908447266,116.0199966430664,545.1900024414062,533.6699829101562,344.3599853515625,300.1499938964844,0,-0.1489628389715577,-0.1360454135032741,0.7099347904128683,0.9827929695910282,0.1821662526675015,0.0044731441972483,0.0302229431478637
1765625735.842583,384.8699951171875,399.2900085449219,338.4700012207031,210.94000244140625,127.70999908447266,116.0199966430664,545.1900024414062,533.6699829101562,344.3599853515625,300.1499938964844,0,-0.1454263643439036,-0.1326910304174886,0.6933736087849377,-0.939315745966996,-0.17293600384069,-0.2679216534981399,0.1264794668746741
1765625736.3327706,384.8699951171875,399.2900085449219,338.4700012207031,210.94000244140625,127.70999908447266,116.0999984741211,545.1900024414062,533.6699829101562,344.3599853515625,300.1499938964844,0,-0.1483170380977618,-0.1350629950302816,0.7071044502979152,-0.9447449499995624,-0.180950543384934,-0.2325476693856306,0.1436504847271071
1765625736.6533315,387.25,399.2900085449219,340.75,210.94000244140625,130.0800018310547,116.0199966430664,545.1900024414062,533.5800170898438,344.3599853515625,300.1499938964844,0,-0.1480353566154286,-0.1348051604308751,0.7048438897583035,-0.9815702668828518,-0.1867218369947127,0.0368788041827452,0.0171674273814625
1765625736.743876,387.25,399.2900085449219,340.75,210.94000244140625,130.0800018310547,116.0199966430664,545.1900024414062,533.5800170898438,344.3599853515625,300.1499938964844,0,-0.1509104444275707,-0.1369185880730555,0.7188428426795583,-0.9453423226263052,-0.1775913663684714,-0.2320205165298191,0.1447607666189913
1765625736.8477137,387.25,399.2900085449219,340.75,210.94000244140625,130.0800018310547,116.0199966430664,545.1900024414062,533.5800170898438,344.3599853515625,300.1499938964844,0,-0.148459841878888,-0.1333756925572894,0.7035859707789215,-0.9364841976276664,-0.1822865156153899,-0.2606284956422745,0.147789583793009
1765625736.9006488,389.6199951171875,399.2900085449219,343.2099914550781,210.94000244140625,130.1699981689453,116.0999984741211,545.1900024414062,533.1400146484375,344.3599853515625,300.1499938964844,0,-0.1496862884343399,-0.1336309449470594,0.706970550822161,-0.9333170943338738,-0.1834357257556112,-0.2552915277069337,0.1734842120244583
1765625737.0982554,391.8999938964844,401.3999938964844,345.5899963378906,210.94000244140625,130.25,118.3000030517578,545.1900024414062,532.7100219726562,344.3599853515625,300.1499938964844,0,-0.1561160776226298,-0.1332987387187152,0.7154145790262073,-0.9388116294737132,-0.1902168446965862,-0.23463344960157,0.1655216622882141
1765625737.2933302,391.8200073242188,403.510009765625,347.8699951171875,210.94000244140625,130.25,120.66999816894533,545.1900024414062,532.6199951171875,344.3599853515625,300.1499938964844,0,-0.1563924425703357,-0.1298293983804819,0.7022340225180003,-0.9337693575326386,-0.175667674994135,-0.262252120056877,0.1686400913807619
1765625737.492067,391.7300109863281,405.4400024414063,350.07000732421875,213.0500030517578,130.25,122.95999908447266,545.1900024414062,532.3499755859375,344.3599853515625,300.1499938964844,0,-0.1556363298729759,-0.127570927030561,0.6985375640677282,0.9824210428687656,0.1845893319437883,-0.026539831645296,0.0084445483853443
1765625737.6969447,394.1000061035156,405.4400024414063,352.17999267578125,215.3300018310547,132.6300048828125,125.41999816894533,545.1900024414062,532.0900268554688,344.3599853515625,300.1499938964844,0,-0.158790155813298,-0.1253719278607675,0.7191174120448267,0.9828688931741372,0.1843051548245334,0.0003876414428188,0.0004454995655055
1765625737.7862074,394.1000061035156,405.4400024414063,352.17999267578125,215.3300018310547,132.6300048828125,125.41999816894533,545.1900024414062,532.0900268554688,344.3599853515625,300.1499938964844,0,-0.1527166747013727,-0.1170707489389387,0.6924818563219786,-0.9394885567926552,-0.1735841460743657,-0.2755534587397707,0.1063018685811144
1765625737.8654284,394.1000061035156,405.4400024414063,354.4599914550781,217.44000244140625,135.08999633789062,127.79000091552734,545.1900024414062,532.0,344.3599853515625,300.1499938964844,0,-0.1559898797132125,-0.11876197554069,0.705533423578169,-0.9446523051596368,-0.175135164596827,-0.2315182778156319,0.152836460033301
1765625738.058374,394.1000061035156,405.4400024414063,356.8399963378906,219.3699951171875,137.5500030517578,130.1699981689453,545.1900024414062,531.8300170898438,344.3599853515625,300.1499938964844,0,-0.1550293680327631,-0.1165894601449265,0.7020857066658652,-0.983669817804053,-0.1799782975763077,-0.0005620626523889,0.0010890493330843
1765625738.3289716,394.1000061035156,405.4400024414063,357.1000061035156,219.72999572753903,137.72000122070312,130.42999267578125,545.1900024414062,531.8300170898438,344.3599853515625,300.1499938964844,0,-0.1517466981734138,-0.1121712543886708,0.6914965768320822,-0.9268179977253116,-0.1680493444681964,-0.312893996189561,0.1219227791053849
1765625738.3671174,394.1000061035156,405.4400024414063,357.1000061035156,219.72999572753903,137.72000122070312,130.42999267578125,545.1900024414062,531.8300170898438,344.3599853515625,300.0599975585937,0,-0.1556514001006944,-0.1153566429335445,0.7103594415201735,-0.944152645668545,-0.1834404869568325,-0.2298638618032824,0.1486202356982684
1765625738.8895538,394.1000061035156,405.4400024414063,357.1000061035156,219.72999572753903,137.72000122070312,130.42999267578125,545.1900024414062,531.739990234375,344.3599853515625,300.1499938964844,0,-0.1526228047059536,-0.1137272051355086,0.6949049881333714,-0.934288206333474,-0.1652667380845521,-0.294563752722542,0.114125581580491
1765625739.0556762,394.1000061035156,405.4400024414063,357.1000061035156,219.72999572753903,137.72000122070312,130.42999267578125,545.1900024414062,531.739990234375,344.3599853515625,300.1499938964844,0,-0.1557070216532282,-0.1151862318187562,0.7054027293766568,-0.9455838358776238,-0.1753685110564214,-0.230336755409958,0.1485330729636539
1765625739.9962847,394.1000061035156,405.4400024414063,357.1000061035156,219.72999572753903,137.80999755859375,130.42999267578125,545.1900024414062,531.739990234375,344.3599853515625,300.1499938964844,0,-0.1528073787145259,-0.1134854206718386,0.6934432440364713,-0.9414558920921264,-0.1678205941019055,-0.2630439109081978,0.127690846870175
1765625740.0951643,394.1000061035156,405.4400024414063,357.1000061035156,219.72999572753903,137.72000122070312,130.42999267578125,545.1900024414062,531.739990234375,344.3599853515625,300.1499938964844,0,-0.157855573248545,-0.1172346564579211,0.7163340421390272,-0.9424908166944924,-0.1604568878887248,-0.2629923510052789,0.1296135443861102
1765625740.4520814,394.1000061035156,405.4400024414063,357.1000061035156,219.72999572753903,137.72000122070312,130.42999267578125,545.1900024414062,531.739990234375,344.3599853515625,300.1499938964844,0,-0.1543183903813082,-0.1146659376474128,0.7010936084046627,0.9827571322460829,0.176764344686078,-0.0509428509059236,0.0186443398578113
1765625740.883923,394.1000061035156,405.4400024414063,357.1000061035156,219.72999572753903,137.72000122070312,130.42999267578125,545.1900024414062,531.6500244140625,348.75,300.1499938964844,0,-0.1554792923200638,-0.1153105213724301,0.706151379722023,-0.932374605627109,-0.1743054655553028,-0.2868631309204738,0.1341817557559341
1765625741.0906658,394.1000061035156,405.4400024414063,357.1000061035156,219.72999572753903,137.72000122070312,130.42999267578125,545.1900024414062,531.6500244140625,360.0899963378906,300.1499938964844,0,-0.1543100906141044,-0.1174804646930019,0.7054537110123689,-0.9316876508439826,-0.1744247816418515,-0.2860594569317072,0.1403713073029895
1765625741.2023568,394.1000061035156,405.4400024414063,357.1000061035156,219.72999572753903,137.72000122070312,130.42999267578125,545.1900024414062,531.6500244140625,360.0899963378906,300.1499938964844,0,-0.1553418328715139,-0.1222646707039676,0.7148520162790578,-0.9381953714969334,-0.1798301753907223,-0.2636755648552231,0.1338870771170693
1765625741.3010263,394.1000061035156,405.4400024414063,357.1000061035156,219.72999572753903,137.72000122070312,130.42999267578125,545.1900024414062,531.6500244140625,373.1799926757813,300.1499938964844,0,-0.1533137203460382,-0.1253018961098858,0.7102338535846964,-0.9291347786908516,-0.1744754482184319,-0.2786967135440678,0.1691006293773492
1765625741.421512,394.1000061035156,405.4400024414063,357.1000061035156,219.72999572753903,137.72000122070312,130.42999267578125,545.1900024414062,531.6500244140625,373.1799926757813,300.1499938964844,0,-0.1518414389288629,-0.1372286377273053,0.7164752608846615,-0.9380419153973192,-0.189783285727964,-0.2046213240105879,0.2054015169763385
1765625741.5216556,394.1000061035156,405.4400024414063,357.1000061035156,219.72999572753903,137.72000122070312,130.42999267578125,545.1900024414062,531.6500244140625,386.5400085449219,300.1499938964844,0,-0.1473804242897896,-0.1391245557333621,0.7038782802029931,-0.9253123008441352,-0.1842918517340679,-0.27703030601754,0.1819007114851103
1765625741.7250686,394.1000061035156,405.4400024414063,357.1000061035156,219.72999572753903,137.72000122070312,130.42999267578125,545.1900024414062,531.6500244140625,399.7300109863281,300.1499938964844,0,-0.1443627318402452,-0.1469830255703317,0.7021128525029076,-0.924213783842219,-0.1937092810538408,-0.2525993413865606,0.2109482612413015
1765625741.8552823,394.1000061035156,405.4400024414063,357.1000061035156,219.72999572753903,137.72000122070312,130.42999267578125,545.1900024414062,531.6500244140625,413.0899963378906,300.1499938964844,0,-0.1416856848228772,-0.151456525682049,0.6982812867098325,-0.9159461283612196,-0.194471965817545,-0.2737191648696601,0.2197752561918832
1765625742.021515,394.1000061035156,405.4400024414063,357.1000061035156,219.72999572753903,137.72000122070312,130.42999267578125,545.1900024414062,531.6500244140625,413.0899963378906,300.1499938964844,0,-0.1371996853021461,-0.1620542854220995,0.6952619921396764,-0.90677073970852,-0.2019168247027298,-0.2536094151259449,0.2695898478613517
1765625742.32433,394.1000061035156,405.4400024414063,357.1000061035156,219.72999572753903,137.72000122070312,130.42999267578125,545.1900024414062,531.6500244140625,428.9100036621094,300.1499938964844,0,-0.1332111439226994,-0.1700716493694644,0.6892846252210129,0.9733621761499316,0.2010633191471025,-0.0117964552280464,0.1095466082463192
1765625742.4030056,394.1000061035156,405.4400024414063,357.1000061035156,219.72999572753903,137.72000122070312,130.42999267578125,545.1900024414062,531.6500244140625,428.9100036621094,300.1499938964844,0,-0.1315270785763058,-0.1652876794739137,0.6782718248254223,-0.8922630737934826,-0.2126161448761575,-0.2572404168118652,0.3041189734973222
1765625742.8343213,396.3900146484375,407.4599914550781,359.29998779296875,219.72999572753903,137.72000122070312,130.42999267578125,545.1900024414062,531.469970703125,428.8200073242188,300.1499938964844,0,-0.1384092498500388,-0.1613807045302298,0.6767221685761733,-0.892737527069454,-0.2159204092931744,-0.2786482705445927,0.2806300517319761
1765625742.9029348,398.760009765625,409.75,361.6700134277344,219.72999572753903,137.72000122070312,130.42999267578125,545.1900024414062,531.2100219726562,428.8200073242188,300.1499938964844,0,-0.1416439920090976,-0.1624986623956065,0.6834781393600159,-0.8939452593026065,-0.2202295355349035,-0.2494853279958847,0.3001964292979882
1765625743.0600357,401.1300048828125,411.8599853515625,363.9599914550781,219.72999572753903,137.72000122070312,130.42999267578125,545.1900024414062,530.9500122070312,428.8200073242188,300.1499938964844,0,-0.1431946812769115,-0.1607464496463625,0.6791850717232554,-0.8976238002795078,-0.214965111233764,-0.2650362981614516,0.2789574784459167
1765625743.2935348,401.1300048828125,413.8800048828125,363.9599914550781,219.72999572753903,137.72000122070312,130.42999267578125,545.1900024414062,530.8599853515625,428.8200073242188,300.1499938964844,0,-0.1421494115032866,-0.159036808700288,0.6724910663079919,-0.8934204441904726,-0.2232011733650333,-0.2525396550577667,0.2969930449257607
1765625743.5942647,401.1300048828125,414.2300109863281,364.0400085449219,219.72999572753903,137.72000122070312,130.42999267578125,545.1900024414062,530.8599853515625,428.8200073242188,300.1499938964844,0,-0.1447004101525108,-0.1615736110332567,0.6837704964873239,0.9712960547946182,0.2106864477729131,-0.0064307474274611,0.110244456335754
1765625744.2777464,401.1300048828125,414.2300109863281,364.0400085449219,219.72999572753903,137.72000122070312,130.42999267578125,545.1900024414062,530.8599853515625,428.8200073242188,300.1499938964844,0,-0.142153427476552,-0.1585572473232167,0.6725100530331647,-0.8935988942273935,-0.2232646530121419,-0.2523846539042355,0.2965398749318326
1765625744.4708204,401.1300048828125,414.2300109863281,364.0400085449219,219.72999572753903,137.72000122070312,130.42999267578125,545.1900024414062,530.8599853515625,428.8200073242188,300.1499938964844,0,-0.1443452121758393,-0.161022793926455,0.6834599783343422,-0.9055878756058016,-0.2224790776725005,-0.2469378696018023,0.2635058787015727
1765625745.1350875,401.1300048828125,414.2300109863281,363.9599914550781,219.72999572753903,137.72000122070312,130.42999267578125,545.1900024414062,530.8599853515625,428.8200073242188,300.1499938964844,0,-0.1415960846237373,-0.1581021867354049,0.6710680715680246,-0.8948144879728779,-0.2105524355226655,-0.2971708980251237,0.2581940382275542
1765625748.2351608,401.1300048828125,414.2300109863281,364.0400085449219,219.72999572753903,137.72000122070312,130.42999267578125,545.1900024414062,530.8599853515625,428.8200073242188,300.1499938964844,0,-0.1341369692449641,-0.1489645194409639,0.6322530892389199,0.9621475683220808,0.2081066233611743,-0.0218164267987479,0.174607369852627
1765625748.3037372,401.1300048828125,414.2300109863281,364.0400085449219,219.72999572753903,137.72000122070312,130.42999267578125,545.1900024414062,530.8599853515625,428.8200073242188,300.1499938964844,0,-0.1429657548367751,-0.1590939583539244,0.6763344696560685,-0.8951965477935474,-0.2297485751106099,-0.2366873165726541,0.2996962582796051
1765625750.7077088,401.1300048828125,414.2300109863281,364.0400085449219,219.72999572753903,137.72000122070312,130.42999267578125,546.4199829101562,530.77001953125,428.8200073242188,300.1499938964844,0,-0.1433872165627002,-0.1593415180667461,0.6789356888655165,-0.8919029699914254,-0.2142530714538866,-0.2673701801180312,0.2951574160963975
1765625750.8762555,401.1300048828125,414.2300109863281,364.0400085449219,219.72999572753903,137.72000122070312,130.42999267578125,556.3499755859375,530.77001953125,428.9100036621094,300.1499938964844,0,-0.1423749346653982,-0.1612569092441254,0.6787704077241613,-0.8913658783193532,-0.2139204017676297,-0.2669830405298923,0.2973633950992585
1765625750.914917,401.1300048828125,414.2300109863281,364.0400085449219,219.72999572753903,137.72000122070312,130.42999267578125,556.3499755859375,530.77001953125,428.9100036621094,300.1499938964844,0,-0.1442649776053258,-0.1651909494763759,0.6895572015623233,-0.9025130888281164,-0.2126121890321181,-0.2635692670412916,0.2660778514649796
1765625751.2002344,401.1300048828125,414.2300109863281,364.0400085449219,219.72999572753903,137.72000122070312,130.42999267578125,569.8800048828125,530.77001953125,428.8200073242188,300.1499938964844,0,-0.1351121336230475,-0.1800921213052717,0.6834750282522722,-0.893188912890962,-0.2130522812094438,-0.2949631262711035,0.2642329379553021
1765625751.2850492,401.1300048828125,414.2300109863281,364.0400085449219,219.72999572753903,137.72000122070312,130.42999267578125,582.7100219726562,530.77001953125,428.8200073242188,300.1499938964844,0,-0.1341971556323491,-0.1834943283507428,0.6856400162083474,-0.894575992442767,-0.2250202371568068,-0.2293586479183521,0.3106353122875733
1765625751.50733,401.1300048828125,414.2300109863281,364.0400085449219,219.72999572753903,137.72000122070312,130.42999267578125,595.5499877929688,530.77001953125,428.8200073242188,300.1499938964844,0,-0.1300594093395231,-0.1909353298421796,0.6879707201565937,-0.8997607448075754,-0.2188247530761587,-0.2757370336573845,0.2579058312917758
1765625751.6789958,401.1300048828125,416.1600036621094,366.1499938964844,219.72999572753903,140.27000427246094,130.42999267578125,601.7000122070312,530.5999755859375,428.8200073242188,300.1499938964844,0,-0.126436628387761,-0.1984348888150156,0.6925296296048581,-0.9075708560669894,-0.225520744271573,-0.2548743095950499,0.2459565437825845
1765625752.0008965,401.1300048828125,418.1799926757813,366.1499938964844,219.72999572753903,142.55999755859375,130.42999267578125,600.469970703125,530.510009765625,428.8200073242188,300.1499938964844,0,-0.1299608478661093,-0.1913327981085885,0.688065786453138,-0.9060172375960116,-0.235742361732587,-0.2387372201755968,0.2579977592276007
1765625752.2382724,403.4200134277344,420.3800048828125,368.3500061035156,219.72999572753903,144.92999267578125,130.42999267578125,600.1199951171875,530.4199829101562,428.8200073242188,300.1499938964844,0,-0.1332644616363462,-0.1884801383458547,0.6884980124873847,-0.9068040104831128,-0.2360666152143858,-0.2409388044567754,0.2528389452989906
1765625752.4039898,405.8800048828125,422.5799865722656,370.7200012207031,219.72999572753903,144.83999633789062,130.42999267578125,599.9400024414062,530.4199829101562,428.8200073242188,300.1499938964844,0,-0.1336145025854276,-0.1874812924721086,0.6839633436433425,-0.897556723141254,-0.2283569013099159,-0.2622706061733397,0.2710335468268392
1765625752.531211,405.9700012207031,424.6000061035156,370.7200012207031,219.72999572753903,144.75999450683594,130.52000427246094,599.5900268554688,530.4199829101562,428.8200073242188,300.1499938964844,0,-0.1338291038696502,-0.1862376367537815,0.6825544849655248,-0.9028693617993674,-0.2288288292240286,-0.2627109558010049,0.2518873481183326
1765625754.28186,405.9700012207031,425.0400085449219,370.7200012207031,219.72999572753903,144.75999450683594,130.42999267578125,607.5900268554688,530.4199829101562,428.8200073242188,300.1499938964844,0,-0.1327496550465874,-0.1860812904455029,0.6801887832712563,-0.897399038840192,-0.2294630552297488,-0.2812177221566513,0.2508749969972161
1765625754.450031,405.9700012207031,425.0400085449219,370.7200012207031,219.72999572753903,144.75999450683594,130.42999267578125,607.5900268554688,530.4199829101562,428.8200073242188,300.1499938964844,0,-0.1314484800212252,-0.1943064756710533,0.6880736567853714,-0.9046840883743174,-0.2354009466645315,-0.2413201034926851,0.2605718753090067
1765625754.4901042,405.9700012207031,425.0400085449219,370.7200012207031,219.72999572753903,144.75999450683594,130.42999267578125,620.510009765625,530.4199829101562,428.8200073242188,300.1499938964844,0,-0.1309214344836195,-0.1970473948109269,0.6911720215357662,-0.9019444975468152,-0.243038620440624,-0.2422909090192077,0.2621516120987767
1765625754.6672006,405.9700012207031,425.0400085449219,370.7200012207031,219.72999572753903,147.1300048828125,130.42999267578125,627.010009765625,530.4199829101562,428.8200073242188,300.1499938964844,0,-0.1264413029000537,-0.2060216875384808,0.6943015156127644,0.967228899022788,0.2527805544097724,-0.0238269502707938,0.0015889141722534
1765625754.7518623,405.9700012207031,425.0400085449219,370.7200012207031,219.72999572753903,147.1300048828125,130.42999267578125,627.010009765625,530.4199829101562,428.8200073242188,300.1499938964844,0,-0.1197369341547993,-0.2067225148933679,0.6792480914048724,-0.8984478345559418,-0.2436162527846505,-0.2365122089972077,0.2783964528440791
1765625754.8117332,405.9700012207031,425.0400085449219,370.7200012207031,219.72999572753903,147.1300048828125,130.42999267578125,627.010009765625,530.4199829101562,428.8200073242188,300.1499938964844,0,-0.1216228754697575,-0.2090252479369498,0.689242195220281,-0.9046767561524508,-0.2421397700866089,-0.2350566318831868,0.2601474167229325
1765625754.8635137,405.9700012207031,425.0400085449219,370.7200012207031,219.72999572753903,149.58999633789062,130.42999267578125,626.0399780273438,530.4199829101562,428.9100036621094,300.1499938964844,0,-0.1226231322223759,-0.208423394324592,0.6913570218843657,-0.9101733362605512,-0.2424635786096366,-0.2113795709955396,0.2609877161360048
1765625755.0764976,405.9700012207031,427.05999755859375,373.010009765625,219.72999572753903,149.67999267578125,130.52000427246094,625.4299926757812,530.4199829101562,428.8200073242188,300.1499938964844,0,-0.1254335993304839,-0.2020104703704021,0.694258582264438,0.9672312359892308,0.2527389419049334,-0.0241597528977419,0.0017520591998881
1765625755.1177156,405.9700012207031,427.05999755859375,373.010009765625,219.72999572753903,149.67999267578125,130.52000427246094,625.4299926757812,530.4199829101562,428.8200073242188,300.1499938964844,0,-0.1228462349056459,-0.1966142306163807,0.678927923447788,-0.9032573276693788,-0.2354333845255251,-0.2795225567132487,0.2248654303153717
1765625755.6438153,408.0799865722656,431.2799987792969,375.2900085449219,219.72999572753903,149.67999267578125,130.42999267578125,625.1699829101562,530.4199829101562,428.8200073242188,300.1499938964844,0,-0.1302997994086003,-0.1987294636860559,0.6905225153415615,-0.9078368282164784,-0.2430932210468391,-0.241250167204365,0.241942836303915
1765625755.798548,408.0799865722656,431.6300048828125,375.2900085449219,219.72999572753903,149.77000427246094,130.42999267578125,625.1699829101562,530.4199829101562,428.8200073242188,300.1499938964844,0,-0.127210845993262,-0.1950956633305576,0.67874436771937,-0.9024884914491228,-0.2354506111045136,-0.2843660137049696,0.2218411656612522
1765625757.1311996,408.0799865722656,431.6300048828125,375.2900085449219,219.72999572753903,149.67999267578125,130.42999267578125,625.1699829101562,530.4199829101562,428.8200073242188,300.1499938964844,0,-0.1296362251763232,-0.1982257945452678,0.6896372288454603,-0.9072192827861468,-0.2431556281243571,-0.2411611349231378,0.2442740683229038
1765625757.2729323,408.0799865722656,431.6300048828125,375.2900085449219,219.72999572753903,149.77000427246094,130.42999267578125,625.1699829101562,530.4199829101562,428.8200073242188,300.1499938964844,0,-0.1276832749824658,-0.1946230273187783,0.6779709502704422,-0.8966116333074255,-0.2453996860562039,-0.2623616865740341,0.2589071619699531
1765625757.375109,408.0799865722656,431.6300048828125,375.2900085449219,219.72999572753903,149.77000427246094,130.42999267578125,625.1699829101562,530.4199829101562,428.8200073242188,300.1499938964844,0,-0.1298012794118406,-0.1982303414545185,0.690515173153359,-0.9081083866981136,-0.2431608835515709,-0.2405130963443885,0.2415893068945803
1765625758.2090013,408.0799865722656,431.6300048828125,375.2900085449219,219.72999572753903,149.67999267578125,130.42999267578125,625.1699829101562,536.0399780273438,428.8200073242188,300.1499938964844,0,-0.1276636068949432,-0.1983236533091286,0.6844115666750238,-0.903775854042247,-0.2353614704240064,-0.2604698236168645,0.2448461861558316
1765625758.3461804,408.0799865722656,431.6300048828125,375.2900085449219,219.72999572753903,149.67999267578125,130.42999267578125,625.1699829101562,547.3800048828125,428.8200073242188,300.1499938964844,0,-0.1250741754380401,-0.2082771705483456,0.6946007505804223,-0.9081107662343212,-0.2503604688212422,-0.2150379923678313,0.2577074576711633
1765625758.4887378,408.0799865722656,431.6300048828125,375.2900085449219,219.72999572753903,149.67999267578125,130.42999267578125,625.1699829101562,560.6500244140625,428.8200073242188,300.1499938964844,0,-0.1205299304311535,-0.2126992217272739,0.6886769867845949,-0.910326947788216,-0.2419418471992199,-0.2342045987391971,0.2406599190430998
1765625758.8141396,408.0799865722656,431.6300048828125,375.2900085449219,219.72999572753903,149.77000427246094,130.42999267578125,625.1699829101562,573.3099975585938,428.9100036621094,300.1499938964844,0,-0.1103938704974783,-0.2229145650281981,0.6805046396637575,-0.9117595009250308,-0.2393585099312762,-0.2571765049542459,0.2127495276044977
1765625758.861567,410.3599853515625,431.6300048828125,375.2900085449219,219.72999572753903,149.77000427246094,130.42999267578125,625.1699829101562,579.9000244140625,428.8200073242188,300.1499938964844,0,-0.1091332954395789,-0.2230642726973458,0.6765102895878136,-0.9040558987317212,-0.239109688261396,-0.2786527849412961,0.218774117281678
1765625759.0737169,410.2699890136719,431.6300048828125,377.489990234375,219.72999572753903,149.77000427246094,130.42999267578125,625.1699829101562,577.6199951171875,428.8200073242188,300.1499938964844,0,-0.1116009224367013,-0.2270333234013325,0.6840661074297819,-0.9134100346215492,-0.2591549732695388,-0.2056488959353382,0.2371272655830651
1765625759.3812337,410.2699890136719,431.6300048828125,379.7799987792969,219.72999572753903,149.77000427246094,130.42999267578125,625.1699829101562,577.530029296875,428.8200073242188,300.1499938964844,0,-0.1136571089515431,-0.2198161434258428,0.6751412893277758,-0.9040747354697232,-0.2497273802552867,-0.2597886992302913,0.2297714951607676
1765625759.4754758,412.4700012207031,433.4800109863281,381.9700012207031,219.72999572753903,149.77000427246094,130.42999267578125,625.1699829101562,577.4400024414062,428.8200073242188,300.0599975585937,0,-0.1141422113839007,-0.2203001596165704,0.6751354903406535,-0.9037804145122948,-0.249646778410579,-0.2604892285937214,0.2302233918607139
1765625760.110538,414.8399963378906,435.5,381.9700012207031,219.72999572753903,149.77000427246094,130.52000427246094,625.1699829101562,577.0900268554688,428.8200073242188,300.1499938964844,0,-0.1168064276991962,-0.2183400784649598,0.6750840112028624,-0.903911393503393,-0.2496238473559044,-0.2633162724726186,0.2264876777599966
1765625760.684468,414.760009765625,435.5,381.9700012207031,219.72999572753903,149.77000427246094,130.42999267578125,625.1699829101562,578.4099731445312,428.9100036621094,300.1499938964844,0,-0.1175518460506592,-0.2194979102500109,0.678658234102676,-0.9105767282026364,-0.2501987004799853,-0.2393340504734175,0.2257650208023734
1765625760.8234086,414.760009765625,435.5,381.9700012207031,219.72999572753903,149.77000427246094,130.42999267578125,625.1699829101562,578.4099731445312,428.9100036621094,300.1499938964844,0,-0.1156857640094758,-0.2157060380236031,0.6665686446581536,-0.8997456045036056,-0.2483893034762369,-0.2908171647570495,0.2102046093160237
1765625760.8643568,414.760009765625,435.5,381.9700012207031,219.72999572753903,149.77000427246094,130.42999267578125,625.1699829101562,586.760009765625,428.9100036621094,300.1499938964844,0,-0.117429153607604,-0.2195117861751701,0.6779491963377363,-0.9097331204675724,-0.2502777838589694,-0.2395920237419338,0.2287844894004418
1765625760.9045398,414.760009765625,435.5,381.9700012207031,219.72999572753903,149.77000427246094,130.42999267578125,625.1699829101562,586.760009765625,428.9100036621094,300.1499938964844,0,-0.1155001131035457,-0.2162871189733906,0.6668811750065058,-0.89970626714988,-0.2483691418230631,-0.2902959115878571,0.211115338042216
1765625760.9466765,414.760009765625,435.5,381.9700012207031,219.72999572753903,149.77000427246094,130.42999267578125,625.1699829101562,586.760009765625,428.9100036621094,300.1499938964844,0,-0.1175235425701502,-0.2231206421622923,0.6841442579050363,-0.913985775541575,-0.2589217512508291,-0.2127727217540964,0.2287297482056573
1765625761.037336,414.760009765625,435.5,381.9700012207031,219.72999572753903,149.77000427246094,130.42999267578125,625.1699829101562,586.760009765625,428.9100036621094,300.1499938964844,0,-0.117588758052492,-0.228835550724218,0.6939838203484063,-0.921235193816492,-0.2560986290770194,-0.2121961644094684,0.201772142945134
1765625761.081564,414.760009765625,435.5,384.0799865722656,219.72999572753903,149.77000427246094,130.52000427246094,625.1699829101562,593.0,428.9100036621094,300.1499938964844,0,-0.1131664855776443,-0.2320621502819416,0.6861676190357278,-0.9166747355954792,-0.252106013292911,-0.248341598996398,0.1856783169635733
1765625761.18577,414.760009765625,435.5,384.0799865722656,219.72999572753903,149.77000427246094,130.52000427246094,625.1699829101562,593.0,428.9100036621094,300.1499938964844,0,-0.1082997993418416,-0.2276476296192618,0.6639610619132839,-0.9014262368360284,-0.2460767232544333,-0.2897179506108908,0.2072208843476525
1765625761.241907,414.760009765625,435.5,384.0799865722656,219.72999572753903,149.77000427246094,130.52000427246094,625.1699829101562,593.0,428.9100036621094,300.1499938964844,0,-0.1116637887896377,-0.2311859988786027,0.679260936812082,-0.9115435986961504,-0.256146849550438,-0.2396204629121499,0.2146138227030675
1765625761.3744469,414.760009765625,435.5,384.5199890136719,219.72999572753903,149.77000427246094,130.42999267578125,625.1699829101562,586.4099731445312,428.9100036621094,300.1499938964844,0,-0.1153012568255234,-0.2226392869462631,0.6779893138559807,-0.9557425962316284,-0.2840713591365617,0.0374986435872361,0.0667338324678755
1765625761.689215,414.760009765625,435.4100036621094,384.4299926757813,219.72999572753903,152.0500030517578,130.52000427246094,625.1699829101562,586.22998046875,428.9100036621094,300.1499938964844,0,-0.1141645154911526,-0.2239571040762168,0.6788505730897949,-0.909790555891584,-0.2501117799832951,-0.2356124069721136,0.2328347817764305
1765625761.8899174,414.760009765625,435.5,384.4299926757813,219.72999572753903,152.30999755859375,130.52000427246094,625.1699829101562,586.22998046875,428.8200073242188,300.1499938964844,0,-0.1131629433286751,-0.2188090256492393,0.6672534171379372,-0.8997921438221871,-0.2483025049523788,-0.2875303302078293,0.2145839536424454
1765625762.347768,414.760009765625,435.5,384.4299926757813,219.72999572753903,152.30999755859375,130.52000427246094,625.1699829101562,586.22998046875,428.9100036621094,300.1499938964844,0,-0.1151792572143625,-0.2220951584731784,0.6783710266042149,-0.9132142476645162,-0.2563060601931506,-0.2440947887095526,0.2019026386544654
1765625762.6506405,414.760009765625,435.5,384.4299926757813,219.72999572753903,152.30999755859375,130.52000427246094,625.1699829101562,586.22998046875,428.9100036621094,300.1499938964844,0,-0.1124275098735241,-0.2181731606350707,0.666419251363091,-0.9007985657868508,-0.258861153165756,-0.2626769126478029,0.2292459090580816
1765625762.794953,414.760009765625,435.5,384.4299926757813,219.72999572753903,152.30999755859375,130.52000427246094,625.1699829101562,586.1400146484375,428.8200073242188,300.1499938964844,0,-0.1155500386256553,-0.224098403495924,0.6841232796585207,-0.9139407837914646,-0.2590340960103259,-0.2102776574332683,0.2310776657557665
1765625762.8397677,414.760009765625,435.5,384.4299926757813,219.72999572753903,152.30999755859375,130.52000427246094,625.1699829101562,586.1400146484375,428.8200073242188,300.1499938964844,0,-0.1133219367358394,-0.2202809939153164,0.671733112021941,-0.9078336780329372,-0.2483494407813443,-0.2652865033074602,0.2092454048615741
1765625762.885027,414.760009765625,435.5,384.4299926757813,219.72999572753903,152.30999755859375,130.52000427246094,625.1699829101562,586.1400146484375,428.8200073242188,300.1499938964844,0,-0.1115918564293831,-0.2168142649621355,0.6608157170966739,-0.8951197970599835,-0.2411436592303105,-0.3036686217013802,0.2199901195924354
1765625762.9342136,414.760009765625,435.5,384.4299926757813,219.72999572753903,152.30999755859375,130.52000427246094,625.1699829101562,586.1400146484375,428.8200073242188,300.1499938964844,0,-0.1142242641528786,-0.2219919972256628,0.6760116638575198,-0.9600703107258282,-0.2751439928673729,0.0039342705138492,0.0504509976842352
1765625764.2171855,414.760009765625,435.5,384.4299926757813,219.72999572753903,152.30999755859375,130.52000427246094,625.1699829101562,586.1400146484375,428.8200073242188,300.1499938964844,0,-0.1118712487635603,-0.2171246045098958,0.662472568611275,-0.902675164420707,-0.2466087498913327,-0.2943199891257523,0.1942612056384413
1765625764.2805953,414.760009765625,435.4100036621094,384.4299926757813,219.72999572753903,152.30999755859375,130.52000427246094,625.1699829101562,586.1400146484375,428.8200073242188,300.1499938964844,0,-0.1139342242576897,-0.2213399228291552,0.6753424275120922,-0.903731661822931,-0.2495494802247866,-0.2600360219478967,0.2310311832368425
1765625764.6794271,414.760009765625,435.4100036621094,384.4299926757813,219.72999572753903,152.13999938964844,130.52000427246094,625.1699829101562,590.5399780273438,428.8200073242188,300.1499938964844,0,-0.1146457681945604,-0.2224771497780152,0.6788069957394421,-0.910213836834827,-0.2501980324067556,-0.2359621137401092,0.2307240704684076
1765625765.0321364,414.760009765625,435.4100036621094,384.3500061035156,219.72999572753903,152.22999572753906,130.52000427246094,625.1699829101562,600.3800048828125,428.9100036621094,300.1499938964844,0,-0.108581412963031,-0.2365523242297827,0.685781543556636,-0.9572193544883828,-0.2828409904272134,-0.0288434818534387,0.053852902257605
1765625765.086702,414.760009765625,435.4100036621094,384.3500061035156,219.72999572753903,152.22999572753906,130.52000427246094,625.1699829101562,613.0399780273438,428.9100036621094,300.1499938964844,0,-0.1049874258848609,-0.238745892096354,0.6807735384912631,-0.9558522957189846,-0.2837586519665304,0.0321806831666995,0.0692229718649022
1765625765.1817322,414.760009765625,435.4100036621094,384.3500061035156,219.72999572753903,152.22999572753906,130.52000427246094,625.1699829101562,613.0399780273438,428.9100036621094,300.1499938964844,0,-0.1015657737684441,-0.2404166059292103,0.6763556961343657,-0.903140315253364,-0.2553829088099394,-0.2531561769256626,0.2345828018764611
1765625765.270476,414.760009765625,435.4100036621094,384.3500061035156,219.72999572753903,152.22999572753906,130.52000427246094,625.1699829101562,626.0399780273438,428.9100036621094,300.1499938964844,0,-0.0968957411388858,-0.2384036530309108,0.6619883668456268,-0.8947144752330914,-0.2459468564617389,-0.2951444823593936,0.2277847364020871
1765625765.925487,421.7000122070313,435.4100036621094,390.9400024414063,219.72999572753903,152.22999572753906,130.52000427246094,625.1699829101562,630.530029296875,428.9100036621094,300.1499938964844,0,-0.0952046801880454,-0.2422190646905625,0.6642764813961438,-0.9036927940525424,-0.2630715131241215,-0.2558982670693946,0.2205647067664609
1765625766.1561146,423.9800109863281,437.5199890136719,393.2200012207031,221.83999633789065,152.22999572753906,132.88999938964844,625.1699829101562,630.1799926757812,428.9100036621094,300.1499938964844,0,-0.0969789804420994,-0.2438076524481956,0.6682872769909908,-0.9098955044598174,-0.2517012480137102,-0.2638773320738967,0.1977508693526218
1765625766.2657423,423.9800109863281,439.6300048828125,393.2200012207031,224.02999877929688,154.50999450683594,135.25999450683594,625.1699829101562,629.739990234375,428.9100036621094,300.1499938964844,0,-0.095839684707516,-0.2372672578339086,0.6588147432101558,-0.9074037019159972,-0.2607765798164617,-0.2669997802215845,0.1931973460738997
1765625766.3519876,423.9800109863281,439.6300048828125,393.2200012207031,224.02999877929688,154.50999450683594,135.25999450683594,625.1699829101562,629.739990234375,428.9100036621094,300.1499938964844,0,-0.0975967033450893,-0.2382088878345346,0.6725185069783204,-0.9085784735499592,-0.254396093170389,-0.2546920560491486,0.2118955916642114
1765625766.4475782,423.9800109863281,439.6300048828125,393.2200012207031,224.02999877929688,154.50999450683594,135.25999450683594,625.1699829101562,629.739990234375,428.9100036621094,300.1499938964844,0,-0.0935775177397645,-0.230087156206455,0.6579563628669359,-0.8969918360330107,-0.2525836320464492,-0.301705775473053,0.2014467174181702
1765625766.4915335,423.9800109863281,439.6300048828125,393.2200012207031,226.13999938964844,156.97000122070312,137.63999938964844,625.1699829101562,629.6500244140625,428.9100036621094,300.1499938964844,0,-0.0951595954129809,-0.2347817199645979,0.672406018851713,-0.910347005855814,-0.2548694575110325,-0.2513150857551038,0.2077272640490202
1765625766.5816104,423.9800109863281,439.6300048828125,393.2200012207031,226.13999938964844,156.97000122070312,137.63999938964844,625.1699829101562,629.6500244140625,428.9100036621094,300.1499938964844,0,-0.0926646767696727,-0.2302210832375567,0.6624185198781413,-0.9057748184784784,-0.2525019319081998,-0.2813217253120948,0.1915015390547358
1765625766.6925528,423.9800109863281,439.6300048828125,393.2200012207031,228.25,159.35000610351562,140.10000610351562,625.1699829101562,629.5599975585938,428.9100036621094,300.1499938964844,0,-0.0948892013014768,-0.2350019339815189,0.6777703251762226,-0.9494366338106072,-0.2959133521322852,0.0433075667835395,0.0955500971611559
1765625766.754714,423.9800109863281,439.6300048828125,393.2200012207031,228.25,159.35000610351562,140.10000610351562,625.1699829101562,629.5599975585938,428.9100036621094,300.1499938964844,0,-0.0926969490600239,-0.2288355455078628,0.6601400691294342,-0.9019406841784552,-0.2418039574745696,-0.3071186877273524,0.1836081698126907
1765625766.8049266,423.9800109863281,439.6300048828125,393.2200012207031,228.25,159.35000610351562,140.10000610351562,625.1699829101562,629.5599975585938,428.9100036621094,300.1499938964844,0,-0.0951294432104884,-0.2327728734782919,0.6721947523849735,-0.91090161982212,-0.2549842420333689,-0.2513147363267768,0.2051394126566345
1765625767.080923,423.8999938964844,439.6300048828125,393.2200012207031,228.42999267578125,159.61000061035156,140.4499969482422,625.1699829101562,629.3800048828125,428.9100036621094,300.1499938964844,0,-0.0928229358967567,-0.2288300750191902,0.6618448947755633,-0.9054297755911064,-0.2529496305005456,-0.2808804925459441,0.1931826980084501
1765625767.480388,423.9800109863281,439.6300048828125,393.2200012207031,228.42999267578125,159.61000061035156,140.4499969482422,625.1699829101562,629.2100219726562,428.9100036621094,300.1499938964844,0,-0.0962371089869016,-0.2354959883680185,0.6812994256582271,-0.9556524282299468,-0.2835957407610846,0.032400672971229,0.0724712952236215
1765625768.059112,423.9800109863281,439.6300048828125,393.2200012207031,228.42999267578125,159.61000061035156,140.4499969482422,625.1699829101562,641.25,428.989990234375,300.1499938964844,0,-0.0937135700287,-0.233829707203765,0.6724512879188201,-0.911090961686778,-0.2550872084706707,-0.2492952725802217,0.2066292396454468
1765625768.1952238,423.9800109863281,439.6300048828125,393.2200012207031,228.42999267578125,159.61000061035156,140.4499969482422,625.1699829101562,641.25,428.989990234375,300.1499938964844,0,-0.0915032097510601,-0.2420966075875214,0.6820929306707173,-0.9142024890894174,-0.2712575361114447,-0.2226704496989538,0.2026598847239573
1765625768.2805576,423.9800109863281,439.6300048828125,395.3299865722656,228.42999267578125,159.61000061035156,140.4499969482422,625.1699829101562,647.75,428.989990234375,300.1499938964844,0,-0.088318745259105,-0.257243913277395,0.6995702495249579,-0.9216562049174468,-0.2736014434811425,-0.1760275702806227,0.2114388435536507
1765625768.555441,426.1799926757813,439.6300048828125,395.3299865722656,228.42999267578125,159.61000061035156,140.4499969482422,625.1699829101562,646.7899780273438,431.1000061035156,300.1499938964844,0,-0.0853166755729936,-0.2484681028292585,0.6721081806788498,-0.910783880498654,-0.2603654205907857,-0.2494313330910433,0.2011630703106852
1765625768.7535267,426.1799926757813,441.739990234375,395.3299865722656,228.42999267578125,159.61000061035156,140.4499969482422,625.1699829101562,646.260009765625,433.2999877929688,300.1499938964844,0,-0.0893249606520783,-0.2445400885918993,0.6739684440109251,-0.9053871417529582,-0.2739822282315979,-0.2167713875371217,0.2412841223679848
1765625768.8828328,428.3800048828125,443.8500061035156,397.4400024414063,228.42999267578125,159.61000061035156,140.4499969482422,625.1699829101562,646.0800170898438,433.2099914550781,300.1499938964844,0,-0.0878422808875209,-0.2430535546835559,0.661981533716684,-0.9063441236960376,-0.2689085693101192,-0.2576411199923697,0.199623555930466
1765625768.983609,428.3800048828125,443.8500061035156,397.4400024414063,228.42999267578125,159.61000061035156,140.4499969482422,625.1699829101562,646.0800170898438,433.2099914550781,300.1499938964844,0,-0.0894913910197848,-0.2469492449646338,0.6716024153742141,-0.9106021925738896,-0.2724668725200198,-0.2225298582415796,0.2169006972090379
1765625769.1815338,428.3800048828125,443.9400024414063,399.5499877929688,228.42999267578125,159.61000061035156,140.4499969482422,625.1699829101562,645.72998046875,433.1199951171875,300.1499938964844,0,-0.0895275401088378,-0.2409508731856114,0.6647335749455253,-0.9059593316934872,-0.2638440821615604,-0.2477239302201473,0.2196744045675272
1765625770.6002767,428.3800048828125,443.9400024414063,399.6400146484375,228.42999267578125,159.61000061035156,140.4499969482422,625.1699829101562,645.72998046875,433.1199951171875,300.1499938964844,0,-0.0898276836087431,-0.2418898183516205,0.664350347216233,-0.9041354748040662,-0.2521096650722002,-0.2768136469250843,0.2058007892454339
1765625771.2428594,428.2000122070313,443.8500061035156,399.6400146484375,228.42999267578125,159.61000061035156,140.4499969482422,625.1699829101562,648.9000244140625,433.0400085449219,300.1499938964844,0,-0.0891096090336487,-0.2469624716521027,0.6732845908227363,-0.9084554479909932,-0.27985727515733,-0.2245242805024304,0.2144235342071026
1765625771.289902,428.2000122070313,443.9400024414063,399.6400146484375,228.42999267578125,159.61000061035156,140.4499969482422,625.1699829101562,659.969970703125,433.0400085449219,300.1499938964844,0,-0.0872299358706242,-0.2460609140848972,0.6667653800965524,-0.9402813076829436,-0.3167254465246596,0.0484015818619547,0.1149492967315115
1765625798.973146,450.1799926757813,469.0700073242188,463.8900146484375,228.42999267578125,166.82000732421875,140.36000061035156,617.3400268554688,663.75,471.4500122070313,300.1499938964844,0,-0.1242726723502538,-0.2324190421203273,0.6327498423164466,-0.8728505268120599,-0.2693384907807238,-0.3400546309925646,0.2234985082016929
1765625799.2524312,450.1799926757813,469.0700073242188,463.8900146484375,228.42999267578125,166.82000732421875,140.36000061035156,590.1900024414062,663.75,471.4500122070313,300.1499938964844,0,-0.1302087162446039,-0.2208621801089735,0.6339000964042977,-0.8761775639443641,-0.2744230399542505,-0.3185688334381579,0.2356242134090612
1765625799.339048,450.1799926757813,469.0700073242188,463.8900146484375,228.42999267578125,166.82000732421875,140.36000061035156,590.1900024414062,663.75,471.4500122070313,300.1499938964844,0,-0.1283903006597088,-0.2145227863663776,0.6201972038295267,-0.8676845327075869,-0.2670593841666477,-0.3534102540139556,0.2256192132473179
1765625799.3841848,450.1799926757813,469.0700073242188,463.8900146484375,228.42999267578125,166.82000732421875,140.36000061035156,590.1900024414062,663.75,471.4500122070313,300.1499938964844,0,-0.1312441182307704,-0.2177241674079661,0.6317469425203639,-0.8784745771323896,-0.2677572653246983,-0.3177618776176878,0.2358301366042728
1765625799.477039,450.1799926757813,469.0700073242188,463.8900146484375,228.42999267578125,166.82000732421875,140.36000061035156,577.0900268554688,663.75,471.4500122070313,300.1499938964844,0,-0.1331121913500857,-0.2157585368884198,0.6319807993956785,-0.8790348338632032,-0.2677087663240961,-0.319957992189247,0.2307740464665537
1765625799.677682,450.1799926757813,469.0700073242188,463.8900146484375,228.42999267578125,166.82000732421875,140.36000061035156,563.1199951171875,663.75,471.4500122070313,300.1499938964844,0,-0.1397780537563715,-0.2080658827689195,0.6327988890365384,-0.878694499650197,-0.2624779737732623,-0.3203869128414972,0.237388954351856
1765625799.8712025,450.1799926757813,469.0700073242188,463.8900146484375,230.6199951171875,166.82000732421875,140.36000061035156,558.280029296875,663.3099975585938,471.4500122070313,300.1499938964844,0,-0.1409531502126213,-0.2018995181784588,0.6299109906594613,-0.8723209166662363,-0.2574047339682038,-0.3323209704708811,0.2497234347485779
1765625799.9253662,450.1799926757813,469.0700073242188,463.8900146484375,230.6199951171875,166.82000732421875,140.36000061035156,558.280029296875,663.3099975585938,471.4500122070313,300.1499938964844,0,-0.1388664582697563,-0.1979694872651324,0.6200957369148935,-0.8722826617928654,-0.2591670948636627,-0.3317856999153871,0.248744093813581
1765625800.082898,450.1799926757813,469.0700073242188,463.8900146484375,232.91000366210935,166.82000732421875,142.82000732421875,558.1900024414062,662.9600219726562,471.4500122070313,300.1499938964844,0,-0.1425916016643506,-0.1960907554805951,0.6276451072217714,-0.8755413098835508,-0.2510551343650417,-0.3317797838929165,0.245603153881045
1765625800.274274,450.1799926757813,469.0700073242188,463.8900146484375,235.0200042724609,166.82000732421875,145.1999969482422,558.1900024414062,662.780029296875,471.4500122070313,300.1499938964844,0,-0.14161557994091,-0.1993623323917386,0.633369552164467,-0.879928393595251,-0.257418530988062,-0.3152401611438459,0.2451231585363389
1765625800.3181765,450.1799926757813,469.0700073242188,463.8900146484375,235.0200042724609,166.82000732421875,145.1999969482422,558.1900024414062,662.780029296875,471.4500122070313,300.1499938964844,0,-0.1388613472803508,-0.1957310708679634,0.6200736919711101,-0.8731070255758904,-0.2595162374476478,-0.331277670074442,0.246151477145856
1765625800.472808,450.1799926757813,469.0700073242188,463.8900146484375,235.0200042724609,166.82000732421875,147.57000732421875,558.1900024414062,662.52001953125,471.4500122070313,300.1499938964844,0,-0.1414999707682105,-0.1955508247665809,0.6248320700977175,-0.8788966259502148,-0.2500967371857482,-0.3349353851816528,0.2298056367794077
1765625801.9729557,450.1799926757813,469.0700073242188,463.8900146484375,235.0200042724609,166.82000732421875,147.8300018310547,558.1099853515625,662.52001953125,471.4500122070313,300.1499938964844,0,-0.1381215125169082,-0.1924581273544112,0.6153143578183675,-0.8684261898926088,-0.244930008389155,-0.3604275179461471,0.2365105663734177
1765625802.0142162,450.1799926757813,469.0700073242188,463.8900146484375,235.0200042724609,166.82000732421875,147.8300018310547,558.1099853515625,662.52001953125,471.4500122070313,300.1499938964844,0,-0.1406041353235083,-0.1960644784738505,0.6268416662586838,-0.8752834756102769,-0.251247956666546,-0.3296322048069513,0.2491905117547366
1765625802.2774396,450.1799926757813,469.0700073242188,466.7000122070313,235.0200042724609,166.82000732421875,147.8300018310547,558.1900024414062,662.52001953125,471.4500122070313,300.1499938964844,0,-0.1388471342086671,-0.1936228842715833,0.6190341883041289,-0.8749325861671726,-0.2439920283323989,-0.3463672012979362,0.2345007924039917
1765625802.3214424,450.1799926757813,469.0700073242188,466.7000122070313,235.0200042724609,166.82000732421875,147.8300018310547,558.1900024414062,662.52001953125,471.4500122070313,300.1499938964844,0,-0.1424048373333626,-0.1982060415463815,0.6333232804751223,-0.8783042449697652,-0.2509231511339428,-0.3117608464889848,0.2615805804901711
1765625802.819415,450.1799926757813,469.0700073242188,493.510009765625,235.0200042724609,166.82000732421875,147.8300018310547,558.1099853515625,662.52001953125,471.4500122070313,300.1499938964844,0,-0.1652814984362965,-0.191672450501018,0.6195624654718331,-0.8641705243609912,-0.2285437240341695,-0.3858877850793215,0.2281834532932182
1765625802.9031649,450.1799926757813,471.1799926757813,498.1600036621094,235.0200042724609,166.82000732421875,147.8300018310547,558.1099853515625,662.52001953125,471.4500122070313,300.1499938964844,0,-0.1665546131384647,-0.1882937999769173,0.6111424083079976,-0.8624723681666823,-0.224669526402842,-0.3838920020956435,0.2414372564081115
1765625803.0943851,450.1799926757813,471.6199951171875,493.510009765625,235.0200042724609,166.82000732421875,147.8300018310547,558.1099853515625,662.52001953125,471.4500122070313,300.1499938964844,0,-0.1671608968698946,-0.187261144109628,0.6081486123438563,-0.8635422965071906,-0.2179427838715862,-0.3838016982908707,0.243909617461948
1765625803.1832528,450.1799926757813,471.6199951171875,493.510009765625,235.0200042724609,166.82000732421875,147.8300018310547,558.1099853515625,662.52001953125,471.4500122070313,300.1499938964844,0,-0.1592110637135774,-0.1907651967750289,0.6138087669635348,0.9601135909614856,0.2629757948466548,-0.0920849687814757,0.0233662641499623
1765625803.477005,450.1799926757813,471.6199951171875,493.510009765625,235.0200042724609,169.19000244140625,147.8300018310547,558.1099853515625,662.52001953125,471.4500122070313,300.1499938964844,0,-0.1629603027757745,-0.1898444740224147,0.6129417052982412,-0.8675735856711277,-0.220842263364427,-0.387875053259132,0.219311903956545
1765625803.6437082,450.1799926757813,471.6199951171875,493.510009765625,235.0200042724609,169.19000244140625,147.8300018310547,558.1099853515625,662.52001953125,471.4500122070313,300.1499938964844,0,-0.1597028268118695,-0.1866116050522676,0.6039461029958691,0.9588206899389924,0.2627441819953592,-0.1067161625456026,0.0154932251014546
1765625804.3073473,450.1799926757813,471.5299987792969,493.510009765625,235.0200042724609,169.5399932861328,147.8300018310547,558.1099853515625,662.52001953125,471.4500122070313,300.1499938964844,0,-0.1618238335382361,-0.1896611873818321,0.6170119560888307,-0.867262411314171,-0.2219972797247987,-0.38118553724832,0.2308044711634265
1765625804.3509204,450.1799926757813,471.5299987792969,493.510009765625,235.0200042724609,169.5399932861328,147.8300018310547,558.1099853515625,662.52001953125,471.4500122070313,300.1499938964844,0,-0.1592625932454658,-0.1864458216018088,0.6072651744906548,-0.8647041803259188,-0.2155582900808394,-0.3958481476136947,0.2216428391243713
1765625804.4879973,450.1799926757813,471.5299987792969,494.1199951171875,235.1100006103516,169.5399932861328,147.8300018310547,558.1099853515625,662.52001953125,471.4500122070313,300.1499938964844,0,-0.1635358647139409,-0.1907504589545911,0.6205518661904004,-0.8735922976922162,-0.220765392286256,-0.3687798766694302,0.2282554304835035
1765625805.179214,452.2900085449219,475.9299926757813,507.5700073242188,235.0200042724609,169.5399932861328,147.8300018310547,558.1099853515625,662.52001953125,471.4500122070313,300.1499938964844,0,-0.1697837379857802,-0.1862307362614073,0.6105010857996687,-0.8592271618019447,-0.2165196175294749,-0.4019353566122561,0.2308590668603756
1765625805.2848072,452.5499877929688,476.1900024414063,508.010009765625,235.0200042724609,169.5399932861328,147.8300018310547,558.1900024414062,662.52001953125,471.4500122070313,300.1499938964844,0,-0.1729652120059791,-0.1868275241090706,0.6227311550223157,-0.8697703899885612,-0.2280687514981962,-0.3794820976485993,0.2178932097460112
1765625805.4106882,452.5499877929688,476.1900024414063,508.010009765625,235.0200042724609,169.5399932861328,147.8300018310547,558.1900024414062,662.52001953125,471.4500122070313,300.1499938964844,0,-0.1720754248737223,-0.1815111957362243,0.6046618979267867,-0.8544435605204334,-0.2114570949492273,-0.4155769892900868,0.2291459466222017
1765625805.5119765,452.5499877929688,476.1900024414063,508.1000061035156,237.1300048828125,169.5399932861328,147.8300018310547,558.1099853515625,662.52001953125,471.4500122070313,300.1499938964844,0,-0.1716521979665323,-0.1835185506540797,0.600902011314618,-0.8547688480810438,-0.2100191351432205,-0.4203481422196483,0.2203851595647709
1765625806.125925,452.5499877929688,476.1900024414063,508.010009765625,237.3000030517578,169.5399932861328,147.8300018310547,558.1099853515625,662.3400268554688,471.4500122070313,300.1499938964844,0,-0.1721243894521617,-0.1836420592059039,0.6113944548442225,-0.8594544359700911,-0.2108031483227854,-0.3984224363136861,0.2411631551261536
1765625806.1908484,452.5499877929688,476.1900024414063,508.010009765625,237.3000030517578,169.5399932861328,147.8300018310547,558.1099853515625,662.3400268554688,471.4500122070313,300.1499938964844,0,-0.169597411988748,-0.1788765676583912,0.5944648660590065,-0.850847535113291,-0.2056715657178981,-0.4284598823948684,0.2240085003408597
1765625806.3302064,452.5499877929688,476.1900024414063,508.010009765625,237.3000030517578,169.5399932861328,147.8300018310547,558.1099853515625,662.3400268554688,471.4500122070313,300.1499938964844,0,-0.1723837698386743,-0.1835552611907939,0.6103703086310951,-0.8590083478551568,-0.2168994806364808,-0.4044016455533578,0.2269770532201775
1765625806.6720762,452.5499877929688,476.1900024414063,508.010009765625,237.3000030517578,169.5399932861328,147.8300018310547,558.1099853515625,662.3400268554688,471.4500122070313,300.1499938964844,0,-0.1688961042257949,-0.1792553586663183,0.5950104447180132,-0.8515871984361786,-0.2053881350393763,-0.4279796068071601,0.2223699925841078
1765625806.7950604,452.5499877929688,476.1900024414063,508.010009765625,237.3000030517578,169.5399932861328,147.8300018310547,558.1099853515625,662.3400268554688,471.4500122070313,300.1499938964844,0,-0.1729484447707548,-0.183422384729206,0.6081097960079013,-0.8606195176702153,-0.2097869071610864,-0.4042124539557127,0.2278942549867646
1765625806.9832344,452.5499877929688,476.1900024414063,508.1000061035156,237.22000122070312,169.5399932861328,147.8300018310547,558.1099853515625,662.1699829101562,471.4500122070313,300.1499938964844,0,-0.1681803244288804,-0.1790112181888871,0.5974103647823074,-0.8504182207984008,-0.2123810181110993,-0.4278570256311249,0.2205028763945321
1765625807.0264928,452.5499877929688,476.1900024414063,508.1000061035156,237.22000122070312,169.5399932861328,147.8300018310547,558.1099853515625,662.1699829101562,471.4500122070313,300.1499938964844,0,-0.1708916052439859,-0.1818895799377801,0.6066434113585714,-0.8610850807864171,-0.2159106576434966,-0.4081794346732587,0.2128488211685024
1765625807.0750213,452.4599914550781,476.1900024414063,518.030029296875,237.22000122070312,169.5399932861328,147.8300018310547,558.1900024414062,662.1699829101562,471.4500122070313,300.1499938964844,0,-0.1718461256193015,-0.1819361022633227,0.6049963916461276,-0.8568430581251706,-0.2198009227861926,-0.4011165146225104,0.2379350116778384
1765625807.351063,452.2900085449219,478.3900146484375,523.47998046875,237.22000122070312,169.4499969482422,147.8300018310547,558.1099853515625,662.1699829101562,471.4500122070313,300.1499938964844,0,-0.1887537269132374,-0.1767135231406194,0.5958226212949781,-0.8445184547993212,-0.1996219234645798,-0.4426378157726998,0.2258571035492173
1765625807.6228013,452.2900085449219,480.5899963378906,521.0999755859375,237.22000122070312,169.4499969482422,147.8300018310547,558.1099853515625,662.1699829101562,471.4500122070313,300.1499938964844,0,-0.1810069091138354,-0.1798818154480415,0.6094501891516245,-0.8535517627497723,-0.2086429198452019,-0.4277748263628206,0.2119580577271926
1765625807.6702888,452.2900085449219,480.8500061035156,521.5399780273438,237.22000122070312,169.4499969482422,147.8300018310547,558.1099853515625,662.1699829101562,471.4500122070313,300.1499938964844,0,-0.1786441469568407,-0.1756997947935089,0.6004127296362626,-0.8513716399006724,-0.1971685122576887,-0.4347743444780196,0.2173986612898932
1765625807.9151747,452.2900085449219,480.8500061035156,521.3699951171875,237.22000122070312,169.4499969482422,150.2100067138672,558.1099853515625,662.1699829101562,471.4500122070313,300.1499938964844,0,-0.1805155352007826,-0.1760366856216716,0.5888992865876951,-0.8419236041193155,-0.2004289603935868,-0.4498041506101929,0.220610749412015
1765625808.051219,452.2900085449219,480.8500061035156,521.3699951171875,237.22000122070312,169.4499969482422,150.63999938964844,558.1099853515625,662.1699829101562,471.4500122070313,300.1499938964844,0,-0.186181600841411,-0.1803218527586247,0.6109446353051087,-0.8631451040475464,-0.2086277487936257,-0.4054040664360296,0.2170311837252545
1765625808.0957906,452.2900085449219,480.8500061035156,521.3699951171875,237.22000122070312,169.4499969482422,150.63999938964844,558.1099853515625,662.1699829101562,471.4500122070313,300.1499938964844,0,-0.1823533129235827,-0.1763820546119492,0.6005270973923439,-0.8495327919049244,-0.1969238801484882,-0.4389807703788878,0.2163582772695483
1765625809.7330277,454.4800109863281,483.1300048828125,550.5499877929688,237.22000122070312,169.4499969482422,150.63999938964844,558.1099853515625,662.1699829101562,471.4500122070313,300.1499938964844,0,-0.2061489627212007,-0.1656662145371286,0.574966196550803,-0.8248248983170935,-0.176047837192503,-0.4952858262401537,0.2082378362873724
1765625809.9791052,454.3900146484375,485.239990234375,547.72998046875,237.22000122070312,169.4499969482422,150.63999938964844,558.1099853515625,662.1699829101562,471.4500122070313,300.1499938964844,0,-0.1946140201375119,-0.1667357197250059,0.579757706214357,-0.8280970307071082,-0.1853532751522421,-0.4935475689750105,0.1905525341822173
1765625810.251244,454.30999755859375,485.6000061035156,548.260009765625,237.22000122070312,171.8300018310547,150.63999938964844,558.1099853515625,662.1699829101562,471.4500122070313,300.1499938964844,0,-0.2010299936142651,-0.1672469130855218,0.57900013924026,-0.8282255733627173,-0.1727113116615103,-0.4933982971912987,0.2019190995940847
1765625810.583563,454.30999755859375,485.6000061035156,548.3499755859375,237.22000122070312,172.27000427246094,150.63999938964844,558.1099853515625,662.1699829101562,471.4500122070313,300.1499938964844,0,-0.2007285866112402,-0.1665661886459652,0.5891175679679207,-0.8348247260821069,-0.1785460011804867,-0.4789616173968971,0.20441323647196
1765625810.7018,454.3900146484375,485.6000061035156,548.260009765625,239.3300018310547,172.27000427246094,150.63999938964844,558.1099853515625,662.1699829101562,471.4500122070313,300.1499938964844,0,-0.1990882942111587,-0.166010370755436,0.5830747613247323,-0.8299770794109046,-0.1740049407787421,-0.4861272480287323,0.2110465042618399
1765625812.151929,454.30999755859375,487.7900085449219,559.6900024414062,239.58999633789065,172.27000427246094,150.63999938964844,558.1099853515625,662.1699829101562,471.4500122070313,300.1499938964844,0,-0.2113617346705775,-0.1589732069724134,0.5750732318706631,-0.825626064082513,-0.1677971051352073,-0.502600667746916,0.1938512383148896
1765625812.4135296,454.30999755859375,489.989990234375,557.0499877929688,239.58999633789065,172.27000427246094,153.02000427246094,558.1099853515625,662.1699829101562,471.4500122070313,300.1499938964844,0,-0.2078712606379224,-0.1666223852666998,0.5949893795874647,-0.8371543119582836,-0.1831034196486972,-0.4768772768586913,0.1955348012463381
1765625812.5072713,454.30999755859375,490.25,557.5800170898438,239.58999633789065,172.27000427246094,153.19000244140625,558.1099853515625,662.1699829101562,471.4500122070313,300.1499938964844,0,-0.2035541453422727,-0.1581891780985808,0.5805507111196094,-0.827546929138759,-0.1814831325228304,-0.4954560950598475,0.1917112687109394
1765625812.693114,454.30999755859375,490.25,557.5800170898438,239.58999633789065,172.27000427246094,153.4600067138672,558.1099853515625,662.1699829101562,471.4500122070313,300.1499938964844,0,-0.2041821099667508,-0.1599017528676855,0.5706309835177183,-0.8182338807471251,-0.162030806630749,-0.515684792678004,0.1957256465073817
1765625812.9000683,454.30999755859375,490.1700134277344,557.5800170898438,239.58999633789065,172.27000427246094,153.4600067138672,558.1099853515625,662.1699829101562,471.4500122070313,300.0599975585937,0,-0.2088856189518051,-0.1624668240033565,0.5873153049717686,-0.8392168244424432,-0.1661393097762274,-0.4862989130362135,0.1778376183477991
1765625812.9897568,454.30999755859375,490.1700134277344,557.5800170898438,239.58999633789065,172.27000427246094,153.4600067138672,558.1099853515625,662.1699829101562,471.4500122070313,300.1499938964844,0,-0.2039018437989878,-0.1584627567113622,0.5762227461964249,-0.824150047484076,-0.1667777823171825,-0.5073372990005004,0.1886020561930191
1765625813.562552,454.30999755859375,490.25,557.5800170898438,239.58999633789065,172.27000427246094,153.4600067138672,558.1099853515625,662.1699829101562,471.4500122070313,300.1499938964844,0,-0.2081599039720703,-0.1620766015579033,0.5870556727642167,-0.838202204127369,-0.1760706443011868,-0.4823655953480673,0.1836834930958414
1765625813.8717413,454.30999755859375,490.25,557.5800170898438,239.58999633789065,172.27000427246094,153.4600067138672,558.1099853515625,662.1699829101562,471.4500122070313,300.1499938964844,0,-0.2031332642207763,-0.1587704902487454,0.5717302828144764,-0.8232910674999396,-0.1657021853527622,-0.512095747907138,0.1802568970096778
1765625814.0604873,454.30999755859375,490.25,561.530029296875,239.58999633789065,172.27000427246094,153.4600067138672,558.1099853515625,662.1699829101562,471.4500122070313,300.1499938964844,0,-0.2069823120314364,-0.1618708727285628,0.5840307920477545,-0.8318566611885312,-0.1784332106750167,-0.4902202847416018,0.1893677823504754
1765625814.5605123,454.30999755859375,492.6300048828125,580.52001953125,239.58999633789065,172.27000427246094,153.4600067138672,558.1099853515625,662.1699829101562,471.4500122070313,300.1499938964844,0,-0.2242995060692469,-0.1517328725186167,0.5575858266139522,-0.8068473453931928,-0.1553449412986555,-0.5442813625622477,0.1691836540929955
1765625814.9986134,454.30999755859375,495.260009765625,578.0599975585938,239.58999633789065,172.27000427246094,153.4600067138672,558.1099853515625,662.1699829101562,471.4500122070313,300.1499938964844,0,-0.2144606772134389,-0.1469065349183848,0.5518941200741732,-0.7988458194282841,-0.1484071645138212,-0.5544244796763015,0.1800948823220229
1765625815.0661478,454.3900146484375,495.260009765625,578.0599975585938,241.6999969482422,174.5500030517578,153.4600067138672,558.1099853515625,662.1699829101562,471.4500122070313,300.1499938964844,0,-0.2180798245320905,-0.1501493098442631,0.5599089818897887,-0.8073991626559323,-0.1493190012427535,-0.5436449646443615,0.1739556852396521
1765625815.452387,454.30999755859375,495.260009765625,578.0599975585938,241.8699951171875,175.0800018310547,155.8300018310547,558.1099853515625,662.1699829101562,471.4500122070313,300.1499938964844,0,-0.2165137426331201,-0.1494007826016392,0.5666214348432254,-0.8160275732889826,-0.1480179943473698,-0.529695852812064,0.1777975716796395
1765625817.5912397,454.30999755859375,499.75,590.6199951171875,241.6999969482422,175.0800018310547,156.08999633789062,558.1099853515625,662.1699829101562,471.4500122070313,300.1499938964844,0,-0.2197623412380178,-0.1433989121840013,0.5567670634168276,-0.7986365674716673,-0.146290345576006,-0.5643659108986488,0.1492309837261159
1765625818.1550248,454.30999755859375,500.010009765625,590.7999877929688,244.07000732421875,175.0800018310547,156.08999633789062,558.1099853515625,662.1699829101562,471.4500122070313,300.1499938964844,0,-0.2239172397226472,-0.1410664534022087,0.5606420170619388,-0.8018959808761827,-0.1451818650471283,-0.5537712783066066,0.1709457026038656
1765625818.4852498,454.30999755859375,500.010009765625,590.7999877929688,244.07000732421875,175.0800018310547,156.08999633789062,558.1099853515625,662.1699829101562,471.4500122070313,300.1499938964844,0,-0.2296876746870791,-0.1443963079861626,0.5681756894610199,-0.8099243209633369,-0.1359213305252521,-0.5485690367113141,0.1569076103378793
1765625818.554316,454.30999755859375,500.010009765625,590.7999877929688,244.07000732421875,175.0800018310547,156.08999633789062,558.1099853515625,662.1699829101562,471.4500122070313,300.1499938964844,0,-0.2246107891495053,-0.142162128538041,0.5587051637097991,0.9646366416911624,0.1973724826677766,-0.1745079364473268,0.0081995554299935
1765625819.142393,454.30999755859375,500.010009765625,590.8900146484375,244.07000732421875,175.0800018310547,156.08999633789062,558.1099853515625,662.1699829101562,471.4500122070313,300.1499938964844,0,-0.2179877224715708,-0.1382603660310094,0.5428917731555342,-0.8170653823777683,-0.1326552218031448,-0.547375091523646,0.1232366107441698
1765625819.3200524,454.30999755859375,500.010009765625,590.7999877929688,244.07000732421875,175.0800018310547,156.08999633789062,558.1099853515625,662.1699829101562,471.4500122070313,300.1499938964844,0,-0.2251705553415886,-0.1427664395256627,0.5589996195719946,-0.8054751584038772,-0.1411447143475224,-0.5533670374049076,0.1583441212035384
1765625819.6356149,454.30999755859375,500.010009765625,590.8900146484375,243.97999572753903,175.0800018310547,156.08999633789062,558.1099853515625,662.1699829101562,471.4500122070313,300.0599975585937,0,-0.2200961159098896,-0.1395544520310718,0.548361940022353,-0.7917170312502932,-0.1432725039016704,-0.5689557582743302,0.1701366426742049
1765625819.6832037,454.3900146484375,500.010009765625,597.219970703125,243.97999572753903,175.0800018310547,156.08999633789062,558.1099853515625,662.1699829101562,471.4500122070313,300.1499938964844,0,-0.2230050694271123,-0.1414646288082114,0.5558590970365097,-0.8012403833094296,-0.1345740973310881,-0.5613905366804396,0.1573032924236777
1765625819.9243443,454.3900146484375,502.2099914550781,603.02001953125,243.8999938964844,175.0800018310547,156.08999633789062,558.1099853515625,662.1699829101562,471.4500122070313,300.1499938964844,0,-0.2406216609463235,-0.1381567001256181,0.5570364419346395,-0.8036590529406875,-0.1333697561510213,-0.5601176288664063,0.1503757846322644
1765625820.455407,454.30999755859375,504.6700134277344,600.3800048828125,243.80999755859372,177.4499969482422,158.47000122070312,558.1099853515625,662.1699829101562,471.4500122070313,300.1499938964844,0,-0.2335063160116376,-0.1396644766760647,0.554659401711171,-0.7954432022642773,-0.125167082701943,-0.574251531002962,0.1477785252335097
1765625821.031053,454.30999755859375,504.6700134277344,600.3800048828125,243.80999755859372,177.8000030517578,158.91000366210938,558.1099853515625,662.1699829101562,471.4500122070313,300.1499938964844,0,-0.224735181105695,-0.1331560512234197,0.5372792168680397,-0.787085394683088,-0.1287541180811446,-0.577906246497563,0.173041407798285
1765625821.15527,454.30999755859375,504.6700134277344,600.3800048828125,243.80999755859372,177.8000030517578,158.91000366210938,558.1099853515625,662.1699829101562,471.4500122070313,300.1499938964844,0,-0.2279653926908562,-0.1354964416305154,0.5483000112224686,-0.7912875908165851,-0.1377019364351134,-0.5776449059206726,0.1456999930871721
1765625821.380315,454.30999755859375,504.6700134277344,600.3800048828125,243.80999755859372,177.8000030517578,158.91000366210938,558.1099853515625,662.1699829101562,471.4500122070313,300.1499938964844,0,-0.2233400305192429,-0.1331232710482523,0.5355802600124353,-0.8105867872706055,-0.1232528311866918,-0.5626149890711142,0.1059347628462581
1765625821.5906024,454.30999755859375,504.6700134277344,600.8200073242188,243.80999755859372,177.8000030517578,158.91000366210938,558.1099853515625,662.1699829101562,471.4500122070313,300.1499938964844,0,-0.2329731555958772,-0.1392179335907676,0.5600934897483653,-0.7977513776760853,-0.1355658653164184,-0.56562003883407,0.1590239203587432
1765625821.6734278,454.30999755859375,504.6700134277344,611.3699951171875,243.80999755859372,177.8000030517578,158.91000366210938,558.1099853515625,662.1699829101562,471.4500122070313,300.1499938964844,0,-0.2308307906872989,-0.1377581824937028,0.5554286196590598,-0.797252901839952,-0.1353023709666865,-0.5684633545509666,0.1514281791848238
1765625821.8923724,454.30999755859375,506.8699951171875,617.6099853515625,243.80999755859372,177.8000030517578,158.91000366210938,558.1099853515625,662.1699829101562,471.4500122070313,300.1499938964844,0,-0.2434772860321558,-0.1281032769551171,0.5355305103315664,-0.7729988517353303,-0.1136415313139949,-0.6086673072964617,0.1381393738401403
1765625821.939829,454.30999755859375,506.8699951171875,617.6099853515625,243.80999755859372,177.8000030517578,158.91000366210938,558.1099853515625,662.1699829101562,471.4500122070313,300.1499938964844,0,-0.237595726151127,-0.1253950656334722,0.5195309746812885,-0.7809921377074392,-0.1054166623087851,-0.605828066668512,0.1091373528336328
1765625822.334415,454.30999755859375,509.3299865722656,614.8800048828125,243.80999755859372,177.8000030517578,158.91000366210938,558.1099853515625,662.1699829101562,471.4500122070313,300.1499938964844,0,-0.2391323246670506,-0.1282601115390615,0.5485574279250753,-0.787148173808509,-0.1114761879022853,-0.5925153142369595,0.1299862084814432
1765625822.4512591,454.3900146484375,509.3299865722656,614.7100219726562,245.9199981689453,177.8000030517578,158.91000366210938,558.1099853515625,662.1699829101562,471.4500122070313,300.1499938964844,0,-0.2453917642529482,-0.1327898020835122,0.5551156150084593,-0.7856004851717096,-0.1203238732515595,-0.58961653916042,0.1438971159273399
1765625822.507654,454.3900146484375,509.3299865722656,614.7100219726562,245.9199981689453,177.8000030517578,158.91000366210938,558.1099853515625,662.1699829101562,471.4500122070313,300.1499938964844,0,-0.2365458647289951,-0.1302271255995988,0.5355520957804769,-0.7769412443256124,-0.1134310590205799,-0.6023384971310182,0.1438194444057735
1765625824.3220632,454.30999755859375,513.719970703125,627.280029296875,246.00999450683597,177.8000030517578,158.91000366210938,558.1099853515625,662.1699829101562,471.4500122070313,300.1499938964844,0,-0.2477875450346025,-0.1288698478007588,0.5454900299361181,-0.9600163038050163,-0.1836559296607177,0.2087314770458538,0.0327164548701127
1765625824.6631272,454.30999755859375,513.97998046875,627.6300048828125,246.00999450683597,177.8000030517578,161.27999877929688,558.1099853515625,662.1699829101562,471.4500122070313,300.1499938964844,0,-0.2538435242891511,-0.1268283073537226,0.5483375811102822,-0.7782482007163866,-0.1118145250822922,-0.6046482320087223,0.1273882474604884
1765625824.860121,454.30999755859375,513.97998046875,627.6300048828125,246.00999450683597,177.8000030517578,161.5399932861328,558.1099853515625,662.1699829101562,471.4500122070313,300.1499938964844,0,-0.2426778733083421,-0.1228289697626526,0.532290909006278,-0.7621178888234409,-0.1078513114800849,-0.6252576154931341,0.1288306346144703
1765625825.863646,454.3900146484375,513.97998046875,641.4299926757812,246.00999450683597,177.8000030517578,161.5399932861328,558.1099853515625,662.1699829101562,471.4500122070313,300.1499938964844,0,-0.2550191023939545,-0.1268200412190505,0.5530184233684846,-0.7701314107709825,-0.1163470920951228,-0.6190351133988222,0.1007794258974162
1765625826.1272533,454.30999755859375,516.27001953125,647.8400268554688,246.00999450683597,177.8000030517578,161.5399932861328,558.1099853515625,662.1699829101562,471.4500122070313,300.1499938964844,0,-0.2550079075612566,-0.1114493366556095,0.507098054005145,-0.7498616988197907,-0.0786223569501836,-0.6494705486346986,0.0985594444324807
1765625826.36175,454.30999755859375,518.469970703125,644.3300170898438,246.00999450683597,177.8000030517578,161.5399932861328,558.1099853515625,662.1699829101562,471.4500122070313,300.1499938964844,0,-0.2482109576299588,-0.1161541109290225,0.523361909142025,-0.7649484383826006,-0.0892973787754363,-0.6301444648050586,0.0989839291774336
1765625826.5350792,454.30999755859375,518.72998046875,644.6799926757812,246.00999450683597,177.8000030517578,161.5399932861328,558.1099853515625,662.1699829101562,471.4500122070313,300.1499938964844,0,-0.2678674116257795,-0.1209079241983039,0.5576574399729552,-0.9660231801881654,-0.171601245560471,0.1920042740402839,0.0220587082917816
1765625826.5924647,454.30999755859375,518.72998046875,644.6799926757812,246.00999450683597,177.8000030517578,161.5399932861328,558.1099853515625,662.1699829101562,471.4500122070313,300.1499938964844,0,-0.2560893181462053,-0.1144058134781145,0.5265741267191618,-0.7561182056502804,-0.0803450041764278,-0.6402474167998824,0.1091475362487303
1765625826.6915572,454.30999755859375,518.72998046875,644.6799926757812,246.00999450683597,177.8000030517578,161.5399932861328,558.1099853515625,662.1699829101562,471.4500122070313,300.1499938964844,0,-0.2628173340451221,-0.1209429085791499,0.5388117396115525,-0.7683898325934457,-0.0762485822460542,-0.6256274168075959,0.1111465438560177
1765625826.7914884,454.30999755859375,518.72998046875,644.6799926757812,246.00999450683597,177.8000030517578,161.5399932861328,558.1099853515625,662.1699829101562,471.4500122070313,300.1499938964844,0,-0.2666086047618399,-0.123449167043135,0.5508508891900017,-0.7750843245285216,-0.1078058068431563,-0.6172698827726157,0.0812409361279322
1765625827.1335497,454.3900146484375,518.8200073242188,644.6799926757812,246.00999450683597,177.8000030517578,161.5399932861328,558.1099853515625,662.1699829101562,471.4500122070313,300.1499938964844,0,-0.2586367094040908,-0.1189133243511164,0.5331917281106846,-0.7599655586653125,-0.0912525486148319,-0.6313980195299096,0.1243457395632248
1765625827.9087496,454.30999755859375,521.02001953125,662.4299926757812,246.00999450683597,177.8000030517578,161.5399932861328,558.1099853515625,662.1699829101562,471.4500122070313,300.1499938964844,0,-0.2555306300763802,-0.1032758610266578,0.4887143337223169,-0.7219861189453518,-0.0914475482780669,-0.681758619944738,0.0746898526923536
1765625828.323098,454.30999755859375,523.3900146484375,659.27001953125,246.00999450683597,177.8000030517578,161.5399932861328,558.1099853515625,662.1699829101562,471.4500122070313,300.1499938964844,0,-0.2563317675378719,-0.1063331859253131,0.5110033081009812,-0.7457123154048746,-0.0819245325942661,-0.6572544520691616,0.0722364094344268
1765625828.458367,454.30999755859375,523.3900146484375,659.1799926757812,248.02999877929688,177.8000030517578,161.5399932861328,558.1099853515625,662.1699829101562,471.4500122070313,300.1499938964844,0,-0.2577200686524337,-0.10708418818564,0.505437416072054,-0.7479738439200226,-0.0840229189719432,-0.655858600510123,0.0576608535823292
1765625828.5734754,454.30999755859375,523.3900146484375,659.1799926757812,248.02999877929688,177.8000030517578,161.5399932861328,558.1099853515625,662.1699829101562,471.4500122070313,300.1499938964844,0,-0.2696495366718169,-0.1147613853540326,0.5324177736142336,-0.961733967504869,-0.1717841253631225,0.2110573344173715,0.0318243870200923
1765625828.7289646,454.30999755859375,523.3900146484375,659.27001953125,248.2899932861328,177.8000030517578,161.5399932861328,558.1099853515625,662.1699829101562,471.4500122070313,300.1499938964844,0,-0.2473747808612939,-0.1020002378236793,0.4940332686626582,-0.7290269930001394,-0.0891428703647969,-0.6744850864813662,0.0751203052078715
1765625828.806248,454.30999755859375,523.3900146484375,659.27001953125,248.2899932861328,177.8000030517578,161.5399932861328,558.1099853515625,662.1699829101562,471.4500122070313,300.1499938964844,0,-0.2561100361585901,-0.105939176661019,0.5091037494978735,-0.7457368840452574,-0.0863908909550995,-0.6589812554712484,0.0464415619030172
1765625828.8540914,454.30999755859375,523.3900146484375,659.27001953125,248.2899932861328,177.8000030517578,161.5399932861328,558.1099853515625,662.1699829101562,471.4500122070313,300.1499938964844,0,-0.251947169225154,-0.1047480046857105,0.4999334625716835,-0.737681432462368,-0.0852758089325324,-0.6664829613988642,0.0659894141220489
1765625828.9166677,454.30999755859375,523.3900146484375,659.27001953125,248.2899932861328,177.8000030517578,161.5399932861328,558.1099853515625,662.1699829101562,471.4500122070313,300.1499938964844,0,-0.26077144632384,-0.1089843621341849,0.5161531579879407,-0.7547025701879374,-0.0779171631611819,-0.6484693984291368,0.0619708442542838
1765625829.2986138,454.30999755859375,523.3900146484375,659.27001953125,248.2899932861328,177.8000030517578,161.5399932861328,558.1099853515625,662.1699829101562,471.4500122070313,300.1499938964844,0,-0.2527877911647748,-0.1059097897927555,0.5016013591333395,-0.738283101270207,-0.0935282695268699,-0.6644957072239064,0.0680880331567529
1765625829.441491,454.30999755859375,523.47998046875,659.27001953125,248.1999969482422,177.8000030517578,161.5399932861328,558.1099853515625,662.1699829101562,471.4500122070313,300.1499938964844,0,-0.2600945585379064,-0.1073697328829065,0.5155316297834789,-0.7356430284061444,-0.0817455470450757,-0.6646633222040759,0.1018315688398198
1765625829.5823543,454.30999755859375,523.47998046875,663.75,248.1999969482422,177.8000030517578,161.5399932861328,558.1099853515625,662.1699829101562,471.4500122070313,300.1499938964844,0,-0.2633915908266904,-0.1092768095846401,0.5193032388685588,-0.7539591557605758,-0.0967184563785567,-0.6486847378428272,0.0374064503840157
1765625830.0066214,454.3900146484375,525.6699829101562,682.8200073242188,248.1199951171875,177.8000030517578,161.5399932861328,558.1099853515625,662.1699829101562,471.4500122070313,300.1499938964844,0,-0.280011077577395,-0.1001752966608408,0.5052662535088732,-0.9569662658672052,-0.1638209925968516,0.236161240138187,0.0400763899715674
1765625830.1281085,456.3299865722656,527.780029296875,679.0399780273438,248.1199951171875,177.8000030517578,161.5399932861328,558.1099853515625,662.1699829101562,471.4500122070313,300.1499938964844,0,-0.2737979027218295,-0.1032375823566054,0.5174235153937723,-0.9551040068397912,-0.1723991235419396,0.23713617556431,0.0426768386748586
1765625830.8060057,456.5,528.1300048828125,679.219970703125,248.1199951171875,177.8000030517578,164.08999633789062,558.1099853515625,662.1699829101562,471.4500122070313,300.1499938964844,0,-0.2551504270415518,-0.0929639314042822,0.4772994870735403,-0.706193709725781,-0.0666018064264368,-0.7030472897135294,0.0507853537049387
1765625830.9983275,456.5,528.1300048828125,679.219970703125,248.1199951171875,177.8000030517578,164.27000427246094,558.1099853515625,662.1699829101562,471.4500122070313,300.1499938964844,0,-0.2648623009976523,-0.0976974301664503,0.4956441907021687,-0.7316410392144808,-0.0741848672576815,-0.677160210076573,0.0255351737054299
1765625831.1003194,456.5,528.1300048828125,679.219970703125,248.1199951171875,177.8000030517578,164.27000427246094,558.1099853515625,662.1699829101562,471.4500122070313,300.1499938964844,0,-0.2762592112747213,-0.1009085281208667,0.518371888594959,-0.9593848400361186,-0.1488106402844876,0.2370489743087379,0.0352690491247982
1765625831.330546,456.5,528.1300048828125,679.219970703125,248.1199951171875,177.8000030517578,164.27000427246094,558.1099853515625,662.1699829101562,471.4500122070313,300.1499938964844,0,-0.2588249528856262,-0.0955394380716177,0.4833751803094185,-0.7239848505144187,-0.0754891928169599,-0.6848675439052304,0.0332229634240522
1765625832.700436,456.4200134277344,532.7100219726562,691.0,248.1199951171875,177.8000030517578,164.17999267578125,558.1099853515625,662.1699829101562,471.4500122070313,300.1499938964844,0,-0.2819483111497876,-0.0963151545923704,0.5080892864341446,-0.7195899402567827,-0.0742235184365005,-0.6886910786390742,0.0488445021992744
1765625834.0591936,456.4200134277344,532.7100219726562,693.8099975585938,248.1199951171875,177.8000030517578,164.17999267578125,558.1099853515625,662.1699829101562,471.4500122070313,300.1499938964844,0,-0.2799494592211529,-0.0950353555172262,0.5084603446821443,-0.9610619509188713,-0.1341114365642458,0.2348153541273192,0.0568840798883943
1765625834.6425889,456.5,534.9000244140625,712.4400024414062,248.1199951171875,177.8000030517578,164.17999267578125,558.1099853515625,662.1699829101562,471.4500122070313,300.1499938964844,1,-0.2939858729027526,-0.0856473198178928,0.4660945689067211,-0.8083844847594321,-0.0591126082992968,-0.5572562436025472,0.1802379075174249
1765625834.873217,456.4200134277344,537.3599853515625,708.75,248.1199951171875,177.8000030517578,164.17999267578125,558.1099853515625,662.1699829101562,471.4500122070313,300.1499938964844,1,-0.2893836002329088,-0.0849627211688278,0.4749112675349947,-0.8066219401160286,-0.0686674922164523,-0.5589185526758923,0.1795992001954444
1765625835.359755,456.4200134277344,537.280029296875,708.6599731445312,250.4900054931641,177.8000030517578,164.17999267578125,558.1900024414062,662.1699829101562,471.4500122070313,300.1499938964844,0,-0.2848200079597695,-0.0839527976529112,0.4954313181217811,-0.9532911111854914,-0.1286970457008106,0.2687593014954205,0.0494122011481809
1765625836.0621936,456.4200134277344,537.280029296875,708.4000244140625,250.4900054931641,180.25999450683597,169.00999450683594,558.1099853515625,662.1699829101562,471.4500122070313,300.1499938964844,0,-0.2871877921640278,-0.0846969398652562,0.5004674057514901,-0.6943168541788558,-0.0463129178835772,-0.7172113878269336,0.0372430505148362
1765625837.4668932,456.4200134277344,537.280029296875,708.4000244140625,250.4900054931641,180.25999450683597,169.00999450683594,558.1099853515625,662.1699829101562,471.4500122070313,300.1499938964844,0,-0.2818868744093137,-0.0831318660648037,0.4910961212563995,-0.954597478122768,-0.1251708827323416,0.2670846991013055,0.041733300655748
1765625839.751721,456.4200134277344,537.280029296875,708.4000244140625,250.4900054931641,180.25999450683597,169.00999450683594,558.1099853515625,662.1699829101562,471.4500122070313,300.1499938964844,1,-0.2945585992705766,-0.0845535371498968,0.4828313584039043,-0.8249415969340309,-0.0542859361780661,-0.530406584189989,0.187598651991718
1765625840.6152344,456.4200134277344,537.280029296875,708.4000244140625,250.4900054931641,180.17999267578125,169.00999450683594,558.1099853515625,662.1699829101562,471.4500122070313,300.1499938964844,1,-0.2862764782881141,-0.0823362804637919,0.4696809240385873,-0.8064103996691916,-0.0646634565447685,-0.5618002929646858,0.1729200263643602
1765625844.7213523,456.4200134277344,539.3800048828125,708.4000244140625,250.30999755859372,180.17999267578125,168.92999267578125,558.1099853515625,662.1699829101562,471.4500122070313,300.1499938964844,1,-0.3090629780347344,-0.0949781682154321,0.4682355542930755,-0.8513366915868159,-0.034231320942531,-0.5147688703792556,0.0952211337519648
1765625844.7778008,456.4200134277344,539.3800048828125,708.4000244140625,250.30999755859372,180.17999267578125,168.92999267578125,558.1099853515625,662.1699829101562,471.4500122070313,300.1499938964844,1,-0.3133730006694211,-0.0933690033515361,0.4785359145342986,-0.8690343464442546,-0.0471558472536866,-0.4858377096244038,0.0807301101009276
1765625844.8371792,456.4200134277344,539.3800048828125,708.4000244140625,250.30999755859372,180.17999267578125,168.92999267578125,558.1099853515625,662.1699829101562,471.4500122070313,300.1499938964844,1,-0.2980714653799206,-0.0865942391671201,0.4575600239956112,-0.9963574438549262,-0.0719138395612577,-0.0380257404586302,0.0255790308066639
1765625845.0825872,456.4200134277344,539.8200073242188,708.4000244140625,250.30999755859372,180.17999267578125,168.92999267578125,558.1099853515625,662.1699829101562,471.4500122070313,300.1499938964844,1,-0.3029062977396171,-0.0873667798378319,0.4721653304144456,-0.8573501550101545,-0.0369091672938157,-0.505458859885937,0.0899987001936702
1765625845.342104,456.4200134277344,539.739990234375,708.4000244140625,250.22000122070312,180.17999267578125,171.3000030517578,558.1099853515625,662.1699829101562,471.4500122070313,300.1499938964844,1,-0.296144224443172,-0.085017607939622,0.4742577767455447,-0.8435704185328532,-0.0526587654614035,-0.5195484210197722,0.1252415330960513
1765625845.4532058,456.4200134277344,539.739990234375,708.4000244140625,252.3300018310547,180.17999267578125,173.5800018310547,558.1099853515625,662.1699829101562,471.4500122070313,300.1499938964844,1,-0.2977829314892032,-0.0868367974934709,0.4767427643030905,-0.8492021627712314,-0.0422977414079398,-0.5111139885661476,0.1258136658255143
1765625845.603315,456.4200134277344,539.739990234375,708.4000244140625,252.3300018310547,180.17999267578125,173.5800018310547,558.1099853515625,662.1699829101562,471.4500122070313,300.1499938964844,0,-0.2891902554481841,-0.0899353044252146,0.5020600933520293,-0.687153012828222,-0.0594650927124703,-0.7223772791514351,0.0495550832464653
1765625846.4717112,456.4200134277344,539.739990234375,708.4000244140625,252.69000244140625,180.25999450683597,173.94000244140625,558.1099853515625,662.1699829101562,471.4500122070313,300.1499938964844,1,-0.3026099829906453,-0.0878514660259136,0.4925388356961684,-0.862348307498462,-0.0661895542586252,-0.483018407700111,0.1366292695012011
1765625846.661723,456.4200134277344,539.739990234375,708.4000244140625,252.69000244140625,180.25999450683597,173.94000244140625,558.1099853515625,662.1699829101562,471.4500122070313,300.1499938964844,1,-0.292677370610993,-0.0853030782816394,0.4758349328074785,-0.8342764248901585,-0.0493798315012207,-0.5365167791544299,0.1170223260714104
1765625847.2996418,456.4200134277344,539.739990234375,708.4000244140625,252.69000244140625,180.17999267578125,173.94000244140625,558.1099853515625,662.1699829101562,471.4500122070313,300.1499938964844,1,-0.2989875581341273,-0.087274042076736,0.486365415513705,-0.864836535733872,-0.053165814764142,-0.4796465632483679,0.1384569859715628
1765625847.353504,456.4200134277344,539.739990234375,708.4000244140625,252.69000244140625,180.17999267578125,173.94000244140625,558.1099853515625,662.1699829101562,471.4500122070313,300.1499938964844,1,-0.2926373098078831,-0.0854865017046155,0.4759106560106788,-0.8454030670090291,-0.0488905702585973,-0.5182592468454917,0.1196274194767235
1765625847.4620192,456.4200134277344,539.739990234375,708.4000244140625,252.69000244140625,180.17999267578125,173.94000244140625,558.1099853515625,662.1699829101562,471.4500122070313,300.1499938964844,0,-0.2818251900293056,-0.0843891583011907,0.4876238964956114,-0.9507449573305734,-0.1173718477246942,0.2851525069026476,0.031558252158712
1765625848.2241344,456.4200134277344,539.739990234375,708.4000244140625,252.69000244140625,180.17999267578125,173.94000244140625,558.1099853515625,662.1699829101562,471.4500122070313,300.1499938964844,1,-0.300225544575857,-0.0871115472962559,0.4883779578816859,-0.8696014149214,-0.0530332078872431,-0.4762264332834557,0.1191186058934776
1765625848.3458264,456.4200134277344,539.739990234375,708.4000244140625,252.69000244140625,180.17999267578125,173.94000244140625,558.1099853515625,662.1699829101562,471.4500122070313,300.1499938964844,1,-0.2903661090476374,-0.0842050939606227,0.4720833432700922,-0.8386894234815212,-0.0503712678781462,-0.5305212674755047,0.1122941274901134
1765625848.4198723,456.4200134277344,539.739990234375,708.4000244140625,252.69000244140625,180.17999267578125,173.94000244140625,558.1099853515625,662.1699829101562,471.4500122070313,300.1499938964844,1,-0.3023734502589913,-0.0881502915910286,0.4917237892388791,-0.8665606594696548,-0.0553351513883589,-0.4790533237981692,0.1285245402180881
1765625848.4198723,456.4200134277344,539.739990234375,708.4000244140625,252.69000244140625,180.17999267578125,173.94000244140625,558.1099853515625,662.1699829101562,471.4500122070313,300.1499938964844,0,-0.2873942034895876,-0.086306369249529,0.4983207770073735,-0.6863137723723878,-0.0546156004505321,-0.7244085512960682,0.0349684550494006
1765625848.6450992,456.4200134277344,539.739990234375,708.4000244140625,252.69000244140625,180.25999450683597,173.94000244140625,558.1099853515625,662.1699829101562,471.4500122070313,300.1499938964844,1,-0.290356522031379,-0.0843985448648395,0.4722059774622629,-0.8366145710759426,-0.053278236976364,-0.535848794306995,0.1005164591887671
1765625848.684661,456.4200134277344,539.739990234375,708.4000244140625,252.6000061035156,180.25999450683597,173.85000610351562,558.1099853515625,662.1699829101562,471.4500122070313,300.1499938964844,0,-0.2810750862230753,-0.0842710881144446,0.4864768326680164,-0.9538190543483454,-0.1063584992345059,0.2765311002377714,0.0494735465061833
1765625849.163784,456.4200134277344,539.739990234375,708.4000244140625,252.69000244140625,180.17999267578125,173.94000244140625,558.1099853515625,662.1699829101562,471.4500122070313,300.1499938964844,1,-0.2971900246548447,-0.0861451163448893,0.4834474100088226,-0.8568459390792175,-0.0565119887789321,-0.499330403751542,0.1152847765189577
1765625849.3750958,456.4200134277344,539.739990234375,708.4000244140625,252.69000244140625,180.17999267578125,173.85000610351562,558.1099853515625,662.1699829101562,471.4500122070313,300.1499938964844,1,-0.2898108570817781,-0.0840682713184744,0.471318230068135,-0.8340901556046636,-0.052731640681588,-0.5369107467432979,0.1150644881184908
1765625849.525979,456.4200134277344,539.739990234375,708.4000244140625,252.69000244140625,180.25999450683597,173.85000610351562,558.1099853515625,662.1699829101562,471.4500122070313,300.1499938964844,1,-0.2972334374462491,-0.0862075133226463,0.4838003759557325,-0.8571311393055657,-0.0498353198417296,-0.497977785064933,0.1219047846101163
1765625849.525979,456.4200134277344,539.739990234375,708.4000244140625,252.69000244140625,180.25999450683597,173.85000610351562,558.1099853515625,662.1699829101562,471.4500122070313,300.1499938964844,0,-0.2919656159738016,-0.0872408891878606,0.5051753047036793,-0.9568986609075776,-0.1212230930198224,0.2595499334641476,0.0477885604590549
1765625849.6536198,456.4200134277344,539.739990234375,708.4000244140625,252.69000244140625,180.17999267578125,173.94000244140625,558.1099853515625,662.1699829101562,471.4500122070313,300.1499938964844,1,-0.305184709796406,-0.0887289570737442,0.4964337214724602,-0.8780145047017859,-0.0619749594045199,-0.4607951890251361,0.113654862242558
1765625849.7080796,456.4200134277344,539.739990234375,708.4000244140625,252.69000244140625,180.17999267578125,173.94000244140625,558.1099853515625,662.1699829101562,471.4500122070313,300.1499938964844,1,-0.2975234767230019,-0.0862188857566105,0.4838487754906945,-0.8546343475859665,-0.0590922234120218,-0.5057487996474914,0.1016188600293023
1765625849.7844388,456.4200134277344,539.739990234375,708.4000244140625,252.69000244140625,180.17999267578125,173.94000244140625,558.1099853515625,662.1699829101562,471.4500122070313,300.1499938964844,0,-0.2824667274679591,-0.0848597288880572,0.4893431963647694,-0.9555169386009738,-0.1129407847852868,0.2694423078115814,0.0404054691827181
1765625850.0490062,456.4200134277344,539.739990234375,708.4000244140625,252.69000244140625,180.25999450683597,173.94000244140625,558.1099853515625,662.1699829101562,471.4500122070313,300.1499938964844,1,-0.2918374832958117,-0.0845694238622441,0.4746098453556092,-0.8357265017166189,-0.0534566347307218,-0.5324339353051716,0.1233600707977137
1765625850.1886854,456.4200134277344,539.739990234375,708.4000244140625,252.69000244140625,180.25999450683597,173.94000244140625,558.1099853515625,662.1699829101562,471.4500122070313,300.1499938964844,1,-0.3020642187597528,-0.0879377318812316,0.4915103921715889,-0.8601600451096765,-0.059579162939092,-0.4933173142969378,0.1149480211019431
1765625850.6516914,456.4200134277344,539.739990234375,714.5499877929688,252.69000244140625,180.25999450683597,173.85000610351562,558.1099853515625,662.1699829101562,471.4500122070313,300.1499938964844,1,-0.298412564955434,-0.0867345028541433,0.4852911280656072,-0.8529995329595064,-0.0666322886299709,-0.5031278187393766,0.1217141441795213
1765625850.7829585,456.4200134277344,539.739990234375,714.5499877929688,252.69000244140625,180.25999450683597,173.85000610351562,558.1099853515625,662.1699829101562,471.4500122070313,300.1499938964844,0,-0.2890641433317384,-0.0871593640893637,0.5001312618167386,-0.6955632714024942,-0.0487361557453662,-0.7154908509775182,0.0434668237451336
1765625850.893831,456.4200134277344,541.9299926757812,720.0,252.69000244140625,180.17999267578125,173.85000610351562,558.1099853515625,662.1699829101562,471.4500122070313,300.1499938964844,1,-0.2923824591355451,-0.0768101416803711,0.4564181125685991,-0.8366833805696212,-0.049506991782198,-0.5350700893369682,0.1058771832842034
1765625851.0840776,456.4200134277344,544.0399780273438,716.6599731445312,252.69000244140625,180.17999267578125,173.85000610351562,558.1099853515625,662.1699829101562,471.4500122070313,300.1499938964844,1,-0.3034852070768349,-0.0805556486209185,0.4716102715211964,-0.8493287177369538,-0.0470940393591361,-0.5123105255218386,0.1181558552238508
1765625851.3188608,456.4200134277344,544.1300048828125,716.8400268554688,252.69000244140625,180.25999450683597,173.85000610351562,558.1099853515625,662.1699829101562,471.4500122070313,300.1499938964844,1,-0.2925404561395406,-0.0782205140170391,0.4672851060943004,-0.8419224308508068,-0.054609658206289,-0.5267706993395489,0.1034264761953314
1765625851.4452724,456.4200134277344,544.1300048828125,716.8400268554688,252.69000244140625,180.25999450683597,173.85000610351562,558.1099853515625,662.1699829101562,471.4500122070313,300.1499938964844,1,-0.3037032256001511,-0.0816538739236957,0.4790409624364045,-0.8650193341268968,-0.0605915924382418,-0.4865205796671325,0.1066205236941536
1765625851.517457,456.4200134277344,544.1300048828125,716.8400268554688,252.69000244140625,180.17999267578125,173.85000610351562,558.1099853515625,662.1699829101562,471.4500122070313,300.1499938964844,1,-0.2969028876607448,-0.0804638256095105,0.4685919038619948,-0.8328734979136146,-0.0459693172076343,-0.54102272838898,0.1072518797744263
1765625851.7071614,456.4200134277344,544.1300048828125,716.8400268554688,252.69000244140625,180.17999267578125,173.85000610351562,558.1099853515625,662.1699829101562,471.4500122070313,300.1499938964844,1,-0.3009019989629392,-0.0841463476920174,0.4804845433200707,-0.8727267679439893,-0.0526762154302966,-0.4711894051021031,0.1164205710409702
1765625851.8703392,456.4200134277344,544.1300048828125,716.8400268554688,252.69000244140625,180.25999450683597,173.85000610351562,558.1099853515625,662.1699829101562,471.4500122070313,300.1499938964844,1,-0.2893118899604586,-0.0780059340037385,0.4625289321942086,-0.826529457487792,-0.0545919564853025,-0.5491427363710919,0.1109550777698452
1765625851.9222226,456.4200134277344,544.1300048828125,716.8400268554688,252.69000244140625,180.25999450683597,173.85000610351562,558.1099853515625,662.1699829101562,471.4500122070313,300.1499938964844,1,-0.2983104750663729,-0.0805595464335442,0.4756678004571975,-0.8520552409325177,-0.0530947153851772,-0.5000580101532306,0.1453437445478402
1765625852.329641,456.4200134277344,544.219970703125,718.0700073242188,252.69000244140625,180.17999267578125,173.85000610351562,558.1099853515625,662.1699829101562,471.4500122070313,300.1499938964844,1,-0.2935944375589264,-0.0805618247367489,0.4672218294773097,-0.8429426286141531,-0.0512038353451683,-0.5224573370121965,0.1177464356706019
1765625852.6716948,456.4200134277344,546.4199829101562,735.9099731445312,252.69000244140625,180.25999450683597,173.85000610351562,558.1099853515625,662.1699829101562,471.4500122070313,300.1499938964844,1,-0.3044398070525486,-0.0706403221934449,0.4568854419728531,-0.8527150092053114,-0.0384124039262273,-0.508778709541984,0.1120081471027341
1765625853.04194,456.4200134277344,548.530029296875,732.2999877929688,252.69000244140625,180.17999267578125,173.85000610351562,558.1099853515625,662.1699829101562,471.4500122070313,300.1499938964844,1,-0.2996903470456407,-0.0739916612074044,0.4671539687576476,-0.8718811940882388,-0.0482573021308467,-0.4718058349987969,0.1220396257262661
1765625853.2057023,456.4200134277344,548.7899780273438,732.2999877929688,252.69000244140625,180.17999267578125,173.85000610351562,558.1099853515625,662.1699829101562,471.4500122070313,300.1499938964844,1,-0.2981271248908146,-0.0705000845115148,0.4570401255534813,-0.8495014338155535,-0.0351445804232839,-0.5130004790220067,0.1180791299738528
1765625853.5967872,456.4200134277344,548.7000122070312,732.3900146484375,252.69000244140625,180.17999267578125,173.85000610351562,558.1099853515625,662.1699829101562,471.4500122070313,300.1499938964844,1,-0.2863934342320128,-0.0688834089538823,0.4429778390709651,-0.8360884422991013,-0.0261516972511891,-0.5285825222612262,0.144473951093978
1765625853.8046627,456.4200134277344,548.7000122070312,732.2999877929688,252.69000244140625,180.17999267578125,173.85000610351562,558.1099853515625,662.1699829101562,471.4500122070313,300.1499938964844,1,-0.2968990030654972,-0.0723539084364785,0.4562915507829372,-0.8535594064148206,-0.0468967101368593,-0.5066905770853443,0.1118109895852774
1765625854.3407686,456.4200134277344,548.7899780273438,732.3900146484375,252.69000244140625,180.17999267578125,173.85000610351562,558.1099853515625,662.1699829101562,471.4500122070313,300.1499938964844,1,-0.3054117349189265,-0.0737997334742668,0.4680612316931579,-0.8732327181785327,-0.0456392609354893,-0.47081125745342,0.1171257342300276
1765625854.4162776,456.4200134277344,548.7899780273438,732.3900146484375,252.69000244140625,180.17999267578125,173.85000610351562,558.1099853515625,662.1699829101562,471.4500122070313,300.1499938964844,1,-0.2942091558636378,-0.0710450629000888,0.452662164495118,-0.8427039852186333,-0.0379719622561051,-0.5236690887670216,0.119074803585694
1765625854.655867,456.4200134277344,548.7899780273438,732.3900146484375,252.69000244140625,180.17999267578125,173.85000610351562,558.1099853515625,662.1699829101562,471.4500122070313,300.1499938964844,1,-0.3031017747696021,-0.0731807446173059,0.4646558422878901,-0.8662438251989095,-0.0459151046479342,-0.4856967344023024,0.1077595502072547
1765625854.724181,456.4200134277344,548.7899780273438,732.3900146484375,252.69000244140625,180.17999267578125,173.85000610351562,558.1099853515625,662.1699829101562,471.4500122070313,300.1499938964844,1,-0.2953090935539046,-0.0711342183615078,0.4532256043393872,-0.854067375652629,-0.0423205562431617,-0.5066392748341332,0.1099751497414042
1765625854.914062,456.4200134277344,548.7899780273438,732.3900146484375,252.69000244140625,180.25999450683597,173.85000610351562,558.1099853515625,662.1699829101562,471.4500122070313,300.1499938964844,1,-0.3011168617035916,-0.0734384778207555,0.4641741458690295,-0.8677917587251811,-0.0462106086177713,-0.482570708521888,0.1092133435827118
1765625855.0296438,456.4200134277344,548.7899780273438,732.3900146484375,252.69000244140625,180.25999450683597,173.85000610351562,558.1099853515625,662.1699829101562,471.4500122070313,300.1499938964844,1,-0.2932735903057316,-0.0706424327687376,0.4506029950727701,-0.8452906648840601,-0.0345529629180786,-0.5224459299838697,0.106489599758544
1765625855.3196545,456.4200134277344,548.7000122070312,732.3900146484375,252.69000244140625,180.25999450683597,173.85000610351562,558.1099853515625,662.1699829101562,471.4500122070313,300.1499938964844,1,-0.2989369731644048,-0.0723716072589866,0.4600546347745389,-0.8540213534774475,-0.0444620276712418,-0.5054524716954095,0.1148409977182001
1765625856.024085,456.4200134277344,548.7000122070312,732.3900146484375,252.69000244140625,180.17999267578125,173.85000610351562,558.1099853515625,662.1699829101562,471.4500122070313,300.1499938964844,1,-0.2913787409950903,-0.0705011848369761,0.4486843790939688,-0.8361510946153378,-0.0401483973461241,-0.5346293112011723,0.1158056681197868
1765625856.203632,456.4200134277344,548.7899780273438,732.3900146484375,252.69000244140625,180.25999450683597,173.85000610351562,558.1099853515625,662.1699829101562,471.4500122070313,300.1499938964844,1,-0.3016987707668765,-0.0730798487425718,0.4640392033313624,-0.8732846188618774,-0.03633096900895,-0.4686400430165929,0.1281816883628173
1765625856.6184611,456.4200134277344,548.7899780273438,732.3900146484375,252.69000244140625,180.17999267578125,173.85000610351562,558.1099853515625,662.1699829101562,471.4500122070313,300.1499938964844,1,-0.2929948456383857,-0.0707568639111127,0.45029908520263,-0.8409176351942921,-0.0364631045159965,-0.5290014886461684,0.1080990186746986
1765625856.676445,456.4200134277344,548.7899780273438,732.3900146484375,252.69000244140625,180.25999450683597,173.85000610351562,558.1099853515625,662.1699829101562,471.4500122070313,300.1499938964844,1,-0.299866525111323,-0.0723695614545259,0.4610997917310701,-0.8661594280439493,-0.0368907297439259,-0.4839463910139145,0.1191755423488666
1765625856.919686,456.4200134277344,548.7899780273438,732.3900146484375,252.69000244140625,180.25999450683597,173.85000610351562,558.1099853515625,662.1699829101562,471.4500122070313,300.1499938964844,1,-0.294335289079646,-0.0710771209130302,0.4528569435787948,-0.8449472066479672,-0.045526439467568,-0.5230437423106946,0.1020627498984178
1765625857.6959772,456.4200134277344,548.7899780273438,732.3900146484375,252.69000244140625,180.17999267578125,173.85000610351562,558.1099853515625,662.1699829101562,471.4500122070313,300.1499938964844,1,-0.304584612191652,-0.0737395264217118,0.4687334021103394,-0.8725490703616319,-0.04785218991872,-0.4750317835523446,0.1035040692249022
1765625857.7716796,456.4200134277344,548.7899780273438,732.3900146484375,252.69000244140625,180.17999267578125,173.85000610351562,558.1099853515625,662.1699829101562,471.4500122070313,300.1499938964844,1,-0.2991725643175951,-0.0723496151692011,0.4599083528785767,-0.8540444470340466,-0.0501697437285103,-0.506644176048423,0.1067836981038751
1765625857.8930442,456.4200134277344,548.7899780273438,732.3900146484375,252.6000061035156,180.17999267578125,173.85000610351562,558.1099853515625,662.1699829101562,471.4500122070313,300.1499938964844,1,-0.2919820474048295,-0.0704079548337898,0.4491153363112411,-0.836140091888607,-0.0396712949189921,-0.5351368125492572,0.1136860895210298
1765625858.135541,456.4200134277344,548.7899780273438,732.2999877929688,252.69000244140625,180.17999267578125,173.85000610351562,558.1099853515625,662.1699829101562,471.4500122070313,300.1499938964844,1,-0.2997591614916756,-0.0724053960664382,0.4613181404152568,-0.864330777225713,-0.0398057590296506,-0.4894464910357604,0.1085814970482983
1765625858.4914274,456.4200134277344,548.7899780273438,729.8400268554688,252.69000244140625,180.17999267578125,173.85000610351562,558.1099853515625,662.1699829101562,471.4500122070313,300.1499938964844,1,-0.2938558003515925,-0.0709403235341747,0.4519949676400867,-0.846733282484519,-0.0491855606398075,-0.5186252788533996,0.107941415090656
1765625858.547403,456.4200134277344,548.7899780273438,729.8400268554688,252.69000244140625,180.17999267578125,173.85000610351562,558.1099853515625,662.1699829101562,471.4500122070313,300.1499938964844,1,-0.3027289545795465,-0.0732078026914676,0.4658823505145947,-0.8700895154123279,-0.040460657341899,-0.4808379530625087,0.1005088716067315
1765625858.6830523,456.4200134277344,548.7000122070312,717.010009765625,252.69000244140625,180.25999450683597,173.85000610351562,558.1099853515625,662.1699829101562,471.4500122070313,300.1499938964844,1,-0.2973313260427318,-0.0736161200657317,0.4658293655840627,-0.8329318035354005,-0.032770305709337,-0.534629674452499,0.1390029816867128
1765625858.74826,456.4200134277344,548.7000122070312,717.010009765625,252.69000244140625,180.25999450683597,173.85000610351562,558.1099853515625,662.1699829101562,471.4500122070313,300.1499938964844,1,-0.3005823824335989,-0.076593499925684,0.4754687364554875,-0.8354125537641998,-0.0485993329802622,-0.5285316069365222,0.1427526192969825
1765625858.8771036,456.4200134277344,548.7000122070312,703.47998046875,252.6000061035156,180.25999450683597,173.85000610351562,558.1099853515625,662.1699829101562,471.4500122070313,300.1499938964844,1,-0.2896518911503885,-0.0823628287573652,0.4756508926830928,-0.8389732452197607,-0.057201324311467,-0.5331483850629731,0.0927615319363656
1765625859.011209,456.4200134277344,548.7000122070312,703.47998046875,252.6000061035156,180.25999450683597,173.85000610351562,558.1099853515625,662.1699829101562,471.4500122070313,300.1499938964844,0,-0.2908250900872005,-0.0895884293443077,0.5119531516948376,-0.7133790164520409,-0.0380358967180995,-0.6982624252036813,0.0455327903322665
1765625859.1480806,456.4200134277344,548.7000122070312,689.8499755859375,252.69000244140625,180.17999267578125,173.85000610351562,558.1099853515625,662.1699829101562,471.4500122070313,300.1499938964844,0,-0.2908738086360424,-0.0958918338940983,0.5169788441528699,-0.9612322050215794,-0.132272423826958,0.2397206123529682,0.0327212765247924
1765625859.3263946,456.4200134277344,548.7000122070312,676.22998046875,252.6000061035156,180.17999267578125,173.85000610351562,558.1099853515625,662.1699829101562,471.4500122070313,300.1499938964844,1,-0.2920097892006472,-0.1006863304675391,0.5008033621015563,-0.8314824537971458,-0.0816462761573094,-0.5395314097778209,0.1042912866939471
1765625859.3675272,456.4200134277344,548.7000122070312,676.22998046875,252.6000061035156,180.17999267578125,173.85000610351562,558.1099853515625,662.1699829101562,471.4500122070313,300.1499938964844,0,-0.2847009008597541,-0.1023328026429014,0.5239140192949295,-0.7210328706716742,-0.0876158381296088,-0.6830760306192506,0.0764342901665199
1765625859.4576118,456.4200134277344,548.7000122070312,662.7000122070312,252.69000244140625,180.25999450683597,173.85000610351562,558.1099853515625,662.1699829101562,471.4500122070313,300.1499938964844,1,-0.2932814972440751,-0.1053907522633361,0.5100534728481304,-0.8201007746916105,-0.091553945413918,-0.5507187821423588,0.1255444838493615
1765625859.4576118,456.4200134277344,548.7000122070312,662.7000122070312,252.69000244140625,180.25999450683597,173.85000610351562,558.1099853515625,662.1699829101562,471.4500122070313,300.1499938964844,0,-0.28187861515371,-0.1040424162981143,0.5223911401673665,-0.9637399350175128,-0.1515972474157494,0.2170025681890361,0.0336674565087875
1765625859.63647,456.4200134277344,548.7000122070312,662.7000122070312,252.69000244140625,180.25999450683597,173.85000610351562,558.1099853515625,662.1699829101562,471.4500122070313,300.1499938964844,0,-0.2649970298294486,-0.1009207158752696,0.4943984183738787,-0.7296543322822616,-0.0746369889940843,-0.6769164766027678,0.0617896347239448
1765625859.7110488,456.4200134277344,548.7000122070312,648.719970703125,252.69000244140625,180.17999267578125,173.85000610351562,558.1099853515625,662.1699829101562,471.4500122070313,300.1499938964844,1,-0.2849674408317165,-0.1063674425426545,0.4987139336557397,-0.7878333798460183,-0.109747718240254,-0.5948302835462634,0.1159781777651688
1765625859.7110488,456.4200134277344,548.7000122070312,648.719970703125,252.69000244140625,180.17999267578125,173.85000610351562,558.1099853515625,662.1699829101562,471.4500122070313,300.1499938964844,0,-0.2705456981027295,-0.1035010195217213,0.5052520343051109,-0.7338950619871843,-0.0634984968425945,-0.6687397451569352,0.1007627517339389
1765625859.7618198,456.4200134277344,548.7000122070312,648.719970703125,252.69000244140625,180.17999267578125,173.85000610351562,558.1099853515625,662.1699829101562,471.4500122070313,300.1499938964844,1,-0.2923404883720494,-0.1107605962930333,0.5132256919842257,-0.7998306943862171,-0.0985350012211839,-0.5842192545325768,0.0961747185356083
1765625859.837783,456.4200134277344,548.7000122070312,648.719970703125,252.69000244140625,180.17999267578125,173.85000610351562,558.1099853515625,662.1699829101562,471.4500122070313,300.1499938964844,1,-0.2833059386383295,-0.1084498141963964,0.4987941779300302,-0.7927402685497039,-0.0978256780040995,-0.591462542040341,0.1102953521503028
1765625859.837783,456.4200134277344,548.7000122070312,648.719970703125,252.69000244140625,180.17999267578125,173.85000610351562,558.1099853515625,662.1699829101562,471.4500122070313,300.1499938964844,0,-0.2845410927227176,-0.1116288325868575,0.5339288397092594,-0.9704771076654156,-0.1570987826445476,0.1812349058846889,0.0254571184138806
1765625859.8906798,456.4200134277344,548.7000122070312,642.0399780273438,252.69000244140625,180.17999267578125,173.85000610351562,558.1099853515625,662.1699829101562,471.4500122070313,300.1499938964844,1,-0.2863114074296342,-0.1122798283987335,0.5092400784594455,-0.7959264811991159,-0.1103551758339339,-0.5860169109925841,0.1044363524993317
1765625859.947371,456.4200134277344,548.7000122070312,642.0399780273438,252.69000244140625,180.17999267578125,173.85000610351562,558.1099853515625,662.1699829101562,471.4500122070313,300.1499938964844,1,-0.2938548593750072,-0.1174181589522767,0.5265195336871461,-0.8033171570404306,-0.1184757935003102,-0.5730808525949135,0.1105593412970576
1765625860.01941,456.4200134277344,548.7000122070312,642.0399780273438,252.69000244140625,180.17999267578125,173.85000610351562,558.1099853515625,662.1699829101562,471.4500122070313,300.1499938964844,1,-0.2799333756533963,-0.1184985535040589,0.5143523208115366,-0.790039125753036,-0.108157940637782,-0.5930012011916527,0.1117569462791003
1765625860.1432872,456.4200134277344,548.7000122070312,642.0399780273438,252.6000061035156,180.17999267578125,173.85000610351562,558.1099853515625,662.1699829101562,471.4500122070313,300.1499938964844,1,-0.2762427652764782,-0.115581981990609,0.504557808425989,0.9744089218511318,0.1741436653285901,-0.1416750840875663,0.0113757369704061
1765625860.2244017,456.4200134277344,548.7000122070312,642.0399780273438,252.6000061035156,180.17999267578125,173.85000610351562,558.1099853515625,662.1699829101562,471.4500122070313,300.1499938964844,0,-0.250788063615437,-0.1064392227850779,0.4855200677717402,-0.7501554338424499,-0.0707769688389023,-0.6504116706011802,0.0960317890305322
1765625860.4462996,456.4200134277344,548.7000122070312,642.1300048828125,252.69000244140625,180.17999267578125,173.85000610351562,558.1099853515625,662.1699829101562,471.4500122070313,300.1499938964844,0,-0.254781675155339,-0.1094695837823823,0.4981048327182591,-0.7554533905598774,-0.0776782538782948,-0.6422026291739137,0.1040771187539199
1765625860.9251173,456.4200134277344,548.530029296875,636.77001953125,252.6000061035156,180.25999450683597,173.85000610351562,558.1099853515625,662.1699829101562,471.4500122070313,300.1499938964844,1,-0.2866711163770943,-0.1214212611268771,0.524984172863924,-0.7881900965907775,-0.1196126203280417,-0.5923543055107491,0.1164713245282229
1765625860.9251173,456.4200134277344,548.530029296875,636.77001953125,252.6000061035156,180.25999450683597,173.85000610351562,558.1099853515625,662.1699829101562,471.4500122070313,300.1499938964844,0,-0.2684898816848452,-0.1157902252618499,0.5246999954563015,-0.7600005922644651,-0.0987761148139345,-0.6298200727770581,0.1263687256682921
1765625860.9784937,456.4200134277344,548.530029296875,636.77001953125,252.6000061035156,180.25999450683597,173.85000610351562,558.1099853515625,662.1699829101562,471.4500122070313,300.1499938964844,1,-0.2796170352090014,-0.1195127433737909,0.5127472012759658,-0.7756250491836908,-0.1235040497919058,-0.6093728682321979,0.108707130521691
1765625861.026872,456.4200134277344,548.530029296875,636.77001953125,252.6000061035156,180.25999450683597,173.85000610351562,558.1099853515625,662.1699829101562,471.4500122070313,300.1499938964844,1,-0.2854003265655334,-0.1237122571495168,0.5250822738907001,-0.7907005769103431,-0.1205815580714906,-0.5910669640177512,0.1043672821028736
1765625861.2744725,456.4200134277344,548.530029296875,609.1699829101562,252.6000061035156,180.17999267578125,173.85000610351562,558.1099853515625,662.1699829101562,471.4500122070313,300.1499938964844,0,-0.2394916715888474,-0.1182157905922475,0.4998855812108179,-0.7702582480186242,-0.1542856834265218,-0.5894006665688695,0.1884277407842678
1765625861.3261082,456.4200134277344,548.530029296875,609.1699829101562,252.6000061035156,180.17999267578125,173.85000610351562,558.1099853515625,662.1699829101562,471.4500122070313,300.1499938964844,0,-0.2430110978306167,-0.1217396266222297,0.5101103618638684,-0.7917161490732637,-0.1167327558053561,-0.5895326294694863,0.1095914312776432
1765625861.3801336,456.4200134277344,548.530029296875,609.1699829101562,252.6000061035156,180.17999267578125,173.85000610351562,558.1099853515625,662.1699829101562,471.4500122070313,300.1499938964844,1,-0.2697697922242673,-0.1354601784007625,0.5337618486371147,-0.7508399963211627,-0.1519795672357519,-0.6312841225311349,0.1209209150948051
1765625861.440469,456.4200134277344,548.530029296875,609.1699829101562,252.6000061035156,180.17999267578125,173.85000610351562,558.1099853515625,662.1699829101562,471.4500122070313,300.1499938964844,0,-0.2544516915098895,-0.1320841617977524,0.5413017202893138,0.971414325051616,0.1764488258302113,-0.1583379429360134,0.0122113379465489
1765625861.8244965,456.4200134277344,548.530029296875,581.47998046875,252.6000061035156,180.17999267578125,173.85000610351562,558.1099853515625,662.1699829101562,471.4500122070313,300.1499938964844,0,-0.2434856975687583,-0.1421267262688567,0.5580868863999303,-0.8122594179315124,-0.16270793331098,-0.5314711502008744,0.1769157509194416
1765625861.923617,456.4200134277344,548.530029296875,567.77001953125,252.6000061035156,180.17999267578125,173.85000610351562,558.1099853515625,662.1699829101562,471.4500122070313,300.1499938964844,0,-0.2377362448863667,-0.1418173366687814,0.5522010158620985,-0.808241966470286,-0.1683345202400356,-0.5313573416270602,0.1899152137950665
1765625861.9869795,456.4200134277344,548.530029296875,567.77001953125,252.6000061035156,180.17999267578125,173.85000610351562,558.1099853515625,662.1699829101562,471.4500122070313,300.1499938964844,0,-0.2415850335374813,-0.1466721200003138,0.5663405722750356,-0.8243354023134561,-0.1685695604666256,-0.5043569579891793,0.1941120982955527
1765625862.2209847,456.4200134277344,548.530029296875,554.0599975585938,252.6000061035156,180.25999450683597,173.85000610351562,558.1099853515625,662.1699829101562,471.4500122070313,300.1499938964844,0,-0.2319048201104956,-0.149447145849749,0.5675962532043932,-0.82443000838918,-0.1893615020849204,-0.4977947424105163,0.1914622083441197
1765625862.2688718,456.4200134277344,548.530029296875,551.8699951171875,252.6000061035156,180.25999450683597,173.85000610351562,558.1099853515625,662.1699829101562,471.4500122070313,300.1499938964844,0,-0.2283673995746923,-0.1478481401163244,0.5619124519201485,-0.8206731649240376,-0.1854646489346967,-0.5031449439301209,0.1973412926040792
1765625862.3303933,456.4200134277344,548.530029296875,551.8699951171875,252.6000061035156,180.25999450683597,173.85000610351562,558.1099853515625,662.1699829101562,471.4500122070313,300.1499938964844,0,-0.2221779691513963,-0.1439003403233584,0.5476624144383577,-0.806093146781754,-0.1849082575973853,-0.5268515923717018,0.1960871607198976
1765625862.3789988,456.4200134277344,548.530029296875,551.8699951171875,252.6000061035156,180.25999450683597,173.85000610351562,558.1099853515625,662.1699829101562,471.4500122070313,300.1499938964844,0,-0.2288357614534417,-0.1478185075833708,0.5625668896811153,-0.8210706089688802,-0.1850779151180473,-0.5036204591051348,0.1948221075590823
1765625862.4200816,456.4200134277344,548.530029296875,551.8699951171875,252.6000061035156,180.25999450683597,173.85000610351562,558.1099853515625,662.1699829101562,471.4500122070313,300.1499938964844,1,-0.2511004938519302,-0.1600424257020203,0.5747554513998154,-0.7217713056825289,-0.1886159358327605,-0.653735368572218,0.1268868745025106
1765625862.9635494,456.4200134277344,548.530029296875,551.8699951171875,252.6000061035156,180.25999450683597,173.85000610351562,558.1099853515625,662.1699829101562,471.4500122070313,300.1499938964844,0,-0.2259594506252038,-0.1450137405640564,0.5503899315149791,-0.8101488271908458,-0.1825509810405165,-0.5224795162401643,0.1932593393134881
1765625863.0120418,456.4200134277344,548.530029296875,551.8699951171875,252.6000061035156,180.25999450683597,173.85000610351562,558.1099853515625,662.1699829101562,471.4500122070313,300.1499938964844,0,-0.2301267491639611,-0.1477308679312299,0.5595532744003201,-0.8209702161264968,-0.1788753570691248,-0.504877411215171,0.1977632688627325
1765625865.3328445,456.4200134277344,548.530029296875,551.8699951171875,252.6000061035156,180.25999450683597,173.85000610351562,558.1099853515625,662.1699829101562,471.4500122070313,300.1499938964844,0,-0.224730547555452,-0.1441898964493877,0.5476398029770172,-0.8118711825584427,-0.1765401608543485,-0.5209668780551766,0.1956840987564373
1765625865.444877,456.4200134277344,548.530029296875,551.8699951171875,252.6000061035156,180.25999450683597,173.85000610351562,558.1099853515625,662.1699829101562,471.4500122070313,300.1499938964844,0,-0.2316291944716362,-0.1489542279795583,0.564189245173354,-0.8237725623780088,-0.1922835884522628,-0.4947256931876902,0.1991790038760358
1765625866.4602232,456.4200134277344,548.530029296875,551.8699951171875,252.6000061035156,180.17999267578125,173.85000610351562,558.1099853515625,662.1699829101562,471.4500122070313,300.1499938964844,0,-0.2269600072466796,-0.1457201264350524,0.5530695922898321,-0.81593225821391,-0.1803087716777765,-0.5151681460354507,0.1906438516511808
1765625866.8440478,456.4200134277344,548.530029296875,551.8699951171875,252.6000061035156,180.17999267578125,173.85000610351562,558.1099853515625,662.1699829101562,471.4500122070313,300.1499938964844,0,-0.2308648682675525,-0.1482260791024488,0.5625761485690439,-0.8198993938628312,-0.1849378145280278,-0.5056854904692056,0.1945383597902422
1765625866.958185,456.4200134277344,548.530029296875,551.8699951171875,252.6000061035156,180.25999450683597,173.85000610351562,558.1099853515625,662.1699829101562,471.4500122070313,300.1499938964844,0,-0.2243822105415016,-0.1440631128252585,0.5467901255832899,-0.8101050358256937,-0.1857303495390641,-0.5183614863609866,0.201334144266633
1765625867.2017047,456.4200134277344,549.6699829101562,551.8699951171875,252.6000061035156,180.17999267578125,173.85000610351562,558.1099853515625,662.1699829101562,471.4500122070313,300.1499938964844,0,-0.2323815462139715,-0.1496347044141436,0.5667661704074237,-0.8296699574020909,-0.1904143850333995,-0.4860305390132683,0.197900073024839
1765625867.2543535,456.4200134277344,560.2100219726562,551.8699951171875,252.6000061035156,180.25999450683597,173.85000610351562,558.1099853515625,662.1699829101562,471.4500122070313,300.1499938964844,0,-0.2283559137017943,-0.1474742606969167,0.5574450874374756,-0.8184092971809108,-0.1934072674563865,-0.5059195087371949,0.1919513007562505
1765625867.3424857,456.4200134277344,560.2100219726562,551.8699951171875,252.6000061035156,180.25999450683597,173.85000610351562,558.1099853515625,662.1699829101562,471.4500122070313,300.1499938964844,1,-0.2595948068458401,-0.1657821418557094,0.5907732727941347,-0.7060568134533245,-0.2204945703437276,-0.663064481065502,0.1149409177552049
1765625867.7533996,456.4200134277344,586.6699829101562,551.8699951171875,252.6000061035156,180.17999267578125,173.85000610351562,558.1099853515625,662.1699829101562,471.4500122070313,300.1499938964844,0,-0.2488348982978258,-0.1430629796523912,0.5400586180995626,-0.8059665399208141,-0.2158153791829689,-0.5149753959129285,0.1965756857815959
1765625867.8691282,456.4200134277344,599.6799926757812,551.8699951171875,252.6000061035156,180.17999267578125,173.85000610351562,558.1099853515625,662.1699829101562,471.4500122070313,300.1499938964844,0,-0.2553646839715372,-0.1448692559319986,0.550993116826398,-0.8178894365490094,-0.231460446690774,-0.491057077450038,0.190645949040306
1765625868.3705833,458.7900085449219,619.8900146484375,553.969970703125,252.6000061035156,180.25999450683597,173.85000610351562,558.1099853515625,662.1699829101562,471.4500122070313,300.1499938964844,0,-0.2694871811813988,-0.1355241517886599,0.5222688068232106,-0.8084942425096793,-0.2451421754963823,-0.5044833018171536,0.1781543482749255
1765625868.601738,460.8999938964844,616.2899780273438,555.9099731445312,252.6000061035156,180.17999267578125,173.85000610351562,558.1099853515625,662.1699829101562,471.4500122070313,300.1499938964844,0,-0.2595523281308361,-0.1392212611428251,0.5309761825509962,-0.8090151236357911,-0.2448937982627902,-0.5090763782762747,0.1623662476689686
1765625868.7466383,461.1600036621094,616.2899780273438,556.1699829101562,252.6000061035156,180.25999450683597,173.85000610351562,558.1099853515625,662.1699829101562,471.4500122070313,300.1499938964844,0,-0.2731127947791246,-0.1407481566764749,0.5503871922839648,-0.822760953354967,-0.2554139955117745,-0.4799723273358807,0.1656945066165901
1765625868.843964,461.1600036621094,616.2899780273438,556.1699829101562,252.6000061035156,180.25999450683597,173.85000610351562,558.1099853515625,662.1699829101562,471.4500122070313,300.1499938964844,0,-0.2693606628067683,-0.1355741267907609,0.5324149431930429,-0.8126617631692926,-0.2420183553067391,-0.5015103831483777,0.1717419866298424
1765625868.9027808,461.0700073242188,616.2899780273438,556.0800170898438,254.7899932861328,180.25999450683597,173.85000610351562,558.1099853515625,662.1699829101562,471.4500122070313,300.1499938964844,0,-0.267308014147637,-0.135298878772343,0.527611811186501,-0.8108728619732728,-0.2486919945075141,-0.5024368745445973,0.1679127174486939
1765625869.210701,461.0700073242188,616.2899780273438,556.0800170898438,255.05999755859372,180.25999450683597,173.85000610351562,558.1099853515625,662.1699829101562,471.4500122070313,300.1499938964844,1,-0.2667459090588086,-0.1405611746117167,0.5124790887170377,0.9081974174068946,0.3225108770852238,-0.2652171786155978,0.0287059809856531
1765625869.9061155,460.989990234375,620.6799926757812,556.0,255.1499938964844,180.25999450683597,173.85000610351562,558.1099853515625,662.1699829101562,471.4500122070313,300.0599975585937,0,-0.2635466409123927,-0.1361352685465154,0.5290189671885865,-0.8113734718634585,-0.2547587555124965,-0.4984235392302029,0.1683598562223188
1765625870.31083,463.3599853515625,639.760009765625,558.1900024414062,255.22999572753903,180.25999450683597,176.22000122070312,558.1099853515625,662.1699829101562,471.4500122070313,300.1499938964844,0,-0.2745377168252415,-0.1253699838310702,0.5019595484123366,-0.7931748574847505,-0.2679357964674784,-0.5168941323054633,0.1786183372825031
1765625870.8934343,465.6400146484375,635.8900146484375,560.5700073242188,257.42999267578125,182.63999938964844,176.22000122070312,558.1099853515625,662.1699829101562,471.4500122070313,300.1499938964844,0,-0.278144356632081,-0.127425873070734,0.5191332282977579,-0.8053074927456702,-0.2522070809817547,-0.5129257760674225,0.1574121300153755
1765625871.4189365,465.55999755859375,635.7999877929688,560.5700073242188,257.70001220703125,183.16000366210935,178.58999633789062,558.1099853515625,662.1699829101562,471.4500122070313,300.1499938964844,0,-0.2774738624839706,-0.1271159329109799,0.5263606665477435,-0.8124495095620738,-0.2589757054216946,-0.4960269851959443,0.1637516667735126
1765625871.472167,465.55999755859375,635.6199951171875,560.5700073242188,257.70001220703125,183.0800018310547,180.8800048828125,558.1099853515625,662.1699829101562,471.4500122070313,300.1499938964844,0,-0.2737447761441798,-0.1261048796429387,0.5194694489188044,-0.8019984697737031,-0.2566166736864793,-0.5117321462832258,0.1705184674077523
1765625871.7589424,465.55999755859375,635.6199951171875,560.5700073242188,257.70001220703125,183.0800018310547,180.8800048828125,558.1099853515625,662.1699829101562,471.4500122070313,300.1499938964844,0,-0.2765605635168627,-0.126370480948122,0.5307857190881827,-0.819565204760374,-0.2636189735241192,-0.4832987044444584,0.1588718799110909
1765625871.841525,465.55999755859375,635.6199951171875,560.5700073242188,257.70001220703125,183.0800018310547,180.8800048828125,558.1099853515625,662.1699829101562,471.4500122070313,300.1499938964844,0,-0.2695211974355461,-0.1228823004743648,0.5169312522700308,-0.8089425096744701,-0.2629053792841344,-0.4993337594340848,0.1647985869916934
1765625871.8998475,465.55999755859375,639.8400268554688,560.5700073242188,257.70001220703125,183.16000366210935,180.8800048828125,558.1099853515625,662.1699829101562,471.4500122070313,300.1499938964844,0,-0.2717508600667613,-0.1243352625553749,0.5206667521538345,-0.8091024593870834,-0.2594913933203395,-0.5039028647434171,0.1552395887324481
1765625872.0896456,465.55999755859375,651.6199951171875,560.5700073242188,257.70001220703125,183.16000366210935,180.8800048828125,558.1099853515625,662.1699829101562,471.4500122070313,300.1499938964844,0,-0.2691682106215506,-0.1243537438783976,0.5137759741839957,-0.7952510629619315,-0.2662427092176041,-0.524365877787132,0.147414357709549
1765625872.376853,468.0199890136719,658.47998046875,562.6799926757812,257.70001220703125,183.16000366210935,180.8800048828125,558.1099853515625,662.1699829101562,471.4500122070313,300.1499938964844,0,-0.2937913089839868,-0.1201611923817931,0.5058684775625066,-0.80268075115856,-0.2720578875428446,-0.5126423092613881,0.1374262722349927
1765625872.5743604,470.2999877929688,655.4000244140625,564.7899780273438,257.70001220703125,183.0800018310547,180.8800048828125,558.1099853515625,662.1699829101562,471.4500122070313,300.0599975585937,0,-0.2835921539053927,-0.1228161283983241,0.5178224443257559,-0.8162280394891709,-0.2747576210124445,-0.4891905555814574,0.1377411978209553
1765625872.925503,470.5700073242188,655.1400146484375,565.1400146484375,259.79998779296875,185.3600006103516,180.8800048828125,558.1099853515625,662.1699829101562,471.4500122070313,300.1499938964844,0,-0.2872013406213972,-0.1182371908776534,0.5085454533739115,-0.7980220020396459,-0.2675242179318753,-0.5221240048062982,0.1377613904024155
1765625873.3456693,470.5700073242188,655.1400146484375,565.0499877929688,260.1600036621094,185.88999938964844,180.8800048828125,558.1099853515625,662.1699829101562,471.4500122070313,300.1499938964844,0,-0.2925120369571005,-0.1198843129964472,0.5258038747234786,-0.8227378191990866,-0.2721483900669577,-0.4755432256505544,0.1513154822923288
1765625873.4074652,470.5700073242188,655.1400146484375,565.0499877929688,260.1600036621094,185.88999938964844,180.8800048828125,558.1099853515625,662.1699829101562,471.4500122070313,300.1499938964844,0,-0.2847648139379859,-0.1173149455014073,0.5109054425120316,-0.8064674494329533,-0.2665151770482691,-0.509890568518447,0.1363507298989317
1765625874.2624762,470.6499938964844,665.239990234375,565.1400146484375,260.1600036621094,185.88999938964844,180.8800048828125,558.1099853515625,662.1699829101562,471.4500122070313,300.1499938964844,0,-0.2840678572035761,-0.1186805272759902,0.5136322927213818,-0.8045512046991601,-0.2776835013173342,-0.5078021062076106,0.1331399753807664
1765625874.5468152,472.9400024414063,672.280029296875,567.3300170898438,260.1600036621094,185.88999938964844,180.8800048828125,558.1099853515625,662.1699829101562,471.4500122070313,300.1499938964844,0,-0.298306790148583,-0.1111211041117938,0.4924461996274214,-0.8047725076842323,-0.2763013446690528,-0.5091192777539045,0.1296006899250476
1765625874.8201487,475.1400146484375,669.8099975585938,569.530029296875,260.1600036621094,185.88999938964844,180.8800048828125,558.1099853515625,662.1699829101562,471.4500122070313,300.1499938964844,0,-0.2881769281057506,-0.1154421153262537,0.5067239240161878,-0.8043185628391655,-0.2876660813521902,-0.5069850345836227,0.1152651283782633
1765625875.0573456,475.2200012207031,669.8099975585938,569.7899780273438,260.1600036621094,185.88999938964844,180.8800048828125,558.1099853515625,662.1699829101562,471.4500122070313,300.1499938964844,0,-0.2936585518108637,-0.1116516806267492,0.4978556941705848,0.9555015789590164,0.2748294965286379,0.0255411408497645,0.1040823259191229
1765625875.6677108,475.2200012207031,669.8099975585938,569.7899780273438,260.1600036621094,185.88999938964844,180.8800048828125,558.1099853515625,662.1699829101562,471.4500122070313,300.1499938964844,0,-0.2848099355558092,-0.1115959556230308,0.4875518738442994,-0.7872746488314161,-0.2790823609621537,-0.5338719147609587,0.1315007290345889
1765625875.9531672,475.2200012207031,669.8099975585938,569.7899780273438,260.1600036621094,185.88999938964844,180.8800048828125,558.1099853515625,662.1699829101562,471.4500122070313,300.1499938964844,0,-0.2905654843911192,-0.1127808658351125,0.5021876216133748,-0.8053674566515747,-0.2789064247363262,-0.5085363606128068,0.1224141982862085
1765625876.017354,475.2200012207031,669.8099975585938,569.7899780273438,260.1600036621094,185.88999938964844,180.8800048828125,558.1099853515625,662.1699829101562,471.4500122070313,300.1499938964844,0,-0.285656374196706,-0.1107551257993543,0.4927902725506418,-0.7947475225021442,-0.2804252254233239,-0.5200371758808262,0.1389222952764481
1765625876.661553,475.2200012207031,678.3400268554688,569.7899780273438,260.1600036621094,185.88999938964844,180.8800048828125,558.1099853515625,662.1699829101562,471.4500122070313,300.1499938964844,0,-0.2941715285803468,-0.1144723607292489,0.5052714495504176,-0.8143707114565159,-0.2838100460891484,-0.4903867892119478,0.1255906008707668
1765625876.8560028,477.3299865722656,685.2000122070312,571.989990234375,260.1600036621094,185.88999938964844,180.8800048828125,558.1099853515625,662.1699829101562,471.4500122070313,300.1499938964844,0,-0.2911954217548264,-0.1131337090274338,0.5001641848352394,-0.8024440988867024,-0.2876465578239235,-0.5061852273728652,0.1308412837121265
1765625877.215,477.3299865722656,683.0,574.1900024414062,260.1600036621094,185.88999938964844,180.8800048828125,558.1099853515625,662.1699829101562,471.4500122070313,300.1499938964844,0,-0.2959087924219193,-0.112327809206715,0.4965982597911011,-0.7980228901940394,-0.2915097409049715,-0.5139991326981945,0.118264234954497
1765625877.285165,477.3299865722656,682.8200073242188,576.2999877929688,260.1600036621094,185.88999938964844,180.8800048828125,558.1099853515625,662.1699829101562,471.4500122070313,300.1499938964844,0,-0.294075693696095,-0.1109803920838621,0.4945715233238553,-0.7972922386545711,-0.2945400424713023,-0.5163985033544789,0.104421431207583
1765625877.5148504,477.3299865722656,682.6500244140625,576.3900146484375,260.1600036621094,185.88999938964844,183.16000366210935,558.1099853515625,662.1699829101562,471.4500122070313,300.1499938964844,0,-0.2989775014272848,-0.1075816784854526,0.4829437811429152,-0.8003776511945703,-0.2873675930212044,-0.5083647294443376,0.1355757493302084
1765625877.646177,477.3299865722656,682.6500244140625,576.3900146484375,260.1600036621094,185.88999938964844,183.16000366210935,558.1099853515625,662.1699829101562,471.4500122070313,300.1499938964844,0,-0.3024090396308373,-0.1109127091714858,0.4919108984702107,-0.7956608658625904,-0.2824678386865855,-0.5211031700195838,0.1248486797609925
1765625877.86976,477.3299865722656,682.6500244140625,576.3900146484375,260.1600036621094,185.88999938964844,183.33999633789065,558.1099853515625,662.1699829101562,471.4500122070313,300.1499938964844,0,-0.289645541626,-0.1051552063782,0.4805851541996013,-0.7848976831726691,-0.2868200501654976,-0.5309498098392287,0.1405780395542797
1765625878.0554764,477.3299865722656,682.6500244140625,576.3900146484375,260.1600036621094,185.88999938964844,183.33999633789065,558.1099853515625,662.1699829101562,471.4500122070313,300.1499938964844,0,-0.3023121157325518,-0.1108563584124533,0.4936311845157007,-0.8059187596432522,-0.2900716041408261,-0.5035436054399638,0.1131249519194245
1765625878.1192677,477.3299865722656,682.6500244140625,576.3900146484375,260.1600036621094,185.88999938964844,183.33999633789065,558.1099853515625,662.1699829101562,471.4500122070313,300.1499938964844,0,-0.2929936817125069,-0.1075602675573668,0.4789891145157816,-0.7911021989257424,-0.2876155992673585,-0.5173894828263158,0.1540866670859321
1765625878.2147925,477.3299865722656,682.6500244140625,576.3900146484375,260.1600036621094,185.88999938964844,183.33999633789065,558.1099853515625,662.1699829101562,471.4500122070313,300.1499938964844,0,-0.30091513361807,-0.1106062339897992,0.4968947526262805,-0.802297594309491,-0.2922652925173795,-0.5067797582815798,0.1186332396548182
1765625878.603251,477.3299865722656,682.6500244140625,576.3900146484375,260.1600036621094,185.88999938964844,183.33999633789065,558.1099853515625,662.1699829101562,471.4500122070313,300.1499938964844,0,-0.2951696058623992,-0.1080851556602087,0.4843977348124808,-0.7865369567914372,-0.284051469131879,-0.5353777206545802,0.1185119180166796
1765625878.9365237,477.3299865722656,682.6500244140625,576.3900146484375,260.1600036621094,185.88999938964844,183.33999633789065,558.1099853515625,662.1699829101562,471.4500122070313,300.1499938964844,0,-0.3039822691274454,-0.1113062200534798,0.5016559724008168,-0.8143391342075537,-0.2892067227224552,-0.4899608222580805,0.1146718739814372
1765625879.0022607,477.3299865722656,682.6500244140625,576.3900146484375,260.1600036621094,185.88999938964844,183.33999633789065,558.1099853515625,662.1699829101562,471.4500122070313,300.1499938964844,0,-0.2954277659603642,-0.108246250252892,0.4866885201295327,-0.7928862875287885,-0.2825458781941906,-0.5270862707053642,0.1169582190279959
1765625879.0681326,477.3299865722656,677.9000244140625,576.3900146484375,260.1600036621094,185.88999938964844,183.33999633789065,558.1099853515625,662.1699829101562,471.4500122070313,300.1499938964844,0,-0.2951215203956479,-0.1081379595585151,0.4850339268656699,-0.7911843735393211,-0.2905920189497811,-0.5240096562491798,0.122464059003033
1765625879.29275,477.25,664.6300048828125,576.3900146484375,260.1600036621094,185.88999938964844,183.33999633789065,558.1099853515625,662.1699829101562,471.4500122070313,300.1499938964844,0,-0.296616942364303,-0.1079524390620942,0.4873456439848065,-0.7970973378310323,-0.2890576129949608,-0.5165085988283463,0.1195842704067504
1765625879.5314894,477.25,650.9199829101562,576.3900146484375,260.1600036621094,185.88999938964844,183.33999633789065,558.1099853515625,662.1699829101562,471.4500122070313,300.1499938964844,0,-0.2827591592577154,-0.1145312358601868,0.5116027097222973,-0.8031774134455297,-0.266199624980207,-0.517507694431274,0.127395401784259
1765625879.6511493,477.25,637.2899780273438,576.3900146484375,260.1600036621094,185.88999938964844,183.33999633789065,558.1099853515625,662.1699829101562,471.4500122070313,300.1499938964844,0,-0.2846733676885134,-0.1156408466518856,0.5157326927463183,-0.810445946046715,-0.2609569039930615,-0.5057344290228886,0.1389660033810203
1765625879.8843277,477.25,623.8499755859375,576.3900146484375,260.1600036621094,185.88999938964844,183.33999633789065,558.1099853515625,662.1699829101562,471.4500122070313,300.1499938964844,0,-0.281274970008691,-0.1182433808420069,0.5149486455520383,-0.8105839629628926,-0.26121985261672,-0.5033628062054514,0.1460948764168147
1765625880.1036246,477.25,610.0499877929688,576.3900146484375,260.1600036621094,185.88999938964844,183.33999633789065,558.1099853515625,662.1699829101562,471.4500122070313,300.1499938964844,0,-0.2727088094244778,-0.1232880285607769,0.5394118963241425,-0.8109079635782164,-0.2250146671482418,-0.5156483504404316,0.1609454965560019
1765625880.517517,477.25,592.3800048828125,576.3900146484375,260.1600036621094,185.88999938964844,183.33999633789065,558.1099853515625,662.1699829101562,471.4500122070313,300.1499938964844,0,-0.2558954478998266,-0.1241984657560664,0.5399899492071887,-0.8078584154471564,-0.2240982191040185,-0.5216171362939668,0.1583045542936097
1765625880.7949398,477.25,592.3800048828125,576.3900146484375,260.1600036621094,185.88999938964844,183.33999633789065,558.1099853515625,662.1699829101562,471.4500122070313,300.1499938964844,0,-0.2577992052830345,-0.1229069206976752,0.5277773216937749,-0.7953747862528906,-0.2185069749286591,-0.5384478490714228,0.1723588266699831
1765625880.9345489,477.25,592.3800048828125,576.3900146484375,260.1600036621094,185.88999938964844,183.33999633789065,558.1099853515625,662.1699829101562,471.4500122070313,300.1499938964844,0,-0.2617534572683249,-0.1263519556174412,0.5396425760997994,-0.8070874384191091,-0.2122496079758183,-0.5237738549519075,0.1709412750888748
1765625881.094246,477.25,592.3800048828125,576.3900146484375,260.1600036621094,185.88999938964844,183.33999633789065,558.1099853515625,662.1699829101562,471.4500122070313,300.1499938964844,0,-0.2545344577703322,-0.1228187299145191,0.5306736572667241,-0.7978948851442529,-0.216103661518632,-0.5374947804726377,0.1666202889913206
1765625881.1470096,477.25,592.3800048828125,576.3900146484375,260.1600036621094,185.88999938964844,183.33999633789065,558.1099853515625,662.1699829101562,471.4500122070313,300.1499938964844,0,-0.2599757965864495,-0.1251033231316369,0.5418078481022338,-0.8104926192376631,-0.2304513892849581,-0.5142794257013816,0.1597202042265231
1765625881.4740088,477.25,592.3800048828125,576.3900146484375,260.1600036621094,185.88999938964844,183.33999633789065,558.1099853515625,662.1699829101562,471.4500122070313,300.1499938964844,0,-0.2663013106798834,-0.1280744329337226,0.5520835170053842,-0.8227582224604835,-0.2183997361463069,-0.4999068166272942,0.1595732976235497
1765625881.596213,477.25,592.3800048828125,576.3900146484375,260.1600036621094,185.88999938964844,183.33999633789065,558.1099853515625,662.1699829101562,471.4500122070313,300.1499938964844,0,-0.2588759437699104,-0.124590350917592,0.537905031317669,-0.8070250483082113,-0.2175104592636513,-0.5254749401228835,0.1589838319355046
1765625882.110942,477.25,560.1300048828125,576.3900146484375,260.1600036621094,185.88999938964844,183.33999633789065,558.1099853515625,662.1699829101562,471.4500122070313,300.1499938964844,0,-0.2408794177228612,-0.1253667497972969,0.5480542199296942,-0.8103895837940857,-0.2014073389188521,-0.5252957839833119,0.1636097357648168
1765625882.219252,477.25,560.1300048828125,576.3900146484375,260.1600036621094,185.88999938964844,183.33999633789065,558.1099853515625,662.1699829101562,471.4500122070313,300.1499938964844,0,-0.2456135107339752,-0.128874864819382,0.5625005113054939,-0.8269382701835415,-0.2019610846564446,-0.4982586875967431,0.1646909160355115
1765625882.2730236,477.25,546.5,576.3900146484375,260.1600036621094,185.88999938964844,183.33999633789065,558.1099853515625,662.1699829101562,471.4500122070313,300.1499938964844,0,-0.2388456265411567,-0.1263274849897085,0.5483630395459203,-0.802732107650665,-0.1883550586438548,-0.5400672343726854,0.1687332735029758
1765625882.3569856,477.25,546.5,576.3900146484375,260.1600036621094,185.88999938964844,183.33999633789065,558.1099853515625,662.1699829101562,471.4500122070313,300.1499938964844,0,-0.2439826083710175,-0.1301859756752547,0.5624726461142349,-0.8182201303462091,-0.188520064910904,-0.515627409577827,0.1706000525037458
1765625882.3569856,477.25,546.5,576.3900146484375,260.1600036621094,185.88999938964844,183.33999633789065,558.1099853515625,662.1699829101562,471.4500122070313,300.1499938964844,1,-0.260863168814576,-0.1395523257968664,0.5631331828177055,0.9337216986539636,0.2594890035667239,-0.2425830244041994,0.0445277751703063
1765625883.0328114,477.25,534.6400146484375,576.3900146484375,260.1600036621094,185.88999938964844,183.16000366210935,558.1099853515625,662.1699829101562,471.4500122070313,300.1499938964844,0,-0.2329260730396159,-0.1290286482724444,0.5631567268488264,-0.8194733240862229,-0.1788805449534114,-0.5194807976964185,0.1631101547204821
1765625883.630363,477.25,534.6400146484375,576.3900146484375,260.1600036621094,185.88999938964844,183.16000366210935,558.1099853515625,662.1699829101562,471.4500122070313,300.1499938964844,1,-0.2489705742951568,-0.1382573316220227,0.5647736675544601,-0.7252259420103956,-0.1962210739787718,-0.6481899834049212,0.1240740447284595
1765625883.994929,477.25,534.4600219726562,576.3900146484375,260.1600036621094,185.88999938964844,183.0800018310547,558.1099853515625,662.1699829101562,471.4500122070313,300.1499938964844,0,-0.237126218784226,-0.1316740540451921,0.5760586391471183,-0.8295170137792173,-0.1905029158359054,-0.4973806161063195,0.1679960881405454
1765625884.0849452,477.25,523.5599975585938,576.3900146484375,260.1600036621094,185.88999938964844,183.0800018310547,558.1099853515625,662.1699829101562,471.4500122070313,300.1499938964844,0,-0.2310453127615202,-0.1284785352658761,0.5625247251684524,-0.8168360530368747,-0.1754975342662159,-0.5210088239372883,0.1747263097106507
1765625884.173844,477.25,523.5599975585938,576.3900146484375,260.1600036621094,185.88999938964844,183.0800018310547,558.1099853515625,662.1699829101562,471.4500122070313,300.1499938964844,1,-0.2496265627508967,-0.1393562063913564,0.5730441637127515,-0.7336159737705205,-0.1743628658113012,-0.6459335106327025,0.1190592033255451
1765625884.3736198,477.25,518.9099731445312,576.3900146484375,260.1600036621094,185.88999938964844,183.0800018310547,558.1099853515625,662.1699829101562,471.4500122070313,300.1499938964844,0,-0.2266189601495124,-0.1298178593335296,0.5715305825638713,-0.8249847485937774,-0.1761995878769899,-0.5116841220301331,0.1628902363000704
1765625884.4638915,477.25,522.5999755859375,576.3900146484375,260.1600036621094,185.88999938964844,183.0800018310547,558.1099853515625,662.1699829101562,471.4500122070313,300.1499938964844,0,-0.2238126246354308,-0.1270073196068969,0.5631780307493647,-0.8151874886614288,-0.1751418951443407,-0.525225968456517,0.1700951408889606
1765625884.6142678,477.25,522.5999755859375,576.3900146484375,260.1600036621094,185.88999938964844,183.0800018310547,558.1099853515625,662.1699829101562,471.4500122070313,300.1499938964844,0,-0.21939830039555,-0.1245213144688058,0.5434867692989649,-0.8321504813312789,-0.156825053527295,-0.5163129296065139,0.1278766504386992
1765625884.6856756,477.25,524.4400024414062,576.3900146484375,260.1600036621094,185.88999938964844,183.0800018310547,558.1099853515625,662.1699829101562,471.4500122070313,300.1499938964844,0,-0.2278629162657173,-0.129346441483985,0.5654295291327949,-0.8184653473151611,-0.1725229278213792,-0.5208541784528012,0.1704735739300071
1765625885.3871362,477.25,524.969970703125,576.3900146484375,260.1600036621094,185.88999938964844,183.0800018310547,558.1099853515625,662.1699829101562,471.4500122070313,300.1499938964844,0,-0.2314502311427751,-0.1315545935759258,0.5787166488571828,-0.8299865957747155,-0.1745068557006001,-0.5019017517861838,0.1696002349696154
1765625885.434479,477.25,524.969970703125,576.3900146484375,260.1600036621094,185.88999938964844,183.0800018310547,558.1099853515625,662.1699829101562,471.4500122070313,300.1499938964844,0,-0.2241478972528295,-0.1274773446631312,0.5612310215772306,-0.819652246713337,-0.1718905570904345,-0.5225974316968762,0.1597365181314151
1765625885.567757,477.25,524.969970703125,576.3900146484375,260.1600036621094,185.88999938964844,183.0800018310547,558.1099853515625,662.1699829101562,471.4500122070313,300.1499938964844,0,-0.2289020620493246,-0.1294781309552487,0.5700397443862604,-0.8193432297831462,-0.1732073605358363,-0.5167495958833441,0.1778924878097216
1765625885.611898,477.25,524.969970703125,576.3900146484375,260.1600036621094,185.88999938964844,183.0800018310547,558.1099853515625,662.1699829101562,471.4500122070313,300.1499938964844,0,-0.225483739314651,-0.1273181165223204,0.5605312399791358,-0.8152804244953807,-0.1684384607688588,-0.5268559064453162,0.1713743510917945
1765625886.0394158,477.3299865722656,524.969970703125,576.3900146484375,260.1600036621094,185.88999938964844,183.0800018310547,558.1099853515625,662.1699829101562,471.4500122070313,300.1499938964844,0,-0.2289074657660039,-0.1298028541248829,0.5705688436251554,-0.8296056471283735,-0.1773709714385795,-0.5015438063042226,0.1695518183374034
1765625886.1914103,477.25,524.969970703125,576.3900146484375,260.1600036621094,185.88999938964844,183.0800018310547,558.1099853515625,662.1699829101562,471.4500122070313,300.1499938964844,0,-0.224389408251315,-0.1272729117595925,0.5585625142073382,-0.8132088815957281,-0.1743336482063443,-0.5307993381942923,0.1629452563574439
1765625886.3627243,477.6000061035156,524.969970703125,576.3900146484375,260.1600036621094,185.88999938964844,183.0800018310547,558.1099853515625,662.1699829101562,471.4500122070313,300.1499938964844,0,-0.2274674022858824,-0.1289713576041919,0.5682563100457187,-0.8254039002127709,-0.1700340102745788,-0.512391149031254,0.1650822439207865
1765625886.441926,477.6000061035156,524.969970703125,576.3900146484375,260.1600036621094,185.88999938964844,183.0800018310547,558.1099853515625,662.1699829101562,471.4500122070313,300.1499938964844,0,-0.2234293861434602,-0.1266828064974791,0.5581723741029615,-0.8114749072294115,-0.16146198537028,-0.5356274831954018,0.1689428940886984
1765625886.490468,487.7900085449219,524.969970703125,576.3900146484375,260.1600036621094,185.88999938964844,183.0800018310547,558.1099853515625,662.1699829101562,471.4500122070313,300.1499938964844,0,-0.2270653634682912,-0.129163463278374,0.5677608061357822,-0.8240916027769614,-0.1798481592671965,-0.5085768638232679,0.1728503497953916
1765625886.586956,487.7900085449219,524.969970703125,576.3900146484375,260.1600036621094,185.88999938964844,183.0800018310547,558.1099853515625,662.1699829101562,471.4500122070313,300.1499938964844,0,-0.2215825236362004,-0.1252218499547489,0.5530645670163361,-0.8088932849340359,-0.1801543416367941,-0.5324883103240481,0.1723144397497736
1765625886.777702,500.5400085449219,524.969970703125,576.3900146484375,260.1600036621094,185.88999938964844,183.0800018310547,558.1099853515625,662.1699829101562,471.4500122070313,300.1499938964844,0,-0.2298014472586736,-0.123000529446328,0.5661957900216765,-0.8211127030186838,-0.1958666980560599,-0.5122763667778178,0.1580603985028684
1765625886.878897,513.3699951171875,524.969970703125,576.3900146484375,260.1600036621094,185.88999938964844,183.0800018310547,558.1099853515625,662.1699829101562,471.4500122070313,300.1499938964844,0,-0.2292246971656418,-0.1222899845036354,0.5652750622969589,-0.8199699762751856,-0.2057439384256179,-0.5081150086609656,0.1647355692673987
1765625887.2087307,526.3800048828125,524.969970703125,576.3900146484375,260.1600036621094,185.88999938964844,183.0800018310547,558.1099853515625,662.1699829101562,471.4500122070313,300.1499938964844,0,-0.2318219126153433,-0.1164667067255142,0.5646643247099591,-0.8215950337891263,-0.2285724200937942,-0.4992671824589356,0.1531944181262051
1765625887.33893,539.469970703125,524.969970703125,576.3900146484375,260.1600036621094,185.88999938964844,183.0800018310547,558.1099853515625,662.1699829101562,471.4500122070313,300.1499938964844,0,-0.2360434619542371,-0.1165775724525105,0.5721838101925877,-0.8344527086388851,-0.2429497852870588,-0.476201529456476,0.1337766131187104
1765625887.5366485,546.3300170898438,527.1699829101562,576.3900146484375,260.1600036621094,185.88999938964844,183.0800018310547,558.1099853515625,662.1699829101562,471.4500122070313,300.1499938964844,0,-0.2371691354753541,-0.1133888821754883,0.5655386761674772,-0.8271662278995292,-0.2489310627821143,-0.4826536704156691,0.1444811123950601
1765625887.7395687,542.9000244140625,529.3699951171875,576.3900146484375,260.1600036621094,185.88999938964844,183.0800018310547,558.1099853515625,662.1699829101562,471.4500122070313,300.1499938964844,0,-0.2322071279607544,-0.1175850483278991,0.5690934887409035,-0.8290172829649839,-0.245105542691425,-0.4826548431242037,0.1403492782170545
1765625888.9109273,546.0599975585938,529.6300048828125,576.3900146484375,260.1600036621094,185.88999938964844,183.0800018310547,558.1099853515625,662.1699829101562,471.4500122070313,300.1499938964844,0,-0.2348130816076893,-0.1169368277614694,0.5734496056738086,-0.8290606727062251,-0.2470384973954783,-0.4787480608096241,0.1497687418906574
1765625889.242386,557.75,529.6300048828125,576.3900146484375,260.1600036621094,185.88999938964844,183.0800018310547,558.1099853515625,662.1699829101562,471.4500122070313,300.1499938964844,0,-0.2411816081271551,-0.1085956221372822,0.5670746974036901,-0.8282059544031262,-0.2681465050461167,-0.4759497860640442,0.1250765768173666
1765625889.296746,564.6099853515625,531.9099731445312,576.3900146484375,260.1600036621094,185.88999938964844,183.0800018310547,558.1099853515625,662.1699829101562,471.4500122070313,300.1499938964844,0,-0.2427810341032796,-0.1085923672374124,0.5686661121289831,-0.8327087196072747,-0.2751514465854066,-0.4633264391929669,0.1273439455833584
1765625889.7238088,561.0900268554688,534.2899780273438,576.3900146484375,260.07000732421875,188.6100006103516,183.0800018310547,558.1099853515625,662.1699829101562,471.4500122070313,300.1499938964844,0,-0.2361951639764932,-0.107739034518559,0.5668658750104341,-0.8307516078607535,-0.2687112903305476,-0.4707247840852729,0.1267445704302083
1765625890.0512638,561.0900268554688,534.2899780273438,576.3900146484375,260.1600036621094,188.6999969482422,183.0800018310547,558.1099853515625,662.1699829101562,471.4500122070313,300.1499938964844,0,-0.2399901410233936,-0.1108080157321625,0.5764602602632518,-0.835086669917008,-0.2740926902256714,-0.4583518658323209,0.131973550303864
1765625890.6017976,561.0900268554688,534.2899780273438,576.3900146484375,260.1600036621094,188.6100006103516,183.0800018310547,558.1099853515625,662.1699829101562,471.4500122070313,300.1499938964844,0,-0.2354981212890451,-0.1094281913893898,0.5671540113188306,-0.8240412625358713,-0.2674846649640405,-0.4842820039992143,0.1219790648015772
1765625890.681484,561.969970703125,534.2899780273438,576.3900146484375,260.07000732421875,188.52999877929688,183.0800018310547,558.1099853515625,662.1699829101562,471.4500122070313,300.1499938964844,0,-0.2371342477078556,-0.1100818509016528,0.5710864222077221,-0.8306208430995167,-0.2699803113335712,-0.4667087692543702,0.1391494563480121
1765625890.7346723,561.969970703125,534.2899780273438,576.3900146484375,260.07000732421875,188.52999877929688,183.0800018310547,558.1099853515625,662.1699829101562,471.4500122070313,300.1499938964844,0,-0.231318317446236,-0.1071993453543943,0.5561337813412626,-0.8180343880365628,-0.2709302055581959,-0.4921618825008265,0.1232608823556066
1765625890.7885215,561.969970703125,534.2899780273438,576.3900146484375,260.07000732421875,188.52999877929688,183.0800018310547,558.1099853515625,662.1699829101562,471.4500122070313,300.1499938964844,0,-0.2379968282426745,-0.1101376427983291,0.571919790628203,-0.834683848377886,-0.2775862903372338,-0.4529836463709203,0.1451018290525668
1765625891.624508,575.4199829101562,538.77001953125,576.3900146484375,260.07000732421875,188.52999877929688,183.0800018310547,558.1099853515625,662.1699829101562,471.4500122070313,300.1499938964844,0,-0.2386539727047492,-0.1040300299710968,0.562804123115438,-0.8262202542164118,-0.2826356026434413,-0.4739223972452903,0.1134670394000995
1765625892.7529168,592.469970703125,538.77001953125,576.3900146484375,260.07000732421875,188.52999877929688,183.0800018310547,558.1099853515625,662.1699829101562,471.4500122070313,300.1499938964844,0,-0.2469048154649512,-0.0990839248399049,0.5640600139494316,-0.8258407221884585,-0.3056736313912726,-0.4606243126221869,0.1112473607266952
1765625892.8433018,592.469970703125,538.77001953125,576.3900146484375,260.07000732421875,188.52999877929688,183.0800018310547,558.1099853515625,662.1699829101562,471.4500122070313,300.1499938964844,0,-0.242471873929908,-0.0961527895206552,0.5519040197732187,-0.8150103576778077,-0.3020474665040738,-0.4823360390081956,0.1089834406240089
1765625892.9351957,599.239990234375,541.0499877929688,576.3900146484375,260.07000732421875,188.52999877929688,183.0800018310547,558.1099853515625,662.1699829101562,471.4500122070313,300.0599975585937,0,-0.2520144684250934,-0.0984631862797816,0.5698647883244293,-0.834881591422469,-0.3173470506305759,-0.4368284373607392,0.1069789421939435
1765625893.1529884,596.9500122070312,543.25,576.3900146484375,260.07000732421875,188.52999877929688,183.0800018310547,558.1099853515625,662.1699829101562,471.4500122070313,300.1499938964844,0,-0.2404163456171937,-0.0979969050041627,0.5607650102926541,-0.8262327182554363,-0.3156967447953378,-0.4500879833379563,0.1228652427036707
1765625893.270366,596.6900024414062,545.1900024414062,576.3900146484375,260.07000732421875,188.52999877929688,183.0800018310547,558.1099853515625,662.1699829101562,471.4500122070313,300.1499938964844,0,-0.2447428513720662,-0.0980176664044996,0.5696552116248347,-0.831132848401912,-0.3172326961910072,-0.4448859044826318,0.103238252442489
1765625893.381794,596.6900024414062,545.1900024414062,576.3900146484375,260.07000732421875,188.52999877929688,183.0800018310547,558.1099853515625,662.1699829101562,471.4500122070313,300.1499938964844,0,-0.2406277686989098,-0.0956457910324942,0.5570554482221416,-0.8154361493296353,-0.3110879408174559,-0.4735941250427294,0.1183080055170545
1765625894.7510152,611.5399780273438,547.6500244140625,576.3900146484375,260.07000732421875,188.52999877929688,183.0800018310547,558.1099853515625,662.1699829101562,471.4500122070313,300.1499938964844,0,-0.247691180383938,-0.0895833975875307,0.5518042588797099,-0.8154004649550263,-0.3200459503648774,-0.4747387867746543,0.0855321912375609
1765625894.80658,611.5399780273438,547.6500244140625,576.3900146484375,260.07000732421875,188.52999877929688,183.0800018310547,558.1099853515625,662.1699829101562,471.4500122070313,300.1499938964844,0,-0.2516662037281536,-0.0914299483736098,0.561319117790253,-0.825175008229568,-0.3333212187713797,-0.4460765770033797,0.0948623126380663
1765625895.019966,609.6099853515625,549.760009765625,576.3900146484375,260.07000732421875,188.52999877929688,183.0800018310547,558.1099853515625,662.1699829101562,471.4500122070313,300.1499938964844,0,-0.2430279337254188,-0.0926063108090329,0.5586569324878994,-0.8177965325230717,-0.3197816672167355,-0.4693672015816696,0.0929674501356134
1765625896.2871175,610.4000244140625,550.02001953125,576.3900146484375,260.07000732421875,188.52999877929688,183.0800018310547,558.1099853515625,662.1699829101562,471.4500122070313,300.1499938964844,0,-0.2467400941737252,-0.0935163021713168,0.5641465663437918,-0.8267091011581925,-0.3308775244482369,-0.4459957036545298,0.09033248695193
1765625896.5033731,619.3699951171875,550.02001953125,576.3900146484375,260.07000732421875,188.52999877929688,183.0800018310547,558.1099853515625,662.1699829101562,471.4500122070313,300.1499938964844,0,-0.2443738072053755,-0.0908982524639311,0.5562240512897981,-0.8227101888632453,-0.3294988929123812,-0.4513583049705029,0.1041830372194663
1765625896.7529123,626.219970703125,552.1300048828125,576.3900146484375,260.07000732421875,188.52999877929688,183.0800018310547,558.1099853515625,662.1699829101562,471.4500122070313,300.1499938964844,0,-0.2508644415373062,-0.0831598945577643,0.5493976141005338,-0.8180645939917011,-0.3589438422036383,-0.4438760435836248,0.070026395979167
1765625896.9842458,624.72998046875,554.239990234375,576.3900146484375,260.07000732421875,188.52999877929688,183.0800018310547,558.1099853515625,662.1699829101562,471.4500122070313,300.1499938964844,0,-0.2470954092189214,-0.0891647527438151,0.5591741124651878,0.9265597883828376,0.3648426707233774,-0.0238145040032821,0.0883722443443749
1765625897.0535216,624.1099853515625,556.260009765625,576.3900146484375,260.07000732421875,188.52999877929688,183.0800018310547,558.1099853515625,662.1699829101562,471.4500122070313,300.1499938964844,0,-0.2426505781487201,-0.08588114727041,0.5484884579858801,-0.8068710520317567,-0.3637570542281971,-0.4568422566734,0.0890789728833125
1765625897.1720436,624.1099853515625,556.260009765625,576.3900146484375,260.07000732421875,188.52999877929688,183.0800018310547,558.1099853515625,662.1699829101562,471.4500122070313,300.1499938964844,0,-0.2495288210849897,-0.086033635108052,0.5603753698711934,-0.8243782604302613,-0.3635442597159239,-0.4281473237710173,0.0701849279068722
1765625897.73318,624.1099853515625,556.3499755859375,576.3900146484375,260.07000732421875,188.52999877929688,183.0800018310547,558.1099853515625,662.1699829101562,471.4500122070313,300.1499938964844,0,-0.2537759555203668,-0.0899084507935786,0.5743021018589146,0.924605210101122,0.3765446962248627,0.0072737860347245,0.0571523335963352
1765625897.8090365,624.1099853515625,556.3499755859375,576.3900146484375,260.07000732421875,188.52999877929688,183.0800018310547,558.1099853515625,662.1699829101562,471.4500122070313,300.1499938964844,0,-0.2497641784981502,-0.088263226717388,0.5643210484916272,-0.8150568452767013,-0.3722187594266851,-0.4372645336022678,0.077040649997531
1765625898.2802594,624.2899780273438,556.3499755859375,576.3900146484375,260.07000732421875,188.52999877929688,183.0800018310547,558.1099853515625,662.1699829101562,471.4500122070313,300.1499938964844,0,-0.2380548207170868,-0.0834992212863269,0.537014874735982,-0.7948792054152882,-0.3554558071296269,-0.4760952055737373,0.1230917267970772
1765625898.3478277,624.2899780273438,556.3499755859375,576.3900146484375,260.07000732421875,188.52999877929688,183.0800018310547,558.1099853515625,662.1699829101562,471.4500122070313,300.1499938964844,0,-0.2446696867098127,-0.0862927246258974,0.5523751025442977,-0.813156865527569,-0.3613122049232297,-0.4486169346670087,0.0834999913105981
1765625898.402624,624.2899780273438,556.3499755859375,576.3900146484375,260.07000732421875,188.52999877929688,183.0800018310547,558.1099853515625,662.1699829101562,471.4500122070313,300.1499938964844,0,-0.2513938501961149,-0.0891255282266487,0.5672972821898011,0.9265644700216336,0.3680383138577612,0.0017979137886762,0.0776070224417455
1765625898.4876318,630.969970703125,556.3499755859375,576.3900146484375,260.07000732421875,188.52999877929688,183.0800018310547,558.1099853515625,662.1699829101562,471.4500122070313,300.1499938964844,0,-0.2485693043062599,-0.0872586881303289,0.5604862548992263,-0.8082587332273342,-0.3741741189561123,-0.4476072098857175,0.0797454357533104
1765625898.6976447,638.3499755859375,558.3699951171875,576.3900146484375,260.07000732421875,188.52999877929688,183.0800018310547,558.1099853515625,662.1699829101562,471.4500122070313,300.1499938964844,0,-0.2530694176984543,-0.0803211326051443,0.5509633476765015,-0.8081281264893746,-0.376868103432161,-0.4460489028034668,0.0770697093548626
1765625899.019722,636.77001953125,560.3900146484375,576.3900146484375,260.07000732421875,188.52999877929688,183.0800018310547,558.1099853515625,662.1699829101562,471.4500122070313,300.1499938964844,0,-0.254118830235105,-0.0856785165465842,0.5681405601073741,0.918320303656456,0.3880905968302499,0.0043032826098172,0.0778138182011083
1765625899.0721045,636.77001953125,560.8300170898438,576.3900146484375,260.07000732421875,188.52999877929688,183.0800018310547,558.1099853515625,662.1699829101562,471.4500122070313,300.1499938964844,0,-0.2462709793253156,-0.0819543490559737,0.5499553661073053,-0.8096937917565594,-0.3767676302429507,-0.442305890017349,0.082508278663158
1765625899.3576405,636.77001953125,560.8300170898438,576.3900146484375,260.07000732421875,188.52999877929688,183.0800018310547,558.1099853515625,662.1699829101562,471.4500122070313,300.1499938964844,0,-0.2518153174435114,-0.0852515085011421,0.5611985162100389,-0.817426305661694,-0.3820382221620768,-0.4269841063284499,0.0595449793215977
1765625899.6909945,636.77001953125,560.8300170898438,576.3900146484375,260.07000732421875,188.52999877929688,183.0800018310547,558.1099853515625,662.1699829101562,471.4500122070313,300.1499938964844,0,-0.2453990144192331,-0.0810413036455795,0.5464749966469742,-0.8031603085752247,-0.3785957272950411,-0.4521781015134645,0.0844615801117154
1765625899.7495344,636.77001953125,560.8300170898438,576.3900146484375,260.07000732421875,188.52999877929688,183.0800018310547,558.1099853515625,662.1699829101562,471.4500122070313,300.1499938964844,0,-0.251486184341951,-0.0836609187089124,0.5613655614342496,-0.8182078645439813,-0.3824270991382106,-0.4253616590044887,0.0579039143068959
1765625900.322977,645.3800048828125,560.739990234375,576.3900146484375,260.07000732421875,188.52999877929688,183.0800018310547,558.1099853515625,662.1699829101562,471.4500122070313,300.1499938964844,0,-0.2514005619362932,-0.0821209626397477,0.5578087116933168,-0.8091697177412578,-0.3963605381496968,-0.425914530497733,0.0820944845839941
1765625900.557956,652.4099731445312,562.9400024414062,576.3900146484375,260.07000732421875,188.52999877929688,183.0800018310547,558.1099853515625,662.1699829101562,471.4500122070313,300.1499938964844,0,-0.256612812284769,-0.0745738454105142,0.5487831705581018,0.9172771546965398,0.3795012822516425,0.0154724200897372,0.1197580997584127
1765625900.6575396,650.8300170898438,564.9600219726562,576.3900146484375,260.07000732421875,188.52999877929688,183.0800018310547,558.1099853515625,662.1699829101562,471.4500122070313,300.1499938964844,0,-0.2585234377549961,-0.0794535879063061,0.5630411959439783,-0.8210921777400444,-0.3954902444297088,-0.4085858627816604,0.049524690307026
1765625900.8962874,650.8300170898438,565.4000244140625,576.3900146484375,260.07000732421875,188.52999877929688,183.0800018310547,558.1099853515625,662.1699829101562,471.4500122070313,300.1499938964844,0,-0.2518544286547216,-0.0762075608346749,0.5513365366165108,-0.8084526793754852,-0.4024950181631299,-0.4237992663489091,0.0692546562087134
1765625902.1139538,657.9500122070312,565.3099975585938,576.3900146484375,260.07000732421875,188.52999877929688,183.0800018310547,558.1099853515625,662.1699829101562,471.4500122070313,300.1499938964844,0,-0.2540415748003488,-0.0781125506752557,0.5585405175418464,-0.8126606610344601,-0.4038330587019217,-0.4168932381312388,0.0519763283325668
1765625902.3022866,664.97998046875,567.4199829101562,576.3900146484375,260.07000732421875,188.52999877929688,183.0800018310547,558.1099853515625,662.1699829101562,471.4500122070313,300.1499938964844,0,-0.2528962809008535,-0.0687350245486494,0.5379416829561874,-0.7956385560437346,-0.4113432956007186,-0.436286868058757,0.0860799050909202
1765625902.3748116,664.97998046875,567.4199829101562,576.3900146484375,260.07000732421875,188.52999877929688,183.0800018310547,558.1099853515625,662.1699829101562,471.4500122070313,300.1499938964844,0,-0.2602601214203578,-0.0691736800568929,0.5498089827462793,-0.8112693607931242,-0.4116008614433843,-0.4131957007207413,0.0411833461884193
1765625902.6182778,663.219970703125,569.530029296875,576.3900146484375,260.07000732421875,188.52999877929688,183.0800018310547,558.1099853515625,662.1699829101562,471.4500122070313,300.1499938964844,0,-0.2508717037884726,-0.0732815026942724,0.5472394330370558,0.9078067826002728,0.4032949480329751,-0.0017219849043947,0.115052445102265
1765625903.5343435,667.0900268554688,569.969970703125,576.3900146484375,260.07000732421875,188.52999877929688,183.0800018310547,558.1099853515625,662.1699829101562,471.4500122070313,300.1499938964844,0,-0.2531611143409351,-0.0714010052682654,0.5479371633050408,-0.8100338320894004,-0.4180846839169634,-0.4083635075331008,0.047850116612991
1765625903.7516768,672.7999877929688,572.0800170898438,576.3900146484375,260.07000732421875,188.52999877929688,183.0800018310547,558.1099853515625,662.1699829101562,471.4500122070313,300.1499938964844,0,-0.2615965848972186,-0.0670476942150371,0.5495010179139581,0.9072856275256356,0.4073811446885289,0.0295843384148591,0.0999907993679059
1765625903.9333224,670.9600219726562,574.0999755859375,576.3900146484375,260.07000732421875,188.52999877929688,183.0800018310547,558.1099853515625,662.1699829101562,471.4500122070313,300.1499938964844,0,-0.2567960074751471,-0.0710977571348131,0.5517380553679675,0.9039528150487848,0.4100114767130153,0.03428054333947,0.1165535991608194
1765625905.1958587,673.6799926757812,574.3699951171875,576.3900146484375,260.07000732421875,188.52999877929688,183.0800018310547,558.1099853515625,662.1699829101562,471.4500122070313,300.1499938964844,0,-0.2598169573466641,-0.0698623631929353,0.5584160570812092,-0.8177460555462869,-0.4287714590563343,-0.3838809096812234,0.0090482992605123
1765625905.2552092,684.3200073242188,574.3699951171875,576.3900146484375,260.07000732421875,188.52999877929688,183.0800018310547,558.1099853515625,662.1699829101562,471.4500122070313,300.1499938964844,0,-0.2543161328384091,-0.0675231008758358,0.544502433357702,-0.8015669204965525,-0.4264972188002995,-0.4167477220513478,0.0437256273402171
1765625905.5333228,691.260009765625,576.6500244140625,578.4099731445312,260.07000732421875,188.52999877929688,183.0800018310547,558.1099853515625,662.1699829101562,471.4500122070313,300.1499938964844,0,-0.265817480145816,-0.0587040557613628,0.5364678939025234,0.8979632914062947,0.4233762902453742,0.0307675562128621,0.1160508579439496
1765625905.7593925,689.1500244140625,578.9400024414062,578.5,260.07000732421875,188.52999877929688,183.0800018310547,558.1099853515625,662.1699829101562,471.4500122070313,300.1499938964844,0,-0.2592293187392984,-0.0630525773465554,0.5414588941546118,-0.7971852392337767,-0.4399367384242584,-0.4117039199208277,0.0380951815094311
1765625905.9323435,687.6599731445312,581.0399780273438,578.5,260.07000732421875,190.80999755859372,183.0800018310547,558.1099853515625,662.1699829101562,471.4500122070313,300.1499938964844,0,-0.2608521749843428,-0.0605325431790228,0.545074027687158,0.8935782963529352,0.4261831772649328,0.034940575745928,0.1366194856888874
1765625907.188234,687.5700073242188,581.3099975585938,578.5,260.07000732421875,191.16000366210935,183.0800018310547,558.1099853515625,662.1699829101562,471.4500122070313,300.1499938964844,0,-0.254583191009241,-0.0603277476431252,0.5345808593112454,-0.7939924968802512,-0.4334745548181383,-0.4250660636878852,0.0315367519565278
1765625907.308961,687.5700073242188,581.3099975585938,578.5,260.07000732421875,191.16000366210935,183.0800018310547,558.1099853515625,662.1699829101562,471.4500122070313,300.1499938964844,0,-0.2621734197695826,-0.0629282139650054,0.5507255150779895,0.8926464447584269,0.4384396877929988,0.0501102939946313,0.0918799393985972
1765625907.5648355,687.5700073242188,581.3099975585938,578.5,260.07000732421875,191.07000732421875,183.0800018310547,558.1099853515625,662.1699829101562,471.4500122070313,300.1499938964844,0,-0.2574700970223532,-0.0615743421031399,0.5412568817525518,0.8957173179529835,0.4210687626296887,0.0192072624187969,0.1415014647521092
1765625907.6985931,692.1400146484375,581.3099975585938,578.5,260.07000732421875,191.07000732421875,183.0800018310547,558.1099853515625,662.1699829101562,471.4500122070313,300.1499938964844,0,-0.2593714405904792,-0.0619820379102954,0.544009428021065,0.8930480692885981,0.4309164775680532,0.0145123141814856,0.1287071405841434
1765625908.4654331,707.0800170898438,588.1599731445312,582.7100219726562,260.07000732421875,190.9900054931641,183.0800018310547,558.1099853515625,662.1699829101562,471.4500122070313,300.1499938964844,0,-0.268397694078656,-0.0541454923467529,0.5381726110824658,0.8849443262120302,0.4446809786150589,0.0439365319912882,0.1311561966499027
1765625908.9635742,706.989990234375,588.5999755859375,582.7100219726562,260.07000732421875,190.9900054931641,183.0800018310547,558.1099853515625,662.1699829101562,471.4500122070313,300.1499938964844,0,-0.2634380469688949,-0.0548451610997825,0.5289844965832559,0.8909626373070565,0.4324997771085203,0.0277883239360291,0.1354892275303131
1765625909.6693616,709.0999755859375,588.5999755859375,582.6300048828125,260.07000732421875,190.9900054931641,183.0800018310547,558.1099853515625,662.1699829101562,471.4500122070313,300.1499938964844,0,-0.2640301204768693,-0.0549559251651361,0.5318983100863844,-0.7992908252265294,-0.452077489009596,-0.395905627114009,0.0043422412341378
1765625909.8665955,718.1500244140625,588.5999755859375,582.6300048828125,260.07000732421875,190.9900054931641,183.0800018310547,558.1099853515625,662.1699829101562,471.4500122070313,300.1499938964844,0,-0.2661449921876084,-0.0560794189131204,0.5363618251068352,0.8832596011599815,0.4533472214145305,0.0506321000605752,0.1084673418033788
1765625910.106168,726.1500244140625,590.7999877929688,584.9099731445312,260.07000732421875,190.9900054931641,183.0800018310547,558.1099853515625,662.1699829101562,471.4500122070313,300.1499938964844,0,-0.2796291986614242,-0.0475291698267346,0.5218854423223026,0.876584558638108,0.4624453733786422,0.0415140716808316,0.1265716004892104
1765625910.269627,723.8699951171875,593.0900268554688,587.2000122070312,260.07000732421875,190.9900054931641,183.0800018310547,558.1099853515625,662.1699829101562,471.4500122070313,300.1499938964844,0,-0.2731785625750804,-0.0510398346119142,0.5232040248439684,-0.7872014403960794,-0.4678880715807865,-0.4016048985527411,0.0103995273543153
1765625910.4739697,721.760009765625,595.2000122070312,587.2899780273438,260.07000732421875,190.9900054931641,183.0800018310547,558.1099853515625,662.1699829101562,471.4500122070313,300.1499938964844,0,-0.2715476593010492,-0.0500450801273682,0.5275408380632151,0.7841504899021069,0.468385151868499,0.4067559723692601,0.0165208243543315
1765625911.904557,728.530029296875,599.5,591.5900268554688,260.07000732421875,190.9900054931641,183.0800018310547,558.1099853515625,662.1699829101562,471.4500122070313,300.1499938964844,0,-0.2835330994884253,-0.0511929395022999,0.5374677405192357,0.7992319525001516,0.4683975098075933,0.3724734982415368,0.0556376852192188
1765625912.0039475,728.530029296875,599.5,591.5900268554688,260.07000732421875,190.9900054931641,183.0800018310547,558.1099853515625,662.1699829101562,471.4500122070313,300.1499938964844,0,-0.2724618438553581,-0.0493126977070385,0.5247372690046843,0.7841440844800774,0.4707122580771276,0.4016719503958955,0.0469858397391214
1765625914.4572415,726.9400024414062,599.77001953125,595.719970703125,260.07000732421875,190.9900054931641,183.0800018310547,558.1099853515625,662.1699829101562,471.4500122070313,300.1499938964844,0,-0.2753813938793716,-0.0490645101906146,0.5263298467601372,0.8771318772765088,0.4656412567969779,0.0439904496192519,0.1090079362992195
1765625914.6712463,726.6799926757812,599.77001953125,606.3599853515625,260.07000732421875,190.9900054931641,183.0800018310547,558.1099853515625,662.1699829101562,471.4500122070313,300.0599975585937,0,-0.2743483787982439,-0.0498876000328792,0.5280032956810005,0.869925599115842,0.4741518185296836,0.0543786991510898,0.1243079324362391
1765625914.977318,726.6799926757812,601.8699951171875,611.8900146484375,260.07000732421875,190.9900054931641,183.0800018310547,558.1099853515625,662.1699829101562,471.4500122070313,300.1499938964844,0,-0.2804563522598702,-0.0550954306634998,0.512768516127048,0.770200257168251,0.4735530249439553,0.4272312948555101,0.0035379542780632
1765625915.2396002,726.5900268554688,603.97998046875,608.989990234375,260.07000732421875,190.9900054931641,183.0800018310547,558.1099853515625,662.1699829101562,471.4500122070313,300.1499938964844,0,-0.2779104039510296,-0.0511538596127285,0.52164111519466,0.8721442533113244,0.4801052281784446,0.0458189382031567,0.0822435176393337
1765625916.1248703,726.5900268554688,604.25,609.1699829101562,260.07000732421875,190.9900054931641,183.0800018310547,558.1099853515625,662.1699829101562,471.4500122070313,300.1499938964844,0,-0.2602033622586107,-0.0505753771349127,0.482216993624026,-0.7899603829673085,-0.5067003520698624,-0.3376801531162212,0.0720379118647003
1765625916.1916654,726.5900268554688,604.25,609.1699829101562,260.07000732421875,190.9900054931641,183.0800018310547,558.1099853515625,662.1699829101562,471.4500122070313,300.1499938964844,0,-0.2780099690119912,-0.0532520834593981,0.5171499661637536,0.7762179912703657,0.4699847851982666,0.4164585597002833,0.0562334398974788
1765625916.2520368,725.7999877929688,605.8300170898438,609.1699829101562,260.07000732421875,190.9900054931641,183.0800018310547,558.1099853515625,662.1699829101562,471.4500122070313,300.1499938964844,0,-0.2789519753271591,-0.0530017652862119,0.5185221930436975,0.8752254449048891,0.4707270117317197,0.0429773682837817,0.1027105001086292
1765625916.454392,725.5399780273438,617.260009765625,609.1699829101562,260.07000732421875,190.9900054931641,183.0800018310547,558.1099853515625,662.1699829101562,471.4500122070313,300.1499938964844,0,-0.2775019998232244,-0.0515169319707089,0.518604619499231,0.8750981484247501,0.4707106799631677,0.0435717518068035,0.1036155820167635
1765625916.669413,725.4500122070312,629.2999877929688,609.1699829101562,260.07000732421875,190.9900054931641,183.0800018310547,558.1099853515625,662.1699829101562,471.4500122070313,300.1499938964844,0,-0.2821378306339886,-0.0550479068597988,0.5158238017138355,0.8723321253001849,0.473189413415606,0.0519485465133248,0.1114889712743383
1765625916.913303,725.4500122070312,642.0399780273438,609.1699829101562,260.07000732421875,190.9900054931641,183.0800018310547,558.1099853515625,662.1699829101562,471.4500122070313,300.1499938964844,0,-0.2879399692590405,-0.0583203539988096,0.5152533993240277,0.8662845773853938,0.4814359869674849,0.0745587179628673,0.1105052895231131
1765625917.042832,725.4500122070312,642.0399780273438,609.1699829101562,260.07000732421875,190.9900054931641,183.0800018310547,558.1099853515625,662.1699829101562,471.4500122070313,300.1499938964844,0,-0.2841591087536686,-0.0587938412643062,0.5049215731030978,0.768111145605018,0.484295332508713,0.4187373765482668,0.0110593123247812
1765625917.1056545,725.4500122070312,654.7000122070312,609.1699829101562,260.07000732421875,190.9900054931641,183.0800018310547,558.1099853515625,662.1699829101562,471.4500122070313,300.1499938964844,0,-0.2890780136474842,-0.0604206047522016,0.5116994571556968,0.768062176777761,0.48003571137045,0.4213742511652812,0.0457159585634166
1765625917.2556176,725.4500122070312,667.1799926757812,609.1699829101562,260.07000732421875,190.9900054931641,183.0800018310547,558.1099853515625,662.1699829101562,471.4500122070313,300.1499938964844,0,-0.2904729310338542,-0.0625544329040641,0.5007707905626382,0.8636075285125612,0.475021909029258,0.0686197800621548,0.1543617453349332
1765625917.5161524,725.5399780273438,680.27001953125,609.260009765625,260.07000732421875,190.9900054931641,183.0800018310547,558.1099853515625,662.1699829101562,471.4500122070313,300.0599975585937,0,-0.2924012570386114,-0.0660399720822387,0.4938410435793366,0.8588972201743923,0.4807746463936863,0.0879046790220791,0.1530492468709093
1765625917.6897488,725.5399780273438,685.989990234375,609.260009765625,260.07000732421875,190.9900054931641,183.0800018310547,558.1099853515625,662.1699829101562,471.4500122070313,300.1499938964844,0,-0.2807366795693827,-0.06457716196834,0.4671673935454805,0.8282309813234818,0.4549077374980373,0.1967069805412996,0.2615315578408922
1765625917.7775853,725.5399780273438,685.989990234375,609.260009765625,260.07000732421875,190.9900054931641,183.0800018310547,558.1099853515625,662.1699829101562,471.4500122070313,300.1499938964844,0,-0.3001660626878898,-0.0693011770463249,0.4925653048625777,0.8503732176679089,0.506538774569072,0.1118741980366664,0.0881363962551387
1765625918.0048912,725.4500122070312,686.1599731445312,609.260009765625,260.07000732421875,190.9900054931641,183.0800018310547,558.1099853515625,662.1699829101562,471.4500122070313,300.1499938964844,0,-0.2792337433268811,-0.0655425026927592,0.4581165384302152,0.8104992665014219,0.4580025737714113,0.2412060359177034,0.2741244783967448
1765625918.0730834,725.4500122070312,686.1599731445312,609.1699829101562,260.07000732421875,190.9900054931641,183.0800018310547,558.1099853515625,662.1699829101562,471.4500122070313,300.1499938964844,0,-0.2975416796495548,-0.0685255171730336,0.4907481527608505,0.8464395508413506,0.502189905545071,0.1216614230621423,0.1286230293478577
1765625918.2342887,725.4500122070312,686.1599731445312,609.1699829101562,260.07000732421875,190.9900054931641,183.0800018310547,558.1099853515625,662.1699829101562,471.4500122070313,300.1499938964844,0,-0.2795964589228593,-0.0649835361606711,0.4590420796480326,-0.7728037753032518,-0.5454474880406177,-0.3135172406810257,0.0834763587069834
1765625918.3084948,725.4500122070312,686.25,609.260009765625,260.07000732421875,190.9900054931641,183.0800018310547,558.1099853515625,662.1699829101562,471.4500122070313,300.1499938964844,0,-0.2988998933056863,-0.0698554176803026,0.4919361303684489,0.7749497126791473,0.509098687175153,0.3725451961633395,0.0384908606121184
1765625919.0352335,725.4500122070312,686.5999755859375,609.260009765625,260.07000732421875,190.9900054931641,183.0800018310547,558.1099853515625,662.1699829101562,471.4500122070313,300.1499938964844,0,-0.2798120046837261,-0.0654385558464748,0.4602700386525933,0.8180500536523113,0.4657696000896802,0.2192693620551028,0.2564639082126334
1765625919.106179,725.4500122070312,686.25,612.25,260.07000732421875,190.9900054931641,183.0800018310547,558.1099853515625,662.1699829101562,471.4500122070313,300.1499938964844,0,-0.297244380234909,-0.0686170525273081,0.4906769495540621,0.7657661393050945,0.5068580689641072,0.3928247751716336,0.0488447932854928
1765625919.353842,725.4500122070312,685.719970703125,623.6699829101562,260.07000732421875,190.9900054931641,183.0800018310547,558.1099853515625,662.1699829101562,471.4500122070313,300.1499938964844,0,-0.282963189100451,-0.0669245316707465,0.4559526743666717,-0.7687693121849657,-0.548156159803487,-0.3196575649190141,0.079609109417171
1765625919.5718508,725.4500122070312,685.719970703125,637.030029296875,260.07000732421875,190.9900054931641,183.0800018310547,558.1099853515625,662.1699829101562,471.4500122070313,300.0599975585937,0,-0.3033201973174324,-0.0750945079405518,0.4758520715152181,0.7375065495700559,0.5003575097484363,0.4526558597776161,0.0287945201141045
1765625919.6530511,725.4500122070312,685.719970703125,650.3900146484375,260.07000732421875,190.9900054931641,183.0800018310547,558.1099853515625,662.1699829101562,471.4500122070313,300.1499938964844,0,-0.3095729264706022,-0.0772324956818751,0.4827661620799467,0.8502796315153364,0.5030178838424817,0.0982204858920998,0.1197927081081959
1765625919.9028194,725.4500122070312,685.719970703125,664.010009765625,260.07000732421875,190.9900054931641,183.0800018310547,558.1099853515625,662.1699829101562,471.4500122070313,300.1499938964844,0,-0.305508897065055,-0.0774588799649739,0.4663962825880374,0.7220265189993884,0.4927595668389724,0.4850381612910969,0.0245702511514646
1765625922.8270566,725.4500122070312,685.6300048828125,653.1199951171875,260.07000732421875,190.9900054931641,183.0800018310547,558.1099853515625,662.1699829101562,471.4500122070313,300.1499938964844,0,-0.3091827295676161,-0.078942144314767,0.4701279254994905,0.8590802923439107,0.4943463781893016,0.063830450588058,0.1163115783365797
1765625922.895269,725.4500122070312,685.6300048828125,639.3200073242188,260.07000732421875,190.9900054931641,183.0800018310547,558.1099853515625,662.1699829101562,471.4500122070313,300.1499938964844,0,-0.3077408517781627,-0.0785003532220942,0.4700017953345776,0.8621212178796955,0.4857178422729282,0.0691594539585208,0.1266576223822337
1765625923.106007,725.4500122070312,685.6300048828125,635.1900024414062,260.07000732421875,190.9900054931641,183.0800018310547,558.1099853515625,662.1699829101562,471.4500122070313,300.1499938964844,0,-0.3055327025368556,-0.0769574719879526,0.4724788748699856,0.855145869732026,0.4965276156861441,0.0727957244586923,0.1299486469411046
1765625923.3120625,725.0999755859375,685.6300048828125,641.0700073242188,260.07000732421875,190.9900054931641,183.0800018310547,558.1099853515625,662.1699829101562,471.4500122070313,300.1499938964844,0,-0.3034246480734922,-0.0742410362150243,0.4769156486162252,0.8544639529337787,0.500155362522494,0.0780397561083246,0.116815080119507
1765625924.4877343,727.2899780273438,685.6300048828125,641.0700073242188,260.07000732421875,190.9900054931641,183.0800018310547,558.1099853515625,662.1699829101562,471.4500122070313,300.1499938964844,0,-0.3031568694514349,-0.0755775050996439,0.4745328122949043,0.7463708960044677,0.4856262322813627,0.4505935558382342,0.0637424156645487
1765625924.7118273,735.2899780273438,685.6300048828125,641.0700073242188,260.07000732421875,190.9900054931641,183.0800018310547,558.1099853515625,662.1699829101562,471.4500122070313,300.1499938964844,0,-0.3040486552346874,-0.0752553893849477,0.4768164119622753,0.8546041212260655,0.5001342959675751,0.0773884628082264,0.1163121137484061
1765625924.919201,748.0399780273438,685.6300048828125,641.0700073242188,260.07000732421875,190.9900054931641,183.0800018310547,558.1099853515625,662.1699829101562,471.4500122070313,300.1499938964844,0,-0.3078890712471387,-0.0750284844109652,0.4808438087951008,0.7545445935566512,0.4928297250065174,0.4281901738631714,0.0665919926977372
1765625925.0694208,760.25,685.5499877929688,641.0700073242188,260.07000732421875,190.9900054931641,183.0800018310547,558.1099853515625,662.1699829101562,471.4500122070313,300.1499938964844,0,-0.3088925317670672,-0.0713723568873668,0.4743884130023069,0.8509289954093467,0.4988939781911895,0.0964988091762868,0.1330887791054063
1765625925.297287,773.260009765625,685.6300048828125,641.0700073242188,260.07000732421875,190.9900054931641,183.0800018310547,558.1099853515625,662.1699829101562,471.4500122070313,300.1499938964844,0,-0.3086716618048866,-0.0644964477558157,0.4697468047233368,0.845106233588403,0.516833964043021,0.0853864277733233,0.1067111311612435
1765625927.9682472,784.3400268554688,685.5499877929688,640.989990234375,260.07000732421875,190.9900054931641,183.0800018310547,558.1099853515625,662.1699829101562,471.4500122070313,300.1499938964844,0,-0.3120147024916821,-0.050294896522545,0.4770665182027384,0.8192590726135625,0.5537530239018836,0.1070865485329229,0.1034631895081117
1765625928.04368,784.3400268554688,685.5499877929688,640.989990234375,260.07000732421875,190.9900054931641,183.0800018310547,558.1099853515625,662.1699829101562,471.4500122070313,300.1499938964844,0,-0.3157358436582074,-0.0520645601522847,0.4865191915551332,0.8131874180021696,0.5565143271298039,0.1462956250257686,0.0872675025455982
1765625928.1199377,771.4199829101562,685.5499877929688,640.989990234375,260.07000732421875,190.9900054931641,183.0800018310547,558.1099853515625,662.1699829101562,471.4500122070313,300.1499938964844,0,-0.2833142448016627,-0.0504303318431248,0.4430401974068166,-0.7304081184066636,-0.5906554784867463,-0.3348531320250803,0.0741853507926204
1765625928.185539,771.4199829101562,685.5499877929688,640.989990234375,260.07000732421875,190.9900054931641,183.0800018310547,558.1099853515625,662.1699829101562,471.4500122070313,300.1499938964844,0,-0.306888559026103,-0.0602006161313374,0.4906959377639916,0.8162103061002995,0.5599727770454781,0.1159020901310317,0.0824495645039377
1765625928.5571203,744.52001953125,685.5499877929688,640.989990234375,260.07000732421875,190.9900054931641,183.0800018310547,558.1099853515625,662.1699829101562,471.4500122070313,300.1499938964844,0,-0.3033569054848166,-0.0693429619255477,0.4908569677364314,0.8364391551310627,0.5204695406189537,0.0989766962284643,0.1403018554945996
1765625928.6977804,730.719970703125,685.5499877929688,640.989990234375,260.07000732421875,190.9900054931641,183.0800018310547,558.1099853515625,662.1699829101562,471.4500122070313,300.1499938964844,0,-0.2958134519058092,-0.0730238971215976,0.4883010866942554,0.8416391957875883,0.52122658310371,0.0768549183255045,0.1185733305142151
1765625928.898248,717.0999755859375,685.5499877929688,640.989990234375,260.07000732421875,190.9900054931641,183.0800018310547,558.1099853515625,662.1699829101562,471.4500122070313,300.1499938964844,0,-0.2959370020127918,-0.074981440332145,0.4884949734961849,0.8457262540333474,0.5189118076615316,0.0761907320205789,0.0983494354957466
1765625929.0999596,705.760009765625,685.5499877929688,640.989990234375,260.07000732421875,190.9900054931641,183.0800018310547,558.1099853515625,662.1699829101562,471.4500122070313,300.1499938964844,0,-0.2986877736416589,-0.0795747409065815,0.4940715201971737,0.8484094977823256,0.510686312182019,0.0826981468280255,0.1120795750075897
1765625930.289954,705.5,680.5399780273438,640.989990234375,260.07000732421875,190.9900054931641,183.0800018310547,558.1099853515625,662.1699829101562,471.4500122070313,300.1499938964844,0,-0.2975597589475852,-0.0842929233627603,0.4967855580829753,0.8520692741633242,0.5080475271128875,0.0934172954620578,0.0844918406109146
1765625930.4990797,705.4099731445312,667.7899780273438,640.989990234375,260.07000732421875,190.9900054931641,183.0800018310547,558.1099853515625,662.1699829101562,471.4500122070313,300.1499938964844,0,-0.295155887530458,-0.0822607314928181,0.4920358469456812,0.8591558978057251,0.4930545147445014,0.0765314926376732,0.1135399462319421
1765625930.6871486,705.4099731445312,653.72998046875,640.989990234375,260.07000732421875,190.9900054931641,183.0800018310547,558.1099853515625,662.1699829101562,471.4500122070313,300.1499938964844,0,-0.2738185321448815,-0.0781758049102468,0.4618481594922908,-0.773728671136189,-0.5279208226918417,-0.3337315707913104,0.1061451227676554
1765625930.750389,705.4099731445312,653.72998046875,640.989990234375,260.07000732421875,190.9900054931641,183.0800018310547,558.1099853515625,662.1699829101562,471.4500122070313,300.1499938964844,0,-0.2917535720914475,-0.0826682445438686,0.5009229300094876,0.8667209424739121,0.4847943297620063,0.0489033006626018,0.1066664562645818
1765625930.882048,705.4099731445312,640.2000122070312,640.989990234375,260.07000732421875,190.9900054931641,183.0800018310547,558.1099853515625,662.1699829101562,471.4500122070313,300.1499938964844,0,-0.2889239584934726,-0.0797857697013454,0.5026352367623048,0.7512432814885128,0.473538000530122,0.4581574862807546,0.0385617924532261
1765625931.0091968,705.4099731445312,640.2000122070312,640.989990234375,260.07000732421875,190.9900054931641,183.0800018310547,558.1099853515625,662.1699829101562,471.4500122070313,300.1499938964844,0,-0.2866997110799488,-0.0746525822717262,0.5120640357257887,0.7568307287263529,0.4718563315995745,0.4500311185422518,0.0450648724456168
1765625931.0733583,705.3200073242188,635.8900146484375,640.989990234375,260.07000732421875,190.9900054931641,183.0800018310547,558.1099853515625,662.1699829101562,471.4500122070313,300.1499938964844,0,-0.2837038058824968,-0.0749433614828968,0.5109303661636967,0.8732150191066944,0.4756656204758057,0.0245094417990508,0.1031360032508575
1765625931.2517014,705.22998046875,641.6900024414062,640.9000244140625,260.07000732421875,190.9900054931641,183.0800018310547,558.1099853515625,662.1699829101562,471.4500122070313,300.1499938964844,0,-0.2797855721735179,-0.071220833855058,0.5125685800284959,0.756782895689853,0.464441330132642,0.4583066121837211,0.0391017759773605
1765625932.8897333,692.9299926757812,641.6900024414062,640.9000244140625,260.07000732421875,190.9900054931641,183.0800018310547,558.1099853515625,662.1699829101562,471.4500122070313,300.1499938964844,0,-0.2837138646088485,-0.0754715140389732,0.517032931374285,0.7631900948593201,0.4560055411235731,0.4561475528902725,0.0391054416345787
1765625933.0862465,679.5700073242188,641.6900024414062,640.989990234375,260.07000732421875,190.9900054931641,183.0800018310547,558.1099853515625,662.1699829101562,471.4500122070313,300.1499938964844,0,-0.2795875538659175,-0.0834913907981889,0.517775741045152,0.8827179962245494,0.4612465254399823,0.0208847810204491,0.0873178551762923
1765625933.2876604,666.2100219726562,641.6900024414062,640.989990234375,260.07000732421875,190.9900054931641,183.0800018310547,558.1099853515625,662.1699829101562,471.4500122070313,300.1499938964844,0,-0.2794850349537592,-0.0847651308143863,0.5175863612495425,0.8827595434597191,0.4610564724685114,0.0212961055008384,0.0878008742335656
1765625933.5086262,652.239990234375,641.6900024414062,640.9000244140625,260.07000732421875,190.9900054931641,183.0800018310547,558.1099853515625,662.1699829101562,471.4500122070313,300.1499938964844,0,-0.27727587031205,-0.0858293038230211,0.5111720559447114,-0.7552571040591062,-0.4308164125387597,-0.4937318586817997,0.0145868837693677
1765625933.56689,652.239990234375,641.6900024414062,640.9000244140625,260.07000732421875,190.9900054931641,183.0800018310547,558.1099853515625,662.1699829101562,471.4500122070313,300.1499938964844,0,-0.2829461705013263,-0.0898384083385403,0.5221373635465725,0.7680929922294558,0.4261157948750792,0.4778619817880833,0.0103155711206951
1765625933.6986947,638.7000122070312,641.6900024414062,640.989990234375,260.07000732421875,190.9900054931641,183.0800018310547,558.1099853515625,662.1699829101562,471.4500122070313,300.1499938964844,0,-0.2792841627248209,-0.0925319972461424,0.5151402966153864,0.8986518174216788,0.4274114846076016,-0.0038402433649651,0.0986386658523809
1765625933.821761,638.7000122070312,641.6900024414062,640.989990234375,260.07000732421875,190.9900054931641,183.0800018310547,558.1099853515625,662.1699829101562,471.4500122070313,300.1499938964844,0,-0.2740260532504463,-0.0923999640486274,0.5058579776585658,-0.7561740604790486,-0.4012860581881557,-0.5157624022659941,0.0340504650665946
1765625934.0238695,634.0399780273438,641.5999755859375,640.989990234375,260.07000732421875,190.9900054931641,183.0800018310547,558.1099853515625,662.1699829101562,471.4500122070313,300.1499938964844,0,-0.2750763284785278,-0.0943918184983569,0.5067846615528808,-0.7624855900695984,-0.4013192474387536,-0.5058609320753383,0.0407836238124934
1765625934.0870495,639.489990234375,641.6900024414062,640.9000244140625,260.07000732421875,190.9900054931641,183.0800018310547,558.1099853515625,662.1699829101562,471.4500122070313,300.1499938964844,0,-0.2773260345764067,-0.0950674282723282,0.5104159527968356,-0.760783110880725,-0.4095367261944543,-0.50131635211603,0.0465901620264591
1765625935.2744205,639.4000244140625,641.5999755859375,635.3599853515625,260.07000732421875,190.9900054931641,183.0800018310547,558.1099853515625,662.1699829101562,471.4500122070313,300.1499938964844,0,-0.2810666835622586,-0.0946647163131026,0.515170756911616,0.905142768082442,0.4172103147069589,-0.002152124969932,0.0815321473302925
1765625935.455749,639.4000244140625,641.5999755859375,622.0900268554688,260.07000732421875,190.9900054931641,183.0800018310547,558.1099853515625,662.1699829101562,471.4500122070313,300.1499938964844,0,-0.2793027439649346,-0.0944109499595155,0.5117657176583156,0.9041433196006284,0.4181215465241302,-0.0112538743606649,0.0870205738070021
1765625935.96085,639.4000244140625,641.5999755859375,594.3200073242188,260.07000732421875,190.9900054931641,183.0800018310547,558.1099853515625,662.1699829101562,471.4500122070313,300.1499938964844,0,-0.2656460502470937,-0.0914957462533085,0.5357362171273315,-0.790499599493313,-0.4228706179207028,-0.4388312217617652,0.0609752614373334
1765625936.2558367,639.4000244140625,641.510009765625,596.1599731445312,260.07000732421875,190.9900054931641,183.0800018310547,558.1099853515625,662.1699829101562,471.4500122070313,300.1499938964844,0,-0.262183677580786,-0.0892948155524155,0.5387265056635069,-0.7929563431442569,-0.4217299364465902,-0.4368225499432681,0.0504990933889276
1765625937.8554797,639.4000244140625,641.4299926757812,592.1199951171875,260.07000732421875,190.9900054931641,183.0800018310547,558.1099853515625,662.1699829101562,471.4500122070313,300.1499938964844,0,-0.2606004634963786,-0.0893797883303162,0.5317443329944617,-0.7923698127359257,-0.4203017044375223,-0.4393329620598977,0.0498307692036162
1765625938.1258647,639.4000244140625,641.3400268554688,588.25,260.07000732421875,190.9900054931641,183.0800018310547,558.1099853515625,662.1699829101562,471.4500122070313,300.1499938964844,0,-0.2640817943268224,-0.0909415340266786,0.5410189878973108,0.8968660056807284,0.4286088839097404,0.0307109832170676,0.104798034322136
1765625938.3921154,639.4000244140625,641.4299926757812,594.0499877929688,260.07000732421875,190.9900054931641,183.0800018310547,558.1099853515625,662.1699829101562,471.4500122070313,300.1499938964844,0,-0.2641814125367796,-0.0905252617606674,0.5408304578864095,-0.8012961875168065,-0.4250654593927889,-0.4204355448446819,0.0218569836295786
1765625940.4909794,639.3200073242188,595.4600219726562,593.9600219726562,260.07000732421875,190.9900054931641,183.0800018310547,558.1099853515625,662.1699829101562,471.4500122070313,300.1499938964844,0,-0.2459751616652051,-0.0854641879128283,0.5521735151928404,-0.8019124958244089,-0.4107450403014127,-0.4284623288549121,0.0681534567038494
1765625940.656474,639.3200073242188,590.7999877929688,593.8800048828125,260.07000732421875,190.9900054931641,183.0800018310547,558.1099853515625,662.1699829101562,471.4500122070313,300.1499938964844,0,-0.2460697096972507,-0.085882901544242,0.5555258095749649,-0.7949328124675523,-0.413252397960736,-0.4380881186550981,0.0733694727755734
1765625941.0892177,639.3200073242188,597.3900146484375,593.8800048828125,260.07000732421875,190.9900054931641,183.0800018310547,558.1099853515625,662.1699829101562,471.4500122070313,300.1499938964844,0,-0.2422401251536854,-0.0846162630196495,0.547998078262243,-0.7913005147931329,-0.4112540373767708,-0.4432782058497189,0.0906534293233447
1765625941.3791971,639.3200073242188,597.3900146484375,593.8800048828125,260.07000732421875,190.9900054931641,183.0800018310547,558.1099853515625,662.1699829101562,471.4500122070313,300.1499938964844,0,-0.2456777240783475,-0.0839363764621023,0.5598853148988663,0.9097642083024264,0.4007731768711289,0.0189333338620552,0.1065433004057496
1765625941.5702467,639.3200073242188,597.3900146484375,593.8800048828125,260.07000732421875,190.9900054931641,183.0800018310547,558.1099853515625,662.1699829101562,471.4500122070313,300.1499938964844,0,-0.2419137179751029,-0.0839867638885701,0.5483782965362399,-0.7988615347874228,-0.4072089976036958,-0.4361344938269751,0.0760774855128927
1765625941.6431696,639.3200073242188,597.3900146484375,593.8800048828125,260.07000732421875,190.9900054931641,183.0800018310547,558.1099853515625,662.1699829101562,471.4500122070313,300.1499938964844,0,-0.2465347939907094,-0.0858326370273947,0.5583933648662177,-0.8131551532673259,-0.4069805526686975,-0.4149330709187759,0.0312421689738014
1765625942.0202415,639.3200073242188,597.3900146484375,593.8800048828125,260.07000732421875,190.9900054931641,183.0800018310547,558.1099853515625,662.1699829101562,471.4500122070313,300.1499938964844,0,-0.2419374384944993,-0.0837980360555209,0.5484328790470011,-0.7987923759623013,-0.4068618211232907,-0.4368371042645683,0.0746159698354698
1765625942.1241014,638.6099853515625,597.2999877929688,593.8800048828125,260.07000732421875,190.9900054931641,183.0800018310547,558.1099853515625,662.1699829101562,471.4500122070313,300.1499938964844,0,-0.2468698582711493,-0.0854706139195023,0.5593713311566363,0.9086708602337664,0.4057847759165377,-0.0006833180215407,0.0982624876179806
1765625942.5205605,613.0399780273438,597.219970703125,593.7899780273438,260.07000732421875,190.9900054931641,183.0800018310547,558.1099853515625,662.1699829101562,471.4500122070313,300.1499938964844,0,-0.239159640903655,-0.0931507573129835,0.5582960304761241,0.9154546708407116,0.385313958323852,-0.0137224462068801,0.1152718249479402
1765625942.6693673,599.239990234375,597.219970703125,593.7899780273438,260.07000732421875,190.9900054931641,183.0800018310547,558.1099853515625,662.1699829101562,471.4500122070313,300.1499938964844,0,-0.2402774549223993,-0.0948624361672983,0.5548501417671189,-0.8050702396730895,-0.3813253028296948,-0.4428048451329701,0.1018665388698471
1765625942.779247,599.239990234375,597.219970703125,593.7899780273438,260.07000732421875,190.9900054931641,183.0800018310547,558.1099853515625,662.1699829101562,471.4500122070313,300.1499938964844,0,-0.2450186707909008,-0.0995693829701424,0.5662586033237847,-0.815190928802664,-0.3813176521392948,-0.4274779037809165,0.0855759285307447
1765625942.8902397,595.02001953125,597.219970703125,593.7899780273438,260.07000732421875,190.9900054931641,183.0800018310547,558.1099853515625,662.1699829101562,471.4500122070313,300.1499938964844,0,-0.2432468644222315,-0.1001639229088992,0.5621697036746371,-0.810072136982344,-0.376270494769677,-0.4400587287046118,0.0924768238074921
1765625943.129267,599.8499755859375,597.219970703125,593.7899780273438,260.07000732421875,190.9900054931641,183.0800018310547,558.1099853515625,662.1699829101562,471.4500122070313,300.1499938964844,0,-0.2379546540767833,-0.0973722267640031,0.5504095584386391,-0.808899923381214,-0.3658001316837951,-0.449336346044596,0.0998400006874779
1765625943.5047584,599.8499755859375,597.219970703125,593.7899780273438,260.07000732421875,190.9900054931641,183.0800018310547,558.1099853515625,662.1699829101562,471.4500122070313,300.1499938964844,0,-0.2443068084504217,-0.0994378552588827,0.5620508272907803,-0.8168176677661984,-0.371626347258997,-0.4348363597108533,0.0749672990132169
1765625943.603273,599.8499755859375,597.219970703125,593.7899780273438,260.07000732421875,190.9900054931641,183.0800018310547,558.1099853515625,662.1699829101562,471.4500122070313,300.1499938964844,0,-0.2392237757714903,-0.0970089230700594,0.550594472677477,-0.8085854919638774,-0.3657496645659318,-0.4502509468846168,0.0984417080558273
1765625943.6559365,599.8499755859375,597.219970703125,593.7899780273438,260.07000732421875,190.9900054931641,183.0800018310547,558.1099853515625,662.1699829101562,471.4500122070313,300.1499938964844,0,-0.2454902901423142,-0.0997007602472694,0.5652434166073093,-0.8183104626982606,-0.3622789820666514,-0.4414738496104536,0.0649828123540088
1765625944.2392962,599.8499755859375,597.219970703125,593.7899780273438,260.07000732421875,190.9900054931641,183.0800018310547,558.1099853515625,662.1699829101562,471.4500122070313,300.1499938964844,0,-0.2410516002410332,-0.098022669891143,0.5541024001990639,-0.8006944175655134,-0.3722846661572869,-0.4524629189187468,0.1247793413474696
1765625944.46039,599.77001953125,597.219970703125,589.219970703125,260.07000732421875,190.9900054931641,183.0800018310547,558.1099853515625,662.1699829101562,471.4500122070313,300.1499938964844,0,-0.2416516767307172,-0.0983062751476533,0.5545661790410295,-0.8054450033484294,-0.3743322834847613,-0.4466164505002361,0.1080158982034726
1765625944.6735082,599.77001953125,597.219970703125,575.8599853515625,260.07000732421875,190.9900054931641,183.0800018310547,558.1099853515625,662.1699829101562,471.4500122070313,300.1499938964844,0,-0.2423869898414331,-0.098976059250666,0.5583289796662433,-0.8056598385388893,-0.372019387674084,-0.4504882735203314,0.0978474076343452
1765625944.986995,599.77001953125,597.1300048828125,561.7999877929688,260.07000732421875,190.9900054931641,183.0800018310547,558.1099853515625,662.1699829101562,471.4500122070313,300.1499938964844,0,-0.22829677096699,-0.0965662678356015,0.5642223053543858,-0.8165688541132611,-0.3819805416341996,-0.4173112986069202,0.1147059386431462
1765625945.0649767,599.77001953125,597.1300048828125,557.6699829101562,260.07000732421875,190.9900054931641,183.0800018310547,558.1099853515625,662.1699829101562,471.4500122070313,300.1499938964844,0,-0.2296295889653024,-0.0986366297444799,0.5756893708240692,-0.8360024421481507,-0.3842789091022672,-0.3767001745737079,0.1073620753228887
1765625945.2544158,599.77001953125,597.1300048828125,563.6400146484375,260.07000732421875,190.9900054931641,183.0800018310547,558.1099853515625,662.1699829101562,471.4500122070313,300.1499938964844,0,-0.2338836000908687,-0.1003485494422068,0.5850275181789504,-0.842030951772312,-0.3861844577946008,-0.3669680402651436,0.0847342801896883
1765625945.3355153,599.77001953125,597.1300048828125,563.6400146484375,260.07000732421875,190.9900054931641,183.0800018310547,558.1099853515625,662.1699829101562,471.4500122070313,300.1499938964844,0,-0.2298844387522806,-0.0981679823442947,0.571180752298543,-0.8197661466185732,-0.3891874942030744,-0.4013743996594476,0.1241577646065119
1765625945.8915043,599.77001953125,597.1300048828125,563.6400146484375,260.07000732421875,190.9900054931641,183.0800018310547,558.1099853515625,662.1699829101562,471.4500122070313,300.1499938964844,0,-0.2331641970479528,-0.1007379383180991,0.5806724353545268,0.9190337544265742,0.3830145075054271,0.0165836460332178,0.0916614856371829
1765625946.3254128,599.77001953125,597.1300048828125,563.72998046875,260.07000732421875,190.9900054931641,183.0800018310547,558.1099853515625,662.1699829101562,471.4500122070313,300.1499938964844,0,-0.2274875927595344,-0.0974934469583334,0.5677995633450837,0.9217209452432058,0.3707013707835813,-0.008326574411921,0.1137614212187414
1765625946.582358,599.6799926757812,597.1300048828125,563.72998046875,260.07000732421875,190.9900054931641,183.0800018310547,558.1099853515625,662.1699829101562,471.4500122070313,300.1499938964844,0,-0.2331327978092542,-0.1000400505351315,0.5808049171064612,-0.8338315607714399,-0.3874186097561477,-0.383207484947854,0.0882256910203507
1765625947.2895565,599.77001953125,597.1300048828125,563.72998046875,260.07000732421875,190.9900054931641,183.0800018310547,558.1099853515625,662.1699829101562,471.4500122070313,300.1499938964844,0,-0.2290063516832424,-0.0981439681357531,0.5710419501639361,-0.8200021274994922,-0.3892571692484229,-0.4006054752728293,0.1248624053366022
1765625947.3524723,599.77001953125,597.1300048828125,563.72998046875,260.07000732421875,190.9900054931641,183.0800018310547,558.1099853515625,662.1699829101562,471.4500122070313,300.1499938964844,0,-0.2331327978092542,-0.1000400505351315,0.5808049171064612,-0.8338315607714399,-0.3874186097561477,-0.383207484947854,0.0882256910203507
1765625947.7853444,599.77001953125,591.8599853515625,563.6400146484375,260.07000732421875,190.9900054931641,183.0800018310547,558.1099853515625,662.1699829101562,471.4500122070313,300.1499938964844,0,-0.232151406136985,-0.1001270143758849,0.5807039840041979,-0.8364795746118542,-0.3810407214094328,-0.383004245385308,0.0917476860840721
1765625947.8430643,599.77001953125,591.8599853515625,563.6400146484375,260.07000732421875,190.9900054931641,183.0800018310547,558.1099853515625,662.1699829101562,471.4500122070313,300.1499938964844,0,-0.2279329597119002,-0.098627022546784,0.5714440223000032,-0.8308694162087854,-0.3792832238805629,-0.3908906203274231,0.1140384682099909
1765625947.920154,599.77001953125,578.5800170898438,563.6400146484375,260.07000732421875,190.9900054931641,183.0800018310547,558.1099853515625,662.1699829101562,471.4500122070313,300.1499938964844,0,-0.2288979640931115,-0.1000380572473328,0.5796093954297828,-0.8288101660490013,-0.3859093109705878,-0.3890163382912218,0.113198943910812
1765625948.16242,599.6799926757812,564.7899780273438,563.6400146484375,260.07000732421875,190.9900054931641,183.0800018310547,558.1099853515625,662.1699829101562,471.4500122070313,300.1499938964844,0,-0.2207444485194444,-0.097368917574702,0.5919287230694158,0.922585028725176,0.3715732631531777,-0.003233813982243,0.1037290573031194
1765625948.282977,599.6799926757812,560.2999877929688,563.5499877929688,260.07000732421875,190.9900054931641,183.0800018310547,558.1099853515625,662.1699829101562,471.4500122070313,300.1499938964844,0,-0.2185416416190775,-0.097431758439322,0.5922478794511412,-0.8465662015958445,-0.3753083899556348,-0.3663134160018958,0.0910151635801157
1765625948.390494,599.6799926757812,560.2999877929688,563.5499877929688,260.07000732421875,190.9900054931641,183.0800018310547,558.1099853515625,662.1699829101562,471.4500122070313,300.1499938964844,0,-0.2131449539160851,-0.0953100927573654,0.5787719192980975,-0.8223655054581006,-0.3713834719065109,-0.4126428860158659,0.1245597882456675
1765625948.530674,599.6799926757812,566.8900146484375,563.469970703125,260.07000732421875,190.9900054931641,183.0800018310547,558.1099853515625,662.1699829101562,471.4500122070313,300.1499938964844,0,-0.2159640382074665,-0.0956263984554082,0.5787854237968661,-0.8353461198479735,-0.3675716611696404,-0.3921564330065067,0.1153311146722325
1765625948.9698873,599.6799926757812,566.8900146484375,563.5499877929688,260.07000732421875,190.9900054931641,183.0800018310547,558.1099853515625,662.1699829101562,471.4500122070313,300.1499938964844,0,-0.220278869995896,-0.0977776128042621,0.5918229761259091,0.9225777945933415,0.3716011959665946,-0.0034505288786113,0.1036863439896513
1765625949.0697362,599.6799926757812,566.8900146484375,563.5499877929688,260.07000732421875,190.9900054931641,183.0800018310547,558.1099853515625,662.1699829101562,471.4500122070313,300.1499938964844,0,-0.2152090602957854,-0.0958311880118105,0.5781546503644371,-0.827315202375998,-0.3713458888497674,-0.4002163226049917,0.1322069660512453
1765625949.1218371,599.6799926757812,566.8900146484375,563.5499877929688,260.07000732421875,190.9900054931641,183.0800018310547,558.1099853515625,662.1699829101562,471.4500122070313,300.1499938964844,0,-0.2205459124903569,-0.0982818820422567,0.591617587572837,-0.8369671922829616,-0.379594339612156,-0.3782807538186484,0.1108951201215928
1765625949.2640517,599.6799926757812,566.8900146484375,563.5499877929688,260.07000732421875,190.9900054931641,183.0800018310547,558.1099853515625,662.1699829101562,471.4500122070313,300.1499938964844,0,-0.2154071235869185,-0.0953551645102094,0.5784075461644025,-0.8354453954585114,-0.3681573750817382,-0.3906221438182428,0.1179214956610373
1765625949.4569812,594.4000244140625,566.8099975585938,563.3800048828125,260.07000732421875,190.9900054931641,183.0800018310547,558.1099853515625,662.1699829101562,471.4500122070313,300.1499938964844,0,-0.214788198614533,-0.0954129723741593,0.5781421814397099,-0.8276001593462169,-0.3714673899600498,-0.3995549381420806,0.1320825721004209
1765625949.885496,577.0,566.8099975585938,563.3800048828125,260.07000732421875,190.9900054931641,183.0800018310547,558.1099853515625,662.1699829101562,471.4500122070313,300.1499938964844,0,-0.2137969436391512,-0.1049333400122771,0.5883438617595799,0.9360229307481543,0.3371866104927593,-0.0093268690207501,0.1003955792468462
1765625950.289408,581.8400268554688,566.8099975585938,563.3800048828125,260.07000732421875,190.9900054931641,183.0800018310547,558.1099853515625,662.1699829101562,471.4500122070313,300.1499938964844,0,-0.2141753515863286,-0.1041314188311017,0.5838443866124219,-0.8425015920723625,-0.3398509796178544,-0.3942129709894258,0.138883089366594
1765625951.406011,572.3400268554688,566.8099975585938,563.3800048828125,260.07000732421875,190.9900054931641,183.0800018310547,558.1099853515625,662.1699829101562,471.4500122070313,300.1499938964844,0,-0.2144151958236076,-0.1045663834138719,0.5839254849907256,-0.8424560666879343,-0.3395913435461716,-0.3947365586713878,0.1383059808449044
1765625951.5039935,567.9500122070312,566.8099975585938,563.3800048828125,260.07000732421875,190.9900054931641,183.0800018310547,558.1099853515625,662.1699829101562,471.4500122070313,300.1499938964844,0,-0.2172989040425294,-0.1069876737814454,0.5920644469517571,-0.8523046470262168,-0.3283045229653796,-0.3873324435615826,0.1255647523097309
1765625951.8269248,573.489990234375,566.8099975585938,563.3800048828125,260.07000732421875,190.9900054931641,183.0800018310547,558.1099853515625,662.1699829101562,471.4500122070313,300.1499938964844,0,-0.2124510183301935,-0.1045563621029404,0.5757699960443942,-0.8381025664314046,-0.3322040486359323,-0.4124188852963291,0.1309015708917267
1765625952.2331376,573.489990234375,566.8099975585938,563.3800048828125,260.07000732421875,190.9900054931641,183.0800018310547,558.1099853515625,662.1699829101562,471.4500122070313,300.1499938964844,0,-0.2184332728692692,-0.1081378553944671,0.5919976532859531,0.94147525556431,0.3261356842715622,-0.0142372543381761,0.0840068996794159
1765625952.4328098,573.489990234375,566.8099975585938,563.3800048828125,260.07000732421875,190.9900054931641,183.0800018310547,558.1099853515625,662.1699829101562,471.4500122070313,300.1499938964844,0,-0.2133045740423014,-0.1058086187116622,0.5786478842567566,-0.8355216291719324,-0.3198444405723346,-0.4244648330561933,0.1394013863612134
1765625952.6933398,573.489990234375,566.8099975585938,563.3800048828125,260.07000732421875,190.9900054931641,183.0800018310547,558.1099853515625,662.1699829101562,471.4500122070313,300.1499938964844,0,-0.2167983395728792,-0.1075417272334226,0.5881116126994627,-0.8444569074264819,-0.3297225284963487,-0.4017557366944129,0.1294909793568885
1765625952.9261,569.969970703125,566.8099975585938,563.3800048828125,260.07000732421875,190.9900054931641,183.0800018310547,558.1099853515625,662.1699829101562,471.4500122070313,300.1499938964844,0,-0.2165013005522935,-0.1072859560129828,0.5867254225055846,-0.8501952124043507,-0.3308060852130944,-0.384754653997752,0.1403541628088681
1765625953.0847175,565.75,566.8099975585938,563.3800048828125,260.07000732421875,190.9900054931641,183.0800018310547,558.1099853515625,662.1699829101562,471.4500122070313,300.1499938964844,0,-0.2150249783570711,-0.1074456388923387,0.5830158622219722,-0.8432013852785413,-0.3321354490739114,-0.3977747816852257,0.143082809547797
1765625953.2695248,571.2000122070312,566.8099975585938,563.3800048828125,260.07000732421875,190.9900054931641,183.0800018310547,558.1099853515625,662.1699829101562,471.4500122070313,300.1499938964844,0,-0.2145083941681714,-0.1081871139056234,0.583045073342018,-0.8394302198344749,-0.3246422864229306,-0.4135636577293742,0.1375841302630439
1765625953.497719,571.2000122070312,566.8099975585938,563.3800048828125,260.07000732421875,190.9900054931641,183.0800018310547,558.1099853515625,662.1699829101562,471.4500122070313,300.1499938964844,0,-0.2196070397551097,-0.1102215774343903,0.5957164915325703,-0.8581717276398744,-0.3262094828279507,-0.3760600655790914,0.1253295107680693
1765625953.726864,571.2000122070312,566.8099975585938,563.3800048828125,260.07000732421875,190.9900054931641,183.0800018310547,558.1099853515625,662.1699829101562,471.4500122070313,300.1499938964844,0,-0.2124056034229347,-0.1060386123993393,0.5753723777197604,-0.8335280228313259,-0.3246367694571989,-0.4286052487284094,0.1270415043745648
1765625953.779924,571.2000122070312,566.8099975585938,563.3800048828125,260.07000732421875,190.9900054931641,183.0800018310547,558.1099853515625,662.1699829101562,471.4500122070313,300.1499938964844,0,-0.2187102461515358,-0.1090781641396306,0.5918467222872679,-0.8509368310989563,-0.3278274985757838,-0.3902173438628756,0.1271458422655379
1765625953.842891,571.2000122070312,566.8099975585938,563.3800048828125,260.07000732421875,190.9900054931641,183.0800018310547,558.1099853515625,662.1699829101562,471.4500122070313,300.1499938964844,0,-0.2124935351172981,-0.1062902983179809,0.5756115316224524,-0.8335013761365939,-0.3241634648453267,-0.4295319989493933,0.1252827438892332
1765625954.0686986,571.2000122070312,566.8099975585938,563.3800048828125,260.07000732421875,190.9900054931641,183.0800018310547,558.1099853515625,662.1699829101562,471.4500122070313,300.1499938964844,0,-0.2186578988184722,-0.1091013623285452,0.5914069773691266,-0.8545402054746581,-0.335731056576473,-0.372145925897429,0.1362097820103959
1765625954.6860323,560.6500244140625,566.8099975585938,563.3800048828125,260.07000732421875,190.9900054931641,183.0800018310547,558.1099853515625,662.1699829101562,471.4500122070313,300.1499938964844,0,-0.2167023708848264,-0.108498594973204,0.5869925041759115,-0.8461457588975732,-0.3228886242039023,-0.4023735360086499,0.1337005182460299
1765625954.883278,556.3499755859375,566.8099975585938,563.3800048828125,260.07000732421875,190.9900054931641,183.0800018310547,558.1099853515625,662.1699829101562,471.4500122070313,300.1499938964844,0,-0.2194340656016962,-0.1114130566819787,0.594087381291595,-0.8510253865866186,-0.3229929414478942,-0.3869615642879043,0.1472823781848723
1765625955.2381732,562.5900268554688,566.8099975585938,563.3800048828125,260.07000732421875,190.9900054931641,183.0800018310547,558.1099853515625,662.1699829101562,471.4500122070313,300.1499938964844,0,-0.2175198651663696,-0.1101744518179304,0.5869177073061965,-0.8452351429098909,-0.3224955843528795,-0.4041310659558425,0.1351008245436934
1765625956.2615733,547.469970703125,566.8099975585938,563.3800048828125,260.07000732421875,190.9900054931641,183.0800018310547,558.1099853515625,662.1699829101562,471.4500122070313,300.1499938964844,0,-0.2155732483762868,-0.1107560833339126,0.5805530417291644,-0.838073324524772,-0.3027542176420568,-0.4327318945592608,0.1368067756037511
1765625956.4665108,553.969970703125,566.8099975585938,563.3800048828125,260.07000732421875,190.9900054931641,183.0800018310547,558.1099853515625,662.1699829101562,471.4500122070313,300.1499938964844,0,-0.2211439342017146,-0.1149096987581192,0.5966853579682595,-0.8552132773070207,-0.3059387356220044,-0.3937268235085894,0.1413892811129274
1765625956.5666842,553.969970703125,566.8099975585938,563.3800048828125,260.07000732421875,190.9900054931641,183.0800018310547,558.1099853515625,662.1699829101562,471.4500122070313,300.1499938964844,0,-0.216020609926424,-0.1111352226480068,0.5809065092794704,-0.8419263423924594,-0.3102256403155926,-0.417519441896022,0.1435186458801438
1765625956.6271193,553.969970703125,566.8099975585938,563.3800048828125,260.07000732421875,190.9900054931641,183.0800018310547,558.1099853515625,662.1699829101562,471.4500122070313,300.1499938964844,0,-0.2204566815885369,-0.1130841214252986,0.5916590014470864,-0.8544437208155763,-0.3236738256731947,-0.3731389724787225,0.1610232584145382
1765625956.8063393,553.969970703125,566.8099975585938,563.3800048828125,260.07000732421875,190.9900054931641,183.0800018310547,558.1099853515625,662.1699829101562,471.4500122070313,300.1499938964844,0,-0.2160447880429345,-0.1122429836550257,0.5806859863407517,0.9453206790746076,0.3109021487949401,-0.0420575889552188,0.0891057057650389
1765625957.5629685,549.760009765625,566.8099975585938,563.3800048828125,260.07000732421875,190.9900054931641,183.0800018310547,558.1099853515625,662.1699829101562,471.4500122070313,300.1499938964844,0,-0.2161863923970245,-0.1115306379589141,0.580789754915674,-0.8415009080346341,-0.3103225322853838,-0.4178167623670618,0.1449320558674981
1765625957.732564,545.6199951171875,566.8099975585938,563.3800048828125,260.07000732421875,190.9900054931641,183.0800018310547,558.1099853515625,662.1699829101562,471.4500122070313,300.1499938964844,0,-0.217727758858529,-0.1133731203873986,0.5843696260739386,0.9470924353360988,0.3080137212724451,-0.0293451357042326,0.0853365657121161
1765625957.861579,551.9500122070312,566.8099975585938,563.3800048828125,260.07000732421875,190.9900054931641,183.0800018310547,558.1099853515625,662.1699829101562,471.4500122070313,300.1499938964844,0,-0.2174090867370014,-0.1134774822032883,0.5843516060073138,-0.8478325211688397,-0.3082886121747413,-0.4068042432693893,0.1436957038671675
1765625957.9115915,551.9500122070312,566.8099975585938,563.3800048828125,260.07000732421875,190.9900054931641,183.0800018310547,558.1099853515625,662.1699829101562,471.4500122070313,300.1499938964844,0,-0.221399936773644,-0.1152833978240026,0.5942467936498749,0.9454748298541062,0.3163008047124753,-0.00056283309956,0.0776584204674003
1765625958.1372278,551.9500122070312,566.8099975585938,563.3800048828125,260.07000732421875,190.9900054931641,183.0800018310547,558.1099853515625,662.1699829101562,471.4500122070313,300.1499938964844,0,-0.214450847712162,-0.1114075273334554,0.5758489747391521,-0.840269350756073,-0.3126797428390366,-0.4140504008653634,0.1572929182808726
1765625958.7740638,551.9500122070312,566.8099975585938,563.3800048828125,260.07000732421875,190.9900054931641,183.0800018310547,558.1099853515625,662.1699829101562,471.4500122070313,300.1499938964844,0,-0.22057750138897,-0.1143183740335316,0.591422835289463,-0.8532037773368903,-0.3086407602478281,-0.3910318722062654,0.1545259537118854
1765625958.9265757,551.9500122070312,566.8099975585938,563.3800048828125,260.07000732421875,190.9900054931641,183.0800018310547,558.1099853515625,662.1699829101562,471.4500122070313,300.0599975585937,0,-0.2165909593360607,-0.1123596119278134,0.580753303483085,-0.8410423296268423,-0.3101243141624961,-0.4186425711823349,0.1456334684574229
1765625959.3991828,539.469970703125,566.8099975585938,563.3800048828125,260.07000732421875,190.9900054931641,183.0800018310547,558.1099853515625,662.1699829101562,471.4500122070313,300.1499938964844,0,-0.2213341776767209,-0.1154985244124357,0.5914614318771385,-0.8489232066588336,-0.3006174285132185,-0.4087712549245846,0.1478668726171064
1765625959.4692774,534.6400146484375,566.8099975585938,563.3800048828125,260.07000732421875,190.9900054931641,183.0800018310547,558.1099853515625,662.1699829101562,471.4500122070313,300.1499938964844,0,-0.217900287529428,-0.1146584843777939,0.5828615110993813,-0.8451240753156287,-0.2932087215985038,-0.4248915853701422,0.1387843059647661
1765625959.7204092,538.239990234375,566.8099975585938,563.3800048828125,260.07000732421875,190.9900054931641,183.0800018310547,558.1099853515625,662.1699829101562,471.4500122070313,300.1499938964844,0,-0.2151281254529287,-0.1140270074553551,0.5754521772405986,-0.842759763303174,-0.300954163547471,-0.4244976010291915,0.1377837418605019
1765625959.8191502,538.239990234375,566.8099975585938,563.3800048828125,260.07000732421875,190.9900054931641,183.0800018310547,558.1099853515625,662.1699829101562,471.4500122070313,300.1499938964844,0,-0.2234980049109775,-0.1171404032899774,0.5949397799042495,-0.858781473661456,-0.3065963628522652,-0.3804737031007292,0.1540545748442365
1765625959.8699791,540.260009765625,566.8099975585938,563.3800048828125,260.07000732421875,190.9900054931641,183.0800018310547,558.1099853515625,662.1699829101562,471.4500122070313,300.1499938964844,0,-0.2203609971619141,-0.1153357544643774,0.5863228991882365,-0.8470829134828002,-0.303155102640658,-0.4058733762543282,0.1606683661345183
1765625960.0685294,540.8800048828125,566.8099975585938,563.3800048828125,260.07000732421875,190.9900054931641,183.0800018310547,558.1099853515625,662.1699829101562,471.4500122070313,300.1499938964844,0,-0.2155713793268848,-0.1146638845610862,0.575531104415948,-0.8314079078631886,-0.2969537578684938,-0.4460869674678057,0.1469209783717515
1765625960.8918393,532.7100219726562,566.8099975585938,563.3800048828125,260.07000732421875,190.9900054931641,183.0800018310547,558.1099853515625,662.1699829101562,471.4500122070313,300.1499938964844,0,-0.2191453739916895,-0.1154371553656247,0.5830966632513958,-0.8482801299586374,-0.300921137862005,-0.4103075607744657,0.1466799082236612
1765625961.072626,527.8699951171875,566.8099975585938,563.3800048828125,260.07000732421875,190.9900054931641,183.0800018310547,558.1099853515625,662.1699829101562,471.4500122070313,300.1499938964844,0,-0.2167778176080322,-0.1155527027145875,0.5779107613618991,-0.843348302327436,-0.2959817110781196,-0.4212971677841873,0.1538413601269913
1765625961.2754283,531.6500244140625,566.8099975585938,563.3800048828125,260.07000732421875,190.9900054931641,183.0800018310547,558.1099853515625,662.1699829101562,471.4500122070313,300.1499938964844,0,-0.2234895941322975,-0.1194452607267342,0.595211766944729,-0.8545472927991079,-0.2979510079971053,-0.3991390783521963,0.1471805603175366
1765625961.3276808,531.6500244140625,566.8099975585938,563.3800048828125,260.07000732421875,190.9900054931641,183.0800018310547,558.1099853515625,662.1699829101562,471.4500122070313,300.1499938964844,0,-0.2154270006461765,-0.114716342548067,0.5732161874599965,-0.8388346845897439,-0.2909232711827808,-0.4324203567320809,0.1572661988388952
1765625961.396274,531.6500244140625,566.8099975585938,563.3800048828125,260.07000732421875,190.9900054931641,183.0800018310547,558.1099853515625,662.1699829101562,471.4500122070313,300.1499938964844,0,-0.2207247245548709,-0.1171580513086962,0.5864552743272345,-0.8429736518082582,-0.2948338230599165,-0.4228914839364288,0.1537245326906814
1765625961.4646084,533.760009765625,566.8099975585938,563.3800048828125,260.07000732421875,190.9900054931641,183.0800018310547,558.1099853515625,662.1699829101562,471.4500122070313,300.1499938964844,0,-0.2171293000716598,-0.11577770157201,0.5774679529302256,-0.8392336317592608,-0.2884104335884582,-0.4365833879650854,0.1479908053711667
1765625961.7332106,535.9600219726562,566.8099975585938,563.3800048828125,260.07000732421875,190.9900054931641,183.0800018310547,558.1099853515625,662.1699829101562,471.4500122070313,300.1499938964844,0,-0.220511783042202,-0.1172091396449111,0.5861724922754057,-0.8505184606673869,-0.2912404819170394,-0.4153443554433989,0.1388754699650617
1765625962.6565094,538.239990234375,566.8099975585938,563.3800048828125,260.07000732421875,190.9900054931641,183.0800018310547,558.1099853515625,662.1699829101562,471.4500122070313,300.1499938964844,0,-0.2187655620375552,-0.1164317628175139,0.5812558624796951,-0.838293454056292,-0.2900483894415522,-0.4332191890331018,0.159552972151053
1765625963.211419,538.239990234375,566.8099975585938,563.3800048828125,260.07000732421875,190.9900054931641,183.0800018310547,558.1099853515625,662.1699829101562,471.4500122070313,300.1499938964844,0,-0.2232772300546138,-0.1187716686020335,0.5929333681443155,-0.8594765762197397,-0.2996900652735381,-0.3819542009844582,0.1599902123764473
1765625963.554103,538.239990234375,566.8099975585938,563.3800048828125,260.07000732421875,190.9900054931641,183.0800018310547,558.1099853515625,662.1699829101562,471.4500122070313,300.1499938964844,0,-0.2193767473376381,-0.1168048492057583,0.5825953392838752,-0.8473285100734002,-0.3010479769334445,-0.410800543227635,0.1504906152720236
1765625967.6210268,538.239990234375,566.8099975585938,563.3800048828125,260.07000732421875,190.9900054931641,183.0800018310547,558.1099853515625,662.1699829101562,471.4500122070313,300.1499938964844,0,-0.2127963461171149,-0.1127252081916341,0.5637930103431525,-0.8334564700631832,-0.2887808695303469,-0.4387292344781215,0.171675801199111
1765625967.6701095,538.239990234375,566.8099975585938,563.3800048828125,260.07000732421875,190.9900054931641,183.0800018310547,558.1099853515625,662.1699829101562,471.4500122070313,300.1499938964844,0,-0.2162770455454992,-0.1147295476025687,0.5732815585747818,-0.838509031785881,-0.290875778270715,-0.4332620857340727,0.156773244829184
1765625967.7691762,538.239990234375,566.8099975585938,563.3800048828125,260.07000732421875,190.9900054931641,183.0800018310547,558.1099853515625,662.1699829101562,471.4500122070313,300.1499938964844,0,-0.2199713668245212,-0.116688964983129,0.5830605359363858,-0.8475036939528754,-0.3006214087639854,-0.4117846628314038,0.1476402681717115
1765625968.3354597,538.239990234375,566.8099975585938,563.3800048828125,260.07000732421875,190.9900054931641,183.0800018310547,558.1099853515625,662.1699829101562,471.4500122070313,300.1499938964844,0,-0.2236347345780928,-0.1186884922098857,0.593040758217332,-0.8558572409277312,-0.2917990279920167,-0.3990745992316336,0.1519907058428148
1765625968.3845673,538.239990234375,566.8099975585938,563.3800048828125,260.07000732421875,190.9900054931641,183.0800018310547,558.1099853515625,662.1699829101562,471.4500122070313,300.1499938964844,0,-0.219946425681668,-0.1165184029990156,0.5827229614604705,-0.8435856311163932,-0.2929576823310156,-0.4274035361116542,0.1409443033841753
1765625969.8372004,538.0700073242188,566.8099975585938,563.3800048828125,274.9200134277344,193.4499969482422,185.6199951171875,558.1099853515625,662.1699829101562,471.4500122070313,300.1499938964844,0,-0.2172096281839403,-0.1004897915202048,0.6009652147896488,-0.8526032705597013,-0.2754191975495622,-0.4220509399271377,0.1381482274901688
1765625969.8835092,538.0700073242188,566.8099975585938,563.3800048828125,272.6400146484375,195.82000732421875,188.0,558.1099853515625,662.1699829101562,471.4500122070313,300.1499938964844,0,-0.2194921785952051,-0.1038516195880101,0.6060653570343445,-0.8562233774549405,-0.2800035921373512,-0.4119681611843639,0.1369735392702124
1765625970.09678,538.0700073242188,566.8099975585938,563.3800048828125,272.6400146484375,195.72999572753903,190.27999877929688,558.1099853515625,662.1699829101562,471.4500122070313,300.1499938964844,0,-0.2235458577422142,-0.1082243515675586,0.5792861281377994,-0.8435727240154312,-0.2734397260499165,-0.443661719222662,0.1295378493388082
1765625970.5313027,538.0700073242188,566.8099975585938,563.3800048828125,272.6400146484375,195.63999938964844,192.7400054931641,558.1099853515625,662.1699829101562,471.4500122070313,300.1499938964844,0,-0.2243360944553567,-0.1076399451516864,0.5909623316862463,-0.8517258054007358,-0.2753021352421705,-0.4201985300203466,0.1490136977405419
1765625970.8610098,538.0700073242188,566.8099975585938,563.3800048828125,272.6400146484375,195.63999938964844,192.7400054931641,558.1099853515625,662.1699829101562,471.4500122070313,300.1499938964844,0,-0.2172582532168491,-0.1045274229090471,0.5836764307857644,-0.848239600687474,-0.2760837213661097,-0.430224822215943,0.1384700724758072
1765625971.5624783,538.0700073242188,566.8099975585938,563.3800048828125,283.2699890136719,195.55999755859372,192.7400054931641,558.1099853515625,662.1699829101562,471.4500122070313,300.1499938964844,0,-0.2247636767359579,-0.0973735099494376,0.606459767667736,-0.8555201397838896,-0.2603017330460908,-0.4265294836585858,0.1356499088362974
1765625971.7666123,538.0700073242188,566.8099975585938,563.3800048828125,288.7200012207031,198.1100006103516,195.2899932861328,558.1099853515625,662.1699829101562,471.4500122070313,300.1499938964844,0,-0.2129435992196631,-0.0849649468686583,0.6035889044129776,-0.8683047569735172,-0.2691229986537993,-0.3988036402808655,0.1207282780109062
1765625971.8128293,538.0700073242188,566.8099975585938,563.3800048828125,288.7200012207031,198.1100006103516,195.2899932861328,558.1099853515625,662.1699829101562,471.4500122070313,300.1499938964844,0,-0.2169081034802881,-0.0880264078240409,0.6151192812184763,-0.8702126750293808,-0.2826147075230317,-0.3818446711656818,0.1305889521064202
1765625972.3302298,538.0700073242188,566.8099975585938,563.3800048828125,285.4700012207031,205.0500030517578,202.32000732421875,558.1099853515625,662.1699829101562,471.4500122070313,300.1499938964844,0,-0.2132411531671224,-0.0912056123343817,0.5905824582547423,-0.8604830094597454,-0.2589956897954116,-0.413529793110304,0.1465719390219281
1765625972.6056511,538.0700073242188,566.8099975585938,563.3800048828125,285.4700012207031,205.0500030517578,204.42999267578125,558.1099853515625,662.1699829101562,471.4500122070313,300.1499938964844,0,-0.2203933823272379,-0.0937157610809096,0.5869894700335818,-0.8566294093318314,-0.2567246549166376,-0.427190384117679,0.133367471083172
1765625972.6556194,538.0700073242188,566.8099975585938,563.3800048828125,285.4700012207031,204.9600067138672,204.6999969482422,558.1099853515625,662.1699829101562,471.4500122070313,300.1499938964844,0,-0.2263650280566843,-0.0969965787689541,0.605477049680455,-0.8731668741403519,-0.2653051593216746,-0.3863820752471369,0.1337971384932567
1765625972.8961773,538.0700073242188,566.8099975585938,563.3800048828125,285.4700012207031,205.0500030517578,204.6999969482422,558.1099853515625,662.1699829101562,471.4500122070313,300.1499938964844,0,-0.2140540258653291,-0.0902625890832285,0.5858345720769902,-0.8518191201805103,-0.2665526503561252,-0.4309380154435985,0.1328393688955175
1765625973.001662,538.0700073242188,566.8099975585938,563.3800048828125,285.4700012207031,205.0500030517578,204.6999969482422,558.1099853515625,662.1699829101562,471.4500122070313,300.1499938964844,0,-0.2192354296364184,-0.092776843765598,0.5958881153879357,-0.8631921552345766,-0.2636126279532413,-0.4065476634081791,0.141868540918776
1765625973.112922,538.0700073242188,566.8099975585938,563.3800048828125,285.4700012207031,205.0500030517578,204.6999969482422,558.1099853515625,662.1699829101562,471.4500122070313,300.1499938964844,0,-0.2170971245557227,-0.0927421301737519,0.583529255059626,-0.8511045190125331,-0.25924905710933,-0.4354307546196536,0.1371534980805341
1765625973.1739576,538.0700073242188,566.8099975585938,563.3800048828125,285.4700012207031,205.0500030517578,204.6999969482422,558.1099853515625,662.1699829101562,471.4500122070313,300.1499938964844,0,-0.2214335574253613,-0.0943031587384006,0.5940191740028287,-0.8634538979749578,-0.2561052603191212,-0.4102467045558344,0.1433705099028545
1765625973.3588593,538.0700073242188,566.8099975585938,563.3800048828125,285.9100036621094,205.0500030517578,204.6999969482422,558.1099853515625,662.1699829101562,471.4500122070313,300.1499938964844,0,-0.2137159116990607,-0.0906333567242713,0.5834742950921654,-0.8531541284924022,-0.2598103887862938,-0.4312741048929687,0.1364889789098483
1765625973.417488,538.0700073242188,566.8099975585938,563.3800048828125,285.9100036621094,205.0500030517578,204.6999969482422,558.1099853515625,662.1699829101562,471.4500122070313,300.1499938964844,0,-0.2186979419765801,-0.09239276041099,0.5961770225127595,-0.863679881777276,-0.2636454094590879,-0.4056117386878409,0.1415177632771491
1765625973.4666393,538.0700073242188,566.8099975585938,563.3800048828125,296.1000061035156,205.0500030517578,204.6999969482422,558.1099853515625,662.1699829101562,471.4500122070313,300.1499938964844,0,-0.2186135352198629,-0.0919938719356232,0.5956623710478768,-0.859668848352293,-0.2556540175176957,-0.4219331125575358,0.1326006901460699
1765625974.0737634,538.0700073242188,566.8099975585938,563.3800048828125,298.1199951171875,212.42999267578125,211.9900054931641,558.1099853515625,662.1699829101562,471.4500122070313,300.1499938964844,0,-0.2203896814054581,-0.0820001015277819,0.5900892878410633,-0.8594721446145163,-0.2403984161272527,-0.428235470713683,0.14188240122673
1765625974.1191325,538.0700073242188,566.8099975585938,563.3800048828125,298.1199951171875,212.42999267578125,211.9900054931641,558.1099853515625,662.1699829101562,471.4500122070313,300.1499938964844,0,-0.2252499506935269,-0.0820533192108817,0.6045437722823008,-0.8647704519933732,-0.2434061768073484,-0.4171028048796521,0.137661718036402
1765625974.3384962,538.0700073242188,566.8099975585938,563.3800048828125,297.8599853515625,212.33999633789065,214.3699951171875,558.1099853515625,662.1699829101562,471.4500122070313,300.1499938964844,0,-0.2131771755013117,-0.0782686336482389,0.6064138718710523,-0.8690512045035834,-0.2515682633645826,-0.4029759172450507,0.1381080118570566
1765625974.522943,538.0700073242188,566.8099975585938,563.3800048828125,297.8599853515625,212.42999267578125,214.5399932861328,558.1099853515625,662.1699829101562,471.4500122070313,300.1499938964844,0,-0.2187173740312203,-0.0796492194006887,0.5971193357304055,-0.8605706563797616,-0.2448492654982896,-0.4281423075738754,0.1271265001027378
1765625974.8057077,538.0700073242188,566.8099975585938,563.3800048828125,297.8599853515625,212.33999633789065,214.5399932861328,558.1099853515625,662.1699829101562,471.4500122070313,300.1499938964844,0,-0.2175346471444901,-0.0795779496187759,0.6097497665931382,-0.874119267276505,-0.2490436689924394,-0.3943876915273143,0.1354662551432136
1765625975.127468,538.0700073242188,566.8099975585938,563.3800048828125,297.8599853515625,212.33999633789065,214.5399932861328,558.1099853515625,662.1699829101562,471.4500122070313,300.1499938964844,0,-0.217203229955375,-0.0800412402001229,0.5944488623404987,-0.8623382785831746,-0.2379242614815661,-0.4274190466188049,0.130681665416885
1765625975.2712195,538.0700073242188,566.8099975585938,563.3800048828125,299.5299987792969,212.33999633789065,214.5399932861328,558.1099853515625,662.1699829101562,471.4500122070313,300.1499938964844,0,-0.2185410236303212,-0.07974277890457,0.6061549266487766,0.9655679495092216,0.24001055594987,-0.0506317682170169,0.0866596328194986
1765625975.3360653,538.0700073242188,566.8099975585938,563.3800048828125,299.5299987792969,212.33999633789065,214.5399932861328,558.1099853515625,662.1699829101562,471.4500122070313,300.1499938964844,0,-0.2143658207821098,-0.0779106786029915,0.5969735425293413,-0.8628121957469648,-0.2453254349083322,-0.4232817201975361,0.1272915205500893
1765625975.8705013,538.0700073242188,566.8099975585938,563.3800048828125,300.5899963378906,214.6300048828125,217.08999633789065,558.1099853515625,662.1699829101562,471.4500122070313,300.1499938964844,0,-0.222211013632816,-0.0796932642191021,0.6081296064099692,-0.8746103796348295,-0.2359513570145137,-0.3959384334826781,0.1503874923300204
1765625976.1544888,538.0700073242188,566.8099975585938,563.3800048828125,300.5899963378906,214.6300048828125,217.0,558.1099853515625,662.1699829101562,471.4500122070313,300.1499938964844,0,-0.212921414840391,-0.0754753219156253,0.6041430041215659,-0.871386310365509,-0.2449278066423836,-0.4025360026892343,0.1366053958667408
1765625976.9428573,538.0700073242188,566.8099975585938,563.3800048828125,300.5899963378906,214.6300048828125,217.0,558.1099853515625,662.1699829101562,471.4500122070313,300.1499938964844,0,-0.2139199862628956,-0.0758231189904422,0.5915871999468196,-0.8581488391155501,-0.2411790148725589,-0.4341505670156454,0.130102028691829
1765625977.3039978,538.0700073242188,566.8099975585938,563.3800048828125,300.5899963378906,214.5399932861328,217.0,558.1099853515625,662.1699829101562,471.4500122070313,300.1499938964844,0,-0.2171744534064745,-0.0765252139209139,0.6029758666835675,-0.8646522341407162,-0.2370932680490567,-0.4234226677316525,0.1299097405597319
1765625977.7231925,538.0700073242188,566.8099975585938,563.3800048828125,308.760009765625,214.4499969482422,217.0,558.1099853515625,662.1699829101562,471.4500122070313,300.1499938964844,0,-0.2212851901072358,-0.0739976594229256,0.6190120410954977,-0.8799826547490455,-0.2302881346894691,-0.3980052286545549,0.1191206964624651
1765625977.7687488,538.0700073242188,566.8099975585938,563.3800048828125,308.760009765625,214.4499969482422,217.0,558.1099853515625,662.1699829101562,471.4500122070313,300.1499938964844,0,-0.2162111307719724,-0.070043650349147,0.6078983910618857,-0.8646174474525835,-0.221440991933012,-0.4348645570977837,0.119554897986035
1765625978.013458,538.0700073242188,566.8099975585938,563.3800048828125,315.0899963378906,217.0,219.5500030517578,558.1099853515625,662.1699829101562,471.4500122070313,300.1499938964844,0,-0.2096962075914944,-0.0564437818619751,0.6269857112852534,-0.8888217867610213,-0.2359954309633773,-0.368125358160024,0.1370609668100647
1765625978.0642753,538.0700073242188,566.8099975585938,563.3800048828125,311.1300048828125,219.4600067138672,222.1000061035156,558.1099853515625,662.1699829101562,471.4500122070313,300.1499938964844,0,-0.2096286657000879,-0.0577146533940485,0.628486690088111,-0.8815312370759737,-0.241383019226215,-0.3902114087591883,0.1112293691554074
1765625978.5315926,538.0700073242188,566.8099975585938,563.3800048828125,310.8699951171875,221.66000366210935,226.6699981689453,558.1099853515625,662.1699829101562,471.4500122070313,300.1499938964844,0,-0.2110506210577758,-0.0645492940318989,0.6171002126889596,-0.8840372890403915,-0.2425681700504344,-0.3796385516763397,0.1245524971471478
1765625978.9804082,538.0700073242188,566.8099975585938,563.3800048828125,310.8699951171875,221.66000366210935,226.92999267578125,558.1099853515625,662.1699829101562,471.4500122070313,300.1499938964844,0,-0.2087890502433141,-0.063542317489815,0.6022762692325303,-0.8668259231623555,-0.2319425352093325,-0.4268971133914365,0.1121353373047798
1765625979.4276156,538.0700073242188,566.8099975585938,563.3800048828125,310.8699951171875,221.57000732421875,226.92999267578125,558.1099853515625,662.1699829101562,471.4500122070313,300.1499938964844,0,-0.2147717733134997,-0.065147796305666,0.6112614637062445,-0.8766297421439746,-0.2377979821443457,-0.398171508483905,0.1281868351599246
1765625979.4746292,538.0700073242188,566.8099975585938,563.3800048828125,315.70001220703125,221.57000732421875,226.92999267578125,558.1099853515625,662.1699829101562,471.4500122070313,300.1499938964844,0,-0.2172644178791298,-0.0656138083594763,0.6208796994758004,-0.8895632174214131,-0.2339855416940365,-0.3673822543945483,0.1376892430257048
1765625979.522374,538.0700073242188,566.8099975585938,563.3800048828125,315.70001220703125,221.57000732421875,226.92999267578125,558.1099853515625,662.1699829101562,471.4500122070313,300.1499938964844,0,-0.2119193035515686,-0.0626801855297828,0.6097102655412198,-0.8733750925598742,-0.2307685082372115,-0.4115167215176215,0.1208959520140833
1765625979.615356,538.0700073242188,566.8099975585938,563.3800048828125,315.70001220703125,221.57000732421875,226.92999267578125,558.1099853515625,662.1699829101562,471.4500122070313,300.1499938964844,0,-0.2145899096005241,-0.0578046595781032,0.6245041571632641,-0.8849177445363563,-0.2049656878426845,-0.4083511402059005,0.090327174783696
1765625979.7109966,538.0700073242188,566.8099975585938,563.3800048828125,321.3299865722656,224.02999877929688,229.30999755859372,558.1099853515625,662.1699829101562,471.4500122070313,300.1499938964844,0,-0.2098972308649964,-0.0498559494169759,0.6235735889107419,-0.8876192472252125,-0.2218895704534759,-0.3846827848045399,0.1221320824122114
1765625979.8753655,538.0700073242188,566.8099975585938,563.3800048828125,317.6400146484375,226.41000366210935,231.58999633789065,558.1099853515625,662.1699829101562,471.4500122070313,300.1499938964844,0,-0.2162627589018231,-0.0583061809882699,0.6411045082944816,-0.8954562085569631,-0.2207233842264741,-0.3791856491080791,0.075217083982867
1765625980.4109485,538.0700073242188,566.8099975585938,563.3800048828125,317.7200012207031,226.6699981689453,231.7700042724609,558.1099853515625,662.1699829101562,471.4500122070313,300.1499938964844,0,-0.2082277856204686,-0.0571279926580559,0.6172980089507271,-0.8838122437009678,-0.2300855610398409,-0.3871940204369194,0.1265596421579065
1765625981.3039346,538.0700073242188,566.8099975585938,563.3800048828125,321.0599975585937,226.6699981689453,231.8600006103516,558.1099853515625,662.1699829101562,471.4500122070313,300.1499938964844,0,-0.2114606003110687,-0.0560769702274153,0.6179743525587607,-0.8840234590211006,-0.223974586537029,-0.3858248505462501,0.1395603567883773
1765625981.536518,538.0700073242188,566.8099975585938,563.3800048828125,326.69000244140625,228.9600067138672,234.22999572753903,558.1099853515625,662.1699829101562,471.4500122070313,300.1499938964844,0,-0.2094710186823739,-0.0451203381667373,0.6263318644257377,-0.8830652448351923,-0.2221263509104879,-0.3990136509844516,0.1079062737907813
1765625981.8442757,538.0700073242188,566.8099975585938,563.3800048828125,322.6499938964844,231.4199981689453,236.50999450683597,558.1099853515625,662.1699829101562,471.4500122070313,300.1499938964844,0,-0.2132464210045327,-0.0535133210267446,0.6116095395914779,-0.8818322281895923,-0.2213583569327865,-0.3823959691082904,0.1647595883459516
1765625982.659099,538.0700073242188,566.8099975585938,563.3800048828125,325.3699951171875,231.58999633789065,236.77999877929688,558.1099853515625,662.1699829101562,471.4500122070313,300.1499938964844,0,-0.2048375442820324,-0.0490059365963195,0.6101955246081191,-0.8767810701672492,-0.2195284428327612,-0.4116694049314627,0.1165783806165271
1765625982.7906797,538.0700073242188,566.8099975585938,563.3800048828125,325.3699951171875,231.58999633789065,236.77999877929688,558.1099853515625,662.1699829101562,471.4500122070313,300.1499938964844,0,-0.2110071192651127,-0.0497277046804284,0.6205698652006181,-0.8885575609944258,-0.2145176856086143,-0.3867705775178625,0.1218857814811065
1765625982.7906797,538.0700073242188,566.8099975585938,563.3800048828125,325.3699951171875,231.58999633789065,236.77999877929688,558.1099853515625,662.1699829101562,471.4500122070313,300.1499938964844,1,-0.2210457319001722,-0.0561303754261454,0.6057237566070222,0.8973785055897507,0.261907812085833,-0.3540218393004163,0.028011657792212
1765625982.840956,538.0700073242188,566.8099975585938,563.3800048828125,325.3699951171875,231.58999633789065,236.77999877929688,558.1099853515625,662.1699829101562,471.4500122070313,300.1499938964844,0,-0.2141828973841584,-0.0467504892027057,0.6315772142419497,-0.8914507243414191,-0.2016041497701415,-0.3910692945403994,0.1083336500552424
1765625983.139073,538.0700073242188,566.8099975585938,563.3800048828125,343.4800109863281,234.32000732421875,239.5,558.1099853515625,662.1699829101562,471.4500122070313,300.1499938964844,0,-0.194584216616029,-0.0229998164607397,0.6347689040906764,-0.8993542070410598,-0.1985709402964082,-0.3766840107409284,0.0992005443506974
1765625983.185398,538.0700073242188,566.8099975585938,563.3800048828125,343.4800109863281,234.32000732421875,239.5,558.1099853515625,662.1699829101562,471.4500122070313,300.1499938964844,0,-0.197968076647702,-0.0240947810179898,0.645787099801926,-0.904017122297112,-0.2032086223553831,-0.3594514541692917,0.1106975631604302
1765625983.4799058,538.0700073242188,566.8099975585938,563.3800048828125,339.5199890136719,239.2400054931641,244.4199981689453,558.1099853515625,662.1699829101562,471.4500122070313,300.1499938964844,0,-0.2067647911150213,-0.0357198232215806,0.6139577246617218,-0.8845615161144115,-0.1986793710667245,-0.4043695173718753,0.1206761167022752
1765625983.6460786,538.0700073242188,566.8099975585938,563.3800048828125,339.5199890136719,239.2400054931641,244.4199981689453,558.1099853515625,662.1699829101562,471.4500122070313,300.1499938964844,0,-0.2018703657632944,-0.0321143766339063,0.6321740616634366,-0.8933903226321798,-0.201338841486005,-0.3786201811388454,0.1340267166300474
1765625983.7182298,538.0700073242188,566.8099975585938,563.3800048828125,339.260009765625,239.3300018310547,246.8000030517578,558.1099853515625,662.1699829101562,471.4500122070313,300.1499938964844,0,-0.2030360456864103,-0.0325982582653452,0.6394176020726823,-0.8988620274774966,-0.2054571846821263,-0.3645588434632562,0.13012013861917
1765625983.9194689,538.0700073242188,566.8099975585938,563.3800048828125,339.260009765625,239.3300018310547,248.9900054931641,558.1099853515625,662.1699829101562,471.4500122070313,300.1499938964844,0,-0.2065102332043976,-0.03455715091135,0.6228476823460097,-0.8863000967532817,-0.1958850370103729,-0.4017767673458767,0.1211471006325188
1765625984.0513954,538.0700073242188,566.8099975585938,563.3800048828125,339.260009765625,239.3300018310547,251.1000061035156,558.1099853515625,662.1699829101562,471.4500122070313,300.1499938964844,0,-0.2067531560491889,-0.0346917072083493,0.6252724919740967,-0.8924190651747202,-0.1931136348692256,-0.3896594130692272,0.1202533905834631
1765625984.1561842,538.0700073242188,566.8099975585938,563.3800048828125,339.260009765625,239.3300018310547,251.1000061035156,558.1099853515625,662.1699829101562,471.4500122070313,300.1499938964844,0,-0.2047043918821544,-0.0339156819181033,0.6360266908511505,-0.8983382477507031,-0.2046356512688233,-0.3712668542843024,0.1152109620123869
1765625984.252983,538.0700073242188,566.8099975585938,563.3800048828125,339.3500061035156,239.3300018310547,251.0200042724609,558.1099853515625,662.1699829101562,471.4500122070313,300.1499938964844,0,-0.1988549413680306,-0.0323529432881734,0.6192658601751954,-0.8812000435931221,-0.2062071755525578,-0.4104148998395879,0.1119137789183146
1765625984.373374,538.0700073242188,566.8099975585938,563.3800048828125,339.3500061035156,239.3300018310547,251.0200042724609,558.1099853515625,662.1699829101562,471.4500122070313,300.1499938964844,0,-0.2052409197274494,-0.0335704396780006,0.631692262685732,-0.8988953539519529,-0.1976171233831281,-0.3730908793207308,0.1172084082182452
1765625984.4603755,538.0700073242188,566.8099975585938,563.3800048828125,347.5199890136719,239.3300018310547,251.0200042724609,558.1099853515625,662.1699829101562,471.4500122070313,300.1499938964844,0,-0.2058610048440233,-0.0337929160040013,0.625297501599175,-0.8929721586363246,-0.1932553158973865,-0.3884911877991497,0.119698386706713
1765625984.5586717,538.0700073242188,566.8099975585938,563.3800048828125,347.5199890136719,239.3300018310547,251.0200042724609,558.1099853515625,662.1699829101562,471.4500122070313,300.1499938964844,0,-0.2081074363244333,-0.0308463732213069,0.6373391833945657,0.977258861999438,0.1762642320997191,-0.0839432660517069,0.0827621000847142
1765625984.7741995,538.0700073242188,566.8099975585938,563.3800048828125,354.0199890136719,241.9600067138672,253.6499938964844,558.1099853515625,662.1699829101562,471.4500122070313,300.1499938964844,0,-0.1912685976103338,-0.009916434249365,0.6530771080390687,-0.913049007107358,-0.1836332671069038,-0.3526707824363108,0.0907945650778324
1765625985.0376663,538.0700073242188,566.8099975585938,563.3800048828125,351.1199951171875,244.4199981689453,256.1099853515625,558.1099853515625,662.1699829101562,471.4500122070313,300.1499938964844,0,-0.202705763718487,-0.0227403036258976,0.6215008392492034,-0.8866922588138044,-0.1839626260548162,-0.4071720639924163,0.1189348589726524
1765625985.0747125,538.0700073242188,566.8099975585938,563.3800048828125,350.8599853515625,246.7100067138672,258.489990234375,558.1099853515625,662.1699829101562,471.4500122070313,300.1499938964844,0,-0.204982586324762,-0.0221189334821473,0.6291710316309164,-0.8929762300135871,-0.1772677047288862,-0.4007302781290935,0.1028827375289618
1765625985.3179295,538.0700073242188,566.8099975585938,563.3800048828125,350.7699890136719,248.9900054931641,260.7699890136719,558.1099853515625,662.1699829101562,471.4500122070313,300.1499938964844,0,-0.1932961907353854,-0.0198540145182644,0.6328030741971985,-0.8966654396568151,-0.1848610727416757,-0.3882479900206078,0.105266192838942
1765625985.358737,538.0700073242188,566.8099975585938,563.3800048828125,350.7699890136719,248.9900054931641,260.7699890136719,558.1099853515625,662.1699829101562,471.4500122070313,300.1499938964844,0,-0.1981055209009541,-0.0205193661468298,0.6466161289346167,-0.9075680447503376,-0.1859985366212631,-0.359247219086728,0.1125443206085952
1765625985.4796026,538.0700073242188,566.8099975585938,563.3800048828125,350.7699890136719,249.25999450683597,260.95001220703125,558.1099853515625,662.1699829101562,471.4500122070313,300.1499938964844,0,-0.2030196145463703,-0.020805867585575,0.6375756280577578,-0.8935980696598511,-0.1850827230257825,-0.3920426185646968,0.1163162102481203
1765625985.870565,538.0700073242188,566.8099975585938,563.3800048828125,350.7699890136719,249.25999450683597,261.0400085449219,558.1099853515625,662.1699829101562,471.4500122070313,300.1499938964844,0,-0.1935217425982668,-0.0200072923988033,0.6268949957878616,-0.9024204416908176,-0.1845362973816949,-0.3767813018053124,0.0980793147258825
1765625985.9099295,538.0700073242188,566.8099975585938,563.3800048828125,350.7699890136719,249.25999450683597,261.0400085449219,558.1099853515625,662.1699829101562,471.4500122070313,300.1499938964844,0,-0.1983928905111394,-0.0202097648771179,0.6404205335213248,-0.9007118881300143,-0.188679887473709,-0.3787405939656779,0.0983542430538631
1765625986.3074155,538.0700073242188,566.8099975585938,563.3800048828125,357.8900146484375,249.25999450683597,261.0400085449219,558.1099853515625,662.1699829101562,471.4500122070313,300.1499938964844,0,-0.2039426774950952,-0.0157609337515684,0.6613879548270991,-0.9148824504762698,-0.1752177486137471,-0.3564468868495715,0.0723495627942175
1765625986.6037838,538.0700073242188,566.8099975585938,563.3800048828125,364.1300048828125,251.72000122070312,263.6700134277344,558.1099853515625,662.1699829101562,471.4500122070313,300.1499938964844,0,-0.1878555742803886,-0.0012318999292282,0.6580152655908069,-0.90428100960883,-0.1775414891254659,-0.3795244143858272,0.0819517796331625
1765625987.1082835,538.0700073242188,566.8099975585938,563.3800048828125,361.2300109863281,256.3800048828125,270.7900085449219,558.1099853515625,662.1699829101562,471.4500122070313,300.1499938964844,0,-0.1874164867704289,-0.0073940296401321,0.6383786607650294,-0.9033093273923368,-0.1762905423374287,-0.3784838872949344,0.0985081254846255
1765625987.370624,538.0700073242188,566.8099975585938,563.3800048828125,361.2300109863281,256.3800048828125,271.04998779296875,558.1099853515625,662.1699829101562,471.4500122070313,300.1499938964844,0,-0.1927917706966105,-0.0064978390237155,0.6296689635497213,-0.902395019813124,-0.1728295094392132,-0.3798833309111136,0.1072466492686362
1765625987.5771432,538.0700073242188,566.8099975585938,563.3800048828125,361.2300109863281,256.3800048828125,271.04998779296875,558.1099853515625,662.1699829101562,471.4500122070313,300.1499938964844,0,-0.1914719265839084,-0.0073269906401262,0.6427261860944663,-0.9024341763911078,-0.176431619529783,-0.3769981826168133,0.1111611947354864
1765625987.7849617,538.0700073242188,566.8099975585938,563.3800048828125,361.2300109863281,256.3800048828125,271.04998779296875,558.1099853515625,662.1699829101562,471.4500122070313,300.1499938964844,0,-0.1923210998564163,-0.0070943997275369,0.6325868563649252,-0.9021093132133337,-0.1729375461252269,-0.3754618620992997,0.1237731079955541
1765625988.120504,538.0700073242188,566.8099975585938,563.3800048828125,365.5400085449219,256.3800048828125,270.9700012207031,558.1099853515625,662.1699829101562,471.4500122070313,300.1499938964844,0,-0.1933073551328968,-0.0053701389767514,0.6434491364480486,-0.9034306598349728,-0.1659468869930996,-0.3830613109170914,0.0976662973902696
1765625988.2350523,538.0700073242188,566.8099975585938,563.3800048828125,365.5400085449219,256.3800048828125,270.9700012207031,558.1099853515625,662.1699829101562,471.4500122070313,300.1499938964844,0,-0.1921463662614946,0.0051725987944578,0.6609666372429635,-0.912631728485034,-0.1550993624930004,-0.377589948126055,0.0217565390365142
1765625988.4427974,538.0700073242188,566.8099975585938,563.3800048828125,370.6300048828125,258.8399963378906,270.9700012207031,558.1099853515625,662.1699829101562,471.4500122070313,300.1499938964844,0,-0.18395808714258,0.0072265866805749,0.6623072327779225,-0.9093464601703836,-0.1713157013389117,-0.363826010628192,0.106632920998746
1765625988.815442,538.0700073242188,566.8099975585938,563.3800048828125,367.9100036621094,261.1199951171875,275.7099914550781,558.1099853515625,662.1699829101562,471.4500122070313,300.1499938964844,0,-0.194994845581918,0.0023887691249161,0.6778748999061789,-0.9039091589349688,-0.171226816805712,-0.3828273335637038,0.0841001918937462
1765625988.8621104,538.0700073242188,566.8099975585938,563.3800048828125,367.9100036621094,261.1199951171875,275.9800109863281,558.1099853515625,662.1699829101562,471.4500122070313,300.1499938964844,0,-0.1840696180138121,0.0015777179612169,0.6435469684671699,-0.9080188867612188,-0.1668872018340835,-0.372507373141728,0.0942794787000645
1765625989.0768418,538.0700073242188,566.8099975585938,563.3800048828125,367.9100036621094,261.1199951171875,275.9800109863281,558.1099853515625,662.1699829101562,471.4500122070313,300.1499938964844,0,-0.1923487424182054,0.0021818087298468,0.6507711029281628,-0.912520597258731,-0.1635294796651119,-0.3607865777865329,0.1019672209492277
1765625989.2744646,538.0700073242188,566.8099975585938,563.3800048828125,367.9100036621094,261.1199951171875,275.9800109863281,558.1099853515625,662.1699829101562,471.4500122070313,300.1499938964844,0,-0.1854610478466873,0.0009916188701627,0.6407614989510365,-0.9017629279315428,-0.1595052892267816,-0.3924492460333512,0.0858211734064861
1765625990.1183555,538.0700073242188,566.8099975585938,563.3800048828125,374.5,261.0400085449219,275.9800109863281,558.1099853515625,662.1699829101562,471.4500122070313,300.1499938964844,0,-0.1915571339789644,0.0043328284553809,0.6581190429204277,-0.9064903191415206,-0.1601414846418326,-0.3822334560842814,0.0807935099452909
1765625990.3431852,538.0700073242188,566.8099975585938,563.3800048828125,380.8299865722656,263.6700134277344,278.5299987792969,558.1099853515625,662.1699829101562,471.4500122070313,300.1499938964844,0,-0.1697779257057843,0.0250043031449518,0.6504815933652167,-0.9138055212935804,-0.1518852179017856,-0.3663223795394018,0.0877397520220183
1765625990.378724,538.0700073242188,566.8099975585938,563.3800048828125,380.8299865722656,263.6700134277344,278.5299987792969,558.1099853515625,662.1699829101562,471.4500122070313,300.1499938964844,0,-0.1720702404168961,0.0248317414716732,0.661523573572569,-0.925096113967503,-0.1511833781857963,-0.3394858571619185,0.0780392136659041
1765625990.416092,538.0700073242188,566.8099975585938,563.3800048828125,380.8299865722656,263.6700134277344,278.5299987792969,558.1099853515625,662.1699829101562,471.4500122070313,300.1499938964844,0,-0.1811801906293788,0.0211223251586877,0.6861656781700967,0.978392181532926,0.1348106925965495,-0.0928134477298305,0.1263347940884951
1765625990.6151154,538.0700073242188,566.8099975585938,563.3800048828125,379.1600036621094,266.1300048828125,281.07000732421875,558.1099853515625,662.1699829101562,471.4500122070313,300.1499938964844,0,-0.1879024369735916,0.0141349116141268,0.6569371858249046,-0.917118151653559,-0.1501691978975213,-0.3631784505315529,0.0666702405865976
1765625990.6580255,538.0700073242188,566.8099975585938,563.3800048828125,378.2799987792969,268.3299865722656,283.45001220703125,558.1099853515625,662.1699829101562,471.4500122070313,300.1499938964844,0,-0.1888211482657568,0.015790369751462,0.6618057123002168,-0.918326916037139,-0.1502915095957739,-0.3572458885769357,0.0803959732823508
1765625990.8908744,538.0700073242188,566.8099975585938,563.3800048828125,377.8399963378906,268.239990234375,285.7300109863281,558.1099853515625,662.1699829101562,471.4500122070313,300.1499938964844,0,-0.1784980987060188,0.0142249952268158,0.6554093285060156,-0.9082546386066046,-0.1575157401231389,-0.3762259243178982,0.0933614317273943
1765625991.1828885,538.0700073242188,566.8099975585938,563.3800048828125,377.8399963378906,268.239990234375,286.0,558.1099853515625,662.1699829101562,471.4500122070313,300.1499938964844,0,-0.1803139646790776,0.0152090331973709,0.6454555485346407,0.9732163783464588,0.1120320344287716,-0.1190619513201009,0.1616259754117604
1765625991.2953825,538.0700073242188,566.8099975585938,563.3800048828125,377.8399963378906,268.239990234375,286.0,558.1099853515625,662.1699829101562,471.4500122070313,300.1499938964844,0,-0.1820920217834449,0.0141258437619391,0.6620319271297797,-0.9183613618967452,-0.157273573830819,-0.356836261357177,0.067418947857927
1765625991.3365076,538.0700073242188,566.8099975585938,563.3800048828125,377.8399963378906,268.239990234375,286.0,558.1099853515625,662.1699829101562,471.4500122070313,300.1499938964844,0,-0.1783140607054147,0.0139635611678596,0.6487330391203748,-0.9139635369345956,-0.1576944531547808,-0.3634654823950313,0.0877265963409393
1765625991.5145056,538.0700073242188,566.8099975585938,563.3800048828125,377.8399963378906,268.239990234375,286.0,558.1099853515625,662.1699829101562,471.4500122070313,300.1499938964844,0,-0.1789354634536095,0.0149614230557471,0.6364190795582977,-0.908492695974322,-0.1579993171871332,-0.3733750523331983,0.1013326572477469
1765625991.5548358,538.0700073242188,566.8099975585938,563.3800048828125,377.8399963378906,268.239990234375,286.0,558.1099853515625,662.1699829101562,471.4500122070313,300.1499938964844,0,-0.181629422236419,0.0148460940976877,0.6463942900096171,-0.9192935824045576,-0.1579272168516981,-0.3477183403865581,0.0951328507198709
1765625991.9759212,538.0700073242188,566.8099975585938,563.3800048828125,381.9700012207031,268.1499938964844,286.0,558.1099853515625,662.1699829101562,471.4500122070313,300.1499938964844,0,-0.1879043143021994,0.0217358133755775,0.6823560389786022,0.9790660657326512,0.1198212200777302,-0.0601267037713696,0.1531577410497493
1765625992.122225,538.0700073242188,566.8099975585938,563.3800048828125,386.9800109863281,270.6199951171875,286.0,558.1099853515625,662.1699829101562,471.4500122070313,300.1499938964844,0,-0.1702346818363325,0.0312300794978369,0.6608819981271724,-0.9155061706618836,-0.1486036547131645,-0.3643202521423292,0.0838818166520864
1765625992.2409468,538.0700073242188,566.8099975585938,563.3800048828125,386.9800109863281,270.6199951171875,286.0,558.1099853515625,662.1699829101562,471.4500122070313,300.1499938964844,0,-0.1771044420046326,0.0268341540603223,0.6822802579318532,-0.9233616868073228,-0.1510305948898298,-0.3471876859903037,0.0636684022122269
1765625992.3726587,538.0700073242188,566.8099975585938,563.3800048828125,385.5799865722656,272.989990234375,288.4599914550781,558.1099853515625,662.1699829101562,471.4500122070313,300.1499938964844,0,-0.177321733292153,0.0219240270190353,0.6459780910390206,-0.9118606181491756,-0.1442821860569514,-0.3744257525559346,0.0865922610754129
1765625992.4395356,538.0700073242188,566.8099975585938,563.3800048828125,385.5799865722656,272.989990234375,288.4599914550781,558.1099853515625,662.1699829101562,471.4500122070313,300.1499938964844,0,-0.1807424929070021,0.0233348014119685,0.6562676736767362,-0.9227776951130578,-0.1441193417070804,-0.3488586311849481,0.0775151352673437
1765625992.6134295,538.0700073242188,566.8099975585938,563.3800048828125,384.7900085449219,275.19000244140625,290.8299865722656,558.1099853515625,662.1699829101562,471.4500122070313,300.1499938964844,0,-0.1760138207304738,0.0260945935336053,0.6633771324289898,-0.9191381497474383,-0.1439451684228555,-0.3573378205861434,0.0823075461019012
1765625992.6515374,538.0700073242188,566.8099975585938,563.3800048828125,384.7900085449219,275.3599853515625,291.0899963378906,558.1099853515625,662.1699829101562,471.4500122070313,300.1499938964844,0,-0.177649974166282,0.0255306507945224,0.673626014295247,-0.9295612195751138,-0.1546852170748373,-0.3223930203788613,0.089728273646229
1765625992.6899087,538.0700073242188,566.8099975585938,563.3800048828125,384.7900085449219,275.3599853515625,291.0899963378906,558.1099853515625,662.1699829101562,471.4500122070313,300.1499938964844,0,-0.1733490231289541,0.0237781665856481,0.6586991852705,-0.918075481857431,-0.1550517470483469,-0.3553504036467488,0.0825981596501652
1765625992.876618,538.0700073242188,566.8099975585938,563.3800048828125,384.7900085449219,275.45001220703125,291.0899963378906,558.1099853515625,662.1699829101562,471.4500122070313,300.1499938964844,0,-0.1760201393422092,0.0251921110169083,0.6463220209764536,-0.9129415050194808,-0.1447739299122868,-0.3721788918175233,0.0840308878686776
1765625993.482231,538.0700073242188,566.8099975585938,563.3800048828125,384.7900085449219,275.5400085449219,291.0899963378906,558.1099853515625,662.1699829101562,471.4500122070313,300.1499938964844,0,-0.1780388762893485,0.0239918974143798,0.6646814646670901,-0.9298614859805966,-0.1471466711036317,-0.3294124644835207,0.072061795120367
1765625993.7090497,538.0700073242188,566.8099975585938,563.3800048828125,389.5299987792969,275.5400085449219,291.0899963378906,558.1099853515625,662.1699829101562,471.4500122070313,300.1499938964844,0,-0.1792073358771345,0.0272593037886138,0.6686096449332148,-0.9178812905206308,-0.1403796767771085,-0.3650156917202187,0.0674613048950749
1765625994.0446732,538.0700073242188,566.8099975585938,563.3800048828125,395.3299865722656,278.0,293.6400146484375,558.1099853515625,662.1699829101562,471.4500122070313,300.0599975585937,0,-0.1698392265955412,0.0387887065323681,0.6896889488252325,-0.921391673621934,-0.1410758210543593,-0.3586540897332194,0.0500223990992601
1765625994.1793892,538.0700073242188,566.8099975585938,563.3800048828125,394.1900024414063,280.3699951171875,296.19000244140625,558.1099853515625,662.1699829101562,471.4500122070313,300.1499938964844,0,-0.1706770251222784,0.0336532836930746,0.6525851650619657,-0.910834302886568,-0.134891071149025,-0.3831623884300891,0.0732929444213962
1765625994.2837653,538.0700073242188,566.8099975585938,563.3800048828125,393.1300048828125,280.20001220703125,298.4800109863281,558.1099853515625,662.1699829101562,471.4500122070313,300.1499938964844,0,-0.1754117220024808,0.0367574793051695,0.6706510380594779,-0.928839590643101,-0.1297826064939688,-0.3394951428009806,0.0718090378721948
1765625994.3575974,538.0700073242188,566.8099975585938,563.3800048828125,393.1300048828125,280.20001220703125,298.4800109863281,558.1099853515625,662.1699829101562,471.4500122070313,300.1499938964844,0,-0.1670671949382446,0.0371354766704548,0.6476846226235106,-0.9253265978538466,-0.1348330206681722,-0.3433128158493095,0.0879036649710349
1765625994.4168503,538.0700073242188,566.8099975585938,563.3800048828125,393.1300048828125,280.20001220703125,298.4800109863281,558.1099853515625,662.1699829101562,471.4500122070313,300.1499938964844,0,-0.1677274536450364,0.0367491740415025,0.6608612158947472,0.974618995177738,0.0977534493141723,-0.1365570876197735,0.1480345878729823
1765625994.5062294,538.0700073242188,566.8099975585938,563.3800048828125,393.1300048828125,280.20001220703125,298.739990234375,558.1099853515625,662.1699829101562,471.4500122070313,300.1499938964844,0,-0.1700271926398037,0.0350952475190371,0.6747585468112397,0.979332430530968,0.106992317168946,-0.0867370089314658,0.1481125445691542
1765625994.5738013,538.0700073242188,566.8099975585938,563.3800048828125,393.1300048828125,280.20001220703125,298.739990234375,558.1099853515625,662.1699829101562,471.4500122070313,300.1499938964844,0,-0.1686649027872944,0.0345717884542302,0.6557260973077242,0.973614334505849,0.0985374087266695,-0.1295692596538826,0.1599290895331769
1765625994.974115,538.0700073242188,566.8099975585938,563.3800048828125,393.3999938964844,280.20001220703125,298.739990234375,558.1099853515625,662.1699829101562,471.4500122070313,300.1499938964844,0,-0.1697687430723334,0.0353323555829024,0.6665088059044757,-0.929021065469246,-0.1410778639340651,-0.3343556133739691,0.0722718480980337
1765625995.1186883,538.0700073242188,566.8099975585938,563.3800048828125,401.4800109863281,280.20001220703125,298.739990234375,558.1099853515625,662.1699829101562,471.4500122070313,300.1499938964844,0,-0.1733410388198746,0.0426108571726022,0.6834285621428375,-0.9316652533103456,-0.1255716689014216,-0.3406229555634804,0.0144088128130188
1765625995.3433669,538.0700073242188,566.8099975585938,563.3800048828125,408.0799865722656,282.8299865722656,301.3800048828125,558.1099853515625,662.1699829101562,471.4500122070313,300.1499938964844,0,-0.1530349772791597,0.0600984651629219,0.6905813297750856,-0.9385096127025496,-0.1339839624710235,-0.3076253059824272,0.081330657102298
1765625995.6775413,538.0700073242188,566.8099975585938,563.3800048828125,405.4400024414063,287.6700134277344,306.29998779296875,558.1099853515625,662.1699829101562,471.4500122070313,300.1499938964844,0,-0.1617438184250565,0.0542444105512934,0.6705644395478698,-0.9223419519083488,-0.1255301403896578,-0.3627481717316559,0.044059862789066
1765625995.7757711,538.0700073242188,566.8099975585938,563.3800048828125,405.4400024414063,287.6700134277344,306.29998779296875,558.1099853515625,662.1699829101562,471.4500122070313,300.1499938964844,0,-0.1474358805318528,0.04992104672534,0.6224240823398242,-0.9174027208795256,-0.1393050972526423,-0.3516025053349811,0.1238628913130971
1765625995.8520331,538.0700073242188,566.8099975585938,563.3800048828125,404.2999877929688,289.8599853515625,308.5,558.1099853515625,662.1699829101562,471.4500122070313,300.1499938964844,0,-0.1564366177440245,0.0501145840175977,0.6685010767600267,-0.9302943830402508,-0.1351381709316951,-0.3336176239949643,0.0706350946835202
1765625995.977969,538.0700073242188,566.8099975585938,563.3800048828125,404.2999877929688,289.8599853515625,308.5,558.1099853515625,662.1699829101562,471.4500122070313,300.1499938964844,0,-0.1707657611690566,0.0517911270727748,0.7079247761669144,-0.9197862846949124,-0.1297796447504251,-0.3643416314290232,0.0663747685737659
1765625996.0498853,538.0700073242188,566.8099975585938,563.3800048828125,404.2999877929688,289.8599853515625,308.5,558.1099853515625,662.1699829101562,471.4500122070313,300.1499938964844,0,-0.1604015430151826,0.0490830858880006,0.6547452106482543,-0.92444181235762,-0.1251159611654766,-0.3527051676346956,0.0731600748385257
1765625996.0891998,538.0700073242188,566.8099975585938,563.3800048828125,404.2999877929688,290.1300048828125,308.760009765625,558.1099853515625,662.1699829101562,471.4500122070313,300.1499938964844,0,-0.163439345139407,0.0504982367043401,0.6656524786159443,-0.9353426501761412,-0.1240383475109358,-0.3251751772775532,0.0633223435348128
1765625996.876365,538.0700073242188,566.8099975585938,563.3800048828125,418.5400085449219,292.760009765625,311.3999938964844,558.1099853515625,662.1699829101562,471.4500122070313,300.1499938964844,0,-0.1427273422579841,0.0762527341908623,0.6889458969685424,0.973616800980341,0.0708555123199673,-0.1360765975488613,0.1689170826832129
1765625996.9853575,538.0700073242188,566.8099975585938,563.3800048828125,418.5400085449219,292.760009765625,311.3999938964844,558.1099853515625,662.1699829101562,471.4500122070313,300.1499938964844,0,-0.1488107910486463,0.0754755346307283,0.7150746045038441,-0.9416726208442991,-0.1229824617364154,-0.3101420596305012,0.0440442062663245
1765625997.3855014,538.0700073242188,566.8099975585938,563.3800048828125,415.4599914550781,297.6000061035156,316.2300109863281,558.1099853515625,662.1699829101562,471.4500122070313,300.1499938964844,0,-0.1467528972230528,0.0659261786789127,0.6721567072997033,0.9758715693011744,0.0695246904549842,-0.1307958044988212,0.1604165052988875
1765625997.4199436,538.0700073242188,566.8099975585938,563.3800048828125,415.4599914550781,297.6000061035156,316.2300109863281,558.1099853515625,662.1699829101562,471.4500122070313,300.1499938964844,0,-0.1494459709106242,0.0659403149644654,0.6855503523591786,-0.9398087157948852,-0.1130082030920723,-0.3212291041134065,0.0282946358938988
1765625997.4764154,538.0700073242188,566.8099975585938,563.3800048828125,414.3999938964844,297.6000061035156,318.42999267578125,558.1099853515625,662.1699829101562,471.4500122070313,300.1499938964844,0,-0.1476175287437044,0.0627426138978831,0.6710838399715048,-0.935590834023676,-0.1140039923713974,-0.330020104017404,0.052532008895593
1765625997.6398196,538.0700073242188,566.8099975585938,563.3800048828125,414.3999938964844,297.6000061035156,318.42999267578125,558.1099853515625,662.1699829101562,471.4500122070313,300.1499938964844,0,-0.1509924946753832,0.0623986463943575,0.6610179858351686,-0.931091505741014,-0.1032201517690349,-0.3429567167640467,0.0692452065643094
1765625998.008999,538.0700073242188,566.8099975585938,563.3800048828125,414.1400146484375,297.6000061035156,318.69000244140625,558.1099853515625,662.1699829101562,471.4500122070313,300.1499938964844,0,-0.152096562226177,0.0635154728263769,0.6722425494861612,0.9765933437876428,0.0695079802627668,-0.1284303266898102,0.1579231861881291
1765625998.081036,538.0700073242188,566.8099975585938,563.3800048828125,414.1400146484375,297.510009765625,318.69000244140625,558.1099853515625,662.1699829101562,471.4500122070313,300.1499938964844,0,-0.1503041692112311,0.0630724968712393,0.660598967579357,-0.9364320980334514,-0.1108550949464752,-0.3268991957324468,0.0627932283495271
1765625998.276185,538.0700073242188,566.8099975585938,563.3800048828125,414.1400146484375,297.510009765625,318.69000244140625,558.1099853515625,662.1699829101562,471.4500122070313,300.1499938964844,0,-0.1507323404464342,0.0627384523508747,0.6742735273958316,0.9795218749412412,0.067989224065266,-0.1135635145998856,0.1517158201187991
1765625998.5384052,538.0700073242188,566.8099975585938,563.3800048828125,415.8999938964844,297.510009765625,318.6000061035156,558.1099853515625,662.1699829101562,471.4500122070313,300.1499938964844,0,-0.1516414900815901,0.0635134154462885,0.669706191219356,0.9756587436752786,0.0584375784290712,-0.1225171704333804,0.1722341669539503
1765625998.8400197,538.0700073242188,566.8099975585938,563.3800048828125,425.5700073242188,297.510009765625,318.6000061035156,558.1099853515625,662.1699829101562,471.4500122070313,300.1499938964844,0,-0.127085279728174,0.0904307475852044,0.6854771184567746,0.9727851406118568,0.0414844307852533,-0.1687552246364135,0.1532637803432603
1765625998.9747803,538.0700073242188,566.8099975585938,563.3800048828125,432.510009765625,300.1499938964844,321.3299865722656,558.1099853515625,662.1699829101562,471.4500122070313,300.1499938964844,0,-0.1359564053561544,0.0896851995096941,0.7145105670939282,-0.940759048866733,-0.1053034070989274,-0.3208828853257796,0.0302948565555294
1765625999.014223,538.0700073242188,566.8099975585938,563.3800048828125,432.510009765625,300.1499938964844,321.3299865722656,558.1099853515625,662.1699829101562,471.4500122070313,300.1499938964844,0,-0.1361153249853872,0.0857838820966058,0.6994822343510266,-0.941572051214236,-0.0901944175018267,-0.3230665708374385,0.0305782640295427
1765625999.1479664,538.0700073242188,566.8099975585938,563.3800048828125,430.30999755859375,302.6099853515625,323.8800048828125,558.1099853515625,662.1699829101562,471.4500122070313,300.1499938964844,0,-0.1403777696892218,0.0813443369092127,0.6822497616291572,-0.9479349859860128,-0.0981704513922815,-0.2982512019181743,0.0531793697922239
1765625999.3416786,538.0700073242188,566.8099975585938,563.3800048828125,428.5499877929688,304.8900146484375,326.25,558.1099853515625,662.1699829101562,471.4500122070313,300.1499938964844,0,-0.1347249015082462,0.082233137858917,0.6755059031966977,-0.9345638562323229,-0.0943229386974651,-0.342532803844279,0.0191013127879074
1765625999.4348414,538.0700073242188,566.8099975585938,563.3800048828125,428.5499877929688,304.8900146484375,326.25,558.1099853515625,662.1699829101562,471.4500122070313,300.1499938964844,0,-0.1380299144443987,0.0807200553069898,0.689557524203565,-0.94042860660622,-0.0949376928887958,-0.3250511896637171,0.0303742398067583
1765625999.4888306,538.0700073242188,566.8099975585938,563.3800048828125,426.9700012207031,304.79998779296875,328.45001220703125,558.1099853515625,662.1699829101562,471.4500122070313,300.1499938964844,0,-0.137168195760993,0.0787414925815242,0.6804237894907947,0.9763709091777888,0.0550689799595572,-0.1420367500718156,0.1532736663180877
1765625999.5257769,538.0700073242188,566.8099975585938,563.3800048828125,426.9700012207031,304.79998779296875,328.45001220703125,558.1099853515625,662.1699829101562,471.4500122070313,300.1499938964844,0,-0.1363544210830372,0.0771332839503715,0.6691884807104022,-0.9298665809111396,-0.1017107572020652,-0.351195897616834,0.040798346426245
1765625999.7770617,538.0700073242188,566.8099975585938,563.3800048828125,426.8800048828125,304.79998779296875,328.7099914550781,558.1099853515625,662.1699829101562,471.4500122070313,300.1499938964844,0,-0.1394174650362952,0.079256721580678,0.6806412845495284,0.976601330792099,0.054841857136362,-0.1406539113995045,0.153162294997681
1765625999.897501,538.0700073242188,566.8099975585938,563.3800048828125,426.8800048828125,304.79998779296875,328.79998779296875,558.1099853515625,662.1699829101562,471.4500122070313,300.1499938964844,0,-0.1364008243181236,0.0768795909546894,0.6711866262822311,-0.9353100345155828,-0.0971858817121436,-0.3383446750126071,0.0356780691869121
1765626000.0363665,538.0700073242188,566.8099975585938,563.3800048828125,426.8800048828125,304.79998779296875,328.79998779296875,558.1099853515625,662.1699829101562,471.4500122070313,300.1499938964844,0,-0.1418339450744854,0.079861173388243,0.6821658629895476,-0.947374625475466,-0.0980593601184989,-0.299942838308079,0.0538514126654501
1765626000.310001,538.0700073242188,566.8099975585938,563.3800048828125,426.8800048828125,304.79998779296875,328.79998779296875,558.1099853515625,662.1699829101562,471.4500122070313,300.1499938964844,0,-0.1373993895045554,0.0773805953125194,0.671342874945876,-0.9350944918914588,-0.0972958042191607,-0.3389802981107707,0.0349882152779285
1765626000.5395195,538.0700073242188,566.8099975585938,563.3800048828125,426.8800048828125,304.79998779296875,328.79998779296875,558.1099853515625,662.1699829101562,471.4500122070313,300.1499938964844,0,-0.1408946950764701,0.0787707041060833,0.6806743553171711,0.9767957285567266,0.0548270762877285,-0.1399636215360578,0.1525591066622527
1765626000.7461643,538.0700073242188,566.8099975585938,563.3800048828125,427.05999755859375,304.7200012207031,328.79998779296875,558.1099853515625,662.1699829101562,471.4500122070313,300.1499938964844,0,-0.1378402655660268,0.0776374914634264,0.6693841141519268,-0.929504190122945,-0.1018487363835176,-0.3522070400961213,0.0399874523781907
1765626001.075576,538.0700073242188,566.8099975585938,563.3800048828125,439.8900146484375,307.2699890136719,331.260009765625,558.1099853515625,662.1699829101562,471.4500122070313,300.0599975585937,0,-0.1232316107805282,0.1022954091390124,0.7057385790213958,-0.9447806780316684,-0.0881352294596437,-0.3155675741770253,0.0062255822334002
1765626001.3527117,538.0700073242188,566.8099975585938,563.3800048828125,437.9599914550781,309.7300109863281,333.7200012207031,558.1099853515625,662.1699829101562,471.4500122070313,300.1499938964844,0,-0.1319530043356947,0.0910714790641324,0.6908924439726443,-0.9383222193098124,-0.0884514037818439,-0.3327653359020796,0.0315435118606955
1765626001.6166475,538.0700073242188,566.8099975585938,563.3800048828125,436.2000122070313,311.9200134277344,336.010009765625,558.1099853515625,662.1699829101562,471.4500122070313,300.1499938964844,0,-0.1303005651809202,0.0918561036783781,0.6934402684301416,0.9782667458248836,0.0471384954103136,-0.1296266075138345,0.1548195042237864
1765626001.7286334,538.0700073242188,566.8099975585938,563.3800048828125,436.2000122070313,312.2799987792969,336.2699890136719,558.1099853515625,662.1699829101562,471.4500122070313,300.1499938964844,0,-0.1280672946581376,0.0881667171727444,0.6743799260820565,-0.9396425377568428,-0.0863956374988966,-0.3296496245403416,0.0306401713352155
1765626001.9190338,538.0700073242188,566.8099975585938,563.3800048828125,436.2000122070313,312.2799987792969,336.2699890136719,558.1099853515625,662.1699829101562,471.4500122070313,300.1499938964844,0,-0.1310175935461857,0.0912357443193099,0.6841283025634137,0.9756401107936556,0.0414364952091833,-0.1434069252143414,0.1607602092431189
1765626002.4977677,538.0700073242188,566.8099975585938,563.3800048828125,436.2000122070313,312.2799987792969,336.2699890136719,558.1099853515625,662.1699829101562,471.4500122070313,300.1499938964844,0,-0.1280993642104093,0.0891597819389497,0.6745484890358785,-0.9397576881996208,-0.0865421788655827,-0.3293554487232213,0.0298484026913926
1765626002.5744913,538.0700073242188,566.8099975585938,563.3800048828125,436.2000122070313,312.2799987792969,336.2699890136719,558.1099853515625,662.1699829101562,471.4500122070313,300.1499938964844,0,-0.1312213235273532,0.0912339864064044,0.6883455991467019,-0.9455509825496856,-0.0874734856798015,-0.3109432255415962,0.0399504592231128
1765626003.0499802,538.0700073242188,566.8099975585938,563.3800048828125,448.6799926757813,314.82000732421875,338.82000732421875,558.1099853515625,662.1699829101562,471.4500122070313,300.1499938964844,0,-0.1191624075802756,0.104968368470726,0.7035409446577037,0.9663619383708176,0.0304749399426813,-0.1906199036922667,0.169940973340855
1765626003.0983758,538.0700073242188,566.8099975585938,563.3800048828125,446.3999938964844,317.3699951171875,341.3699951171875,558.1099853515625,662.1699829101562,471.4500122070313,300.1499938964844,0,-0.1223843887562185,0.1040798083652137,0.7060816703622762,0.974061436828536,0.0401201592719769,-0.1595256960287077,0.1553906123614791
1765626003.2141087,538.0700073242188,566.8099975585938,563.3800048828125,446.3999938964844,317.3699951171875,341.3699951171875,558.1099853515625,662.1699829101562,471.4500122070313,300.1499938964844,0,-0.1232736852102198,0.1003052043660735,0.6868760221800947,-0.947760324778286,-0.0775524466854225,-0.3088515237841296,0.0186204469732496
1765626003.352852,538.0700073242188,566.8099975585938,563.3800048828125,444.3699951171875,319.6600036621094,343.5599975585937,558.1099853515625,662.1699829101562,471.4500122070313,300.1499938964844,0,-0.1181742425588405,0.1002159515169893,0.6754312786835938,-0.9389583756940943,-0.0801567107898759,-0.3331391706896897,0.0308279642766444
1765626003.3877704,538.0700073242188,566.8099975585938,563.3800048828125,444.3699951171875,319.6600036621094,343.5599975585937,558.1099853515625,662.1699829101562,471.4500122070313,300.1499938964844,0,-0.1219355116863788,0.1025982335324079,0.6982881386126759,-0.9588366248188536,-0.0746056384581145,-0.2739160873164554,0.006025174312018
1765626003.4568732,538.0700073242188,566.8099975585938,563.3800048828125,444.2900085449219,319.8299865722656,343.8299865722656,558.1099853515625,662.1699829101562,471.4500122070313,300.1499938964844,0,-0.1193355063563957,0.09839125571196,0.6813476802047655,-0.9464812927059773,-0.0790946525414435,-0.3128809186733412,0.0047675179178479
1765626003.5943296,538.0700073242188,566.8099975585938,563.3800048828125,444.2900085449219,319.8299865722656,343.8299865722656,558.1099853515625,662.1699829101562,471.4500122070313,300.1499938964844,0,-0.1245158224475039,0.1023465359291822,0.6965672381162825,-0.9526510196778591,-0.0797770252673692,-0.2931572819543186,0.0122665799382305
1765626003.92072,537.97998046875,566.8099975585938,563.3800048828125,444.2900085449219,319.8299865722656,343.739990234375,558.1099853515625,662.1699829101562,471.4500122070313,300.1499938964844,0,-0.1212505752920402,0.0997741789526182,0.6866225696593116,-0.9482015910146544,-0.0774126856010729,-0.3074669156502169,0.0196243391188075
1765626003.955743,537.97998046875,566.8099975585938,563.3800048828125,444.2900085449219,319.8299865722656,343.739990234375,558.1099853515625,662.1699829101562,471.4500122070313,300.1499938964844,0,-0.1229725192364789,0.1018133606290126,0.6963486923666091,-0.952954770023872,-0.0796690239655142,-0.2921589565158151,0.0131604345187206
1765626004.0789475,538.0700073242188,566.8099975585938,563.3800048828125,444.2900085449219,319.8299865722656,343.8299865722656,558.1099853515625,662.1699829101562,471.4500122070313,300.1499938964844,0,-0.1217770324386011,0.1000813288584745,0.6819540588235948,-0.9496131799554146,-0.0812559393930781,-0.3008275356330008,0.0336908678025557
1765626004.191501,538.0700073242188,566.8099975585938,563.3800048828125,444.2900085449219,319.8299865722656,343.8299865722656,558.1099853515625,662.1699829101562,471.4500122070313,300.1499938964844,1,-0.1335616132293775,0.095144843675601,0.6690101630792898,-0.8805602110453067,-0.0774284117365214,0.4675662957855637,0.000561092836979
1765626004.222025,538.0700073242188,566.8099975585938,563.3800048828125,444.2900085449219,319.8299865722656,343.8299865722656,558.1099853515625,662.1699829101562,471.4500122070313,300.1499938964844,0,-0.1228309959957856,0.1011098632507976,0.6935927583588338,0.9787688479800948,0.0343345936910396,-0.105440557385728,0.1723802968960686
1765626004.2907598,538.0700073242188,566.8099975585938,563.3800048828125,444.2900085449219,319.8299865722656,343.8299865722656,558.1099853515625,662.1699829101562,471.4500122070313,300.1499938964844,0,-0.1195320721194463,0.0990156924405128,0.6755361475229725,-0.9432104772454522,-0.0876360234102888,-0.3194755099418114,0.0246844396869238
1765626004.4107056,538.0700073242188,566.8099975585938,563.3800048828125,444.2900085449219,319.8299865722656,343.8299865722656,558.1099853515625,662.1699829101562,471.4500122070313,300.1499938964844,0,-0.1239905098100398,0.101825737285087,0.6964340234046301,-0.9527171126983855,-0.0797013316973411,-0.2929389301018804,0.0128290345734941
1765626004.660733,538.0700073242188,566.8099975585938,563.3800048828125,444.2900085449219,319.8299865722656,343.8299865722656,558.1099853515625,662.1699829101562,471.4500122070313,300.1499938964844,0,-0.1204002293169067,0.0996300438230877,0.6797533402823663,-0.941146832169877,-0.0841230068219439,-0.327202665117959,0.0102164553317399
1765626004.989122,538.0700073242188,566.8099975585938,563.3800048828125,444.2900085449219,319.8299865722656,343.8299865722656,558.1099853515625,662.1699829101562,471.4500122070313,300.1499938964844,0,-0.1229253612519832,0.1011500546826305,0.6912633053015607,0.9790589314002264,0.037489040094788,-0.1386681530525745,0.1442543727143342
1765626005.0535402,538.0700073242188,566.8099975585938,563.3800048828125,444.2900085449219,319.8299865722656,343.8299865722656,558.1099853515625,662.1699829101562,471.4500122070313,300.0599975585937,0,-0.1200729517875964,0.0990172311535372,0.6772149438553056,-0.9435292789255644,-0.0753870926173508,-0.3215599538130985,0.0258550223481957
1765626005.2186356,538.0700073242188,566.8099975585938,563.3800048828125,444.2900085449219,319.8299865722656,343.8299865722656,558.1099853515625,662.1699829101562,471.4500122070313,300.1499938964844,0,-0.1227523939174446,0.1016171394687302,0.6915733997090274,-0.9545617364011676,-0.0834157002481644,-0.2846281215966377,0.0289921497524077
1765626005.2773695,537.97998046875,566.8099975585938,563.3800048828125,449.9100036621094,319.8299865722656,343.8299865722656,558.1099853515625,662.1699829101562,471.4500122070313,300.1499938964844,0,-0.1210268252292631,0.101462742163367,0.6846698833139236,-0.943069261613926,-0.0825357279554705,-0.3212703473607902,0.0243636063935933
1765626005.5861146,537.8900146484375,566.8099975585938,563.3800048828125,455.5400085449219,322.3800048828125,346.2900085449219,558.1099853515625,662.1699829101562,471.4500122070313,300.1499938964844,0,-0.1107305327135122,0.1223961092471448,0.7357058800446376,-0.9621769090683596,-0.0789162153954438,-0.260712945048168,0.004072700287071
1765626005.6439214,537.8900146484375,566.8099975585938,563.3800048828125,455.5400085449219,322.3800048828125,346.2900085449219,558.1099853515625,662.1699829101562,471.4500122070313,300.1499938964844,0,-0.1095511794047297,0.1122949662240194,0.6955571766987368,0.9674461738722048,0.0107594977310498,-0.2059306642379999,0.1467129694168286
1765626005.684475,537.7100219726562,566.8099975585938,563.3800048828125,453.3399963378906,324.92999267578125,348.8399963378906,558.1099853515625,662.1699829101562,471.4500122070313,300.1499938964844,0,-0.1144497844749889,0.1134238770664731,0.7104810645206772,0.9735656231939824,0.0135638999941895,-0.1622398948049018,0.1602005445857007
1765626005.7833266,537.7100219726562,566.8099975585938,563.3800048828125,453.3399963378906,324.92999267578125,348.8399963378906,558.1099853515625,662.1699829101562,471.4500122070313,300.0599975585937,0,-0.1142640846270914,0.1091308857948001,0.6825657616468045,-0.944200694812681,-0.072933491942762,-0.3211396442029529,0.0059230557558139
1765626005.9859676,537.6300048828125,566.8099975585938,563.3800048828125,451.3200073242188,324.92999267578125,351.1199951171875,558.1099853515625,662.1699829101562,471.4500122070313,300.1499938964844,0,-0.1137004417206789,0.1106861432305787,0.6972913631420402,0.9757778655585432,0.0333145161528506,-0.1348889488483437,0.1689753579019852
1765626006.1121638,537.6300048828125,566.8099975585938,563.3800048828125,451.3200073242188,324.92999267578125,351.3900146484375,558.1099853515625,662.1699829101562,471.4500122070313,300.1499938964844,0,-0.1130118524932579,0.1075018870238532,0.6838816827506731,-0.9529397733510372,-0.0694250163008042,-0.2933485049423747,0.0321342515920404
1765626006.263059,537.6300048828125,566.8099975585938,563.3800048828125,451.3200073242188,324.92999267578125,351.3900146484375,558.1099853515625,662.1699829101562,471.4500122070313,300.1499938964844,1,-0.1252338865989885,0.104420157292889,0.6644460366702293,0.8780398523617936,0.0611544807783965,-0.4746629786975297,0.0010971778310847
1765626006.296124,537.6300048828125,566.8099975585938,563.3800048828125,451.3200073242188,324.92999267578125,351.3900146484375,558.1099853515625,662.1699829101562,471.4500122070313,300.1499938964844,0,-0.1163465291679885,0.1123277657458189,0.7017290188284834,-0.9571292375252628,-0.0787782849171252,-0.2775220415527755,0.0260599491980447
1765626006.4111335,537.6300048828125,566.8099975585938,563.3800048828125,451.3200073242188,324.92999267578125,351.3900146484375,558.1099853515625,662.1699829101562,471.4500122070313,300.1499938964844,0,-0.1136320646346584,0.1088074030345099,0.6913905580101075,-0.952309773856874,-0.0764389877999983,-0.2934850773198623,0.0336107892102522
1765626006.4769254,537.6300048828125,566.8099975585938,563.3800048828125,451.3200073242188,324.92999267578125,351.29998779296875,558.1099853515625,662.1699829101562,471.4500122070313,300.1499938964844,0,-0.1157195714760889,0.1105490503785002,0.7032726262361847,-0.9626897470293576,-0.0733693776708854,-0.2595610151102022,0.0217592467631603
1765626006.5352414,537.6300048828125,566.8099975585938,563.3800048828125,451.3200073242188,324.92999267578125,351.29998779296875,558.1099853515625,662.1699829101562,471.4500122070313,300.1499938964844,0,-0.1134814776410023,0.1087947624947483,0.6889775420181243,-0.9514650210202256,-0.0658265611124123,-0.3001915431010679,0.0163160987277901
1765626006.6168575,537.6300048828125,566.8099975585938,563.3800048828125,451.3200073242188,324.92999267578125,351.29998779296875,558.1099853515625,662.1699829101562,471.4500122070313,300.1499938964844,0,-0.115640465772109,0.1115091320979417,0.6990020390194869,-0.9561039634055144,-0.0679743603500649,-0.2848780594148472,0.0094439800559318
1765626006.6594927,537.6300048828125,566.8099975585938,563.3800048828125,451.3200073242188,324.92999267578125,351.3900146484375,558.1099853515625,662.1699829101562,471.4500122070313,300.1499938964844,0,-0.1140290467963087,0.1098457229840237,0.6877909856143027,-0.95107138152683,-0.0784385576011596,-0.2985086227197144,0.0142555983415473
1765626007.7233932,537.6300048828125,566.8099975585938,563.3800048828125,456.9400024414063,324.92999267578125,351.3900146484375,558.1099853515625,662.1699829101562,471.4500122070313,300.1499938964844,0,-0.1152859669120024,0.1189350864980379,0.7211690636407676,0.9539719787657942,0.066188276549209,0.2924184111831293,0.0069317081772767
1765626008.0963826,537.6300048828125,566.8099975585938,563.3800048828125,460.3699951171875,329.94000244140625,356.3099975585937,558.1099853515625,662.1699829101562,471.4500122070313,300.1499938964844,0,-0.1054849250398469,0.1210290099482137,0.7068400317688756,-0.9538657637359932,-0.0680081835258356,-0.2920729735854515,0.0144350215385821
1765626008.1620731,537.6300048828125,566.8099975585938,563.3800048828125,460.3699951171875,329.94000244140625,356.3099975585937,558.1099853515625,662.1699829101562,471.4500122070313,300.1499938964844,0,-0.1065477585504268,0.1180279134490639,0.691467784016944,-0.9499459364669552,-0.0697187214442434,-0.3024428937294128,0.0356414604453692
1765626008.2837389,537.6300048828125,566.8099975585938,563.3800048828125,460.0199890136719,330.1199951171875,356.4800109863281,558.1099853515625,662.1699829101562,471.4500122070313,300.1499938964844,0,-0.1071969206948535,0.1222380967600608,0.7013816338742612,-0.9593389082312926,-0.0562226231697141,-0.2765498095432073,0.0052989281108297
1765626008.3207226,537.6300048828125,566.8099975585938,563.3800048828125,460.0199890136719,330.1199951171875,356.4800109863281,558.1099853515625,662.1699829101562,471.4500122070313,300.1499938964844,0,-0.1040397314507925,0.1200431201509093,0.6880629234783073,-0.9496959135150366,-0.0719284632270433,-0.3043313591348113,0.0169231166690613
1765626008.3533492,537.6300048828125,566.8099975585938,563.3800048828125,460.0199890136719,330.1199951171875,356.4800109863281,558.1099853515625,662.1699829101562,471.4500122070313,300.1499938964844,0,-0.1048228547205851,0.1214528527273657,0.7000414022432896,0.9743957058195948,0.0199906310198614,-0.1374359585702926,0.1768183826518793
1765626008.4665003,537.6300048828125,566.8099975585938,563.3800048828125,460.0199890136719,330.1199951171875,356.4800109863281,558.1099853515625,662.1699829101562,471.4500122070313,300.1499938964844,1,-0.1181405466521773,0.1161539781940464,0.6915606605649858,-0.877248800844832,-0.0656077585061332,0.4749002796653492,0.0244926073311553
1765626008.650527,537.6300048828125,566.8099975585938,563.3800048828125,460.0199890136719,330.1199951171875,356.4800109863281,558.1099853515625,662.1699829101562,471.4500122070313,300.1499938964844,0,-0.1037619538616408,0.1183672497449254,0.6805655483342095,-0.9500858439515156,-0.0650328991019466,-0.3046488898802908,0.017223967372215
1765626008.751451,537.6300048828125,566.8099975585938,563.3800048828125,460.0199890136719,330.1199951171875,356.4800109863281,558.1099853515625,662.1699829101562,471.4500122070313,300.1499938964844,0,-0.1054278893053359,0.1204854423973545,0.6963839217185732,0.9574209251024768,0.0581536141148777,0.2824930070972192,0.0126897707806532
1765626008.9680088,537.6300048828125,566.8099975585938,563.3800048828125,460.0199890136719,330.2099914550781,356.4800109863281,558.1099853515625,662.1699829101562,471.4500122070313,300.1499938964844,0,-0.102806729656717,0.1172057925292159,0.6823736931595005,-0.9432422089771414,-0.0662165018267177,-0.3252473991984438,0.0111193257171128
1765626008.9680088,537.6300048828125,566.8099975585938,563.3800048828125,460.0199890136719,330.2099914550781,356.4800109863281,558.1099853515625,662.1699829101562,471.4500122070313,300.1499938964844,1,-0.1151600123498433,0.1122824223868212,0.6656959337473878,0.8686950915894822,0.057469432339166,-0.4919650004406576,0.0060448768704412
1765626009.0531964,537.6300048828125,566.8099975585938,563.3800048828125,460.0199890136719,330.2099914550781,356.4800109863281,558.1099853515625,662.1699829101562,471.4500122070313,300.1499938964844,0,-0.1063418691343124,0.1209567486672312,0.7000857817978048,0.9746448632555724,0.0199706455289475,-0.1366599527934411,0.1760472128412658
1765626009.098521,537.6300048828125,566.8099975585938,563.3800048828125,460.0199890136719,330.2099914550781,356.4800109863281,558.1099853515625,662.1699829101562,471.4500122070313,300.1499938964844,0,-0.1036333300157568,0.1181460180987933,0.6821219654910416,-0.9551143896936136,-0.0600843446394323,-0.289842355071681,0.0117381146675156
1765626009.1386368,537.6300048828125,566.8099975585938,563.3800048828125,460.0199890136719,330.2099914550781,356.4800109863281,558.1099853515625,662.1699829101562,471.4500122070313,300.1499938964844,0,-0.1056181026008145,0.1201112977017626,0.6944568845713516,0.9729771169193016,0.0120534224457258,-0.1603606319674853,0.1656946368285263
1765626009.4835906,537.6300048828125,566.8099975585938,563.3800048828125,470.1300048828125,332.75,358.95001220703125,558.1099853515625,662.1699829101562,471.4500122070313,300.1499938964844,0,-0.0932989915438273,0.137254414871299,0.715870042909341,0.948552993672084,0.0549061758855784,0.311480700374068,0.0145706327875513
1765626009.5367389,537.6300048828125,566.8099975585938,563.3800048828125,470.1300048828125,332.75,358.95001220703125,558.1099853515625,662.1699829101562,471.4500122070313,300.1499938964844,0,-0.0891933323447567,0.136022584121845,0.704799588148729,0.9571787749946664,0.0588916861347732,0.2833472865246944,0.0074079162391317
1765626009.611452,537.6300048828125,566.8099975585938,563.3800048828125,470.1300048828125,332.75,358.95001220703125,558.1099853515625,662.1699829101562,471.4500122070313,300.1499938964844,1,-0.1055229182935385,0.13515417654054,0.7164568314889945,0.7700825800782679,0.1512715392732952,0.5885865964714998,0.1940504051013086
1765626009.6466355,537.6300048828125,566.8099975585938,563.3800048828125,470.1300048828125,332.75,358.95001220703125,558.1099853515625,662.1699829101562,471.4500122070313,300.1499938964844,0,-0.0955933224431234,0.1359449328500154,0.7323968028964383,0.9595202582779824,0.0614779769854747,0.2746831592961505,0.0095128491532708
1765626009.6824636,537.6300048828125,566.8099975585938,563.3800048828125,468.0199890136719,335.2099914550781,361.4100036621094,558.1099853515625,662.1699829101562,471.4500122070313,300.1499938964844,0,-0.09579738794598,0.1284234768921652,0.70208026349344,-0.9501539244121778,-0.0633018934564469,-0.3052773484423436,0.0024760325074628
1765626009.7447977,537.6300048828125,566.8099975585938,563.3800048828125,468.0199890136719,335.2099914550781,361.4100036621094,558.1099853515625,662.1699829101562,471.4500122070313,300.1499938964844,0,-0.0960169831582443,0.1261738718798369,0.691814046221175,-0.9576060404415258,-0.0546109544050386,-0.2827072314715694,0.0092160860756785
1765626009.8177314,537.6300048828125,566.8099975585938,563.3800048828125,468.0199890136719,335.2099914550781,361.4100036621094,558.1099853515625,662.1699829101562,471.4500122070313,300.1499938964844,0,-0.1003504112891044,0.1291673938203812,0.7022567553613192,0.9736351036257488,0.006744912440434,-0.1378611360192875,0.1816135961851972
1765626009.8522055,537.6300048828125,566.8099975585938,563.3800048828125,465.7300109863281,337.5,361.489990234375,558.1099853515625,662.1699829101562,471.4500122070313,300.1499938964844,0,-0.0976215961663907,0.1272868185456068,0.6891116451800201,0.9478205447270468,0.0591257439460812,0.3129190443793087,0.0149007738351866
1765626009.982705,537.6300048828125,566.8099975585938,563.3800048828125,465.7300109863281,337.5,361.489990234375,558.1099853515625,662.1699829101562,471.4500122070313,300.1499938964844,0,-0.0985958146247326,0.1284183609211507,0.7050620544650249,0.9748175468315008,0.017128061220875,-0.1485200193179234,0.1654665639035041
1765626010.250605,537.6300048828125,566.8099975585938,563.3800048828125,465.55999755859375,337.67999267578125,361.489990234375,558.1099853515625,662.1699829101562,471.4500122070313,300.1499938964844,0,-0.0987780224772457,0.126450073561737,0.6919635871067028,-0.9568988321248446,-0.0548827591155905,-0.285050583530206,0.0088697609357678
1765626010.4467366,537.6300048828125,566.8099975585938,563.3800048828125,465.55999755859375,337.67999267578125,361.489990234375,558.1099853515625,662.1699829101562,471.4500122070313,300.1499938964844,0,-0.0993879803033405,0.1271052100162073,0.7060039026049826,0.9591926346966124,0.0527642053202918,0.2774949442345776,0.0127272976290168
1765626010.5341966,537.6300048828125,566.8099975585938,563.3800048828125,465.55999755859375,337.67999267578125,361.489990234375,558.1099853515625,662.1699829101562,471.4500122070313,300.1499938964844,0,-0.0983143292379515,0.1262245234409244,0.6948529611196657,0.9545843455678312,0.0639041765113214,0.2909248853648812,0.0069061202332364
1765626010.7675872,537.6300048828125,566.8099975585938,563.3800048828125,465.55999755859375,337.67999267578125,361.489990234375,558.1099853515625,662.1699829101562,471.4500122070313,300.1499938964844,1,-0.1080544256917405,0.1174554940066546,0.6617897711323146,0.8785248836061292,0.0483589460277537,-0.4738281789838302,0.0366373856161886
1765626010.9146817,537.6300048828125,566.8099975585938,563.3800048828125,468.8999938964844,337.67999267578125,361.489990234375,558.1099853515625,662.1699829101562,471.4500122070313,300.1499938964844,0,-0.0978223002823198,0.1267354142951574,0.6949116323594274,0.9547426288298908,0.0639517532652753,0.2903894384386443,0.0071175833381543
1765626010.98438,537.6300048828125,566.8099975585938,563.3800048828125,468.8999938964844,337.67999267578125,361.489990234375,558.1099853515625,662.1699829101562,471.4500122070313,300.1499938964844,0,-0.1000665418885218,0.1352525660944407,0.7265714136469615,0.9641515655192268,0.0488026444232493,0.2598742901833149,0.022257895359629
1765626011.0196846,537.6300048828125,566.8099975585938,563.3800048828125,468.8999938964844,337.67999267578125,361.489990234375,558.1099853515625,662.1699829101562,471.4500122070313,300.1499938964844,0,-0.0980385286166459,0.14381101897799,0.7479672823225513,0.9697892821595252,0.0442634369602235,0.2377683038502071,0.0318705199389158
1765626011.4869685,537.6300048828125,566.8099975585938,563.3800048828125,484.010009765625,342.95001220703125,366.7699890136719,558.1099853515625,662.1699829101562,471.4500122070313,300.1499938964844,0,-0.0770983458000362,0.143250565722266,0.6919485299181952,0.954181701955484,0.0354701513758304,0.2964806295352526,0.0194521033590608
1765626011.617147,537.6300048828125,566.8099975585938,563.3800048828125,484.010009765625,342.95001220703125,366.7699890136719,558.1099853515625,662.1699829101562,471.4500122070313,300.1499938964844,0,-0.0822979953478707,0.1459771330745544,0.7089980496985815,0.9719391122892712,-0.0095934540234224,-0.1527078758904729,0.1786690579906444
1765626011.923182,537.6300048828125,566.8099975585938,563.3800048828125,479.0,345.2300109863281,371.4299926757813,558.1099853515625,662.1699829101562,471.4500122070313,300.1499938964844,0,-0.0845670078240485,0.1421833353722429,0.7064247125170163,0.958842691812387,0.0466481518034669,0.2799128387183375,0.0096666960197781
1765626012.0815198,537.6300048828125,566.8099975585938,563.3800048828125,478.739990234375,345.1499938964844,371.6000061035156,558.1099853515625,662.1699829101562,471.4500122070313,300.1499938964844,0,-0.0859980803599434,0.1371094694127486,0.6923829095795667,0.9560876841386386,0.0424431581793167,0.2888541407249547,0.0256554857336299
1765626012.301641,537.6300048828125,566.8099975585938,563.3800048828125,478.739990234375,345.2300109863281,371.6000061035156,558.1099853515625,662.1699829101562,471.4500122070313,300.1499938964844,0,-0.0854873905137692,0.1400794062088696,0.703504037492739,-0.965535141859247,-0.0445568697799859,-0.2564294360376332,0.0007207799070712
1765626012.301641,537.6300048828125,566.8099975585938,563.3800048828125,478.739990234375,345.2300109863281,371.6000061035156,558.1099853515625,662.1699829101562,471.4500122070313,300.1499938964844,1,-0.0990824579229941,0.1361801299442788,0.6915101638701047,-0.868804116126344,-0.0333637757858045,0.4938636564970571,0.0128434831176578
1765626012.3815498,537.6300048828125,566.8099975585938,563.3800048828125,478.739990234375,345.2300109863281,371.6000061035156,558.1099853515625,662.1699829101562,471.4500122070313,300.1499938964844,0,-0.0852627234712991,0.1374587116590415,0.6934752585513502,-0.9609209297215766,-0.0430113368028964,-0.273395381181859,0.0059964387660468
1765626012.7709606,537.6300048828125,566.8099975585938,563.3800048828125,478.739990234375,345.2300109863281,371.6000061035156,558.1099853515625,662.1699829101562,471.4500122070313,300.1499938964844,1,-0.0981587463397505,0.1334112117555856,0.679947859896049,0.8609411768979155,0.0229746831269418,-0.5081850917365639,0.0006053045093259
1765626013.179993,537.6300048828125,566.8099975585938,563.3800048828125,494.2099914550781,345.2300109863281,371.6000061035156,558.1099853515625,662.1699829101562,471.4500122070313,300.1499938964844,0,-0.06082223698688,0.1640894929131708,0.7189115251982332,0.947675832638158,0.0287337888670308,0.3112055274953573,0.0650846008457878
1765626013.251077,537.6300048828125,566.8099975585938,563.3800048828125,500.5400085449219,348.04998779296875,374.239990234375,558.1099853515625,662.1699829101562,471.4500122070313,300.1499938964844,0,-0.0562818640302879,0.1646309712944758,0.7089299846083902,0.9660397318592304,0.0223733388162262,0.2569734046954919,0.0152098474274842
1765626013.419656,537.6300048828125,566.8099975585938,563.3800048828125,500.5400085449219,348.04998779296875,374.239990234375,558.1099853515625,662.1699829101562,471.4500122070313,300.1499938964844,0,-0.0600621245617068,0.1578458782139021,0.693706349245481,0.9588972547436944,0.0241324597122318,0.2816821943137276,0.0242656267145033
1765626013.5153337,537.6300048828125,566.8099975585938,563.3800048828125,499.30999755859375,350.7699890136719,376.7900085449219,558.1099853515625,662.1699829101562,471.4500122070313,300.1499938964844,0,-0.061986931636541,0.158677291413449,0.6984869115429266,0.9595771752607648,0.0286831662925107,0.2757991676124098,0.0482051847243591
1765626013.651332,537.6300048828125,566.8099975585938,563.3800048828125,496.0499877929688,353.1400146484375,379.25,558.1099853515625,662.1699829101562,471.4500122070313,300.1499938964844,0,-0.0650868569248698,0.1598636226549139,0.7106106846483304,0.9684922129965484,-0.0229179082095143,-0.1580602589032937,0.19108782641438
1765626013.9852865,537.6300048828125,566.8099975585938,563.3800048828125,493.239990234375,353.0599975585937,381.6199951171875,558.1099853515625,662.1699829101562,471.4500122070313,300.1499938964844,0,-0.0705523833263323,0.1575363573127999,0.7190642928716126,0.9670868465216246,0.0229555925070698,0.2525213838069695,0.0211901575671862
1765626014.0232513,537.6300048828125,566.8099975585938,563.3800048828125,493.239990234375,353.0599975585937,381.6199951171875,558.1099853515625,662.1699829101562,471.4500122070313,300.1499938964844,0,-0.0707383905497426,0.1539706885506575,0.7080158427984763,0.9626187386745776,0.0346413134044223,0.2683245200751378,0.012926534130578
1765626014.1601555,537.6300048828125,566.8099975585938,563.3800048828125,492.9800109863281,353.0599975585937,381.7999877929688,558.1099853515625,662.1699829101562,471.4500122070313,300.1499938964844,1,-0.0865969573769722,0.1511437258312485,0.70029717750889,-0.8618449321788741,-0.0289973023771885,0.506024364483446,0.0179391159637965
1765626014.2945936,537.6300048828125,566.8099975585938,563.3800048828125,492.9800109863281,353.0599975585937,381.7999877929688,558.1099853515625,662.1699829101562,471.4500122070313,300.1499938964844,0,-0.068295353914642,0.1518558898313149,0.6948647647198366,0.961108786341388,0.0309744534364594,0.2726410206835502,0.0312627236869891
1765626014.4557922,537.6300048828125,566.8099975585938,563.3800048828125,492.9800109863281,353.0599975585937,381.7999877929688,558.1099853515625,662.1699829101562,471.4500122070313,300.1499938964844,0,-0.0714249842246283,0.152886231384989,0.7049535735117283,0.9718638523208998,-0.0195601802606097,-0.1639927423911287,0.1679417528287401
1765626014.499293,537.6300048828125,566.8099975585938,563.3800048828125,492.9800109863281,353.0599975585937,381.7999877929688,558.1099853515625,662.1699829101562,471.4500122070313,300.1499938964844,0,-0.0700003790040477,0.1512564504696328,0.6944083398742431,0.9606495156674908,0.0310948814170061,0.2743526164169978,0.0302697582188105
1765626014.499293,537.6300048828125,566.8099975585938,563.3800048828125,492.9800109863281,353.0599975585937,381.7999877929688,558.1099853515625,662.1699829101562,471.4500122070313,300.1499938964844,1,-0.0842047821168581,0.1485078680214773,0.6869451891547513,-0.860246299921728,-0.0105602392420386,0.50962691219401,0.0120496964993313
1765626014.5353365,537.6300048828125,566.8099975585938,563.3800048828125,492.9800109863281,353.0599975585937,381.7999877929688,558.1099853515625,662.1699829101562,471.4500122070313,300.1499938964844,0,-0.0720536740804652,0.1563378725049927,0.7159296722898519,0.9737801931834724,0.0206723947446232,0.22633800600427,0.0097925735684249
1765626014.5834036,537.6300048828125,566.8099975585938,563.3800048828125,492.9800109863281,353.0599975585937,381.7999877929688,558.1099853515625,662.1699829101562,471.4500122070313,300.1499938964844,0,-0.0700148588399786,0.1530048973342506,0.6995275083733926,0.9631255460074104,0.0280835925484206,0.2671599180604414,0.0150357121361196
1765626014.9036565,537.6300048828125,566.8099975585938,563.3800048828125,492.9800109863281,353.0599975585937,381.7999877929688,558.1099853515625,662.1699829101562,471.4500122070313,300.1499938964844,0,-0.0713451698486195,0.1549589658202464,0.7102171029038413,0.9672059740223372,0.0291798777141126,0.2513594476519937,0.0218990097533204
1765626015.0608068,537.6300048828125,566.8099975585938,563.3800048828125,494.1199951171875,353.0599975585937,381.7999877929688,558.1099853515625,662.1699829101562,471.4500122070313,300.1499938964844,0,-0.0699936088742516,0.1519519305995898,0.6993161221248968,0.9630481064752024,0.0279648768721986,0.2674886990319931,0.0143563980935953
1765626015.0608068,537.6300048828125,566.8099975585938,563.3800048828125,494.1199951171875,353.0599975585937,381.7999877929688,558.1099853515625,662.1699829101562,471.4500122070313,300.1499938964844,1,-0.0811621853330482,0.1441991756615206,0.6709554694863599,0.8670834060226968,0.0140985772696226,-0.4968206216367912,0.0337174589120221
1765626015.4191566,537.6300048828125,566.8099975585938,563.3800048828125,501.5899963378906,353.1400146484375,381.7999877929688,558.1099853515625,662.1699829101562,471.4500122070313,300.1499938964844,0,-0.0531695736282408,0.1712449426577935,0.7186172244372124,0.943752039525368,0.0020589015633779,0.2943943568376783,0.1505317623566206
1765626015.4527133,537.6300048828125,566.8099975585938,563.3800048828125,508.2699890136719,355.7799987792969,384.3500061035156,558.1099853515625,662.1699829101562,471.4500122070313,300.1499938964844,0,-0.0508817160859559,0.1795230856562982,0.7436835992368526,0.9682232454275156,0.0210769472532409,0.2458217854402193,0.0408798130044166
1765626015.5198512,537.6300048828125,566.8099975585938,563.3800048828125,508.2699890136719,355.7799987792969,384.3500061035156,558.1099853515625,662.1699829101562,471.4500122070313,300.1499938964844,0,-0.0448169133535365,0.1741694977327004,0.7157833087712049,0.9655843329979148,-0.0398489872261254,-0.1751605974961706,0.1880896572669759
1765626015.5911114,537.6300048828125,566.8099975585938,563.3800048828125,508.2699890136719,355.7799987792969,384.3500061035156,558.1099853515625,662.1699829101562,471.4500122070313,300.1499938964844,0,-0.0472730085223289,0.1772669392210422,0.7339301921980043,0.9650693107465074,-0.0405704212630831,-0.178229550700352,0.1876952147257564
1765626015.6835885,537.6300048828125,566.8099975585938,563.3800048828125,507.2999877929688,358.3299865722656,386.9800109863281,558.1099853515625,662.1699829101562,471.4500122070313,300.1499938964844,0,-0.0523627672215664,0.1670459766867386,0.7079680341825263,0.9640612575230632,-0.0358475193013359,-0.1974464820428284,0.1741141402411109
1765626015.7591765,537.6300048828125,566.8099975585938,563.3800048828125,507.2999877929688,358.3299865722656,386.9800109863281,558.1099853515625,662.1699829101562,471.4500122070313,300.1499938964844,1,-0.069133373049169,0.1643339261331279,0.6958495702358685,-0.8517656326220594,-0.0063509117302619,0.5235241751215459,0.0194270704801923
1765626015.8575847,537.6300048828125,566.8099975585938,563.3800048828125,503.8800048828125,360.7000122070313,389.3599853515625,558.1099853515625,662.1699829101562,471.4500122070313,300.1499938964844,0,-0.0561856618205686,0.1655092258176553,0.7045464113327151,0.9637841433060204,0.0130259812007249,0.2641111605214994,0.0345795288230683
1765626017.1311212,537.6300048828125,566.8099975585938,563.3800048828125,506.6000061035156,361.0499877929688,389.6199951171875,558.1099853515625,662.1699829101562,471.4500122070313,300.1499938964844,0,-0.056466579872007,0.1685258934683036,0.7180558145361104,0.9691271249137892,-0.0436705852076653,-0.1800774265198416,0.1626579730660134
1765626017.2577534,537.6300048828125,566.8099975585938,563.3800048828125,510.9100036621094,361.0499877929688,391.989990234375,558.1099853515625,662.1699829101562,471.4500122070313,300.1499938964844,0,-0.0502713345290375,0.176522891044069,0.7291123467441005,0.9576998298145094,0.0209592489006618,0.2795131446045649,0.0651471246644658
1765626017.3534667,537.6300048828125,566.8099975585938,563.3800048828125,510.9100036621094,361.0499877929688,391.989990234375,558.1099853515625,662.1699829101562,471.4500122070313,300.1499938964844,0,-0.0436855868812885,0.1754883568915513,0.7157694340798033,0.9704289945644716,0.0143532028494432,0.2372357586171257,0.0421988970224175
1765626017.5985873,537.6300048828125,566.8099975585938,563.3800048828125,509.5899963378906,363.4299926757813,394.2799987792969,558.1099853515625,662.1699829101562,471.4500122070313,300.1499938964844,0,-0.0521558190755698,0.1686442860165971,0.704930312253951,0.9647743198263652,0.0132365612359426,0.2603656817747319,0.0352847984860382
1765626017.7986314,537.6300048828125,566.8099975585938,563.3800048828125,507.2999877929688,363.7799987792969,394.3699951171875,558.1099853515625,662.1699829101562,471.4500122070313,300.1499938964844,0,-0.0509585259751046,0.1668740092057181,0.7006734574194511,0.967600648952828,0.0160696764140239,0.2513502359736765,0.0177146414581858
1765626017.9294226,537.6300048828125,566.8099975585938,563.3800048828125,507.2999877929688,363.7799987792969,394.3699951171875,558.1099853515625,662.1699829101562,471.4500122070313,300.1499938964844,0,-0.0518933287287776,0.1702102223527789,0.7152438317266898,0.9686613153043304,0.0140947116975509,0.2444333858989834,0.0418200333931703
1765626018.0506165,537.6300048828125,566.8099975585938,563.3800048828125,507.2999877929688,363.7799987792969,394.3699951171875,558.1099853515625,662.1699829101562,471.4500122070313,300.1499938964844,0,-0.0526577097207656,0.1681187663622662,0.7048545997266015,0.9646440132449988,0.013195967355332,0.2608727910401306,0.03511667767702
1765626018.1949558,537.6300048828125,566.8099975585938,563.3800048828125,507.2999877929688,363.7799987792969,394.3699951171875,558.1099853515625,662.1699829101562,471.4500122070313,300.1499938964844,0,-0.052419551846781,0.1707613215328137,0.7153959773038221,0.9685966644454788,0.0141614899127145,0.2445981767182444,0.0423283093762919
1765626018.2284691,537.6300048828125,566.8099975585938,563.3800048828125,507.2999877929688,363.7799987792969,394.3699951171875,558.1099853515625,662.1699829101562,471.4500122070313,300.1499938964844,0,-0.0512041892234257,0.167104623409399,0.700583332440453,0.9675440409490236,0.0161624838595015,0.2515375213247883,0.0180604071191004
1765626018.9824216,537.6300048828125,566.8099975585938,563.3800048828125,507.2999877929688,364.0400085449219,394.3699951171875,558.1099853515625,662.1699829101562,471.4500122070313,300.1499938964844,0,-0.0526113031090349,0.1699504457688952,0.7132243125194463,0.969977533578312,-0.0366660442062912,-0.1420911086086029,0.1939311795714524
1765626019.1020017,537.6300048828125,566.8099975585938,563.3800048828125,504.3200073242188,371.25,394.3699951171875,558.1099853515625,662.1699829101562,471.4500122070313,300.1499938964844,0,-0.0539745091207293,0.1646999881239461,0.698935413834354,0.9625930015776498,0.021352248033066,0.2698934630283325,0.0107848705249101
1765626019.202054,537.6300048828125,566.8099975585938,563.3800048828125,504.3200073242188,371.25,394.3699951171875,558.1099853515625,662.1699829101562,471.4500122070313,300.1499938964844,0,-0.0554918724279564,0.1686457589604816,0.7151608318841377,0.9679015195494064,0.014046157293499,0.2473873280068679,0.0420578632464689
1765626019.4196067,537.6300048828125,566.8099975585938,563.3800048828125,504.3200073242188,382.6799926757813,394.3699951171875,558.1099853515625,662.1699829101562,471.4500122070313,300.1499938964844,0,-0.0450182606137967,0.1756868125273225,0.7144756836679007,0.9662032489086898,0.0199779809294343,0.2546315892924736,0.0348556424508958
1765626019.4607809,537.6300048828125,566.8099975585938,563.3800048828125,504.3200073242188,394.6300048828125,394.3699951171875,558.1099853515625,662.1699829101562,471.4500122070313,300.1499938964844,0,-0.0427228230901176,0.1723988091950993,0.700099895830949,0.9641866145847064,0.017106422458778,0.2596663774993131,0.0512339239442874
1765626019.6201224,537.6300048828125,566.8099975585938,563.3800048828125,504.3200073242188,394.6300048828125,394.3699951171875,558.1099853515625,662.1699829101562,471.4500122070313,300.1499938964844,0,-0.0407641739259313,0.1788304582994997,0.7142468852567532,0.9670769890227632,0.0103443157567723,0.2374632267915304,0.0909192408456228
1765626020.0700126,537.6300048828125,566.8099975585938,563.3800048828125,504.3999938964844,431.8900146484375,394.3699951171875,558.1099853515625,662.1699829101562,471.4500122070313,300.1499938964844,0,-0.0171746303348584,0.2011128973728235,0.733619163294243,0.9682028791094304,0.0042104340981786,0.2367907311299423,0.0805953272830515
1765626020.2331333,537.6300048828125,566.8099975585938,563.3800048828125,504.3999938964844,431.8900146484375,394.3699951171875,558.1099853515625,662.1699829101562,471.4500122070313,300.1499938964844,0,-0.0087623646422526,0.2051696913230899,0.7260146788920141,0.970517431399266,0.0112525958794845,0.2269468763298629,0.0804015532204591
1765626020.292589,537.6300048828125,566.8099975585938,563.3800048828125,504.3999938964844,443.05999755859375,394.3699951171875,558.1099853515625,662.1699829101562,471.4500122070313,300.1499938964844,0,-0.0031543629538461,0.2098736535560435,0.7278347798532838,0.974488364681254,0.0057544382600227,0.2049167017163622,0.0913699014930759
1765626020.3871102,537.6300048828125,566.8099975585938,563.3800048828125,504.3999938964844,443.05999755859375,394.3699951171875,558.1099853515625,662.1699829101562,471.4500122070313,300.1499938964844,0,-0.0009042365021169,0.2077250283759293,0.7124025411791239,0.9710339759324274,0.0043363539660156,0.211774830168919,0.1105695931351346
1765626020.5603633,537.6300048828125,566.8099975585938,563.3800048828125,503.0899963378906,443.9400024414063,396.6499938964844,558.1099853515625,662.1699829101562,471.4500122070313,300.1499938964844,0,-0.0042837452176667,0.2076237313232546,0.7195858328391795,0.974729522809596,0.0121831464783027,0.2025959609898117,0.0933209777910647
1765626020.619695,537.6300048828125,566.8099975585938,563.3800048828125,503.0899963378906,443.9400024414063,396.6499938964844,558.1099853515625,662.1699829101562,471.4500122070313,300.1499938964844,0,-0.0062571171000648,0.2036487567592222,0.7088996371314311,0.9718703531718096,0.0114767183065503,0.220465487489401,0.0820443196612369
1765626020.661079,537.6300048828125,566.8099975585938,563.3800048828125,503.0,441.9100036621094,396.8299865722656,558.1099853515625,662.1699829101562,471.4500122070313,300.1499938964844,0,-0.0064609409240521,0.2057524282203929,0.7166586179407087,0.9783993881250724,0.0139306104447881,0.1923596659961421,0.0744199859377335
1765626020.9313056,537.6300048828125,566.8099975585938,563.3800048828125,503.0,441.9100036621094,396.8299865722656,558.1099853515625,662.1699829101562,471.4500122070313,300.1499938964844,0,-0.0055495173959761,0.2105558725761231,0.7315403715906075,0.9844643779942756,-0.0033433476972004,0.1639367521942678,0.0627969088929938
1765626020.968533,537.6300048828125,566.8099975585938,563.3800048828125,503.0,441.9100036621094,396.8299865722656,558.1099853515625,662.1699829101562,471.4500122070313,300.1499938964844,0,-0.005746404809179,0.2036398754320938,0.7088685106961257,0.9719573103683437,0.0114668494289316,0.2201573957478766,0.0818426495369153
1765626021.1896462,537.6300048828125,566.8099975585938,563.3800048828125,503.0,441.9100036621094,396.8299865722656,558.1099853515625,662.1699829101562,471.4500122070313,300.1499938964844,0,-0.0058377419383962,0.2070913277700081,0.7195363949326165,0.9744547038313756,0.0121661789422322,0.2037397336498347,0.0937023756536938
1765626021.2865047,537.6300048828125,566.8099975585938,563.3800048828125,502.4700012207031,441.9100036621094,396.8299865722656,558.1099853515625,662.1699829101562,471.4500122070313,300.1499938964844,0,-0.0061058645687928,0.2039048054447844,0.7089887845602382,0.958517718329655,-0.04919526770481,-0.2069057033361791,0.1897725986820157
1765626021.5911655,537.6300048828125,566.8099975585938,563.3800048828125,501.7699890136719,446.8399963378906,396.8299865722656,558.1099853515625,662.1699829101562,471.4500122070313,300.1499938964844,0,-0.0031190626030783,0.2109925010210326,0.7272534037093185,0.9570910558678845,-0.0502273245205497,-0.2116723682815357,0.1914385936933601
1765626021.6211464,537.6300048828125,566.8099975585938,563.3800048828125,501.7699890136719,446.8399963378906,396.8299865722656,558.1099853515625,662.1699829101562,471.4500122070313,300.1499938964844,0,-0.0010537359462063,0.2193698810661098,0.7495860981885843,0.9619248156397362,-0.0575262225981059,-0.2102338010060563,0.164903401070441
1765626021.8542964,537.6300048828125,566.8099975585938,563.3800048828125,501.7699890136719,471.2699890136719,396.8299865722656,558.1099853515625,662.1699829101562,471.4500122070313,300.1499938964844,0,0.0177259945409788,0.2264822883408784,0.7244140653682135,0.973913918200368,-0.0012738606877849,0.1970373121086702,0.1125449014906741
1765626022.0224545,537.6300048828125,566.8099975585938,563.3800048828125,501.7699890136719,471.2699890136719,396.8299865722656,558.1099853515625,662.1699829101562,471.4500122070313,300.1499938964844,0,0.0277127245931891,0.2360020165466106,0.7264258952100904,0.9757260276076613,-0.0008373446459475,0.1877803677686367,0.1126789748959099
1765626022.1225662,537.6300048828125,566.8099975585938,563.3800048828125,501.7699890136719,483.75,396.8299865722656,558.1099853515625,662.1699829101562,471.4500122070313,300.1499938964844,0,0.0338497645692428,0.2465658537431986,0.7397149762361851,0.9598435725228036,-0.0640101814721266,-0.2127874986507227,0.1712439586453656
1765626022.424703,537.6300048828125,566.8099975585938,563.3800048828125,501.7699890136719,496.489990234375,396.8299865722656,558.1099853515625,662.1699829101562,471.4500122070313,300.1499938964844,0,0.0481573739718386,0.2573101892001172,0.7187910683291812,0.9565789797168078,-0.0621998039903207,-0.2244898683167741,0.1751917206109753
1765626022.4585657,537.6300048828125,566.8099975585938,563.3800048828125,501.1499938964844,503.6099853515625,399.2000122070313,558.1099853515625,662.1699829101562,471.4500122070313,300.1499938964844,0,0.0498244752901352,0.2590052878597355,0.7191799709189307,0.9778652027476256,4.278034672972053e-05,0.134833106245402,0.1599989902636999
1765626022.555654,537.6300048828125,566.8099975585938,563.3800048828125,501.1499938964844,503.6099853515625,399.2000122070313,558.1099853515625,662.1699829101562,471.4500122070313,300.1499938964844,0,0.0491848559291088,0.2542706638749393,0.702530628251091,0.9731420255908166,0.0060403064794756,0.1645595861323961,0.1608671978327807
1765626022.590002,537.6300048828125,566.8099975585938,563.3800048828125,501.1499938964844,503.6099853515625,399.2000122070313,558.1099853515625,662.1699829101562,471.4500122070313,300.1499938964844,0,0.0480418392546305,0.2574576832824228,0.7177350466773964,0.983276140247592,-0.0003715136271788,0.1186187617796347,0.1381936443954231
1765626022.7226474,537.6300048828125,566.8099975585938,563.3800048828125,501.05999755859375,498.3399963378906,399.5499877929688,558.1099853515625,662.1699829101562,471.4500122070313,300.1499938964844,0,0.0436528066877472,0.2548458429816211,0.7176628153107395,0.9764581856527912,0.0061248000188926,0.159384960010255,0.1452182255053312
1765626022.841652,537.6300048828125,566.8099975585938,563.3800048828125,501.05999755859375,498.3399963378906,399.5499877929688,558.1099853515625,662.1699829101562,471.4500122070313,300.1499938964844,0,0.0397086855847703,0.2510886087049777,0.7088936789058867,0.9592032934391788,-0.0677131395411986,-0.2166472136975921,0.1685466030093058
1765626022.8858352,537.6300048828125,566.8099975585938,563.3800048828125,500.2699890136719,495.260009765625,399.5499877929688,558.1099853515625,662.1699829101562,471.4500122070313,300.1499938964844,0,0.038874504736398,0.2538503021302466,0.7177841616236714,0.9758048237747776,8.294233007880014e-05,0.1436632863670443,0.1648205059107211
1765626022.966997,537.6300048828125,566.8099975585938,563.3800048828125,500.2699890136719,495.260009765625,399.5499877929688,558.1099853515625,662.1699829101562,471.4500122070313,300.1499938964844,0,0.0368345737083254,0.2501066870255904,0.7082721538929352,0.975596008954304,-0.0001912962313755,0.1620370010559452,0.1481769246778367
1765626023.1565588,537.6300048828125,566.8099975585938,563.3800048828125,500.2699890136719,495.260009765625,399.5499877929688,558.1099853515625,662.1699829101562,471.4500122070313,300.1499938964844,0,0.0392323592696383,0.2542018673934901,0.7173005087581298,0.981834284789336,-0.0003272134744862,0.1244415657278906,0.143232771608828
1765626023.763391,537.6300048828125,566.8099975585938,563.3800048828125,500.2699890136719,495.260009765625,399.5499877929688,558.1099853515625,662.1699829101562,471.4500122070313,300.1499938964844,0,0.0378362187428048,0.2509738420169373,0.7071599281368194,0.9593750996407506,-0.0550254509558932,-0.1858438278615279,0.2050211930073944
1765626024.3715394,537.6300048828125,566.8099975585938,563.3800048828125,500.2699890136719,495.260009765625,399.5499877929688,558.1099853515625,662.1699829101562,471.4500122070313,300.1499938964844,0,0.0379379548423076,0.254698039534467,0.7172443622474733,0.9816690707431168,-0.0003553040314905,0.1245372930958492,0.144278106217642
1765626025.0746098,537.6300048828125,566.8099975585938,563.3800048828125,498.9599914550781,494.739990234375,399.5499877929688,558.1099853515625,662.1699829101562,474.6099853515625,300.1499938964844,0,0.0369316382118441,0.2511969952873202,0.7077338721384802,0.9811173043117368,0.0125928365692081,0.1449942893288343,0.1273848959227039
1765626025.0746098,537.6300048828125,566.8099975585938,563.3800048828125,498.9599914550781,494.739990234375,399.5499877929688,558.1099853515625,662.1699829101562,474.6099853515625,300.1499938964844,1,0.0242017120433723,0.2645983674051299,0.7436410573441499,0.772484989884295,0.1709679157686105,0.55237841586614,0.2625166620738795
1765626025.286065,537.6300048828125,566.8099975585938,563.3800048828125,498.8699951171875,494.55999755859375,399.5499877929688,558.1099853515625,662.1699829101562,487.5299987792969,300.1499938964844,0,0.0355872207875538,0.2575444933229701,0.7467594875759807,0.9950816641411157,-0.0125915025803528,0.0740501455765861,0.0645794990148064
1765626025.4628396,537.6300048828125,566.8099975585938,563.3800048828125,498.7799987792969,494.6499938964844,399.4599914550781,558.1099853515625,662.1699829101562,500.4500122070313,300.1499938964844,0,0.0340469690959902,0.2363687480498436,0.7130316417924576,0.9551057119839051,-0.0448123401702585,-0.1744535315718674,0.2352252078887085
1765626025.4957526,537.6300048828125,566.8099975585938,563.3800048828125,498.7799987792969,494.6499938964844,399.4599914550781,558.1099853515625,662.1699829101562,500.4500122070313,300.1499938964844,0,0.0346186025029797,0.2384376266383849,0.7234743169271793,0.9898019576507928,0.0009205557933542,0.1127786684031892,0.0870184414988747
1765626025.6620111,537.6300048828125,566.8099975585938,563.3800048828125,498.7799987792969,494.6499938964844,399.4599914550781,558.1099853515625,662.1699829101562,513.4600219726562,300.1499938964844,0,0.03304487169008,0.2306465653055734,0.7260212914776497,0.985267643051794,0.0130292515507942,0.129979681718394,0.1103774999697591
1765626025.896116,537.6300048828125,566.8099975585938,563.3800048828125,498.8699951171875,494.55999755859375,399.5499877929688,558.1099853515625,662.1699829101562,526.4600219726562,300.1499938964844,0,0.0339075328167977,0.2275143509812322,0.7509970859781854,0.9911393463796204,0.0024724590783435,0.1206160568991143,0.0555738231759761
1765626025.9284945,537.6300048828125,566.8099975585938,563.3800048828125,498.8699951171875,494.55999755859375,399.5499877929688,558.1099853515625,662.1699829101562,526.4600219726562,300.1499938964844,0,0.0327610982603157,0.2197380755910294,0.731414217868139,0.9914261633731084,0.00242650978375,0.1184700210282399,0.0550738481233746
1765626025.9700105,537.6300048828125,566.8099975585938,563.3800048828125,498.8699951171875,494.55999755859375,399.5499877929688,558.1099853515625,662.1699829101562,526.4600219726562,300.1499938964844,0,0.0329910147505862,0.2218181101938081,0.7501617946483329,0.9595993569263642,-0.0349228611745875,-0.1604943418690422,0.2284535711734703
1765626026.0916777,537.6300048828125,566.8099975585938,563.3800048828125,498.8699951171875,494.55999755859375,399.4599914550781,558.1099853515625,662.1699829101562,539.6500244140625,300.1499938964844,0,0.0319833870095604,0.2102174155380976,0.7316962612703285,0.992635350748241,0.010851759224,0.1176691615360893,0.0266696117342297
1765626026.2630432,537.6300048828125,566.8099975585938,563.3800048828125,498.8699951171875,494.55999755859375,399.4599914550781,558.1099853515625,662.1699829101562,553.0999755859375,300.1499938964844,0,0.0307723685771174,0.1990478145749422,0.7216946203758208,-0.9892154466154934,-0.0119677523149801,-0.1399150737692479,0.0416334626710703
1765626026.3316538,537.6300048828125,566.8099975585938,563.3800048828125,498.8699951171875,494.55999755859375,399.4599914550781,558.1099853515625,662.1699829101562,553.0999755859375,300.1499938964844,0,0.031300962019663,0.1996125395178273,0.737300369505628,0.9904482124238752,0.0083536622552455,0.1281212733846528,0.0502741895963574
1765626026.49293,537.6300048828125,566.8099975585938,563.3800048828125,498.7799987792969,494.55999755859375,399.4599914550781,558.1099853515625,662.1699829101562,557.4000244140625,300.1499938964844,0,0.0298182320936959,0.1911213156219747,0.720716369479098,-0.9922779781170123,-0.009062727582842,-0.1211666125320443,0.0249185296573196
1765626026.8030052,537.6300048828125,566.8099975585938,563.3800048828125,498.7799987792969,494.55999755859375,399.5499877929688,558.1099853515625,662.1699829101562,557.4000244140625,300.1499938964844,0,0.0296421781956476,0.1970696068133912,0.7391313328660156,-0.9945216504566609,-0.002921848774141,-0.1010038862638861,0.0267649870594487
1765626026.8590004,537.6300048828125,566.8099975585938,563.3800048828125,498.8699951171875,494.55999755859375,399.4599914550781,558.1099853515625,662.1699829101562,557.3099975585938,300.1499938964844,0,0.0284911377889666,0.1917563470842205,0.719716175123148,-0.986345222044622,-0.0119448179218169,-0.1641405063501396,0.00619018979354
1765626026.9298716,537.6300048828125,566.8099975585938,563.3800048828125,498.8699951171875,494.55999755859375,399.4599914550781,558.1099853515625,662.1699829101562,557.3099975585938,300.1499938964844,0,0.0287807118541104,0.1950570610626755,0.7306230380946942,-0.9924496888558442,-0.0064083879165624,-0.1224744635570423,0.0015979457636934
1765626027.0276785,537.6300048828125,566.8099975585938,563.3800048828125,498.8699951171875,494.55999755859375,399.4599914550781,558.1099853515625,662.1699829101562,557.3099975585938,300.0599975585937,0,0.0277836581508608,0.1900980234325747,0.7115499566036343,-0.9865172388234152,-0.0146311131446136,-0.1610187507103651,0.0253501469827591
1765626027.8674717,537.6300048828125,566.8099975585938,563.3800048828125,497.989990234375,494.0299987792969,399.4599914550781,558.1099853515625,663.219970703125,557.22998046875,300.1499938964844,0,0.0271089892453279,0.1918491891199788,0.7209989807004645,-0.9885559110371162,-0.0118318715189859,-0.1436906547400507,0.0443870849494673
1765626028.0648437,537.6300048828125,566.8099975585938,563.3800048828125,497.989990234375,494.0299987792969,399.4599914550781,558.1099853515625,673.3300170898438,557.3099975585938,300.1499938964844,0,0.0265469081265281,0.1926226270980949,0.7492621488585186,-0.9913132636326244,-0.0024535026982059,-0.1285649535839936,0.0276232941643548
1765626028.0999134,537.6300048828125,566.8099975585938,563.3800048828125,497.989990234375,494.0299987792969,399.4599914550781,558.1099853515625,673.3300170898438,557.3099975585938,300.1499938964844,0,0.0259684567964843,0.1867383572845053,0.7366337405968221,-0.9872112383963192,0.0014004531926961,-0.1336750806354059,0.0868503444551534
1765626028.3037364,537.6300048828125,566.8099975585938,563.3800048828125,497.989990234375,494.0299987792969,399.4599914550781,558.1099853515625,686.1599731445312,557.3099975585938,300.1499938964844,0,0.02682843119368,0.1731797557190913,0.7275829755398925,-0.9888503780223435,-0.0076534330685072,-0.1301984784489971,0.071865924170639
1765626028.330222,537.6300048828125,566.8099975585938,563.3800048828125,497.989990234375,494.0299987792969,399.4599914550781,558.1099853515625,686.1599731445312,557.3099975585938,300.1499938964844,0,0.0272049680901813,0.1741100987209027,0.7376733490106954,-0.9879057461888556,-0.0004963515074837,-0.1515407424239229,0.0328236754161941
1765626028.6306777,537.6300048828125,566.8099975585938,563.3800048828125,497.8999938964844,494.0299987792969,399.4599914550781,558.1099853515625,699.260009765625,557.3099975585938,300.1499938964844,0,0.0266794647572115,0.1562269783022032,0.7454064090216447,-0.9872063597254944,-0.0196859716924806,-0.1350962357465905,0.0823715540897602
1765626028.6760209,537.6300048828125,566.8099975585938,563.3800048828125,497.989990234375,494.0299987792969,399.4599914550781,558.1099853515625,712.27001953125,557.3099975585938,300.1499938964844,0,0.026788929525056,0.1537570790230711,0.7412464789164134,-0.991272983770832,-0.0084756696016122,-0.0963539529054228,0.0895653416806728
1765626028.8771243,537.6300048828125,566.8099975585938,563.3800048828125,497.8999938964844,494.0299987792969,399.4599914550781,558.1099853515625,725.5399780273438,557.3099975585938,300.1499938964844,0,0.0272229422268169,0.1395681829209972,0.734683334318707,-0.9866686071431432,-0.0114795765644364,-0.1365903718778304,0.0877288396730928
1765626028.9639242,537.6300048828125,566.8099975585938,563.3800048828125,497.8999938964844,494.0299987792969,399.4599914550781,558.1099853515625,725.5399780273438,557.3099975585938,300.1499938964844,0,0.0275310083032905,0.1366116840999082,0.7541513952365094,-0.9905292381544768,-0.0093370987254312,-0.1164894173956192,0.0720753951312954
1765626029.0748577,537.6300048828125,566.8099975585938,563.3800048828125,497.8999938964844,494.0299987792969,399.4599914550781,558.1099853515625,738.4600219726562,557.3099975585938,300.1499938964844,0,0.0296041151930459,0.1285682739015564,0.7586812894086743,-0.986843362881287,-0.0169793090991977,-0.1035258441515848,0.1230214606984011
1765626029.2188222,537.6300048828125,566.8099975585938,563.3800048828125,497.8999938964844,494.0299987792969,399.4599914550781,558.1099853515625,738.4600219726562,557.3099975585938,300.1499938964844,0,0.0311345209950538,0.1141024563185868,0.7333459958255472,-0.9875181634101652,-0.0124383226115858,-0.1362541960015326,0.0780253749596932
1765626029.2513015,537.6300048828125,566.8099975585938,563.3800048828125,497.989990234375,494.0299987792969,399.4599914550781,558.1099853515625,743.469970703125,557.3099975585938,300.1499938964844,0,0.0315991746170888,0.1138897999738269,0.741400293444756,-0.9921068537179748,-0.0088417940314553,-0.0933186973295922,0.0832912613233462
1765626029.4513984,537.6300048828125,566.8099975585938,563.3800048828125,497.3699951171875,493.510009765625,399.4599914550781,558.1099853515625,743.2899780273438,559.4199829101562,300.1499938964844,0,0.0299271927386898,0.115592087063177,0.7327533261720662,-0.9840943433914252,-0.0042469576383534,-0.1587774145578446,0.0795614183014853
1765626029.486514,537.6300048828125,566.8099975585938,563.3800048828125,497.3699951171875,493.510009765625,399.4599914550781,558.1099853515625,743.2899780273438,559.4199829101562,300.1499938964844,0,0.029326741454193,0.1147273087184397,0.7214402098325841,-0.9856897567919672,-0.0072526837154721,-0.1199962454379105,0.1181693827314029
1765626029.638323,537.6300048828125,566.8099975585938,563.3800048828125,497.3699951171875,493.510009765625,399.4599914550781,558.1099853515625,743.2899780273438,559.4199829101562,300.0599975585937,0,0.0296315032173654,0.11379771736586,0.7321979987376652,-0.9878225811874544,-0.003891599827796,-0.1185267745291215,0.1007115051355026
1765626029.6704938,537.6300048828125,566.8099975585938,563.3800048828125,497.0199890136719,493.4200134277344,399.4599914550781,558.1099853515625,742.9400024414062,559.8599853515625,300.1499938964844,0,0.0296553547602132,0.1151614938372726,0.7427249613440701,-0.9897463292433522,-0.0143581030620834,-0.1171497356858205,0.0804486672015832
1765626029.699132,537.6300048828125,566.8099975585938,563.3800048828125,497.0199890136719,493.4200134277344,399.4599914550781,558.1099853515625,742.9400024414062,559.8599853515625,300.1499938964844,0,0.0291260948676313,0.1137468747696944,0.7327496443774436,-0.989861183923418,-0.0075787053025267,-0.1171772378687823,0.0799180499831542
1765626030.7357123,537.6300048828125,566.8099975585938,563.3800048828125,496.1400146484375,492.8900146484375,399.4599914550781,558.1099853515625,742.9400024414062,589.219970703125,300.1499938964844,0,0.0289248616103264,0.1002226666739429,0.7244601142458169,-0.979595581454991,-0.0012383205157572,-0.1133421843183211,0.1659653958212679
1765626030.9061615,537.6300048828125,566.8099975585938,563.3800048828125,496.2300109863281,492.8900146484375,399.4599914550781,558.1099853515625,742.9400024414062,602.4000244140625,300.1499938964844,0,0.0281206516574509,0.0922454785254177,0.7305094626478849,-0.9785205642831958,-0.013180688684957,-0.1440136105994989,0.146914446814404
1765626031.1126242,537.6300048828125,566.8099975585938,563.3800048828125,496.2300109863281,492.8900146484375,399.4599914550781,558.1099853515625,742.9400024414062,615.760009765625,300.1499938964844,0,0.0288506098280529,0.0825159576580805,0.7258048133898786,-0.9731830751539268,-0.0140977993692789,-0.1326785023197139,0.1873829482879585
1765626031.172407,537.6300048828125,566.8099975585938,563.3800048828125,496.2300109863281,492.8900146484375,399.4599914550781,558.1099853515625,742.9400024414062,615.760009765625,300.1499938964844,0,0.0293993731987404,0.0817647018247909,0.7464101626452743,-0.9753129685403696,-0.0177618640175138,-0.1318963571186751,0.1762171403763504
1765626031.2950797,537.6300048828125,566.8099975585938,563.3800048828125,496.2300109863281,492.8900146484375,399.4599914550781,558.1099853515625,742.9400024414062,629.1199951171875,300.1499938964844,0,0.0281475891902208,0.0719150349742757,0.7113092320799447,-0.9616592020052313,-0.0093566411341066,-0.1427782718873779,0.2339623848874078
1765626031.5634892,537.6300048828125,566.8099975585938,563.3800048828125,496.2300109863281,492.8900146484375,399.4599914550781,558.1099853515625,742.9400024414062,642.47998046875,300.0599975585937,0,0.0285534471167585,0.0607118289392786,0.7119877414861465,-0.9574884154414872,-0.0033169384738511,-0.1209516903242564,0.2618694728719172
1765626031.7257946,537.6300048828125,566.8099975585938,563.3800048828125,496.1400146484375,492.8900146484375,399.4599914550781,558.1099853515625,742.9400024414062,644.5,300.1499938964844,0,0.0283231596989945,0.061117587125262,0.7092843173722447,-0.9560496769429104,-0.0047415495829734,-0.1474926838940154,0.2533622724926674
1765626034.5980897,537.6300048828125,566.8099975585938,563.3800048828125,496.1400146484375,492.8900146484375,399.4599914550781,558.1099853515625,742.9400024414062,644.5,300.1499938964844,0,0.0280762344966429,0.0627589367654265,0.7193456867523701,-0.9591105988988068,-0.0154138220474687,-0.1456356289694442,0.2421973095319927
1765626034.7259836,537.6300048828125,566.8099975585938,563.3800048828125,495.5299987792969,492.3599853515625,399.4599914550781,560.8300170898438,742.9400024414062,644.4099731445312,300.1499938964844,0,0.027560974498292,0.0611075813799362,0.7061963007386066,-0.9572214433639872,-0.0142763939950474,-0.1336603269089042,0.2562385801343507
1765626034.767699,537.6300048828125,566.8099975585938,563.3800048828125,495.5299987792969,492.3599853515625,399.4599914550781,560.8300170898438,742.9400024414062,644.4099731445312,300.0599975585937,0,0.02735194953014,0.0605253209133883,0.7174064964942183,-0.9604087860772514,-0.0110388687999898,-0.1305834460293019,0.2458476573497282
1765626034.9618447,537.6300048828125,566.8099975585938,563.3800048828125,495.4400024414063,492.3599853515625,399.4599914550781,572.780029296875,742.9400024414062,644.4099731445312,300.1499938964844,0,0.0271198805222757,0.0534762414127883,0.7112319825319756,-0.9588595944468482,-0.0074741556726681,-0.1437457157692631,0.2446826195956488
1765626035.0606291,537.6300048828125,566.8099975585938,563.3800048828125,495.4400024414063,492.3599853515625,399.4599914550781,585.3499755859375,742.9400024414062,644.4099731445312,300.1499938964844,0,0.0275607520914037,0.0509406920598945,0.7061970522158856,-0.9555752377305868,-0.0131863813645308,-0.1338151641692714,0.2622891271497781
1765626035.1927156,537.6300048828125,566.8099975585938,563.3800048828125,495.4400024414063,492.3599853515625,399.4599914550781,585.3499755859375,742.9400024414062,644.4099731445312,300.1499938964844,0,0.0282390878753527,0.0472957919006948,0.7203743067883761,-0.9542090509745984,-0.0226858048828314,-0.1215575589510953,0.2723861251180497
1765626035.2648616,537.6300048828125,566.8099975585938,563.3800048828125,495.4400024414063,492.3599853515625,399.4599914550781,598.1799926757812,742.9400024414062,644.4099731445312,300.1499938964844,0,0.0277764634988267,0.0447586142061256,0.7150569147183103,-0.9538000134426468,-0.0195047012920385,-0.1343357913009692,0.2680279764499547
1765626035.3631108,537.6300048828125,566.8099975585938,563.3800048828125,495.4400024414063,492.3599853515625,399.4599914550781,598.1799926757812,742.9400024414062,644.4099731445312,300.1499938964844,0,0.028898806535089,0.0424983467545687,0.7338701065724911,-0.961121237651226,-0.0226210108207832,-0.1128894670252294,0.2509785342215168
1765626035.396448,537.6300048828125,566.8099975585938,563.3800048828125,495.4400024414063,492.3599853515625,399.4599914550781,598.1799926757812,742.9400024414062,644.4099731445312,300.1499938964844,0,0.0286090073344193,0.0412310611620815,0.723195726550816,-0.9611985633428828,-0.0290620633060459,-0.1128053256641139,0.2500553474848849
1765626035.567442,537.6300048828125,566.8099975585938,563.3800048828125,495.4400024414063,492.3599853515625,399.4599914550781,611.0999755859375,742.9400024414062,644.4099731445312,300.1499938964844,0,0.0291134087114437,0.0374177927901322,0.7326456031558808,-0.9600000425333056,-0.0359461360950967,-0.1123259099927489,0.2539501596380386
1765626035.673579,537.6300048828125,566.8099975585938,563.3800048828125,495.4400024414063,492.3599853515625,399.4599914550781,624.1099853515625,742.9400024414062,644.4099731445312,300.1499938964844,0,0.0285655617598036,0.0328086108016387,0.7388041260323025,-0.9605115578173704,-0.0474886321819295,-0.1399931661355151,0.2357207893845845
1765626035.7905626,537.6300048828125,566.8099975585938,563.3800048828125,495.4400024414063,492.3599853515625,399.4599914550781,624.1099853515625,742.9400024414062,644.4099731445312,300.1499938964844,0,0.0275196469456113,0.0285598023540698,0.7253274677519213,-0.957822056073962,-0.0457665835309837,-0.1271776139192614,0.2535905819385904
1765626035.8544736,537.6300048828125,566.8099975585938,563.3800048828125,495.4400024414063,492.3599853515625,399.4599914550781,636.5,742.9400024414062,644.4099731445312,300.1499938964844,0,0.0278027961080465,0.026992998074142,0.7397513379472398,-0.9598559991023926,-0.0469703802202813,-0.1396412045543733,0.2386851029279235
1765626036.0378911,537.6300048828125,566.8099975585938,563.3800048828125,495.4400024414063,492.3599853515625,399.4599914550781,636.5,742.9400024414062,644.4099731445312,300.1499938964844,0,0.0269392171594594,0.021008684907252,0.730699363333083,-0.9576277815627122,-0.0566822590793109,-0.1535752897377876,0.236961566223088
1765626036.0840364,537.6300048828125,566.8099975585938,563.3800048828125,495.4400024414063,492.3599853515625,399.4599914550781,639.4000244140625,742.9400024414062,644.4099731445312,300.1499938964844,0,0.0272174049621578,0.020732392385286,0.734829788028371,-0.9596145490734794,-0.0561666205306301,-0.1245349485814223,0.2459192439124954
1765626037.4707327,537.6300048828125,566.8099975585938,563.3800048828125,494.4700012207031,492.010009765625,399.4599914550781,660.5900268554688,742.9400024414062,644.3300170898438,300.1499938964844,0,0.0237711812724902,0.0116590833430226,0.7556170176433534,-0.9586227974705348,-0.0793283649879768,-0.1398787369066737,0.2349112207611511
1765626037.6022074,537.6300048828125,566.8099975585938,563.3800048828125,494.4700012207031,492.010009765625,399.4599914550781,660.5900268554688,742.9400024414062,644.3300170898438,300.1499938964844,0,0.0241076655514412,0.0071707360568862,0.7409592483033052,-0.9555600163026898,-0.0770104864718616,-0.1262500699996402,0.2550203129988992
1765626037.6318614,537.6300048828125,566.8099975585938,563.3800048828125,494.4700012207031,492.010009765625,399.4599914550781,660.5900268554688,742.9400024414062,644.3300170898438,300.1499938964844,0,0.0251961261711068,0.0062042105238824,0.7535817876894205,-0.9597090968043755,-0.0744956811581011,-0.1223808739125418,0.2417266321697362
1765626037.672075,537.6300048828125,566.8099975585938,563.3800048828125,494.4700012207031,492.010009765625,399.4599914550781,673.3300170898438,742.9400024414062,644.3300170898438,300.1499938964844,0,0.0259673957533512,0.0049976473701107,0.7561947602136416,-0.9618814871027138,-0.0818074751682094,-0.1358112410429367,0.2228157278606068
1765626037.8349943,537.6300048828125,566.8099975585938,563.3800048828125,494.4700012207031,492.010009765625,399.4599914550781,673.3300170898438,742.9400024414062,644.3300170898438,300.1499938964844,0,0.0280508880437547,-0.0021125833172779,0.7687643268959189,-0.961802996513854,-0.0891879362179774,-0.1008274710583855,0.238357565456018
1765626038.0041292,537.6300048828125,566.8099975585938,563.3800048828125,494.4700012207031,492.010009765625,399.4599914550781,685.8099975585938,743.030029296875,644.3300170898438,300.1499938964844,0,0.0266854190685931,-0.0125132832398907,0.7534337071788151,-0.9627996218012806,-0.0973086925695899,-0.1316093401958392,0.2150043910782378
1765626038.185002,537.6300048828125,566.8099975585938,563.3800048828125,494.4700012207031,492.010009765625,399.4599914550781,698.469970703125,742.9400024414062,644.3300170898438,300.1499938964844,0,0.0262782315083809,-0.0182056908240895,0.7533266539013233,-0.959179843864485,-0.1004277841416252,-0.1509418103165354,0.2170365342399118
1765626038.2524953,537.6300048828125,566.8099975585938,565.5800170898438,493.4200134277344,491.5700073242188,399.4599914550781,705.5900268554688,742.9400024414062,644.3300170898438,300.1499938964844,0,0.0260033848520684,-0.0218234278026618,0.7612929151626072,-0.9600981033532112,-0.1048055567968714,-0.1333905358201667,0.222338463059528
1765626038.3164508,537.6300048828125,566.8099975585938,565.5800170898438,493.4200134277344,491.5700073242188,399.4599914550781,705.5900268554688,742.9400024414062,644.3300170898438,300.1499938964844,0,0.0260106552895209,-0.0242677471025448,0.7781603784997475,-0.9617456797170816,-0.099977732035687,-0.0977614118086257,0.2355682639994481
1765626038.3720248,537.6300048828125,566.8099975585938,565.5800170898438,493.4200134277344,491.5700073242188,399.4599914550781,705.5900268554688,742.9400024414062,644.3300170898438,300.0599975585937,0,0.0250328146691313,-0.0252327768291099,0.752683941976028,-0.9603360218265402,-0.0961687844891116,-0.1341708387810228,0.22473200949811
1765626038.6079288,537.6300048828125,566.8099975585938,567.77001953125,492.6300048828125,490.9599914550781,399.4599914550781,704.0900268554688,742.9400024414062,644.3300170898438,300.1499938964844,0,0.0202271116142247,-0.0196112097357858,0.7605137671911807,-0.959627630157778,-0.1057923312306977,-0.1377110701861825,0.2212655762623681
1765626038.6389234,537.6300048828125,566.8099975585938,567.77001953125,492.6300048828125,490.9599914550781,399.4599914550781,704.0900268554688,742.9400024414062,644.3300170898438,300.1499938964844,0,0.0186839421674677,-0.0198243288239012,0.7480603661860633,-0.9551158689247692,-0.1078202375214556,-0.1403180989633117,0.2375695780444592
1765626038.6742113,537.6300048828125,566.8099975585938,570.0599975585938,491.8399963378906,490.7799987792969,399.4599914550781,703.2100219726562,742.9400024414062,644.3300170898438,300.1499938964844,0,0.0178406074224817,-0.0203400421300783,0.7520562884044941,-0.9573647890240988,-0.1012613757626917,-0.1578368568424359,0.2197414870651193
1765626038.8752394,537.6300048828125,566.8099975585938,572.260009765625,491.2200012207031,490.3399963378906,399.4599914550781,702.4199829101562,742.9400024414062,644.3300170898438,300.1499938964844,0,0.0155668735351932,-0.0172273015111775,0.7404757987376138,-0.9580167663553856,-0.1072637154907236,-0.1567525933356376,0.2147719609344939
1765626039.065463,537.6300048828125,566.8099975585938,574.4500122070312,490.3399963378906,489.8999938964844,399.4599914550781,701.719970703125,742.9400024414062,644.3300170898438,300.1499938964844,0,0.0163532224802074,-0.0191230280124876,0.7519558282542008,-0.9583870589923168,-0.1085641947811372,-0.1746944306352299,0.1979644328474531
1765626039.2680562,537.6300048828125,566.8099975585938,574.719970703125,490.3399963378906,489.8999938964844,399.4599914550781,701.719970703125,742.9400024414062,644.3300170898438,300.1499938964844,0,0.0147845404517848,-0.017646455973777,0.7413891879036103,-0.954117572574764,-0.1041080560686019,-0.158643914990223,0.2316317737319983
1765626039.304983,537.6300048828125,566.8099975585938,574.719970703125,490.3399963378906,489.8999938964844,399.4599914550781,701.719970703125,742.9400024414062,644.3300170898438,300.1499938964844,0,0.0146176803405882,-0.0178039978931506,0.7533872116491633,-0.9624329355428196,-0.1054958989815239,-0.1558278338010519,0.1957323327745892
1765626039.602007,537.6300048828125,566.8099975585938,574.719970703125,490.3399963378906,489.8999938964844,399.4599914550781,701.719970703125,742.9400024414062,644.3300170898438,300.1499938964844,0,0.0147845404517848,-0.017646455973777,0.7413891879036103,-0.954117572574764,-0.1041080560686019,-0.158643914990223,0.2316317737319983
1765626039.70198,537.6300048828125,566.8099975585938,574.719970703125,490.3399963378906,489.8999938964844,399.4599914550781,701.719970703125,742.9400024414062,644.3300170898438,300.1499938964844,0,0.01503210666325,-0.0185256128877931,0.760887508310389,-0.9594690383427432,-0.1066033264532375,-0.1403866892129217,0.2198783134885991
1765626040.1435523,537.6300048828125,566.8099975585938,574.8900146484375,489.4599914550781,489.4599914550781,399.4599914550781,701.8099975585938,742.9400024414062,644.3300170898438,300.1499938964844,0,0.0142460115869354,-0.018309106861427,0.7411108501170465,-0.9578024855436018,-0.1073028807324369,-0.1573604605286888,0.2152630389435627
1765626040.302862,537.6300048828125,566.8099975585938,574.8900146484375,489.3699951171875,489.4599914550781,399.4599914550781,707.3400268554688,742.9400024414062,644.3300170898438,300.1499938964844,0,0.013150941721618,-0.0218319332369905,0.7475883861188254,-0.961056743491998,-0.1081064572329202,-0.12119102664312,0.2235971036357347
1765626040.4425652,537.6300048828125,566.8099975585938,574.8900146484375,489.3699951171875,489.4599914550781,399.4599914550781,707.3400268554688,742.9400024414062,644.3300170898438,300.1499938964844,0,0.0139430075324213,-0.0282721364172702,0.7688062490498654,-0.9653056342420364,-0.1209888536189557,-0.1373234873567934,0.1862498043508221
1765626040.506677,537.6300048828125,566.8099975585938,574.8900146484375,489.3699951171875,489.4599914550781,399.4599914550781,718.3300170898438,742.9400024414062,644.3300170898438,300.1499938964844,0,0.0146308974896573,-0.0321734405729859,0.7762317096549488,-0.9617372180595636,-0.1222422988758132,-0.1193087478590369,0.2142049636421084
1765626040.635836,537.6300048828125,566.8099975585938,574.8900146484375,489.3699951171875,489.4599914550781,399.4599914550781,718.3300170898438,742.9400024414062,644.3300170898438,300.1499938964844,0,0.0161596700513582,-0.0394828164215302,0.7689624145011836,-0.9595303794581592,-0.1163122439743013,-0.1388967798634051,0.2155935929987729
1765626040.7355793,537.6300048828125,566.8099975585938,574.8900146484375,489.3699951171875,489.4599914550781,399.4599914550781,731.3400268554688,742.9400024414062,644.3300170898438,300.1499938964844,0,0.0170201855335996,-0.0435161168117669,0.7766592702190172,-0.9622271432486932,-0.1278584671973462,-0.1368733686210066,0.1975773724993388
1765626040.9328587,537.6300048828125,566.8099975585938,574.8900146484375,489.3699951171875,489.4599914550781,399.4599914550781,743.6400146484375,742.9400024414062,644.3300170898438,300.1499938964844,0,0.0170034337566518,-0.0535168350564389,0.7698104759465821,-0.9564471554285268,-0.1336569029388013,-0.1198053816599484,0.2301984832591248
1765626041.1390307,537.6300048828125,566.8099975585938,574.8900146484375,489.2900085449219,489.4599914550781,399.4599914550781,756.3900146484375,742.9400024414062,644.3300170898438,300.1499938964844,0,0.0157841960452,-0.0619350720807089,0.7509580228983975,-0.9513881474509932,-0.1356837995598192,-0.1577188418189507,0.2271018854216477
1765626041.41861,537.6300048828125,566.8099975585938,574.8900146484375,489.2900085449219,489.4599914550781,399.4599914550781,768.5999755859375,742.9400024414062,644.4099731445312,300.1499938964844,0,0.0164841454556824,-0.077573908706309,0.7584865660740215,-0.9551858570391006,-0.1428556697594863,-0.1364586217297458,0.2204343001569075
1765626041.5179198,537.6300048828125,566.8099975585938,574.8900146484375,489.2900085449219,489.4599914550781,399.4599914550781,772.3800048828125,742.9400024414062,644.3300170898438,300.1499938964844,0,0.0179171171984516,-0.0796390167986646,0.7496323704406606,-0.9574239905162166,-0.1396370422088183,-0.1554476526749938,0.1991904267403704
1765626042.014367,537.6300048828125,566.8099975585938,574.8900146484375,489.2900085449219,489.4599914550781,399.4599914550781,772.3800048828125,742.9400024414062,644.3300170898438,300.1499938964844,0,0.0153319523701519,-0.0780928912995102,0.7689217409513756,-0.95612658650672,-0.1442683677289175,-0.1601717802948273,0.1983773914664339
1765626042.0491157,537.6300048828125,566.8099975585938,574.8900146484375,489.2900085449219,489.4599914550781,399.4599914550781,772.3800048828125,742.9400024414062,644.3300170898438,300.1499938964844,0,0.0154820325854283,-0.0754932451135043,0.750079728212662,-0.9520876164619289,-0.1466746569033633,-0.0991203636667659,0.2493809718256225
1765626043.284095,537.6300048828125,566.8099975585938,574.8900146484375,488.6700134277344,489.1099853515625,399.4599914550781,772.3800048828125,748.2999877929688,644.4099731445312,300.1499938964844,0,0.0157409100231838,-0.0773879569966635,0.7553080720927914,-0.9556583645440558,-0.1486135168752338,-0.1588225162191512,0.1985107584509527
1765626043.4743762,537.6300048828125,566.8099975585938,574.8900146484375,488.6700134277344,489.1099853515625,399.4599914550781,770.5399780273438,758.9400024414062,644.3300170898438,300.1499938964844,0,0.0162222829514141,-0.0873821909700592,0.7789463294670198,-0.9603825332928908,-0.1468500412639503,-0.1127092511748839,0.2083196578009449
1765626043.5705593,537.6300048828125,566.8099975585938,574.8900146484375,488.6700134277344,489.1099853515625,399.4599914550781,770.5399780273438,758.9400024414062,644.3300170898438,300.1499938964844,0,0.0163032014544793,-0.0866841769635348,0.7498964428328792,-0.9562097424097808,-0.1390488315277968,-0.1565840386961813,0.204474423332034
1765626043.6841264,537.6300048828125,566.8099975585938,577.0900268554688,487.6199951171875,488.4100036621094,399.4599914550781,769.5700073242188,765.260009765625,644.3300170898438,300.1499938964844,0,0.0175700582850116,-0.0918737556688293,0.758194467707204,-0.9576478091049792,-0.1445350071072492,-0.1344138077918514,0.2096502652319714
1765626043.9407136,537.6300048828125,566.8099975585938,579.2000122070312,486.8299865722656,487.9700012207031,399.3699951171875,767.9000244140625,762.8900146484375,644.3300170898438,300.1499938964844,0,0.0160605333016254,-0.0902258651265715,0.770913269515183,-0.958128566731034,-0.1403303710803058,-0.1368732696794385,0.2087169006421339
1765626043.9890597,537.6300048828125,566.8099975585938,579.2000122070312,486.8299865722656,487.9700012207031,399.3699951171875,767.9000244140625,762.8900146484375,644.3300170898438,300.1499938964844,0,0.0135986844464531,-0.0850344041783491,0.7496285116166626,-0.9560684243352346,-0.1394466482643163,-0.1586708882190007,0.2032519360517467
1765626044.0742614,537.6300048828125,566.8099975585938,581.4000244140625,486.2999877929688,487.8800048828125,399.2900085449219,766.9299926757812,762.7999877929688,644.4099731445312,300.1499938964844,0,0.0092193353869396,-0.0857340905144215,0.7558281546525639,-0.9487148305338704,-0.1452954115150821,-0.1646809221275647,0.2273974661357678
1765626044.3117568,537.6300048828125,566.8099975585938,583.5900268554688,485.8599853515625,487.4400024414063,399.2900085449219,766.760009765625,762.7100219726562,644.3300170898438,300.1499938964844,0,0.0065704885181574,-0.0846158887625667,0.7483190795612369,-0.9545486247804296,-0.1399179041345484,-0.1649109408967731,0.2050957937280211
1765626044.3477929,537.6300048828125,566.8099975585938,583.5900268554688,485.8599853515625,487.4400024414063,399.2900085449219,766.760009765625,762.7100219726562,644.3300170898438,300.1499938964844,0,0.0066115876067862,-0.083176559290778,0.7379789562299495,-0.9508962726475636,-0.1418595362486313,-0.1625927076087854,0.2218913294221692
1765626044.685463,537.6300048828125,566.8099975585938,583.9500122070312,485.7699890136719,487.4400024414063,399.2900085449219,765.7000122070312,762.6300048828125,644.3300170898438,300.1499938964844,0,0.0083004379157221,-0.0823489938727852,0.7341307695976437,-0.9507274311714864,-0.1468902785330101,-0.1824616927537673,0.2030968448006794
1765626044.7229557,537.6300048828125,566.8099975585938,583.9500122070312,485.7699890136719,487.4400024414063,399.2900085449219,765.7000122070312,762.6300048828125,644.3300170898438,300.1499938964844,0,0.0081968552527278,-0.0839108395085382,0.749232778236071,-0.955469149378512,-0.1400217675998163,-0.1628146481591598,0.2023956509634892
1765626045.54173,537.6300048828125,566.8099975585938,583.9500122070312,485.8599853515625,487.4400024414063,399.2900085449219,765.7000122070312,762.6300048828125,644.3300170898438,300.1499938964844,0,0.0080640384030307,-0.0854043919799956,0.7625093252045574,-0.964100625215702,-0.1357906807967637,-0.1413322476421618,0.1791537642469687
1765626045.67919,537.6300048828125,566.8099975585938,583.9500122070312,484.8900146484375,486.9100036621094,399.2900085449219,764.9099731445312,762.6300048828125,646.7899780273438,300.1499938964844,0,0.007648538570714,-0.0840816356835026,0.7483580416635915,-0.954781484655173,-0.1398807449035884,-0.1640808467176315,0.2047026367815178
1765626045.716683,537.6300048828125,566.8099975585938,583.9500122070312,484.8900146484375,486.9100036621094,399.2900085449219,764.9099731445312,762.6300048828125,646.7899780273438,300.1499938964844,0,0.007131227258785,-0.0827714017233854,0.7367438554981421,-0.9501044726998592,-0.1415846284550888,-0.1636593998592523,0.2246572606853968
1765626045.9478245,537.6300048828125,566.8099975585938,583.9500122070312,484.8900146484375,486.9100036621094,399.2900085449219,764.8200073242188,762.6300048828125,657.77001953125,300.1499938964844,0,0.0077009306987384,-0.0923557704683459,0.7532334415209172,-0.9479118382907769,-0.1501561107163412,-0.1858245417381685,0.21067873393046
1765626046.1901343,537.6300048828125,566.8099975585938,583.9500122070312,484.8900146484375,486.9100036621094,399.2900085449219,764.8200073242188,762.6300048828125,670.6900024414062,300.1499938964844,0,0.0112227461659211,-0.1020905172137441,0.7442159838856676,-0.9380244684898548,-0.1473446226054942,-0.1811309926760703,0.2561078331401661
1765626046.2580168,537.6300048828125,566.8099975585938,583.9500122070312,484.8900146484375,486.9100036621094,399.2900085449219,764.9099731445312,762.6300048828125,684.0499877929688,300.1499938964844,0,0.0119106718271031,-0.1053556464901021,0.7455025640176657,-0.9462115048726546,-0.1474501212108266,-0.1598968476459408,0.2395313088396377
1765626046.52114,537.6300048828125,566.8099975585938,583.9500122070312,484.8900146484375,486.9100036621094,399.2900085449219,764.9099731445312,762.7100219726562,697.6799926757812,300.1499938964844,0,0.0139818273974089,-0.1170270173864431,0.7346126995738552,-0.928358415609222,-0.1409080793403326,-0.1635047756277753,0.3025917277307234
1765626046.744867,537.6300048828125,566.8099975585938,583.9500122070312,484.8900146484375,486.9100036621094,399.2900085449219,764.9099731445312,762.7100219726562,711.0399780273438,300.1499938964844,0,0.0162331876645944,-0.1245446923093931,0.7230213987353138,-0.9214362265518516,-0.140776522538108,-0.1630770501246277,0.3233312957673784
1765626046.8610198,537.6300048828125,566.8099975585938,583.9500122070312,484.8900146484375,486.9100036621094,399.2900085449219,764.9099731445312,762.7100219726562,724.3099975585938,300.1499938964844,0,0.0172315290059296,-0.1289428728066485,0.728837204307074,0.9574757486039136,0.1825535631518672,-0.1574046534792997,0.158550189148402
1765626047.038901,537.6300048828125,566.8099975585938,583.9500122070312,484.8900146484375,486.9100036621094,399.2900085449219,764.9099731445312,762.7100219726562,724.3099975585938,300.1499938964844,0,0.0203194842916588,-0.1364402124577043,0.7158255511705849,-0.9074677205675272,-0.1419889236126367,-0.1527645705352381,0.3646977758205898
1765626047.105083,537.6300048828125,566.8099975585938,583.9500122070312,484.8900146484375,486.9100036621094,399.2900085449219,764.9099731445312,762.6300048828125,726.5900268554688,300.1499938964844,0,0.0199935597257824,-0.1343586353659395,0.7042516411965477,-0.9055362294949436,-0.1487299646790709,-0.1673219861956638,0.36039823475453
1765626047.3861392,537.6300048828125,566.8099975585938,583.9500122070312,484.8900146484375,486.9100036621094,399.2900085449219,764.9099731445312,762.6300048828125,726.5900268554688,300.1499938964844,0,0.0176036780266123,-0.1277717836990712,0.6773327494588778,0.9418585558673254,0.195857399078895,-0.1452707365489986,0.2311682354219069
1765626047.575354,537.6300048828125,566.8099975585938,583.9500122070312,484.8900146484375,486.9100036621094,399.2900085449219,764.8200073242188,762.6300048828125,726.5900268554688,300.1499938964844,0,0.0197244938806192,-0.1356429866396205,0.7225560286623686,-0.9057592382010476,-0.153213124415639,-0.1280910648115634,0.373789539762278
1765626047.615425,537.6300048828125,566.8099975585938,583.9500122070312,484.8900146484375,486.9100036621094,399.2900085449219,764.8200073242188,762.6300048828125,726.5900268554688,300.1499938964844,0,0.0191356856810388,-0.1323984992038422,0.7052850206125238,-0.8995151142096258,-0.1489085793991716,-0.1837539228143231,0.3673326695791055
1765626047.6740785,537.6300048828125,566.8099975585938,583.9500122070312,484.8900146484375,486.9100036621094,399.2900085449219,764.9099731445312,762.6300048828125,726.5900268554688,300.1499938964844,0,0.019560243896434,-0.1356296803965959,0.7210948209799339,-0.9112835191415154,-0.1539972372715172,-0.1515514010144761,0.3505415403405778
1765626047.7553513,537.6300048828125,566.8099975585938,583.9500122070312,484.8900146484375,486.9100036621094,399.2900085449219,764.9099731445312,762.6300048828125,726.5900268554688,300.1499938964844,0,0.0176107355214323,-0.1276990906301664,0.6775999677870248,0.9446815110788258,0.1978860955684197,-0.1414745007228821,0.2200065941096395
1765626048.187742,537.6300048828125,566.8099975585938,583.9500122070312,484.8900146484375,486.9100036621094,399.2900085449219,764.8200073242188,762.6300048828125,726.5900268554688,300.1499938964844,0,0.0191833046557364,-0.1345279908121361,0.7166148400208942,-0.9062600697939452,-0.1451638312697099,-0.1682676538935145,0.3595916359446438
1765626048.3248167,537.6300048828125,566.8099975585938,583.9500122070312,484.8900146484375,486.9100036621094,399.2900085449219,764.8200073242188,762.6300048828125,726.5900268554688,300.1499938964844,0,0.0189753961856147,-0.1323019643531503,0.7040977647430369,-0.9059843000521224,-0.1491387088006213,-0.1680740878441712,0.3587494872354514
1765626048.7207403,537.6300048828125,566.8099975585938,583.9500122070312,484.8900146484375,486.9100036621094,399.2900085449219,764.8200073242188,762.6300048828125,726.5900268554688,300.1499938964844,0,0.0190395880396056,-0.1351000651067917,0.7210385036055552,-0.9113629165196868,-0.1541327844294568,-0.1519526961531818,0.3501015528222228
1765626048.9190187,537.6300048828125,566.8099975585938,583.9500122070312,484.8900146484375,486.9100036621094,399.2900085449219,764.9099731445312,762.6300048828125,726.9400024414062,300.1499938964844,0,0.0187499465329633,-0.1330271026491691,0.7099899399434849,-0.9045029635620762,-0.1576611864183586,-0.1690965745114429,0.3583625087715973
1765626048.9190187,537.6300048828125,566.8099975585938,583.9500122070312,484.8900146484375,486.9100036621094,399.2900085449219,764.9099731445312,762.6300048828125,726.9400024414062,300.1499938964844,1,0.0056996153518658,-0.135291146213981,0.6751617715956576,0.7599763532000043,0.2715515654503377,0.5882093566265617,0.0520138698354531
1765626048.975986,537.6300048828125,566.8099975585938,583.9500122070312,484.8900146484375,486.9100036621094,399.2900085449219,764.9099731445312,762.6300048828125,726.9400024414062,300.1499938964844,0,0.0193040987669056,-0.1355258942104358,0.721236936847812,-0.9059789611600712,-0.1507849847312934,-0.1551969639311913,0.3638405044816239
1765626049.288613,537.6300048828125,566.8099975585938,583.9500122070312,484.8900146484375,486.9100036621094,399.2900085449219,764.9099731445312,762.6300048828125,726.9400024414062,300.1499938964844,0,0.0174342843251145,-0.126734143775358,0.6757128503770691,0.942156801660928,0.1996657574626241,-0.1649575774714876,0.212751366659925
1765626049.3237014,537.6300048828125,566.8099975585938,583.9500122070312,484.8900146484375,486.9100036621094,399.2900085449219,764.9099731445312,762.6300048828125,726.9400024414062,300.1499938964844,0,0.0190194325878113,-0.1342961226799896,0.7153837236058742,-0.9078005207773444,-0.1424280664339591,-0.1541129569849721,0.3631276040975323
1765626049.8085716,537.6300048828125,566.8099975585938,583.9500122070312,484.8900146484375,486.9100036621094,399.2900085449219,764.8200073242188,762.6300048828125,727.030029296875,300.1499938964844,0,0.0191558193602365,-0.1360793135758203,0.7255652772610199,-0.9110515732526064,-0.1599129135576669,-0.1374171735051811,0.3543013002760448
1765626050.0531363,537.6300048828125,566.8099975585938,583.9500122070312,484.8900146484375,486.9100036621094,399.2900085449219,764.8200073242188,762.6300048828125,726.9400024414062,300.1499938964844,0,0.0186958448915005,-0.1337190211646733,0.7129994852219279,-0.9055300187984472,-0.1605101241779089,-0.1416558633878452,0.3663133924102699
1765626050.1975443,537.6300048828125,566.8099975585938,583.9500122070312,484.8900146484375,486.9100036621094,399.2900085449219,764.8200073242188,762.6300048828125,726.9400024414062,300.1499938964844,0,0.019324709381042,-0.1363321062601549,0.7269097367613983,-0.9095297580255884,-0.1626166240331892,-0.1529508959289172,0.350595887438094
1765626050.2385457,537.6300048828125,566.8099975585938,583.9500122070312,484.8900146484375,486.9100036621094,399.2900085449219,764.8200073242188,762.6300048828125,726.9400024414062,300.1499938964844,0,0.0186958448915005,-0.1337190211646733,0.7129994852219279,-0.9055300187984472,-0.1605101241779089,-0.1416558633878452,0.3663133924102699
1765626050.8541348,537.6300048828125,566.8099975585938,583.9500122070312,484.2799987792969,486.4700012207031,402.1900024414063,764.1199951171875,762.7100219726562,726.5900268554688,300.1499938964844,0,0.0186958448915005,-0.1337190211646733,0.7129994852219279,-0.9055300187984472,-0.1605101241779089,-0.1416558633878452,0.3663133924102699
1765626051.1488469,537.6300048828125,566.8099975585938,583.9500122070312,484.2799987792969,486.4700012207031,412.6499938964844,763.77001953125,762.6300048828125,726.4199829101562,300.1499938964844,0,0.0176673132527317,-0.1337053428584505,0.7129265554346413,-0.9054049571810572,-0.1606808613146084,-0.1425028799674998,0.3662191331977777
1765626051.3771443,537.6300048828125,566.8099975585938,583.9500122070312,484.2799987792969,486.4700012207031,427.05999755859375,763.77001953125,762.6300048828125,726.5,300.1499938964844,0,0.0176673132527317,-0.1337053428584505,0.7129265554346413,-0.9054049571810572,-0.1606808613146084,-0.1425028799674998,0.3662191331977777
1765626051.4194734,537.6300048828125,566.8099975585938,583.9500122070312,484.2799987792969,486.4700012207031,427.05999755859375,763.77001953125,762.6300048828125,726.5,300.1499938964844,0,0.0161444804142736,-0.1271914549285369,0.6774938579330669,0.944742229018698,0.1975218823511834,-0.1408277537230321,0.2204875744402669
1765626051.5416842,537.6300048828125,566.8099975585938,583.9500122070312,484.2799987792969,486.4700012207031,441.3900146484375,763.77001953125,762.6300048828125,726.4199829101562,300.1499938964844,0,0.0161456311731817,-0.1269555718783333,0.6775372241343175,0.9449712625418693,0.1975034392632554,-0.140253769949218,0.2198876632834211
1765626051.6132574,537.6300048828125,566.8099975585938,583.9500122070312,484.2799987792969,486.4700012207031,441.3900146484375,763.77001953125,762.6300048828125,726.4199829101562,300.1499938964844,0,0.0177471847616979,-0.1351420177152169,0.7212625532571106,-0.9110722469807498,-0.1542570724112075,-0.1530346016949294,0.3503320240523916
1765626051.652314,537.6300048828125,566.8099975585938,583.9500122070312,484.2799987792969,486.4700012207031,455.010009765625,763.77001953125,762.6300048828125,726.5,300.1499938964844,0,0.0160733780536071,-0.1265351041278825,0.6746478554250983,0.9448088588434712,0.1943907791574647,-0.1521034116879938,0.2154367595892695
1765626051.9259546,537.6300048828125,566.8099975585938,583.9500122070312,484.2799987792969,486.4700012207031,468.9800109863281,763.77001953125,762.6300048828125,726.4199829101562,300.1499938964844,0,0.0159426384191091,-0.1276241401156219,0.6791445242602159,0.944638518227354,0.2006123859813057,-0.1290286866103934,0.2253094283506883
1765626052.041895,537.6300048828125,566.8099975585938,583.9500122070312,484.2799987792969,486.4700012207031,468.9800109863281,763.77001953125,762.6300048828125,726.4199829101562,300.1499938964844,0,0.0176668643999601,-0.132675272416078,0.7129066808642214,-0.9057180449423236,-0.1607889240395111,-0.1424331247026536,0.3654237950099993
1765626052.1103206,537.6300048828125,566.8099975585938,583.8599853515625,484.2799987792969,486.4700012207031,481.1099853515625,763.77001953125,762.6300048828125,726.5,300.1499938964844,0,0.019262614923603,-0.129832030083647,0.7113918466683032,0.958103853936925,0.1896631546925252,-0.1148126933388343,0.1813365331960815
1765626052.1431396,537.6300048828125,566.8099975585938,583.8599853515625,484.2799987792969,486.4700012207031,481.1099853515625,763.77001953125,762.6300048828125,726.5,300.1499938964844,0,0.0203220683996674,-0.1327435087169908,0.7345353430597223,-0.923906211704605,-0.1570652955829947,-0.1437062409750945,0.3179250244977271
1765626052.206293,537.6300048828125,566.8099975585938,583.8599853515625,484.2799987792969,486.4700012207031,481.1099853515625,763.77001953125,762.6300048828125,726.5,300.1499938964844,0,0.020309633579342,-0.129861549989771,0.7215302443700734,0.955515565449999,0.1881616538580938,-0.1455809277925613,0.1743312641588207
1765626052.3533309,537.6300048828125,566.8099975585938,583.9500122070312,484.2799987792969,486.4700012207031,484.010009765625,763.77001953125,762.6300048828125,726.5,300.1499938964844,0,0.020409856823645,-0.1296878552602641,0.7190979943155829,-0.90860498563298,-0.1481148124651143,-0.1400110637426154,0.3645488779861732
1765626052.678186,537.6300048828125,566.8099975585938,583.9500122070312,484.2799987792969,486.4700012207031,484.010009765625,763.77001953125,762.6300048828125,726.5,300.1499938964844,0,0.0191008473934065,-0.1272008864898751,0.7088545389948068,-0.9078384583670298,-0.1554802594007678,-0.1542847124877881,0.3575632111095956
1765626052.7897725,537.6300048828125,566.8099975585938,583.9500122070312,484.2799987792969,486.4700012207031,484.010009765625,763.77001953125,762.6300048828125,726.5,300.1499938964844,0,0.0197485247291953,-0.1299513959056003,0.723439787236731,-0.913304641872526,-0.157321857846419,-0.1218097549270278,0.3553686083244634
1765626053.0074406,537.6300048828125,566.8099975585938,583.9500122070312,484.2799987792969,486.4700012207031,484.010009765625,763.77001953125,762.6300048828125,726.5,300.1499938964844,0,0.0176669795780711,-0.1223361536570839,0.6796422431182814,0.9434764785983628,0.2005546888406159,-0.1315710409935593,0.2287334962080281
1765626053.1391509,537.6300048828125,566.8099975585938,583.9500122070312,484.2799987792969,486.4700012207031,484.010009765625,763.77001953125,762.6300048828125,726.5,300.1499938964844,0,0.019366908994087,-0.1287317642771452,0.7188139342572208,-0.9137636329877236,-0.1515872405576273,-0.1370923761656723,0.3510883249646028
1765626053.2776053,537.6300048828125,566.8099975585938,583.9500122070312,484.2799987792969,486.4700012207031,484.010009765625,763.77001953125,762.6300048828125,726.4199829101562,300.1499938964844,0,0.0177549445360734,-0.1221857150233766,0.6781187324184494,0.9440334212297464,0.1986198239040313,-0.1097946310029943,0.2393662552585648
1765626053.3864112,537.6300048828125,566.8099975585938,583.9500122070312,484.2799987792969,486.4700012207031,484.010009765625,763.77001953125,762.6300048828125,726.4199829101562,300.1499938964844,0,0.019278258141171,-0.1276937250656527,0.7108910581722168,-0.9079360626667388,-0.1579421269001221,-0.1266762492702378,0.3669598323118081
1765626053.4905968,537.6300048828125,566.8099975585938,583.9500122070312,483.75,486.2099914550781,485.8599853515625,763.3300170898438,762.6300048828125,726.1500244140625,300.0599975585937,0,0.0192825220781398,-0.1282795881042749,0.7155699058139994,-0.9148251454040792,-0.1462385902100154,-0.1499080244389397,0.3453068378683041
1765626053.883576,537.6300048828125,566.8099975585938,583.9500122070312,483.75,486.1199951171875,510.8200073242188,763.239990234375,762.6300048828125,726.1500244140625,300.1499938964844,0,0.0242175887175234,-0.1207850780247077,0.7286114467725385,-0.9142612827284956,-0.1658715743885037,-0.1196929698426747,0.3496948965652282
1765626054.3579926,537.6300048828125,566.8099975585938,583.9500122070312,483.75,486.1199951171875,538.1500244140625,763.239990234375,762.6300048828125,726.1500244140625,300.1499938964844,0,0.0248565097698622,-0.1050922381397602,0.7399361980302794,-0.9353648859594516,-0.1705964699309461,-0.0832257238546728,0.2984340018329471
1765626054.6302707,537.6300048828125,566.8099975585938,583.9500122070312,483.75,486.1199951171875,551.510009765625,763.239990234375,762.6300048828125,726.1500244140625,300.1499938964844,0,0.03081882405197,-0.0947767359917233,0.7425834462499934,-0.9326339935552056,-0.1805644018963628,-0.0451799060113051,0.3091101857362303
1765626054.660594,537.6300048828125,566.8099975585938,583.9500122070312,483.75,486.1199951171875,564.260009765625,763.239990234375,762.6300048828125,726.1500244140625,300.1499938964844,0,0.032392852268436,-0.09558968987987,0.7606800702859229,-0.9444423532609733,-0.1879364739982699,-0.0420533025873156,0.2663457205390623
1765626054.7463694,537.6300048828125,566.8099975585938,583.9500122070312,483.75,486.1199951171875,564.260009765625,763.239990234375,762.6300048828125,726.1500244140625,300.1499938964844,0,0.0325735323261008,-0.0898180338286833,0.7369967783322817,-0.932025295205194,-0.1764979832624335,-0.0274345230506382,0.3153167581130899
1765626054.9610083,537.6300048828125,566.8099975585938,583.9500122070312,483.75,486.1199951171875,566.02001953125,763.239990234375,762.6300048828125,726.1500244140625,300.1499938964844,0,0.0308072151700983,-0.0896600115242752,0.7422357760957701,-0.9421222184813722,-0.1796035354887911,-0.0509319187526045,0.2784856102850598
1765626055.1809776,537.6300048828125,566.8099975585938,583.9500122070312,483.75,486.1199951171875,566.02001953125,763.239990234375,762.6300048828125,726.1500244140625,300.1499938964844,0,0.0296183045475895,-0.08745755327671,0.7294821227640189,-0.9338197149542,-0.1846075348707866,-0.045211873350759,0.3030786771449009
1765626055.2440126,537.6300048828125,566.8099975585938,583.9500122070312,483.75,486.1199951171875,566.02001953125,763.239990234375,762.6300048828125,726.1500244140625,300.1499938964844,0,0.0306847946089454,-0.0907485418962577,0.7557066284763616,-0.9476147257801544,-0.179666971106997,-0.0402885880062884,0.2610037177020659
1765626055.5466,537.6300048828125,566.8099975585938,583.9500122070312,483.75,486.1199951171875,566.0999755859375,763.239990234375,762.6300048828125,726.1500244140625,300.1499938964844,0,0.0299082053386925,-0.0885974201190809,0.7367541404788214,-0.9368330773151208,-0.1806894296466301,-0.0168744502909719,0.2990156654585739
1765626055.6203933,537.6300048828125,566.8099975585938,583.9500122070312,483.75,486.1199951171875,566.0999755859375,763.239990234375,762.6300048828125,726.1500244140625,300.1499938964844,0,0.0302920892164347,-0.0902686484621917,0.7495142149737838,-0.9367149050041342,-0.1766997997640035,-0.0182311576951755,0.3016786243596828
1765626055.910443,537.6300048828125,566.8099975585938,583.9500122070312,483.75,486.1199951171875,566.0999755859375,763.239990234375,762.6300048828125,726.1500244140625,300.1499938964844,0,0.0292868047291703,-0.0871339285153472,0.7246198624582832,-0.9322719681858505,-0.1808297404066,-0.0288973437282722,0.3119848166895511
1765626055.9443069,537.6300048828125,566.8099975585938,583.9500122070312,483.75,486.1199951171875,566.0999755859375,763.239990234375,762.6300048828125,726.1500244140625,300.1499938964844,0,0.0296562009324981,-0.088760821315967,0.7370286236691175,-0.9322266191706317,-0.1769824277809809,-0.0293791819492442,0.3142731525829677
1765626056.0163977,537.6300048828125,566.8099975585938,583.9500122070312,483.75,486.1199951171875,566.0999755859375,763.239990234375,762.6300048828125,726.1500244140625,300.1499938964844,0,0.0306847946089454,-0.0907485418962577,0.7557066284763616,-0.9476147257801544,-0.179666971106997,-0.0402885880062884,0.2610037177020659
1765626056.123686,537.6300048828125,566.8099975585938,583.9500122070312,483.75,486.1199951171875,566.0999755859375,763.239990234375,762.6300048828125,726.1500244140625,300.1499938964844,0,0.0300217610727322,-0.0894218594310793,0.7426935542991013,0.9644736976900882,0.1988217659751206,-0.0492090585431259,0.1668498138921413
1765626056.2738788,537.6300048828125,566.8099975585938,583.9500122070312,483.3999938964844,485.9500122070313,566.1900024414062,763.0700073242188,762.7100219726562,725.8900146484375,300.1499938964844,0,0.030090032604302,-0.0897907947071086,0.7477750034241007,-0.9367287039846912,-0.1933728712288652,-0.0352104588373191,0.2896661723300305
1765626084.902751,537.6300048828125,566.8099975585938,595.719970703125,470.8299865722656,495.9700012207031,589.5700073242188,759.2899780273438,762.6300048828125,775.719970703125,300.1499938964844,0,0.0169259380632064,-0.0927437655269095,0.719643096052179,0.9537002598249796,0.2025724059073845,0.0015594344970566,0.2223011537053043
1765626085.080552,537.6300048828125,566.8099975585938,595.719970703125,470.8299865722656,495.9700012207031,589.5700073242188,759.2899780273438,762.7100219726562,789.0800170898438,300.1499938964844,0,0.0198143348624065,-0.10055066199335,0.7080430268147133,-0.9023216350042272,-0.1962209013100848,-0.0118665495636949,0.3836303036698333
1765626085.2747035,537.6300048828125,566.8099975585938,595.719970703125,470.8299865722656,495.9700012207031,589.5700073242188,759.2899780273438,762.7100219726562,802.6199951171875,300.1499938964844,0,0.0223626343033831,-0.1102227744883143,0.7120775212185262,-0.8969554799030413,-0.2039169254801737,-0.013483573800576,0.3920547765455521
1765626085.3073432,537.6300048828125,566.8099975585938,595.719970703125,470.8299865722656,495.9700012207031,589.5700073242188,759.2899780273438,762.7100219726562,802.6199951171875,300.1499938964844,0,0.0223206735113121,-0.109541491765348,0.6987615270711247,-0.888256328662451,-0.2080442223197632,-0.0137409978165385,0.4093036539410253
1765626085.693396,537.6300048828125,566.8099975585938,595.719970703125,470.8299865722656,495.8800048828125,589.5700073242188,759.2899780273438,762.7100219726562,805.8699951171875,300.1499938964844,0,0.0233881886178646,-0.1143238127845987,0.712080004207292,-0.8956225938069052,-0.2035627989457715,-0.0133936021293378,0.3952758122753727
1765626085.7292664,537.6300048828125,566.8099975585938,595.719970703125,470.8299865722656,495.8800048828125,589.5700073242188,759.2899780273438,762.7100219726562,805.8699951171875,300.1499938964844,0,0.0225197392293687,-0.111434433338347,0.6933325067147204,-0.8852683061252326,-0.203769596864333,-0.0028294376386547,0.4180549866304167
1765626086.0958035,537.6300048828125,566.8099975585938,595.719970703125,470.8299865722656,495.8800048828125,589.5700073242188,759.2899780273438,762.6300048828125,805.8699951171875,300.1499938964844,0,0.0231331517864016,-0.1148446589994351,0.7121303362604523,-0.8956610771267536,-0.203662597975196,-0.0122914011928522,0.3951730033325323
1765626086.186655,537.6300048828125,566.8099975585938,595.719970703125,470.8299865722656,495.8800048828125,589.5700073242188,759.2899780273438,762.6300048828125,805.8699951171875,300.1499938964844,0,0.0223041522881313,-0.1117220230575381,0.6943443493743228,-0.881598851534199,-0.2006630653749536,-0.0112095756961702,0.4270739333893143
1765626086.4256482,537.6300048828125,566.8099975585938,595.719970703125,470.8299865722656,495.8800048828125,589.5700073242188,759.2899780273438,762.7100219726562,805.8699951171875,300.1499938964844,0,0.0228111538804819,-0.1141419325711363,0.7101522641707818,-0.8909113193175764,-0.2080759697743341,-0.0033879381602502,0.4036953477429583
1765626086.4824378,537.6300048828125,566.8099975585938,595.719970703125,470.8299865722656,495.9700012207031,589.5700073242188,759.2899780273438,762.7100219726562,805.8699951171875,300.1499938964844,0,0.0225542636089733,-0.1117211113600475,0.6943394205485951,-0.8814084206295285,-0.2005710298066749,-0.0122700534476598,0.4274808812497251
1765626086.5794911,537.6300048828125,566.8099975585938,595.719970703125,470.8299865722656,495.9700012207031,589.5700073242188,759.2899780273438,762.7100219726562,805.8699951171875,300.1499938964844,0,0.0228111538804819,-0.1141419325711363,0.7101522641707818,-0.8909113193175764,-0.2080759697743341,-0.0033879381602502,0.4036953477429583
1765626086.635472,537.6300048828125,566.8099975585938,595.719970703125,470.8299865722656,495.9700012207031,589.5700073242188,759.2899780273438,762.7100219726562,805.8699951171875,300.1499938964844,0,0.0223448328236656,-0.1124311768823341,0.6995264135684215,-0.8876149520670341,-0.2081340088813241,-0.0127076432359035,0.4106804682687194
1765626086.739778,537.6300048828125,566.8099975585938,595.719970703125,470.8299865722656,495.8800048828125,589.5700073242188,759.2899780273438,762.7100219726562,805.8699951171875,300.1499938964844,0,0.0221347271067189,-0.1107425322798038,0.6890375210515011,-0.8842456976037358,-0.2081668881342723,-0.0215488348911594,0.4175065755992465
1765626086.8428712,537.6300048828125,566.8099975585938,595.719970703125,470.8299865722656,495.8800048828125,589.5700073242188,759.2899780273438,762.7100219726562,805.8699951171875,300.1499938964844,0,0.0228111538804819,-0.1141419325711363,0.7101522641707818,-0.8909113193175764,-0.2080759697743341,-0.0033879381602502,0.4036953477429583
1765626086.9023614,537.6300048828125,566.8099975585938,595.719970703125,470.8299865722656,495.9700012207031,589.5700073242188,759.2899780273438,762.6300048828125,805.8699951171875,300.1499938964844,0,0.0223448328236656,-0.1124311768823341,0.6995264135684215,-0.8876149520670341,-0.2081340088813241,-0.0127076432359035,0.4106804682687194
1765626087.388981,537.6300048828125,566.8099975585938,595.719970703125,470.8299865722656,495.9700012207031,589.5700073242188,759.2899780273438,762.6300048828125,805.8699951171875,300.1499938964844,0,0.0218970037160686,-0.1088223928113491,0.6778656655292903,-0.8849607673397788,-0.2113348046018213,-0.0208308960556778,0.4144250407526282
1765626087.5138702,537.6300048828125,566.8099975585938,595.719970703125,470.8299865722656,495.8800048828125,589.5700073242188,759.2899780273438,762.6300048828125,805.8699951171875,300.1499938964844,0,0.0223448328236656,-0.1124311768823341,0.6995264135684215,-0.8876149520670341,-0.2081340088813241,-0.0127076432359035,0.4106804682687194
1765626087.907978,537.6300048828125,566.8099975585938,595.719970703125,470.8299865722656,495.8800048828125,589.5700073242188,759.2899780273438,762.7100219726562,805.8699951171875,300.1499938964844,0,0.0219901035037507,-0.1092993181063384,0.6808281247843386,-0.877502199813834,-0.2079706412512143,-0.003751261423952,0.4321157596491594
1765626088.3319793,537.6300048828125,566.8099975585938,595.719970703125,470.8299865722656,495.9700012207031,589.5700073242188,759.2899780273438,762.6300048828125,805.8699951171875,300.1499938964844,0,0.0228754544936061,-0.1143236347049796,0.7120789586690648,-0.8956303155813773,-0.2036698164278656,-0.0138023951706942,0.3951891162157608
1765626088.3820407,537.6300048828125,566.8099975585938,595.719970703125,470.8299865722656,495.9700012207031,589.5700073242188,759.2899780273438,762.6300048828125,805.8699951171875,300.1499938964844,0,0.0222991748462963,-0.1115609226484933,0.6932573116633919,0.9398882988838942,0.2148817843069236,0.0017008454643651,0.2653919959586551
1765626088.4278762,537.6300048828125,566.8099975585938,595.719970703125,470.8299865722656,495.9700012207031,589.5700073242188,759.2899780273438,762.6300048828125,805.8699951171875,300.1499938964844,0,0.0219901035037507,-0.1092993181063384,0.6808281247843386,-0.877502199813834,-0.2079706412512143,-0.003751261423952,0.4321157596491594
1765626088.4970963,537.6300048828125,566.8099975585938,595.719970703125,470.8299865722656,495.9700012207031,589.5700073242188,759.2899780273438,762.6300048828125,805.8699951171875,300.1499938964844,0,0.0224937529436329,-0.1110540290685421,0.6925185799347175,-0.885007333670492,-0.2035644761126738,-0.0048308722423055,0.4186886505361681
1765626088.724953,537.6300048828125,566.8099975585938,595.719970703125,470.8299865722656,495.9700012207031,589.5700073242188,759.2899780273438,762.7100219726562,805.8699951171875,300.1499938964844,0,0.0227939343647221,-0.1132902231124652,0.705650372361127,-0.8932280948016232,-0.1993755233560286,-0.0027103355129783,0.402970998243024
1765626088.829646,537.6300048828125,566.8099975585938,595.719970703125,470.8299865722656,495.9700012207031,589.5700073242188,759.2899780273438,762.7100219726562,805.8699951171875,300.1499938964844,0,0.0222991748462963,-0.1115609226484933,0.6932573116633919,0.9398882988838942,0.2148817843069236,0.0017008454643651,0.2653919959586551
1765626088.985094,537.6300048828125,566.8099975585938,595.719970703125,470.8299865722656,495.8800048828125,589.5700073242188,759.2899780273438,762.7100219726562,805.8699951171875,300.1499938964844,0,0.0227939343647221,-0.1132902231124652,0.705650372361127,-0.8932280948016232,-0.1993755233560286,-0.0027103355129783,0.402970998243024
1765626089.1572216,537.6300048828125,566.8099975585938,595.719970703125,470.8299865722656,495.8800048828125,589.5700073242188,759.2899780273438,762.7100219726562,805.8699951171875,300.1499938964844,0,0.0222991748462963,-0.1115609226484933,0.6932573116633919,0.9398882988838942,0.2148817843069236,0.0017008454643651,0.2653919959586551
1765626089.725199,537.6300048828125,566.8099975585938,595.719970703125,470.8299865722656,495.9700012207031,589.5700073242188,759.2899780273438,762.7100219726562,805.8699951171875,300.1499938964844,0,0.0219901035037507,-0.1092993181063384,0.6808281247843386,-0.877502199813834,-0.2079706412512143,-0.003751261423952,0.4321157596491594
1765626089.7735825,537.6300048828125,566.8099975585938,595.719970703125,470.8299865722656,495.9700012207031,589.5700073242188,759.2899780273438,762.7100219726562,805.8699951171875,300.1499938964844,0,0.0227939343647221,-0.1132902231124652,0.705650372361127,-0.8932280948016232,-0.1993755233560286,-0.0027103355129783,0.402970998243024
1765626089.8617325,537.6300048828125,566.8099975585938,595.719970703125,470.8299865722656,495.9700012207031,589.5700073242188,759.2899780273438,762.7100219726562,805.8699951171875,300.1499938964844,0,0.0219901035037507,-0.1092993181063384,0.6808281247843386,-0.877502199813834,-0.2079706412512143,-0.003751261423952,0.4321157596491594
1765626089.8983555,537.6300048828125,566.8099975585938,595.719970703125,470.8299865722656,495.9700012207031,589.5700073242188,759.2899780273438,762.7100219726562,805.8699951171875,300.1499938964844,0,0.0224937529436329,-0.1110540290685421,0.6925185799347175,-0.885007333670492,-0.2035644761126738,-0.0048308722423055,0.4186886505361681
1765626090.02035,537.6300048828125,566.8099975585938,595.719970703125,470.8299865722656,495.9700012207031,589.5700073242188,759.2899780273438,762.7100219726562,805.8699951171875,300.1499938964844,0,0.0227832934552445,-0.1137445040505102,0.7092701427603382,-0.8906251283431228,-0.2078482805155713,-0.0055450999774785,0.4044196149011029
1765626090.3007474,537.6300048828125,566.8099975585938,595.719970703125,470.8299865722656,495.9700012207031,589.5700073242188,759.2899780273438,762.7100219726562,805.8699951171875,300.1499938964844,0,0.0222168840743727,-0.1115560408668394,0.6956397028393894,-0.8864691608826663,-0.2153983389524272,0.0053172150733298,0.4095701522381494
1765626090.5989616,537.6300048828125,566.8099975585938,595.719970703125,470.8299865722656,495.8800048828125,589.5700073242188,759.3699951171875,762.6300048828125,805.8699951171875,300.1499938964844,0,0.0220413444358138,-0.109424320577026,0.6823698414608337,-0.8740337757277074,-0.2050455348870426,-0.0113522360402248,0.4403321635390054
1765626090.6381743,537.6300048828125,566.8099975585938,595.719970703125,470.8299865722656,495.8800048828125,589.5700073242188,759.3699951171875,762.6300048828125,805.8699951171875,300.1499938964844,0,0.0223716309767334,-0.1123116475467934,0.6994951473992957,0.9406528823924682,0.2203785129586521,-0.0075670334493864,0.2579693894198506
1765626090.727099,537.6300048828125,566.8099975585938,595.719970703125,470.8299865722656,495.8800048828125,589.5700073242188,759.2899780273438,762.7100219726562,805.8699951171875,300.1499938964844,0,0.0220198285964061,-0.1106617471846079,0.6884247421767756,0.9365148604916376,0.2079384782975033,0.0012720793789747,0.2823116843768619
1765626090.8618467,537.6300048828125,566.8099975585938,595.719970703125,470.8299865722656,495.9700012207031,589.5700073242188,759.2899780273438,762.7100219726562,805.8699951171875,300.1499938964844,0,0.0224668929113612,-0.1125540830563545,0.703431728136199,-0.8885501383921887,-0.203760483570609,0.0065558341423496,0.4109955449113677
1765626090.9393177,537.6300048828125,566.8099975585938,595.719970703125,470.8299865722656,495.9700012207031,589.5700073242188,759.2899780273438,762.7100219726562,805.8699951171875,300.1499938964844,0,0.0219440658451741,-0.1106842394935728,0.6909865856229359,-0.8806340426412472,-0.2080744007753733,0.0055924057930213,0.4256259527810179
1765626091.721401,537.6300048828125,566.8099975585938,595.719970703125,470.8299865722656,495.9700012207031,589.5700073242188,759.2899780273438,762.6300048828125,805.8699951171875,300.1499938964844,0,0.0224668929113612,-0.1125540830563545,0.703431728136199,-0.8885501383921887,-0.203760483570609,0.0065558341423496,0.4109955449113677
1765626091.8202257,537.6300048828125,566.8099975585938,595.719970703125,470.8299865722656,495.9700012207031,589.5700073242188,759.2899780273438,762.6300048828125,805.8699951171875,300.1499938964844,0,0.0219440658451741,-0.1106842394935728,0.6909865856229359,-0.8806340426412472,-0.2080744007753733,0.0055924057930213,0.4256259527810179
1765626092.551499,537.6300048828125,566.8099975585938,595.719970703125,470.8299865722656,495.9700012207031,589.5700073242188,759.2899780273438,762.7100219726562,805.8699951171875,300.1499938964844,0,0.0224668929113612,-0.1125540830563545,0.703431728136199,-0.8885501383921887,-0.203760483570609,0.0065558341423496,0.4109955449113677
1765626092.6046937,537.6300048828125,566.8099975585938,595.719970703125,470.8299865722656,495.9700012207031,589.5700073242188,759.2899780273438,762.7100219726562,805.8699951171875,300.1499938964844,0,0.0219440658451741,-0.1106842394935728,0.6909865856229359,-0.8806340426412472,-0.2080744007753733,0.0055924057930213,0.4256259527810179
1765626093.1383836,537.6300048828125,566.8099975585938,595.719970703125,470.8299865722656,495.8800048828125,589.5700073242188,759.2899780273438,762.7100219726562,805.8699951171875,300.1499938964844,0,0.0224668929113612,-0.1125540830563545,0.703431728136199,-0.8885501383921887,-0.203760483570609,0.0065558341423496,0.4109955449113677
1765626093.1872847,537.6300048828125,566.8099975585938,595.719970703125,470.8299865722656,495.8800048828125,589.5700073242188,759.2899780273438,762.7100219726562,805.8699951171875,300.0599975585937,0,0.0220205713697587,-0.1109355612211186,0.6933338987316429,-0.8854531130211981,-0.2038994494070486,-0.0031350190713657,0.4175978577866441
1765626098.4551606,537.6300048828125,566.8099975585938,595.719970703125,470.8299865722656,495.9700012207031,589.5700073242188,759.2899780273438,762.7100219726562,805.8699951171875,300.1499938964844,0,0.0222858889554442,-0.1127824471724438,0.7056515304646662,-0.8934083718222943,-0.1994995467389065,-0.0030246949462204,0.4025074697807362
1765626098.6937792,537.6300048828125,566.8099975585938,595.719970703125,470.8299865722656,495.8800048828125,589.5700073242188,759.2899780273438,762.7100219726562,805.8699951171875,300.1499938964844,0,0.0219951557654148,-0.1105556575181097,0.6925194743796447,-0.8851911712846197,-0.2036952271323961,-0.0051369023133787,0.4182325393341214
1765626099.520492,537.6300048828125,566.8099975585938,595.719970703125,470.8299865722656,495.9700012207031,589.5700073242188,759.2899780273438,762.7100219726562,805.8699951171875,300.1499938964844,0,0.0222858889554442,-0.1127824471724438,0.7056515304646662,-0.8934083718222943,-0.1994995467389065,-0.0030246949462204,0.4025074697807362
1765626099.6456609,537.6300048828125,566.8099975585938,595.719970703125,470.8299865722656,495.9700012207031,589.5700073242188,759.2899780273438,762.7100219726562,805.8699951171875,300.0599975585937,0,0.022054296541493,-0.1107213754689745,0.6943388144607905,-0.8817663008851082,-0.2007235602855658,-0.0124876665895612,0.4266641549894104
1765626099.698379,537.6300048828125,566.8099975585938,595.719970703125,470.8299865722656,495.9700012207031,589.5700073242188,759.2899780273438,762.6300048828125,805.9600219726562,300.0599975585937,0,0.0222858889554442,-0.1127824471724438,0.7056515304646662,-0.8934083718222943,-0.1994995467389065,-0.0030246949462204,0.4025074697807362
1765626099.892622,537.6300048828125,566.8099975585938,595.719970703125,470.8299865722656,495.8800048828125,589.5700073242188,759.2899780273438,762.6300048828125,805.9600219726562,300.1499938964844,0,0.0216655923521278,-0.1095294634422602,0.6860961988408245,-0.8749311550559189,-0.2006929135982067,0.0054926460614941,0.4406672885332214
1765626099.962323,537.6300048828125,566.8099975585938,595.719970703125,470.8299865722656,495.8800048828125,589.5700073242188,759.2899780273438,762.6300048828125,805.9600219726562,300.1499938964844,0,0.0220922593309392,-0.1114203342264037,0.699502760907171,-0.888014650041746,-0.2082813103957278,-0.0127798476942184,0.4097383952523686
1765626100.5578325,537.6300048828125,566.8099975585938,595.719970703125,470.8299865722656,495.9700012207031,589.5700073242188,759.2899780273438,762.6300048828125,805.9600219726562,300.1499938964844,0,0.0217293320811256,-0.1097178498501687,0.68805291680288,-0.8795281010729976,-0.1964927144619263,-0.0035052537864553,0.4333689487979076
1765626101.244759,537.6300048828125,566.8099975585938,595.719970703125,470.8299865722656,495.9700012207031,589.5700073242188,759.2899780273438,762.7100219726562,805.8699951171875,300.1499938964844,0,0.0220922593309392,-0.1114203342264037,0.699502760907171,-0.888014650041746,-0.2082813103957278,-0.0127798476942184,0.4097383952523686
1765626101.558894,537.6300048828125,566.8099975585938,595.719970703125,470.8299865722656,495.8800048828125,589.5700073242188,759.2899780273438,762.7100219726562,805.9600219726562,300.1499938964844,0,0.0217293320811256,-0.1097178498501687,0.68805291680288,-0.8795281010729976,-0.1964927144619263,-0.0035052537864553,0.4333689487979076
1765626101.8353622,537.6300048828125,566.8099975585938,595.719970703125,470.8299865722656,495.8800048828125,589.5700073242188,759.2899780273438,762.7100219726562,805.9600219726562,300.1499938964844,0,0.0223375255790633,-0.1129082347419518,0.7072355654461095,-0.8897970055898033,-0.1963632758954432,-0.0116173010890451,0.4117860986464162
1765626101.8880072,537.6300048828125,566.8099975585938,595.719970703125,470.8299865722656,495.8800048828125,589.5700073242188,759.2899780273438,762.7100219726562,805.9600219726562,300.1499938964844,0,0.022054296541493,-0.1107213754689745,0.6943388144607905,-0.8817663008851082,-0.2007235602855658,-0.0124876665895612,0.4266641549894104
1765626102.114336,537.6300048828125,566.8099975585938,595.719970703125,470.8299865722656,495.9700012207031,589.5700073242188,759.2899780273438,762.7100219726562,805.9600219726562,300.1499938964844,0,0.0214999507226992,-0.1088094966211097,0.6808298632025814,-0.8776906986210838,-0.2081062081376411,-0.0040490312279378,0.4316647414773667
1765626102.1603873,537.6300048828125,566.8099975585938,595.719970703125,470.8299865722656,495.9700012207031,589.5700073242188,759.2899780273438,762.7100219726562,805.9600219726562,300.1499938964844,0,0.0223342927981817,-0.113412386846946,0.7111893877262137,-0.8872897051024868,-0.2049369631749438,-0.0136870964804766,0.4129533675049857
1765626102.2101884,537.6300048828125,566.8099975585938,595.719970703125,470.8299865722656,495.9700012207031,589.5700073242188,759.2899780273438,762.7100219726562,805.9600219726562,300.1499938964844,0,0.0219951557654148,-0.1105556575181097,0.6925194743796447,-0.8851911712846197,-0.2036952271323961,-0.0051369023133787,0.4182325393341214
1765626102.4157352,537.6300048828125,566.8099975585938,595.719970703125,470.8299865722656,495.8800048828125,589.5700073242188,759.2899780273438,762.7100219726562,805.9600219726562,300.1499938964844,0,0.0222858889554442,-0.1127824471724438,0.7056515304646662,-0.8934083718222943,-0.1994995467389065,-0.0030246949462204,0.4025074697807362
1765626102.450672,537.6300048828125,566.8099975585938,595.719970703125,470.8299865722656,495.8800048828125,589.5700073242188,759.2899780273438,762.7100219726562,805.9600219726562,300.1499938964844,0,0.0215500408141255,-0.1089331792483617,0.6823702686643135,-0.8742211448171213,-0.2051860410210204,-0.0116504047427653,0.4398867429169599
1765626102.5222769,537.6300048828125,566.8099975585938,595.6300048828125,470.2999877929688,495.8800048828125,589.5700073242188,759.3699951171875,762.7100219726562,805.8699951171875,300.1499938964844,0,0.0220003433685706,-0.1123676496158202,0.7046457992358597,-0.8849524107755223,-0.2006307554396343,-0.0040850732240571,0.4202259425726438
1765626102.884861,537.6300048828125,566.8099975585938,595.6300048828125,470.2999877929688,495.8800048828125,589.5700073242188,775.2000122070312,762.7100219726562,805.780029296875,300.1499938964844,0,0.0238561410285857,-0.1235096209769945,0.699528731979047,-0.8837909815767464,-0.2073965705385179,-0.0135661134439228,0.4191850712734168
1765626103.0125566,537.6300048828125,566.8099975585938,595.6300048828125,470.2999877929688,495.8800048828125,589.5700073242188,775.2000122070312,762.7100219726562,805.780029296875,300.1499938964844,0,0.0252073191390486,-0.1248845517936816,0.6849915799693916,-0.8779430224866769,-0.2139989108029462,-0.0048724760720978,0.4282484961083201
1765626103.1435108,537.6300048828125,566.8099975585938,595.6300048828125,470.2999877929688,495.8800048828125,589.5700073242188,786.0900268554688,762.7100219726562,805.8699951171875,300.1499938964844,0,0.0261634835587246,-0.1332766120037055,0.694014779935805,-0.8698256570539179,-0.2147479055341219,0.0017961098475124,0.4441660020632416
1765626103.268033,537.6300048828125,566.8099975585938,595.6300048828125,470.2999877929688,495.8800048828125,589.5700073242188,797.4299926757812,762.7100219726562,805.8699951171875,300.1499938964844,0,0.0268498471138798,-0.1402269837455506,0.6987748205908316,-0.8774390819577561,-0.2058416559423183,-0.0158165392646883,0.4329892691715846
1765626103.4718704,537.6300048828125,566.8099975585938,595.6300048828125,470.2099914550781,495.8800048828125,589.5700073242188,807.7100219726562,762.7100219726562,805.8699951171875,300.1499938964844,0,0.0286720548522302,-0.1505588069191726,0.7065287361484601,-0.8823714609524118,-0.2245446068871275,-0.0087631303983002,0.4134289926459369
1765626103.6560416,537.6300048828125,566.8099975585938,595.6300048828125,470.2099914550781,495.8800048828125,589.5700073242188,818.1699829101562,762.7100219726562,805.8699951171875,300.1499938964844,0,0.0288778873725159,-0.1601311725069722,0.7022337424331387,-0.8807439866626211,-0.2152907322211132,-0.0111676382235678,0.4216814134317961
1765626103.8306935,537.6300048828125,566.8099975585938,595.6300048828125,470.2099914550781,495.8800048828125,589.5700073242188,818.1699829101562,762.7100219726562,805.8699951171875,300.1499938964844,0,0.028978709511126,-0.163252800251574,0.6866769796943939,-0.8723997954304022,-0.2107544026797788,-0.0091926370384361,0.4409270621183981
1765626103.866716,537.6300048828125,566.8099975585938,595.6300048828125,470.2099914550781,495.8800048828125,589.5700073242188,819.8400268554688,762.7100219726562,805.8699951171875,300.1499938964844,0,0.0294005808839526,-0.163545551094128,0.6879056212481426,-0.8733805901964358,-0.2219931097775788,-0.0035080189096057,0.4334894435655098
1765626104.3997626,537.6300048828125,566.8099975585938,595.6300048828125,470.2099914550781,495.8800048828125,589.5700073242188,819.8400268554688,762.7100219726562,805.8699951171875,300.0599975585937,0,0.0289532606840698,-0.1651111230814793,0.7040648735302877,-0.8886524527367298,-0.2144078698483156,-0.0098236185095078,0.4052524893340965
1765626104.8210282,537.6300048828125,566.8099975585938,595.6300048828125,470.2099914550781,495.8800048828125,589.5700073242188,819.9299926757812,762.7100219726562,805.8699951171875,300.1499938964844,0,0.027990085655825,-0.1612769491624703,0.6866827087201111,-0.8731976429623589,-0.2110553487814004,-0.0096240833789735,0.4391911805749935
1765626104.917759,537.6300048828125,566.8099975585938,595.6300048828125,470.2099914550781,495.8800048828125,589.5700073242188,819.9299926757812,762.7100219726562,805.8699951171875,300.1499938964844,0,0.0284085091714478,-0.1633017654079919,0.6968946858835837,-0.8823935885226707,-0.2220934062161848,-0.0223981280473877,0.4141912574033274
1765626105.4868348,537.6300048828125,566.8099975585938,595.6300048828125,470.2099914550781,495.8800048828125,589.5700073242188,819.9299926757812,762.7100219726562,805.8699951171875,300.1499938964844,0,0.0279166533626232,-0.1604929454497614,0.6849195311844927,-0.8769369285856656,-0.2142827752444353,-0.0012783644883675,0.430189355168764
1765626105.6840844,537.6300048828125,566.8099975585938,595.6300048828125,470.2099914550781,495.8800048828125,589.5700073242188,819.9299926757812,762.7100219726562,805.8699951171875,300.1499938964844,0,0.0284085551490899,-0.1638036037006773,0.6968955185126141,-0.8822103870169016,-0.2220655595427252,-0.0225094818480847,0.4145902115720969
1765626105.9374683,537.6300048828125,566.8099975585938,595.6300048828125,470.2099914550781,495.8800048828125,589.5700073242188,819.9299926757812,762.7100219726562,805.8699951171875,300.1499938964844,0,0.0279583668046979,-0.1608445806417323,0.6858943458681204,-0.8729198066990629,-0.2107704897113515,-0.0115409310611334,0.43983362610145
1765626105.988716,537.6300048828125,566.8099975585938,595.6300048828125,470.2099914550781,495.8800048828125,589.5700073242188,819.9299926757812,762.7100219726562,805.8699951171875,300.1499938964844,0,0.0284465820966838,-0.1651125041059647,0.7040708041100309,-0.8886731932260424,-0.2144994094161406,-0.0102733468211117,0.4051474019991357
1765626106.0563917,537.6300048828125,566.8099975585938,595.6300048828125,470.2099914550781,495.8800048828125,589.5700073242188,819.9299926757812,762.7100219726562,805.8699951171875,300.1499938964844,0,0.0280397732387263,-0.1619067071763472,0.6909470533435029,-0.8797680563233231,-0.2182696595352815,-0.0116851992238948,0.4221729253736347
1765626107.4245372,537.6300048828125,566.8099975585938,595.6300048828125,470.2099914550781,495.8800048828125,589.5700073242188,819.9299926757812,762.7100219726562,805.8699951171875,300.1499938964844,0,0.0284465820966838,-0.1651125041059647,0.7040708041100309,-0.8886731932260424,-0.2144994094161406,-0.0102733468211117,0.4051474019991357
1765626107.4729657,537.6300048828125,566.8099975585938,595.6300048828125,470.2099914550781,495.8800048828125,589.5700073242188,819.9299926757812,762.7100219726562,805.8699951171875,300.1499938964844,0,0.0280397732387263,-0.1619067071763472,0.6909470533435029,-0.8797680563233231,-0.2182696595352815,-0.0116851992238948,0.4221729253736347
1765626107.511777,537.6300048828125,566.8099975585938,595.6300048828125,470.2099914550781,495.8800048828125,589.5700073242188,819.9299926757812,762.7100219726562,805.8699951171875,300.1499938964844,0,0.0284465820966838,-0.1651125041059647,0.7040708041100309,-0.8886731932260424,-0.2144994094161406,-0.0102733468211117,0.4051474019991357
1765626107.6275115,537.6300048828125,566.8099975585938,595.6300048828125,470.2099914550781,495.8800048828125,589.5700073242188,819.9299926757812,762.7100219726562,805.8699951171875,300.1499938964844,0,0.0280397732387263,-0.1619067071763472,0.6909470533435029,-0.8797680563233231,-0.2182696595352815,-0.0116851992238948,0.4221729253736347
1765626107.962309,537.6300048828125,566.8099975585938,595.6300048828125,470.2099914550781,495.8800048828125,589.5700073242188,819.9299926757812,762.7100219726562,805.8699951171875,300.1499938964844,0,0.0284465820966838,-0.1651125041059647,0.7040708041100309,-0.8886731932260424,-0.2144994094161406,-0.0102733468211117,0.4051474019991357
1765626108.0397303,537.6300048828125,566.8099975585938,595.6300048828125,470.2099914550781,495.8800048828125,589.5700073242188,819.9299926757812,762.7100219726562,805.8699951171875,300.1499938964844,0,0.0280397732387263,-0.1619067071763472,0.6909470533435029,-0.8797680563233231,-0.2182696595352815,-0.0116851992238948,0.4221729253736347
1765626108.1158395,537.6300048828125,566.8099975585938,595.6300048828125,470.2099914550781,495.8800048828125,589.5700073242188,819.9299926757812,762.7100219726562,805.8699951171875,300.1499938964844,0,0.0284465820966838,-0.1651125041059647,0.7040708041100309,-0.8886731932260424,-0.2144994094161406,-0.0102733468211117,0.4051474019991357
1765626108.45431,537.6300048828125,566.8099975585938,595.6300048828125,470.2099914550781,495.8800048828125,589.5700073242188,819.9299926757812,762.7100219726562,805.8699951171875,300.1499938964844,0,0.0280397732387263,-0.1619067071763472,0.6909470533435029,-0.8797680563233231,-0.2182696595352815,-0.0116851992238948,0.4221729253736347
1765626108.7596123,537.6300048828125,566.8099975585938,595.6300048828125,470.2099914550781,495.8800048828125,589.5700073242188,819.9299926757812,762.7100219726562,805.8699951171875,300.1499938964844,0,0.0284465820966838,-0.1651125041059647,0.7040708041100309,-0.8886731932260424,-0.2144994094161406,-0.0102733468211117,0.4051474019991357
1765626108.8559186,537.6300048828125,566.8099975585938,595.6300048828125,470.2099914550781,495.8800048828125,589.5700073242188,819.8400268554688,762.7100219726562,805.8699951171875,300.1499938964844,0,0.0280397732387263,-0.1619067071763472,0.6909470533435029,-0.8797680563233231,-0.2182696595352815,-0.0116851992238948,0.4221729253736347
1765626109.177149,537.6300048828125,566.8099975585938,595.6300048828125,470.2099914550781,495.8800048828125,589.5700073242188,819.9299926757812,762.7100219726562,805.8699951171875,300.1499938964844,0,0.0284465820966838,-0.1651125041059647,0.7040708041100309,-0.8886731932260424,-0.2144994094161406,-0.0102733468211117,0.4051474019991357
1765626109.2283163,537.6300048828125,566.8099975585938,595.6300048828125,470.2099914550781,495.8800048828125,589.5700073242188,819.9299926757812,762.7100219726562,805.8699951171875,300.1499938964844,0,0.0280397732387263,-0.1619067071763472,0.6909470533435029,-0.8797680563233231,-0.2182696595352815,-0.0116851992238948,0.4221729253736347
1765626109.2677712,537.6300048828125,566.8099975585938,595.6300048828125,470.2099914550781,495.8800048828125,589.5700073242188,819.8400268554688,762.7100219726562,805.8699951171875,300.1499938964844,0,0.0284465820966838,-0.1651125041059647,0.7040708041100309,-0.8886731932260424,-0.2144994094161406,-0.0102733468211117,0.4051474019991357
1765626109.3049695,537.6300048828125,566.8099975585938,595.6300048828125,470.2099914550781,495.8800048828125,589.5700073242188,819.8400268554688,762.7100219726562,805.8699951171875,300.1499938964844,0,0.0280397732387263,-0.1619067071763472,0.6909470533435029,-0.8797680563233231,-0.2182696595352815,-0.0116851992238948,0.4221729253736347
1765626109.3815105,537.6300048828125,566.8099975585938,595.6300048828125,470.2099914550781,495.8800048828125,589.5700073242188,819.8400268554688,762.7100219726562,805.8699951171875,300.1499938964844,0,0.0284465820966838,-0.1651125041059647,0.7040708041100309,-0.8886731932260424,-0.2144994094161406,-0.0102733468211117,0.4051474019991357
1765626109.4272077,537.6300048828125,566.8099975585938,595.6300048828125,470.2099914550781,495.8800048828125,589.5700073242188,819.8400268554688,762.7100219726562,805.8699951171875,300.1499938964844,0,0.0280397732387263,-0.1619067071763472,0.6909470533435029,-0.8797680563233231,-0.2182696595352815,-0.0116851992238948,0.4221729253736347
1765626109.46393,537.6300048828125,566.8099975585938,595.6300048828125,470.2099914550781,495.8800048828125,589.5700073242188,819.8400268554688,762.7100219726562,805.8699951171875,300.1499938964844,0,0.0283300121445436,-0.1643209154290447,0.7012361785223302,-0.8832423780733561,-0.2188170071311554,-0.0015354829352204,0.414728418676177
1765626109.5905218,537.6300048828125,566.8099975585938,595.6300048828125,470.2099914550781,495.8800048828125,589.5700073242188,819.8400268554688,762.7100219726562,805.8699951171875,300.1499938964844,0,0.0280397732387263,-0.1619067071763472,0.6909470533435029,-0.8797680563233231,-0.2182696595352815,-0.0116851992238948,0.4221729253736347
1765626109.628698,537.6300048828125,566.8099975585938,595.6300048828125,470.2099914550781,495.8800048828125,589.5700073242188,819.8400268554688,762.7100219726562,805.8699951171875,300.1499938964844,0,0.0284465820966838,-0.1651125041059647,0.7040708041100309,-0.8886731932260424,-0.2144994094161406,-0.0102733468211117,0.4051474019991357
1765626109.7923727,537.6300048828125,566.8099975585938,595.8099975585938,469.7799987792969,495.8800048828125,589.5700073242188,819.9299926757812,762.7100219726562,805.8699951171875,300.0599975585937,0,0.0280397732387263,-0.1619067071763472,0.6909470533435029,-0.8797680563233231,-0.2182696595352815,-0.0116851992238948,0.4221729253736347
1765626109.9211135,537.6300048828125,566.8099975585938,605.2999877929688,469.25,495.8800048828125,589.5700073242188,819.9299926757812,762.7100219726562,805.780029296875,300.1499938964844,0,0.0248411314031464,-0.161749593290213,0.6918720135238584,-0.8758458353321653,-0.2154238572478904,-0.0239340009489083,0.4311772234920576
1765626110.0917735,537.6300048828125,569.0,610.219970703125,468.5400085449219,495.8800048828125,589.5700073242188,818.7899780273438,762.7100219726562,805.6099853515625,300.0599975585937,0,0.0155034558822017,-0.1588671203574935,0.6864185103711535,-0.8795293872803872,-0.2240845810341974,-0.0418716626177245,0.4176851940427651
1765626110.1931322,537.6300048828125,569.0,610.219970703125,468.5400085449219,495.8800048828125,589.5700073242188,818.7899780273438,762.7100219726562,805.6099853515625,300.1499938964844,0,0.0144103170111578,-0.1619682173560005,0.6992574004574045,-0.8883109449764963,-0.2202747017097202,-0.0439289198352519,0.4005658133487755
1765626110.2621458,537.6300048828125,571.2000122070312,608.8200073242188,467.75,495.8800048828125,589.5700073242188,816.4199829101562,762.7100219726562,805.52001953125,300.1499938964844,0,0.0167916353508217,-0.1595794644226677,0.704256154362656,-0.8910881960782298,-0.2168744777946868,-0.0192940658659235,0.3981896868499857
1765626110.3254993,537.6300048828125,571.2000122070312,608.8200073242188,467.75,495.8800048828125,589.5700073242188,816.4199829101562,762.7100219726562,805.52001953125,300.1499938964844,0,0.0178879029600896,-0.155708856320801,0.6926927714750606,-0.8786757953898936,-0.2174262440357867,-0.0271124352126154,0.4241692950429934
1765626111.053717,537.6300048828125,571.3800048828125,609.52001953125,467.75,495.8800048828125,589.5700073242188,816.4199829101562,762.7100219726562,805.52001953125,300.1499938964844,0,0.0172329512194744,-0.1545665043465712,0.6767929363925481,-0.8718015907153577,-0.213192769428723,-0.0264768540859936,0.4402383509954491
1765626111.2282765,537.6300048828125,571.3800048828125,609.52001953125,467.75,495.8800048828125,589.5700073242188,816.4199829101562,762.7100219726562,805.52001953125,300.1499938964844,0,0.0178051472272813,-0.1595741044694081,0.704232441689648,-0.8910514268607898,-0.2166905925749053,-0.0184047860278765,0.3984141132416811
1765626111.303313,537.6300048828125,571.3800048828125,609.52001953125,467.75,495.8800048828125,589.5700073242188,816.4199829101562,762.7100219726562,805.52001953125,300.1499938964844,0,0.0174130698823576,-0.1576650916909162,0.6936187730044664,-0.8869833011993891,-0.2162065948400638,-0.0285540530493748,0.4070626460332022
1765626112.275506,537.6300048828125,571.3800048828125,613.47998046875,466.9599914550781,495.8800048828125,589.5700073242188,814.47998046875,762.7100219726562,805.4299926757812,300.1499938964844,0,0.017596921638636,-0.1569703843261752,0.6911121090763606,-0.8819965373479746,-0.2205864799660932,-0.0197001513434631,0.4159755004797711
1765626112.4284954,537.6300048828125,571.3800048828125,613.47998046875,466.9599914550781,495.8800048828125,589.5700073242188,814.47998046875,762.7100219726562,805.4299926757812,300.1499938964844,0,0.0147958416856788,-0.1518969407798856,0.6823032242566685,-0.8755397634317453,-0.2177600595743654,-0.0382274254700404,0.4295920658554865
1765626112.4785538,537.6300048828125,573.5700073242188,617.7000122070312,466.260009765625,495.8800048828125,589.5700073242188,812.5499877929688,762.7100219726562,805.25,300.1499938964844,0,0.0133590782977978,-0.1543114818474182,0.6970731609275727,-0.8860303741545807,-0.2254491186642106,-0.0335415810919305,0.4037299014277712
1765626112.6419878,537.6300048828125,573.5700073242188,617.7000122070312,466.260009765625,495.8800048828125,589.5700073242188,812.5499877929688,762.7100219726562,805.25,300.1499938964844,0,0.0095738959112123,-0.150979175304517,0.6864992502664486,-0.8825126577136407,-0.2257502031572773,-0.0452615011387935,0.4100727389918982
1765626112.677614,537.6300048828125,575.77001953125,616.3800048828125,466.0799865722656,495.8800048828125,589.5700073242188,810.969970703125,762.7100219726562,804.989990234375,300.1499938964844,0,0.0101846243206731,-0.1505442992855849,0.6862060576434423,-0.8774358406124204,-0.2150566308078702,-0.0245671075283713,0.4280811235992914
1765626113.072694,537.6300048828125,576.0399780273438,616.72998046875,466.0799865722656,495.8800048828125,589.5700073242188,810.6199951171875,762.7100219726562,804.9000244140625,300.1499938964844,0,0.0114062229776815,-0.1512468318866488,0.6928103444838734,-0.8804763055874787,-0.2189888944082114,-0.0316702892850483,0.4192878870197605
1765626113.7269075,537.6300048828125,576.0399780273438,616.72998046875,466.0799865722656,495.8800048828125,589.5700073242188,810.4400024414062,762.7100219726562,804.989990234375,300.1499938964844,0,0.0117539684890577,-0.1537661705272358,0.7060759832719294,-0.898119787531776,-0.2132731814761892,-0.0339153854221937,0.3830732879470535
1765626113.8758955,537.6300048828125,576.0399780273438,616.72998046875,466.0799865722656,495.8800048828125,589.5700073242188,810.4400024414062,762.7100219726562,804.989990234375,300.1499938964844,0,0.0119085145374691,-0.1512789566301342,0.6929558075059961,-0.8890045642156981,-0.2173374712069687,-0.0335199835057541,0.4016363020430186
1765626114.0359216,537.6300048828125,576.0399780273438,616.72998046875,466.0799865722656,495.8800048828125,589.5700073242188,810.4400024414062,762.7100219726562,804.989990234375,300.1499938964844,0,0.0117225068708033,-0.1535172125307921,0.7043527729033343,-0.8933683948144676,-0.2180820933500655,-0.0223064066805111,0.3922187347994464
1765626114.0713692,537.6300048828125,576.0399780273438,618.489990234375,465.4700012207031,495.8800048828125,589.5700073242188,809.5599975585938,762.7100219726562,804.72998046875,300.1499938964844,0,0.0116711839660669,-0.1511911295643544,0.6936956049027602,-0.8895130084348284,-0.2177035994311545,-0.0321558548035836,0.4004219669570979
1765626114.3948154,537.6300048828125,576.0399780273438,630.6199951171875,465.4700012207031,495.8800048828125,589.5700073242188,808.77001953125,762.7100219726562,804.72998046875,300.1499938964844,0,-0.002466670982853,-0.1408956602694316,0.6668643714303477,-0.8682619483640618,-0.2075039906344012,-0.0307668280058151,0.4495738929122801
1765626114.6280606,537.6300048828125,578.1400146484375,636.1500244140625,464.9400024414063,495.8800048828125,589.5700073242188,807.4500122070312,762.7100219726562,804.6400146484375,300.1499938964844,0,-0.0095972291619741,-0.1402912716255824,0.6790293821265266,-0.8820399034092511,-0.2152445290083651,-0.0558241778127917,0.4154022901926421
1765626114.6900086,537.6300048828125,578.5800170898438,630.530029296875,464.9400024414063,495.8800048828125,589.5700073242188,807.3599853515625,762.7100219726562,804.6400146484375,300.0599975585937,0,-0.0077377703667517,-0.1427287236517634,0.6878183704614357,-0.8894483257527966,-0.2247907807436151,-0.0697346442103327,0.3917752673473418
1765626115.356356,537.6300048828125,578.5800170898438,630.7000122070312,464.5899963378906,495.8800048828125,589.5700073242188,807.1900024414062,762.7100219726562,804.5499877929688,300.1499938964844,0,-0.0042220816672485,-0.14598626251956,0.7004595844288646,-0.897916853654775,-0.2195730443419083,-0.0689463283167888,0.3752058180955743
1765626115.3950803,537.6300048828125,578.5800170898438,630.7000122070312,464.5899963378906,495.8800048828125,589.5700073242188,807.1900024414062,762.7100219726562,804.5499877929688,300.1499938964844,0,-0.0043774140965991,-0.1431889645611795,0.6852870873349921,-0.8871612743099835,-0.2129638721147352,-0.0726228403879269,0.4028860702389382
1765626115.473096,537.6300048828125,578.5800170898438,638.260009765625,464.5,495.8800048828125,589.5700073242188,805.780029296875,762.7100219726562,804.5499877929688,300.1499938964844,0,-0.0050696288084858,-0.1455843954464212,0.6955390734339542,-0.8910688584257802,-0.2129557688926989,-0.0662846197714521,0.3952878435024916
1765626115.6743927,537.6300048828125,580.6099853515625,642.3900146484375,464.05999755859375,495.8800048828125,589.5700073242188,804.3699951171875,762.7100219726562,804.2899780273438,300.1499938964844,0,-0.0091280392982869,-0.1401056230667026,0.6815996776519327,0.9443832411492106,0.2377282255637104,-0.0255061244058467,0.2257764873157414
1765626115.895879,537.6300048828125,581.0399780273438,638.260009765625,464.05999755859375,495.8800048828125,589.5700073242188,804.2000122070312,762.7100219726562,804.2899780273438,300.1499938964844,0,-0.0138255109446469,-0.1418232995683608,0.7016870913485855,-0.9030252430861536,-0.2165180422071197,-0.0879416578465226,0.3604602787592479
1765626116.1211286,537.6300048828125,581.0399780273438,638.260009765625,464.05999755859375,495.8800048828125,589.5700073242188,804.2000122070312,762.7100219726562,804.2899780273438,300.1499938964844,0,-0.0122631021522448,-0.1382690342797064,0.6847388893738254,-0.893233659213566,-0.2177657257601363,-0.071130320285111,0.386849061351119
1765626116.202905,537.6300048828125,581.0399780273438,638.260009765625,464.05999755859375,495.8800048828125,589.5700073242188,804.2000122070312,762.7100219726562,804.2899780273438,300.1499938964844,0,-0.013571472178075,-0.1418073073399637,0.7016072597998262,-0.9033277561238344,-0.2166206203212913,-0.0871197876105687,0.3598397066397579
1765626116.526132,537.6300048828125,581.0399780273438,638.260009765625,464.05999755859375,495.8800048828125,589.5700073242188,804.2000122070312,762.7100219726562,804.2899780273438,300.1499938964844,0,-0.0129608020884164,-0.1396661259707259,0.6891942837427133,-0.8943898198906799,-0.221219191407378,-0.084343884732628,0.3794931205400071
1765626116.6884532,537.6300048828125,581.0399780273438,642.2999877929688,463.5400085449219,495.8800048828125,589.5700073242188,803.0599975585938,762.7100219726562,804.2899780273438,300.1499938964844,0,-0.0127167380839543,-0.1397090683108046,0.6894058198696073,-0.8944983353824606,-0.2211812676965249,-0.083580805913887,0.379428285320099
1765626117.0005584,537.6300048828125,581.0399780273438,654.3499755859375,463.5400085449219,495.8800048828125,589.5700073242188,802.969970703125,762.7100219726562,804.2899780273438,300.1499938964844,0,-0.0310504183802141,-0.1338404793689351,0.6860414829147156,-0.884159227915904,-0.2337070208279456,-0.1256383948421926,0.3845237077845215
1765626117.0512817,537.6300048828125,581.0399780273438,668.1400146484375,463.5400085449219,495.8800048828125,589.5700073242188,802.969970703125,762.7100219726562,804.2899780273438,300.1499938964844,0,-0.0342378413833375,-0.1325341789907978,0.6830441568877018,0.948614306185024,0.227177686238095,-0.0374688591368283,0.2170651551299645
1765626117.0898192,537.6300048828125,581.0399780273438,668.1400146484375,463.5400085449219,495.8800048828125,589.5700073242188,802.969970703125,762.7100219726562,804.2899780273438,300.1499938964844,0,-0.0357840359328437,-0.1261306718653527,0.6530218050642879,0.9344475145269274,0.2418987414225362,-0.0327565090778313,0.2592679166531694
1765626117.1772597,537.6300048828125,581.0399780273438,668.1400146484375,463.5400085449219,495.8800048828125,589.5700073242188,802.969970703125,762.7100219726562,804.2899780273438,300.1499938964844,0,-0.0437270999253034,-0.1274923822104485,0.6721186858252052,-0.8873977934281007,-0.2310149392578963,-0.1348419494757753,0.375466247111749
1765626117.404611,537.6300048828125,581.0399780273438,681.4199829101562,463.5400085449219,495.8800048828125,589.5700073242188,802.969970703125,762.7100219726562,804.2899780273438,300.1499938964844,0,-0.0554909096942443,-0.1267149993662852,0.687552126319456,-0.8982131537173048,-0.2355995776719612,-0.1726946898363207,0.3284547359870823
1765626117.5001302,537.6300048828125,583.0700073242188,686.9500122070312,463.2699890136719,495.8800048828125,589.5700073242188,802.0900268554688,762.7100219726562,804.2899780273438,300.1499938964844,0,-0.0585811497642926,-0.1253124152059391,0.6846229601776772,-0.900857369988879,-0.2280235327256697,-0.1735355308285743,0.3261083976227389
1765626117.7034109,537.6300048828125,583.510009765625,681.3300170898438,463.2699890136719,495.8800048828125,589.5700073242188,801.739990234375,762.7100219726562,804.2899780273438,300.1499938964844,0,-0.0526260536911751,-0.1254082020981009,0.6824693504740936,-0.9022184113691386,-0.2244671726617042,-0.1541869292814002,0.3344290917707086
1765626117.8190892,537.6300048828125,583.510009765625,681.3300170898438,463.2699890136719,495.8800048828125,589.5700073242188,801.739990234375,762.7100219726562,804.2899780273438,300.1499938964844,0,-0.0516863671458255,-0.1282222548727522,0.6930062968344762,-0.9067315366710686,-0.2204162203036509,-0.178129045985834,0.3122893741537669
1765626117.8678558,537.6300048828125,583.510009765625,681.3300170898438,463.2699890136719,495.8800048828125,589.5700073242188,801.739990234375,762.7100219726562,804.2899780273438,300.1499938964844,0,-0.0510981002886766,-0.1258894669170588,0.6817569413580978,-0.8964802539958435,-0.2216680581377443,-0.1590740412867671,0.3491158483736956
1765626118.4037533,537.6300048828125,583.5900268554688,688.969970703125,462.8299865722656,495.8800048828125,589.5700073242188,800.4199829101562,762.7100219726562,804.2899780273438,300.1499938964844,0,-0.0571836366023167,-0.115165687592931,0.6410432374054088,0.941027602511084,0.2233356168284556,-0.0764625169435476,0.2423669471498797
1765626118.440484,537.6300048828125,583.5900268554688,688.969970703125,462.8299865722656,495.8800048828125,589.5700073242188,800.4199829101562,762.7100219726562,804.2899780273438,300.1499938964844,0,-0.0586602470942621,-0.1122194358373653,0.6296707080504481,0.9394706163977566,0.2179046255374552,-0.0682684937854715,0.2554446081851478
1765626118.479461,537.6300048828125,583.5900268554688,701.4600219726562,462.8299865722656,495.8800048828125,589.5700073242188,800.4199829101562,762.7100219726562,804.2899780273438,300.1499938964844,0,-0.0623307047706705,-0.1122363934786869,0.6336044627497166,0.9354883914825692,0.227408622638674,-0.057752156046233,0.2642186144520254
1765626118.517227,537.6300048828125,583.5900268554688,701.4600219726562,462.8299865722656,495.8800048828125,589.5700073242188,800.4199829101562,762.7100219726562,804.2899780273438,300.1499938964844,0,-0.0675917761271713,-0.1161648258069183,0.6606754952751297,-0.8818667717846473,-0.2244154881207335,-0.1867286686726946,0.3702446350852104
1765626118.5778928,537.6300048828125,583.5900268554688,701.4600219726562,462.8299865722656,495.8800048828125,589.5700073242188,800.4199829101562,762.7100219726562,804.2899780273438,300.1499938964844,0,-0.0704622056015051,-0.1107575197966592,0.6349441276758943,0.9392454661543698,0.2278883005535725,-0.0460644181347432,0.2525132593769541
1765626118.8673472,537.6300048828125,583.5900268554688,728.0,462.8299865722656,495.8800048828125,589.5700073242188,800.4199829101562,762.7100219726562,804.2899780273438,300.1499938964844,0,-0.0834252152660359,-0.1036798268741745,0.6232955218982071,0.9417756669091616,0.2212022213091364,-0.0608987689462048,0.2458038047845168
1765626119.0190687,537.6300048828125,583.5900268554688,728.0,462.8299865722656,495.8800048828125,589.5700073242188,800.4199829101562,762.7100219726562,804.2899780273438,300.0599975585937,0,-0.0955939981911963,-0.1064648258483239,0.6594823140120871,-0.8902268844715416,-0.2262504459099727,-0.2376223225252298,0.3159785779563967
1765626119.068011,537.6300048828125,585.6199951171875,733.969970703125,462.3900146484375,495.8800048828125,589.5700073242188,799.3699951171875,762.7100219726562,804.2899780273438,300.1499938964844,0,-0.0926817659394782,-0.1007300843367383,0.6251924208573264,0.9450823730598544,0.2217911153041042,-0.0500922874717571,0.2347738742696104
1765626119.1193197,537.6300048828125,585.6199951171875,733.969970703125,462.3900146484375,495.8800048828125,589.5700073242188,799.3699951171875,762.7100219726562,804.2899780273438,300.1499938964844,0,-0.0987173852519505,-0.1056755294893823,0.6597332215188912,-0.8950920562298219,-0.2283446173094777,-0.2370709763616871,0.3007761606028208
1765626119.1782837,537.6300048828125,585.6199951171875,733.969970703125,462.3900146484375,495.8800048828125,589.5700073242188,799.3699951171875,762.7100219726562,804.2899780273438,300.1499938964844,1,-0.1100853491824511,-0.1119916265859657,0.6450395311718395,-0.7923938938331984,-0.4032862869964921,0.4447681083858204,0.107950995823773
1765626119.2829418,537.6300048828125,586.0499877929688,728.0,462.3900146484375,495.8800048828125,589.5700073242188,799.1900024414062,762.7100219726562,804.2899780273438,300.1499938964844,0,-0.0991304272802574,-0.1053407587673981,0.6689082397255823,-0.8973751307031408,-0.2232412421593216,-0.2237177315866249,0.3079473967553855
1765626119.3446877,537.6300048828125,586.0499877929688,728.0,462.3900146484375,495.8800048828125,589.5700073242188,799.1900024414062,762.7100219726562,804.2899780273438,300.1499938964844,0,-0.0899211150094002,-0.1001103881552392,0.6255397599520424,0.9438513989751126,0.227333402816852,-0.0629394236831403,0.2313064840484762
1765626119.4274228,537.6300048828125,586.0499877929688,728.0,462.3900146484375,495.8800048828125,589.5700073242188,799.1900024414062,762.7100219726562,804.2899780273438,300.1499938964844,0,-0.0906973627636551,-0.1080972142913214,0.6636502517711372,-0.8948993549463977,-0.2222785969826335,-0.2572685886391203,0.2890678867317997
1765626119.7580135,537.6300048828125,586.0499877929688,730.2000122070312,462.0400085449219,495.8800048828125,589.5700073242188,798.219970703125,762.7100219726562,804.2899780273438,300.0599975585937,0,-0.0918136059001762,-0.1078239990871305,0.665656779719949,-0.8943963381045577,-0.2187222384919369,-0.2448365694266398,0.3037611348504423
1765626119.8809474,537.6300048828125,586.0499877929688,740.6500244140625,462.0400085449219,495.8800048828125,589.5700073242188,797.9600219726562,762.7100219726562,804.2899780273438,300.1499938964844,0,-0.0920536778815131,-0.1067487822969708,0.6656657792918753,-0.8997923188367646,-0.2205194545929545,-0.2426009884436198,0.2879057372032771
1765626119.92844,537.6300048828125,586.0499877929688,740.6500244140625,462.0400085449219,495.8800048828125,589.5700073242188,797.9600219726562,762.7100219726562,804.2899780273438,300.1499938964844,0,-0.0945439576032135,-0.0980766812413415,0.624055322029005,0.9418318783810008,0.2257071100124044,-0.0848359901058262,0.2341193459283716
1765626120.2173595,537.6300048828125,586.0499877929688,754.280029296875,462.0400085449219,495.8800048828125,589.5700073242188,797.9600219726562,762.7100219726562,804.2899780273438,300.1499938964844,0,-0.11588382367059,-0.0886803093285802,0.6103882014085606,0.945227909648048,0.2183234077798695,-0.0931215132708008,0.2240702394427293
1765626120.2710736,537.6300048828125,586.0499877929688,767.4600219726562,462.0400085449219,495.8800048828125,589.5700073242188,797.9600219726562,762.7100219726562,804.2899780273438,300.1499938964844,0,-0.1235428395096931,-0.0922540819445194,0.6431341517533101,-0.8867912576096885,-0.227528024155591,-0.296686841924947,0.2716784523650735
1765626120.5156898,537.6300048828125,588.1599731445312,773.3499755859375,461.6900024414063,495.8800048828125,589.5700073242188,796.9000244140625,762.7100219726562,804.2899780273438,300.1499938964844,0,-0.1299640966377433,-0.0893715141565257,0.6440082562058029,-0.8858347241285103,-0.2244424627835903,-0.3278528416540192,0.2396558712971319
1765626120.7537048,537.6300048828125,588.52001953125,767.2899780273438,461.6000061035156,495.8800048828125,589.5700073242188,796.72998046875,762.7100219726562,804.2899780273438,300.1499938964844,0,-0.1231391328507477,-0.0909709944180939,0.6446810628975052,-0.8834724332681451,-0.2227979634183824,-0.3215479785717227,0.2577681606178762
1765626120.7537048,537.6300048828125,588.52001953125,767.2899780273438,461.6000061035156,495.8800048828125,589.5700073242188,796.72998046875,762.7100219726562,804.2899780273438,300.1499938964844,1,-0.1422495393901594,-0.105732385335667,0.6718680116274058,-0.7302832781842888,-0.2763511521382432,-0.6238807473334199,0.0330028396197645
1765626121.28661,537.6300048828125,588.52001953125,770.0999755859375,461.6000061035156,495.8800048828125,589.5700073242188,795.5900268554688,762.7100219726562,804.2899780273438,300.1499938964844,0,-0.1229146314637933,-0.0897414099085834,0.6416971479025443,-0.8859952928456938,-0.2152324223626477,-0.320582895155633,0.256737127725642
1765626121.4425464,537.6300048828125,588.52001953125,770.0999755859375,461.6000061035156,495.8800048828125,589.5700073242188,795.5900268554688,762.7100219726562,804.2899780273438,300.1499938964844,0,-0.118840441846483,-0.0847967274659077,0.6109029240819158,0.9455760453736411,0.2176374998394439,-0.0907023816831785,0.2242608727267882
1765626121.597741,537.6300048828125,588.52001953125,780.6400146484375,461.6000061035156,495.8800048828125,589.5700073242188,795.5,762.7100219726562,804.2899780273438,300.1499938964844,0,-0.1274412660070542,-0.0789476701718802,0.5944248471957526,-0.8561188404704625,-0.2508156531255842,-0.3547914795251539,0.2797767774406052
1765626121.6428752,537.6300048828125,588.52001953125,780.6400146484375,461.6000061035156,495.8800048828125,589.5700073242188,795.5,762.7100219726562,804.2899780273438,300.1499938964844,0,-0.1280855181205615,-0.0760965888700089,0.5832435108320025,-0.8519952144256914,-0.2480929499453691,-0.3640091763445131,0.2829334945179061
1765626121.6924665,537.6300048828125,588.52001953125,794.0,461.6000061035156,495.8800048828125,589.5700073242188,795.5,762.7100219726562,804.2899780273438,300.1499938964844,0,-0.1335328711592,-0.0767062349475708,0.5953212633672946,-0.8584208013322483,-0.253088360083239,-0.3289862034305796,0.3013769861532407
1765626122.0792036,537.6300048828125,590.5399780273438,813.5999755859375,461.25,495.8800048828125,589.5700073242188,794.27001953125,762.7100219726562,804.2899780273438,300.1499938964844,0,-0.1564924050878293,-0.0718878625166316,0.614412775204328,-0.8668029089087621,-0.2199068635503305,-0.3976379133343461,0.20537229206948
1765626122.5164096,537.6300048828125,590.97998046875,806.8400268554688,461.25,495.8800048828125,589.5700073242188,794.27001953125,762.7100219726562,804.2899780273438,300.1499938964844,0,-0.1471720884173845,-0.0719363072750754,0.6110764873636465,-0.8640856475204514,-0.2216614077899316,-0.4002896888104449,0.2097388354067633
1765626123.00635,537.6300048828125,590.97998046875,806.8400268554688,461.25,495.8800048828125,589.5700073242188,794.27001953125,762.7100219726562,804.2899780273438,300.1499938964844,0,-0.1498353242424967,-0.073513904231346,0.6225768068694052,-0.8711798524862759,-0.223759089312594,-0.3782166680621996,0.2189284964821097
1765626123.2511177,537.6300048828125,590.97998046875,812.719970703125,461.1600036621094,495.8800048828125,589.5700073242188,793.47998046875,762.7100219726562,804.2899780273438,300.0599975585937,0,-0.1502120544231155,-0.0734248686830848,0.6227532616285941,-0.8688446688540636,-0.2165461031366989,-0.3918319150804825,0.2113870311645073
1765626123.8850927,537.6300048828125,590.97998046875,852.3599853515625,461.1600036621094,495.8800048828125,589.5700073242188,793.3900146484375,762.7100219726562,804.2899780273438,300.1499938964844,0,-0.175151924432132,-0.0567012533438174,0.5876307482600364,-0.8440155530483472,-0.2230166188021576,-0.4532150689247194,0.1802704502965136
1765626124.148853,537.6300048828125,593.0,858.6900024414062,461.0700073242188,495.8800048828125,589.5700073242188,792.6900024414062,762.7100219726562,804.2899780273438,300.0599975585937,0,-0.1840924106070464,-0.0523266701332742,0.5871396253332523,-0.8368046997619568,-0.2244371938610439,-0.4747966240643801,0.1547708184547365
1765626124.4263616,537.6300048828125,593.260009765625,852.010009765625,461.0700073242188,495.8800048828125,589.5700073242188,792.5999755859375,762.7100219726562,804.2899780273438,300.1499938964844,0,-0.1735514367236643,-0.0571519744386155,0.5955684967778498,-0.8422348774941096,-0.2106319115531191,-0.4703518406750897,0.1582521877937757
1765626124.5238762,537.6300048828125,593.260009765625,852.010009765625,461.0700073242188,495.8800048828125,589.5700073242188,792.5999755859375,762.7100219726562,804.2899780273438,300.1499938964844,0,-0.1668182131527469,-0.0545321464387263,0.5703907613512649,-0.8506678502199336,-0.2049180669486201,-0.472617036694954,0.1049091562539617
1765626124.5727155,537.6300048828125,593.260009765625,852.010009765625,461.0700073242188,495.8800048828125,589.5700073242188,792.5999755859375,762.7100219726562,804.2899780273438,300.1499938964844,0,-0.1750938100974896,-0.05380027947607,0.591726257423385,-0.8421933334730529,-0.214155433720903,-0.4673787101108873,0.1624960940959566
1765626124.8022046,537.6300048828125,593.260009765625,852.010009765625,461.0700073242188,495.8800048828125,589.5700073242188,792.3300170898438,762.7100219726562,804.2899780273438,300.1499938964844,1,-0.1959168858631044,-0.0671805064755065,0.615618108251636,-0.7725253761013772,-0.2736099829886312,-0.5708488810771097,0.0497360579599807
1765626126.8733466,537.6300048828125,593.260009765625,852.010009765625,461.0700073242188,495.8800048828125,589.5700073242188,792.3300170898438,762.7100219726562,804.2899780273438,300.1499938964844,0,-0.170781466875542,-0.0543652668799695,0.5817811526651455,-0.8618049000313622,-0.2089545307686973,-0.4495904882036369,0.1072320440445986
1765626127.2913911,537.6300048828125,593.260009765625,852.010009765625,461.0700073242188,495.8800048828125,589.5700073242188,792.3300170898438,762.7100219726562,804.2899780273438,300.1499938964844,0,-0.1751375895840844,-0.0553103798903318,0.5976859592872028,-0.8463667361167483,-0.2181258105347511,-0.4588259652438406,0.1598849973940597
1765626127.358984,537.6300048828125,593.260009765625,852.010009765625,461.0700073242188,495.8800048828125,589.5700073242188,792.3300170898438,762.7100219726562,804.2899780273438,300.1499938964844,0,-0.1688702631281193,-0.0537194773117776,0.5759817391255561,-0.8515380582097313,-0.2053136690318924,-0.469618602281685,0.1103974688118321
1765626127.4017146,537.6300048828125,593.260009765625,852.010009765625,461.0700073242188,495.8800048828125,589.5700073242188,792.3300170898438,762.7100219726562,804.2899780273438,300.1499938964844,0,-0.1744699041662997,-0.0550280519551743,0.5957766008212734,-0.8424055914944291,-0.2112291618569242,-0.4705618540198039,0.1559057476220403
1765626127.5798128,537.6300048828125,593.260009765625,852.010009765625,461.0700073242188,495.8800048828125,589.5700073242188,792.3300170898438,762.7100219726562,804.2899780273438,300.1499938964844,0,-0.1702410325839271,-0.0559629550709315,0.583155284372492,-0.8604845773089999,-0.2063831595663584,-0.4533863557430868,0.1068320929625645
1765626128.8702278,537.6300048828125,593.260009765625,852.010009765625,460.989990234375,495.8800048828125,589.5700073242188,792.3300170898438,762.7100219726562,804.2899780273438,300.1499938964844,1,-0.1946542017979688,-0.076140328242145,0.6387363932708182,-0.7986459600048257,-0.2443382602360782,-0.5446283993383783,0.0764418196205001
1765626129.2159104,537.6300048828125,593.260009765625,852.010009765625,460.8999938964844,495.8800048828125,589.5700073242188,792.3300170898438,762.7100219726562,804.2899780273438,300.1499938964844,1,-0.1878519874592579,-0.0682753916456722,0.6175168233265657,-0.7755170320069823,-0.2703126572957537,-0.5665770969547902,0.0670432217235422
1765626129.3927658,537.6300048828125,593.260009765625,852.010009765625,460.989990234375,495.8800048828125,589.5700073242188,792.3300170898438,762.7100219726562,804.2899780273438,300.1499938964844,0,-0.1650510543675926,-0.054074552988497,0.5731648545703645,-0.8568301375873549,-0.2117096455424001,-0.4580397100343164,0.1059281140114616
1765626129.8789136,537.6300048828125,593.4400024414062,852.010009765625,460.8999938964844,495.8800048828125,589.5700073242188,792.3300170898438,762.7100219726562,804.2899780273438,300.1499938964844,0,-0.1688360303050774,-0.0568271680263785,0.5921912344248196,-0.8382342903866292,-0.213360420156554,-0.4749157595192593,0.162159263968753
1765626130.6407275,537.6300048828125,593.4400024414062,852.010009765625,460.8999938964844,495.8800048828125,589.5700073242188,792.3300170898438,762.7100219726562,804.2899780273438,300.1499938964844,0,-0.1734583091572423,-0.0572869003006974,0.6083875040889549,-0.8528609146172228,-0.2124394607027113,-0.4481397665044596,0.1633048852053855
1765626130.722092,537.6300048828125,593.4400024414062,852.010009765625,460.8999938964844,495.8800048828125,589.5700073242188,792.3300170898438,762.7100219726562,804.2899780273438,300.1499938964844,0,-0.1675177778603459,-0.0548703092095857,0.5860922577691409,-0.8347690093095609,-0.2095272751080605,-0.4815096802917498,0.1655519551906962
1765626130.773596,537.6300048828125,593.4400024414062,852.010009765625,460.8999938964844,495.8800048828125,589.5700073242188,792.3300170898438,762.7100219726562,804.2899780273438,300.1499938964844,0,-0.1709567910622517,-0.056102185051749,0.599243629387601,-0.8437259171314474,-0.2108510308543088,-0.4644390086011803,0.167226872355869
1765626132.5109904,537.6300048828125,593.4400024414062,852.010009765625,460.8999938964844,495.8800048828125,589.5700073242188,792.3300170898438,762.7100219726562,804.2899780273438,300.1499938964844,0,-0.16643735040184,-0.0555346369735002,0.5830686914201878,-0.8622559911810354,-0.2064832469370852,-0.449767956419887,0.1076478508127673
1765626132.55066,537.6300048828125,593.4400024414062,852.010009765625,460.8999938964844,495.8800048828125,589.5700073242188,792.3300170898438,762.7100219726562,804.2899780273438,300.1499938964844,0,-0.1712835286098864,-0.0567135635391729,0.6011484041054943,-0.8475850562576672,-0.2152134072342754,-0.4591924453588257,0.1562851876560382
1765626133.080645,537.6300048828125,593.4400024414062,852.010009765625,460.8999938964844,495.8800048828125,589.5700073242188,792.3300170898438,762.7100219726562,804.2899780273438,300.1499938964844,1,-0.188622731917281,-0.0659772125400227,0.6059625413101242,0.9081982248989784,0.2928968186808754,-0.2932742834878417,0.0581174030877195
1765626133.2285097,537.6300048828125,593.4400024414062,852.010009765625,460.8999938964844,495.8800048828125,589.5700073242188,792.3300170898438,762.7100219726562,804.2899780273438,300.1499938964844,1,-0.1919291652194703,-0.0669689716816907,0.6177596102267203,-0.7734524035792076,-0.2702933266965991,-0.5698119597704996,0.0634604399869299
1765626134.0186968,537.6300048828125,593.4400024414062,868.5399780273438,460.8999938964844,495.8800048828125,589.5700073242188,791.3699951171875,762.7100219726562,804.2899780273438,300.0599975585937,0,-0.1841883858948421,-0.0414876435335415,0.5487292225529671,-0.8249588315216351,-0.2482973609971436,-0.4733506964800527,0.1836585553633748
1765626134.3249693,537.6300048828125,595.4600219726562,889.280029296875,460.8999938964844,495.8800048828125,589.5700073242188,790.9299926757812,762.7100219726562,804.2899780273438,300.1499938964844,1,-0.2095304256058761,-0.0490538051194158,0.5651123927285427,-0.7781405561140642,-0.2437845404839766,-0.5730346252791346,0.0818394219353561
1765626134.3750582,537.6300048828125,595.4600219726562,889.280029296875,460.8999938964844,495.8800048828125,589.5700073242188,790.9299926757812,762.7100219726562,804.2899780273438,300.1499938964844,1,-0.2156936019513714,-0.050563503194272,0.5837092321449526,-0.7903683644898317,-0.2491091700214687,-0.554514175847341,0.0760032802530769
1765626134.5844982,537.6300048828125,595.8099975585938,882.25,460.8999938964844,495.8800048828125,589.5700073242188,790.5800170898438,762.7100219726562,804.2899780273438,300.1499938964844,0,-0.1871883610198363,-0.0434608922964259,0.574599206894164,-0.8245634749765866,-0.1993590048964274,-0.5142246872669312,0.1261904667812489
1765626134.6340728,537.6300048828125,595.8099975585938,882.25,460.8999938964844,495.8800048828125,589.5700073242188,790.5800170898438,762.7100219726562,804.2899780273438,300.1499938964844,0,-0.1766800850195388,-0.0422420251873627,0.5429822393914964,-0.8221680395501216,-0.2027442957168629,-0.5263822298383013,0.0765259002367221
1765626134.7359922,537.6300048828125,595.8099975585938,882.1599731445312,460.8999938964844,495.8800048828125,589.5700073242188,790.5800170898438,762.7100219726562,804.2899780273438,300.1499938964844,0,-0.1895369332354579,-0.0439087847296804,0.5805172433590257,-0.8205178130733425,-0.213332827806321,-0.5157383212985037,0.123505493617489
1765626134.8061776,537.6300048828125,595.8099975585938,882.1599731445312,460.8999938964844,495.8800048828125,589.5700073242188,790.5800170898438,762.7100219726562,804.2899780273438,300.1499938964844,0,-0.1871982502528337,-0.0416936764334734,0.5702182488557644,-0.8139435091080879,-0.2055438556514392,-0.5281724240576839,0.127599286243233
1765626134.8061776,537.6300048828125,595.8099975585938,882.1599731445312,460.8999938964844,495.8800048828125,589.5700073242188,790.5800170898438,762.7100219726562,804.2899780273438,300.1499938964844,1,-0.2064122735857252,-0.0506888975255409,0.5803576800648115,-0.7869814840953638,-0.2493146025647199,-0.5559648017127514,0.0969820184134948
1765626134.853902,537.6300048828125,595.8099975585938,882.1599731445312,460.8999938964844,495.8800048828125,589.5700073242188,790.5800170898438,762.7100219726562,804.2899780273438,300.1499938964844,0,-0.1822842012529039,-0.0405575636271984,0.5546697083406663,-0.8237220977788007,-0.2033104260131056,-0.5227020014414272,0.0832429816524347
1765626134.9747012,537.6300048828125,595.8099975585938,882.1599731445312,460.8999938964844,495.8800048828125,589.5700073242188,790.5800170898438,762.7100219726562,804.2899780273438,300.1499938964844,1,-0.211551733806889,-0.0527560136533091,0.5978296314107235,-0.8044972548302167,-0.240730423785342,-0.5379910606072097,0.073475497558742
1765626135.0471666,537.6300048828125,595.8099975585938,882.1599731445312,460.8999938964844,495.8800048828125,589.5700073242188,790.5800170898438,762.7100219726562,804.2899780273438,300.1499938964844,1,-0.2045952234886494,-0.0518249250718892,0.5778870110632512,-0.7917938089916009,-0.2452854083298863,-0.5523485452607119,0.0883669454682486
1765626135.0863154,537.6300048828125,595.8099975585938,882.1599731445312,460.8999938964844,495.8800048828125,589.5700073242188,790.5800170898438,762.7100219726562,804.2899780273438,300.1499938964844,0,-0.1898906239863598,-0.0431062845658952,0.5809601748239898,-0.8207096843567049,-0.213436509999667,-0.5158044847502007,0.1217628995788948
1765626135.1838136,537.6300048828125,595.8099975585938,882.1599731445312,460.8999938964844,495.8800048828125,589.5700073242188,790.5800170898438,762.7100219726562,804.2899780273438,300.0599975585937,0,-0.1826248383874036,-0.0414474763117065,0.5572357073474601,-0.8306263584112737,-0.2126096718421429,-0.5097908131505383,0.0705004041046249
1765626135.4283814,537.6300048828125,595.8099975585938,882.1599731445312,460.8999938964844,495.8800048828125,589.5700073242188,790.5800170898438,762.7100219726562,804.2899780273438,300.1499938964844,0,-0.1857586926268863,-0.0415324452943063,0.5680155162551718,-0.81192906556436,-0.2125802180681967,-0.5302539370818319,0.1200483468735819
1765626135.851743,537.6300048828125,595.8099975585938,882.1599731445312,460.8999938964844,495.8800048828125,589.5700073242188,790.5800170898438,762.7100219726562,804.2899780273438,300.1499938964844,0,-0.1811266369283654,-0.0412281893818343,0.5529665785270055,-0.8260511997441131,-0.207160922519283,-0.5184193079490278,0.0772346342512348
1765626135.9402072,537.6300048828125,595.8099975585938,882.1599731445312,460.8999938964844,495.8800048828125,589.5700073242188,790.5800170898438,762.7100219726562,804.2899780273438,300.1499938964844,0,-0.1924698725453934,-0.0435612552098669,0.5885206260317675,-0.8263357462148331,-0.2105850722494505,-0.5065772266646086,0.1272897297430646
1765626135.9402072,537.6300048828125,595.8099975585938,882.1599731445312,460.8999938964844,495.8800048828125,589.5700073242188,790.5800170898438,762.7100219726562,804.2899780273438,300.1499938964844,1,-0.2096668730253183,-0.0523923771525916,0.5925056150837269,-0.801338581721812,-0.2366637446218894,-0.5436769224074967,0.079133769448528
1765626136.0490272,537.6300048828125,595.8099975585938,882.1599731445312,460.8999938964844,495.8800048828125,589.5700073242188,790.5800170898438,762.7100219726562,804.2899780273438,300.1499938964844,0,-0.1814527968637992,-0.0417475045719603,0.5545697682923257,-0.8239139766910997,-0.2029675433270182,-0.5222898609841864,0.0847539762015464
1765626136.099217,537.6300048828125,595.8099975585938,882.1599731445312,460.8999938964844,495.8800048828125,589.5700073242188,790.5800170898438,762.7100219726562,804.2899780273438,300.1499938964844,0,-0.1778904538511175,-0.0406876817201037,0.5430969084586353,-0.8218145731831434,-0.2031962236699809,-0.5270532790122642,0.0744778025487294
1765626136.173036,537.6300048828125,595.8099975585938,882.1599731445312,460.8999938964844,495.8800048828125,589.5700073242188,790.5800170898438,762.7100219726562,804.2899780273438,300.1499938964844,1,-0.2032739561663251,-0.0503026429271367,0.5724125394533822,-0.7881263447557296,-0.2509671194540762,-0.5538552076673798,0.0954818233729322
1765626136.252175,537.6300048828125,595.8099975585938,882.1599731445312,460.8999938964844,495.8800048828125,589.5700073242188,790.5800170898438,762.7100219726562,804.2899780273438,300.1499938964844,0,-0.1886294902765044,-0.0424261939160042,0.5774227403010278,-0.8218888969377426,-0.2163488864099417,-0.5108355688903768,0.1293785994517023
1765626136.252175,537.6300048828125,595.8099975585938,882.1599731445312,460.8999938964844,495.8800048828125,589.5700073242188,790.5800170898438,762.7100219726562,804.2899780273438,300.1499938964844,1,-0.2065165937797825,-0.0511064973444343,0.5827159398367182,-0.7875369375292847,-0.250028774379903,-0.5578684426836262,0.0778073561228305
1765626136.427063,537.6300048828125,595.8099975585938,882.1599731445312,460.8999938964844,495.8800048828125,589.5700073242188,790.5800170898438,762.7100219726562,804.2899780273438,300.1499938964844,0,-0.1789403860757921,-0.0411144194432381,0.5474981143478839,-0.823233955185317,-0.2037797108015342,-0.5228318226614601,0.0860614298514634
1765626136.4703994,537.6300048828125,595.8099975585938,882.1599731445312,460.8999938964844,495.8800048828125,589.5700073242188,790.5800170898438,762.7100219726562,804.2899780273438,300.1499938964844,0,-0.1879645040770754,-0.0425652483403245,0.5750706474422826,-0.8173910151459468,-0.2095812283778438,-0.5213692663970566,0.1269713555370168
1765626136.5391817,537.6300048828125,595.8099975585938,882.1599731445312,460.8999938964844,495.8800048828125,589.5700073242188,790.5800170898438,762.7100219726562,804.2899780273438,300.1499938964844,1,-0.2124963503439123,-0.0528556234437146,0.6001943973949303,-0.8097036992924723,-0.2475094828755032,-0.5268701623328907,0.074342499837576
1765626136.6054115,537.6300048828125,595.8099975585938,882.1599731445312,460.8999938964844,495.8800048828125,589.5700073242188,790.5800170898438,762.7100219726562,804.2899780273438,300.1499938964844,1,-0.2076055526024292,-0.0513503581773115,0.5854919150485198,-0.7926577189600595,-0.2468636962330018,-0.5525221285537133,0.0739685981595536
1765626136.7206922,537.6300048828125,595.8099975585938,882.1599731445312,460.8999938964844,495.8800048828125,589.5700073242188,790.5800170898438,762.7100219726562,804.2899780273438,300.0599975585937,0,-0.1807399708593627,-0.0414282308193692,0.5529980992068286,-0.8241498754914119,-0.2037849293684876,-0.5204634794686054,0.0914683105190162
1765626136.8378136,537.6300048828125,595.8099975585938,882.1599731445312,460.8999938964844,495.8800048828125,589.5700073242188,790.5800170898438,762.7100219726562,804.2899780273438,300.1499938964844,0,-0.1890508494451305,-0.0424756479365501,0.5780722984887431,-0.8154033780289272,-0.2166695019083676,-0.5221118290874922,0.1247833962060169
1765626136.9403348,537.6300048828125,595.8099975585938,882.1599731445312,460.8999938964844,495.8800048828125,589.5700073242188,790.5800170898438,762.7100219726562,804.2899780273438,300.1499938964844,1,-0.2036343729698535,-0.0509349497767799,0.5748812045679279,-0.7864523346558309,-0.2483253653227818,-0.5584647430900302,0.0891311896985918
1765626137.521283,537.6300048828125,595.8099975585938,882.1599731445312,460.8999938964844,495.8800048828125,589.5700073242188,790.5800170898438,762.7100219726562,804.2899780273438,300.1499938964844,0,-0.1792942531420859,-0.0410001212468721,0.5485824399264263,-0.8230706149259005,-0.2032412126462298,-0.5242580456306476,0.0800079615983557
1765626137.588583,537.6300048828125,595.8099975585938,882.1599731445312,460.8999938964844,495.8800048828125,589.5700073242188,790.5800170898438,762.7100219726562,804.2899780273438,300.1499938964844,1,-0.2092720931797075,-0.0522387649708943,0.5919926840201818,-0.8011842396608905,-0.2467142257647611,-0.5385778748363037,0.0846745396273649
1765626137.6548004,537.6300048828125,595.8099975585938,882.1599731445312,460.8999938964844,495.8800048828125,589.5700073242188,790.5800170898438,762.7100219726562,804.2899780273438,300.1499938964844,0,-0.1867153837127832,-0.0423519540784032,0.5721937683660473,-0.8122570299295391,-0.2126644170968613,-0.5272164457861185,0.1305954912068135
1765626137.6548004,537.6300048828125,595.8099975585938,882.1599731445312,460.8999938964844,495.8800048828125,589.5700073242188,790.5800170898438,762.7100219726562,804.2899780273438,300.1499938964844,1,-0.2057402657096096,-0.0514632143482235,0.5808230651640204,-0.7897362271300494,-0.2425595811734613,-0.5578414951994817,0.0793373012709454
1765626137.8835688,537.6300048828125,595.719970703125,882.1599731445312,460.8999938964844,495.8800048828125,589.5700073242188,790.3099975585938,762.8900146484375,804.2899780273438,300.1499938964844,1,-0.2096668730253183,-0.0523923771525916,0.5925056150837269,-0.801338581721812,-0.2366637446218894,-0.5436769224074967,0.079133769448528
1765626137.9702597,537.6300048828125,595.719970703125,882.1599731445312,460.8999938964844,495.8800048828125,589.5700073242188,790.3099975585938,762.8900146484375,804.2899780273438,300.1499938964844,1,-0.204662238023182,-0.0512183029275108,0.5780770434179495,-0.7917382376287118,-0.2452273954112435,-0.552812011537314,0.0860985918378922
1765626138.04142,537.6300048828125,595.719970703125,882.1599731445312,460.8999938964844,495.8800048828125,589.5700073242188,790.3099975585938,762.8900146484375,804.2899780273438,300.1499938964844,0,-0.1819910773529545,-0.0417920005509511,0.5565195369810714,-0.8289023330469996,-0.2098277969519015,-0.5106859294100388,0.0899616551546136
1765626138.0939455,537.6300048828125,595.719970703125,882.1599731445312,460.8999938964844,495.8800048828125,589.5700073242188,789.7899780273438,772.72998046875,804.2899780273438,300.1499938964844,0,-0.1805085517523258,-0.0413541714095289,0.5519939304688581,-0.8278021427219606,-0.2092095121761029,-0.5145714332821653,0.0786843858075163
1765626138.1605363,537.6300048828125,595.719970703125,882.1599731445312,460.8999938964844,495.8800048828125,589.5700073242188,789.7899780273438,772.72998046875,804.2899780273438,300.1499938964844,0,-0.1871508190650097,-0.0426110431459174,0.5728969157970454,-0.8122923544258267,-0.2122644605797308,-0.5280907677600942,0.1274561521571138
1765626138.1605363,537.6300048828125,595.719970703125,882.1599731445312,460.8999938964844,495.8800048828125,589.5700073242188,789.7899780273438,772.72998046875,804.2899780273438,300.1499938964844,1,-0.2046181174192054,-0.0509988165725636,0.5779518558106382,-0.7919625706082557,-0.24554004734979,-0.5521208797549358,0.0875665806210472
1765626138.2736611,537.6300048828125,595.719970703125,882.1599731445312,460.8999938964844,495.8800048828125,589.5700073242188,789.7899780273438,785.3900146484375,804.2899780273438,300.1499938964844,0,-0.1867598163629479,-0.0438596875412472,0.571696741925422,-0.8096837982311386,-0.1984773560083412,-0.5349249724154853,0.1373832592429933
1765626138.2736611,537.6300048828125,595.719970703125,882.1599731445312,460.8999938964844,495.8800048828125,589.5700073242188,789.7899780273438,785.3900146484375,804.2899780273438,300.1499938964844,1,-0.2063869664988084,-0.0532231478560689,0.5829458257673558,-0.7944700200764895,-0.2488818502977725,-0.5476862917301614,0.0831561040626849
1765626138.4338026,537.6300048828125,595.719970703125,882.1599731445312,460.8999938964844,495.8800048828125,589.5700073242188,789.7899780273438,785.3900146484375,804.2899780273438,300.1499938964844,0,-0.1823844414993578,-0.054021326045364,0.5692828290517781,-0.8077439803714951,-0.1924722564580993,-0.5409159216764085,0.1338434097910805
1765626138.4338026,537.6300048828125,595.719970703125,882.1599731445312,460.8999938964844,495.8800048828125,589.5700073242188,789.7899780273438,785.3900146484375,804.2899780273438,300.1499938964844,1,-0.2037624891710956,-0.0638711040823296,0.5853521284989018,-0.7998941068566779,-0.2331352178325663,-0.5461854831258897,0.0865956467996962
1765626138.4887743,537.6300048828125,595.719970703125,882.1599731445312,460.8999938964844,495.8800048828125,589.5700073242188,789.7899780273438,798.219970703125,804.2899780273438,300.1499938964844,0,-0.1765442765727547,-0.0551691036601377,0.5510870689611751,-0.8234650432145417,-0.1806208432714343,-0.5292025289352796,0.0960526779850181
1765626138.5291784,537.6300048828125,595.719970703125,882.1599731445312,460.8999938964844,495.8800048828125,589.5700073242188,789.7899780273438,798.219970703125,804.2899780273438,300.1499938964844,0,-0.1859575119325558,-0.0590716044345483,0.5827209512927491,-0.8188320550696783,-0.1963635134643607,-0.5242257976678398,0.1270541192949542
1765626138.6880689,537.6300048828125,595.719970703125,882.1599731445312,460.8999938964844,495.8800048828125,589.5700073242188,789.7899780273438,811.1400146484375,804.2899780273438,300.1499938964844,0,-0.176528750967012,-0.0636217876287446,0.5582499490102457,-0.8313118775924101,-0.1788161582284138,-0.5178943457158923,0.0934386986516858
1765626138.7368286,537.6300048828125,595.719970703125,882.1599731445312,460.8999938964844,495.8800048828125,589.5700073242188,789.7899780273438,811.1400146484375,804.2899780273438,300.1499938964844,1,-0.2001735090266887,-0.0748904933950308,0.5825692415574216,-0.7945118019921977,-0.21311130161103,-0.5611459479351465,0.0919227650624663
1765626138.8107605,537.6300048828125,595.719970703125,882.1599731445312,460.8999938964844,495.8800048828125,589.5700073242188,789.7899780273438,811.1400146484375,804.2899780273438,300.1499938964844,1,-0.2037183143028854,-0.0801186130784372,0.5941260851962868,-0.8055720194891183,-0.2061162602963568,-0.5472792267762927,0.0951591120009612
1765626138.9030051,537.6300048828125,595.719970703125,882.1599731445312,460.8999938964844,495.8800048828125,589.5700073242188,789.7899780273438,824.1500244140625,804.2899780273438,300.1499938964844,0,-0.1729112555189132,-0.0700388323784073,0.5502612129320018,-0.8245789201990407,-0.1698646911772769,-0.5318552236532429,0.0913543218867697
1765626138.9672582,537.6300048828125,595.719970703125,882.1599731445312,460.8999938964844,495.8800048828125,589.5700073242188,789.7899780273438,824.1500244140625,804.2899780273438,300.1499938964844,0,-0.1834333506373832,-0.0754144224368509,0.5850401902657537,-0.8232294010140423,-0.1786103203852364,-0.5223051175101356,0.1326237949263556
1765626138.9672582,537.6300048828125,595.719970703125,882.1599731445312,460.8999938964844,495.8800048828125,589.5700073242188,789.7899780273438,824.1500244140625,804.2899780273438,300.1499938964844,1,-0.1991716744099151,-0.0828754461985013,0.5827088965100047,-0.8007688745964071,-0.2105993120132521,-0.5511425014522268,0.103242831955205
1765626139.009212,537.6300048828125,595.719970703125,882.1599731445312,460.8999938964844,495.8800048828125,589.5700073242188,789.7899780273438,824.1500244140625,804.2899780273438,300.1499938964844,1,-0.2045448606544407,-0.0863702785201016,0.5996846155628868,-0.8157931730930501,-0.2087321944691078,-0.5300902091865032,0.0995828290996639
1765626139.0743427,537.6300048828125,595.719970703125,882.1599731445312,460.8999938964844,495.8800048828125,589.5700073242188,789.7899780273438,837.77001953125,804.2899780273438,300.1499938964844,0,-0.1760160580807995,-0.0755155411412514,0.5630344757920258,-0.8336891573140424,-0.1693637565464208,-0.5173225777151357,0.0930357862956726
1765626139.0743427,537.6300048828125,595.719970703125,882.1599731445312,460.8999938964844,495.8800048828125,589.5700073242188,789.7899780273438,837.77001953125,804.2899780273438,300.1499938964844,1,-0.2005043026057484,-0.0860241830403036,0.5884603325177726,-0.8019697081239889,-0.200423925482347,-0.5521721712307237,0.1085390743654969
1765626139.1840527,537.6300048828125,595.719970703125,882.1599731445312,460.8999938964844,495.8800048828125,589.5700073242188,789.7899780273438,837.77001953125,804.2899780273438,300.1499938964844,0,-0.1812472333763911,-0.0801183310803281,0.581744980007577,-0.824661435921776,-0.1702462907132387,-0.5211730973661655,0.1390263255055511
1765626139.2759535,537.6300048828125,595.719970703125,882.1599731445312,460.8999938964844,495.8800048828125,589.5700073242188,789.7899780273438,845.4199829101562,804.2899780273438,300.1499938964844,0,-0.1827147467669476,-0.0838202254277381,0.5871310956237991,-0.8282362284854319,-0.1633559240206017,-0.5197282094149749,0.1312333046520848
1765626139.4829156,537.6300048828125,595.719970703125,882.1599731445312,460.8999938964844,495.8800048828125,589.5700073242188,789.7899780273438,845.4199829101562,804.2899780273438,300.1499938964844,0,-0.175357494266869,-0.087180738677683,0.5724431142969295,-0.8263743392214962,-0.1514501815231415,-0.5248843038320996,0.1366190381445249
1765626139.6704068,537.6300048828125,595.719970703125,882.1599731445312,460.8999938964844,495.8800048828125,589.5700073242188,789.7899780273438,845.4199829101562,804.2899780273438,300.1499938964844,1,-0.1966512930124136,-0.097289739708404,0.5848828499204831,-0.8057249020783271,-0.1834229979078304,-0.553793956972233,0.1023505702495631
1765626139.7320375,537.6300048828125,595.719970703125,882.1599731445312,460.8999938964844,495.8800048828125,589.5700073242188,789.7899780273438,845.4199829101562,804.2899780273438,300.1499938964844,0,-0.1723217116625695,-0.0868407254246476,0.5615666143126672,-0.8332592114376276,-0.1462447187533131,-0.5254363765976108,0.0905990228373419
1765626140.25701,537.6300048828125,595.6300048828125,882.1599731445312,460.8999938964844,495.8800048828125,589.5700073242188,789.3499755859375,860.3599853515625,804.2899780273438,300.1499938964844,0,-0.178226720256059,-0.0917917545754025,0.5800938720746167,-0.824741128913286,-0.1472237249691843,-0.5272692249697706,0.1418252780177577
1765626140.25701,537.6300048828125,595.6300048828125,882.1599731445312,460.8999938964844,495.8800048828125,589.5700073242188,789.3499755859375,860.3599853515625,804.2899780273438,300.1499938964844,1,-0.2001260229474211,-0.1013667022812651,0.5958463694682579,-0.8100118778859812,-0.1770018728833111,-0.549590539971424,0.1024760120874398
1765626140.2990987,537.6300048828125,595.6300048828125,882.1599731445312,460.8999938964844,495.8800048828125,589.5700073242188,789.3499755859375,860.3599853515625,804.2899780273438,300.1499938964844,0,-0.1796394475426034,-0.0972501060365166,0.5884772730924336,-0.8266659790689502,-0.1466599983723728,-0.5264128666143097,0.1341778587930752
1765626140.4756303,537.6300048828125,595.6300048828125,882.1599731445312,460.8999938964844,495.8800048828125,589.5700073242188,789.3499755859375,873.4600219726562,804.2899780273438,300.1499938964844,0,-0.1750459763755893,-0.1038020637897741,0.5830628318587239,-0.8300640506758549,-0.1410274786549328,-0.5185288030894887,0.1491066812936524
1765626140.4756303,537.6300048828125,595.6300048828125,882.1599731445312,460.8999938964844,495.8800048828125,589.5700073242188,789.3499755859375,873.4600219726562,804.2899780273438,300.1499938964844,1,-0.1940196519033995,-0.1123384076706058,0.5909674300839041,-0.8074387117472307,-0.1699842446967272,-0.551772961677392,0.1212216238491097
1765626140.562895,537.6300048828125,595.6300048828125,882.1599731445312,460.8999938964844,495.8800048828125,589.5700073242188,789.3499755859375,873.4600219726562,804.2899780273438,300.1499938964844,0,-0.1697144634404487,-0.1034604745951945,0.5690670587925917,-0.8217160872184778,-0.12984228659939,-0.5352924104926765,0.146238462402806
1765626140.64652,537.6300048828125,595.6300048828125,882.1599731445312,460.8999938964844,495.8800048828125,589.5700073242188,789.3499755859375,873.4600219726562,804.2899780273438,300.1499938964844,0,-0.1739321523736428,-0.1102856238279129,0.5846127980188813,-0.835635712652624,-0.1265342422135372,-0.5140127556890874,0.1466046666238756
1765626140.898251,537.6300048828125,595.6300048828125,882.1599731445312,460.8999938964844,495.8800048828125,589.5700073242188,789.3499755859375,899.3800048828125,804.2899780273438,300.0599975585937,0,-0.1684383410900707,-0.1235016101890995,0.5834418446433791,-0.8335873734321638,-0.1299020703316404,-0.5147835734760331,0.1524972637697662
1765626140.898251,537.6300048828125,595.6300048828125,882.1599731445312,460.8999938964844,495.8800048828125,589.5700073242188,789.3499755859375,899.3800048828125,804.2899780273438,300.0599975585937,1,-0.1955261452622722,-0.1368786017838166,0.6149740284886175,-0.9559122939470884,-0.1937053650798809,0.2196789382735516,0.0212386887328398
1765626141.0243075,537.6300048828125,595.6300048828125,882.1599731445312,460.8999938964844,495.8800048828125,589.5700073242188,789.3499755859375,899.3800048828125,804.2899780273438,300.1499938964844,0,-0.163708095615071,-0.1295904858983725,0.5745940530308817,-0.8350766293510182,-0.1113423679320268,-0.5185173094448069,0.1462521795432462
1765626141.1151595,537.6300048828125,595.6300048828125,882.1599731445312,460.8999938964844,495.8800048828125,589.5700073242188,789.3499755859375,912.2999877929688,804.2899780273438,300.0599975585937,0,-0.163907256068115,-0.1333820692381978,0.5789414345042937,-0.8354235211622294,-0.110879980534888,-0.5132052386541006,0.1624609282980761
1765626141.1952977,537.6300048828125,595.6300048828125,882.1599731445312,460.8999938964844,495.8800048828125,589.5700073242188,789.3499755859375,912.2999877929688,804.2899780273438,300.1499938964844,1,-0.1857376036205992,-0.145949955715272,0.5975165999563079,-0.8179101806972067,-0.1212415911878221,-0.5489195213150068,0.1225184557420301
1765626141.2412217,537.6300048828125,595.6300048828125,882.1599731445312,460.8999938964844,495.8800048828125,589.5700073242188,789.3499755859375,912.2999877929688,804.2899780273438,300.1499938964844,0,-0.1656670639795418,-0.1388753780616818,0.5885228544953772,-0.8447788688339531,-0.1106385450580156,-0.5010620819162509,0.1518043648411482
1765626141.2815132,537.6300048828125,595.6300048828125,882.1599731445312,460.8999938964844,495.8800048828125,589.5700073242188,789.3499755859375,923.2000122070312,804.2899780273438,300.1499938964844,0,-0.1629627595331875,-0.138809199886722,0.5811527899460103,-0.8416852623837235,-0.0965015583182039,-0.5087991241529618,0.1528947990919887
1765626141.3552537,537.6300048828125,595.6300048828125,882.1599731445312,460.8999938964844,495.8800048828125,589.5700073242188,789.3499755859375,923.2000122070312,804.2899780273438,300.1499938964844,1,-0.1908967772921341,-0.1565564142857807,0.6194837272899366,-0.8370994881354059,-0.1215059935007125,-0.5160638853412375,0.1348288053546143
1765626141.41504,537.6300048828125,595.6300048828125,882.1599731445312,460.8999938964844,495.8800048828125,589.5700073242188,789.3499755859375,923.2000122070312,804.2899780273438,300.1499938964844,0,-0.1634804458627265,-0.1468301734993368,0.5894229833403246,-0.847889953650291,-0.0920752268637561,-0.495730265589059,0.1638788664712337
1765626141.4853663,537.6300048828125,595.6300048828125,882.1599731445312,460.8999938964844,495.8800048828125,589.5700073242188,789.3499755859375,924.0800170898438,804.2899780273438,300.0599975585937,0,-0.1586074431047411,-0.144852791695416,0.574848416916759,-0.8360681555572006,-0.0976074442843667,-0.5164516809981904,0.1572910909034533
1765626141.4853663,537.6300048828125,595.6300048828125,882.1599731445312,460.8999938964844,495.8800048828125,589.5700073242188,789.3499755859375,924.0800170898438,804.2899780273438,300.0599975585937,1,-0.185448153230749,-0.1596118016075356,0.6081966340403351,-0.8229254069601228,-0.1116177452697755,-0.5365611239959588,0.1497912338443114
1765626141.9981909,537.6300048828125,595.6300048828125,882.1599731445312,460.8999938964844,495.8800048828125,589.5700073242188,789.3499755859375,924.0800170898438,804.2899780273438,300.1499938964844,1,-0.1764657450017197,-0.1524501186350442,0.5801294651473106,-0.8131183522298859,-0.1147617437856622,-0.5519470832606859,0.1449920849917351
1765626142.07652,537.6300048828125,595.6300048828125,882.1599731445312,460.8999938964844,495.8800048828125,589.5700073242188,789.3499755859375,924.0800170898438,804.2899780273438,300.1499938964844,0,-0.155247124318324,-0.1417505958624532,0.5641530459246572,-0.8323103715155802,-0.0943234673150034,-0.524315977568484,0.1531511823254316
1765626142.2514858,537.6300048828125,595.6300048828125,882.1599731445312,460.8999938964844,495.8800048828125,589.5700073242188,789.3499755859375,924.1699829101562,804.2899780273438,300.1499938964844,1,-0.1806197559532329,-0.1568114357488325,0.5958980745581876,-0.8283553270243618,-0.1124012003590085,-0.5312364575947659,0.137772451783298
1765626142.5590284,537.6300048828125,595.5499877929688,882.1599731445312,460.8999938964844,495.8800048828125,589.5700073242188,789.3499755859375,924.8699951171876,804.2899780273438,300.1499938964844,0,-0.1591337999990423,-0.1459899817847664,0.5797792952787153,-0.8436145798768018,-0.098317621674852,-0.5001628365681502,0.1687756582081373
1765626142.6797788,537.6300048828125,595.5499877929688,882.1599731445312,460.8999938964844,495.8800048828125,589.5700073242188,788.989990234375,935.9500122070312,804.2899780273438,300.1499938964844,0,-0.1578967495651871,-0.1479425499234901,0.5764101211032538,-0.8411700599907215,-0.0945441325377999,-0.5080558518848212,0.1592908928453523
1765626142.8915231,537.6300048828125,595.5499877929688,882.1599731445312,460.8999938964844,495.8800048828125,589.5700073242188,788.989990234375,949.219970703125,804.2899780273438,300.1499938964844,0,-0.1425332417136556,-0.1530685514206509,0.5420823115060704,-0.8370866193866178,-0.1145798118254702,-0.4952924095442898,0.2020962330518189
1765626142.933795,537.6300048828125,595.5499877929688,882.1599731445312,460.8999938964844,495.8800048828125,589.5700073242188,788.989990234375,949.219970703125,804.2899780273438,300.1499938964844,0,-0.1510678719901081,-0.1654651632136733,0.5796619540630201,-0.8433973041982902,-0.0901959705596942,-0.5001659211526512,0.1742978068805556
1765626143.0005062,537.6300048828125,595.5499877929688,882.1599731445312,460.8999938964844,495.8800048828125,589.5700073242188,788.989990234375,949.219970703125,804.2899780273438,300.1499938964844,1,-0.1723515614587911,-0.1784733258217764,0.5969775239265949,-0.8257852247662554,-0.1000273620451838,-0.5376262587564382,0.1379539607825101
1765626143.043393,537.6300048828125,595.5499877929688,882.1599731445312,460.8999938964844,495.8800048828125,589.5700073242188,788.989990234375,949.219970703125,804.2899780273438,300.1499938964844,0,-0.1446403927574776,-0.1631489658109965,0.558874418815958,-0.8291375222041082,-0.0816006841600911,-0.5263444339958376,0.1698052838383958
1765626143.0860054,537.6300048828125,595.5499877929688,882.1599731445312,460.8999938964844,495.8800048828125,589.5700073242188,788.989990234375,961.8699951171876,804.2899780273438,300.1499938964844,0,-0.1474397664774554,-0.168385455179103,0.570478271756221,-0.8393866632125805,-0.0852252478368235,-0.5074502512365169,0.1751026249717519
1765626143.1632955,537.6300048828125,595.5499877929688,882.1599731445312,460.8999938964844,495.8800048828125,589.5700073242188,788.989990234375,961.8699951171876,804.2899780273438,300.1499938964844,1,-0.166250564494273,-0.179911374708996,0.5798153279310824,-0.8042678069193081,-0.0895694745379905,-0.5642059328938372,0.1637139861819683
1765626143.2057924,537.6300048828125,595.5499877929688,882.1599731445312,460.8999938964844,495.8800048828125,589.5700073242188,788.989990234375,961.8699951171876,804.2899780273438,300.1499938964844,0,-0.1459385625779555,-0.1782775860290521,0.5759019656468554,-0.8503174078210662,-0.0783352376359103,-0.4899548063295261,0.1754086208131879
1765626143.258598,537.6300048828125,595.5499877929688,882.1599731445312,460.8999938964844,495.8800048828125,589.5700073242188,788.989990234375,974.4400024414062,804.2899780273438,300.0599975585937,0,-0.1406879650165062,-0.1747770407653125,0.5587609540856433,-0.8337128428801661,-0.0859719434314117,-0.5161068663501146,0.1765373135219934
1765626143.318368,537.6300048828125,595.5499877929688,882.1599731445312,460.8999938964844,495.8800048828125,589.5700073242188,788.989990234375,974.4400024414062,804.2899780273438,300.0599975585937,0,-0.1423507626370175,-0.1859680812990881,0.5756478507691474,-0.8518276463416582,-0.0667734319934739,-0.4883994911459749,0.1771917231593974
1765626143.5017726,537.6300048828125,595.5499877929688,882.1599731445312,460.8999938964844,495.8800048828125,589.5700073242188,788.989990234375,987.3599853515624,804.2899780273438,300.1499938964844,0,-0.1372814076017438,-0.1923124878269674,0.5683896499752391,-0.8474705177187102,-0.0714606437053987,-0.4897125715806815,0.1920122267842011
1765626143.6061242,537.6300048828125,595.5499877929688,882.1599731445312,460.8999938964844,495.8800048828125,589.5700073242188,788.989990234375,987.3599853515624,804.2899780273438,300.0599975585937,0,-0.1373570484145104,-0.2008959647113445,0.5768726466467148,-0.85950523075699,-0.0754320017718501,-0.4749332712235607,0.1732026538334574
1765626143.7828062,537.6300048828125,595.5499877929688,882.1599731445312,460.8999938964844,495.8800048828125,589.5700073242188,788.989990234375,997.2100219726562,804.2899780273438,300.1499938964844,0,-0.1283659990465415,-0.2041608475019745,0.5585561427195079,-0.8526115575703039,-0.0663181941429665,-0.4863299027294405,0.1792725710596268
1765626144.1755345,537.6300048828125,595.5499877929688,882.1599731445312,460.8999938964844,495.8800048828125,589.5700073242188,788.989990234375,998.0,804.2899780273438,300.1499938964844,0,-0.1268220763425899,-0.1973103468281524,0.5462804743563318,-0.8406081462940608,-0.0621378762767579,-0.502585736192675,0.1921572441818012
1765626144.5280185,537.6300048828125,595.6300048828125,882.1599731445312,460.8999938964844,495.8800048828125,589.5700073242188,788.989990234375,998.0,804.2899780273438,300.1499938964844,0,-0.1295669260291427,-0.2020817058222247,0.5580954487045211,-0.852558339299534,-0.080020951252719,-0.4799904749798774,0.1906569415993616
1765626144.854856,537.6300048828125,595.5499877929688,882.1599731445312,460.8999938964844,495.8800048828125,589.5700073242188,788.989990234375,998.0,804.2899780273438,300.1499938964844,0,-0.1322148926165939,-0.2052208668718967,0.5681688503221923,-0.859536164606829,-0.0682486931327626,-0.4671127385344301,0.1958197822425438
1765626145.0231807,537.6300048828125,595.5499877929688,882.1599731445312,460.8999938964844,495.8800048828125,589.5700073242188,788.989990234375,998.0,804.2899780273438,300.1499938964844,0,-0.1282418320187694,-0.2006899264314469,0.5545292138095855,-0.8395407350343833,-0.0675238729270716,-0.5007803709287288,0.1995768045022791
1765626145.1061208,537.6300048828125,595.6300048828125,882.1599731445312,460.8999938964844,495.8800048828125,589.5700073242188,788.989990234375,998.0,804.2899780273438,300.1499938964844,0,-0.1308249515866362,-0.2044157078214475,0.5648169199530678,-0.8522434790212271,-0.0763672812630795,-0.4804092166701206,0.1924995463804582
1765626145.164626,537.6300048828125,595.6300048828125,882.1599731445312,460.8999938964844,495.8800048828125,589.5700073242188,788.989990234375,998.0,804.2899780273438,300.1499938964844,0,-0.1274701929459764,-0.1985710687177843,0.5494968072069286,-0.8449722527818985,-0.0692267763908255,-0.493784899498288,0.1934063558590665
1765626145.2528229,537.6300048828125,595.5499877929688,882.1599731445312,460.8999938964844,495.8800048828125,589.5700073242188,788.989990234375,998.0,804.2899780273438,300.1499938964844,0,-0.1308772520460379,-0.2033616320956071,0.5633020922803044,-0.859208898353374,-0.0682238885231317,-0.4714480222630016,0.186661009130105
1765626145.435808,537.6300048828125,595.5499877929688,882.1599731445312,460.8999938964844,495.8800048828125,589.5700073242188,788.989990234375,998.0,804.2899780273438,300.1499938964844,0,-0.1275421873886061,-0.1989490682986084,0.5510880291434099,-0.8439524432732258,-0.0657273147614873,-0.4981696835150753,0.1877529227838721
1765626145.4807584,537.6300048828125,595.5499877929688,882.1599731445312,460.8999938964844,495.8800048828125,589.5700073242188,788.989990234375,998.0,804.2899780273438,300.1499938964844,0,-0.1301579313275853,-0.2027130288439869,0.5615086616629438,-0.8541356703420032,-0.0704482849803633,-0.4784568259662383,0.1912285582204061
1765626145.5902655,537.6300048828125,595.5499877929688,882.1599731445312,460.8999938964844,495.8800048828125,589.5700073242188,788.989990234375,998.0,804.2899780273438,300.1499938964844,0,-0.1277373619470183,-0.1986788247445756,0.5497949026000739,-0.8449264511048021,-0.0691579175146476,-0.4938702967669743,0.1934130415452441
1765626145.6419466,537.6300048828125,595.5499877929688,882.1599731445312,460.8999938964844,495.8800048828125,589.5700073242188,788.989990234375,998.0,804.2899780273438,300.1499938964844,0,-0.1305548418195006,-0.2027015384231678,0.561476837975719,-0.8539114663892667,-0.0704557843175888,-0.4788510847706957,0.1912402380228954
1765626146.132874,537.6300048828125,595.5499877929688,882.1599731445312,460.8999938964844,495.8800048828125,589.5700073242188,788.989990234375,998.0,804.2899780273438,300.0599975585937,0,-0.1277014300840087,-0.1986875184964098,0.5509184638607374,-0.8471072730178192,-0.063391058902689,-0.4869466038105999,0.2031596581234386
1765626146.4651155,537.6300048828125,595.5499877929688,882.1599731445312,460.8999938964844,495.8800048828125,589.5700073242188,788.989990234375,998.0,804.2899780273438,300.1499938964844,0,-0.1307101278628925,-0.2031523971248995,0.5630101272297457,-0.8531170349367472,-0.0801505348133022,-0.4757974951226238,0.1984539243877817
1765626146.6207118,537.6300048828125,595.5499877929688,882.1599731445312,460.8999938964844,495.8800048828125,589.5700073242188,788.989990234375,998.0,804.2899780273438,300.1499938964844,0,-0.1284805251638884,-0.1996426118303433,0.5538421538809835,-0.845075808539428,-0.0693232528570985,-0.489465001704093,0.2036299991198619
1765626146.8326013,537.6300048828125,595.5499877929688,882.1599731445312,460.8999938964844,495.8800048828125,589.5700073242188,788.989990234375,998.0,804.2899780273438,300.1499938964844,0,-0.1236389464641674,-0.1910654823047143,0.5292935288313894,-0.8449873387326448,-0.0978145210097355,-0.4644325998819251,0.2464367607076396
1765626146.8766828,537.6300048828125,595.5499877929688,882.1599731445312,460.8999938964844,495.8800048828125,589.5700073242188,788.989990234375,998.0,804.2899780273438,300.1499938964844,0,-0.1300816098364167,-0.2021212140534544,0.5598720172046429,-0.8488479107560732,-0.0725962162444696,-0.4858197650082549,0.1953616383002549
1765626147.1277418,537.6300048828125,595.5499877929688,882.1599731445312,460.8999938964844,495.8800048828125,589.5700073242188,788.989990234375,998.0,804.2899780273438,300.1499938964844,0,-0.1333527020042066,-0.2069987039234565,0.5739421166167941,-0.8635727390229987,-0.0718431060405015,-0.4621119574205949,0.1885026030050393
1765626147.1697135,537.6300048828125,595.5499877929688,882.1599731445312,460.8999938964844,495.8800048828125,589.5700073242188,788.989990234375,998.0,804.2899780273438,300.1499938964844,0,-0.1282617771916219,-0.1993488572751476,0.5524769447030049,-0.8489368140818442,-0.0767281353150835,-0.4839680564159676,0.197974744138209
1765626147.2132592,537.6300048828125,595.5499877929688,882.1599731445312,460.8999938964844,495.8800048828125,589.5700073242188,788.989990234375,998.0,804.2899780273438,300.1499938964844,0,-0.1320987234995125,-0.2051543204810128,0.5685497090708543,-0.8599318023418808,-0.0680706277993828,-0.4671652149319834,0.1940112030517723
1765626147.4355571,537.6300048828125,595.5499877929688,882.1599731445312,460.8999938964844,495.8800048828125,589.5700073242188,788.989990234375,998.0,804.2899780273438,300.0599975585937,0,-0.1293710299053613,-0.201030499723942,0.5576833427254815,-0.8495357117147267,-0.0632827938823047,-0.4877801303515436,0.190669627770218
1765626149.2945,537.6300048828125,595.5499877929688,882.1599731445312,460.8999938964844,495.8800048828125,589.5700073242188,788.989990234375,998.3499755859376,804.2899780273438,300.1499938964844,0,-0.1268000354192155,-0.1968830649944153,0.5461858230979426,-0.8406540746481607,-0.0622297622198888,-0.502649677712206,0.1917589240878148
1765626149.3979738,537.6300048828125,595.5499877929688,882.1599731445312,460.8999938964844,495.8800048828125,589.5700073242188,788.989990234375,998.3499755859376,804.2899780273438,300.1499938964844,0,-0.130402766357956,-0.2027794941507314,0.561692418525448,-0.8541488178109802,-0.0703527885861102,-0.4786034403328583,0.1908377034860128
1765626151.6965067,537.6300048828125,595.5499877929688,882.1599731445312,460.8999938964844,495.8800048828125,589.5700073242188,788.989990234375,998.4400024414062,804.2899780273438,300.1499938964844,0,-0.1277775377935301,-0.1978403644805162,0.5491168956670939,-0.8445771893296439,-0.0695276137254457,-0.4938454516251283,0.194863932278031
1765626151.7538428,537.6300048828125,595.5499877929688,882.1599731445312,460.8999938964844,495.8800048828125,589.5700073242188,788.989990234375,998.4400024414062,804.2899780273438,300.1499938964844,0,-0.1305323687336681,-0.202262719004197,0.561380481312962,-0.8539582822501286,-0.0705381663910745,-0.4789205816302321,0.1908263497254901
1765626151.965471,537.6300048828125,595.5499877929688,882.1599731445312,460.8999938964844,495.8800048828125,589.5700073242188,788.989990234375,998.3499755859376,804.2899780273438,300.1499938964844,0,-0.1273338749921786,-0.197304047308905,0.5476303399820626,-0.8397236379185166,-0.0716486304489298,-0.5003841051053628,0.1983593532798238
1765626152.0083656,537.6300048828125,595.5499877929688,882.1599731445312,460.8999938964844,495.8800048828125,589.5700073242188,788.989990234375,998.3499755859376,804.2899780273438,300.1499938964844,0,-0.1295626802149252,-0.2010674683028472,0.5580680378618398,-0.8438882245126992,-0.0748140318679474,-0.4927191184376942,0.198704291575314
1765626152.0530555,537.6300048828125,595.5499877929688,882.1599731445312,460.8999938964844,495.8800048828125,589.5700073242188,788.989990234375,998.4400024414062,804.2899780273438,300.1499938964844,0,-0.1268685050162858,-0.1967333128644686,0.5460479560653025,-0.8349155350935382,-0.0737659527130585,-0.5068084199424115,0.2015436899416151
1765626152.0991151,537.6300048828125,595.5499877929688,882.1599731445312,460.8999938964844,495.8800048828125,589.5700073242188,788.989990234375,998.4400024414062,804.2899780273438,300.1499938964844,0,-0.1300596730767824,-0.2016843535998541,0.5597778935776194,-0.8488978200425269,-0.0726815894313778,-0.4858846334527828,0.1949512776547756
1765626154.404539,537.6300048828125,595.5499877929688,882.1599731445312,460.8999938964844,495.8800048828125,589.5700073242188,788.989990234375,998.3499755859376,804.2899780273438,300.1499938964844,0,-0.1276936545894722,-0.1978199364264854,0.5496073681917976,-0.84502231558183,-0.0693348208733175,-0.4939980401984324,0.1926029726232048
1765626154.969665,537.6300048828125,595.5499877929688,882.1599731445312,460.8999938964844,495.8800048828125,589.5700073242188,788.989990234375,998.3499755859376,804.2899780273438,300.1499938964844,0,-0.1300040407454782,-0.201396272895658,0.5595381604736023,-0.8488049076490249,-0.0728328167681473,-0.4856300081985334,0.1959313775015128
1765626156.363916,537.6300048828125,595.5499877929688,882.1599731445312,460.8999938964844,495.8800048828125,589.5700073242188,788.989990234375,998.4400024414062,804.2899780273438,300.1499938964844,0,-0.127643818306,-0.1975445950049912,0.5493925912461453,-0.844945460900362,-0.0694778845278105,-0.4937527487510196,0.1935154122188401
1765626156.4139626,537.6300048828125,595.5499877929688,882.1599731445312,460.8999938964844,495.8800048828125,589.5700073242188,788.989990234375,998.4400024414062,804.2899780273438,300.1499938964844,0,-0.1305098334125465,-0.2018239421814927,0.561283857212651,-0.8540048249826521,-0.0706205431142324,-0.4789902549485212,0.1904122723485838
1765626156.9337862,537.6300048828125,595.5499877929688,882.1599731445312,460.8999938964844,495.8800048828125,589.5700073242188,785.6500244140625,998.4400024414062,804.2899780273438,300.1499938964844,0,-0.1288348225428016,-0.199488310795003,0.5545154055923291,-0.8482758395578541,-0.0729866014575249,-0.4897461453150092,0.1877492188510731
1765626157.0929768,537.6300048828125,595.5499877929688,882.1599731445312,460.8999938964844,495.8800048828125,589.5700073242188,772.2100219726562,996.9400024414062,804.2899780273438,300.1499938964844,0,-0.1297661563845691,-0.195049829956027,0.5606841527501932,-0.8480912620299894,-0.0802981296135102,-0.4883161278893151,0.189316615467681
1765626157.2733169,537.6300048828125,595.5499877929688,882.1599731445312,460.8999938964844,495.8800048828125,589.5700073242188,759.1099853515625,996.3300170898438,804.2899780273438,300.1499938964844,0,-0.1326110012680137,-0.1884342445465448,0.5681097978178254,-0.8537732283390868,-0.0893857681508452,-0.4772759674535538,0.1878539590075528
1765626157.3260603,537.6300048828125,595.5499877929688,882.1599731445312,460.8999938964844,495.8800048828125,589.5700073242188,759.1099853515625,996.3300170898438,804.2899780273438,300.1499938964844,0,-0.1291888800641349,-0.1826179513214295,0.553887935957549,-0.8428564815183285,-0.0748656896623755,-0.496280078525581,0.1941498486544957
1765626157.415665,537.6300048828125,595.5499877929688,882.1599731445312,460.8999938964844,495.8800048828125,589.5700073242188,759.1099853515625,996.3300170898438,804.2899780273438,300.1499938964844,0,-0.1306837002311626,-0.1836474981606559,0.5637710045315111,-0.8500980627999866,-0.0828376781809041,-0.4866489039556112,0.1834231364253417
1765626157.459267,537.6300048828125,595.5499877929688,882.1599731445312,460.8999938964844,495.8800048828125,589.5700073242188,745.4000244140625,996.3300170898438,804.2899780273438,300.1499938964844,0,-0.1278654959503835,-0.1792282679508466,0.5541982736933593,-0.8429005437711987,-0.0852810468397315,-0.4923670236782994,0.1995508214824239
1765626157.643224,537.6300048828125,595.5499877929688,882.1599731445312,460.8999938964844,495.8800048828125,589.5700073242188,745.4000244140625,996.3300170898438,804.2899780273438,300.1499938964844,0,-0.1291057962540569,-0.1734656251159085,0.5653039522017461,-0.8542523066339986,-0.0884215396390351,-0.4770352244914869,0.1867405219354178
1765626157.7145896,537.6300048828125,595.5499877929688,882.1599731445312,460.8999938964844,495.8800048828125,589.5700073242188,731.5999755859375,996.3300170898438,804.2899780273438,300.1499938964844,0,-0.128770268904913,-0.1720304015689457,0.5642728115464501,-0.8483144542681291,-0.1005718468415254,-0.4816583425139095,0.1955840775457049
1765626158.172974,537.6300048828125,595.5499877929688,882.1599731445312,460.8999938964844,495.8800048828125,589.5700073242188,704.27001953125,996.3300170898438,804.2899780273438,300.1499938964844,0,-0.1222195081863416,-0.1552928822709467,0.5654447244977852,-0.8484346206350473,-0.1161480929155964,-0.4767291042759085,0.1984884786485688
1765626158.290849,537.6300048828125,595.5499877929688,882.1599731445312,460.8999938964844,495.8800048828125,589.5700073242188,698.9099731445312,996.3300170898438,804.2899780273438,300.1499938964844,0,-0.1199228161554643,-0.1526339745480351,0.5661429518518826,-0.8535724172343747,-0.1209732424000817,-0.4731760464306588,0.181339549586207
1765626158.290849,537.6300048828125,595.5499877929688,882.1599731445312,460.8999938964844,495.8800048828125,589.5700073242188,698.9099731445312,996.3300170898438,804.2899780273438,300.1499938964844,1,-0.1392425119470323,-0.1634181283482779,0.5790557576166537,-0.8112149413304856,-0.1438955516221416,-0.5469736743361103,0.1484728553264585
1765626159.4629278,537.6300048828125,595.5499877929688,882.1599731445312,460.8999938964844,495.8800048828125,589.5700073242188,698.8200073242188,996.3300170898438,804.2899780273438,300.1499938964844,0,-0.1214697466852333,-0.155184113425028,0.576370523705708,-0.8635104392378808,-0.125938566765101,-0.4501986299512249,0.1892363398462215
1765626159.545391,537.6300048828125,595.5499877929688,882.1599731445312,460.8999938964844,495.8800048828125,589.5700073242188,698.8200073242188,996.3300170898438,804.2899780273438,300.1499938964844,0,-0.1181994009476908,-0.1511899165099697,0.56230262595762,-0.8510622097668862,-0.1200894737546611,-0.4687223628976206,0.2038896268075068
1765626160.2117152,537.6300048828125,595.5499877929688,882.1599731445312,460.8999938964844,495.8800048828125,589.5700073242188,698.9099731445312,995.3599853515624,804.9000244140625,300.1499938964844,0,-0.1153201720876846,-0.1465535589193664,0.5472507908993615,-0.866898658844102,-0.1189301336588016,-0.4592539229678652,0.1530626435183414
1765626160.284727,537.6300048828125,595.5499877929688,882.1599731445312,460.8999938964844,495.8800048828125,589.5700073242188,698.8200073242188,995.010009765625,813.9600219726562,300.1499938964844,0,-0.1193847877228657,-0.1515826784950955,0.5679378537001495,-0.854870261237931,-0.1244293421585114,-0.4634609093717021,0.1972768631779884
1765626160.284727,537.6300048828125,595.5499877929688,882.1599731445312,460.8999938964844,495.8800048828125,589.5700073242188,698.8200073242188,995.010009765625,813.9600219726562,300.1499938964844,1,-0.139880887250784,-0.1643720984256042,0.5865431427841354,-0.8199264444706298,-0.1453542205826364,-0.5363219032229132,0.1376647824968968
1765626160.4830823,537.6300048828125,595.5499877929688,882.1599731445312,460.8999938964844,495.8800048828125,589.5700073242188,698.9099731445312,995.010009765625,827.1400146484375,300.1499938964844,0,-0.1146974342891249,-0.1628035663399396,0.5700267741808785,-0.8519916946235441,-0.1406947098890543,-0.4524763054290873,0.2226664409536827
1765626160.7374582,537.6300048828125,595.5499877929688,882.1599731445312,460.8999938964844,495.8800048828125,589.5700073242188,698.9099731445312,995.010009765625,840.6699829101562,300.1499938964844,0,-0.1081077305226967,-0.1677430154810796,0.5551632493985115,-0.8427743798353226,-0.1391999756886019,-0.4604003655689087,0.2416323961009684
1765626160.898208,537.6300048828125,595.5499877929688,882.1599731445312,460.8999938964844,495.8800048828125,589.5700073242188,698.9099731445312,995.010009765625,853.6799926757812,300.1499938964844,0,-0.1023990318005015,-0.1711069295481308,0.5455149009281651,-0.830488636694723,-0.157069045990631,-0.4763269585881407,0.2423439036466672
1765626161.1027665,537.6300048828125,595.5499877929688,882.1599731445312,460.8999938964844,495.8800048828125,589.5700073242188,698.8200073242188,995.010009765625,866.6900024414062,300.1499938964844,0,-0.0996998918237567,-0.1818957564101467,0.552615940253904,0.9398810069164172,0.24644232030899,-0.2343432868837502,0.0311945426480841
1765626161.3774395,537.6300048828125,595.5499877929688,882.1599731445312,460.8999938964844,495.8800048828125,589.5700073242188,698.8200073242188,995.010009765625,879.9600219726562,300.1499938964844,0,-0.0868500134077925,-0.1776692134846133,0.508463064944902,-0.800881534587898,-0.1825070174919915,-0.4295643770901706,0.375172496403248
1765626161.422649,537.6300048828125,595.5499877929688,882.1599731445312,460.8999938964844,495.8800048828125,589.5700073242188,698.8200073242188,995.010009765625,879.9600219726562,300.1499938964844,0,-0.0913301201475457,-0.1914196408511554,0.5438505818814708,-0.816545869418996,-0.1677191812128876,-0.4398933408376513,0.3340912571061154
1765626161.507455,537.6300048828125,595.5499877929688,882.1599731445312,460.8999938964844,495.8800048828125,589.5700073242188,698.9099731445312,995.010009765625,886.030029296875,300.1499938964844,0,-0.0881501893204865,-0.1905102362451624,0.5352502591077479,-0.8120511480779355,-0.1576235853554378,-0.4492658261715888,0.3374728962144419
1765626161.7196865,537.6300048828125,595.5499877929688,882.1599731445312,460.8999938964844,495.8800048828125,589.5700073242188,698.9099731445312,995.010009765625,886.1099853515625,300.1499938964844,0,-0.0851532742276956,-0.1794517553437142,0.5065284418818922,-0.7995675486357283,-0.1875748782423487,-0.4207560618227504,0.3853203039815449
1765626161.7969887,537.6300048828125,595.5499877929688,882.1599731445312,460.8999938964844,495.8800048828125,589.5700073242188,698.9099731445312,995.010009765625,886.1099853515625,300.1499938964844,0,-0.0897226202966882,-0.1895023849721689,0.5348566947138896,-0.8121583071169071,-0.1647204657963895,-0.4423837601217664,0.3428741184594538
1765626161.8674304,537.6300048828125,595.5499877929688,882.1599731445312,460.8999938964844,495.8800048828125,589.5700073242188,698.9099731445312,995.010009765625,886.030029296875,300.1499938964844,0,-0.0852832868633288,-0.1785927827954656,0.5046111024768415,-0.7988777054527901,-0.177197365392659,-0.4338184509677584,0.3770902505081776
1765626161.9107018,537.6300048828125,595.5499877929688,882.1599731445312,460.8999938964844,495.8800048828125,589.5700073242188,698.9099731445312,995.010009765625,886.030029296875,300.1499938964844,0,-0.0892622853672892,-0.1883490995019819,0.5326833164237277,-0.8079462547368778,-0.1663328311721061,-0.4495495281831401,0.3427265096855511
1765626161.9834654,537.6300048828125,595.5499877929688,882.1599731445312,460.8999938964844,495.8800048828125,589.5700073242188,698.9099731445312,995.010009765625,886.030029296875,300.1499938964844,0,-0.0862427491232217,-0.1819547911617282,0.5141090208510845,-0.8066402556360794,-0.1848385766585325,-0.4151639813616231,0.3778955770397085
1765626162.0699298,537.6300048828125,595.5499877929688,882.1599731445312,460.8999938964844,495.8800048828125,589.5700073242188,698.8200073242188,995.010009765625,886.1099853515625,300.1499938964844,0,-0.0894762178823534,-0.1908526646172838,0.5397579289921579,-0.8145486136465081,-0.1626325350681865,-0.4443111668828135,0.3356319435439356
1765626163.7091792,537.6300048828125,595.5499877929688,882.1599731445312,460.8999938964844,495.8800048828125,589.5700073242188,698.8200073242188,995.010009765625,886.030029296875,300.1499938964844,0,-0.0872083563349219,-0.1872651570256607,0.530696674926613,-0.8100711507136273,-0.1533473939471326,-0.4539320896973258,0.3379570468182923
1765626163.9313848,537.6300048828125,595.5499877929688,882.1599731445312,460.8999938964844,495.8800048828125,589.5700073242188,698.8200073242188,995.010009765625,886.030029296875,300.1499938964844,0,-0.0836144731811023,-0.1785400225687708,0.5054939790870966,-0.7969865453829548,-0.1890829146878858,-0.4264245033480073,0.3836955053112852
1765626164.0245223,537.6300048828125,595.5499877929688,882.1599731445312,460.8999938964844,495.8800048828125,589.5700073242188,698.8200073242188,995.010009765625,886.030029296875,300.1499938964844,0,-0.0879953335352836,-0.1895757958045175,0.5372406621500081,-0.8105150540740474,-0.1642176253345766,-0.4506812184872835,0.3361314593304737
1765626164.5740638,537.6300048828125,595.5499877929688,882.1599731445312,460.8999938964844,495.8800048828125,589.5700073242188,698.8200073242188,995.010009765625,886.1099853515625,300.1499938964844,0,-0.0898893419089716,-0.1929193111978077,0.5469925102755508,-0.8221541995275249,-0.1590186348543886,-0.42636771140936,0.3420323385819626
1765626164.6902409,537.6300048828125,595.5499877929688,882.1599731445312,460.8999938964844,495.8800048828125,589.5700073242188,698.8200073242188,995.010009765625,886.030029296875,300.1499938964844,0,-0.0834837495244498,-0.1782655436226499,0.5047136146750091,-0.7998906765597085,-0.1770571959225857,-0.4318518213831295,0.3772660325194366
1765626165.139264,537.6300048828125,595.5499877929688,882.1599731445312,460.8999938964844,495.8800048828125,589.5700073242188,698.8200073242188,995.010009765625,886.1099853515625,300.1499938964844,0,-0.0895805238849068,-0.1920462516943704,0.5445168536048015,-0.8174955462283641,-0.1605691920973256,-0.4344216445239818,0.3423395992506268
1765626165.4707563,537.6300048828125,595.5499877929688,882.1599731445312,460.8999938964844,495.8800048828125,589.5700073242188,698.8200073242188,995.010009765625,886.1099853515625,300.1499938964844,0,-0.0846229264912419,-0.180610020727893,0.5121370824064355,-0.8061851320256975,-0.1841721959362305,-0.4031255619177628,0.391964177538233
1765626166.04144,534.6400146484375,592.72998046875,878.9099731445312,457.2099914550781,492.6300048828125,586.22998046875,696.010009765625,991.0499877929688,885.8499755859375,300.1499938964844,0,-0.0867977207620904,-0.1806999075464198,0.5168613408136477,-0.8059320553264474,-0.178591174274307,-0.4216463352926715,0.3752240432100164
1765626166.869541,519.8699951171875,592.2100219726562,863.6099853515625,439.4500122070313,476.2799987792969,569.530029296875,680.5399780273438,972.0700073242188,867.219970703125,300.1499938964844,0,-0.0896681345060157,-0.1746456031892354,0.5146483013541435,-0.8053338326289092,-0.1865105420911349,-0.4172148016045161,0.3776017015774787
1765626166.9092612,519.8699951171875,592.2100219726562,863.6099853515625,439.4500122070313,476.2799987792969,569.530029296875,680.5399780273438,972.0700073242188,867.219970703125,300.1499938964844,1,-0.1104672087064743,-0.1977106287601411,0.5534590613021046,-0.7867872474219152,-0.2557411329991431,-0.5501591564452613,0.1135218162557272
1765626167.1699855,516.8800048828125,592.2100219726562,860.5399780273438,436.0299987792969,473.0299987792969,566.280029296875,677.3699951171875,968.2899780273438,863.530029296875,300.1499938964844,0,-0.0946665052423152,-0.179349344531554,0.5361442381115703,-0.8108090026926743,-0.1606990684161965,-0.4535330970098908,0.3332751123010755
1765626167.2487652,516.8800048828125,592.2100219726562,860.5399780273438,436.0299987792969,473.0299987792969,566.280029296875,677.3699951171875,968.2899780273438,863.530029296875,300.1499938964844,0,-0.0909579462382919,-0.1721681330268135,0.5125150489127993,-0.8042703607583764,-0.1864971587492682,-0.4084357842464183,0.3892919299588095
1765626167.296429,513.97998046875,592.2100219726562,857.4600219726562,432.510009765625,469.7799987792969,563.030029296875,674.1199951171875,964.5999755859376,859.8300170898438,300.1499938964844,1,-0.1140816056224692,-0.196000058340524,0.5565118226957769,-0.7880478303892239,-0.2513088815054503,-0.5531448941608341,0.0992733053701557
1765626167.3980274,513.97998046875,592.2100219726562,857.4600219726562,432.510009765625,469.7799987792969,563.030029296875,674.1199951171875,964.5999755859376,859.8300170898438,300.1499938964844,0,-0.0950741156438735,-0.177567004211801,0.5357199461740958,-0.8120155625418054,-0.167889572477105,-0.4454641315126726,0.3376470423075415
1765626167.4722958,511.0799865722656,592.2100219726562,854.3800048828125,428.989990234375,466.5199890136719,559.780029296875,670.9600219726562,961.0,856.3200073242188,300.1499938964844,0,-0.0918560685599134,-0.1690851149148706,0.51238736565622,-0.802186050033977,-0.182935973105503,-0.4240243794370777,0.3784643926683586
1765626167.5984528,511.0799865722656,592.2100219726562,854.3800048828125,428.989990234375,466.5199890136719,559.780029296875,670.9600219726562,961.0,856.3200073242188,300.1499938964844,0,-0.0986657078471034,-0.1800361083494936,0.5476186229739979,-0.8208335011294168,-0.1625246866932443,-0.433222892017963,0.3348671609317326
1765626168.241711,502.3800048828125,592.2100219726562,844.97998046875,418.4500122070313,456.6799926757813,549.5800170898438,661.1099853515625,950.010009765625,845.510009765625,300.1499938964844,0,-0.1014739890042369,-0.1742794501401991,0.54471104820665,-0.8152944172033652,-0.1589296361366774,-0.4526951666558083,0.3241966534697089
1765626168.382371,499.5700073242188,592.2100219726562,841.9000244140625,415.1099853515625,453.4299926757813,546.239990234375,657.9500122070312,946.3200073242188,841.989990234375,300.1499938964844,0,-0.0963019003480781,-0.1644507573063108,0.5134652275731134,-0.8031199589876442,-0.1886963040468373,-0.4122769452926633,0.3865485179054482
1765626168.4405532,499.5700073242188,592.2100219726562,841.9000244140625,415.1099853515625,453.4299926757813,546.239990234375,657.9500122070312,946.3200073242188,841.989990234375,300.1499938964844,1,-0.1199875724961593,-0.1880158973143944,0.5583711763269086,-0.7978574389952474,-0.2512840310996371,-0.5411209343820371,0.0864174584662888
1765626168.6572726,493.7699890136719,592.2100219726562,835.75,408.3399963378906,446.9200134277344,539.6500244140625,651.530029296875,939.02001953125,834.7899780273438,300.1499938964844,0,-0.0975532571483921,-0.1632464365313516,0.5137419204089855,-0.8070666036511955,-0.1839851210570788,-0.4217279475982827,0.3700520378474849
1765626168.772725,493.7699890136719,592.2100219726562,835.75,408.3399963378906,446.9200134277344,539.6500244140625,651.530029296875,939.02001953125,834.7899780273438,300.1499938964844,0,-0.1035809010240206,-0.1707988258877746,0.5439322909986422,-0.8161626134877553,-0.1668914928787869,-0.4461654332835961,0.3270507974189756
1765626168.813982,493.7699890136719,592.2100219726562,835.75,408.3399963378906,446.9200134277344,539.6500244140625,651.530029296875,939.02001953125,834.7899780273438,300.1499938964844,1,-0.1215570824451102,-0.18675224193391,0.5591036194060366,-0.788761125598458,-0.2580682914296482,-0.5488792066045093,0.0999412840643956
1765626168.8756115,490.8699951171875,592.2100219726562,832.6799926757812,405.0,443.6700134277344,536.3099975585938,648.280029296875,935.4199829101562,831.1799926757812,300.1499938964844,1,-0.1215761868559255,-0.1841060986083584,0.5550682207917126,-0.7920316824467366,-0.2544068783841436,-0.5479141075104345,0.0880516043151485
1765626169.0789554,490.7799987792969,592.2100219726562,829.510009765625,401.6600036621094,440.4200134277344,532.969970703125,645.1199951171875,931.8200073242188,827.6699829101562,300.1499938964844,0,-0.1011142191821438,-0.1606341009008622,0.5163377540458227,-0.8075175806897187,-0.1829314232339905,-0.4165021172835395,0.3754696226979477
1765626169.7773316,485.0700073242188,592.2100219726562,820.2000122070312,391.6400146484375,430.8399963378906,523.0399780273438,635.5399780273438,921.010009765625,817.030029296875,300.0599975585937,0,-0.1076565061106554,-0.1652950922188987,0.5412911363910452,-0.8112587291872085,-0.1703715465897858,-0.4577655288100531,0.321377552208321
1765626169.8461423,485.0700073242188,592.2100219726562,820.2000122070312,391.6400146484375,430.8399963378906,523.0399780273438,635.5399780273438,921.010009765625,817.030029296875,300.0599975585937,1,-0.1280739207780714,-0.1801852638655141,0.5612014983272373,-0.788671270855234,-0.254678606949673,-0.5537018234818557,0.0809365452847592
1765626169.8908105,482.1700134277344,592.2100219726562,817.1199951171875,388.2999877929688,427.5899963378906,519.7899780273438,632.4600219726562,917.4000244140624,813.52001953125,300.1499938964844,1,-0.126511435048558,-0.1776850715791769,0.5543562126787437,-0.7841456011183833,-0.2555263736298786,-0.5571877113685213,0.0967667449393776
1765626170.022846,482.1700134277344,592.2100219726562,817.1199951171875,388.2999877929688,427.5899963378906,519.7899780273438,632.4600219726562,917.4000244140624,813.52001953125,300.1499938964844,1,-0.1258761570873454,-0.1776848136416925,0.5515711803644895,-0.7820137026109508,-0.2509745176699089,-0.5610669775832108,0.1032966944035907
1765626170.0938532,482.0799865722656,592.2899780273438,814.1300048828125,385.0499877929688,424.4200134277344,516.530029296875,629.2999877929688,913.7999877929688,809.9099731445312,300.1499938964844,0,-0.1103390174531641,-0.1645843639539771,0.5453943148655012,-0.8146773717086218,-0.1825978465301558,-0.4452105487459712,0.3236454445126533
1765626170.377933,482.0799865722656,592.2100219726562,811.0499877929688,381.7999877929688,421.3500061035156,513.280029296875,626.1300048828125,910.280029296875,806.3099975585938,300.1499938964844,0,-0.1072141369861004,-0.1553565167192862,0.5188768453572938,-0.8066787534014581,-0.1985222732283001,-0.4258749289878473,0.358453401019622
1765626170.7339225,479.3599853515625,592.2100219726562,804.9000244140625,375.1199951171875,415.1099853515625,506.7799987792969,619.8900146484375,903.0800170898438,799.4500122070312,300.1499938964844,0,-0.1101126436156069,-0.1544638478347875,0.5215400293984821,-0.8094093015801441,-0.2102719182107116,-0.413702495719669,0.359850730112985
1765626170.7339225,479.3599853515625,592.2100219726562,804.9000244140625,375.1199951171875,415.1099853515625,506.7799987792969,619.8900146484375,903.0800170898438,799.4500122070312,300.1499938964844,1,-0.1351732713935577,-0.1794362002756727,0.5706912945127348,-0.7835517371961171,-0.2647244069570336,-0.5581745968119661,0.0663986669443973
1765626171.0764089,473.5499877929688,592.2100219726562,798.8400268554688,368.6099853515625,408.8699951171875,500.2699890136719,613.6500244140625,895.9600219726562,792.3300170898438,300.1499938964844,0,-0.1109607504262148,-0.1524665863716796,0.5211238628950717,-0.8120421828949933,-0.1984714080486403,-0.4209838922009337,0.3520925388213688
1765626171.21255,473.5499877929688,592.2100219726562,798.8400268554688,368.6099853515625,408.8699951171875,500.2699890136719,613.6500244140625,895.9600219726562,792.3300170898438,300.1499938964844,1,-0.1361951584256626,-0.1748143557799871,0.56472089465603,-0.788703087666239,-0.2640321724903677,-0.5519802478115517,0.0596008172901666
1765626171.4584446,470.5700073242188,592.2899780273438,792.77001953125,362.1099853515625,402.6300048828125,493.8599853515625,607.4099731445312,888.75,785.1300048828125,300.1499938964844,1,-0.1374083441062259,-0.1743563346640549,0.5671962575304023,-0.7804131781885602,-0.2615893316954211,-0.5637490749788792,0.0686532833390501
1765626171.5484388,470.5700073242188,592.2899780273438,792.77001953125,362.1099853515625,402.6300048828125,493.8599853515625,607.4099731445312,888.75,785.1300048828125,300.1499938964844,0,-0.1134209602315817,-0.1521514275417329,0.5242418340346219,-0.809823562388896,-0.209163924640272,-0.4077731483357374,0.3662749103135476
1765626171.625991,470.5700073242188,592.2899780273438,792.77001953125,362.1099853515625,402.6300048828125,493.8599853515625,607.4099731445312,888.75,785.1300048828125,300.1499938964844,1,-0.1364203730682409,-0.173832618439619,0.5633050057529159,-0.8742986584319041,-0.3919231705055568,0.2722105847621392,0.0888790291829238
1765626171.7171948,470.5700073242188,592.2100219726562,789.7899780273438,358.8599853515625,399.4599914550781,490.6099853515625,604.3400268554688,885.3200073242188,781.7000122070312,300.1499938964844,0,-0.119315230524171,-0.1581608249833046,0.5496624887174454,-0.8152347633418755,-0.1764171010981183,-0.4521421271780271,0.3159695933313542
1765626171.7903817,470.5700073242188,592.2100219726562,789.7899780273438,358.8599853515625,399.4599914550781,490.6099853515625,604.3400268554688,885.3200073242188,781.7000122070312,300.1499938964844,0,-0.1146760202132569,-0.150559571322145,0.5239495460775343,-0.8123069985944933,-0.1972818227597187,-0.4154726407231415,0.3586358978874649
1765626171.8623128,470.5700073242188,592.2100219726562,786.7999877929688,355.6099853515625,396.2999877929688,487.4400024414063,601.1699829101562,881.8099975585938,778.1799926757812,300.1499938964844,0,-0.1196276751802926,-0.1553827702356067,0.5447839303085101,-0.8138579513273673,-0.1860390131371108,-0.4536699608397829,0.3117824358167416
1765626171.934743,470.5700073242188,592.2100219726562,786.7999877929688,355.6099853515625,396.2999877929688,487.4400024414063,601.1699829101562,881.8099975585938,778.1799926757812,300.1499938964844,0,-0.1149238879951438,-0.1488093250612967,0.5207980485161193,-0.8083536424907672,-0.2055103765673823,-0.415876309071939,0.3624593347504554
1765626172.174713,467.8399963378906,592.2100219726562,783.8099975585938,352.3500061035156,393.2200012207031,484.2799987792969,598.0999755859375,878.3800048828125,774.6699829101562,300.1499938964844,0,-0.1206950750901869,-0.1551713805163644,0.5447298370985995,-0.8132601588694733,-0.1792012662557336,-0.4514066555370095,0.3205102985940271
1765626172.2973144,464.8500061035156,592.2100219726562,780.72998046875,349.19000244140625,390.05999755859375,481.0299987792969,595.02001953125,874.8599853515625,771.1500244140625,300.1499938964844,0,-0.1169514086859997,-0.1479358904215318,0.5240055956656959,-0.8126024274542969,-0.1983241340311062,-0.4174230828091691,0.3551095643520258
1765626172.574042,461.8699951171875,592.2100219726562,777.739990234375,345.94000244140625,386.9800109863281,477.8599853515625,592.030029296875,871.3499755859375,767.6400146484375,300.1499938964844,1,-0.1420001220969671,-0.1680411287569866,0.5631357688202885,-0.7728820967139548,-0.2652372457894993,-0.5725536516559556,0.0669685299261709
1765626172.6985507,461.6900024414063,592.2100219726562,774.760009765625,342.69000244140625,383.8200073242188,474.7000122070313,589.0399780273438,867.8300170898438,764.1199951171875,300.0599975585937,0,-0.1234110054941023,-0.1516076013912284,0.5446023520462859,-0.8133813048209912,-0.1804711357959985,-0.4537541889842652,0.3161457861358203
1765626172.6985507,461.6900024414063,592.2100219726562,774.760009765625,342.69000244140625,383.8200073242188,474.7000122070313,589.0399780273438,867.8300170898438,764.1199951171875,300.0599975585937,1,-0.1415324039050757,-0.1659686609764238,0.5588924830937775,-0.7763437457843922,-0.2571704240958486,-0.5698977597135577,0.0798141893731203
1765626172.910979,461.6900024414063,592.2100219726562,771.77001953125,339.5199890136719,380.8299865722656,471.5299987792969,586.0499877929688,864.3200073242188,760.6099853515625,300.1499938964844,1,-0.1423748291006483,-0.1662318035356548,0.5618192458299583,-0.7753240866339646,-0.2683889194691203,-0.5672041487862292,0.0715499978413405
1765626173.0008445,461.6900024414063,592.2100219726562,771.77001953125,339.5199890136719,380.8299865722656,471.5299987792969,586.0499877929688,864.3200073242188,760.6099853515625,300.1499938964844,0,-0.1205091233703796,-0.1459867746050971,0.5271866474308534,-0.8157547009891116,-0.2173669375152386,-0.4074034547485479,0.3483077767555002
1765626173.207945,461.6900024414063,592.2100219726562,768.8699951171875,336.2699890136719,377.75,468.4599914550781,582.97998046875,860.7100219726562,757.0900268554688,300.1499938964844,0,-0.119782423310668,-0.1427610705670764,0.5199253707194259,-0.807004167617594,-0.2164637387108265,-0.4296407936954169,0.3424857831559401
1765626173.207945,461.6900024414063,592.2100219726562,768.8699951171875,336.2699890136719,377.75,468.4599914550781,582.97998046875,860.7100219726562,757.0900268554688,300.1499938964844,1,-0.1472967784252835,-0.1687592883481898,0.5763087656909376,-0.7716865577631408,-0.276172518934096,-0.5682794664325922,0.072712064916075
1765626173.2489831,461.6900024414063,592.2100219726562,768.8699951171875,336.2699890136719,377.75,468.4599914550781,582.97998046875,860.7100219726562,757.0900268554688,300.1499938964844,1,-0.1460491780127265,-0.164692031461676,0.5662511466675136,-0.770920278992328,-0.263647342075253,-0.575107123749494,0.0736464436862361
1765626173.3203728,461.6000061035156,592.2100219726562,765.969970703125,333.1099853515625,374.5899963378906,465.2900085449219,580.0800170898438,857.2000122070312,753.5700073242188,300.1499938964844,0,-0.1220647665526689,-0.1431089929859827,0.5253155210075601,-0.8085896726330103,-0.215359667526746,-0.4327598728428749,0.3354427631817824
1765626173.3203728,461.6000061035156,592.2100219726562,765.969970703125,333.1099853515625,374.5899963378906,465.2900085449219,580.0800170898438,857.2000122070312,753.5700073242188,300.1499938964844,1,-0.1486363124010229,-0.1678161905587637,0.5762743488149032,-0.7743769153721363,-0.2696656824534355,-0.5675859256437048,0.0739393647310912
1765626173.493014,458.8800048828125,592.2100219726562,763.1500244140625,329.94000244140625,371.510009765625,462.1300048828125,577.0,853.77001953125,750.1500244140625,300.1499938964844,0,-0.1286123743006212,-0.1483131478259196,0.550927655634602,-0.8207534308407702,-0.192130459325808,-0.4464357652171154,0.300241236170796
1765626173.493014,458.8800048828125,592.2100219726562,763.1500244140625,329.94000244140625,371.510009765625,462.1300048828125,577.0,853.77001953125,750.1500244140625,300.1499938964844,1,-0.1469221146742238,-0.1630877139864758,0.5646963986343161,-0.8797967217518221,-0.3830303160375625,0.2725404194399515,0.0704785439861457
1765626173.7033238,455.8900146484375,592.2100219726562,760.25,326.8699951171875,368.4400024414063,458.8800048828125,573.9299926757812,850.3400268554688,746.6300048828125,300.1499938964844,0,-0.1300880391704871,-0.149597461958169,0.5568112408817366,-0.8243202748612535,-0.1898793968998253,-0.4368017454718251,0.3060165587650335
1765626173.7033238,455.8900146484375,592.2100219726562,760.25,326.8699951171875,368.4400024414063,458.8800048828125,573.9299926757812,850.3400268554688,746.6300048828125,300.1499938964844,1,-0.1467731841105747,-0.1624186849528469,0.5647277213094084,-0.7731156967217904,-0.2668886550807211,-0.5700934131048047,0.0778207273552436
1765626174.0406387,455.7099914550781,592.2100219726562,757.4400024414062,323.70001220703125,365.4500122070313,455.7099914550781,571.030029296875,846.8300170898438,743.2000122070312,300.1499938964844,0,-0.1267034519447711,-0.1395477213478936,0.5265106100952459,-0.8154906444283623,-0.2129703082210955,-0.4104983072537747,0.3480083280724926
1765626174.0406387,455.7099914550781,592.2100219726562,757.4400024414062,323.70001220703125,365.4500122070313,455.7099914550781,571.030029296875,846.8300170898438,743.2000122070312,300.1499938964844,1,-0.1512335024002221,-0.1608295785631389,0.5677256509046618,-0.7707792234080738,-0.2649000818003691,-0.5728387803893774,0.0870808079120474
1765626174.1129968,455.6199951171875,592.2100219726562,754.4500122070312,320.5400085449219,362.3699951171875,452.5499877929688,568.0399780273438,843.3099975585938,739.6900024414062,300.1499938964844,1,-0.1504568350929089,-0.1614865853703453,0.5678803559518378,-0.7708863182824961,-0.2644856725915379,-0.5728821919916116,0.0871068733082904
1765626174.3494473,455.5400085449219,592.2100219726562,751.6400146484375,317.3699951171875,359.3800048828125,449.3800048828125,565.0499877929688,839.7899780273438,736.1699829101562,300.1499938964844,1,-0.1555797014580847,-0.1627540986029458,0.5785536681757194,-0.7617987828956545,-0.2894832098113404,-0.5747481475834068,0.07434145859119
1765626174.4188566,455.5400085449219,592.2100219726562,751.6400146484375,317.3699951171875,359.3800048828125,449.3800048828125,565.0499877929688,839.7899780273438,736.1699829101562,300.1499938964844,0,-0.1347408507664262,-0.1426269809007524,0.5496377007140055,-0.815965061667136,-0.195882007921227,-0.4596643170624535,0.2907575841329053
1765626174.5825725,452.7200012207031,592.2100219726562,748.739990234375,317.2900085449219,356.4800109863281,446.3999938964844,561.969970703125,836.3699951171875,732.739990234375,300.1499938964844,0,-0.1346148794124013,-0.1422955225497794,0.5491234338526096,-0.8156075845554989,-0.1959819238803969,-0.4594799887872873,0.2919820087466306
1765626174.5825725,452.7200012207031,592.2100219726562,748.739990234375,317.2900085449219,356.4800109863281,446.3999938964844,561.969970703125,836.3699951171875,732.739990234375,300.1499938964844,1,-0.1542806783390737,-0.1577439006538925,0.5672814370397107,-0.7660926962702844,-0.2720762523369739,-0.5767085920262237,0.0805213854744434
1765626174.6320646,452.7200012207031,592.2100219726562,748.739990234375,317.2900085449219,356.4800109863281,446.3999938964844,561.969970703125,836.3699951171875,732.739990234375,300.1499938964844,0,-0.1318480787319466,-0.1370962668690026,0.5342978369297596,-0.8163829529238441,-0.2194137305302527,-0.4160774911910395,0.3350462809140145
1765626174.6784122,449.8200073242188,592.2100219726562,745.75,317.2900085449219,353.5,443.3200073242188,559.0700073242188,832.9400024414062,729.22998046875,300.1499938964844,0,-0.133962163486447,-0.1394580156397876,0.5480712201495324,-0.815944289329629,-0.1967073657915463,-0.458556770626654,0.292004823703602
1765626174.912678,449.739990234375,589.47998046875,742.760009765625,314.1199951171875,350.510009765625,440.239990234375,556.1699829101562,829.510009765625,725.7100219726562,300.1499938964844,0,-0.1355759008774497,-0.1376255894735761,0.5494130864060054,-0.8171936656450272,-0.1904624993832698,-0.4567821926458327,0.2954125549802971
1765626174.912678,449.739990234375,589.47998046875,742.760009765625,314.1199951171875,350.510009765625,440.239990234375,556.1699829101562,829.510009765625,725.7100219726562,300.1499938964844,1,-0.1554495278399438,-0.1527875521506274,0.5685825950780704,-0.7767965432563833,-0.2708833030521081,-0.5659259800306101,0.0541954946366146
1765626174.9811058,449.739990234375,589.47998046875,742.760009765625,314.1199951171875,350.510009765625,440.239990234375,556.1699829101562,829.510009765625,725.7100219726562,300.1499938964844,0,-0.130741688147521,-0.1328857489650277,0.5275118669000948,-0.8115577434079815,-0.2235139469519598,-0.4219156370623464,0.3367532328497764
1765626174.9811058,449.739990234375,589.47998046875,742.760009765625,314.1199951171875,350.510009765625,440.239990234375,556.1699829101562,829.510009765625,725.7100219726562,300.1499938964844,1,-0.1591625190289767,-0.1572746860368167,0.582536466725854,-0.7789252826561819,-0.2775559245346575,-0.5608966020889694,0.0404118121314461
1765626175.0771532,449.739990234375,586.760009765625,739.9500122070312,311.0400085449219,347.42999267578125,437.0799865722656,553.27001953125,826.0,722.2000122070312,300.1499938964844,0,-0.1329144865853148,-0.1330679328999921,0.5308826719174655,-0.8151828507043747,-0.2158566416443081,-0.4239117192575537,0.3304265189896764
1765626175.151469,449.739990234375,586.760009765625,739.9500122070312,311.0400085449219,347.42999267578125,437.0799865722656,553.27001953125,826.0,722.2000122070312,300.1499938964844,0,-0.1373424310212359,-0.1380123224945961,0.5517400492348444,-0.813156072819752,-0.1903658649961648,-0.4681728489401112,0.28870784921079
1765626175.151469,449.739990234375,586.760009765625,739.9500122070312,311.0400085449219,347.42999267578125,437.0799865722656,553.27001953125,826.0,722.2000122070312,300.1499938964844,1,-0.1591406222104492,-0.1547777443640372,0.5767539622833371,-0.7716892987040618,-0.2766949775788221,-0.570351384138689,0.0513304418388331
1765626175.594962,446.9200134277344,581.219970703125,734.1500244140625,307.8800048828125,341.5400085449219,430.75,547.3800048828125,818.9600219726562,715.3400268554688,300.1499938964844,0,-0.1390463617062428,-0.1341602265341389,0.551014150025677,-0.8145776869889956,-0.1984484226802,-0.4602957491330229,0.2919062156334939
1765626175.6766474,444.1099853515625,578.5,731.1599731445312,307.8800048828125,338.54998779296875,427.5899963378906,544.47998046875,815.5399780273438,712.0,300.1499938964844,0,-0.1407882948885421,-0.1352277275220706,0.5591047554882476,-0.8148958517100643,-0.1961196827155687,-0.461314258308073,0.290982776120763
1765626175.6766474,444.1099853515625,578.5,731.1599731445312,307.8800048828125,338.54998779296875,427.5899963378906,544.47998046875,815.5399780273438,712.0,300.1499938964844,1,-0.1617965524798018,-0.1509307220033401,0.5803160792790537,-0.7708084069169924,-0.2754709396984022,-0.5714331459965221,0.0586030789659129
1765626175.7437506,444.1099853515625,578.5,731.1599731445312,307.8800048828125,338.54998779296875,427.5899963378906,544.47998046875,815.5399780273438,712.0,300.1499938964844,1,-0.1586114742355952,-0.1477179977404374,0.5711232098515201,-0.7776713076689706,-0.2667718927578213,-0.5680689096795719,0.0368484506906989
1765626175.8674033,441.2999877929688,575.8599853515625,728.1699829101562,307.8800048828125,335.6499938964844,424.510009765625,541.5800170898438,812.1099853515625,708.6599731445312,300.1499938964844,1,-0.1597632127469651,-0.1471323352326599,0.5752626336622078,-0.7781366111969692,-0.2652073222191982,-0.5672762245336396,0.048643351396454
1765626175.999989,441.2999877929688,575.8599853515625,728.1699829101562,307.8800048828125,335.6499938964844,424.510009765625,541.5800170898438,812.1099853515625,708.6599731445312,300.1499938964844,0,-0.1356388730333347,-0.1268854850718265,0.5382769858203056,-0.8184964946617973,-0.2160268524178064,-0.4239706704524985,0.321939059228396
1765626176.0457542,441.2999877929688,575.8599853515625,728.1699829101562,307.8800048828125,335.6499938964844,424.510009765625,541.5800170898438,812.1099853515625,708.6599731445312,300.1499938964844,0,-0.1392142216445278,-0.1303150053887767,0.5540457810771736,-0.8134381801344742,-0.1853689697736228,-0.4637046295013718,0.2982191957664289
1765626176.1275735,441.1199951171875,573.0499877929688,725.27001953125,307.8800048828125,335.57000732421875,421.3500061035156,538.6799926757812,808.6799926757812,705.22998046875,300.1499938964844,0,-0.1412559618690671,-0.128061488510991,0.5585649849808654,-0.8168410618305644,-0.1838465644267735,-0.4552154051298005,0.302902716046753
1765626176.1275735,441.1199951171875,573.0499877929688,725.27001953125,307.8800048828125,335.57000732421875,421.3500061035156,538.6799926757812,808.6799926757812,705.22998046875,300.1499938964844,1,-0.1619876410267169,-0.1430299762990431,0.5787655176218409,-0.7771116119757497,-0.2636013722330816,-0.5688692123647565,0.0547693190827651
1765626176.3025663,441.1199951171875,572.780029296875,722.2899780273438,307.8800048828125,335.57000732421875,418.2699890136719,535.6900024414062,805.1699829101562,701.8099975585938,300.0599975585937,0,-0.1417416246956755,-0.1250495228893593,0.5612877464400462,-0.8232679923004261,-0.189953821580488,-0.4494776812592214,0.2900296063687765
1765626176.3025663,441.1199951171875,572.780029296875,722.2899780273438,307.8800048828125,335.57000732421875,418.2699890136719,535.6900024414062,805.1699829101562,701.8099975585938,300.0599975585937,1,-0.1616280274743503,-0.1387198279166263,0.5785975165093299,-0.7748550758386491,-0.2719760704185474,-0.5685241498147537,0.0490807461656626
1765626176.3960598,441.1199951171875,572.780029296875,722.2899780273438,307.8800048828125,335.57000732421875,418.2699890136719,535.6900024414062,805.1699829101562,701.8099975585938,300.1499938964844,0,-0.1353003337248684,-0.1179513889090713,0.5316245829469674,-0.8123660795689142,-0.2084975496691281,-0.4362011247777046,0.3260654892662936
1765626176.4606822,441.1199951171875,572.780029296875,719.3800048828125,307.8800048828125,332.6700134277344,415.2000122070313,532.8800048828125,801.739990234375,698.3800048828125,300.1499938964844,0,-0.1426351031971738,-0.1231197181370681,0.5612295373002115,-0.8217526415789255,-0.1837457824049512,-0.4597044184049826,0.2821913024977689
1765626176.4606822,441.1199951171875,572.780029296875,719.3800048828125,307.8800048828125,332.6700134277344,415.2000122070313,532.8800048828125,801.739990234375,698.3800048828125,300.1499938964844,1,-0.1633485787621762,-0.1377328048705358,0.5810162070142726,-0.7821573555895446,-0.2622709006179927,-0.5634658285203544,0.0441600031257716
1765626176.6076274,441.1199951171875,572.780029296875,719.3800048828125,307.8800048828125,332.6700134277344,415.2000122070313,532.8800048828125,801.739990234375,698.3800048828125,300.1499938964844,1,-0.1608092001288935,-0.1341496352692897,0.5698049979559747,-0.7782312606992052,-0.2666583761264542,-0.5665148649275874,0.0480658207898885
1765626176.6765778,441.1199951171875,570.0599975585938,716.4000244140625,304.79998779296875,329.5899963378906,412.1199951171875,530.0700073242188,798.3099975585938,695.0399780273438,300.1499938964844,0,-0.1422972226484425,-0.1204470698373419,0.5563568633034226,-0.820740515857879,-0.1865295211600144,-0.4572099130839592,0.2873166175892318
1765626176.6765778,441.1199951171875,570.0599975585938,716.4000244140625,304.79998779296875,329.5899963378906,412.1199951171875,530.0700073242188,798.3099975585938,695.0399780273438,300.1499938964844,1,-0.1663961363674706,-0.1377844684016682,0.5888305352555723,-0.7773859311265681,-0.2783401684184736,-0.5623570255015587,0.0441864300469481
1765626176.883435,441.1199951171875,567.25,713.4099731445312,301.6400146484375,326.510009765625,409.0400085449219,527.260009765625,794.8800048828125,691.6099853515625,300.1499938964844,0,-0.1362559817891444,-0.1145504904042506,0.5305014119292746,-0.8142542947450768,-0.2158723860951298,-0.4281157560429022,0.3272704628264015
1765626176.883435,441.1199951171875,567.25,713.4099731445312,301.6400146484375,326.510009765625,409.0400085449219,527.260009765625,794.8800048828125,691.6099853515625,300.1499938964844,1,-0.1649526212157986,-0.135942993425571,0.5841035129639877,-0.7808173907997413,-0.2739868895392979,-0.5605247526206397,0.0326709088461772
1765626177.1051886,441.0400085449219,564.4299926757812,710.510009765625,298.4800109863281,323.5299987792969,406.0499877929688,524.4400024414062,791.3699951171875,688.1799926757812,300.1499938964844,0,-0.1429717768596874,-0.1183268460564107,0.5539275879116331,-0.8158674615307109,-0.189245602130772,-0.4656743069031113,0.2858213203732404
1765626177.1051886,441.0400085449219,564.4299926757812,710.510009765625,298.4800109863281,323.5299987792969,406.0499877929688,524.4400024414062,791.3699951171875,688.1799926757812,300.1499938964844,1,-0.1624429259236955,-0.1316335775119626,0.5688582883437742,-0.8944427679362108,-0.3547089172245307,0.2665475397911731,0.0557326471584096
1765626177.1426356,441.0400085449219,564.4299926757812,710.510009765625,298.4800109863281,323.5299987792969,406.0499877929688,524.4400024414062,791.3699951171875,688.1799926757812,300.1499938964844,1,-0.1679898671684231,-0.1358386972951786,0.5877362637419223,-0.7786252133680989,-0.2755489511695477,-0.5634460555670853,0.0185498000727205
1765626177.2417612,441.0400085449219,564.4299926757812,710.510009765625,298.4800109863281,323.5299987792969,406.0499877929688,524.4400024414062,791.3699951171875,688.1799926757812,300.1499938964844,1,-0.1656369348404681,-0.1304072913102708,0.5740851686822809,-0.7734476593714438,-0.2625511785726883,-0.5748861584713849,0.0484922843444315
1765626177.3369727,441.0400085449219,561.7100219726562,707.6099853515625,298.4800109863281,320.5400085449219,402.9800109863281,521.5399780273438,787.8499755859375,684.6699829101562,300.1499938964844,0,-0.1457816773952218,-0.1172095449669444,0.5585773267334442,-0.8183920314352615,-0.1946183373167403,-0.4606121816658414,0.283186517624634
1765626177.3369727,441.0400085449219,561.7100219726562,707.6099853515625,298.4800109863281,320.5400085449219,402.9800109863281,521.5399780273438,787.8499755859375,684.6699829101562,300.1499938964844,1,-0.1674802372841424,-0.1326303477228341,0.5817434454471264,-0.8908737400431905,-0.3623190124400401,0.2707211969474494,0.0421775538559602
1765626177.683944,441.0400085449219,556.0800170898438,701.6300048828125,298.4800109863281,314.4700012207031,396.9100036621094,515.9199829101562,780.9099731445312,677.9000244140625,300.1499938964844,1,-0.1674687952537918,-0.1247020518082689,0.5768375915078988,-0.7755167949092784,-0.2684921940957429,-0.5702611497729663,0.0358868162827079
1765626177.8015394,441.0400085449219,556.0800170898438,701.6300048828125,298.4800109863281,314.4700012207031,396.9100036621094,515.9199829101562,780.9099731445312,677.9000244140625,300.1499938964844,0,-0.1436198512295401,-0.1069601497728334,0.5413391487557254,-0.8203426320704884,-0.2086758932082248,-0.4322902871839371,0.3108334686095467
1765626177.8015394,441.0400085449219,556.0800170898438,701.6300048828125,298.4800109863281,314.4700012207031,396.9100036621094,515.9199829101562,780.9099731445312,677.9000244140625,300.1499938964844,1,-0.1711299251039481,-0.1259216637280175,0.5883432002290001,-0.7756901825087905,-0.2714429135599701,-0.5691114762670495,0.027122186834647
1765626177.877812,441.1199951171875,555.8200073242188,698.6400146484375,298.4800109863281,314.3800048828125,393.8399963378906,513.1900024414062,777.3900146484375,674.5599975585938,300.1499938964844,0,-0.1526008376452023,-0.1125125034676095,0.5767348686182652,-0.8330953941438315,-0.1873554418250612,-0.4370783674693771,0.2825110676861605
1765626177.877812,441.1199951171875,555.8200073242188,698.6400146484375,298.4800109863281,314.3800048828125,393.8399963378906,513.1900024414062,777.3900146484375,674.5599975585938,300.1499938964844,1,-0.1685239885087405,-0.1224255618791294,0.5783264746052461,-0.7780991989999301,-0.2694927919524155,-0.5673877142735351,0.0025403332089874
1765626177.954153,441.1199951171875,555.8200073242188,698.6400146484375,298.4800109863281,314.3800048828125,393.8399963378906,513.1900024414062,777.3900146484375,674.5599975585938,300.1499938964844,0,-0.1494207020007845,-0.1095611931133538,0.5647302520451478,-0.8227033087380189,-0.1877389280576897,-0.4612328346886696,0.2741853987511372
1765626177.954153,441.1199951171875,555.8200073242188,698.6400146484375,298.4800109863281,314.3800048828125,393.8399963378906,513.1900024414062,777.3900146484375,674.5599975585938,300.1499938964844,1,-0.1715463767591409,-0.1239857339845151,0.5886917740127048,0.7816771733311847,0.274983210283004,0.5597900760217738,0.0003186580599297
1765626178.0220025,441.1199951171875,555.8200073242188,698.6400146484375,298.4800109863281,314.3800048828125,393.8399963378906,513.1900024414062,777.3900146484375,674.5599975585938,300.1499938964844,0,-0.1436725448386226,-0.105143683040864,0.541532714995332,-0.8243674499209781,-0.2135766042305591,-0.4157864229355469,0.3192569374948479
1765626178.0867848,441.1199951171875,555.72998046875,695.6500244140625,298.4800109863281,314.29998779296875,390.8500061035156,510.3800048828125,773.9600219726562,671.219970703125,300.1499938964844,0,-0.1491671195478892,-0.1089394193417527,0.5641530295645611,-0.8241755840582806,-0.1947953824340677,-0.4515911928824801,0.2808108974657785
1765626178.0867848,441.1199951171875,555.72998046875,695.6500244140625,298.4800109863281,314.29998779296875,390.8500061035156,510.3800048828125,773.9600219726562,671.219970703125,300.1499938964844,1,-0.1708551961519351,-0.1233177388085878,0.5870401463356842,-0.7791233270613516,-0.2749760807941753,-0.562471945799781,0.0313098452269232
1765626178.2785406,441.0400085449219,553.010009765625,692.75,298.4800109863281,311.3999938964844,387.8599853515625,507.6600036621094,770.5399780273438,667.7100219726562,300.1499938964844,0,-0.1423782088408588,-0.1002258004594939,0.5319766045875353,-0.816013767974301,-0.2076270635847529,-0.4373672918332846,0.3157885130557714
1765626178.2785406,441.0400085449219,553.010009765625,692.75,298.4800109863281,311.3999938964844,387.8599853515625,507.6600036621094,770.5399780273438,667.7100219726562,300.1499938964844,1,-0.1731474196589346,-0.121258509346358,0.5908928349050597,-0.7772090491518018,-0.2769280065713863,-0.5648321752694628,0.0148857943461868
1765626178.342987,441.0400085449219,553.010009765625,692.75,298.4800109863281,311.3999938964844,387.8599853515625,507.6600036621094,770.5399780273438,667.7100219726562,300.1499938964844,0,-0.1468069735623801,-0.1014216690586952,0.5466686637695004,-0.8273076955850208,-0.2060934650752345,-0.4162274649815319,0.3159780971430352
1765626178.3824754,441.0400085449219,553.010009765625,692.75,298.4800109863281,311.3999938964844,387.8599853515625,507.6600036621094,770.5399780273438,667.7100219726562,300.1499938964844,1,-0.1700583560044205,-0.1151503895060621,0.5768150937986631,-0.7716820572745701,-0.2684721085627299,-0.5762310948984112,0.0196787874765476
1765626178.4235258,441.0400085449219,553.010009765625,692.75,298.4800109863281,311.3999938964844,387.8599853515625,507.6600036621094,770.5399780273438,667.7100219726562,300.1499938964844,0,-0.1519097720329139,-0.1034377983303799,0.5668136105337385,-0.8288759931787295,-0.1876039897603951,-0.4544132597245809,0.2669792507751062
1765626178.51379,441.0400085449219,550.2000122070312,689.77001953125,298.4800109863281,308.4100036621094,384.8699951171875,504.9299926757813,767.1099853515625,664.3699951171875,300.1499938964844,0,-0.1458125635776014,-0.0981334763361239,0.5447945487499783,-0.8244097669721734,-0.2088385222227436,-0.4230786320937835,0.3126331377547179
1765626178.51379,441.0400085449219,550.2000122070312,689.77001953125,298.4800109863281,308.4100036621094,384.8699951171875,504.9299926757813,767.1099853515625,664.3699951171875,300.1499938964844,1,-0.1723005535061944,-0.1151631398185104,0.5869237534276528,-0.779003877580128,-0.2675491858507927,-0.566741521108025,0.019350455236639
1765626178.6801546,441.0400085449219,547.469970703125,686.780029296875,298.4800109863281,305.3299865722656,381.8800048828125,502.1199951171875,763.77001953125,661.030029296875,300.1499938964844,1,-0.1724008745153387,-0.111864735100991,0.5840419855228767,-0.7736971759917847,-0.2713442129267709,-0.5721212205564544,0.0210310951327223
1765626178.7812643,441.0400085449219,547.469970703125,686.780029296875,298.4800109863281,305.3299865722656,381.8800048828125,502.1199951171875,763.77001953125,661.030029296875,300.1499938964844,0,-0.1527986022594633,-0.0994970464804357,0.5693595986102914,-0.8280786312824504,-0.1882995971384926,-0.4520868148302185,0.2728489581939662
1765626178.972962,441.1199951171875,544.6599731445312,683.7899780273438,295.3999938964844,305.239990234375,378.8999938964844,501.9400024414063,760.3400268554688,657.6900024414062,300.1499938964844,0,-0.1460687706975111,-0.0924396164311253,0.5395918347604965,-0.8189667506719619,-0.2080840866289248,-0.4378784540068304,0.307012921067181
1765626178.972962,441.1199951171875,544.6599731445312,683.7899780273438,295.3999938964844,305.239990234375,378.8999938964844,501.9400024414063,760.3400268554688,657.6900024414062,300.1499938964844,1,-0.1761328735087854,-0.1111285043149688,0.5941439033865759,-0.7799241356749057,-0.2700377328034288,-0.564315507582252,0.0186003590374118
1765626179.1682055,438.2200012207031,542.02001953125,680.7999877929688,292.239990234375,302.1700134277344,375.8200073242188,501.8599853515625,757.0,654.260009765625,300.1499938964844,0,-0.1544093868743484,-0.0976862268128383,0.5677494235930819,-0.8215389556500237,-0.1842499691470537,-0.4707094160565101,0.2637391492640362
1765626179.1682055,438.2200012207031,542.02001953125,680.7999877929688,292.239990234375,302.1700134277344,375.8200073242188,501.8599853515625,757.0,654.260009765625,300.1499938964844,1,-0.1780297578429085,-0.1117440662466144,0.5951267840021744,0.7846938070812497,0.2628191366908006,0.5613052992357171,0.0108669944022674
1765626179.448162,435.2300109863281,539.2100219726562,677.719970703125,292.239990234375,299.17999267578125,372.8299865722656,501.8599853515625,753.489990234375,650.8300170898438,300.1499938964844,0,-0.1488720966995979,-0.0923371196228451,0.5470315287285035,-0.8297858564478654,-0.1950332642330633,-0.4227717826945484,0.3077035554538685
1765626179.5084584,432.25,536.4000244140625,674.739990234375,292.239990234375,296.1000061035156,369.760009765625,499.2200012207031,750.0599975585938,647.4000244140625,300.1499938964844,0,-0.1555321854372796,-0.0966583942066549,0.5737724631094394,-0.8278285485509153,-0.1726596825075906,-0.462754625989019,0.2659824888338066
1765626179.5084584,432.25,536.4000244140625,674.739990234375,292.239990234375,296.1000061035156,369.760009765625,499.2200012207031,750.0599975585938,647.4000244140625,300.1499938964844,1,-0.1773188652195371,-0.1093425376143313,0.5948896613191635,-0.7763783855063051,-0.2678935173566836,-0.5704034449603416,0.0104678485975832
1765626179.572258,432.25,536.4000244140625,674.739990234375,292.239990234375,296.1000061035156,369.760009765625,499.2200012207031,750.0599975585938,647.4000244140625,300.1499938964844,1,-0.1744495759551884,-0.1068956627473195,0.5838692811535663,-0.7860294718655451,-0.2476502659155653,-0.5661973585011242,0.0157342421829529
1765626179.675164,432.0700073242188,533.6699829101562,671.8400268554688,292.239990234375,296.0199890136719,366.7699890136719,496.4100036621094,746.719970703125,644.0599975585938,300.1499938964844,0,-0.1550670966265574,-0.092973771475475,0.5682894345792308,-0.8251391131626069,-0.1691716202271187,-0.4697508121104409,0.2643115233215143
1765626179.675164,432.0700073242188,533.6699829101562,671.8400268554688,292.239990234375,296.0199890136719,366.7699890136719,496.4100036621094,746.719970703125,644.0599975585938,300.1499938964844,1,-0.1780763177484925,-0.1063298918712132,0.5942032522563788,-0.7790031296826337,-0.2613421964392605,-0.5698807616935938,0.0095025131672635
1765626179.7392485,432.0700073242188,533.6699829101562,671.8400268554688,292.239990234375,296.0199890136719,366.7699890136719,496.4100036621094,746.719970703125,644.0599975585938,300.1499938964844,1,-0.1743747029406233,-0.1033684140652612,0.5811644621246639,-0.7809142534774082,-0.2420433581054316,-0.5756695937261591,0.013873008758985
1765626179.7825367,432.0700073242188,533.6699829101562,671.8400268554688,292.239990234375,296.0199890136719,366.7699890136719,496.4100036621094,746.719970703125,644.0599975585938,300.1499938964844,0,-0.1484011343898491,-0.0883618819970163,0.5413699441863988,-0.8222127388924031,-0.1938438769262149,-0.4382759604512092,0.3070911035374317
1765626179.9302137,431.9800109863281,530.8599853515625,668.760009765625,292.239990234375,296.0199890136719,363.7799987792969,496.4100036621094,743.3800048828125,640.8099975585938,300.1499938964844,0,-0.1543715564797413,-0.0894771826789259,0.5668633683361896,-0.822046721715962,-0.1723599507920587,-0.4760846245914941,0.2605276662977944
1765626179.9302137,431.9800109863281,530.8599853515625,668.760009765625,292.239990234375,296.0199890136719,363.7799987792969,496.4100036621094,743.3800048828125,640.8099975585938,300.1499938964844,1,-0.1757024622252315,-0.1013449333671074,0.5861113118350285,-0.9029388975560342,-0.3141159858217638,0.2901302134491221,0.0430923888347129
1765626180.369454,431.80999755859375,530.6799926757812,662.780029296875,292.239990234375,293.0299987792969,357.79998779296875,493.6799926757813,736.4400024414062,634.1300048828125,300.1499938964844,0,-0.1566312475648077,-0.0833655081111709,0.5669194199824189,-0.8226716653268207,-0.1744447319639933,-0.4772155787077366,0.255040502659962
1765626180.369454,431.80999755859375,530.6799926757812,662.780029296875,292.239990234375,293.0299987792969,357.79998779296875,493.6799926757813,736.4400024414062,634.1300048828125,300.1499938964844,1,-0.1783777496460192,-0.0951930964345115,0.5881502591150036,-0.7823821944421875,-0.2456427786652334,-0.5722227170459937,0.0099443052020269
1765626180.4329903,431.80999755859375,530.6799926757812,662.780029296875,292.239990234375,293.0299987792969,357.79998779296875,493.6799926757813,736.4400024414062,634.1300048828125,300.1499938964844,0,-0.1604802600537043,-0.084147272532155,0.5793290546779123,-0.8339557529098596,-0.1736444429905075,-0.4542835780186827,0.2607524503233078
1765626180.4329903,431.80999755859375,530.6799926757812,662.780029296875,292.239990234375,293.0299987792969,357.79998779296875,493.6799926757813,736.4400024414062,634.1300048828125,300.1499938964844,1,-0.1848733639180265,-0.097555501899664,0.608122490977132,0.8043852332391525,0.2363260867184204,0.5448683401918336,0.0152600504503893
1765626180.580812,431.80999755859375,530.6799926757812,659.8800048828125,292.239990234375,289.95001220703125,354.8999938964844,490.7799987792969,733.010009765625,630.7899780273438,300.1499938964844,1,-0.1801826512215771,-0.0919669463669119,0.5878216227212179,-0.7817990407030054,-0.2467271842403701,-0.5725964878691144,0.0070155963847811
1765626180.676912,431.80999755859375,530.6799926757812,656.8900146484375,292.239990234375,286.8699951171875,351.9100036621094,490.6900024414063,729.5800170898438,627.3599853515625,300.0599975585937,1,-0.1812200160107798,-0.0921226147267909,0.5901679062959625,-0.7859161587305411,-0.2430246508942474,-0.5685717306231415,0.0009988193861839
1765626180.9320064,431.7200012207031,530.6799926757812,653.989990234375,289.07000732421875,283.79998779296875,348.92999267578125,490.6900024414063,726.3300170898438,623.9400024414062,300.1499938964844,1,-0.1842229988915855,-0.0930983927088995,0.5936840910343956,0.7871945615072272,0.2565576667317686,0.5608002727801247,0.0024372165133081
1765626181.0457444,431.7200012207031,530.6799926757812,653.989990234375,289.07000732421875,283.79998779296875,348.92999267578125,490.6900024414063,726.3300170898438,623.9400024414062,300.1499938964844,1,-0.1832093965579508,-0.0910742938069408,0.5818027934996105,-0.905668435385097,-0.3056125559664552,0.2921860759348603,0.0315110744429432
1765626181.0875397,431.7200012207031,527.9600219726562,651.010009765625,285.9100036621094,283.7099914550781,345.8500061035156,490.6900024414063,722.989990234375,620.5999755859375,300.1499938964844,1,-0.1841185844842233,-0.091504241038814,0.5841938811015501,-0.7771112166103873,-0.2423714496611509,-0.5806944403223234,0.0121739223843173
1765626181.1710036,431.7200012207031,527.9600219726562,651.010009765625,285.9100036621094,283.7099914550781,345.8500061035156,490.6900024414063,722.989990234375,620.5999755859375,300.1499938964844,0,-0.1673181348639974,-0.082143888545237,0.5798976229209108,-0.8319556556376942,-0.1748988521584968,-0.4597732883491164,0.2566489857504503
1765626181.3127222,431.7200012207031,525.0599975585938,648.02001953125,285.82000732421875,280.7200012207031,342.8599853515625,490.6900024414063,719.5599975585938,617.3400268554688,300.1499938964844,1,-0.1920201183586875,-0.0938468659222972,0.6082073546631789,0.7763229728361345,0.2708320299678852,0.5687351002204409,0.0226503679348913
1765626181.4054792,431.7200012207031,525.0599975585938,648.02001953125,285.82000732421875,280.7200012207031,342.8599853515625,490.6900024414063,719.5599975585938,617.3400268554688,300.1499938964844,0,-0.1669175095869365,-0.0808999277379702,0.5799567635320524,-0.8325444006732243,-0.1751891272780759,-0.459181004570711,0.2556000697039042
1765626181.4054792,431.7200012207031,525.0599975585938,648.02001953125,285.82000732421875,280.7200012207031,342.8599853515625,490.6900024414063,719.5599975585938,617.3400268554688,300.1499938964844,1,-0.1883454240272617,-0.0925834910717835,0.5979415137227354,-0.7857232653487715,-0.2439760720587276,-0.5684102274238843,0.0049436739766018
1765626181.4508295,431.7200012207031,522.3300170898438,645.030029296875,285.6400146484375,277.7300109863281,339.9599914550781,487.9700012207031,716.219970703125,614.0,300.1499938964844,1,-0.185523232297906,-0.0910602757893599,0.5891567131805383,-0.907423718833456,-0.3039226625830501,0.2890547167404672,0.0257017586359158
1765626181.551759,431.7200012207031,522.3300170898438,645.030029296875,285.6400146484375,277.7300109863281,339.9599914550781,487.9700012207031,716.219970703125,614.0,300.1499938964844,0,-0.1683501390544495,-0.0791807812498844,0.5842005461879439,-0.8341600612415948,-0.1656786387376668,-0.4594160339653962,0.2562508314736921
1765626181.654939,431.7200012207031,519.6099853515625,642.0399780273438,285.5599975585937,277.6499938964844,337.0599975585937,485.239990234375,712.7899780273438,610.75,300.1499938964844,0,-0.1601225691336562,-0.0737407460538894,0.552216992871821,-0.8305328735206012,-0.194574296672089,-0.4354502054854433,0.2876440641119857
1765626181.654939,431.7200012207031,519.6099853515625,642.0399780273438,285.5599975585937,277.6499938964844,337.0599975585937,485.239990234375,712.7899780273438,610.75,300.1499938964844,1,-0.1882990447328736,-0.0879857484734832,0.5949134063392028,-0.9096686113022066,-0.3051464269783394,0.2794864843978717,0.0357208727886989
1765626181.7911086,431.7200012207031,519.6099853515625,642.0399780273438,285.5599975585937,277.6499938964844,337.0599975585937,485.239990234375,712.7899780273438,610.75,300.1499938964844,1,-0.184908572300446,-0.0836358686352221,0.5850269948317433,0.7741284053773771,0.2420841777699824,0.5849098844172609,0.0009433834307312
1765626181.8795466,431.7200012207031,516.8800048828125,639.0499877929688,285.5599975585937,277.6499938964844,334.1600036621094,485.0700073242188,709.3699951171875,607.5,300.1499938964844,1,-0.1872482380547907,-0.0838562084242472,0.5947964858260031,0.7812403377651457,0.2399822157122009,0.5762559818195616,0.0010555603426162
1765626182.3447926,425.9200134277344,511.3500061035156,633.0800170898438,285.5599975585937,271.6700134277344,328.1000061035156,482.4299926757813,702.5999755859375,600.8200073242188,300.1499938964844,1,-0.1873766267881102,-0.0794470025518482,0.5962278205139169,0.7851313092725107,0.2273477641853485,0.5759048187209989,0.0146785930487169
1765626182.4302242,425.9200134277344,511.3500061035156,633.0800170898438,285.5599975585937,271.6700134277344,328.1000061035156,482.4299926757813,702.5999755859375,600.8200073242188,300.1499938964844,0,-0.1624060867205451,-0.0666186403277304,0.5625315837915341,-0.8356711779490356,-0.1849211475195737,-0.4361179036632264,0.2779550784743971
1765626182.4820545,425.8299865722656,508.5400085449219,630.0900268554688,282.3900146484375,268.67999267578125,325.1099853515625,479.7099914550781,699.1699829101562,597.47998046875,300.1499938964844,1,-0.1883513956488155,-0.0790753362062929,0.5982942474808284,-0.7810332483616279,-0.2282001960664374,-0.5812968334603266,0.0023930896182161
1765626182.772406,425.8299865722656,508.3599853515625,627.1900024414062,279.2300109863281,265.6099853515625,322.0299987792969,479.5299987792969,695.739990234375,594.0499877929688,300.1499938964844,0,-0.1653978109395762,-0.0665945211545,0.5555789078219447,-0.8273237255645923,-0.1900899991485072,-0.4461445127467732,0.283471901760277
1765626182.8213606,425.8299865722656,508.3599853515625,627.1900024414062,279.2300109863281,265.6099853515625,322.0299987792969,479.5299987792969,695.739990234375,594.0499877929688,300.1499938964844,1,-0.1977898540352026,-0.0811836655159625,0.6084382534658576,-0.7843775532066207,-0.224567431239544,-0.5782008385490425,0.0022612282617406
1765626182.8795168,425.8299865722656,508.3599853515625,624.2000122070312,276.0599975585937,262.5299987792969,318.9599914550781,479.5299987792969,692.22998046875,590.6199951171875,300.1499938964844,1,-0.1962101607129059,-0.0813597101375478,0.6032542010075179,0.7875011750101322,0.2302523921247824,0.5716719880673237,0.0041077168391235
1765626182.9471967,425.8299865722656,508.3599853515625,624.2000122070312,276.0599975585937,262.5299987792969,318.9599914550781,479.5299987792969,692.22998046875,590.6199951171875,300.1499938964844,0,-0.1632094559531731,-0.0658492921551523,0.5452712884961646,-0.8193949344037552,-0.1976777145041795,-0.459982357199923,0.2791624862453268
1765626183.1996152,425.8299865722656,508.3599853515625,621.2999877929688,275.9800109863281,259.45001220703125,315.9700012207031,479.5299987792969,688.8900146484375,587.3699951171875,300.1499938964844,1,-0.1975239277831246,-0.0777484969215531,0.5980207314339476,0.7761793234683271,0.2279856108897568,0.5878496296700134,0.0010158465941448
1765626183.2462225,425.8299865722656,508.3599853515625,621.2999877929688,275.9800109863281,259.45001220703125,315.9700012207031,479.5299987792969,688.8900146484375,587.3699951171875,300.1499938964844,0,-0.177661364700905,-0.0675907283110557,0.5857791745573805,-0.8344473255961793,-0.1696663914690882,-0.4649204520450163,0.2424045166276813
1765626183.302241,425.8299865722656,508.3599853515625,618.3099975585938,275.9800109863281,259.3699951171875,313.07000732421875,479.5299987792969,685.4600219726562,584.030029296875,300.1499938964844,0,-0.1770276177083418,-0.0673100906400285,0.5833437462543751,-0.8291691172216789,-0.1723439740396746,-0.4727840734620968,0.2434160009913495
1765626183.302241,425.8299865722656,508.3599853515625,618.3099975585938,275.9800109863281,259.3699951171875,313.07000732421875,479.5299987792969,685.4600219726562,584.030029296875,300.1499938964844,1,-0.1998622175554229,-0.0786266329305025,0.6047734330623051,0.7832265485500562,0.2382547601177458,0.5741939217936551,0.00960120319668
1765626183.7147644,425.8299865722656,508.3599853515625,612.4199829101562,275.8900146484375,256.3800048828125,307.17999267578125,474.1700134277344,678.780029296875,577.3499755859375,300.1499938964844,0,-0.1790687548283001,-0.0626087733726809,0.5845238138728288,-0.8306268215660744,-0.1737249088116412,-0.4732531932415971,0.2364532817282509
1765626183.756944,425.8299865722656,508.3599853515625,612.4199829101562,275.8900146484375,256.3800048828125,307.17999267578125,474.1700134277344,678.780029296875,577.3499755859375,300.1499938964844,0,-0.1717251610861446,-0.0592763076641142,0.5572876695694939,-0.8331891249240237,-0.1970769915083082,-0.4328345818480167,0.282153798987053
1765626183.943127,425.8299865722656,505.6300048828125,609.4299926757812,275.8900146484375,253.3000030517578,304.19000244140625,473.9100036621094,675.4400024414062,573.9299926757812,300.1499938964844,0,-0.1726638191026248,-0.0581228271927792,0.5587052047387172,-0.833232673303124,-0.190864179366421,-0.4417434119886769,0.2723177099263182
1765626183.943127,425.8299865722656,505.6300048828125,609.4299926757812,275.8900146484375,253.3000030517578,304.19000244140625,473.9100036621094,675.4400024414062,573.9299926757812,300.1499938964844,1,-0.1991639174297438,-0.0699049728069915,0.5940984292088739,-0.9126870182025298,-0.2990284058369122,0.2773323893404034,0.0259068548834595
1765626184.0997446,425.8299865722656,502.8200073242188,606.4500122070312,275.8900146484375,250.30999755859372,301.2900085449219,473.9100036621094,672.0999755859375,570.6699829101562,300.1499938964844,0,-0.1814753857172806,-0.0603584825205044,0.5902933471236937,-0.8341696015953327,-0.178887270330727,-0.4662305419944784,0.2340715745224957
1765626184.13856,425.8299865722656,502.8200073242188,606.4500122070312,275.8900146484375,250.30999755859372,301.2900085449219,473.9100036621094,672.0999755859375,570.6699829101562,300.1499938964844,1,-0.201632796173907,-0.0694717650083515,0.6014663340869001,-0.914901051809097,-0.2895278652470233,0.28002499024785,0.026752298607807
1765626184.1844027,425.8299865722656,502.8200073242188,606.4500122070312,275.8900146484375,250.30999755859372,301.2900085449219,473.9100036621094,672.0999755859375,570.6699829101562,300.1499938964844,1,-0.2051202010582128,-0.0696581257102102,0.6120092937844388,0.7837358035367037,0.2313286653017014,0.57614417097313,0.0174107184830358
1765626184.2231162,425.8299865722656,502.8200073242188,606.4500122070312,275.8900146484375,250.30999755859372,301.2900085449219,473.9100036621094,672.0999755859375,570.6699829101562,300.1499938964844,1,-0.1996482724299549,-0.0671551584300199,0.5956865530942291,0.7708343656503087,0.2346047613447138,0.5922303175271911,0.0061836630340059
1765626184.281708,425.8299865722656,500.1000061035156,603.5399780273438,275.8900146484375,250.13999938964844,298.3900146484375,473.9100036621094,668.760009765625,567.4199829101562,300.1499938964844,0,-0.1730358106218028,-0.0553623209936171,0.5592576416832683,-0.8334325160095915,-0.1917625247820917,-0.4416220791441608,0.2712698187405089
1765626184.343095,425.8299865722656,500.1000061035156,603.5399780273438,275.8900146484375,250.13999938964844,298.3900146484375,473.9100036621094,668.760009765625,567.4199829101562,300.1499938964844,1,-0.2040126806997938,-0.0675668012791578,0.6080592147153911,0.7840816168426185,0.2450316372852492,0.5695429506100229,0.0282195370125838
1765626184.6793635,423.1099853515625,494.55999755859375,597.47998046875,275.8900146484375,250.13999938964844,292.5899963378906,471.1799926757813,662.0800170898438,560.6500244140625,300.1499938964844,0,-0.1722536124244215,-0.0505462419299073,0.5616294073537904,-0.8325494346860195,-0.1856557934101251,-0.4472011553426963,0.2690808277031347
1765626184.7461598,423.1099853515625,494.55999755859375,597.47998046875,275.8900146484375,250.13999938964844,292.5899963378906,471.1799926757813,662.0800170898438,560.6500244140625,300.1499938964844,1,-0.2073399380913105,-0.0632078453546356,0.623311891671516,0.787960203878932,0.2274261030198283,0.5714105722455636,0.0297664692948983
1765626185.056051,420.1199951171875,494.2999877929688,591.5,275.8900146484375,244.07000732421875,286.7900085449219,465.55999755859375,655.4000244140625,553.8900146484375,300.1499938964844,1,-0.2050355313516028,-0.0573013565397932,0.6117589061822657,0.7842928422970932,0.2348642090234863,0.5734967824447862,0.0287224888684233
1765626185.1736832,420.1199951171875,494.2999877929688,591.5,275.8900146484375,244.07000732421875,286.7900085449219,465.55999755859375,655.4000244140625,553.8900146484375,300.1499938964844,0,-0.1858799895103643,-0.04778258059196,0.600397601434524,-0.840083054971983,-0.1615695899062578,-0.4660977508516963,0.225629375342516
1765626185.3710525,420.1199951171875,494.2999877929688,588.52001953125,275.8900146484375,241.0,283.8900146484375,465.4700012207031,652.0599975585938,550.6300048828125,300.1499938964844,0,-0.1753276643853124,-0.0440385396565747,0.5620421803953912,0.9459189742501996,0.134521373944183,-0.1660022621299294,0.2440994532426607
1765626185.3710525,420.1199951171875,494.2999877929688,588.52001953125,275.8900146484375,241.0,283.8900146484375,465.4700012207031,652.0599975585938,550.6300048828125,300.1499938964844,1,-0.2076318865737333,-0.055773100353577,0.6155371875780196,0.7855162439010867,0.238991304706463,0.5695603073319541,0.0380584176518307
1765626185.5488982,420.1199951171875,491.6600036621094,585.6199951171875,275.8900146484375,241.0,280.8999938964844,465.4700012207031,648.719970703125,547.3800048828125,300.1499938964844,1,-0.2050103240343757,-0.0535370031764877,0.607767888320781,0.781943822400929,0.2320415475299467,0.5780120772595271,0.0249523019190284
1765626185.8848896,420.1199951171875,488.5799865722656,579.5499877929688,269.739990234375,238.00999450683597,275.010009765625,465.4700012207031,642.1300048828125,540.8800048828125,300.1499938964844,1,-0.2107747422048982,-0.0542850057378191,0.614997892179177,0.7746083773027131,0.2336113924744727,0.5873779825157253,0.0198666749697028
1765626186.0524871,420.1199951171875,488.5,576.5599975585938,269.6499938964844,235.0200042724609,272.1099853515625,465.4700012207031,638.7000122070312,537.4500122070312,300.1499938964844,0,-0.1914458564666763,-0.0441070970595994,0.5988821564644724,-0.8403226647466051,-0.1635464313400825,-0.472222869168193,0.2100379626249698
1765626186.1288445,420.1199951171875,488.5,576.5599975585938,269.6499938964844,235.0200042724609,272.1099853515625,465.4700012207031,638.7000122070312,537.4500122070312,300.1499938964844,1,-0.2115289814427752,-0.0527037720944524,0.6107830394049301,0.7716150799408678,0.2300034060141154,0.5928693297526875,0.0146478485913017
1765626186.3941343,420.1199951171875,488.5,573.5700073242188,269.6499938964844,232.02999877929688,269.2099914550781,462.8299865722656,635.27001953125,534.02001953125,300.1499938964844,1,-0.2157151853481543,-0.0489468282077728,0.6169780419311021,-0.92151030014354,-0.2712770846045166,0.2776453247767522,0.0118568008943615
1765626186.579995,420.1199951171875,488.5,570.6699829101562,269.6499938964844,228.9600067138672,266.3099975585937,462.5700073242188,631.8499755859375,530.6799926757812,300.1499938964844,1,-0.2165553221745716,-0.0472084340909992,0.6150651329557558,0.7720037877178436,0.2352200399117222,0.5898404657898214,0.0277472429274903
1765626186.6433976,420.1199951171875,488.5,570.6699829101562,269.6499938964844,228.9600067138672,266.3099975585937,462.5700073242188,631.8499755859375,530.6799926757812,300.1499938964844,0,-0.1924526760609033,-0.0378488651689143,0.5920345566696209,-0.8347648854385636,-0.1712129030950482,-0.4778287946225687,0.2133854982936993
1765626186.6433976,420.1199951171875,488.5,570.6699829101562,269.6499938964844,228.9600067138672,266.3099975585937,462.5700073242188,631.8499755859375,530.6799926757812,300.1499938964844,1,-0.2204976761846648,-0.0479361188307149,0.6255094062034523,-0.9236217429192084,-0.2691208051411351,0.2728947584639851,0.0050318038469493
1765626186.696054,420.1199951171875,488.5,567.6900024414062,269.6499938964844,228.9600067138672,263.5,462.5700073242188,628.4199829101562,527.3400268554688,300.1499938964844,1,-0.2188616180653357,-0.0477359347799605,0.6219362963727872,0.7792790136428946,0.2454016037926147,0.5754324478165318,0.0371452520740427
1765626186.7591636,420.1199951171875,488.5,567.6900024414062,269.6499938964844,228.9600067138672,263.5,462.5700073242188,628.4199829101562,527.3400268554688,300.1499938964844,0,-0.1842800469495187,-0.035603641022473,0.5650302474886005,-0.8344723421315765,-0.1911820749319628,-0.4523341781995007,0.2499982313432097
1765626186.8710225,420.1199951171875,488.5,564.7000122070312,269.6499938964844,228.9600067138672,260.67999267578125,462.5700073242188,625.0800170898438,524.0,300.1499938964844,1,-0.2155330009473641,-0.0443611758025543,0.6109134115947611,0.7700466408479886,0.2322012490000229,0.593778136322451,0.0232007695345407
1765626186.9605243,420.1199951171875,488.5,564.7000122070312,269.6499938964844,228.9600067138672,260.67999267578125,462.5700073242188,625.0800170898438,524.0,300.1499938964844,0,-0.1864679851444488,-0.0325912513992376,0.5692223323238091,-0.8349817867753042,-0.182406314990408,-0.4537843958463044,0.2522163239989533
1765626187.1222558,417.2200012207031,485.6799926757813,561.7100219726562,269.6499938964844,228.9600067138672,257.7799987792969,459.9299926757813,621.8300170898438,520.6599731445312,300.1499938964844,0,-0.1961762706381899,-0.0311749264449196,0.6051565715026994,-0.846862307219687,-0.1637484388821592,-0.4617182330958316,0.2069467433932401
1765626187.848894,414.0499877929688,477.3299865722656,552.739990234375,269.6499938964844,222.8000030517578,257.6099853515625,456.9400024414063,611.8099975585938,510.8200073242188,300.1499938964844,0,-0.193874324534822,-0.0214196666498694,0.6158299337314125,-0.8566778995648431,-0.1590549566022983,-0.4479680355002373,0.2003225807228621
1765626187.905799,413.9599914550781,474.5199890136719,549.760009765625,269.6499938964844,222.7100067138672,257.70001220703125,456.9400024414063,608.3800048828125,507.5700073242188,300.1499938964844,0,-0.1923830620708568,-0.021074336357355,0.6121523490678016,-0.8548338917088626,-0.1524660773580189,-0.4610562572060841,0.1828667288821462
1765626187.905799,413.9599914550781,474.5199890136719,549.760009765625,269.6499938964844,222.7100067138672,257.70001220703125,456.9400024414063,608.3800048828125,507.5700073242188,300.1499938964844,1,-0.2197600652697209,-0.0298071409878102,0.6456061557141989,0.787944375481719,0.2211166348063165,0.5728457123328615,0.0458135877279918
1765626188.1833625,413.8800048828125,474.260009765625,546.8599853515625,266.4800109863281,222.6300048828125,254.8800048828125,456.9400024414063,605.0399780273438,504.2300109863281,300.1499938964844,0,-0.1855028252941409,-0.0184079796988645,0.5773748826933177,-0.8506989267249877,-0.1868183221379876,-0.4304246118976557,0.2369491592203981
1765626188.2213907,413.8800048828125,474.260009765625,546.8599853515625,266.4800109863281,222.6300048828125,254.8800048828125,456.9400024414063,605.0399780273438,504.2300109863281,300.1499938964844,0,-0.1969005272982883,-0.019629818624393,0.6118057854361407,-0.8513022896105904,-0.1634797604025707,-0.4614148103434142,0.1888257197476969
1765626188.5737264,413.8800048828125,474.260009765625,540.8800048828125,263.2300109863281,216.47000122070312,248.9900054931641,456.8599853515625,598.4500122070312,497.7200012207031,300.1499938964844,0,-0.2000800656210772,-0.0183382963731947,0.6127738749028997,-0.8508388867256951,-0.1638938709328909,-0.4632562078180802,0.1860260030856562
1765626188.5737264,413.8800048828125,474.260009765625,540.8800048828125,263.2300109863281,216.47000122070312,248.9900054931641,456.8599853515625,598.4500122070312,497.7200012207031,300.1499938964844,1,-0.2266172346859037,-0.0266533430787807,0.641567277416908,0.9241909817277,0.252420156782313,-0.2864666865528368,0.0095880779419676
1765626188.6735811,413.8800048828125,474.1700134277344,537.97998046875,263.1400146484375,213.57000732421875,246.08999633789065,454.2200012207031,595.1099853515625,494.4700012207031,300.1499938964844,0,-0.2008843902507371,-0.0175162381356121,0.6148974190490333,-0.8563180575535695,-0.1610630586403332,-0.4547837306614025,0.184254806653176
1765626188.8524692,410.8900146484375,474.1700134277344,535.0800170898438,263.0599975585937,210.58999633789065,243.19000244140625,451.4100036621094,591.77001953125,491.2200012207031,300.1499938964844,0,-0.1997628638406854,-0.015884213372502,0.607741982280413,0.9562588421358718,0.1108506224946151,-0.1672000704652031,0.2128973996223285
1765626188.9461205,410.8900146484375,474.1700134277344,535.0800170898438,263.0599975585937,210.58999633789065,243.19000244140625,451.4100036621094,591.77001953125,491.2200012207031,300.1499938964844,1,-0.2223791715368812,-0.0224187787059195,0.6274154760258815,0.762364646659935,0.2279524948753519,0.6042905236969076,0.0408750360647255
1765626189.0255928,410.8900146484375,474.1700134277344,535.0800170898438,263.0599975585937,210.58999633789065,243.19000244140625,451.4100036621094,591.77001953125,491.2200012207031,300.1499938964844,0,-0.2045655850848253,-0.0148737997390852,0.624776306880869,-0.8595553499913676,-0.1653113029008726,-0.4442828058909704,0.1909176833718652
1765626189.1471725,410.8900146484375,471.4500122070313,532.1799926757812,263.0599975585937,210.58999633789065,240.2899932861328,451.3200073242188,588.4299926757812,487.9700012207031,300.1499938964844,0,-0.1992874196825283,-0.0131045920157851,0.6103523655531311,-0.8531858061508134,-0.1656597940280486,-0.4639957241265044,0.1712856702053385
1765626189.1471725,410.8900146484375,471.4500122070313,532.1799926757812,263.0599975585937,210.58999633789065,240.2899932861328,451.3200073242188,588.4299926757812,487.9700012207031,300.1499938964844,1,-0.220193765605359,-0.0206163100762107,0.6240986081088975,0.757441401868675,0.2219911975809276,0.6126893927550925,0.04017634798234
1765626189.1918328,410.8900146484375,471.4500122070313,532.1799926757812,263.0599975585937,210.58999633789065,240.2899932861328,451.3200073242188,588.4299926757812,487.9700012207031,300.1499938964844,0,-0.2027922522443877,-0.0122359741278423,0.6221019822010291,-0.861741721730912,-0.1663571525863117,-0.444803827312262,0.1785386737376013
1765626189.2843122,410.8900146484375,468.6300048828125,529.280029296875,263.0599975585937,210.5,240.2100067138672,451.4100036621094,585.0900268554688,484.7200012207031,300.1499938964844,0,-0.2028508636155708,-0.0111824533831365,0.6257345592934811,-0.8632120382297369,-0.1556105327245341,-0.4448911570563088,0.1808927791083671
