timestamp,motor1,motor2,motor3,motor4,motor5,motor6,motor7,motor8,motor9,motor10,marker_id,x,y,z,qx,qy,qz,qw
1765607574.6567707,280.20001220703125,272.989990234375,231.58999633789062,168.83999633789062,56.599998474121094,67.94000244140625,318.25,331.0799865722656,106.0,299.7900085449219,0,-0.15597238331652008,0.24995688611735017,0.7252346332076829,0.9653996995574615,-0.18032685745448254,-0.020521247509361042,0.18725523484168174
1765607576.2372615,280.20001220703125,272.989990234375,231.58999633789062,168.83999633789062,56.599998474121094,67.94000244140625,318.25,331.0799865722656,106.0,299.7099914550781,0,-0.15272779793964472,0.2449750360168354,0.7111112980814177,0.9510166952592313,-0.11556122212438208,0.2789658318149121,0.06626397180326583
1765607576.2750661,280.20001220703125,272.989990234375,231.58999633789062,168.83999633789062,56.599998474121094,67.94000244140625,318.25,331.0799865722656,106.0,299.7900085449219,0,-0.15597238331652008,0.24995688611735017,0.7252346332076829,0.9653996995574615,-0.18032685745448254,-0.020521247509361042,0.18725523484168174
1765607578.4593227,280.20001220703125,272.989990234375,231.58999633789062,168.83999633789062,56.599998474121094,67.94000244140625,318.25,331.0799865722656,106.0,299.7900085449219,0,-0.15272779793964472,0.2449750360168354,0.7111112980814177,0.9510166952592313,-0.11556122212438208,0.2789658318149121,0.06626397180326583
1765607578.4984574,280.20001220703125,272.989990234375,231.58999633789062,168.83999633789062,56.599998474121094,67.94000244140625,318.25,331.0799865722656,106.0,299.7900085449219,0,-0.15597238331652008,0.24995688611735017,0.7252346332076829,0.9653996995574615,-0.18032685745448254,-0.020521247509361042,0.18725523484168174
1765607588.0592425,280.20001220703125,272.989990234375,231.58999633789062,168.83999633789062,56.599998474121094,67.94000244140625,318.25,331.0799865722656,110.12999725341797,299.7900085449219,0,-0.15589981689073487,0.24976889408023972,0.7246597953501194,0.945752462769928,-0.11539927799189698,0.2914084699118282,0.08553589578190066
1765607588.3020754,280.20001220703125,272.989990234375,231.5,168.83999633789062,56.599998474121094,67.94000244140625,318.25,331.0799865722656,123.83999633789062,299.7900085449219,0,-0.16010404056231478,0.2458401697016067,0.734347760919702,0.9496160955857864,-0.11807166171057837,0.275989370416791,0.09010117159200876
1765607588.3954022,280.20001220703125,272.989990234375,231.5,168.83999633789062,56.599998474121094,67.94000244140625,318.25,331.0799865722656,123.83999633789062,299.7900085449219,0,-0.16477648440165174,0.24103229600289586,0.7422884188387369,0.9571627860186481,-0.11017353259644996,0.2656179179749565,0.03388680313761977
1765607588.46385,280.20001220703125,272.989990234375,231.4199981689453,168.83999633789062,56.599998474121094,67.94000244140625,318.25,331.0799865722656,137.11000061035156,299.7900085449219,0,-0.1659592885872039,0.2342957234199523,0.7404178033457461,0.9558102001820664,-0.10967807673234259,0.2712297916843313,0.02884407764319994
1765607588.6262906,280.20001220703125,272.989990234375,231.4199981689453,168.83999633789062,56.599998474121094,67.94000244140625,318.25,331.0799865722656,137.11000061035156,299.7900085449219,0,-0.16769878259103804,0.21777851468159112,0.7363623088155736,-0.9541027993530041,0.11099166315913178,-0.27810972836410647,0.004866000942666749
1765607588.6626353,280.20001220703125,272.989990234375,231.4199981689453,168.83999633789062,56.599998474121094,67.94000244140625,318.25,331.0799865722656,150.55999755859375,299.7900085449219,0,-0.16905687606811415,0.21638919211636495,0.7411486735520983,0.9551929499739964,-0.09736955874787846,0.27900146779085866,0.016845721111437596
1765607588.7922764,280.20001220703125,272.989990234375,231.4199981689453,168.83999633789062,56.599998474121094,67.94000244140625,318.25,331.0799865722656,150.55999755859375,299.7900085449219,0,-0.1694162584439534,0.20513137874166393,0.7380724569800604,0.9534163047112066,-0.09712166355898438,0.2854849785435772,0.007940995172910888
1765607588.9670355,280.20001220703125,272.989990234375,231.4199981689453,168.83999633789062,56.599998474121094,67.94000244140625,318.25,331.0799865722656,163.8300018310547,299.7900085449219,0,-0.17191636275063504,0.19173525289158688,0.7345834786445377,-0.945594097408834,0.09150802172980521,-0.3121685415349638,0.005374623763930645
1765607589.1956048,280.20001220703125,272.989990234375,231.4199981689453,168.83999633789062,56.599998474121094,67.94000244140625,318.25,331.0799865722656,177.36000061035156,299.7900085449219,0,-0.17535484033058643,0.1783881681380824,0.732902255485463,-0.9568835724804843,0.07380420621343553,-0.2719725185760265,0.07041105738166056
1765607589.4719522,280.20001220703125,272.989990234375,231.4199981689453,168.83999633789062,56.599998474121094,67.94000244140625,318.25,331.0799865722656,193.6199951171875,299.7900085449219,0,-0.17672961165823817,0.1588115574397784,0.726656781280844,-0.9431592124498842,0.07447115616124157,-0.320483866704957,0.04684909874012133
1765607589.6880164,280.20001220703125,272.989990234375,231.4199981689453,168.83999633789062,56.599998474121094,67.94000244140625,318.25,331.0799865722656,193.7100067138672,299.7900085449219,0,-0.17136657840517983,0.1575183487266174,0.7130565441455832,-0.9436566761939024,0.0645534003550195,-0.30993727254645986,0.09635259759727609
1765607589.8221507,280.20001220703125,272.989990234375,231.4199981689453,168.83999633789062,56.599998474121094,67.94000244140625,318.25,331.0799865722656,193.7100067138672,299.7900085449219,0,-0.17282149485577472,0.16436927557902128,0.7208920461166483,0.9522082966816393,-0.15193492726660152,-0.04632107729294216,0.2609013135374466
1765607590.1212182,280.20001220703125,272.989990234375,231.4199981689453,168.83999633789062,56.599998474121094,67.94000244140625,318.25,331.0799865722656,193.7100067138672,299.7900085449219,0,-0.17209141368224418,0.16295808165244774,0.7055190158907919,-0.9405731421969071,0.0627344634542884,-0.32550146739937313,0.07372479904207312
1765607590.237692,280.20001220703125,272.989990234375,231.4199981689453,168.83999633789062,56.599998474121094,67.94000244140625,318.25,331.0799865722656,193.7100067138672,299.7900085449219,0,-0.17613247396136814,0.16559225151867418,0.7216973580452245,0.9525237794128447,-0.15223074766143443,-0.04427863918721242,0.2599300891225174
1765607590.2728505,280.20001220703125,272.989990234375,231.4199981689453,168.83999633789062,56.599998474121094,67.94000244140625,318.25,331.0799865722656,193.6199951171875,299.7900085449219,0,-0.17227442251026204,0.16281385851717156,0.7109886764987852,-0.9388777293414706,0.07000574549778221,-0.32806928046102435,0.07731980445972435
1765607590.384203,280.20001220703125,272.989990234375,231.4199981689453,168.83999633789062,56.599998474121094,67.94000244140625,318.25,331.0799865722656,193.6199951171875,299.7900085449219,0,-0.1744705734090365,0.16676226024015958,0.7259486191749481,-0.9528061838032024,0.06075479134699863,-0.29216818663402516,0.05574030995380613
1765607590.419899,280.20001220703125,272.989990234375,231.4199981689453,168.83999633789062,56.599998474121094,67.94000244140625,318.25,331.0799865722656,193.6199951171875,299.7900085449219,0,-0.17044574994902992,0.16329767435796463,0.7102922023626834,-0.9433557151449079,0.0765712513963897,-0.30942426305679716,0.09205141821171627
1765607590.5932024,280.20001220703125,272.989990234375,231.4199981689453,168.83999633789062,56.599998474121094,67.94000244140625,318.25,331.0799865722656,193.7100067138672,299.7099914550781,0,-0.1676664623034839,0.1600349829049635,0.6966291712120998,-0.9440968180656053,0.0634177679682642,-0.3059392157973884,0.10516929714323488
1765607590.9087448,280.20001220703125,272.989990234375,231.4199981689453,168.83999633789062,56.599998474121094,67.94000244140625,318.25,331.0799865722656,206.10000610351562,299.7900085449219,0,-0.17685048959889776,0.16288384948586307,0.725537757794843,-0.9453333467917656,0.05743715815799311,-0.3114322191813844,0.07781907967825889
1765607591.0240972,280.20001220703125,272.989990234375,231.4199981689453,168.83999633789062,56.599998474121094,67.94000244140625,318.25,331.0799865722656,206.10000610351562,299.7900085449219,0,-0.18173598677252223,0.15225682018228642,0.7347128909088777,-0.9462937148540717,0.04514708547158753,-0.3020523057573004,0.10608652359183326
1765607591.2024896,280.20001220703125,272.989990234375,231.4199981689453,168.83999633789062,56.599998474121094,67.94000244140625,318.25,331.0799865722656,219.63999938964844,299.7900085449219,0,-0.18226310555460465,0.1356140876271282,0.7262826232884695,-0.9372586712130468,0.06249291580111816,-0.3091815633046078,0.1484842739927263
1765607591.3221924,280.20001220703125,272.989990234375,231.4199981689453,168.83999633789062,56.599998474121094,67.94000244140625,318.25,331.0799865722656,233.1699981689453,299.7900085449219,0,-0.18359651748021058,0.12130513485839094,0.724305649361089,-0.9409977798638908,0.04621834962958155,-0.2852360109665598,0.17614613392473633
1765607591.6948645,280.20001220703125,272.989990234375,231.4199981689453,168.83999633789062,56.599998474121094,67.94000244140625,318.25,331.0799865722656,260.239990234375,299.7900085449219,0,-0.1795646124840144,0.097397393362444,0.7075825794797692,0.9429543758389021,-0.11869040664697733,-0.05786107121830282,0.30561696434215235
1765607591.7978344,280.20001220703125,272.989990234375,231.4199981689453,168.83999633789062,56.599998474121094,67.94000244140625,318.25,331.0799865722656,260.239990234375,299.7900085449219,0,-0.17580183901107346,0.0919224514145787,0.6887033263354478,-0.9215061956511067,0.030360320534672757,-0.3176472089180323,0.22137035253222243
1765607591.8363566,280.20001220703125,272.989990234375,231.4199981689453,168.83999633789062,56.599998474121094,67.94000244140625,318.25,331.0799865722656,260.239990234375,299.7900085449219,0,-0.18082548280007654,0.09300602450157386,0.7053699480389269,-0.9314199834590452,0.024045873307549703,-0.2918588239683926,0.2160949727823765
1765607591.8665264,280.2799987792969,272.989990234375,231.4199981689453,168.83999633789062,56.599998474121094,67.94000244140625,318.25,331.0799865722656,273.6000061035156,299.7900085449219,0,-0.18206557673264276,0.0922962066242917,0.7077278620915133,-0.927265756503699,0.020537227464223873,-0.3060557850101459,0.2146771892063267
1765607592.359301,280.2799987792969,272.989990234375,231.4199981689453,168.83999633789062,56.599998474121094,67.94000244140625,318.25,331.0799865722656,279.6700134277344,299.7900085449219,0,-0.1892943972184247,0.07814641430107416,0.715780313654627,-0.9300896822867859,0.01722605654360343,-0.29799602083535354,0.21409067575660035
1765607592.4561858,280.2799987792969,272.989990234375,231.4199981689453,168.83999633789062,56.599998474121094,67.94000244140625,318.25,331.0799865722656,279.6700134277344,299.7900085449219,0,-0.1831769572585041,0.080396039130969,0.7061204921605245,-0.9241965247240594,0.02159319431192858,-0.3095105783449076,0.22270545467046654
1765607592.6271439,280.2799987792969,272.989990234375,231.4199981689453,168.83999633789062,56.599998474121094,67.94000244140625,318.25,331.0799865722656,279.6700134277344,299.7099914550781,0,-0.17513257622976022,0.08353105958393275,0.6889946233067744,-0.919806503439439,0.018555888870562698,-0.3191033732489955,0.2275625461271013
1765607592.8896844,280.2799987792969,272.989990234375,231.4199981689453,168.83999633789062,56.599998474121094,67.94000244140625,318.25,331.0799865722656,279.760009765625,299.7099914550781,0,-0.18390536694645554,0.08507213760990173,0.7069653507750708,-0.9252029401128465,0.021018525593488047,-0.30895140264341403,0.21933256026656767
1765607593.1024075,280.2799987792969,272.989990234375,231.4199981689453,168.92999267578125,56.599998474121094,67.94000244140625,318.25,331.0799865722656,290.3900146484375,299.7900085449219,0,-0.18719383848955085,0.07974451163639187,0.7025851503210958,-0.919120780519203,0.01436273547682293,-0.3046392607991397,0.2494105519563032
1765607593.3645303,280.3699951171875,272.989990234375,231.4199981689453,168.92999267578125,56.599998474121094,67.94000244140625,318.25,331.0799865722656,304.5400085449219,299.7099914550781,0,-0.18609282358140747,0.06218292031613962,0.6914483739993825,-0.9079998185729549,-0.0003616510160617814,-0.3109909774710605,0.2807504418725251
1765607593.3959768,280.3699951171875,272.989990234375,231.4199981689453,168.92999267578125,56.599998474121094,67.94000244140625,318.25,331.0799865722656,304.5400085449219,299.7099914550781,0,-0.1942198630546471,0.05881003989800151,0.7184437778560354,0.9386909391438191,-0.07151519521862164,-0.0851886564306847,0.3263246702866213
1765607593.6716459,280.3699951171875,272.989990234375,231.4199981689453,168.92999267578125,56.599998474121094,67.94000244140625,318.25,331.0799865722656,331.5199890136719,299.7900085449219,0,-0.18750732429348882,0.03486334907218193,0.6973511636181139,0.9358327988215596,-0.06734892024307139,-0.05876973169233983,0.3409211261108781
1765607593.7582288,280.3699951171875,272.989990234375,231.4199981689453,168.92999267578125,56.599998474121094,67.94000244140625,318.25,331.0799865722656,331.5199890136719,299.7900085449219,0,-0.18318529238701134,0.029163776755379178,0.6815443400089953,-0.8965935401086873,-0.025443929863996906,-0.2976625959622567,0.3269091758171651
1765607593.9242704,280.3699951171875,272.989990234375,231.4199981689453,168.92999267578125,56.599998474121094,67.94000244140625,318.25,331.0799865722656,344.9700012207031,299.7900085449219,0,-0.17913662954903808,0.023032437397598374,0.667390743560821,-0.8827443435619405,-0.026513945698914354,-0.32129509719602195,0.3418024211597581
1765607594.0767334,280.2799987792969,272.989990234375,231.4199981689453,168.92999267578125,56.599998474121094,67.94000244140625,318.25,331.0799865722656,358.510009765625,299.7900085449219,0,-0.18066267023145077,0.020186581912931992,0.6685882672306382,-0.8823091926549428,-0.03912737310484315,-0.32137797676367624,0.34163684415148093
1765607594.4735591,280.3699951171875,272.989990234375,231.4199981689453,168.92999267578125,56.599998474121094,67.94000244140625,318.25,331.0799865722656,364.2200012207031,299.7900085449219,0,-0.1816624102170384,0.010833365637410134,0.6489615237228933,-0.8635409631557819,-0.04986939335630125,-0.3565296487902088,0.3531241397749373
1765607594.5717864,280.3699951171875,272.989990234375,231.4199981689453,168.92999267578125,56.599998474121094,67.94000244140625,318.25,331.0799865722656,364.2200012207031,299.7900085449219,0,-0.18574899127507516,0.011502392761256799,0.6675710344883944,0.9239954566273355,-0.052577604815505274,-0.08218459324997988,0.3697481362174008
1765607594.7728148,280.2799987792969,272.989990234375,231.4199981689453,168.92999267578125,56.599998474121094,67.94000244140625,318.25,331.0799865722656,364.2200012207031,299.7900085449219,0,-0.18237362371556448,0.01578584634188317,0.6759944045057747,0.9256452943391759,-0.05388986736886153,-0.08206124023974322,0.3654348425000307
1765607595.062964,280.2799987792969,272.989990234375,231.4199981689453,168.92999267578125,56.599998474121094,67.94000244140625,318.25,331.0799865722656,364.2200012207031,299.7900085449219,0,-0.17550722010635023,0.01782670467910142,0.6569540428573448,-0.8740728200554445,-0.04064339082017832,-0.3237468412941135,0.35990665841999225
1765607595.5064056,280.2799987792969,272.989990234375,231.4199981689453,168.92999267578125,56.599998474121094,67.94000244140625,318.25,331.0799865722656,364.2200012207031,299.7900085449219,0,-0.18462110991590064,0.014456503940511959,0.6650679509368067,-0.8778578473919125,-0.04718743558972226,-0.3175775022252557,0.355363863913132
1765607595.8996983,280.3699951171875,272.989990234375,231.4199981689453,168.92999267578125,56.599998474121094,87.19000244140625,318.25,331.0799865722656,364.0400085449219,299.7099914550781,0,-0.17945800944940085,0.019573600517844365,0.6683066069597005,0.9252517642839221,-0.06036905193454135,-0.0819027508845266,0.3654540869323553
1765607596.24261,280.3699951171875,272.989990234375,231.4199981689453,168.92999267578125,56.599998474121094,100.80999755859375,318.25,331.0799865722656,364.0400085449219,299.7900085449219,0,-0.17829749020658492,0.017895263644317955,0.6730165576393233,0.9245330509651084,-0.056744164132198516,-0.07425301178253782,0.36946613884266694
1765607596.4392667,280.3699951171875,272.989990234375,231.4199981689453,168.92999267578125,56.599998474121094,114.16999816894531,318.25,331.0799865722656,364.0400085449219,299.7900085449219,0,-0.1790321279424281,0.028909757933169387,0.6990663118071798,0.9225276117206515,-0.05975541372030101,-0.07612625488805345,0.37359990559531137
1765607596.4911568,280.3699951171875,272.989990234375,231.4199981689453,168.92999267578125,56.599998474121094,127.62000274658203,318.25,331.0799865722656,364.0400085449219,299.7900085449219,0,-0.1776869625046063,0.03154294320196553,0.6989918209901556,-0.8898489179895017,-0.03790608237717885,-0.30383716999677934,0.33825287315864155
1765607597.0588863,280.3699951171875,272.989990234375,231.4199981689453,168.92999267578125,56.599998474121094,156.36000061035156,318.25,331.0799865722656,364.0400085449219,299.7900085449219,0,-0.1525987360418472,0.051732559176512635,0.7066401183529776,0.9240778087720941,-0.06549108728318082,-0.04578804491266792,0.37375737553191857
1765607597.2259138,280.3699951171875,272.989990234375,231.4199981689453,168.92999267578125,56.599998474121094,156.36000061035156,318.25,331.0799865722656,364.0400085449219,299.7900085449219,0,-0.14921036626311285,0.0493164972389395,0.6941117172160497,-0.9094381748733943,-0.02013100908952609,-0.24999635178702476,0.33169077866164015
1765607597.641527,280.3699951171875,272.989990234375,231.4199981689453,168.92999267578125,56.599998474121094,156.36000061035156,318.25,331.0799865722656,364.0400085449219,299.7900085449219,0,-0.15255160331497938,0.05023325347775162,0.6827985961710507,-0.9093035256637044,-0.02488386146582028,-0.2626788006975562,0.32178834552885927
1765607597.7966619,280.3699951171875,272.989990234375,231.4199981689453,168.92999267578125,56.599998474121094,156.36000061035156,318.25,331.0799865722656,364.0400085449219,299.7900085449219,0,-0.15647986704747816,0.05198824904904557,0.6931142180750236,-0.9128790389752187,-0.02079926907712693,-0.26102579817608107,0.3131849027205469
1765607597.9612792,280.3699951171875,272.989990234375,231.4199981689453,168.92999267578125,56.599998474121094,161.27999877929688,318.25,331.0799865722656,363.7799987792969,299.7900085449219,0,-0.15395949809356022,0.053521761251218776,0.7001361006032267,0.9150582895221805,-0.06070975240620824,-0.016362071965282048,0.3983904307843265
1765607598.0259778,280.3699951171875,272.989990234375,231.4199981689453,168.92999267578125,56.599998474121094,161.27999877929688,318.25,331.0799865722656,363.7799987792969,299.7900085449219,0,-0.15175405667129957,0.056789689121390596,0.7110407323685981,0.9209950953431068,-0.06234274961304309,-0.03495227619468234,0.38296181834934656
1765607598.3343632,280.3699951171875,272.989990234375,231.4199981689453,168.92999267578125,56.599998474121094,187.82000732421875,318.25,331.0799865722656,363.7799987792969,299.7900085449219,0,-0.12697190053920254,0.07478176971894164,0.7142226513691479,0.9091739708958884,-0.06487638359580195,-0.02753848699898733,0.41040879282824777
1765607598.4596817,280.3699951171875,272.989990234375,231.4199981689453,168.92999267578125,56.599998474121094,201.08999633789062,318.25,331.0799865722656,363.7799987792969,299.7099914550781,0,-0.1229476244008725,0.08004206993310585,0.7342266019408872,-0.9387297105749823,0.0009153838580917563,-0.20835250331824126,0.2745449451678626
1765607598.5592904,280.3699951171875,272.989990234375,231.4199981689453,168.92999267578125,56.599998474121094,201.08999633789062,318.25,331.0799865722656,363.7799987792969,299.7900085449219,0,-0.11874266693150441,0.07956984297425337,0.7215115575229472,-0.9369630965801592,-0.0034796420810295214,-0.1886892821616213,0.2940823057160006
1765607598.774616,280.3699951171875,272.989990234375,231.4199981689453,168.92999267578125,56.599998474121094,214.4499969482422,318.25,331.0799865722656,363.7799987792969,299.7900085449219,0,-0.11413702263282818,0.08729683025403913,0.7285518790415095,-0.9430729253708178,0.0025103320397562023,-0.155613446511161,0.29392449869055903
1765607598.9727862,280.3699951171875,272.989990234375,231.4199981689453,168.92999267578125,56.599998474121094,227.5500030517578,318.25,331.0799865722656,363.7799987792969,299.7900085449219,0,-0.10751905558950035,0.10206393605283275,0.7444824241707476,-0.948838155646996,0.019110431377243386,-0.1559184791685744,0.2739167275920574
1765607599.936694,280.3699951171875,272.989990234375,231.4199981689453,168.92999267578125,56.689998626708984,241.6999969482422,318.25,331.0799865722656,370.989990234375,299.7900085449219,0,-0.10376831081111099,0.1008060200105515,0.7571813893129086,-0.9526453860803114,-0.0030039788049245333,-0.14670981538204556,0.2663343285455332
1765607600.0184755,280.3699951171875,272.989990234375,231.4199981689453,168.92999267578125,56.689998626708984,241.6999969482422,318.25,331.0799865722656,370.989990234375,299.7900085449219,0,-0.10574352145812335,0.09502531451082483,0.7470670621159454,-0.9469241367981458,0.002324048236212517,-0.1465959892827539,0.28607497946358895
1765607600.4358478,280.3699951171875,272.989990234375,231.4199981689453,168.92999267578125,56.599998474121094,241.6999969482422,318.25,331.0799865722656,398.4100036621094,299.7900085449219,0,-0.11658160264221097,0.05124455997611301,0.7379991662202627,0.9242857655827214,-0.03004043175440635,-0.013578983476868532,0.3802749100439137
1765607600.4959056,280.3699951171875,272.989990234375,231.4199981689453,168.92999267578125,56.599998474121094,241.6999969482422,318.25,331.0799865722656,411.8599853515625,299.7900085449219,0,-0.1122436233853084,0.04742599619135606,0.7204008514717314,0.9123448548902988,-0.04543912495877822,-0.0067364388438251105,0.4068375253954378
1765607600.6235232,280.3699951171875,272.989990234375,231.4199981689453,168.92999267578125,56.599998474121094,241.6999969482422,318.25,331.0799865722656,411.8599853515625,299.7900085449219,0,-0.10329341162525509,0.0372309079911632,0.7213078283188951,0.9117732361854992,-0.025584679370640406,-0.005059741632405895,0.4098650863051604
1765607601.1431763,280.3699951171875,272.989990234375,231.4199981689453,168.92999267578125,56.599998474121094,241.6999969482422,318.25,331.0799865722656,447.9800109863281,299.7900085449219,0,-0.11935176987560842,0.014363206819165615,0.6947615732955601,-0.9020490338909647,-0.05258592702167732,-0.15780701047897205,0.3982953780541996
1765607601.1790452,280.3699951171875,272.989990234375,231.4199981689453,168.92999267578125,56.599998474121094,241.6999969482422,318.25,331.0799865722656,447.9800109863281,299.7900085449219,0,-0.12170481530834722,0.014185311480918679,0.704759301030559,-0.8879317903513444,-0.034969946727262564,-0.15381384036284718,0.4320827941751225
1765607601.5987346,280.3699951171875,272.989990234375,231.4199981689453,168.92999267578125,56.599998474121094,241.6999969482422,318.25,331.0799865722656,448.1499938964844,299.7900085449219,0,-0.10094479243595145,0.01959376758216698,0.6609013491505169,0.8860768658594038,-0.02190160817496395,-0.009407834303821453,0.4629250479309132
1765607601.6751957,280.3699951171875,272.989990234375,231.4199981689453,168.92999267578125,56.689998626708984,241.6999969482422,318.25,331.0799865722656,448.1499938964844,299.7099914550781,0,-0.10320791693473393,0.018909152904447165,0.6789205052683799,0.8913018067993236,-0.027365163695704305,0.0018422240414030515,0.4525802063974406
1765607602.1259768,280.3699951171875,272.989990234375,231.4199981689453,168.92999267578125,56.779998779296875,241.6999969482422,318.25,347.3399963378906,447.79998779296875,299.7900085449219,0,-0.11578275264499227,0.024316454978738505,0.7232206397104088,-0.8934573521561597,-0.03622556279485556,-0.1420751684756334,0.42454247723981675
1765607602.4189794,280.3699951171875,272.989990234375,231.4199981689453,168.92999267578125,56.779998779296875,241.6999969482422,318.25,361.32000732421875,447.79998779296875,299.7900085449219,0,-0.11115475322551194,0.024136492960385773,0.6781932200740086,0.8929347469641953,-0.019596088223167385,0.00037601951108386534,0.44975925738072997
1765607602.4880042,280.3699951171875,272.989990234375,231.4199981689453,168.92999267578125,56.779998779296875,241.6999969482422,318.25,375.1199951171875,447.7099914550781,299.7900085449219,0,-0.11991000331924011,0.026061103555900637,0.7357646044912145,-0.8999435979905361,-0.0716332284634039,-0.1635995648993475,0.39775040336937706
1765607602.7420423,280.3699951171875,272.989990234375,231.4199981689453,168.92999267578125,56.779998779296875,241.6999969482422,318.25,389.0,447.79998779296875,299.7900085449219,0,-0.10677234109405079,0.01989276727518299,0.6870382629040696,-0.8981512390583348,-0.04775210130704305,-0.13855178350052974,0.4145449214350143
1765607602.8991642,280.3699951171875,272.989990234375,231.4199981689453,168.92999267578125,56.779998779296875,241.6999969482422,318.25,402.79998779296875,447.79998779296875,299.7900085449219,0,-0.10462827733876022,0.018933235754462225,0.684190769742813,0.8959914535626199,-0.027025383290948557,-0.014621858077170067,0.4430069356873457
1765607603.244148,280.3699951171875,272.989990234375,231.4199981689453,168.92999267578125,56.779998779296875,241.6999969482422,318.25,416.42999267578125,447.79998779296875,299.7900085449219,0,-0.1107609573273917,0.022529122612899546,0.6925012391897871,0.9007710817129854,-0.020927333679368724,-0.013078207548297029,0.43359251093857054
1765607603.3117163,280.3699951171875,272.989990234375,231.4199981689453,168.92999267578125,56.779998779296875,241.6999969482422,318.25,421.0,447.79998779296875,299.7900085449219,0,-0.11202833692034758,0.02392245640646318,0.6927882908959797,-0.9008658443651336,-0.0487249467502851,-0.15756687388693832,0.4015461247154236
1765607604.0405765,280.3699951171875,272.989990234375,231.4199981689453,168.92999267578125,56.869998931884766,241.6999969482422,318.25,426.0899963378906,447.5400085449219,299.7900085449219,0,-0.10460290954058156,0.01930730913826144,0.6800486430837718,0.8948383638260673,-0.023780663755458183,0.007620948825690534,0.4456912651100905
1765607604.2033432,280.3699951171875,272.989990234375,231.4199981689453,168.92999267578125,56.779998779296875,241.6999969482422,318.25,439.8900146484375,447.5400085449219,299.7900085449219,0,-0.10626768896270072,0.02038546102062415,0.6869738292349583,-0.8983366118582502,-0.04763517094101749,-0.13817961510944873,0.4142808422467352
1765607604.2453113,280.3699951171875,272.989990234375,231.4199981689453,168.92999267578125,56.779998779296875,241.6999969482422,318.25,439.8900146484375,447.5400085449219,299.7900085449219,0,-0.11337004261959219,0.021875234543623376,0.7286213848973075,-0.8928954136881694,-0.06750945627853655,-0.14781317288266999,0.4199184676219508
1765607604.2730925,280.3699951171875,272.989990234375,231.4199981689453,168.92999267578125,56.869998931884766,241.6999969482422,318.25,453.3399963378906,447.5400085449219,299.7900085449219,0,-0.10734613633167682,0.02114369055091131,0.6875393895534971,-0.8922683617190657,-0.049148506939961645,-0.13610663827650674,0.42768747697099513
1765607604.6093354,280.3699951171875,272.989990234375,231.4199981689453,168.92999267578125,56.869998931884766,241.6999969482422,318.25,466.70001220703125,447.5400085449219,299.7900085449219,0,-0.1088958584864226,0.02365973977158205,0.6615133911546732,0.8848199365096777,-0.011376334700914481,-0.0038309162944589786,0.46577846992333977
1765607604.667829,280.3699951171875,272.989990234375,231.4199981689453,168.92999267578125,56.869998931884766,241.6999969482422,318.25,480.1499938964844,447.5400085449219,299.7099914550781,0,-0.11308761833806202,0.024442647839223595,0.6863485436036979,-0.9006413756547136,-0.04609726006714149,-0.15094063875690594,0.40489144056740056
1765607605.2750025,280.3699951171875,272.989990234375,231.4199981689453,168.92999267578125,56.779998779296875,241.6999969482422,318.25,508.7099914550781,447.5400085449219,299.7900085449219,0,-0.11288726221882912,0.0013457201792975333,0.686629298261605,-0.8979187505758469,-0.04726949947708303,-0.14864125089572316,0.4115984576205929
1765607605.313042,280.3699951171875,272.989990234375,231.4199981689453,168.92999267578125,56.779998779296875,241.6999969482422,318.25,508.7099914550781,447.5400085449219,299.7900085449219,0,-0.11895790772672013,0.0010202514011217682,0.7235303460412946,-0.8974209554628265,-0.03741834779025143,-0.14408674891978396,0.4153004993141259
1765607605.3653092,280.3699951171875,272.989990234375,231.4199981689453,168.92999267578125,56.779998779296875,241.6999969482422,318.25,508.7099914550781,447.5400085449219,299.7900085449219,0,-0.11668402820735282,0.0016452937402977245,0.7120505597187138,-0.8895182426525118,-0.0383325061616529,-0.15356259496734137,0.42860989767695573
1765607605.66439,280.3699951171875,272.989990234375,231.4199981689453,168.92999267578125,56.869998931884766,241.6999969482422,318.25,508.7099914550781,447.5400085449219,299.7900085449219,0,-0.11385754064287798,0.006496999646789561,0.6718087460552878,0.9038010451405135,-0.02277691339266824,0.0069467435858005695,0.42728986153754195
1765607605.8264241,280.3699951171875,272.989990234375,231.4199981689453,168.92999267578125,56.869998931884766,241.6999969482422,318.25,508.7099914550781,447.5400085449219,299.7900085449219,0,-0.1197525553068233,0.00821251900188935,0.6927518664058847,-0.9014220071151685,-0.04844553915442962,-0.16815296896896278,0.395999966984116
1765607606.2292366,280.3699951171875,272.989990234375,231.4199981689453,168.92999267578125,56.869998931884766,241.6999969482422,318.25,508.7099914550781,447.5400085449219,299.7900085449219,0,-0.12052219780599364,0.006027705978353505,0.715040137999186,-0.8937015111754871,-0.032276832878732786,-0.14131739467218668,0.4246000576366359
1765607606.2951164,280.3699951171875,272.989990234375,231.4199981689453,168.92999267578125,56.869998931884766,241.6999969482422,318.25,508.7099914550781,447.5400085449219,299.7099914550781,0,-0.1219420909207586,0.005636635563400421,0.7312524015361949,-0.8969127259625203,-0.0744442079509593,-0.14415229487240702,0.4113705601912394
1765607606.3429668,280.3699951171875,272.989990234375,231.4199981689453,168.92999267578125,56.869998931884766,241.6999969482422,318.25,508.7099914550781,447.5400085449219,299.7099914550781,0,-0.11373994054163923,0.005305067649566885,0.6872985894533025,-0.8993077813076549,-0.04761105613037353,-0.14765214393222992,0.4088735088091058
1765607606.4071274,280.3699951171875,272.989990234375,231.4199981689453,168.92999267578125,56.869998931884766,241.6999969482422,318.25,508.7099914550781,447.5400085449219,299.7900085449219,0,-0.118806122696285,0.004797772600185409,0.7240591262692009,0.9073172518383341,-0.03072992068359859,0.004590986585197514,0.4192970299602506
1765607606.462666,280.3699951171875,272.989990234375,231.4199981689453,168.92999267578125,56.869998931884766,241.6999969482422,318.25,508.7099914550781,447.5400085449219,299.7900085449219,0,-0.11634288450553486,0.00408152284066282,0.7129828131470701,0.9011754282883951,0.0037739658372522578,0.0069436961463205625,0.43338249816405183
1765607606.7082386,280.3699951171875,272.989990234375,231.4199981689453,168.92999267578125,56.95000076293945,241.6999969482422,318.25,513.5399780273438,447.45001220703125,299.7900085449219,0,-0.11342077201798785,0.004786246337186367,0.6838937562578443,-0.8958527553008904,-0.05449607636981635,-0.16155513102183922,0.4103388333080538
1765607607.3094208,280.3699951171875,272.989990234375,231.4199981689453,168.92999267578125,56.95000076293945,241.6999969482422,318.25,553.010009765625,447.45001220703125,299.7900085449219,0,-0.1244132142800784,-0.017599936809889503,0.6787121358053553,-0.8982779951124861,-0.06737404517166246,-0.16120551277781897,0.4031999059820571
1765607607.654316,280.3699951171875,272.989990234375,231.4199981689453,168.92999267578125,56.95000076293945,241.6999969482422,318.25,579.5499877929688,447.45001220703125,299.7099914550781,0,-0.12247519004210058,-0.03850292715265795,0.6877188644069876,-0.9066563583796355,-0.06260991276825129,-0.15475301140133174,0.3874348359339274
1765607607.8931758,280.3699951171875,272.989990234375,231.4199981689453,168.92999267578125,56.95000076293945,241.6999969482422,318.25,591.6799926757812,447.45001220703125,299.7900085449219,0,-0.13301663543066516,-0.04826705135683763,0.7055471331352642,-0.9194353451119087,-0.06365213452651937,-0.163925050696376,0.35173232675339056
1765607608.037112,280.3699951171875,272.989990234375,231.4199981689453,168.92999267578125,56.95000076293945,241.6999969482422,318.25,591.6799926757812,447.45001220703125,299.7900085449219,0,-0.13054238385831415,-0.047989883406404775,0.6682078366084283,-0.8998820287673096,-0.0693623560962746,-0.1809180892137974,0.39072988477160653
1765607608.0663204,280.3699951171875,272.989990234375,231.4199981689453,168.92999267578125,56.95000076293945,241.6999969482422,318.25,592.8200073242188,447.45001220703125,299.7900085449219,0,-0.1291722250107586,-0.04664213342772748,0.6593784413426929,-0.8964020644046177,-0.07274042338459932,-0.18507259739290624,0.3961316743599436
1765607608.1158385,280.3699951171875,272.989990234375,231.4199981689453,168.92999267578125,56.95000076293945,241.6999969482422,318.25,592.8200073242188,447.45001220703125,299.7900085449219,0,-0.13243798757550254,-0.047179736632211165,0.6772735430572525,-0.9045096879922984,-0.07908038316575751,-0.17499741401440336,0.3807682003722259
1765607608.4740217,280.3699951171875,272.989990234375,231.4199981689453,168.92999267578125,56.95000076293945,241.6999969482422,320.3599853515625,592.72998046875,447.2799987792969,299.7900085449219,0,-0.1270307931871464,-0.044727572036517865,0.6661947523970638,-0.9072070740132755,-0.0795510244600246,-0.18161571584537928,0.37102923217127004
1765607608.7069156,280.3699951171875,272.989990234375,231.4199981689453,168.92999267578125,56.95000076293945,241.6999969482422,333.8999938964844,592.5599975585938,447.2799987792969,299.7900085449219,0,-0.1269297530270563,-0.04658409925075355,0.6789661466530008,0.948321390199234,0.008757259287798082,0.010748454257608975,0.3170083942602004
1765607608.8211944,280.3699951171875,272.989990234375,231.4199981689453,168.92999267578125,56.95000076293945,241.6999969482422,333.8999938964844,592.5599975585938,447.2799987792969,299.7900085449219,0,-0.12489780105300126,-0.04551053037671913,0.668891596054473,-0.906421893572341,-0.07063273043375795,-0.17017486895073483,0.38006694439506866
1765607609.1726983,280.3699951171875,272.989990234375,231.4199981689453,168.92999267578125,56.95000076293945,241.6999969482422,360.6199951171875,592.5599975585938,447.2799987792969,299.7900085449219,0,-0.1280335079921076,-0.0428239498567918,0.666420425774145,-0.907760741419922,-0.07992347663374122,-0.18199747558116053,0.3694043761267782
1765607609.2997582,280.3699951171875,272.989990234375,231.4199981689453,168.92999267578125,56.95000076293945,241.6999969482422,375.0299987792969,592.5599975585938,447.2799987792969,299.7900085449219,0,-0.12792766653695317,-0.04250763025388186,0.6615247475137314,-0.9080074268654925,-0.0773623381301563,-0.17190741407756482,0.37414625800789114
1765607610.0067184,280.3699951171875,272.989990234375,231.4199981689453,168.92999267578125,56.95000076293945,241.6999969482422,407.0199890136719,592.5599975585938,447.2799987792969,299.7900085449219,0,-0.129690143662748,-0.04846847356997611,0.6731587899901162,-0.9104841353782621,-0.07203920492551791,-0.1899968081285037,0.3601807949893754
1765607610.1035461,280.3699951171875,272.989990234375,231.4199981689453,168.92999267578125,56.95000076293945,241.6999969482422,407.0199890136719,592.5599975585938,447.2799987792969,299.7900085449219,0,-0.13149033600331864,-0.04702740173517738,0.6856819590253127,-0.9152111408877002,-0.07328866662589467,-0.17252680417489166,0.35672375976437515
1765607610.3235168,280.3699951171875,272.989990234375,231.4199981689453,168.92999267578125,56.95000076293945,241.6999969482422,407.0199890136719,592.5599975585938,447.2799987792969,299.7900085449219,0,-0.1300012377426587,-0.04475964287342732,0.6666688732231449,-0.9069511523039511,-0.0802015254924951,-0.1837900924630019,0.37044368607880646
1765607610.4563203,280.3699951171875,272.989990234375,231.4199981689453,168.92999267578125,56.95000076293945,241.6999969482422,407.0199890136719,592.5599975585938,447.2799987792969,299.7900085449219,0,-0.13400664515791533,-0.045685573873005945,0.6801466377798627,0.9483758282192464,0.007099306616267454,0.014880363902133199,0.31671984949662835
1765607610.6425107,280.3699951171875,272.989990234375,231.4199981689453,168.92999267578125,56.95000076293945,241.6999969482422,407.0199890136719,592.5599975585938,447.2799987792969,299.7900085449219,0,-0.1300690790542624,-0.04462548090765145,0.6682477779784083,-0.9010848442387869,-0.06951601277435993,-0.18001827870563505,0.3883388298676513
1765607610.7061174,280.3699951171875,272.989990234375,231.4199981689453,168.92999267578125,56.95000076293945,241.6999969482422,407.1099853515625,592.5599975585938,447.2799987792969,299.7900085449219,0,-0.13208967843002323,-0.04572831893418962,0.6792437949713284,-0.9101175947935531,-0.0686528621916367,-0.16938309493724224,0.3718630329967947
1765607611.7118347,280.3699951171875,272.989990234375,231.4199981689453,168.92999267578125,56.95000076293945,241.6999969482422,407.0199890136719,592.5599975585938,447.2799987792969,299.7900085449219,0,-0.13086251691905268,-0.04480896407634276,0.6673946452522359,-0.9067653524866438,-0.06778349045878664,-0.18541347313482381,0.3725638709417196
1765607611.740189,280.3699951171875,272.989990234375,231.4199981689453,168.92999267578125,56.95000076293945,241.6999969482422,407.0199890136719,592.5599975585938,447.2799987792969,299.7900085449219,0,-0.12831109039322533,-0.04342161389367581,0.655574993500401,-0.9026438231793185,-0.07263103136469345,-0.16890004212512288,0.38914218163706665
1765607611.8319235,280.3699951171875,272.989990234375,231.4199981689453,168.92999267578125,56.95000076293945,241.6999969482422,407.0199890136719,592.5599975585938,447.2799987792969,299.7900085449219,0,-0.13121663006899373,-0.04510155768260566,0.6735304076717641,-0.9114507451340079,-0.07263084370268517,-0.19051622348378208,0.3573315943590426
1765607612.1728709,280.3699951171875,272.989990234375,231.4199981689453,168.92999267578125,56.95000076293945,241.6999969482422,407.0199890136719,592.5599975585938,447.2799987792969,299.7900085449219,0,-0.13183408953178313,-0.04706197179081292,0.6861851129149291,-0.9153654832682397,-0.07329621595555026,-0.17194263838023463,0.3566082246310973
1765607612.4169269,280.3699951171875,272.989990234375,231.4199981689453,168.92999267578125,56.95000076293945,241.6999969482422,407.0199890136719,592.5599975585938,447.2799987792969,299.7900085449219,0,-0.1290692876540777,-0.04557423019458536,0.6680537227363087,-0.9008385253945788,-0.06921054907424008,-0.17945473566999545,0.38922467664239274
1765607612.483995,280.3699951171875,272.989990234375,231.4199981689453,168.92999267578125,56.95000076293945,241.6999969482422,407.0199890136719,592.5599975585938,447.2799987792969,299.7099914550781,0,-0.13502430701160792,-0.04699934944139444,0.6943377845456132,-0.9207136164826674,-0.06573350860718508,-0.17822123297213838,0.3408852217205781
1765607612.5153487,280.3699951171875,272.989990234375,231.4199981689453,168.92999267578125,56.95000076293945,241.6999969482422,407.0199890136719,592.5599975585938,447.2799987792969,299.7099914550781,0,-0.1317599471340089,-0.0454086186290381,0.6763041545388317,-0.9111005423156682,-0.07702899245534872,-0.17899067931997392,0.36321436209211716
1765607613.1023,280.3699951171875,272.989990234375,231.4199981689453,168.92999267578125,56.95000076293945,241.6999969482422,407.0199890136719,592.5599975585938,447.2799987792969,299.7099914550781,0,-0.1328800700031639,-0.04634129935094497,0.6864830340357759,-0.9157546649877624,-0.07358935265071627,-0.17187669754689683,0.3555789667148105
1765607613.339982,280.3699951171875,272.989990234375,231.4199981689453,168.92999267578125,56.95000076293945,241.6999969482422,407.0199890136719,592.5599975585938,447.2799987792969,299.7900085449219,0,-0.1284343558408163,-0.04588050010733633,0.6672572417037259,-0.8960056870164749,-0.06661663265727052,-0.1835763697049695,0.39879286549973003
1765607613.37215,280.3699951171875,272.989990234375,231.4199981689453,168.92999267578125,56.95000076293945,241.6999969482422,407.0199890136719,592.5599975585938,447.2799987792969,299.7900085449219,0,-0.13459604044545828,-0.047747868146299915,0.6979543121764773,-0.9198200657256116,-0.08114816033427896,-0.18962749565174775,0.33374756277123613
1765607613.472392,280.3699951171875,272.989990234375,231.4199981689453,168.92999267578125,56.95000076293945,241.6999969482422,407.0199890136719,592.5599975585938,447.2799987792969,299.7900085449219,0,-0.12893345810494455,-0.045406789673795606,0.667353857797445,-0.8961298046195707,-0.066774371585078,-0.18386114610402152,0.3983561666715148
1765607614.9687858,280.3699951171875,272.989990234375,231.4199981689453,168.92999267578125,56.95000076293945,241.6999969482422,407.0199890136719,592.5599975585938,447.2799987792969,299.7900085449219,0,-0.13424399555217884,-0.045312962734327424,0.6858781597124475,-0.9152933728193712,-0.07391402608844506,-0.17476414714610153,0.3552917833170817
1765607615.0202792,280.3699951171875,272.989990234375,231.4199981689453,168.92999267578125,56.95000076293945,241.6999969482422,407.0199890136719,592.5599975585938,447.2799987792969,299.7900085449219,0,-0.1313722793902819,-0.04413829510768052,0.6699806691179747,-0.9064034722507299,-0.07218930321148627,-0.1746191084423455,0.37779573443920844
1765607615.509019,280.3699951171875,272.989990234375,231.4199981689453,168.92999267578125,56.95000076293945,241.6999969482422,407.0199890136719,592.5599975585938,447.2799987792969,299.7900085449219,0,-0.13251582197107803,-0.04605355167079075,0.6858789376044591,-0.9154455596174738,-0.07356389966410509,-0.1730826649637229,0.35579512522224865
1765607615.704378,280.3699951171875,272.989990234375,231.4199981689453,168.92999267578125,56.95000076293945,241.6999969482422,407.0199890136719,592.5599975585938,447.2799987792969,299.7900085449219,0,-0.12901043188452987,-0.044748881466407445,0.6665097795672305,-0.9070366700164143,-0.07998510176961743,-0.1830653378366587,0.37063991261491047
1765607615.909682,282.9200134277344,275.5400085449219,233.9600067138672,171.74000549316406,59.77000045776367,241.6999969482422,407.0199890136719,592.469970703125,447.2799987792969,299.7900085449219,0,-0.1314579027863415,-0.0449405650930499,0.6747597947963172,-0.9058304577986777,-0.07472176755114047,-0.18529727824130596,0.37356760814427625
1765607616.0721798,285.55999755859375,278.1700134277344,236.60000610351562,174.63999938964844,62.66999816894531,241.6999969482422,407.0199890136719,592.2899780273438,447.2799987792969,299.7900085449219,0,-0.13222537313848598,-0.04414494658174045,0.6737282441031915,-0.9116721502903548,-0.07291711256348289,-0.191081336563891,0.35640553853345536
1765607616.4446023,288.19000244140625,280.80999755859375,239.24000549316406,177.4499969482422,65.4800033569336,241.6999969482422,407.0199890136719,592.1199951171875,447.2799987792969,299.7900085449219,0,-0.13045299049064063,-0.04439483308311636,0.6702131592437626,-0.9066997635305716,-0.07197588624477363,-0.1730485627568551,0.3778481249664628
1765607616.4778006,290.8299865722656,283.5400085449219,241.7899932861328,180.44000244140625,68.37999725341797,241.6999969482422,407.0199890136719,592.030029296875,447.2799987792969,299.7099914550781,0,-0.13168461375986107,-0.04518333526517211,0.6784103094263577,-0.9105463281473304,-0.08139193281115586,-0.1673678278500096,0.3691459708183851
1765607616.5784593,290.8299865722656,283.5400085449219,241.7899932861328,180.44000244140625,68.37999725341797,241.6999969482422,407.0199890136719,592.030029296875,447.2799987792969,299.7900085449219,0,-0.12791575031358127,-0.04440826439436798,0.6614633186393292,-0.907366258785204,-0.07722098681984552,-0.17225164075974858,0.3755699187478756
1765607616.6528676,293.4700012207031,286.1700134277344,244.50999450683594,183.33999633789062,71.19000244140625,241.6999969482422,407.0199890136719,591.8599853515625,447.2799987792969,299.7900085449219,0,-0.13075476996657792,-0.045397677186135556,0.6761423741988358,-0.911181980518474,-0.07681783093996891,-0.17826125833187936,0.36341346013328235
1765607616.7897081,293.4700012207031,286.1700134277344,244.50999450683594,183.33999633789062,71.19000244140625,241.6999969482422,407.0199890136719,591.8599853515625,447.2799987792969,299.7900085449219,0,-0.12791575031358127,-0.04440826439436798,0.6614633186393292,-0.907366258785204,-0.07722098681984552,-0.17225164075974858,0.3755699187478756
1765607616.8223822,293.4700012207031,286.1700134277344,244.50999450683594,183.33999633789062,71.19000244140625,241.6999969482422,407.0199890136719,591.8599853515625,447.2799987792969,299.7900085449219,0,-0.13104731932287586,-0.04541466280290212,0.6763948167658862,-0.911353301415907,-0.07682130740473087,-0.17765180254732663,0.3632815489102642
1765607616.8547087,296.1000061035156,288.8999938964844,247.14999389648438,186.24000549316406,74.08999633789062,241.6999969482422,407.0199890136719,591.8599853515625,447.2799987792969,299.7900085449219,0,-0.12995151337864597,-0.044870709700960375,0.6701156416243649,-0.9065764614498315,-0.07182959739295808,-0.1727712226719179,0.37829847091935
1765607617.0772333,298.8299865722656,291.5299987792969,249.8699951171875,189.22999572753906,76.98999786376953,241.6999969482422,407.0199890136719,591.8599853515625,447.2799987792969,299.7900085449219,0,-0.13056934530217676,-0.044150948683035734,0.6683456081732998,-0.9012078564879856,-0.06966865608233193,-0.18029890531163087,0.3878955819643215
1765607617.1082678,298.8299865722656,291.5299987792969,249.8699951171875,189.22999572753906,76.98999786376953,241.6999969482422,407.0199890136719,591.8599853515625,447.2799987792969,299.7900085449219,0,-0.13439873509885325,-0.0451180589844338,0.6866668106326761,-0.9157969528397698,-0.07394723209716776,-0.17341698913259512,0.35464671987027535
1765607617.3105083,301.4599914550781,294.0799865722656,252.60000610351562,192.22000122070312,79.80000305175781,241.6999969482422,407.0199890136719,591.8599853515625,447.2799987792969,299.7900085449219,0,-0.13071968086873462,-0.04368069551248238,0.6666692996627509,-0.9023475482520207,-0.06551358649052381,-0.18965344956117416,0.38145568709650046
1765607617.5786595,304.19000244140625,296.6300048828125,255.32000732421875,195.2100067138672,82.62000274658203,241.6999969482422,407.0199890136719,591.8599853515625,447.2799987792969,299.7900085449219,0,-0.1318276564211105,-0.04470129005421504,0.6766496081431035,-0.9118322364656315,-0.07709166451330615,-0.1773870773968779,0.3621500691388127
1765607617.7170844,307.0,299.3599853515625,257.9599914550781,198.19000244140625,85.61000061035156,241.6999969482422,407.0199890136719,591.8599853515625,447.2799987792969,299.7900085449219,0,-0.12957236159172777,-0.044620078647210494,0.6681674643996913,-0.901126782531257,-0.0694014979398534,-0.17965969639736828,0.3884280465916112
1765607618.015061,309.6400146484375,301.989990234375,260.7699890136719,201.17999267578125,88.51000213623047,241.6999969482422,407.0199890136719,591.8599853515625,447.2799987792969,299.7099914550781,0,-0.12841062239451165,-0.0439385239865148,0.6615591738943033,-0.907488989653533,-0.0773665878138583,-0.17252610635849897,0.3751171648597628
1765607618.0964317,312.3599853515625,304.5400085449219,263.4100036621094,203.99000549316406,91.2300033569336,241.6999969482422,407.0199890136719,591.8599853515625,447.2799987792969,299.7099914550781,0,-0.13533287525749238,-0.04576973359913959,0.6946382968031313,-0.9211991060890848,-0.06593867095882307,-0.1780653742622793,0.3396130461299884
1765607618.1879618,312.3599853515625,304.5400085449219,263.4100036621094,203.99000549316406,91.2300033569336,241.6999969482422,407.0199890136719,591.8599853515625,447.2799987792969,299.7099914550781,0,-0.1322696253157073,-0.044281538865776016,0.6776716345612425,-0.9117402420881623,-0.06445838032503665,-0.1789090683187864,0.3640966814407902
1765607618.456504,317.6400146484375,309.7300109863281,268.8599853515625,209.27000427246094,96.94000244140625,241.6999969482422,407.0199890136719,591.8599853515625,447.2799987792969,299.7900085449219,0,-0.12844917829317082,-0.04179394356720732,0.6573674257093427,0.9471885146274928,0.01495358090057486,0.025839993779341715,0.3192845171590654
1765607618.5071979,317.6400146484375,309.7300109863281,268.8599853515625,209.27000427246094,96.94000244140625,241.6999969482422,407.0199890136719,591.8599853515625,447.2799987792969,299.7900085449219,0,-0.13078512249670915,-0.04217628298351326,0.6694509191294665,-0.9132769877986405,-0.07024536796761834,-0.17764170888315203,0.359769586126467
1765607618.933613,322.9100036621094,314.9100036621094,274.2200012207031,214.00999450683594,102.56999969482422,241.6999969482422,407.0199890136719,591.8599853515625,447.2799987792969,299.7900085449219,0,-0.12841603343511931,-0.040471200841382955,0.6671666175443782,-0.9084278183861442,-0.06758807219672502,-0.18287334789982257,0.3697946591107442
1765607619.19204,325.54998779296875,317.4599914550781,276.94000244140625,216.1199951171875,105.29000091552734,241.6999969482422,407.0199890136719,591.8599853515625,447.2799987792969,299.7900085449219,0,-0.13238025300430048,-0.03900084556133507,0.6877421046998501,-0.9181539598569048,-0.06103602409699205,-0.170609531147647,0.3523638710808712
1765607619.3467562,328.1000061035156,319.9200134277344,279.6700134277344,218.13999938964844,108.0199966430664,241.6999969482422,407.0199890136719,591.8599853515625,447.2799987792969,299.7900085449219,0,-0.13194677966524376,-0.03694088530713449,0.6816904659915439,-0.9194140521904833,-0.06538510184488656,-0.19316186874050037,0.33629017463507144
1765607619.5143871,330.6400146484375,322.4700012207031,282.29998779296875,219.99000549316406,110.73999786376953,241.6999969482422,407.0199890136719,591.8599853515625,447.2799987792969,299.7099914550781,0,-0.13024015361592192,-0.03558043971886611,0.6722561038454308,-0.9047129127367461,-0.055910752727807156,-0.19832070736362517,0.3728772321925733
1765607619.6833262,333.1099853515625,325.0199890136719,284.94000244140625,221.75,113.55000305175781,241.6999969482422,407.0199890136719,591.8599853515625,447.2799987792969,299.7900085449219,0,-0.13080588012288524,-0.03396969191521688,0.6739117610033823,-0.9150617946748778,-0.07344386478032329,-0.18814961475031466,0.34909544987271
1765607619.903417,335.57000732421875,327.4800109863281,287.6700134277344,223.58999633789062,116.27999877929688,241.6999969482422,407.0199890136719,591.8599853515625,447.2799987792969,299.7900085449219,0,-0.13277136802073192,-0.0328511602586637,0.6833980028881295,-0.9152151711793278,-0.06790729794328838,-0.18702145301540576,0.35041798675473507
1765607619.9394996,335.57000732421875,327.4800109863281,287.6700134277344,223.58999633789062,116.27999877929688,241.6999969482422,407.0199890136719,591.8599853515625,447.2799987792969,299.7900085449219,0,-0.13076969673058592,-0.0322042774019772,0.6724900283949685,-0.905779620433519,-0.0563232717566195,-0.19817019163316082,0.3702965614396342
1765607620.1089435,337.8500061035156,329.94000244140625,290.29998779296875,223.4199981689453,118.91999816894531,241.6999969482422,407.0199890136719,591.77001953125,447.2799987792969,299.7900085449219,0,-0.13244480993837868,-0.03133944317591749,0.6773262049554901,-0.9216883044590826,-0.06337165038299802,-0.18111760874910088,0.33715147211911184
1765607620.2767324,340.2200012207031,332.3999938964844,293.0299987792969,223.4199981689453,121.55000305175781,241.6999969482422,407.0199890136719,591.6799926757812,447.2799987792969,299.7900085449219,0,-0.1316343219295742,-0.030113733684063584,0.6664420376588084,-0.9020713148712052,-0.06453959469513583,-0.19259692174466117,0.3807996971343381
1765607620.3453305,340.2200012207031,332.3999938964844,293.0299987792969,223.4199981689453,121.55000305175781,241.6999969482422,407.0199890136719,591.6799926757812,447.2799987792969,299.7099914550781,0,-0.13533408578654096,-0.030414707227018337,0.6839153726088667,-0.9157525478849259,-0.06862187959289773,-0.1883875638924093,0.34813565524675544
1765607620.384053,340.2200012207031,332.3999938964844,293.0299987792969,223.4199981689453,121.55000305175781,241.6999969482422,407.0199890136719,591.6799926757812,447.2799987792969,299.7099914550781,0,-0.13232090259704465,-0.029800147717912066,0.6674816024337307,-0.9068799677506904,-0.06701520077258144,-0.18843809851923018,0.3709026421911475
1765607620.41383,340.2200012207031,332.3999938964844,293.0299987792969,223.4199981689453,121.55000305175781,241.6999969482422,407.0199890136719,591.6799926757812,447.2799987792969,299.7099914550781,0,-0.13464664639994872,-0.029961967324837007,0.679224723954735,-0.9107758493459313,-0.06220233236997924,-0.20519724213806614,0.35286302429535477
1765607620.4999344,342.510009765625,334.8599853515625,295.6600036621094,223.4199981689453,124.19000244140625,241.6999969482422,407.0199890136719,591.6799926757812,447.2799987792969,299.7099914550781,0,-0.13399299305197498,-0.029315882869527222,0.6728652488294463,-0.9068385310789775,-0.07003179095273221,-0.19825910754838927,0.36528448239774886
1765607620.7436745,344.7099914550781,337.32000732421875,298.29998779296875,223.4199981689453,126.83000183105469,241.6999969482422,407.0199890136719,591.5900268554688,447.2799987792969,299.7900085449219,0,-0.1316071096710672,-0.027355163504625503,0.6549821722732782,-0.8993685230153088,-0.06456200041134741,-0.20721476796461774,0.3795129086731001
1765607620.7748575,344.7099914550781,337.32000732421875,298.29998779296875,223.4199981689453,126.83000183105469,241.6999969482422,407.0199890136719,591.5900268554688,447.2799987792969,299.7900085449219,0,-0.13587334304878967,-0.028193506072846024,0.6749802467366209,-0.9164315665077517,-0.0749470912442662,-0.19065826770199654,0.3437812420406994
1765607621.150653,349.010009765625,342.25,303.57000732421875,223.4199981689453,132.27999877929688,241.6999969482422,407.0199890136719,591.4199829101562,447.2799987792969,299.7900085449219,0,-0.13723248169803964,-0.026595410172735045,0.6744971867258109,-0.9121370517922217,-0.073180294036845,-0.19570303001899095,0.3526343252632405
1765607621.186359,349.010009765625,342.25,303.57000732421875,223.4199981689453,132.27999877929688,241.6999969482422,407.0199890136719,591.4199829101562,447.2799987792969,299.7900085449219,0,-0.13434198631810826,-0.02586733462975041,0.659129865653411,-0.9040917572370698,-0.07156150549668805,-0.19420096276038049,0.37387568988900044
1765607621.2250195,349.010009765625,342.25,303.57000732421875,223.4199981689453,132.27999877929688,241.6999969482422,407.0199890136719,591.4199829101562,447.2799987792969,299.7900085449219,0,-0.1379040243976282,-0.026266693136862557,0.675404661125621,-0.9168543600783408,-0.07551345597448052,-0.19171172199835132,0.34193919930384314
1765607621.2578366,351.0400085449219,344.5299987792969,306.1199951171875,223.4199981689453,135.0,241.6999969482422,407.0199890136719,591.4199829101562,447.2799987792969,299.7099914550781,0,-0.1382538896533185,-0.02628698405516059,0.6759240809829287,-0.9173289349975727,-0.0754629259616173,-0.19023397095270836,0.341502574100247
1765607621.4359279,351.0400085449219,344.5299987792969,306.1199951171875,223.4199981689453,135.0,241.6999969482422,407.0199890136719,591.4199829101562,447.2799987792969,299.7099914550781,0,-0.1355249255472919,-0.025080064161172973,0.6602657537939772,-0.908857899703291,-0.07409774810082854,-0.19051496531730952,0.3635806511125879
1765607621.4680681,353.05999755859375,346.8999938964844,308.6700134277344,223.4199981689453,137.80999755859375,241.6999969482422,407.0199890136719,591.4199829101562,447.2799987792969,299.7900085449219,0,-0.1374101506987693,-0.025168646874583162,0.6688635531532854,-0.918511040546416,-0.06869357236743828,-0.19050210825933278,0.3395991876587591
1765607621.4990916,353.05999755859375,346.8999938964844,308.6700134277344,223.4199981689453,137.80999755859375,241.6999969482422,407.0199890136719,591.4199829101562,447.2799987792969,299.7900085449219,0,-0.1406891659923488,-0.025728336604469954,0.6836247371361487,-0.9220110129516698,-0.06794991263877248,-0.19728447823692494,0.32612472463001535
1765607621.529494,353.05999755859375,346.8999938964844,308.6700134277344,223.4199981689453,137.80999755859375,241.6999969482422,407.0199890136719,591.4199829101562,447.2799987792969,299.7900085449219,0,-0.13780543099966733,-0.024954856256186934,0.6696068541144382,-0.9129270699325095,-0.07088895817925867,-0.18630218082304312,0.3561325848799581
1765607621.6800518,355.0799865722656,349.19000244140625,311.2200012207031,223.4199981689453,140.5399932861328,241.6999969482422,407.0199890136719,591.4199829101562,447.2799987792969,299.7900085449219,0,-0.13796925131020332,-0.024208110228435352,0.665022333486666,0.9424598137642114,-3.5222663697209715e-05,0.016285134536837203,0.3339225847288694
1765607621.9131444,355.1700134277344,351.4700012207031,313.7699890136719,223.4199981689453,143.1699981689453,241.6999969482422,407.0199890136719,591.4199829101562,447.2799987792969,299.7900085449219,0,-0.14011213846712048,-0.02373342479941232,0.672565294801688,-0.9127560948523741,-0.07556636192870081,-0.17595062664872962,0.360842643317865
1765607622.1111624,355.1700134277344,353.760009765625,316.32000732421875,223.4199981689453,145.80999755859375,241.6999969482422,407.0199890136719,591.4199829101562,447.2799987792969,299.7900085449219,0,-0.13968236711079682,-0.02378225202801184,0.6705143951106939,-0.9135851160465086,-0.07131522302693859,-0.18591061309351403,0.3545611634712679
1765607622.4635704,355.25,358.3299865722656,321.1499938964844,223.4199981689453,151.1699981689453,241.6999969482422,407.0199890136719,591.4199829101562,447.2799987792969,299.7900085449219,0,-0.13907431732420025,-0.022321346612363954,0.6622970226017568,0.944355936367463,0.009587014669388716,0.008247501950154107,0.32868211589443586
1765607622.7539043,355.1700134277344,360.6199951171875,323.44000244140625,223.4199981689453,153.6300048828125,241.6999969482422,407.0199890136719,591.4199829101562,447.2799987792969,299.7099914550781,0,-0.14191176908258066,-0.020704679509926077,0.6685207724275462,-0.914726068068352,-0.06792727237731777,-0.19786991552301328,0.3457016091870359
1765607622.948223,355.1700134277344,362.989990234375,325.7200012207031,223.4199981689453,156.00999450683594,241.6999969482422,407.0199890136719,591.4199829101562,447.2799987792969,299.7900085449219,0,-0.14353461255800407,-0.020526393492543902,0.6744526695236046,-0.9185820092809441,-0.07288632441065397,-0.20485703901016125,0.3300428298074022
1765607623.0010993,355.1700134277344,362.989990234375,325.7200012207031,223.4199981689453,156.00999450683594,241.6999969482422,407.0199890136719,591.4199829101562,447.2799987792969,299.7900085449219,0,-0.14144467042745926,-0.019969406036080686,0.664079537921881,-0.9140900495659762,-0.07639308404748252,-0.21000996585908707,0.33837744049219753
1765607623.09951,355.1700134277344,365.2699890136719,328.010009765625,223.4199981689453,158.3800048828125,241.6999969482422,407.0199890136719,591.4199829101562,447.2799987792969,299.7900085449219,0,-0.14453562711051643,-0.019780197789494122,0.6780005595443548,-0.9185712366067472,-0.06462487652027132,-0.19511274171054313,0.3376115025227754
1765607623.5527806,355.1700134277344,369.92999267578125,332.489990234375,223.4199981689453,160.5800018310547,241.6999969482422,407.0199890136719,591.4199829101562,447.2799987792969,299.7900085449219,0,-0.14576531262843057,-0.016883417989511814,0.6696386398300055,-0.9155321848992998,-0.06899901252377699,-0.19976885502199787,0.3422460507404845
1765607623.8472223,355.1700134277344,372.2200012207031,334.7799987792969,223.4199981689453,160.5800018310547,241.6999969482422,407.0199890136719,591.4199829101562,447.2799987792969,299.7900085449219,0,-0.15133186025170922,-0.016348122427771974,0.6870695048112918,0.953292578349295,-0.007339023413073854,0.002742797742640574,0.3019468096536848
1765607624.0640736,355.1700134277344,376.70001220703125,339.0799865722656,223.4199981689453,160.5800018310547,241.6999969482422,407.0199890136719,591.4199829101562,447.2799987792969,299.7099914550781,0,-0.1486548307240568,-0.014787718253147826,0.6674713247898257,-0.9157589685377835,-0.06572014041814278,-0.21282801528029172,0.3343211189827623
1765607624.3145318,355.1700134277344,378.9800109863281,341.19000244140625,223.4199981689453,160.5800018310547,241.6999969482422,407.0199890136719,591.4199829101562,447.2799987792969,299.7900085449219,0,-0.15142882706339097,-0.012918956076274142,0.6701699721024278,-0.9257835637072004,-0.07026010804060001,-0.20470009289104898,0.30997771267966234
1765607624.6563606,355.1700134277344,383.2900085449219,341.0199890136719,223.4199981689453,160.5800018310547,241.6999969482422,407.0199890136719,591.4199829101562,447.2799987792969,299.7900085449219,0,-0.15181905192101441,-0.012923795320899883,0.6695846786684271,0.9504599666089397,-0.00037316046289770366,0.0010704818404094997,0.31084492386659895
1765607624.687601,355.1700134277344,383.2900085449219,341.0199890136719,223.4199981689453,160.5800018310547,241.6999969482422,407.0199890136719,591.4199829101562,447.2799987792969,299.7900085449219,0,-0.14656879090716646,-0.012596722707800224,0.6476535501873583,-0.9031154716110203,-0.07147723315014383,-0.22667021256002387,0.35762279683487447
1765607624.7659006,355.1700134277344,383.2900085449219,341.0199890136719,223.4199981689453,160.5800018310547,241.6999969482422,407.0199890136719,591.4199829101562,447.2799987792969,299.7099914550781,0,-0.149748430462609,-0.012622702271186696,0.6611546989836106,-0.9120929354724318,-0.07408124663532001,-0.20772603464982056,0.3456129923583616
1765607624.7963972,355.1700134277344,383.2900085449219,341.0199890136719,223.4199981689453,160.5800018310547,241.6999969482422,407.0199890136719,591.4199829101562,447.2799987792969,299.7099914550781,0,-0.1528188074182132,-0.01262371974406591,0.6736469212338249,-0.9199138058819984,-0.07114279091328324,-0.2207099964718927,0.31620308427677163
1765607624.9832406,355.1700134277344,385.30999755859375,341.0199890136719,223.4199981689453,160.5800018310547,241.6999969482422,407.0199890136719,591.4199829101562,447.2799987792969,299.7900085449219,0,-0.1504241466000766,-0.011888067123811925,0.6599507807377838,-0.9170999984607049,-0.07219038554810715,-0.21389055745833457,0.3285832778580702
1765607625.0552056,355.25,387.25,341.0199890136719,223.4199981689453,160.5800018310547,241.6999969482422,407.0199890136719,591.4199829101562,447.2799987792969,299.7900085449219,0,-0.15035933164128698,-0.011745570469198479,0.6586303068617133,-0.9120840112494816,-0.07039773368707813,-0.21938020394247812,0.3391448682096421
1765607625.1822028,355.25,387.25,341.0199890136719,223.4199981689453,160.5800018310547,241.6999969482422,407.0199890136719,591.4199829101562,447.2799987792969,299.7900085449219,0,-0.15321662587605187,-0.011442548039084793,0.6685026932509335,-0.9163414704795063,-0.0669119470359068,-0.21531874936283896,0.3308760145373838
1765607625.3249893,355.1700134277344,389.17999267578125,341.0199890136719,223.4199981689453,160.5800018310547,241.6999969482422,407.0199890136719,591.4199829101562,447.2799987792969,299.7900085449219,0,-0.15495558495012948,-0.011557361479600016,0.6743056392520467,0.9515264827146345,0.0030385330238543733,-0.008884506213595588,0.30742346292877526
1765607625.683193,355.1700134277344,389.44000244140625,341.0199890136719,223.4199981689453,160.5800018310547,241.6999969482422,407.0199890136719,591.4199829101562,447.2799987792969,299.7900085449219,0,-0.1508209437038555,-0.011371190404456876,0.6575436209572951,-0.9074696240697543,-0.06849592603352539,-0.2235841568766007,0.3490233721418788
1765607625.775168,355.1700134277344,389.44000244140625,341.0199890136719,223.4199981689453,160.5800018310547,241.6999969482422,407.0199890136719,591.4199829101562,447.2799987792969,299.7900085449219,0,-0.15385354117204428,-0.011485619522707673,0.6700467300530889,0.9502702364393534,-0.0008675189518592697,0.0025011733615503307,0.3114152682194296
1765607626.061203,355.1700134277344,389.44000244140625,341.0199890136719,223.4199981689453,160.5800018310547,241.6999969482422,407.0199890136719,591.4199829101562,447.2799987792969,299.7900085449219,0,-0.1511674364604867,-0.011278758672719354,0.6590511203633744,-0.9123968006475248,-0.07051624180890526,-0.21902596510321137,0.33850725903577883
1765607626.104221,355.1700134277344,389.44000244140625,341.0199890136719,223.4199981689453,160.5800018310547,241.6999969482422,407.0199890136719,591.4199829101562,447.2799987792969,299.7900085449219,0,-0.15356032592997834,-0.011347980114717143,0.6699981378541957,-0.9214647884224515,-0.06885244135026004,-0.2099802995118659,0.3194843639907639
1765607626.1761048,355.1700134277344,389.44000244140625,341.0199890136719,223.4199981689453,160.5800018310547,241.6999969482422,407.0199890136719,591.4199829101562,447.2799987792969,299.7900085449219,0,-0.1511674364604867,-0.011278758672719354,0.6590511203633744,-0.9123968006475248,-0.07051624180890526,-0.21902596510321137,0.33850725903577883
1765607626.4811423,355.1700134277344,389.44000244140625,341.0199890136719,223.4199981689453,160.5800018310547,241.6999969482422,407.0199890136719,591.4199829101562,447.2799987792969,299.7900085449219,0,-0.15356032592997834,-0.011347980114717143,0.6699981378541957,-0.9214647884224515,-0.06885244135026004,-0.2099802995118659,0.3194843639907639
1765607626.685043,355.1700134277344,389.44000244140625,341.0199890136719,223.4199981689453,160.5800018310547,241.6999969482422,407.0199890136719,591.4199829101562,447.2799987792969,299.7099914550781,0,-0.1508209437038555,-0.011371190404456876,0.6575436209572951,-0.9074696240697543,-0.06849592603352539,-0.2235841568766007,0.3490233721418788
1765607626.8289776,355.1700134277344,389.44000244140625,341.0199890136719,223.4199981689453,160.5800018310547,241.6999969482422,407.0199890136719,591.4199829101562,447.2799987792969,299.7099914550781,0,-0.15356032592997834,-0.011347980114717143,0.6699981378541957,-0.9214647884224515,-0.06885244135026004,-0.2099802995118659,0.3194843639907639
1765607626.9643154,355.1700134277344,389.44000244140625,341.0199890136719,223.4199981689453,160.5800018310547,241.6999969482422,407.0199890136719,591.4199829101562,447.2799987792969,299.7099914550781,0,-0.1511674364604867,-0.011278758672719354,0.6590511203633744,-0.9123968006475248,-0.07051624180890526,-0.21902596510321137,0.33850725903577883
1765607627.0924582,355.1700134277344,389.44000244140625,341.0199890136719,223.4199981689453,160.5800018310547,241.6999969482422,407.0199890136719,591.4199829101562,447.2799987792969,299.7900085449219,0,-0.15464855474985117,-0.011421452384700563,0.6742226252374778,-0.9202133156375064,-0.07163753782418425,-0.22160247355528262,0.31459157746528427
1765607627.1341283,355.1700134277344,389.44000244140625,341.0199890136719,223.4199981689453,160.5800018310547,241.6999969482422,407.0199890136719,591.4199829101562,447.2799987792969,299.7900085449219,0,-0.1511674364604867,-0.011278758672719354,0.6590511203633744,-0.9123968006475248,-0.07051624180890526,-0.21902596510321137,0.33850725903577883
1765607627.376111,355.1700134277344,389.44000244140625,341.0199890136719,223.4199981689453,160.5800018310547,241.6999969482422,407.0199890136719,591.4199829101562,447.2799987792969,299.7099914550781,0,-0.15356032592997834,-0.011347980114717143,0.6699981378541957,-0.9214647884224515,-0.06885244135026004,-0.2099802995118659,0.3194843639907639
1765607627.8501122,355.1700134277344,389.44000244140625,341.0199890136719,223.4199981689453,160.5800018310547,241.6999969482422,407.0199890136719,591.4199829101562,447.2799987792969,299.7900085449219,0,-0.1508209437038555,-0.011371190404456876,0.6575436209572951,-0.9074696240697543,-0.06849592603352539,-0.2235841568766007,0.3490233721418788
1765607628.0490441,355.1700134277344,389.44000244140625,341.0199890136719,223.4199981689453,160.5800018310547,241.6999969482422,407.0199890136719,591.4199829101562,447.2799987792969,299.7900085449219,0,-0.15356032592997834,-0.011347980114717143,0.6699981378541957,-0.9214647884224515,-0.06885244135026004,-0.2099802995118659,0.3194843639907639
1765607628.114389,355.1700134277344,389.44000244140625,341.0199890136719,223.4199981689453,160.5800018310547,241.6999969482422,407.0199890136719,591.4199829101562,447.2799987792969,299.7900085449219,0,-0.1511674364604867,-0.011278758672719354,0.6590511203633744,-0.9123968006475248,-0.07051624180890526,-0.21902596510321137,0.33850725903577883
1765607628.2880173,355.1700134277344,389.44000244140625,341.0199890136719,223.4199981689453,160.5800018310547,241.6999969482422,407.0199890136719,591.4199829101562,447.2799987792969,299.7900085449219,0,-0.15356032592997834,-0.011347980114717143,0.6699981378541957,-0.9214647884224515,-0.06885244135026004,-0.2099802995118659,0.3194843639907639
1765607628.630821,355.1700134277344,389.44000244140625,341.0199890136719,223.4199981689453,160.5800018310547,241.6999969482422,410.9800109863281,591.4199829101562,447.2799987792969,299.7900085449219,0,-0.1536978682687166,-0.0126251425412987,0.6674542033742553,-0.9156717460791843,-0.07943697606025568,-0.21570483996653306,0.32970660030049864
1765607628.940678,355.25,389.44000244140625,345.4100036621094,223.4199981689453,160.5800018310547,241.6999969482422,414.1400146484375,591.4199829101562,447.2799987792969,299.7900085449219,0,-0.15555185699716653,-0.013282588891196023,0.670265059002412,-0.9206842249958818,-0.06906866630546676,-0.21183138582397615,0.3204645708318011
1765607629.0929742,355.1700134277344,389.44000244140625,345.8500061035156,223.4199981689453,160.5800018310547,241.6999969482422,414.489990234375,591.4199829101562,447.2799987792969,299.7900085449219,0,-0.15213439409021054,-0.012437885543628442,0.6515116397547316,-0.9125297877657438,-0.07646333816033697,-0.22070099942526597,0.3357585638673621
1765607629.2897427,355.25,391.2900085449219,345.8500061035156,223.4199981689453,160.5800018310547,241.6999969482422,414.489990234375,591.4199829101562,447.2799987792969,299.7900085449219,0,-0.1567209254380022,-0.012897616894518205,0.6690789949089078,-0.9155307761894363,-0.06747154408309153,-0.2180958569659634,0.33118753865943334
1765607629.3836408,355.25,391.2900085449219,345.8500061035156,223.4199981689453,160.5800018310547,241.6999969482422,414.489990234375,591.4199829101562,447.2799987792969,299.7900085449219,0,-0.15348384383485647,-0.012266206766828009,0.6547737102145583,-0.9105574060814279,-0.07944191362637638,-0.23333932550754685,0.3318538108283891
1765607629.4621005,355.1700134277344,393.2200012207031,345.8500061035156,223.4199981689453,160.5800018310547,241.6999969482422,414.489990234375,591.4199829101562,447.2799987792969,299.7900085449219,0,-0.1564115572292887,-0.012932928279878875,0.6647033709980021,-0.9146615805433633,-0.07590611865783745,-0.2296165183448117,0.3238961388028974
1765607629.6747253,355.25,393.57000732421875,345.8500061035156,223.4199981689453,160.5800018310547,241.6999969482422,414.489990234375,591.4199829101562,447.2799987792969,299.7900085449219,0,-0.16170226284481107,-0.012803841712327357,0.6830020596511927,-0.9278017761373583,-0.06617221044479706,-0.22898289689093354,0.2870051144015538
1765607629.706657,355.25,393.57000732421875,345.8500061035156,223.4199981689453,160.5800018310547,241.6999969482422,414.489990234375,591.4199829101562,447.2799987792969,299.7900085449219,0,-0.15647922705086703,-0.012289605524548698,0.6612637013164446,0.9478058938278789,-4.6556169923939184e-05,0.00013037205909305038,0.31884787667598635
1765607629.7761912,355.25,393.57000732421875,345.8500061035156,223.4199981689453,160.5800018310547,241.6999969482422,414.489990234375,591.4199829101562,447.2799987792969,299.7900085449219,0,-0.15977108405259466,-0.012330535976779017,0.6774168315198279,-0.9245779625438241,-0.06162717812485197,-0.22063953830746955,0.3044271279471423
1765607629.8086488,355.25,393.57000732421875,345.8500061035156,223.4199981689453,160.5800018310547,241.6999969482422,414.489990234375,591.4199829101562,447.2799987792969,299.7900085449219,0,-0.15279584188739234,-0.01194179969133879,0.6486737620535733,0.9468853347944887,0.002101905524014014,0.011324714598945415,0.3213650503454749
1765607629.8837008,355.1700134277344,393.57000732421875,345.8500061035156,223.4199981689453,160.5800018310547,241.6999969482422,414.489990234375,591.4199829101562,447.2799987792969,299.7900085449219,0,-0.15802068472214933,-0.012798712236752316,0.6693008348034005,0.9472579667162897,-0.0060391978346852615,-0.0015111699094774392,0.32041159302924554
1765607629.9979143,355.1700134277344,393.57000732421875,345.8500061035156,223.4199981689453,160.5800018310547,241.6999969482422,414.489990234375,591.4199829101562,447.2799987792969,299.7900085449219,0,-0.1551254875174409,-0.012520478138381965,0.655732639561444,-0.9109941530338892,-0.07964382636118195,-0.2328771072556266,0.3309301542272451
1765607630.5733147,355.1700134277344,393.57000732421875,345.8500061035156,223.4199981689453,160.5800018310547,241.6999969482422,414.489990234375,591.4199829101562,447.2799987792969,299.7900085449219,0,-0.15764343463080419,-0.012766787722192788,0.6676943499540063,0.9529393039395783,-0.004176765200388456,-0.006015773809355614,0.3030726779257537
1765607630.6065333,355.1700134277344,393.57000732421875,345.8500061035156,223.4199981689453,160.5800018310547,241.6999969482422,414.489990234375,591.4199829101562,447.2799987792969,299.7900085449219,0,-0.15472668709095536,-0.012396828839794788,0.6555296093395985,-0.9127033123812764,-0.06868106147896386,-0.21180052021148293,0.34263116466619625
1765607632.702081,355.1700134277344,393.57000732421875,345.8500061035156,223.4199981689453,160.5800018310547,241.6999969482422,416.6000061035156,591.4199829101562,447.2799987792969,299.7900085449219,0,-0.15691985584467952,-0.012456865376269244,0.6648291496270189,-0.9147539961654145,-0.07604761669135825,-0.22986636781816375,0.32342439524725697
1765607632.857575,355.25,393.57000732421875,345.8500061035156,223.4199981689453,160.5800018310547,241.6999969482422,428.989990234375,591.4199829101562,447.2799987792969,299.7900085449219,0,-0.15804265203629192,-0.013609464219851933,0.6685580126943083,-0.9146855140072919,-0.06773088539173377,-0.2204564030664516,0.3319064807687105
1765607632.9277136,355.25,393.57000732421875,345.8500061035156,223.4199981689453,160.5800018310547,241.6999969482422,428.989990234375,591.4199829101562,447.2799987792969,299.7900085449219,0,-0.16166076937326518,-0.017495268085544153,0.6791996570896671,-0.9182340615605592,-0.06382073262778826,-0.21622221341650133,0.32560877860113124
1765607633.2974908,355.25,393.57000732421875,345.8500061035156,223.4199981689453,160.5800018310547,241.6999969482422,455.010009765625,591.4199829101562,447.2799987792969,299.7099914550781,0,-0.1626508471375538,-0.035093736118502514,0.6838756664796609,-0.9215393166298782,-0.08131531118456344,-0.22232232657643533,0.30777571570534235
1765607633.489717,355.25,393.57000732421875,345.8500061035156,223.4199981689453,160.5800018310547,241.6999969482422,467.8399963378906,591.4199829101562,447.2799987792969,299.7099914550781,0,-0.1591516249182608,-0.040172765271783255,0.6661474687169694,-0.9055882145744178,-0.07805516671201707,-0.22708220793543876,0.3496441725706919
1765607633.5266936,355.25,393.57000732421875,345.8500061035156,223.4199981689453,160.5800018310547,241.6999969482422,467.8399963378906,591.4199829101562,447.2799987792969,299.7099914550781,0,-0.1629801992667428,-0.04221014314178543,0.6795964472873881,-0.920613849968995,-0.07837844198237792,-0.21217175653376422,0.3182924831142844
1765607633.665796,355.1700134277344,393.57000732421875,345.8500061035156,223.4199981689453,160.5800018310547,241.6999969482422,481.20001220703125,591.4199829101562,447.2799987792969,299.7900085449219,0,-0.16304603030869533,-0.048723084827232255,0.6733011043657908,-0.9136098826894828,-0.07376946126616936,-0.20924170522043914,0.3407241664940298
1765607633.7060091,355.1700134277344,393.57000732421875,345.8500061035156,223.4199981689453,160.5800018310547,241.6999969482422,481.20001220703125,591.4199829101562,447.2799987792969,299.7900085449219,0,-0.16695095769876825,-0.051547692373669365,0.6882422211255652,0.9660356171944876,0.026113045973773508,0.019388215234582878,0.2563540369326269
1765607633.7495108,355.1700134277344,393.57000732421875,345.8500061035156,223.4199981689453,160.5800018310547,241.6999969482422,481.20001220703125,591.4199829101562,447.2799987792969,299.7900085449219,0,-0.16443793747942465,-0.05207973502505053,0.6775380670213779,-0.9166684560274039,-0.09035471601046187,-0.21671838629986737,0.3234008473374582
1765607634.1621397,355.1700134277344,393.57000732421875,345.8500061035156,223.4199981689453,160.5800018310547,241.6999969482422,497.80999755859375,591.4199829101562,447.2799987792969,299.7900085449219,0,-0.1602130798731874,-0.06530078921806655,0.6705789353430824,-0.9188191011885556,-0.08355215036459536,-0.21215347548897104,0.32215120719695856
1765607634.5121813,355.1700134277344,393.57000732421875,345.94000244140625,223.4199981689453,160.5800018310547,241.6999969482422,497.8999938964844,591.4199829101562,447.2799987792969,299.7900085449219,0,-0.1663328369441695,-0.06343773193044537,0.6816165684295298,0.9745393342971629,0.026829519716097483,-0.002724565958266177,0.22258894743402038
1765607634.7037933,355.25,393.57000732421875,345.8500061035156,223.4199981689453,160.5800018310547,241.6999969482422,497.80999755859375,591.4199829101562,447.2799987792969,299.7900085449219,0,-0.16190494876792297,-0.0614687898096846,0.6695923962949323,-0.9142436270434575,-0.08230512947180896,-0.21846309087416685,0.3311469975686896
1765607634.8213038,355.25,393.57000732421875,345.8500061035156,223.4199981689453,160.5800018310547,241.6999969482422,497.80999755859375,591.4199829101562,447.2799987792969,299.7900085449219,0,-0.16454011604425464,-0.06288591965826616,0.6809856618853306,-0.9245578807868592,-0.08068412321803475,-0.20794620426769306,0.3089355490488391
1765607634.85515,355.25,393.57000732421875,345.94000244140625,223.4199981689453,160.5800018310547,241.6999969482422,498.42999267578125,591.4199829101562,447.2799987792969,299.7900085449219,0,-0.1620599649911704,-0.06208878931731395,0.6697541376736553,-0.9118957706289392,-0.07994734731378567,-0.2428894367446123,0.3210284203687066
1765607635.0553992,355.25,393.57000732421875,345.94000244140625,223.4199981689453,160.5800018310547,241.6999969482422,511.5199890136719,591.4199829101562,447.2799987792969,299.7099914550781,0,-0.16532322637980396,-0.06323789145597106,0.6781776399032968,-0.9239615316791672,-0.07603475872496329,-0.22164338433961728,0.3023045047980677
1765607635.136099,355.25,393.57000732421875,345.94000244140625,223.4199981689453,160.5800018310547,241.6999969482422,511.5199890136719,591.4199829101562,447.2799987792969,299.7099914550781,0,-0.1681872281444671,-0.0669149217474966,0.6883817701877655,-0.9222979313628276,-0.0877879195997604,-0.2107772014461333,0.3118217091973094
1765607635.319516,355.25,393.57000732421875,345.8500061035156,223.4199981689453,160.5800018310547,241.6999969482422,524.8800048828125,591.4199829101562,447.2799987792969,299.7900085449219,0,-0.16748172785980692,-0.0797133431144249,0.6855069102319551,-0.9231026219380775,-0.08350725290403566,-0.2221593332039709,0.3025777895910989
1765607635.4329731,355.25,393.57000732421875,345.8500061035156,223.4199981689453,160.5800018310547,241.6999969482422,524.8800048828125,591.4199829101562,447.2799987792969,299.7099914550781,0,-0.16491646353677852,-0.09002986380620023,0.6861123952604904,-0.9204288421981838,-0.09978095253753105,-0.2084253276637809,0.3152988911313511
1765607635.523612,355.25,393.57000732421875,345.94000244140625,223.4199981689453,160.5800018310547,241.6999969482422,537.7999877929688,591.4199829101562,447.2799987792969,299.7900085449219,0,-0.16442626272750596,-0.09335351079612621,0.6887385597180934,-0.923155205222652,-0.08559563505783763,-0.23175880899874723,0.2945262446384889
1765607635.7021582,355.25,393.57000732421875,345.94000244140625,223.4199981689453,160.5800018310547,241.6999969482422,550.5499877929688,591.4199829101562,447.2799987792969,299.7900085449219,0,-0.16452055091529613,-0.09883465052455943,0.6855062474740388,-0.9231663430829072,-0.08335332067191126,-0.21846532794929682,0.3051049449220773
1765607636.0023203,355.25,393.57000732421875,345.94000244140625,223.4199981689453,160.5800018310547,241.6999969482422,563.8200073242188,591.4199829101562,447.2799987792969,299.7900085449219,0,-0.17005745807715172,-0.11453890765373673,0.6879343362738262,-0.9294673902705217,-0.08598027217599259,-0.21628132583645598,0.28621696545570585
1765607636.062056,355.1700134277344,393.57000732421875,345.94000244140625,223.4199981689453,160.5800018310547,241.7899932861328,576.2100219726562,591.4199829101562,447.2799987792969,299.7900085449219,0,-0.16692235076165116,-0.11538044387346866,0.6762207012370242,-0.9241412566583007,-0.09317437796245119,-0.19309908031737721,0.3162186240782001
1765607636.268216,355.25,393.57000732421875,345.94000244140625,223.4199981689453,160.5800018310547,241.6999969482422,577.530029296875,591.4199829101562,447.2799987792969,299.7900085449219,0,-0.165097286438968,-0.12151382677753449,0.6812508441267825,-0.9282516089578067,-0.09576725770804156,-0.1993147330571722,0.29908396815053995
1765607636.3899648,355.25,393.57000732421875,345.94000244140625,223.4199981689453,160.5800018310547,241.6999969482422,577.530029296875,591.4199829101562,447.2799987792969,299.7900085449219,0,-0.1604976577928935,-0.11761175284183926,0.6722809904045252,-0.9153440471191246,-0.098566134351113,-0.224648124120306,0.31931679080794934
1765607636.4246092,355.25,393.57000732421875,345.94000244140625,223.4199981689453,160.5800018310547,241.6999969482422,577.530029296875,591.4199829101562,447.2799987792969,299.7900085449219,0,-0.16303969889314054,-0.11913291353914951,0.6844644943741297,-0.9279564477060059,-0.09708913262642999,-0.2126190546583107,0.2902820509141147
1765607636.5939217,355.1700134277344,393.57000732421875,345.94000244140625,223.4199981689453,160.5800018310547,241.6999969482422,577.530029296875,591.4199829101562,447.2799987792969,299.7900085449219,0,-0.16099104595631836,-0.11626481497470419,0.6707929511992273,-0.9236029476260588,-0.09892763922508496,-0.20389124635384398,0.30919132748847195
1765607636.796546,355.25,393.57000732421875,345.94000244140625,223.4199981689453,160.5800018310547,241.6999969482422,577.530029296875,591.4199829101562,447.2799987792969,299.7900085449219,0,-0.16873893380058802,-0.11675464413044316,0.6820916829616329,-0.9296442653363222,-0.09640299371155925,-0.2011401361722628,0.2932757206987008
1765607636.9258738,355.1700134277344,393.57000732421875,345.94000244140625,223.4199981689453,160.5800018310547,241.6999969482422,577.530029296875,591.4199829101562,447.2799987792969,299.7900085449219,0,-0.1664928377074385,-0.11369908785366213,0.6705987701121867,-0.9237113289479616,-0.08246146407383076,-0.22196046592809923,0.3011495297704648
1765607638.1923554,355.25,393.57000732421875,345.94000244140625,223.4199981689453,160.5800018310547,241.6999969482422,577.530029296875,591.4199829101562,447.2799987792969,299.7900085449219,0,-0.16672964198016754,-0.11702952546400845,0.6829542124626623,-0.923855220190391,-0.09346525462712169,-0.24851239647891038,0.2756761997357774
1765607638.3240414,355.25,393.57000732421875,345.94000244140625,223.4199981689453,160.5800018310547,241.6999969482422,577.530029296875,591.4199829101562,447.2799987792969,299.7900085449219,0,-0.16092422582043345,-0.11480634460144666,0.6665342956492881,-0.9171557034267833,-0.09196968392781574,-0.22402094175237822,0.3165147872790743
1765607638.4004097,355.25,393.57000732421875,345.94000244140625,223.4199981689453,160.5800018310547,241.6999969482422,577.530029296875,591.4199829101562,447.2799987792969,299.7099914550781,0,-0.1626992858362995,-0.11650912467184173,0.676400273108857,-0.9227333453016163,-0.08867923418207069,-0.21874481529430023,0.3047127707780432
1765607638.5586514,355.1700134277344,393.57000732421875,345.94000244140625,223.4199981689453,160.5800018310547,241.6999969482422,577.530029296875,591.4199829101562,447.2799987792969,299.7099914550781,0,-0.1604266932260847,-0.11479367312073671,0.6664610246669889,-0.9172188718525456,-0.09191402686944217,-0.22357354830781367,0.31666420902786074
1765607639.026185,355.25,393.57000732421875,345.94000244140625,223.4199981689453,160.5800018310547,241.6999969482422,577.530029296875,591.4199829101562,447.2799987792969,299.7900085449219,0,-0.1674244932580159,-0.11541448991759962,0.6786012848753687,0.9877175225237641,0.054655098037000645,0.027008243808264703,0.14386615559080237
1765607639.5898728,355.1700134277344,393.57000732421875,345.94000244140625,223.4199981689453,160.5800018310547,241.6999969482422,577.530029296875,591.4199829101562,447.2799987792969,299.7900085449219,0,-0.16112530784339277,-0.11459061135124449,0.6673651780166133,-0.9229046397548327,-0.09362196910325277,-0.2197822875571641,0.30195645198666016
1765607639.6266227,355.1700134277344,393.57000732421875,345.94000244140625,223.4199981689453,160.5800018310547,241.6999969482422,577.530029296875,591.4199829101562,447.2799987792969,299.7900085449219,0,-0.16408410870612677,-0.1161929301955637,0.6780938907365757,-0.9293269571244434,-0.09044092560293443,-0.2134574283322608,0.2874156781174006
1765607640.128478,355.25,393.57000732421875,345.94000244140625,223.4199981689453,160.5800018310547,242.83999633789062,577.530029296875,591.4199829101562,447.2799987792969,299.7900085449219,0,-0.1653028141115535,-0.11457117388787588,0.6736038058056347,-0.9244422669341522,-0.08763833833256446,-0.20588866264707728,0.30876508117556073
1765607640.1945395,355.25,393.57000732421875,345.94000244140625,223.4199981689453,160.5800018310547,242.83999633789062,577.530029296875,591.4199829101562,447.2799987792969,299.7900085449219,0,-0.16893698166435273,-0.1166471221115946,0.6960624358073333,-0.9353996374622109,-0.0942391529259153,-0.20784415545976523,0.27008759196339893
1765607640.3014758,355.1700134277344,393.57000732421875,345.94000244140625,223.4199981689453,160.5800018310547,255.05999755859375,577.0,591.4199829101562,447.2799987792969,299.7900085449219,0,-0.16778985856655482,-0.11277057182911497,0.7118965429011443,-0.945376372030637,-0.08442663118000998,-0.17523777456246434,0.2615862793041342
1765607640.391356,355.1700134277344,393.57000732421875,345.94000244140625,223.4199981689453,160.5800018310547,255.05999755859375,577.0,591.4199829101562,447.2799987792969,299.7900085449219,0,-0.16643068382372017,-0.1086626152416752,0.7231603473854256,0.9900940527839742,0.04758494099788238,0.07233733914454436,0.11052940512605779
1765607640.525876,355.25,393.57000732421875,345.94000244140625,223.4199981689453,160.5800018310547,268.67999267578125,577.0,591.4199829101562,447.2799987792969,299.7900085449219,0,-0.1523189697172168,-0.09351758656110472,0.713785355667249,0.9848560287579159,0.03765126403570257,0.07735589131291876,0.1505225930380057
1765607668.1824193,355.25,393.57000732421875,346.0299987792969,223.4199981689453,160.5800018310547,296.1000061035156,719.2999877929688,591.4199829101562,447.2799987792969,-3700.280029296875,0,-0.16463638658184934,-0.15562972843770723,0.776035426020545,-0.956113891428454,-0.17038202847164904,-0.0844107930538684,0.22291480212727383
1765607668.367354,355.25,393.57000732421875,346.0299987792969,223.4199981689453,160.5800018310547,282.2200012207031,719.2999877929688,591.4199829101562,447.2799987792969,-3700.280029296875,0,-0.17372799952833573,-0.16459962115526997,0.7674616606327467,0.9863919532452723,0.1442816956556105,0.07882600015768056,0.0004105738178009181
1765607668.5499487,355.25,393.57000732421875,346.0299987792969,223.3300018310547,160.5800018310547,268.5899963378906,719.2999877929688,591.4199829101562,447.2799987792969,-3700.280029296875,0,-0.1786334190620711,-0.16587100032328997,0.7509744629242483,-0.9479230411317319,-0.15800192039347444,-0.16355094331507775,0.22299863269601292
1765607668.7243388,355.25,393.57000732421875,346.0299987792969,223.3300018310547,160.5800018310547,254.7899932861328,719.2999877929688,591.4199829101562,447.2799987792969,-3700.280029296875,0,-0.18390748424144285,-0.172610039756098,0.7526328192210653,-0.9557818867876449,-0.15865444770803067,-0.15424043153450853,0.19369987194409288
1765607668.8878143,355.25,393.57000732421875,346.0299987792969,223.3300018310547,160.5800018310547,241.0800018310547,719.2999877929688,591.4199829101562,447.2799987792969,-3700.280029296875,0,-0.1847982511113535,-0.18209077169688026,0.7518086186377659,0.986106020583022,0.13431831617731327,0.08778446046206756,0.042981328627576657
1765607669.089123,355.25,393.57000732421875,346.0299987792969,223.4199981689453,160.5800018310547,230.00999450683594,719.2999877929688,591.4199829101562,447.2799987792969,-3700.280029296875,0,-0.18449468704981897,-0.18996598004968995,0.7468599154617162,-0.9387367658193346,-0.14692534983030014,-0.23864433460011494,0.20058690794657616
1765607669.315706,355.25,393.57000732421875,346.0299987792969,223.4199981689453,160.5800018310547,229.8300018310547,719.2999877929688,591.4199829101562,447.2799987792969,-3700.280029296875,0,-0.18457451173211284,-0.18452933733351634,0.7359236630430397,-0.9322278132108945,-0.15160847971106967,-0.24143291222705276,0.22288185670730581
1765607669.4492998,355.25,393.57000732421875,346.0299987792969,223.4199981689453,160.5800018310547,229.8300018310547,719.2999877929688,591.4199829101562,447.2799987792969,-3700.280029296875,0,-0.18984916083057518,-0.1854939645433071,0.7483334969438233,-0.9462992415382676,-0.14743280934875644,-0.21058093786214702,0.1960535151450523
1765607669.689973,355.25,393.57000732421875,346.0299987792969,223.4199981689453,160.5800018310547,229.8300018310547,719.2999877929688,591.4199829101562,447.2799987792969,-3700.280029296875,0,-0.18857971028795384,-0.18535902892015335,0.7376254867210361,-0.9307569063670128,-0.1392118914160132,-0.2728104949315493,0.19971495786166618
1765607670.02177,355.25,393.57000732421875,346.0299987792969,223.3300018310547,160.5800018310547,229.8300018310547,719.2999877929688,591.4199829101562,447.2799987792969,-3700.280029296875,0,-0.18743632019858444,-0.18765966637059658,0.7483784249053183,-0.9465508375550898,-0.14758847516606616,-0.2067288384048798,0.19880226682229382
1765607671.1297011,355.25,393.57000732421875,346.0299987792969,223.4199981689453,160.5800018310547,229.8300018310547,719.2999877929688,591.4199829101562,447.2799987792969,-3700.280029296875,0,-0.18572867119255285,-0.18516364133796645,0.7379029537739275,-0.9322133041305021,-0.13921691708510836,-0.2691157827954883,0.19792347271049443
1765607671.764864,355.25,393.57000732421875,346.0299987792969,223.4199981689453,160.5800018310547,229.8300018310547,719.2999877929688,591.4199829101562,447.2799987792969,-3700.280029296875,0,-0.18982339829163355,-0.18762284280361108,0.7482322845604521,-0.9455204611880356,-0.14738446585263876,-0.21138525964216512,0.19896016864214702
1765607671.8033926,355.25,393.57000732421875,346.0299987792969,223.4199981689453,160.5800018310547,229.8300018310547,719.2999877929688,591.4199829101562,447.2799987792969,-3700.280029296875,0,-0.18684750284522553,-0.18454410358081402,0.7359856738228073,-0.9368624940129842,-0.15175327714689052,-0.21703757990807102,0.22837315756147444
1765607671.9883752,355.25,393.57000732421875,346.0299987792969,223.3300018310547,160.5800018310547,229.8300018310547,719.2999877929688,591.4199829101562,447.2799987792969,-3700.280029296875,0,-0.1903735466252481,-0.18763420315806237,0.748277395647982,-0.9454243387751101,-0.14733773130926714,-0.21210345672686862,0.198687030852035
1765607672.1964397,355.25,393.57000732421875,346.0299987792969,223.3300018310547,160.5800018310547,229.8300018310547,719.2999877929688,591.4199829101562,447.2799987792969,-3700.280029296875,0,-0.1864817270200832,-0.18487198543475755,0.7359522046810333,0.9883552543835601,0.14733920510785162,0.028525095814429108,0.02512705074958653
1765607672.2302575,355.25,393.57000732421875,346.0299987792969,223.3300018310547,160.5800018310547,229.8300018310547,719.2999877929688,591.4199829101562,447.2799987792969,-3700.280029296875,0,-0.18908159151342804,-0.18822726353532515,0.7484931486125977,-0.9460752068315664,-0.14743253385682673,-0.20910655817813073,0.19869523976698714
1765607672.344584,355.25,393.57000732421875,345.94000244140625,223.4199981689453,160.5800018310547,229.8300018310547,719.2999877929688,591.4199829101562,447.2799987792969,-3700.280029296875,0,-0.1852054426524334,-0.1850212755298419,0.7357773891969687,-0.936897487326743,-0.15179419413665496,-0.2153603415309907,0.22978586589016706
1765607672.3807318,355.25,393.57000732421875,345.94000244140625,223.4199981689453,160.5800018310547,229.8300018310547,719.2999877929688,591.4199829101562,447.2799987792969,-3700.280029296875,0,-0.18775589051452957,-0.1878511421740803,0.7469993854187171,-0.9386394254226915,-0.14678459086856238,-0.2422846221103938,0.19674469450161078
1765607672.4161577,355.25,393.57000732421875,345.94000244140625,223.4199981689453,160.5800018310547,229.8300018310547,719.2999877929688,591.4199829101562,447.2799987792969,-3700.280029296875,0,-0.18475597828434182,-0.18497540006539612,0.7355922520661722,-0.9315044015320431,-0.15159816086772832,-0.24279848788472996,0.22442469077363417
1765607672.4922473,355.25,393.57000732421875,346.0299987792969,223.3300018310547,160.5800018310547,229.8300018310547,719.2999877929688,591.4199829101562,447.2799987792969,-3700.280029296875,0,-0.18761616356397207,-0.18810846575258117,0.7480228158959152,-0.9457007547909986,-0.1475561173006841,-0.20872067921227525,0.20078085741436816
1765607672.7029457,355.25,393.57000732421875,346.0299987792969,223.3300018310547,160.5800018310547,229.8300018310547,719.2999877929688,591.4199829101562,447.2799987792969,-3700.280029296875,0,-0.1852054426524334,-0.1850212755298419,0.7357773891969687,-0.936897487326743,-0.15179419413665496,-0.2153603415309907,0.22978586589016706
1765607673.4016252,355.25,393.57000732421875,346.0299987792969,223.3300018310547,160.5800018310547,229.8300018310547,719.2999877929688,591.4199829101562,447.2799987792969,-3700.280029296875,0,-0.18871656833179068,-0.18813185721464507,0.7481154430359308,-0.9455145765905616,-0.147464343594609,-0.210151833288654,0.20023151547246512
1765607673.4897513,355.25,393.57000732421875,346.0299987792969,223.4199981689453,160.5800018310547,229.8300018310547,719.2999877929688,591.4199829101562,447.2799987792969,-3700.280029296875,0,-0.1852054426524334,-0.1850212755298419,0.7357773891969687,-0.936897487326743,-0.15179419413665496,-0.2153603415309907,0.22978586589016706
1765607673.8571339,355.25,393.57000732421875,346.0299987792969,223.3300018310547,160.5800018310547,229.8300018310547,719.2999877929688,591.4199829101562,447.2799987792969,-3700.280029296875,0,-0.18871656833179068,-0.18813185721464507,0.7481154430359308,-0.9455145765905616,-0.147464343594609,-0.210151833288654,0.20023151547246512
1765607674.2886178,355.25,393.57000732421875,346.0299987792969,223.4199981689453,160.5800018310547,229.8300018310547,719.2999877929688,591.4199829101562,447.2799987792969,-3700.280029296875,0,-0.18203780053245358,-0.18018531236595764,0.7175824537633422,-0.9317462155321568,-0.14772196236458165,-0.2448246950183824,0.22380366481766306
1765607674.3536482,355.25,393.57000732421875,346.0299987792969,223.4199981689453,160.5800018310547,229.8300018310547,719.2999877929688,591.4199829101562,447.2799987792969,-3700.280029296875,0,-0.1880296755403953,-0.1861165794259576,0.7411872573855521,-0.9327239160978998,-0.13971228918379447,-0.2425653186949385,0.22730736626085102
1765607675.2282083,355.25,393.57000732421875,346.0299987792969,223.4199981689453,160.5800018310547,229.8300018310547,719.2999877929688,591.4199829101562,447.2799987792969,-3700.280029296875,0,-0.18455514836751347,-0.18281359654418708,0.7280212425309676,-0.9385309413762735,-0.14296852753662292,-0.2445883158356362,0.19722126652585636
1765607675.3309333,355.25,393.57000732421875,345.94000244140625,223.3300018310547,160.5800018310547,229.8300018310547,719.2999877929688,591.4199829101562,447.2799987792969,-3700.280029296875,0,-0.18787595898038909,-0.18584801047513289,0.7403974285126746,-0.9895935431712942,-0.14099349750214415,-0.028596985211850542,0.0027686481520912145
1765607678.473811,355.25,393.57000732421875,346.0299987792969,223.3300018310547,160.5800018310547,229.8300018310547,719.2999877929688,591.4199829101562,447.2799987792969,-3700.280029296875,0,-0.1829110703616682,-0.1816812558744492,0.7230512680237214,-0.9214148252796791,-0.1544693115818494,-0.22755126565226444,0.2745075099779618
1765607678.516933,355.25,393.57000732421875,346.0299987792969,223.3300018310547,160.5800018310547,229.8300018310547,719.2999877929688,591.4199829101562,447.2799987792969,-3700.280029296875,0,-0.18903073355739478,-0.1872446376708599,0.7467246913333992,-0.9383460249726686,-0.14673274461141989,-0.24423617015028307,0.19576754651145276
1765607678.6906424,355.25,393.57000732421875,346.0299987792969,223.4199981689453,160.5800018310547,229.8300018310547,719.2999877929688,591.4199829101562,447.2799987792969,-3700.280029296875,0,-0.1864817270200832,-0.18487198543475755,0.7359522046810333,0.9883552543835601,0.14733920510785162,0.028525095814429108,0.02512705074958653
1765607680.0269496,355.25,393.57000732421875,346.0299987792969,223.3300018310547,160.5800018310547,229.8300018310547,719.2999877929688,591.4199829101562,447.2799987792969,-3700.280029296875,0,-0.1892731042870696,-0.18761126763592398,0.7481863190170086,-0.9456153763733711,-0.14743122654553092,-0.21066765363505174,0.19923537115038092
1765607680.2249432,355.25,393.57000732421875,346.0299987792969,223.4199981689453,160.5800018310547,229.8300018310547,719.2999877929688,591.4199829101562,447.2799987792969,-3700.280029296875,0,-0.18583788912891566,-0.1844686026640881,0.7356821864064126,-0.9314681599189167,-0.1515889075846453,-0.24389526150353238,0.2233897302265368
1765607680.7027483,355.25,393.57000732421875,346.0299987792969,223.3300018310547,160.5800018310547,229.8300018310547,719.2999877929688,591.4199829101562,447.2799987792969,-3700.280029296875,0,-0.18908811011161972,-0.18769503155530504,0.7485188649978513,-0.9462715696083491,-0.14744469144656064,-0.20890188812923702,0.19796509957873834
1765607681.5274627,355.25,393.57000732421875,346.0299987792969,223.3300018310547,160.5800018310547,229.8300018310547,719.2999877929688,591.4199829101562,447.2799987792969,-3700.280029296875,0,-0.1857572679750057,-0.18451370675034207,0.7358648660617145,-0.9370152802505811,-0.1517988204548522,-0.21578828924738633,0.22889931609580438
1765607681.799255,355.25,393.57000732421875,346.0299987792969,223.4199981689453,160.5800018310547,229.8300018310547,719.2999877929688,591.4199829101562,447.2799987792969,-3700.280029296875,0,-0.189379828320624,-0.18747232390297844,0.7484846902929485,-0.9879590775761427,-0.14125949244539457,-0.06306519314819506,0.002323411747370441
1765607682.0639176,355.25,393.57000732421875,346.0299987792969,223.3300018310547,160.5800018310547,229.8300018310547,719.2999877929688,591.4199829101562,447.2799987792969,-3700.280029296875,0,-0.18512270478678608,-0.183609676984967,0.7328107477564721,-0.9320320263831103,-0.15137193868244858,-0.19714991403337248,0.26369442423446154
1765607682.0994153,355.25,393.57000732421875,346.0299987792969,223.3300018310547,160.5800018310547,229.8300018310547,719.2999877929688,591.4199829101562,447.2799987792969,-3700.280029296875,0,-0.18926409906020286,-0.18746155812704493,0.7481496080921052,-0.937657318322194,-0.1478270615436246,-0.2145368091451439,0.2300431933225352
1765607684.0305939,355.25,393.57000732421875,346.0299987792969,223.4199981689453,160.5800018310547,229.8300018310547,719.2999877929688,591.4199829101562,447.2799987792969,-3700.280029296875,0,-0.1865793411774484,-0.1846858191198228,0.7378756613391999,0.9890398713181997,0.14764794062874104,0.0002790726999016768,0.0003750858555199871
1765607684.99824,355.25,393.57000732421875,346.0299987792969,223.4199981689453,160.5800018310547,229.8300018310547,719.2999877929688,591.4199829101562,447.2799987792969,-3700.280029296875,0,-0.18394031923729917,-0.1822115664758609,0.7279641398884723,0.9889633100216527,0.14598599989858058,0.0026639265515951654,0.025150800383999836
1765607685.1275766,355.25,393.57000732421875,346.0299987792969,223.3300018310547,160.5800018310547,229.8300018310547,719.2999877929688,591.4199829101562,447.2799987792969,-3700.280029296875,0,-0.18885924203494198,-0.1870824494171928,0.7469217591289549,-0.9883919431368822,-0.14917721407818868,-0.028663930578746888,0.002429943568371237
1765607686.0659008,355.25,393.57000732421875,346.0299987792969,223.3300018310547,160.5800018310547,229.8300018310547,719.2999877929688,591.4199829101562,447.2799987792969,-3700.280029296875,0,-0.1859486581112141,-0.18433915869889023,0.7359401648975001,0.9883512814552174,0.14733755156886807,0.02859146642877913,0.02521742236971622
1765607689.773001,355.25,393.57000732421875,346.0299987792969,223.3300018310547,160.5800018310547,229.8300018310547,719.2999877929688,591.4199829101562,447.2799987792969,-3700.280029296875,0,-0.18873576263526376,-0.1865355292531085,0.7481912753687371,-0.9460999534039404,-0.1475029203808432,-0.20954569266975956,0.1980615291563078
1765607689.9056654,355.25,393.57000732421875,346.0299987792969,223.3300018310547,160.5800018310547,229.8300018310547,719.2999877929688,591.4199829101562,447.2799987792969,-3700.280029296875,0,-0.18577266825354907,-0.18377388506449238,0.7357980794694795,0.9881872898839731,0.13958332577141236,0.055506135761149676,0.030355298898630288
1765607690.0503232,355.25,393.57000732421875,346.0299987792969,223.3300018310547,160.5800018310547,229.8300018310547,719.2999877929688,591.4199829101562,447.2799987792969,-3700.280029296875,0,-0.18873576263526376,-0.1865355292531085,0.7481912753687371,-0.9460999534039404,-0.1475029203808432,-0.20954569266975956,0.1980615291563078
1765607691.380461,355.25,393.57000732421875,346.0299987792969,223.4199981689453,160.5800018310547,229.75,719.2999877929688,591.4199829101562,447.2799987792969,-3827.2900390625,0,-0.1890194810760344,-0.18644827399066494,0.748123394656359,0.988743723134142,0.13502710913307314,0.05660500479743645,0.030812387020198083
1765607691.4679787,355.25,393.57000732421875,346.0299987792969,223.3300018310547,160.5800018310547,229.75,719.2999877929688,591.4199829101562,447.2799987792969,-3880.6298828125,0,-0.18904223315086216,-0.18510623846895552,0.7467702144327767,-0.9390162589352864,-0.14679238246022902,-0.24381161498812115,0.1930190620216389
1765607691.7702403,355.25,393.57000732421875,346.0299987792969,223.3300018310547,160.5800018310547,229.66000366210938,719.2999877929688,591.4199829101562,447.2799987792969,-4050.8798828125,0,-0.1893189051948088,-0.18124974495334967,0.7441810740578073,-0.9314590074054176,-0.14727172527244625,-0.2727985016663619,0.19046294638900058
1765607691.8553126,355.25,393.57000732421875,346.0299987792969,223.3300018310547,160.49000549316406,229.66000366210938,719.2999877929688,591.4199829101562,447.2799987792969,-4109.41015625,0,-0.19104008405273487,-0.18145448777537254,0.7472242519920705,-0.9398352970718173,-0.1467472092148991,-0.24508691069968003,0.18736936027337725
1765607691.9433537,355.25,393.57000732421875,346.0299987792969,223.3300018310547,160.49000549316406,229.66000366210938,719.2999877929688,591.4199829101562,447.2799987792969,-4162.14990234375,0,-0.19189347577107335,-0.18160814955401855,0.747901364151131,-0.9310339793249044,-0.14767631981206422,-0.22146184254127926,0.2496439188272369
1765607692.0533233,355.25,393.57000732421875,346.0299987792969,223.3300018310547,160.5800018310547,229.57000732421875,719.2999877929688,591.4199829101562,447.19000244140625,-4220.16015625,0,-0.19266554589077164,-0.1822374968453212,0.7488080537004693,-0.9391290254494553,-0.14793944132987152,-0.2163165394475627,0.22216604155179298
1765607692.3368187,355.25,393.57000732421875,346.0299987792969,223.3300018310547,160.49000549316406,229.57000732421875,719.2999877929688,591.4199829101562,447.19000244140625,-4328.259765625,0,-0.19489710301583868,-0.18001790160236023,0.7558899077784913,-0.9393538756851859,-0.15611515431948017,-0.21615082542101718,0.21568768044753558
1765607692.374041,355.25,393.57000732421875,346.0299987792969,223.3300018310547,160.49000549316406,229.57000732421875,719.2999877929688,591.4199829101562,447.19000244140625,-4387.06005859375,0,-0.1932620203660182,-0.17810930085733115,0.7501245538057962,-0.933801028593679,-0.13536990406107385,-0.27270170707780295,0.18794788381020666
1765607692.4813497,355.25,393.57000732421875,346.0299987792969,223.3300018310547,160.5800018310547,229.75,719.2999877929688,591.4199829101562,447.2799987792969,-4439.18017578125,0,-0.19615443576615912,-0.18049006008877092,0.761318287839467,-0.9350953540606656,-0.14387220338003584,-0.24336575328808518,0.21370675711183093
1765607692.5327594,355.25,393.57000732421875,346.0299987792969,223.3300018310547,160.5800018310547,229.75,719.2999877929688,591.4199829101562,447.2799987792969,-4439.18017578125,0,-0.19316748607139142,-0.17761215575731693,0.7492051193939898,-0.9280147644661213,-0.14821978922552886,-0.2454609470502487,0.23784115389903443
1765607692.6352518,355.25,393.57000732421875,346.0299987792969,223.3300018310547,160.5800018310547,229.75,719.2999877929688,591.4199829101562,447.2799987792969,-4496.75,0,-0.1932971590895396,-0.1769326464003406,0.7491656190947378,-0.9409635463055669,-0.14815533304571576,-0.21488854898678922,0.21554700955595865
1765607692.6785727,355.25,393.57000732421875,346.0299987792969,223.3300018310547,160.49000549316406,229.75,719.2999877929688,591.4199829101562,447.19000244140625,-4548.9599609375,0,-0.19552884617948305,-0.17886810543932963,0.7570966541109072,0.988443962737697,0.15158597092927786,0.0002970450944713626,0.00037109168458784506
1765607692.7671025,355.25,393.57000732421875,346.0299987792969,223.3300018310547,160.49000549316406,229.75,719.2999877929688,591.4199829101562,447.19000244140625,-4605.2900390625,0,-0.19210237767456392,-0.1745488839418241,0.7424869307899435,-0.9295626862380423,-0.14035575163200062,-0.24471214172588093,0.2373382460322467
1765607692.8668602,355.25,393.57000732421875,346.0299987792969,223.3300018310547,160.49000549316406,229.8300018310547,719.2999877929688,591.4199829101562,447.2799987792969,-4661.3701171875,0,-0.19595262952925827,-0.1770230134820651,0.754736112688105,-0.9297664692427258,-0.13609672874289547,-0.2444504861799107,0.23928216169159716
1765607693.0042744,355.25,393.57000732421875,346.0299987792969,223.3300018310547,160.49000549316406,229.8300018310547,719.2999877929688,591.4199829101562,447.2799987792969,-4712.9599609375,0,-0.19836583019102236,-0.17788423595738584,0.7618939019679465,-0.9417213402779196,-0.14406302346837024,-0.2148348352135083,0.21506453941339418
1765607693.2712824,355.25,393.57000732421875,346.0299987792969,223.3300018310547,160.5800018310547,229.75,719.2999877929688,591.4199829101562,447.2799987792969,-4882.759765625,0,-0.2013913886622658,-0.17700494739406716,0.7691092720082082,0.9882992234913559,0.1468025940128555,0.03181502233312845,0.02648485588826482
1765607693.4046628,355.25,393.57000732421875,346.0299987792969,223.3300018310547,160.5800018310547,229.75,719.2999877929688,591.4199829101562,447.2799987792969,-4934.0,0,-0.19999872121353263,-0.17394161466278854,0.7617241753332117,0.9889506112491557,0.12464135172074589,0.054469189496190555,0.05894344193186165
1765607693.499499,355.25,393.57000732421875,346.0299987792969,223.3300018310547,160.5800018310547,229.75,719.2999877929688,591.4199829101562,447.19000244140625,-4990.52001953125,0,-0.2020972517101728,-0.1752306714214978,0.7691902281365468,0.9877740491351445,0.1329926888696179,0.056244316568859,0.05875329281063419
1765607693.580547,355.25,393.57000732421875,346.0299987792969,223.3300018310547,160.5800018310547,229.75,719.2999877929688,591.4199829101562,447.19000244140625,-5047.2900390625,0,-0.2003373717495079,-0.1735244562135854,0.7626312010377498,-0.930264504637485,-0.14443932740364523,-0.2463149879726765,0.2303782950079662
1765607693.676281,355.25,393.57000732421875,346.0299987792969,223.3300018310547,160.5800018310547,229.75,719.2999877929688,591.4199829101562,447.19000244140625,-5098.7998046875,0,-0.19953970294160564,-0.17255114517527004,0.7601386832213585,-0.929558914603987,-0.14468418278583497,-0.27241221730596354,0.20193636471498003
1765607693.8110352,355.25,393.57000732421875,346.0299987792969,223.3300018310547,160.5800018310547,229.75,719.2999877929688,591.4199829101562,447.19000244140625,-5156.10009765625,0,-0.2002764736461027,-0.1717122147719114,0.7618938964415239,-0.9249272433392679,-0.1452805404500879,-0.27029752016821235,0.22437114272175906
1765607693.845591,355.25,393.57000732421875,346.0299987792969,223.3300018310547,160.5800018310547,229.75,719.2999877929688,591.4199829101562,447.19000244140625,-5208.39990234375,0,-0.20014130024120821,-0.17143498924515493,0.7618856807197388,-0.9300352666857739,-0.14459801109016046,-0.24702643911860234,0.2304425227380459
1765607694.1404626,355.25,393.57000732421875,346.0299987792969,223.3300018310547,160.5800018310547,229.8300018310547,719.2999877929688,591.4199829101562,447.2799987792969,-5323.4501953125,0,-0.2049162632296827,-0.17251355290450496,0.7747280347411173,-0.936134948105917,-0.13995944536340127,-0.2200721572115612,0.23586215934004998
1765607694.2296543,355.25,393.57000732421875,346.0299987792969,223.3300018310547,160.5800018310547,229.8300018310547,719.2999877929688,591.4199829101562,447.2799987792969,-5373.18994140625,0,-0.20566645047919166,-0.17112212425605555,0.7759979824614869,-0.9318772626297191,-0.14040955700961577,-0.2458613437792168,0.22680856096978058
1765607694.268952,355.25,393.57000732421875,346.0299987792969,223.3300018310547,160.5800018310547,229.75,719.2999877929688,591.4199829101562,447.2799987792969,-5429.43994140625,0,-0.20567506551287823,-0.1705707266973048,0.7760304461712783,-0.9320541754952988,-0.1404411665295713,-0.24570765640579803,0.2262278503393474
1765607694.3012521,355.25,393.57000732421875,346.0299987792969,223.3300018310547,160.5800018310547,229.75,719.2999877929688,591.4199829101562,447.2799987792969,-5429.43994140625,0,-0.20329479694558758,-0.168009147744859,0.7658975551478828,0.9857748355910356,0.1196208076312374,0.07228996604616476,0.09334343418881516
1765607694.4805639,355.25,393.57000732421875,346.0299987792969,223.3300018310547,160.5800018310547,229.75,719.2999877929688,591.4199829101562,447.2799987792969,-5538.8701171875,0,-0.2068645983902788,-0.1696453550675452,0.7772179184409294,0.9863587844627605,0.1413934507567392,0.0590566339891046,0.06013779492236289
1765607694.7439153,355.25,393.57000732421875,346.0299987792969,223.3300018310547,160.5800018310547,229.8300018310547,719.2999877929688,591.4199829101562,447.2799987792969,-5648.3798828125,0,-0.20711835598765413,-0.16942043936502246,0.7755463015530336,0.989329587670124,0.11963984494885796,0.0579179879391956,0.05965552056726024
1765607694.7783003,355.25,393.57000732421875,346.0299987792969,223.3300018310547,160.5800018310547,229.8300018310547,719.2999877929688,591.4199829101562,447.2799987792969,-5705.240234375,0,-0.20932183101385837,-0.1701205390036284,0.7832690904561543,0.9881633912918879,0.12802839665567595,0.05864342121897372,0.060850562101152264
1765607695.0132127,355.25,393.57000732421875,346.0299987792969,223.3300018310547,160.5800018310547,229.8300018310547,719.2999877929688,591.4199829101562,447.2799987792969,-5813.08984375,0,-0.20970082278742738,-0.1663192379310828,0.7842902488997352,-0.9327556082077849,-0.1490763527825462,-0.2465052132801902,0.21674500276515504
1765607695.042982,355.25,393.57000732421875,346.0299987792969,223.3300018310547,160.5800018310547,229.8300018310547,719.2999877929688,591.4199829101562,447.2799987792969,-5865.2900390625,0,-0.20615819821094622,-0.16371289504736233,0.7720537476772784,-0.9230311315162252,-0.15897801540268564,-0.2129070177798737,0.27822674682816007
1765607695.2018876,355.25,393.57000732421875,346.0299987792969,223.3300018310547,160.5800018310547,229.8300018310547,719.2999877929688,591.4199829101562,447.2799987792969,-5923.56005859375,0,-0.2080500012015842,-0.16565529646102872,0.7765525796956885,-0.9332454886493509,-0.14069528374369786,-0.24659076344806133,0.2201151753742049
1765607695.2499223,355.25,393.57000732421875,346.0299987792969,223.3300018310547,160.5800018310547,229.8300018310547,719.2999877929688,591.4199829101562,447.2799987792969,-5923.56005859375,0,-0.21170719040000496,-0.1684602045380793,0.7896689168453126,-0.9407502088823276,-0.13555923930310626,-0.24428904918200814,0.19218636157951116
1765607695.3031883,355.25,393.57000732421875,346.0299987792969,223.3300018310547,160.5800018310547,229.8300018310547,719.2999877929688,591.4199829101562,447.2799987792969,-5981.22021484375,0,-0.204937548172646,-0.16229472090886335,0.7634015455445985,-0.9260591557989223,-0.14502565197530629,-0.25037807399123574,0.24226601143074947
1765607695.3725524,355.25,393.57000732421875,346.0299987792969,223.3300018310547,160.5800018310547,229.8300018310547,719.2999877929688,591.4199829101562,447.2799987792969,-6032.3701171875,0,-0.21119382425316402,-0.16585573219211305,0.7844352060650945,0.9886498733297603,0.1356422407540255,0.033000431295699455,0.055530010107812736
1765607695.978152,355.25,393.57000732421875,346.0299987792969,223.3300018310547,160.5800018310547,229.8300018310547,719.2999877929688,591.4199829101562,447.19000244140625,-6362.83984375,0,-0.2164460513163967,-0.16298671551121016,0.797676964843065,-0.9395708670121132,-0.144557413140177,-0.21934769315107924,0.2195366249117126
1765607696.236013,355.25,393.57000732421875,346.0299987792969,223.3300018310547,160.5800018310547,229.8300018310547,719.2999877929688,591.4199829101562,447.2799987792969,-6467.080078125,0,-0.21330349263607362,-0.16072469694850322,0.7845395845913927,-0.9397704027604282,-0.14890676801187125,-0.21973224639502414,0.21535111894289688
1765607696.271076,355.25,393.57000732421875,346.0299987792969,223.3300018310547,160.5800018310547,229.8300018310547,719.2999877929688,591.4199829101562,447.19000244140625,-6517.7099609375,0,-0.21360865677468413,-0.16042479191909037,0.7851595530229765,-0.9273028860367138,-0.14944666946018448,-0.2501500983791324,0.23494675740718388
1765607696.3451252,355.25,393.57000732421875,346.0299987792969,223.3300018310547,160.5800018310547,229.8300018310547,719.2999877929688,591.4199829101562,447.19000244140625,-6517.7099609375,0,-0.21706453998599354,-0.16187137880362976,0.797839047286008,-0.9398687906532709,-0.1446043057171536,-0.2194627493803546,0.21811087262773937
1765607696.5768077,355.25,393.57000732421875,346.0299987792969,223.3300018310547,160.5800018310547,229.8300018310547,719.2999877929688,591.4199829101562,447.2799987792969,-6682.14990234375,0,-0.21908288137572676,-0.16076906171461744,0.8019875689560414,0.9847935524934308,0.11751281253863802,0.08058493986606904,0.09939046897670589
1765607696.7349522,355.25,393.6600036621094,346.0299987792969,223.3300018310547,160.5800018310547,229.8300018310547,719.2999877929688,591.4199829101562,447.19000244140625,-6737.9599609375,0,-0.21902326441868286,-0.15813027334577137,0.7992405567315012,-0.9354802681508468,-0.14524068755443065,-0.24764793999674925,0.20603957967949396
1765607696.9732568,355.25,393.57000732421875,346.0299987792969,223.3300018310547,160.5800018310547,229.8300018310547,719.2999877929688,591.4199829101562,447.19000244140625,-6893.7900390625,0,-0.22026329712974974,-0.1580936868837445,0.7994128397610372,0.9882104525580314,0.12415162044237453,0.03173877836482972,0.08378022764645375
1765607697.037724,355.25,393.57000732421875,346.0299987792969,223.3300018310547,160.5800018310547,229.8300018310547,719.2999877929688,591.4199829101562,447.19000244140625,-6893.7900390625,0,-0.21547933654886192,-0.15432368591760134,0.7821900408269328,-0.9243646803720107,-0.14828923247697268,-0.23515326813692594,0.26127223675060424
1765607697.2680733,355.25,393.57000732421875,346.0299987792969,223.3300018310547,160.5800018310547,229.8300018310547,719.2999877929688,591.4199829101562,447.19000244140625,-7060.8701171875,0,-0.21562138426421149,-0.1521544025865216,0.7836119882270308,0.9856421980432664,0.11624997048118933,0.04903216035677916,0.11221073500475903
1765607697.3382685,355.25,393.57000732421875,346.0299987792969,223.3300018310547,160.5800018310547,229.8300018310547,719.2999877929688,591.4199829101562,447.19000244140625,-7060.8701171875,0,-0.22003632412603297,-0.15432828303404464,0.7982000464921377,-0.9342433269540791,-0.1446952102426758,-0.22509104058239093,0.23576837282412988
1765607697.4127426,355.25,393.57000732421875,346.0299987792969,223.3300018310547,160.5800018310547,229.8300018310547,719.2999877929688,591.4199829101562,447.19000244140625,-7116.58984375,0,-0.21967215502702112,-0.1536396257778716,0.7968814574906065,-0.926302217382931,-0.14398540844533445,-0.23188405854083724,0.25973484098388694
1765607697.5857038,355.25,393.57000732421875,346.0299987792969,223.3300018310547,160.49000549316406,229.8300018310547,719.2999877929688,591.4199829101562,447.19000244140625,-7221.6201171875,0,-0.2245675834994665,-0.15628121374309464,0.8135851393480737,-0.9296736641690019,-0.141076208844977,-0.2499408811534243,0.23094141546452918
1765607697.6640484,355.25,393.57000732421875,346.0299987792969,223.3300018310547,160.5800018310547,229.8300018310547,719.2999877929688,591.4199829101562,447.19000244140625,-7272.68994140625,0,-0.2273501017300402,-0.15751006398386527,0.8215001024049206,-0.94160618381689,-0.1491466504012563,-0.21852602897562992,0.208277329376053
1765607697.6990259,355.25,393.57000732421875,346.0299987792969,223.3300018310547,160.5800018310547,229.8300018310547,719.2999877929688,591.4199829101562,447.19000244140625,-7272.68994140625,0,-0.22182558106988967,-0.1532952484848436,0.8025736597336407,-0.9363890852702837,-0.15274414674878095,-0.20109891311811492,0.2437292222187999
1765607697.766754,355.25,393.57000732421875,346.0299987792969,223.3300018310547,160.5800018310547,229.8300018310547,719.2999877929688,591.4199829101562,447.19000244140625,-7329.89990234375,0,-0.2256416814455784,-0.15465843842091287,0.8142892264195983,-0.9306450927563689,-0.14114618862819317,-0.24904746447948586,0.227931623958948
1765607697.8586597,355.25,393.57000732421875,346.0299987792969,223.3300018310547,160.5800018310547,229.8300018310547,719.2999877929688,591.4199829101562,447.2799987792969,-7387.02978515625,0,-0.22524329028203652,-0.15341308777072452,0.8111766167306407,0.9830442860435155,0.12598624290738283,0.08529460255967126,0.10235345157572637
1765607697.9249794,355.25,393.57000732421875,346.0299987792969,223.3300018310547,160.5800018310547,229.8300018310547,719.2999877929688,591.4199829101562,447.2799987792969,-7387.02978515625,0,-0.22871602378206607,-0.15537458893974143,0.8227093109384054,-0.9363908352666288,-0.14975857049862684,-0.24818281405784767,0.19786324822260662
1765607697.9618201,355.25,393.57000732421875,346.0299987792969,223.3300018310547,160.5800018310547,229.8300018310547,719.2999877929688,591.4199829101562,447.2799987792969,-7438.6201171875,0,-0.22863168817933607,-0.1552118492729834,0.8218540429773658,-0.942197837122388,-0.14923148676757547,-0.2186532653559627,0.2053873136983096
1765607698.0671816,355.25,393.57000732421875,346.0299987792969,223.3300018310547,160.49000549316406,229.8300018310547,719.2999877929688,591.4199829101562,447.2799987792969,-7493.47021484375,0,-0.22878015990844394,-0.15505510105300632,0.820267779523254,-0.9332050442477612,-0.1490711857612569,-0.2274338930357255,0.23490413207281202
1765607698.1169217,355.25,393.57000732421875,346.0299987792969,223.3300018310547,160.49000549316406,229.8300018310547,719.2999877929688,591.4199829101562,447.2799987792969,-7493.47021484375,0,-0.22320307449752075,-0.15132191479145082,0.7997799100062346,-0.9230208245885382,-0.1455277488707972,-0.2549708981848067,0.24868468542177302
1765607698.149975,355.25,393.57000732421875,346.0299987792969,223.3300018310547,160.49000549316406,229.8300018310547,719.2999877929688,591.4199829101562,447.2799987792969,-7543.0400390625,0,-0.22402123531084686,-0.15112254713211037,0.8020890996828919,0.9832693572453359,0.1118427548164885,0.07386285414399173,0.123356589102918
1765607698.271343,355.25,393.57000732421875,346.0299987792969,223.3300018310547,160.5800018310547,229.8300018310547,719.2999877929688,591.4199829101562,447.2799987792969,-7598.93994140625,0,-0.22947968884720793,-0.15154119865162172,0.8216132854972038,0.9864639493901354,0.1200019889709101,0.061099641376258396,0.09356940215869029
1765607698.3086836,355.25,393.57000732421875,346.0299987792969,223.3300018310547,160.5800018310547,229.8300018310547,719.2999877929688,591.4199829101562,447.2799987792969,-7598.93994140625,0,-0.22329546558770125,-0.1467771305820566,0.8001104964764904,-0.924422109975134,-0.1458587461650687,-0.25360992276715577,0.24464463172183587
1765607698.3872063,355.25,393.57000732421875,346.0299987792969,223.3300018310547,160.5800018310547,229.8300018310547,719.2999877929688,591.4199829101562,447.2799987792969,-7655.6298828125,0,-0.22679596620531894,-0.14873584829004605,0.8131727208260207,-0.9238716964559136,-0.14122584897816554,-0.254275666481815,0.24871717573038155
1765607698.4746747,355.25,393.57000732421875,346.0299987792969,223.3300018310547,160.5800018310547,229.8300018310547,719.2999877929688,591.4199829101562,447.19000244140625,-7699.1298828125,0,-0.22489737568333973,-0.1476811626145577,0.8058324472884802,-0.9271783949294256,-0.15327761724111585,-0.23192889279196868,0.251107914485529
1765607698.5259097,355.25,393.57000732421875,346.0299987792969,223.3300018310547,160.5800018310547,229.8300018310547,719.2999877929688,591.4199829101562,447.19000244140625,-7699.1298828125,0,-0.2294759921664899,-0.1509912839994147,0.8206433109034805,-0.9343872962492684,-0.14931657096386805,-0.22641956904971358,0.23099593285362385
1765607698.74296,355.25,393.57000732421875,346.0299987792969,223.3300018310547,160.5800018310547,229.8300018310547,719.2999877929688,591.4199829101562,447.19000244140625,-7699.919921875,0,-0.22633315332488546,-0.1496051405749971,0.8083831473247495,-0.9229157420538799,-0.15453003909329444,-0.2549478334820128,0.2436156856398802
1765607699.6773322,355.25,393.57000732421875,346.0299987792969,223.3300018310547,160.5800018310547,229.8300018310547,719.2999877929688,591.4199829101562,447.2799987792969,-7738.68017578125,0,-0.22788041125802974,-0.1504334695763818,0.8148135901873041,0.9885966703749725,0.11868173195696674,0.03506747161127287,0.08579943040606584
1765607699.8753428,355.25,393.57000732421875,346.0299987792969,223.3300018310547,160.5800018310547,229.8300018310547,719.2999877929688,591.4199829101562,447.2799987792969,-7846.52001953125,0,-0.23071458727576322,-0.1512698415637587,0.8233577968547784,0.9873345132596226,0.12748298626180715,0.035524896820263864,0.08750216480788217
1765607699.9960027,355.25,393.57000732421875,346.0299987792969,223.3300018310547,160.5800018310547,229.8300018310547,719.2999877929688,591.4199829101562,447.2799987792969,-7902.330078125,0,-0.23138089022061029,-0.15006430666469597,0.8253126620833202,-0.9294971221897314,-0.15651179379295477,-0.20880770708689134,0.2606501481024602
1765607700.2729917,355.25,393.6600036621094,346.0299987792969,223.3300018310547,160.5800018310547,229.8300018310547,719.2999877929688,591.4199829101562,447.2799987792969,-8060.7998046875,0,-0.23403511034764504,-0.14673610071899912,0.8299959680129146,-0.928130783334228,-0.15810712663950116,-0.23038383891648953,0.24596477857468577
1765607700.6134176,355.25,393.57000732421875,346.0299987792969,223.3300018310547,160.5800018310547,229.8300018310547,719.2999877929688,591.4199829101562,447.2799987792969,-8222.9599609375,0,-0.2329845059234917,-0.14631874222578706,0.8225972055431142,-0.936580151046067,-0.14959676885128068,-0.2250744639063711,0.22311412575864073
1765607700.9724574,355.25,393.57000732421875,346.0299987792969,223.3300018310547,160.5800018310547,229.75,719.2999877929688,591.4199829101562,447.2799987792969,-8438.6396484375,0,-0.23503679341340036,-0.14387838552147003,0.8302701026712729,0.9833651875024204,0.12260536729002053,0.05654967170655163,0.12150294872919686
1765607701.34047,355.25,393.57000732421875,346.0299987792969,223.3300018310547,160.5800018310547,229.8300018310547,719.2999877929688,591.4199829101562,447.2799987792969,-8594.1201171875,0,-0.2339254151688227,-0.14098756644215008,0.8217430503159524,-0.9297051954934844,-0.14942788957779668,-0.2317575734913624,0.24414746039666982
1765607701.3820515,355.25,393.57000732421875,346.0299987792969,223.3300018310547,160.5800018310547,229.8300018310547,719.2999877929688,591.4199829101562,447.2799987792969,-8647.1201171875,0,-0.24108285335322482,-0.14496970045574598,0.8458041783538695,-0.9360448169918969,-0.15434817230483208,-0.22558726515666352,0.221601281783074
1765607701.8109913,355.25,393.57000732421875,346.0299987792969,223.3300018310547,160.5800018310547,229.8300018310547,719.2999877929688,591.4199829101562,447.2799987792969,-8859.2900390625,0,-0.2393895069244499,-0.13987936639803852,0.8372244969220218,-0.9313513280779192,-0.14489945824306794,-0.22955674464118342,0.24267787636722063
1765607701.886217,355.25,393.57000732421875,346.0299987792969,223.3300018310547,160.5800018310547,229.8300018310547,719.2999877929688,591.4199829101562,447.19000244140625,-8914.1298828125,0,-0.2393086163110083,-0.13980420542146965,0.8358918659889275,-0.923092925257566,-0.1439706486405325,-0.23724850938503972,0.2662424617975708
1765607702.4110875,355.25,393.57000732421875,346.0299987792969,223.3300018310547,160.5800018310547,229.8300018310547,719.2999877929688,591.4199829101562,447.2799987792969,-9180.7900390625,0,-0.24558991394101304,-0.1396636484562457,0.8529000864848539,0.9851934662769117,0.10214299115788471,0.05871276697039566,0.1245530182584271
1765607702.6765838,355.25,393.57000732421875,346.0299987792969,223.3300018310547,160.5800018310547,229.8300018310547,719.2999877929688,591.4199829101562,447.2799987792969,-9331.8701171875,0,-0.24792803377420353,-0.13684721160229296,0.8578805047744937,-0.9343576672538663,-0.1482445051211604,-0.2058307828809399,0.2502658689552275
1765607703.0061643,355.25,393.57000732421875,346.0299987792969,223.3300018310547,160.5800018310547,229.8300018310547,719.2999877929688,591.4199829101562,447.2799987792969,-9493.0703125,0,-0.24924647066186237,-0.1368929102345554,0.8581662800773825,-0.934296904801613,-0.14829017449860965,-0.20672206789490236,0.2497304636414091
1765607703.167704,355.25,393.57000732421875,346.0299987792969,223.3300018310547,160.49000549316406,229.8300018310547,719.2999877929688,591.4199829101562,447.2799987792969,-9598.3603515625,0,-0.2473168224640444,-0.134897035366727,0.8504733056937984,-0.9248676357379375,-0.1614059293322887,-0.21729965605101859,0.2671120398278729
1765607703.201573,355.25,393.57000732421875,346.0299987792969,223.3300018310547,160.49000549316406,229.8300018310547,719.2999877929688,591.4199829101562,447.2799987792969,-9598.3603515625,0,-0.25099768912302056,-0.1360507351226823,0.8626052910955503,-0.9313141206066811,-0.14980308908310314,-0.23094017508373924,0.23849460956603621
1765607703.2512004,355.25,393.57000732421875,346.0299987792969,223.3300018310547,160.5800018310547,229.8300018310547,719.2999877929688,591.4199829101562,447.2799987792969,-9653.5498046875,0,-0.24820259079647888,-0.133222715590275,0.8524786824943795,-0.9253909156648448,-0.1397241233188971,-0.23687885909593068,0.2608011286040692
1765607703.4196002,355.25,393.57000732421875,346.0299987792969,223.3300018310547,160.5800018310547,229.8300018310547,719.2999877929688,591.4199829101562,447.2799987792969,-9702.509765625,0,-0.24682752915487308,-0.13140610207182776,0.8467090396459617,-0.9245462123732363,-0.15405565830499232,-0.2371239576799392,0.2554474192954797
1765607703.4730005,355.25,393.57000732421875,346.0299987792969,223.3300018310547,160.5800018310547,229.8300018310547,719.2999877929688,591.4199829101562,447.19000244140625,-9757.1796875,0,-0.24682752915487308,-0.13140610207182776,0.8467090396459617,-0.9245462123732363,-0.15405565830499232,-0.2371239576799392,0.2554474192954797
1765607703.6122143,355.25,393.57000732421875,346.0299987792969,223.3300018310547,160.5800018310547,229.8300018310547,719.2999877929688,591.4199829101562,447.19000244140625,-9812.3701171875,0,-0.25190934094020023,-0.13409638143218364,0.8635107641927796,0.9836013241252866,0.11095048128499312,0.06201792425406995,0.12795390948629873
1765607703.6444957,355.25,393.57000732421875,346.0299987792969,223.3300018310547,160.5800018310547,229.8300018310547,719.2999877929688,591.4199829101562,447.19000244140625,-9863.349609375,0,-0.24984265908159095,-0.1327819350018038,0.8565336269202342,-0.9288342716174105,-0.14221787736646707,-0.25427990439687714,0.2288726751847981
1765607703.8719215,355.25,393.57000732421875,346.0299987792969,223.3300018310547,160.49000549316406,229.8300018310547,719.2999877929688,591.4199829101562,447.2799987792969,-9969.7900390625,0,-0.2577190363001596,-0.13289320626860882,0.879711483130713,-0.9328049684476863,-0.14514394927844898,-0.2297652898212571,0.2366770720211824
1765607703.9401934,355.25,393.57000732421875,346.0299987792969,223.3300018310547,160.49000549316406,229.8300018310547,719.2999877929688,591.4199829101562,447.2799987792969,-9969.7900390625,0,-0.2530232696340282,-0.13022848611195387,0.8621015225377369,-0.9248238013111822,-0.14945054742296549,-0.23786133380707475,0.25649065535186716
1765607703.995262,355.25,393.57000732421875,346.0299987792969,223.3300018310547,160.49000549316406,229.8300018310547,719.2999877929688,591.4199829101562,447.2799987792969,-10024.7998046875,0,-0.253512247216079,-0.1309413371145113,0.862708803261761,-0.9248851857338618,-0.14939458112260795,-0.2376033339664846,0.2565410455058836
1765607704.204475,355.25,393.57000732421875,346.0299987792969,223.3300018310547,160.5800018310547,229.8300018310547,719.2999877929688,591.4199829101562,447.2799987792969,-10128.080078125,0,-0.25905012219653256,-0.13355966643237266,0.8799296768030881,-0.9325307436809414,-0.14514527748933426,-0.2309133386936205,0.2366395793728934
1765607704.2500532,355.25,393.57000732421875,346.0299987792969,223.3300018310547,160.5800018310547,229.8300018310547,719.2999877929688,591.4199829101562,447.2799987792969,-10183.8896484375,0,-0.2490118880387387,-0.12776919080815718,0.8458470929043684,-0.9174068539926117,-0.15340760733451164,-0.24487391264855732,0.27361932892883456
1765607704.280929,355.25,393.57000732421875,346.0299987792969,223.3300018310547,160.5800018310547,229.8300018310547,719.2999877929688,591.4199829101562,447.19000244140625,-10183.8896484375,0,-0.2574271603641451,-0.13091043185213583,0.8749383683525488,-0.9361897875887234,-0.143745485029649,-0.2055637940562093,0.2462304687104915
1765607704.3504226,355.25,393.57000732421875,346.0299987792969,223.3300018310547,160.5800018310547,229.8300018310547,719.2999877929688,591.4199829101562,447.19000244140625,-10233.98046875,0,-0.25059916397531073,-0.12613620948972462,0.8522793046102973,-0.9261927500442583,-0.1403071098874637,-0.23831964968537267,0.25629016612878963
1765607704.3831325,355.25,393.57000732421875,346.0299987792969,223.3300018310547,160.5800018310547,229.8300018310547,719.2999877929688,591.4199829101562,447.19000244140625,-10233.98046875,0,-0.2545762796132493,-0.1276742714863781,0.8658101662450537,-0.9216174210055694,-0.15162773234388,-0.25893995793053287,0.2461309778760687
1765607704.5395248,355.25,393.57000732421875,346.0299987792969,223.3300018310547,160.5800018310547,229.8300018310547,719.2999877929688,591.4199829101562,447.19000244140625,-10287.599609375,0,-0.25441679911401915,-0.1265807373464862,0.8626163426192828,-0.9257428941024045,-0.14974822431057222,-0.23751804841579485,0.2532997039309111
1765607704.5761955,355.25,393.57000732421875,346.0299987792969,223.3300018310547,160.5800018310547,229.8300018310547,719.2999877929688,591.4199829101562,447.19000244140625,-10337.4296875,0,-0.2573864263671112,-0.12829804336682873,0.8721630570954276,-0.922706215319445,-0.13707538061763397,-0.25929824722796724,0.2501759365404693
1765607704.8413107,355.25,393.57000732421875,346.0299987792969,223.3300018310547,160.5800018310547,229.8300018310547,719.2999877929688,591.4199829101562,447.2799987792969,-10444.5703125,0,-0.2523951415906197,-0.1253453063923926,0.8521282880415829,-0.9192293755923655,-0.13936728968371523,-0.24474798331890144,0.27512276946050124
1765607705.1172688,355.25,393.57000732421875,346.0299987792969,223.3300018310547,160.5800018310547,229.8300018310547,719.2999877929688,591.4199829101562,447.2799987792969,-10601.1904296875,0,-0.26320481372938714,-0.12776082619068854,0.8880662253885914,-0.9242536279773101,-0.1544950192671577,-0.2383568957964931,0.25509314067352007
1765607705.1588404,355.25,393.57000732421875,346.0299987792969,223.3300018310547,160.5800018310547,229.8300018310547,719.2999877929688,591.4199829101562,447.2799987792969,-10656.0400390625,0,-0.2602987022441438,-0.12595701519716837,0.8766553755390494,-0.918943168573965,-0.16601678960596944,-0.22386265724768384,0.27904728844798843
1765607705.545755,355.25,393.57000732421875,346.0299987792969,223.3300018310547,160.5800018310547,229.8300018310547,719.2999877929688,591.4199829101562,447.2799987792969,-10865.48046875,0,-0.25737009475209743,-0.12455528625276469,0.8647244828900503,-0.9142066758035863,-0.1512304992798491,-0.2659552708873877,0.2657504165395426
1765607705.6066625,355.25,393.57000732421875,346.0299987792969,223.3300018310547,160.5800018310547,229.8300018310547,719.2999877929688,591.4199829101562,447.2799987792969,-10865.48046875,0,-0.26504681906542854,-0.12899407285855533,0.8899557641580981,-0.9247693227236135,-0.15446736925108595,-0.23785177803766155,0.25370861883326135
1765607705.6459749,355.25,393.57000732421875,346.0299987792969,223.3300018310547,160.5800018310547,229.8300018310547,719.2999877929688,591.4199829101562,447.2799987792969,-10865.48046875,0,-0.2579114224594499,-0.1259112072718697,0.8665423544204521,-0.921771023314754,-0.1518897985909624,-0.2606317023208785,0.2435955365079358
1765607705.8745048,355.25,393.57000732421875,346.0299987792969,223.3300018310547,160.5800018310547,229.8300018310547,719.2999877929688,591.4199829101562,447.19000244140625,-11029.75,0,-0.26351531403077627,-0.1307138556951351,0.8842692693376967,-0.9266974598850721,-0.15239992088844845,-0.2176619733639574,0.2657618243974437
1765607706.0054512,355.25,393.57000732421875,346.0299987792969,223.3300018310547,160.5800018310547,229.8300018310547,719.2999877929688,591.4199829101562,447.19000244140625,-11084.58984375,0,-0.2709238077139984,-0.13554097423235978,0.9080355976405268,-0.9316003313326229,-0.1498964513914745,-0.23216215584601282,0.23611990579813946
1765607706.1051776,355.25,393.57000732421875,346.0299987792969,223.3300018310547,160.49000549316406,229.8300018310547,719.2999877929688,591.4199829101562,447.2799987792969,-11132.490234375,0,-0.2566978630084001,-0.1294233187744707,0.8608960549534177,-0.909739446484031,-0.14732360311203163,-0.25237239938606143,0.2949204426707984
1765607706.145602,355.25,393.57000732421875,346.0299987792969,223.3300018310547,160.49000549316406,229.8300018310547,719.2999877929688,591.4199829101562,447.2799987792969,-11132.490234375,0,-0.2685323321878136,-0.13587830751162525,0.9005563988816475,-0.9256625465948232,-0.14698184054288227,-0.21842840193551466,0.27172453258789697
1765607706.2697818,355.25,393.57000732421875,346.0299987792969,223.3300018310547,160.49000549316406,229.8300018310547,719.2999877929688,591.4199829101562,447.19000244140625,-11239.7998046875,0,-0.2634574322110076,-0.13450359763705072,0.884075675161429,-0.9256765800992943,-0.15218112933693503,-0.21897604198433757,0.2683528758300972
1765607706.6113136,355.25,393.57000732421875,346.0299987792969,223.3300018310547,160.5800018310547,229.8300018310547,719.2999877929688,591.4199829101562,447.19000244140625,-11406.7998046875,0,-0.25996344858729037,-0.135696481892353,0.8713160323889341,-0.9143224136989032,-0.1578535859325766,-0.24848479164083448,0.27812241466528603
1765607706.6501336,355.25,393.57000732421875,346.0299987792969,223.3300018310547,160.5800018310547,229.8300018310547,719.2999877929688,591.4199829101562,447.19000244140625,-11461.3798828125,0,-0.26149026529093355,-0.13697501827086453,0.8774921248375752,-0.9153209633667693,-0.1430554710117185,-0.24811064315438405,0.2831320804650417
1765607706.7755408,355.25,393.57000732421875,346.0299987792969,223.3300018310547,160.5800018310547,229.8300018310547,719.2999877929688,591.4199829101562,447.19000244140625,-11509.5400390625,0,-0.2552251964412823,-0.13475817749176153,0.8554344532789466,-0.9103150995727166,-0.14463497352786558,-0.23669308043272005,0.30721902544891116
1765607707.0816228,355.25,393.57000732421875,346.0299987792969,223.3300018310547,160.49000549316406,229.8300018310547,719.2999877929688,591.4199829101562,447.19000244140625,-11677.849609375,0,-0.2646253302214593,-0.14274102126767635,0.885846255876349,-0.915620086130571,-0.15793782573732687,-0.21158073897131938,0.3031981068080109
1765607707.5177104,355.25,393.57000732421875,346.0299987792969,223.3300018310547,160.49000549316406,229.8300018310547,719.2999877929688,591.4199829101562,447.2799987792969,-11699.4697265625,0,-0.2672939603787294,-0.1453956220810269,0.8953146158619725,-0.9136863263362824,-0.16775030042442457,-0.21185131923993122,0.3035723180889927
1765607707.5856872,355.25,393.57000732421875,346.0299987792969,223.3300018310547,160.49000549316406,229.8300018310547,719.2999877929688,591.4199829101562,447.2799987792969,-11699.4697265625,0,-0.2583487872683454,-0.14054510732219544,0.866418673695275,-0.9156879083571609,-0.1553456383865099,-0.23011953092355694,0.29056563563211985
1765607707.7740693,355.25,393.57000732421875,346.0299987792969,223.3300018310547,160.5800018310547,229.8300018310547,719.2999877929688,591.4199829101562,447.2799987792969,-11699.4697265625,0,-0.2664915459392666,-0.14512285763701707,0.8926391098791037,-0.9138149004737032,-0.16001221649054542,-0.2301888047066422,0.29385631256405936
1765607707.8100872,355.25,393.57000732421875,346.0299987792969,223.3300018310547,160.5800018310547,229.8300018310547,719.2999877929688,591.4199829101562,447.2799987792969,-11699.4697265625,0,-0.25635585681972894,-0.1392181821479962,0.8592121047196548,-0.9098500000863127,-0.15158979041270115,-0.21985404736352757,0.31758103004342997
1765607708.4932163,355.25,393.57000732421875,346.0299987792969,223.3300018310547,160.49000549316406,229.8300018310547,719.2999877929688,591.4199829101562,447.19000244140625,-11699.4697265625,0,-0.2664915459392666,-0.14512285763701707,0.8926391098791037,-0.9138149004737032,-0.16001221649054542,-0.2301888047066422,0.29385631256405936
1765607708.5248623,355.25,393.57000732421875,346.0299987792969,223.3300018310547,160.49000549316406,229.8300018310547,719.2999877929688,591.4199829101562,447.19000244140625,-11699.4697265625,0,-0.2583487872683454,-0.14054510732219544,0.866418673695275,-0.9156879083571609,-0.1553456383865099,-0.23011953092355694,0.29056563563211985
1765607708.6085093,355.25,393.57000732421875,346.0299987792969,223.3300018310547,160.49000549316406,229.8300018310547,719.2999877929688,591.4199829101562,447.19000244140625,-11699.4697265625,0,-0.26154350912511887,-0.1422167918331512,0.8776703711750374,-0.9210843754870817,-0.1438824768993117,-0.24445077885527844,0.26673061839980017
1765607708.6772733,355.25,393.57000732421875,346.0299987792969,223.3300018310547,160.5800018310547,229.8300018310547,719.2999877929688,591.4199829101562,447.2799987792969,-11699.4697265625,0,-0.2583487872683454,-0.14054510732219544,0.866418673695275,-0.9156879083571609,-0.1553456383865099,-0.23011953092355694,0.29056563563211985
1765607709.3292115,355.25,393.57000732421875,346.0299987792969,223.3300018310547,160.5800018310547,229.8300018310547,719.2999877929688,591.4199829101562,447.2799987792969,-11699.4697265625,0,-0.2664915459392666,-0.14512285763701707,0.8926391098791037,-0.9138149004737032,-0.16001221649054542,-0.2301888047066422,0.29385631256405936
1765607709.5496202,355.1700134277344,393.57000732421875,346.0299987792969,223.3300018310547,160.5800018310547,229.8300018310547,719.2999877929688,591.4199829101562,447.19000244140625,-11699.4697265625,0,-0.2583487872683454,-0.14054510732219544,0.866418673695275,-0.9156879083571609,-0.1553456383865099,-0.23011953092355694,0.29056563563211985
1765607709.5847547,355.1700134277344,393.57000732421875,346.0299987792969,223.3300018310547,160.5800018310547,229.8300018310547,719.2999877929688,591.4199829101562,447.19000244140625,-11699.4697265625,0,-0.2664915459392666,-0.14512285763701707,0.8926391098791037,-0.9138149004737032,-0.16001221649054542,-0.2301888047066422,0.29385631256405936
1765607709.61549,355.1700134277344,393.57000732421875,346.0299987792969,223.3300018310547,160.5800018310547,229.8300018310547,719.2999877929688,591.4199829101562,447.19000244140625,-11699.4697265625,0,-0.2583487872683454,-0.14054510732219544,0.866418673695275,-0.9156879083571609,-0.1553456383865099,-0.23011953092355694,0.29056563563211985
1765607710.2451391,355.25,393.57000732421875,346.0299987792969,223.3300018310547,160.5800018310547,229.8300018310547,719.2999877929688,591.4199829101562,447.2799987792969,-11649.2001953125,0,-0.25635585681972894,-0.1392181821479962,0.8592121047196548,-0.9098500000863127,-0.15158979041270115,-0.21985404736352757,0.31758103004342997
1765607710.347769,355.25,393.57000732421875,346.0299987792969,223.3300018310547,160.49000549316406,229.8300018310547,719.2999877929688,591.4199829101562,447.19000244140625,-11592.330078125,0,-0.26138515184010774,-0.14197124937582845,0.8771399154550419,-0.9139012332946758,-0.14270325735264086,-0.24951366398705832,0.2866413222254775
1765607710.5087087,355.25,393.57000732421875,346.0299987792969,223.3300018310547,160.5800018310547,229.8300018310547,719.2999877929688,591.4199829101562,447.2799987792969,-11537.75,0,-0.25768482765360035,-0.1386725292820001,0.8683766942554558,-0.9088639509166849,-0.16116074669183117,-0.21860532214731365,0.3165521214250734
1765607710.6826985,355.25,393.57000732421875,346.0299987792969,223.3300018310547,160.5800018310547,229.8300018310547,719.2999877929688,591.4199829101562,447.2799987792969,-11434.1298828125,0,-0.2561675701206138,-0.1367163522206615,0.8648688436233756,-0.9119714720392571,-0.15017161914037758,-0.2668134040095438,0.27306981970211913
1765607710.7744455,355.25,393.57000732421875,346.0299987792969,223.3300018310547,160.5800018310547,229.8300018310547,719.2999877929688,591.4199829101562,447.2799987792969,-11384.8203125,0,-0.2606859910147534,-0.13865773477552018,0.8811683839379633,-0.9158927159228467,-0.1503487822310049,-0.2289535330875993,0.2934553735882699
1765607710.852145,355.25,393.57000732421875,346.0299987792969,223.3300018310547,160.5800018310547,229.8300018310547,719.2999877929688,591.4199829101562,447.19000244140625,-11330.16015625,0,-0.255553410208068,-0.13485312885215325,0.8648977937818373,-0.9125678431813414,-0.1502816298267679,-0.26586724252672067,0.2719374425841409
1765607711.007538,355.25,393.57000732421875,346.0299987792969,223.3300018310547,160.5800018310547,229.8300018310547,719.2999877929688,591.4199829101562,447.19000244140625,-11275.1396484375,0,-0.25883237515976887,-0.13564311406270396,0.8770498364439159,-0.9158985222145727,-0.14298293382188235,-0.24603518115665177,0.28311211078663295
1765607711.3789344,355.25,393.57000732421875,346.0299987792969,223.3300018310547,160.5800018310547,229.8300018310547,719.2999877929688,591.4199829101562,447.19000244140625,-11069.0302734375,0,-0.2611828858775475,-0.13281730842106645,0.8834054109713014,-0.9283525499066466,-0.14690255991811416,-0.25556386344950915,0.22642502659841438
1765607711.4113376,355.25,393.57000732421875,346.0299987792969,223.3300018310547,160.5800018310547,229.8300018310547,719.2999877929688,591.4199829101562,447.19000244140625,-11069.0302734375,0,-0.26502759949745475,-0.13435151788673338,0.8941442119633488,0.9768182588992914,0.10963490538314985,0.0778598027593936,0.16656568589254175
1765607711.452815,355.25,393.57000732421875,346.0299987792969,223.3300018310547,160.5800018310547,229.8300018310547,719.2999877929688,591.4199829101562,447.2799987792969,-11019.2001953125,0,-0.25650421562361025,-0.1295732649929103,0.8660049660758249,-0.9208927100945948,-0.1515724937947327,-0.2608625759143965,0.2468463329822505
1765607711.676524,355.25,393.57000732421875,346.0299987792969,223.3300018310547,160.5800018310547,229.8300018310547,719.2999877929688,591.4199829101562,447.2799987792969,-10910.3896484375,0,-0.26977551053974386,-0.13286397324211474,0.8998617668354897,-0.9276156510024387,-0.1420253202510371,-0.2590629951273008,0.22857028892352657
1765607711.7111955,355.25,393.57000732421875,346.0299987792969,223.3300018310547,160.5800018310547,229.8300018310547,719.2999877929688,591.4199829101562,447.2799987792969,-10910.3896484375,0,-0.2605567041402815,-0.12800617570507578,0.8674675391455005,0.97573174253239,0.09992760001702786,0.06807376628988006,0.18255958948423764
1765607711.7483866,355.25,393.57000732421875,346.0299987792969,223.3300018310547,160.5800018310547,229.8300018310547,719.2999877929688,591.4199829101562,447.2799987792969,-10861.7001953125,0,-0.2610022494567019,-0.12761054142898495,0.8664461142780603,-0.9140902629512447,-0.15113971208046045,-0.26728363801694627,0.26486833608112875
1765607712.081793,355.25,393.57000732421875,346.0299987792969,223.3300018310547,160.5800018310547,229.8300018310547,719.2999877929688,591.4199829101562,447.19000244140625,-10708.8603515625,0,-0.26247203616790454,-0.1291262840571581,0.8634772335261974,0.97908048211147,0.09781471878899309,0.048834875880975306,0.1716066584788936
1765607712.378429,355.25,393.57000732421875,346.0299987792969,223.3300018310547,160.5800018310547,229.8300018310547,719.2999877929688,591.4199829101562,447.2799987792969,-10555.75,0,-0.25644453720056276,-0.13203607781316243,0.8658037500448057,-0.9202082040373276,-0.15139368399743433,-0.26160927050084853,0.2487114859754067
1765607712.4158208,355.25,393.57000732421875,346.0299987792969,223.3300018310547,160.5800018310547,229.8300018310547,719.2999877929688,591.4199829101562,447.2799987792969,-10555.75,0,-0.2597020501589487,-0.13403149720046387,0.8778534291090695,-0.9235227772232419,-0.14432026408972712,-0.24060577343519815,0.26150755842344564
1765607712.447431,355.25,393.57000732421875,346.0299987792969,223.3300018310547,160.5800018310547,229.8300018310547,719.2999877929688,591.4199829101562,447.2799987792969,-10507.849609375,0,-0.25537402060284886,-0.1325072468953143,0.8658485031492278,-0.9249095846540693,-0.15704048926898143,-0.21989405724126238,0.26744559920696515
1765607712.746496,355.25,393.57000732421875,346.0299987792969,223.3300018310547,160.5800018310547,229.8300018310547,719.2999877929688,591.4199829101562,447.2799987792969,-10355.8896484375,0,-0.25966974145805705,-0.13608604292598225,0.8798827402367209,-0.9317932596161065,-0.14502123760071306,-0.2322655601495137,0.23829156835100487
1765607712.9936016,355.25,393.57000732421875,346.0299987792969,223.3300018310547,160.5800018310547,229.8300018310547,719.2999877929688,591.4199829101562,447.2799987792969,-10256.5703125,0,-0.25283452700577097,-0.13090103281775134,0.8464109000437989,-0.9162057964849372,-0.1534091261558232,-0.2483951146077468,0.2744675673709249
1765607713.3826418,355.25,393.57000732421875,346.0299987792969,223.3300018310547,160.49000549316406,229.8300018310547,719.2999877929688,591.4199829101562,447.2799987792969,-10057.58984375,0,-0.2549635488772097,-0.1353477985060763,0.8571624236500759,-0.9275274030045033,-0.14217616997970836,-0.25892380023583594,0.22899196282196363
1765607713.725977,355.25,393.57000732421875,346.0299987792969,223.3300018310547,160.5800018310547,229.8300018310547,719.2999877929688,591.4199829101562,447.2799987792969,-9904.1298828125,0,-0.2497255596441024,-0.13764983583383203,0.8561327640445501,-0.9274732006749582,-0.14190392805056096,-0.25579847918060794,0.23286020545051958
1765607713.7701676,355.25,393.57000732421875,346.0299987792969,223.3300018310547,160.5800018310547,229.8300018310547,719.2999877929688,591.4199829101562,447.2799987792969,-9850.33984375,0,-0.2479441891247205,-0.13674199292082825,0.8505250085667723,-0.9243193024612131,-0.16132423060558232,-0.21838800218153784,0.26816972278818124
1765607713.8498278,355.25,393.57000732421875,346.0299987792969,223.3300018310547,160.5800018310547,229.8300018310547,719.2999877929688,591.4199829101562,447.2799987792969,-9802.08984375,0,-0.24753130739900814,-0.13691417542214768,0.849660033711141,-0.9261672669660599,-0.1560149860020788,-0.2561812129403045,0.22857100402243707
1765607713.947873,355.25,393.57000732421875,346.0299987792969,223.3300018310547,160.5800018310547,229.75,719.2999877929688,591.4199829101562,447.19000244140625,-9750.58984375,0,-0.2464402593794532,-0.13620084683120132,0.8437485505693467,0.9742180456048323,0.09916810401139664,0.08121735986867942,0.18565728431884174
1765607714.0919375,355.25,393.57000732421875,346.0299987792969,223.3300018310547,160.5800018310547,229.8300018310547,719.2999877929688,591.4199829101562,447.19000244140625,-9698.2900390625,0,-0.2525210129890384,-0.13884812395412685,0.8587955787216585,-0.9336310406170006,-0.14830104277155495,-0.2096749858824109,0.24975243943652856
1765607714.126481,355.25,393.57000732421875,346.0299987792969,223.3300018310547,160.5800018310547,229.8300018310547,719.2999877929688,591.4199829101562,447.19000244140625,-9698.2900390625,0,-0.24929215216557069,-0.13751558026303073,0.8467980183312497,-0.9225978419562127,-0.15375658904254222,-0.24095426470220932,0.25906210773781574
1765607714.1624072,355.25,393.57000732421875,346.0299987792969,223.3300018310547,160.5800018310547,229.8300018310547,719.2999877929688,591.4199829101562,447.19000244140625,-9650.919921875,0,-0.24636998214153874,-0.13611958868719592,0.8363672261462066,-0.9164177450453949,-0.14349856710149372,-0.2467627232297563,0.28052599920500526
1765607714.2817864,355.25,393.57000732421875,346.0299987792969,223.3300018310547,160.5800018310547,229.8300018310547,719.2999877929688,591.4199829101562,447.2799987792969,-9598.3603515625,0,-0.2544761678973753,-0.14075822655103845,0.8591336409263708,-0.9330183755774167,-0.14826455831741145,-0.21174239339133866,0.2503187776071323
1765607714.3293726,355.25,393.57000732421875,346.0299987792969,223.3300018310547,160.5800018310547,229.8300018310547,719.2999877929688,591.4199829101562,447.2799987792969,-9598.3603515625,0,-0.24808791500331423,-0.13745972391131192,0.8380995587803189,-0.9240108763451959,-0.14454170309530967,-0.24098150661348233,0.2593058231748507
1765607714.3609495,355.25,393.57000732421875,346.0299987792969,223.3300018310547,160.5800018310547,229.8300018310547,719.2999877929688,591.4199829101562,447.2799987792969,-9550.01953125,0,-0.24764275133772737,-0.13768141615453935,0.8376154821446689,-0.9230565264083838,-0.1444990383841816,-0.242398430360321,0.2613994604428023
1765607714.484746,355.25,393.57000732421875,346.0299987792969,223.3300018310547,160.5800018310547,229.8300018310547,719.2999877929688,591.4199829101562,447.19000244140625,-9496.849609375,0,-0.24925993659800297,-0.13891161169954763,0.8451131650113056,-0.9250637669751214,-0.15955735177769576,-0.2010852706936213,0.27993426448643266
1765607714.5842667,355.25,393.57000732421875,346.0299987792969,223.3300018310547,160.5800018310547,229.8300018310547,719.2999877929688,591.4199829101562,447.19000244140625,-9448.58984375,0,-0.24595061391551137,-0.13815790004457998,0.8395717463764184,-0.9255816999734493,-0.1467236253684765,-0.2593889095214509,0.2334268366110956
1765607714.7655728,355.25,393.57000732421875,346.0299987792969,223.3300018310547,160.5800018310547,229.8300018310547,719.2999877929688,591.4199829101562,447.2799987792969,-9343.830078125,0,-0.24401166071532868,-0.14034933596522392,0.839139898459352,-0.9186045421503065,-0.1459248402969317,-0.261664118916701,0.2576888142638079
1765607714.8783312,355.25,393.57000732421875,346.0299987792969,223.3300018310547,160.5800018310547,229.8300018310547,719.2999877929688,591.4199829101562,447.2799987792969,-9297.330078125,0,-0.2427163221457506,-0.14150664944139288,0.83883966581849,-0.9184054653119406,-0.14578237778875608,-0.26107961325673573,0.25906820560062516
1765607714.9503267,355.25,393.57000732421875,346.0299987792969,223.3300018310547,160.5800018310547,229.8300018310547,719.2999877929688,591.4199829101562,447.2799987792969,-9246.009765625,0,-0.2430567702589577,-0.14230324542301895,0.8403870840026478,0.9861666240066526,0.12195876292860938,0.010904957494610713,0.11172525113995292
1765607715.0778892,355.25,393.57000732421875,346.0299987792969,223.3300018310547,160.5800018310547,229.8300018310547,719.2999877929688,591.4199829101562,447.2799987792969,-9197.9296875,0,-0.24134590584935878,-0.1415688726746742,0.8356527715340984,-0.92211395245094,-0.14397594496580324,-0.24007111658879793,0.2671004398092923
1765607715.2918322,355.25,393.57000732421875,346.0299987792969,223.3300018310547,160.5800018310547,229.8300018310547,719.2999877929688,591.4199829101562,447.19000244140625,-9089.8203125,0,-0.24848320590186893,-0.14555221266414298,0.8559700358233795,0.9882730903681919,0.11623076608220273,0.03930266972776342,0.09089558857457515
1765607715.3229969,355.25,393.57000732421875,346.0299987792969,223.3300018310547,160.5800018310547,229.8300018310547,719.2999877929688,591.4199829101562,447.19000244140625,-9089.8203125,0,-0.2432596530877473,-0.1426550975370984,0.8375929445297323,-0.9239373303065259,-0.1463977063983477,-0.260237295877279,0.23913191142512644
1765607715.3605304,355.25,393.57000732421875,346.0299987792969,223.3300018310547,160.5800018310547,229.8300018310547,719.2999877929688,591.4199829101562,447.19000244140625,-9042.1904296875,0,-0.24328350414701166,-0.14317977174784494,0.837141869970277,-0.9293024932368336,-0.14480394465369736,-0.23506302802889964,0.24530402876923668
1765607715.392854,355.25,393.57000732421875,346.0299987792969,223.3300018310547,160.5800018310547,229.8300018310547,719.2999877929688,591.4199829101562,447.19000244140625,-9042.1904296875,0,-0.24020338790741874,-0.14131484248479304,0.8245179455851981,-0.9182616482718268,-0.15049328629312583,-0.26226776154386655,0.25566176356383996
1765607715.765979,355.25,393.57000732421875,346.0299987792969,223.3300018310547,160.5800018310547,229.8300018310547,719.2999877929688,591.4199829101562,447.19000244140625,-8843.1201171875,0,-0.2436217998418771,-0.14531575981639103,0.8398805061412771,-0.9316596635564087,-0.14624823774515489,-0.25515683645925824,0.2133464625122701
1765607715.9146047,355.25,393.57000732421875,346.0299987792969,223.3300018310547,160.5800018310547,229.8300018310547,719.2999877929688,591.4199829101562,447.19000244140625,-8789.5,0,-0.24149694720340822,-0.14657093331695342,0.8371155289194033,0.985238402259862,0.10800325857939089,0.05599213687866715,0.1204386460253863
1765607715.9522815,355.25,393.57000732421875,346.0299987792969,223.3300018310547,160.5800018310547,229.8300018310547,719.2999877929688,591.4199829101562,447.19000244140625,-8735.6201171875,0,-0.2377851966957377,-0.14504334096046775,0.8258132610429975,0.9802386520953489,0.10923866067436458,0.06932400309643959,0.14964385235301078
1765607716.0195796,355.25,393.57000732421875,346.0299987792969,223.3300018310547,160.5800018310547,229.8300018310547,719.2999877929688,591.4199829101562,447.19000244140625,-8735.6201171875,0,-0.24104838199677975,-0.14763917968452742,0.8393429763465216,-0.9313215204777138,-0.14609935198643842,-0.2538398733702836,0.2164729163927457
1765607716.3250325,355.25,393.57000732421875,346.0299987792969,223.3300018310547,160.49000549316406,229.8300018310547,719.2999877929688,591.4199829101562,447.2799987792969,-8590.25,0,-0.23749303564825258,-0.14750444198000912,0.8304952020197237,0.9835798439349648,0.12257852159205433,0.05625449728199261,0.11991925693868746
1765607716.3579972,355.25,393.57000732421875,346.0299987792969,223.3300018310547,160.49000549316406,229.8300018310547,719.2999877929688,591.4199829101562,447.2799987792969,-8536.900390625,0,-0.23648355508600066,-0.14671648029433154,0.8265303758770589,-0.9302814130357155,-0.1568987190192297,-0.2110909998633323,0.25573399130169583
1765607716.6574655,355.25,393.57000732421875,346.0299987792969,223.3300018310547,160.5800018310547,229.8300018310547,719.2999877929688,591.4199829101562,447.19000244140625,-8382.919921875,0,-0.2414314895968657,-0.15131504611789423,0.8396239797764177,-0.9308600043216516,-0.14581903772849472,-0.2540346476055721,0.21840984045171458
1765607716.6983027,355.25,393.57000732421875,346.0299987792969,223.3300018310547,160.5800018310547,229.8300018310547,719.2999877929688,591.4199829101562,447.19000244140625,-8382.919921875,0,-0.23677558750315675,-0.14848572000144286,0.8239537908499824,-0.9231846365691905,-0.15039544065862628,-0.2585389792163651,0.24138959061539797
1765607716.9244294,355.25,393.57000732421875,346.0299987792969,223.3300018310547,160.5800018310547,229.8300018310547,719.2999877929688,591.4199829101562,447.19000244140625,-8285.099609375,0,-0.23742528602837132,-0.15104839301857587,0.8302573814353037,0.9837429302829046,0.12265516621899362,0.05532844998167247,0.11892989506772923
1765607717.0599186,355.25,393.57000732421875,346.0299987792969,223.3300018310547,160.5800018310547,229.8300018310547,719.2999877929688,591.4199829101562,447.19000244140625,-8187.7998046875,0,-0.2391172723548247,-0.15406261653476502,0.8389312608608064,-0.9372470583151296,-0.14522799056346958,-0.2513468255549095,0.19313610672270246
1765607717.2227926,355.25,393.57000732421875,346.0299987792969,223.3300018310547,160.5800018310547,229.8300018310547,719.2999877929688,591.4199829101562,447.19000244140625,-8134.72021484375,0,-0.23256787634732745,-0.15167193158552095,0.8211288019099162,-0.9339108619471105,-0.1493085990204558,-0.22919569722640104,0.23018856741519056
1765607717.3889596,355.25,393.57000732421875,346.0299987792969,223.3300018310547,160.5800018310547,229.8300018310547,719.2999877929688,591.4199829101562,447.2799987792969,-8032.14990234375,0,-0.23653297767278894,-0.15500494053050984,0.8367165621169232,-0.934775609504489,-0.14456171816003965,-0.22650011027845812,0.2323664553285924
1765607717.6177204,355.25,393.57000732421875,346.0299987792969,223.3300018310547,160.5800018310547,229.8300018310547,719.2999877929688,591.4199829101562,447.19000244140625,-7931.06982421875,0,-0.23055371008968925,-0.15236730356274023,0.8145687824809635,-0.9240499300190642,-0.14269671540921608,-0.2779345513256984,0.22027655213972855
1765607717.6535265,355.25,393.57000732421875,346.0299987792969,223.3300018310547,160.5800018310547,229.8300018310547,719.2999877929688,591.4199829101562,447.2799987792969,-7883.52978515625,0,-0.22933272109962655,-0.15140998876824027,0.8086981655906598,-0.9219929800065755,-0.1544739349593329,-0.25795224805688366,0.24398234763845988
1765607718.0880606,355.25,393.57000732421875,346.0299987792969,223.3300018310547,160.5800018310547,229.8300018310547,719.2999877929688,591.4199829101562,447.19000244140625,-7700.10009765625,0,-0.23182695929219835,-0.15649901493010945,0.8216447975632968,-0.9337923122258343,-0.1490039474224633,-0.22747592815905565,0.23256062303973613
1765607718.1811101,355.25,393.57000732421875,346.0299987792969,223.3300018310547,160.5800018310547,229.8300018310547,719.2999877929688,591.4199829101562,447.19000244140625,-7700.10009765625,0,-0.22661146071663738,-0.15404388769956937,0.8057389513671879,-0.9250431921884861,-0.1528995277263311,-0.23557847906994583,0.25577256929915626
1765607719.354298,355.25,393.57000732421875,346.0299987792969,223.3300018310547,160.5800018310547,229.8300018310547,719.2999877929688,591.4199829101562,447.2799987792969,-7700.18994140625,0,-0.23030382316584297,-0.15553612245746773,0.8177333922500177,0.9848750152446982,0.11189402207827014,0.08448364855116094,0.10180100833187819
1765607719.4581838,355.25,393.57000732421875,346.0299987792969,223.3300018310547,160.49000549316406,229.8300018310547,719.2999877929688,591.4199829101562,447.2799987792969,-7700.18994140625,0,-0.2264878154303866,-0.1532867186663865,0.8063305011649496,-0.9260598977370187,-0.15297207294012233,-0.2338958841797256,0.2535849484245639
1765607719.685854,355.25,393.57000732421875,346.0299987792969,224.1199951171875,160.5800018310547,229.8300018310547,718.9500122070312,591.4199829101562,447.2799987792969,-7700.10009765625,0,-0.2264878154303866,-0.1532867186663865,0.8063305011649496,-0.9260598977370187,-0.15297207294012233,-0.2338958841797256,0.2535849484245639
1765607719.7652407,355.25,393.57000732421875,346.0299987792969,224.1199951171875,160.5800018310547,229.8300018310547,718.9500122070312,591.4199829101562,447.2799987792969,-7700.10009765625,0,-0.22951120293551092,-0.1546898292786769,0.8160308416384423,-0.9283182726918952,-0.14719767134434192,-0.21265177196080093,0.26709034804550885
1765607719.80019,355.25,393.57000732421875,346.0299987792969,224.1199951171875,160.5800018310547,229.8300018310547,718.9500122070312,591.4199829101562,447.2799987792969,-7700.10009765625,0,-0.23322521373770352,-0.15631455862130503,0.8292623754903448,-0.9374498461426216,-0.13626082244708243,-0.24931725626946022,0.20115088853765486
1765607719.8549395,355.25,393.57000732421875,346.0299987792969,235.11000061035156,160.5800018310547,229.8300018310547,718.0700073242188,591.4199829101562,447.19000244140625,-7700.10009765625,0,-0.23355482024222438,-0.152303355036701,0.8277674424686058,-0.9362981700264129,-0.1357076843636431,-0.22536461360006954,0.23267993498954626
1765607719.9400966,355.25,393.57000732421875,346.0299987792969,235.11000061035156,160.5800018310547,229.8300018310547,718.0700073242188,591.4199829101562,447.19000244140625,-7700.10009765625,0,-0.2376175429242034,-0.14852898013404223,0.8426694385324469,-0.9480748519215215,-0.1540344981658468,-0.18385179654138986,0.20886829686978414
1765607720.4209523,355.25,393.57000732421875,346.0299987792969,260.95001220703125,160.49000549316406,229.8300018310547,718.0700073242188,591.4199829101562,447.19000244140625,-7700.10009765625,0,-0.22582542688990637,-0.10618018038027909,0.8393424768790088,0.9856548543246142,0.07036136793030712,0.027301624955216913,0.15095829663885424
1765607720.4564276,355.25,393.57000732421875,346.0299987792969,273.5199890136719,160.49000549316406,229.8300018310547,718.0700073242188,591.4199829101562,447.19000244140625,-7700.10009765625,0,-0.22983009534489898,-0.1070957879660971,0.8576498070569077,0.9914900019086292,0.08360568573024277,0.01344930825517618,0.09887760887207725
1765607720.693873,355.25,393.57000732421875,346.0299987792969,286.0799865722656,160.49000549316406,229.8300018310547,718.0700073242188,591.4199829101562,447.19000244140625,-7700.10009765625,0,-0.22546044669109644,-0.09310958100931838,0.8762382597163182,-0.9475715666536013,-0.08696540926874208,-0.24160347433185314,0.19019175810517522
1765607720.8520215,355.25,393.57000732421875,346.0299987792969,299.3599853515625,160.49000549316406,229.8300018310547,718.0700073242188,591.4199829101562,447.19000244140625,-7700.18994140625,0,-0.22353669741318077,-0.0785145028636635,0.8804844021449424,-0.9504067992651031,-0.07475979717667713,-0.26319984185915196,0.14786389647943748
1765607720.9851344,355.25,393.57000732421875,346.0299987792969,299.3599853515625,160.49000549316406,229.8300018310547,718.0700073242188,591.4199829101562,447.19000244140625,-7700.10009765625,0,-0.22440182614338777,-0.06584142259519794,0.8978674895637415,-0.9560405757750751,-0.06584973188527815,-0.22728948916567734,0.1731753977824372
1765607721.189515,355.25,393.57000732421875,346.0299987792969,306.55999755859375,160.5800018310547,229.8300018310547,718.0700073242188,591.4199829101562,447.19000244140625,-7700.18994140625,0,-0.21132234036647204,-0.0539714374227624,0.8706600708737824,-0.9413273504810951,-0.06954476590503489,-0.2731423340067506,0.18563299853420515
1765607721.230105,355.25,393.57000732421875,346.0299987792969,306.55999755859375,160.5800018310547,229.8300018310547,718.0700073242188,591.4199829101562,447.19000244140625,-7700.18994140625,0,-0.2165599957494683,-0.05737715501756306,0.8933591219482969,0.9877337217237389,0.04693709189689951,0.010960525757355292,0.14852229209501142
1765607721.4924972,355.25,393.57000732421875,346.0299987792969,306.55999755859375,160.49000549316406,229.8300018310547,718.0700073242188,591.4199829101562,447.19000244140625,-7700.18994140625,0,-0.21087185575689257,-0.07124847054847452,0.8571337630772132,0.9905587165255157,0.027366195607757493,-0.017132218265849868,0.13323290716100195
1765607721.5182445,355.25,393.57000732421875,346.0299987792969,306.55999755859375,160.49000549316406,229.8300018310547,718.0700073242188,591.4199829101562,447.19000244140625,-7700.18994140625,0,-0.21343300811445007,-0.07236277158406111,0.8687862903696318,0.9947595380146741,0.039108815881233806,-0.04425178079228639,0.08346102051803246
1765607721.7156124,355.25,393.57000732421875,346.0299987792969,306.55999755859375,160.49000549316406,229.8300018310547,718.0700073242188,591.4199829101562,447.19000244140625,-7700.10009765625,0,-0.21003221278949122,-0.06582735554421056,0.8577070797337821,-0.9507991582622757,-0.05778655892302704,-0.251802183632831,0.1709892820422433
1765607721.9212742,355.25,393.57000732421875,346.0299987792969,306.55999755859375,160.5800018310547,229.8300018310547,718.0700073242188,591.4199829101562,447.19000244140625,-7700.18994140625,0,-0.2179421580656138,-0.0651111199246993,0.8708144207999667,-0.9420570885681906,-0.05447824517416833,-0.28231939859245786,0.17278981410824104
1765607722.154751,355.25,393.57000732421875,346.0299987792969,306.55999755859375,160.5800018310547,229.8300018310547,718.0700073242188,591.4199829101562,447.19000244140625,-7700.18994140625,0,-0.2167552447284182,-0.06708604133723037,0.8580214378231992,-0.9560339182303579,-0.0553312049293721,-0.22976187127858275,0.17362916650360705
1765607722.2627137,355.25,393.57000732421875,346.0299987792969,308.1400146484375,160.49000549316406,229.8300018310547,717.4500122070312,591.4199829101562,447.19000244140625,-7700.18994140625,0,-0.2150933841098852,-0.06586455718061193,0.8581876460146349,-0.949939916752138,-0.05796643065022933,-0.25578611389967293,0.16978666441955048
1765607722.2895336,355.25,393.57000732421875,346.0299987792969,308.1400146484375,160.49000549316406,229.8300018310547,717.4500122070312,591.4199829101562,447.19000244140625,-7700.18994140625,0,-0.21683518767393237,-0.06642405346771203,0.8686842449125914,0.9897094313568804,0.029713722723732242,0.010121492817859574,0.13960620168271756
1765607722.3270912,355.25,393.57000732421875,346.0299987792969,308.1400146484375,160.49000549316406,229.8300018310547,717.4500122070312,591.4199829101562,447.19000244140625,-7700.18994140625,0,-0.2098168563549669,-0.06404867142368445,0.8444362157384157,-0.9430767035249729,-0.05279090790340213,-0.2799081984548847,0.17167076556288183
1765607722.378634,355.25,393.57000732421875,346.0299987792969,308.1400146484375,160.49000549316406,229.8300018310547,717.4500122070312,591.4199829101562,447.19000244140625,-7700.10009765625,0,-0.21832121519514855,-0.06569714859103065,0.8850370981154758,-0.9502359184980339,-0.05969870187637433,-0.25343837132834934,0.17104606434790415
1765607722.4169605,355.25,393.57000732421875,346.0299987792969,308.1400146484375,160.49000549316406,229.8300018310547,717.4500122070312,591.4199829101562,447.19000244140625,-7700.10009765625,0,-0.21941664503762598,-0.062051452013152826,0.8992612736533127,-0.9570215458291372,-0.0533723695125039,-0.1769539917303442,0.22349146695595967
1765607722.4567645,355.25,393.57000732421875,346.0299987792969,320.010009765625,160.49000549316406,229.8300018310547,717.0999755859375,591.4199829101562,447.19000244140625,-7700.10009765625,0,-0.2205091356665079,-0.05981048173336686,0.911842297438913,-0.957303450023793,-0.05901658120262238,-0.22252411466557465,0.17484326154587673
1765607722.6149719,355.25,393.57000732421875,346.0299987792969,320.010009765625,160.49000549316406,229.8300018310547,717.0999755859375,591.4199829101562,447.19000244140625,-7700.18994140625,0,-0.2073705221095227,-0.039731811033683714,0.9166946732973758,0.9917568449806953,0.01952021617205879,-0.016341885491774313,0.12557971322274547
1765607722.6820438,355.25,393.57000732421875,346.0299987792969,332.92999267578125,160.49000549316406,229.8300018310547,717.0999755859375,591.4199829101562,447.19000244140625,-7700.10009765625,0,-0.19498657585164536,-0.037143606305740574,0.8674960926030273,0.9839504947665583,0.007735742157551796,0.001045215735434277,0.17827083234781743
1765607722.817896,355.25,393.57000732421875,346.0299987792969,332.92999267578125,160.49000549316406,229.8300018310547,717.0999755859375,591.4199829101562,447.19000244140625,-7700.18994140625,0,-0.20001783987658472,-0.037887460336299146,0.9016517135331091,-0.9510778448809447,-0.024652634232635365,-0.26101698539759693,0.16344208128863397
1765607722.8598666,355.25,393.57000732421875,346.0299987792969,345.32000732421875,160.5800018310547,229.8300018310547,717.0999755859375,591.4199829101562,447.19000244140625,-7700.18994140625,0,-0.1941031181769959,-0.036238942974281776,0.885072305655507,-0.9483086131914672,-0.021023768998092773,-0.2854482716300091,0.13706954259583573
1765607722.8934736,355.25,393.57000732421875,346.0299987792969,345.32000732421875,160.5800018310547,229.8300018310547,717.0999755859375,591.4199829101562,447.19000244140625,-7700.18994140625,0,-0.19005392934090187,-0.035113748391582,0.8730595960963621,-0.9460896857422609,-0.027487955130945322,-0.280006124793637,0.16048454421806274
1765607723.4201035,355.25,393.57000732421875,346.0299987792969,369.760009765625,160.5800018310547,229.8300018310547,717.0999755859375,591.4199829101562,447.19000244140625,-7700.18994140625,0,-0.18159384968053344,-0.02978735074684138,0.885883288613146,0.9883668161881358,-0.03627205238202872,-0.07590094145633165,0.1267060454759984
1765607723.4514868,355.25,393.57000732421875,346.0299987792969,381.3599853515625,160.5800018310547,229.8300018310547,717.0999755859375,591.4199829101562,447.19000244140625,-7700.10009765625,0,-0.1814830960623513,-0.02886035010170876,0.8982940326407869,-0.9588560113590331,0.023253900416199347,-0.2479561324531168,0.1362797196026315
1765607723.4852705,355.25,393.57000732421875,346.0299987792969,381.3599853515625,160.5800018310547,229.8300018310547,717.0999755859375,591.4199829101562,447.19000244140625,-7700.10009765625,0,-0.177491667513842,-0.028054826045882233,0.8832821223995687,-0.947816451297476,0.012367695518750388,-0.27168641571356805,0.16636558019653322
1765607723.5188456,355.25,393.57000732421875,346.0299987792969,381.3599853515625,160.5800018310547,229.8300018310547,717.0999755859375,591.4199829101562,447.19000244140625,-7700.10009765625,0,-0.17916991273616847,-0.028181164165403536,0.8972562346731306,-0.9517689342454236,0.01943480785667923,-0.2726252846743869,0.1394045845914475
1765607723.887288,355.25,393.57000732421875,346.0299987792969,382.67999267578125,160.5800018310547,229.8300018310547,717.0999755859375,591.4199829101562,447.19000244140625,-7700.18994140625,0,-0.17387072255837832,-0.027131217177729067,0.8891813524161113,-0.9459825831028146,0.029773246568761406,-0.29906040131591594,0.12162805029945022
1765607726.0612094,355.25,393.57000732421875,346.0299987792969,382.760009765625,160.5800018310547,229.8300018310547,716.3099975585938,596.3400268554688,447.19000244140625,-7700.10009765625,0,-0.17188822617766766,-0.02684200706241485,0.8798524063992403,-0.9451054344264975,0.023129902586802142,-0.29231837744439293,0.14418977644792935
1765607726.3007605,355.25,393.57000732421875,346.0299987792969,380.57000732421875,160.5800018310547,229.8300018310547,716.219970703125,609.7000122070312,447.19000244140625,-7700.10009765625,0,-0.17324097487311405,-0.027227268133119792,0.8855787240782161,0.9879340978593769,-0.035930352482741734,-0.07837507598950141,0.1286568129594574
1765607726.488899,355.25,393.57000732421875,346.0299987792969,380.4800109863281,160.5800018310547,229.8300018310547,716.3099975585938,623.0599975585938,447.19000244140625,-7700.10009765625,0,-0.17387072255837832,-0.027131217177729067,0.8891813524161113,-0.9459825831028146,0.029773246568761406,-0.29906040131591594,0.12162805029945022
1765607726.6535783,355.25,393.57000732421875,346.0299987792969,380.4800109863281,160.5800018310547,229.8300018310547,716.3099975585938,636.239990234375,447.19000244140625,-7700.18994140625,0,-0.17324097487311405,-0.027227268133119792,0.8855787240782161,0.9879340978593769,-0.035930352482741734,-0.07837507598950141,0.1286568129594574
1765607726.8545284,355.25,393.57000732421875,346.0299987792969,380.4800109863281,160.5800018310547,229.8300018310547,716.219970703125,648.4600219726562,447.19000244140625,-7700.10009765625,0,-0.1703482717929438,-0.027173949006392133,0.8703516314711744,-0.9500267770954358,0.020482602380762382,-0.2650424311080958,0.16365236177239
1765607727.0710196,355.25,393.57000732421875,346.0299987792969,380.4800109863281,160.5800018310547,229.8300018310547,716.3099975585938,661.030029296875,447.19000244140625,-7700.10009765625,0,-0.17287712226618152,-0.028042151431202995,0.8824862134627601,-0.9458256425582194,0.027786170574741868,-0.3078758574336991,0.09926851975116392
1765607727.371034,355.25,393.57000732421875,346.0299987792969,380.4800109863281,160.5800018310547,229.8300018310547,716.3099975585938,673.3300170898438,447.19000244140625,-7700.18994140625,0,-0.1765572814672541,-0.0296220678784617,0.8970696663844786,-0.961482293753663,0.02825632941536821,-0.2153334490896257,0.1684781420521094
1765607727.4531345,355.25,393.57000732421875,346.0299987792969,380.4800109863281,160.5800018310547,229.8300018310547,716.219970703125,675.969970703125,447.19000244140625,-7700.18994140625,0,-0.17453673902649072,-0.02940581956870226,0.8852487461159187,-0.9533197200282242,0.03243736602345387,-0.2863414119891621,0.0902104454640467
1765607727.5573547,355.25,393.57000732421875,346.0299987792969,380.4800109863281,160.5800018310547,229.8300018310547,716.219970703125,675.969970703125,447.19000244140625,-7700.18994140625,0,-0.17654226634124823,-0.029794762247400904,0.8958778330045336,0.9919676501429369,-0.05790945751089566,-0.05532847941896849,0.09790523564079075
1765607728.2872329,355.25,393.57000732421875,346.0299987792969,380.4800109863281,160.5800018310547,229.8300018310547,716.219970703125,675.969970703125,447.19000244140625,-7700.18994140625,0,-0.17453673902649072,-0.02940581956870226,0.8852487461159187,-0.9533197200282242,0.03243736602345387,-0.2863414119891621,0.0902104454640467
1765607729.0561855,355.25,393.57000732421875,346.0299987792969,380.4800109863281,160.5800018310547,229.8300018310547,716.219970703125,675.969970703125,447.19000244140625,-7700.10009765625,0,-0.17654226634124823,-0.029794762247400904,0.8958778330045336,0.9919676501429369,-0.05790945751089566,-0.05532847941896849,0.09790523564079075
1765607729.3227508,355.25,393.57000732421875,346.0299987792969,380.3900146484375,160.5800018310547,230.19000244140625,715.9600219726562,675.969970703125,447.19000244140625,-7700.18994140625,0,-0.17453673902649072,-0.02940581956870226,0.8852487461159187,-0.9533197200282242,0.03243736602345387,-0.2863414119891621,0.0902104454640467
1765607729.4863012,355.25,393.57000732421875,346.0299987792969,379.3399963378906,160.5800018310547,239.67999267578125,715.52001953125,675.8800048828125,447.19000244140625,-7700.10009765625,0,-0.17583895293802373,-0.029482534770009918,0.8914610187110786,0.9921689760304438,-0.046926300491751526,-0.08768396202042603,0.07556565442884106
1765607729.6701953,355.25,393.57000732421875,346.0299987792969,379.3399963378906,160.5800018310547,253.64999389648438,715.52001953125,675.8800048828125,447.19000244140625,-7700.18994140625,0,-0.17453673902649072,-0.02940581956870226,0.8852487461159187,-0.9533197200282242,0.03243736602345387,-0.2863414119891621,0.0902104454640467
1765607729.8593328,355.25,393.57000732421875,346.0299987792969,379.3399963378906,160.5800018310547,267.45001220703125,715.52001953125,675.8800048828125,447.19000244140625,-7700.18994140625,0,-0.17583895293802373,-0.029482534770009918,0.8914610187110786,0.9921689760304438,-0.046926300491751526,-0.08768396202042603,0.07556565442884106
1765607730.0560167,355.25,393.57000732421875,346.0299987792969,379.3399963378906,160.5800018310547,281.07000732421875,715.52001953125,675.8800048828125,447.19000244140625,-7700.18994140625,0,-0.17583895293802373,-0.029482534770009918,0.8914610187110786,0.9921689760304438,-0.046926300491751526,-0.08768396202042603,0.07556565442884106
1765607730.662012,355.25,393.57000732421875,346.0299987792969,379.3399963378906,160.5800018310547,318.25,715.52001953125,675.8800048828125,447.19000244140625,-7700.10009765625,0,-0.17392528183388997,-0.02924441462820159,0.8805149050069871,-0.9619011337459884,0.029816909758725807,-0.24982077289030477,0.10698944912052269
1765607730.6961029,355.25,393.57000732421875,346.0299987792969,379.3399963378906,160.5800018310547,318.25,715.52001953125,675.8800048828125,447.19000244140625,-7700.10009765625,0,-0.17218001941510433,-0.028953962422952183,0.8705604258465452,0.9930619331995644,-0.04052630362718579,-0.0530944738036305,0.09678115723515962
1765607731.6946177,355.25,393.57000732421875,346.0299987792969,378.4599914550781,160.5800018310547,318.42999267578125,715.4299926757812,675.8800048828125,450.260009765625,-7700.10009765625,0,-0.17218001941510433,-0.028953962422952183,0.8705604258465452,0.9930619331995644,-0.04052630362718579,-0.0530944738036305,0.09678115723515962
1765607731.7349398,355.25,393.57000732421875,346.0299987792969,378.4599914550781,160.5800018310547,318.42999267578125,715.4299926757812,675.8800048828125,450.260009765625,-7700.10009765625,0,-0.17392528183388997,-0.02924441462820159,0.8805149050069871,-0.9619011337459884,0.029816909758725807,-0.24982077289030477,0.10698944912052269
1765607731.7998576,355.25,393.57000732421875,346.0299987792969,378.4599914550781,160.5800018310547,318.42999267578125,715.4299926757812,675.8800048828125,450.260009765625,-7700.18994140625,0,-0.17199240491280282,-0.028861562273259467,0.8691639901913546,-0.952781619531956,0.018901726486648895,-0.2695306119234198,0.1385754648344143
1765607731.8702335,355.25,393.57000732421875,346.0299987792969,378.19000244140625,160.5800018310547,318.42999267578125,715.25,675.8800048828125,461.6000061035156,-7700.10009765625,0,-0.17218001941510433,-0.028953962422952183,0.8705604258465452,0.9930619331995644,-0.04052630362718579,-0.0530944738036305,0.09678115723515962
1765607731.90017,355.25,393.57000732421875,346.0299987792969,378.19000244140625,160.5800018310547,318.42999267578125,715.25,675.8800048828125,461.6000061035156,-7700.10009765625,0,-0.17508061943094763,-0.029219905799140997,0.8847417353650046,-0.9598328908972651,0.015063309466757716,-0.24499361657884625,0.13591190564231248
1765607732.2268076,355.25,393.57000732421875,346.0299987792969,378.19000244140625,160.5800018310547,318.42999267578125,715.25,675.8800048828125,474.6099853515625,-7700.18994140625,0,-0.1967125088781507,-0.03325053102020614,0.9258197403169828,-0.9589013116838592,0.02300893595656639,-0.2618326344565081,0.10687625952795071
1765607732.2963457,355.25,393.57000732421875,346.0299987792969,378.19000244140625,160.5800018310547,318.42999267578125,715.25,675.8800048828125,488.5,-7700.18994140625,0,-0.20042198293918473,-0.03394842251148457,0.9131372564606677,-0.9474085645693745,0.03304601004195535,-0.3039298739436846,0.09461292049968908
1765607732.6269724,355.25,393.57000732421875,346.0299987792969,378.19000244140625,160.5800018310547,318.42999267578125,715.25,675.8800048828125,501.4200134277344,-7700.18994140625,0,-0.20808494018885593,-0.037390862407556257,0.8862271010341916,-0.9456817293748806,-0.011089892559458026,-0.24509123510225417,0.21329174265687503
1765607732.690709,355.25,393.57000732421875,346.0299987792969,378.19000244140625,160.5800018310547,318.42999267578125,715.25,675.8800048828125,514.9500122070312,-7700.18994140625,0,-0.2110067806297235,-0.04225672712107429,0.9014464137848066,-0.9436494920732458,0.008897623380263509,-0.2674689088901873,0.194696818631381
1765607732.8200545,355.25,393.57000732421875,346.0299987792969,378.19000244140625,160.5800018310547,318.42999267578125,715.25,675.8800048828125,514.9500122070312,-7700.18994140625,0,-0.20407346410233743,-0.05719291356339056,0.8966473171444628,-0.9296687838987818,-0.018938089086475873,-0.27099327793704353,0.24883718439744712
1765607732.8739038,355.25,393.57000732421875,346.0299987792969,378.19000244140625,160.5800018310547,318.42999267578125,715.25,675.969970703125,528.1300048828125,-7700.18994140625,0,-0.20242953269061775,-0.06003854330154987,0.8957883018070381,-0.9353963171838047,-0.015406027226292196,-0.24680256721607327,0.25275457847412686
1765607732.9244053,355.25,393.57000732421875,346.0299987792969,378.19000244140625,160.5800018310547,318.42999267578125,715.25,675.969970703125,528.1300048828125,-7700.18994140625,0,-0.19654163664000301,-0.0648072573914306,0.8859963317633243,-0.93111959182607,-0.014462850342181088,-0.28353275784455634,0.22894607860081964
1765607732.9647229,355.25,393.57000732421875,346.0299987792969,378.19000244140625,160.5800018310547,318.42999267578125,715.25,675.969970703125,528.1300048828125,-7700.10009765625,0,-0.19071118985328192,-0.06541965250190562,0.8667423654344806,-0.9247223325174253,-0.014994826475037637,-0.26647248084264635,0.27139672045933283
1765607733.1660032,355.25,393.57000732421875,346.0299987792969,378.19000244140625,160.5800018310547,318.42999267578125,715.25,675.969970703125,530.3300170898438,-7700.10009765625,0,-0.18586418590206294,-0.06660669299481849,0.8559336828141002,-0.9214778244741463,-0.009484879552459193,-0.2806983749114912,0.26832271313535466
1765607733.2919064,355.25,393.57000732421875,346.0299987792969,378.19000244140625,160.5800018310547,318.42999267578125,715.25,675.8800048828125,530.510009765625,-7700.10009765625,0,-0.18767020534077272,-0.06157346888984852,0.8439671483460467,-0.9223263984490676,-0.01806103610433374,-0.2830857677704428,0.2623933341086028
1765607733.3243778,355.25,393.57000732421875,346.0299987792969,378.19000244140625,160.5800018310547,318.42999267578125,715.25,675.8800048828125,530.510009765625,-7700.10009765625,0,-0.1928586489889284,-0.061795648202500116,0.8596543123490361,-0.9163759384068391,-0.019006606735442026,-0.31878414658706317,0.24139294996778052
1765607733.3659596,355.25,393.57000732421875,346.0299987792969,378.19000244140625,160.5800018310547,318.42999267578125,715.25,675.8800048828125,530.510009765625,-7700.10009765625,0,-0.19773628136196156,-0.061813198816451406,0.8729800840138587,-0.9253316065568046,-0.010073281790959399,-0.3044244208021469,0.2258001747568862
1765607733.5912244,355.25,393.57000732421875,346.0299987792969,378.19000244140625,160.5800018310547,318.42999267578125,715.25,675.8800048828125,530.510009765625,-7700.18994140625,0,-0.2002605670197324,-0.05534921834640937,0.8474323764759668,0.9805330880838588,-0.02599317111962457,-0.08623724083126967,0.17447738111768876
1765607733.6342034,355.25,393.57000732421875,346.0299987792969,378.19000244140625,160.5800018310547,318.42999267578125,715.25,675.8800048828125,530.510009765625,-7700.18994140625,0,-0.20319487061302466,-0.05570573681068214,0.8588460279487308,-0.9212626354909883,-0.02792127242433046,-0.29130659987828283,0.2561952846204608
1765607733.669954,355.25,393.57000732421875,346.0299987792969,378.19000244140625,160.5800018310547,318.42999267578125,715.25,675.8800048828125,530.510009765625,-7700.18994140625,0,-0.2002644201085252,-0.05440356379189079,0.8458251124424621,-0.9218119730174623,-0.01998879410441845,-0.2908278115555155,0.25550404798698256
1765607733.8643112,355.25,393.57000732421875,346.0299987792969,378.19000244140625,160.5800018310547,318.42999267578125,715.25,675.8800048828125,530.510009765625,-7700.18994140625,0,-0.2003262830845448,-0.05911548954174109,0.8658049648833277,-0.9291263683847933,-0.013585682858465675,-0.2529976656006856,0.2693172887023005
1765607734.0672128,355.25,393.57000732421875,346.0299987792969,378.19000244140625,160.5800018310547,318.42999267578125,715.25,675.8800048828125,530.510009765625,-7700.18994140625,0,-0.19166865157269453,-0.06459628322584768,0.8682500127903744,-0.9260925309688213,-0.015043069796737307,-0.26427868338447413,0.26885517968494166
1765607734.1275015,355.25,393.57000732421875,346.0299987792969,378.19000244140625,160.5800018310547,318.42999267578125,715.25,675.8800048828125,530.510009765625,-7700.18994140625,0,-0.18720567358680318,-0.0650591819715817,0.8578457519551053,-0.92732804224466,-0.011785322236972264,-0.2798425596400394,0.2482175458354381
1765607734.1591709,355.25,393.57000732421875,346.0299987792969,378.19000244140625,160.5800018310547,318.42999267578125,715.25,675.8800048828125,530.510009765625,-7700.18994140625,0,-0.1832770017562302,-0.06456174600683912,0.8433265802721551,-0.9223879919957507,-0.01732838358659844,-0.2803909258613307,0.26510572992477643
1765607734.5910108,355.25,393.57000732421875,346.0299987792969,378.19000244140625,160.5800018310547,318.42999267578125,715.25,675.8800048828125,530.510009765625,-7700.18994140625,0,-0.19567294315914088,-0.06005191465129982,0.8590919819090536,-0.9163793976389426,-0.014160493951723585,-0.3038343243690016,0.2602556115229109
1765607734.827655,355.25,393.57000732421875,346.0299987792969,378.19000244140625,160.5800018310547,318.42999267578125,715.25,675.8800048828125,530.510009765625,-7700.18994140625,0,-0.2004166683601822,-0.054643109432921284,0.8471238135498448,-0.9214895393286527,-0.00946255063009127,-0.3074952761513107,0.23709522177401499
1765607735.4299755,355.25,393.57000732421875,346.0299987792969,378.19000244140625,160.5800018310547,318.42999267578125,715.25,675.8800048828125,530.510009765625,-7700.18994140625,0,-0.18938686071137137,-0.06608064065834952,0.8692567294166694,-0.9316490993806172,-0.016826303323131567,-0.2616432993565277,0.25157427340965005
1765607735.494526,355.25,393.57000732421875,346.0299987792969,378.19000244140625,160.49000549316406,318.42999267578125,715.25,675.8800048828125,530.510009765625,-7700.18994140625,0,-0.18390668338968078,-0.06396252778805528,0.8434294523706113,-0.9224187955330417,-0.017449460875505533,-0.28076234335049655,0.2645970304422644
1765607735.5290363,355.25,393.57000732421875,346.0299987792969,378.19000244140625,160.49000549316406,318.42999267578125,715.25,675.8800048828125,530.510009765625,-7700.18994140625,0,-0.1865511524713383,-0.06462055887194791,0.854132259994982,-0.9262228903592736,-0.0068278685298826525,-0.26299726853903876,0.2699943968434462
1765607735.7215614,355.25,393.57000732421875,346.0299987792969,378.19000244140625,160.5800018310547,318.42999267578125,715.25,675.8800048828125,530.510009765625,-7700.18994140625,0,-0.19650992690018995,-0.061775774950329876,0.8703101791083571,-0.9315027806134443,-0.01781274739153549,-0.2659639363921532,0.24748426268871676
1765607735.7705922,355.25,393.57000732421875,346.0299987792969,378.19000244140625,160.5800018310547,318.42999267578125,715.25,675.8800048828125,530.510009765625,-7700.18994140625,0,-0.19315486040828878,-0.058285288451467576,0.8447085480821938,-0.9164076050651572,-0.0065278708015938935,-0.30420416336716466,0.2600275279112277
1765607735.8926682,355.25,393.57000732421875,346.0299987792969,378.19000244140625,160.5800018310547,318.42999267578125,715.25,675.8800048828125,530.510009765625,-7700.10009765625,0,-0.20001400076934464,-0.05707374892436598,0.8584707112133856,-0.9260551055726274,-0.013801872106021629,-0.28942660103372964,0.24179266403946464
1765607735.9608505,355.25,393.57000732421875,346.0299987792969,378.19000244140625,160.5800018310547,318.42999267578125,715.25,675.8800048828125,530.510009765625,-7700.18994140625,0,-0.19656047391345344,-0.05443694359947436,0.8346444948954108,-0.9122203481215045,-0.018269541503473263,-0.3226716642615164,0.251800034569174
1765607736.526666,355.25,393.57000732421875,346.0299987792969,399.7300109863281,160.5800018310547,318.5199890136719,714.8099975585938,675.969970703125,530.1599731445312,-7700.18994140625,0,-0.18460593058014826,-0.034362481348846556,0.9274644345056645,0.979331033106461,-0.059244841223500606,-0.08146232499653186,0.1753985917537357
1765607736.5797238,355.25,393.57000732421875,346.0299987792969,399.7300109863281,160.5800018310547,318.5199890136719,714.8099975585938,675.969970703125,530.1599731445312,-7700.18994140625,0,-0.17970864543707768,-0.031054933690651088,0.913602880335238,0.9797098473952526,-0.05008801627373277,-0.08112928891045375,0.17628909218501676
1765607736.635471,355.25,393.57000732421875,346.0299987792969,399.7300109863281,160.5800018310547,318.5199890136719,714.8099975585938,675.969970703125,530.1599731445312,-7700.18994140625,0,-0.17420230719752372,-0.026488797611042274,0.9007579373810063,-0.9313988021315035,0.015201530618493664,-0.23316969684726782,0.2791004789085977
1765607736.7266788,355.25,393.57000732421875,346.0299987792969,412.2900085449219,160.5800018310547,318.5199890136719,714.8099975585938,675.8800048828125,530.1599731445312,-7700.18994140625,0,-0.1751489330501603,-0.02073585844674635,0.9225258077771459,0.9740248905011972,-0.07051368898304104,-0.06455461606470174,0.20527063573456567
1765607736.8905137,355.25,393.57000732421875,346.0299987792969,424.3399963378906,160.5800018310547,318.5199890136719,714.8099975585938,675.8800048828125,530.1599731445312,-7700.18994140625,0,-0.17037485015695497,-0.0032890771938314765,0.9395609511141787,-0.9435034582028774,0.023987076830903568,-0.23922031243579142,0.22803395936228846
1765607736.9979808,355.25,393.57000732421875,346.0299987792969,424.3399963378906,160.5800018310547,318.5199890136719,714.8099975585938,675.8800048828125,530.1599731445312,-7700.18994140625,0,-0.15995038374147505,-0.0012058020962728185,0.8981618008634058,-0.946747340464057,0.02470522816079346,-0.25333612164865765,0.19717995459421053
1765607737.1558087,355.25,393.57000732421875,346.0299987792969,436.3800048828125,160.5800018310547,318.5199890136719,714.8099975585938,675.8800048828125,530.1599731445312,-7700.18994140625,0,-0.1619391775942304,0.0017752021415741702,0.9397228834862195,-0.9439941677858863,0.045989238423196965,-0.27398127193461863,0.1780288284648725
1765607737.261362,355.25,393.57000732421875,346.0299987792969,448.4200134277344,160.5800018310547,318.5199890136719,714.8099975585938,675.969970703125,530.1599731445312,-7700.18994140625,0,-0.15316460465216825,0.005243226272422937,0.9545964440606912,-0.9461112566306251,0.04562825517895747,-0.24775062773253415,0.20349736819988304
1765607737.3059347,355.25,393.57000732421875,346.0299987792969,448.4200134277344,160.5800018310547,318.5199890136719,714.8099975585938,675.969970703125,530.1599731445312,-7700.18994140625,0,-0.14769981978878727,0.005991813882396955,0.9373921523739195,-0.9411695281313274,0.04949822714371866,-0.2669847110214362,0.20116910525098966
1765607737.5304787,355.25,393.57000732421875,346.0299987792969,450.44000244140625,160.5800018310547,318.5199890136719,714.8099975585938,675.8800048828125,530.1599731445312,-7700.18994140625,0,-0.13128524902074623,0.008238310897642837,0.9056644961824631,-0.9403513410959826,0.051488517118676136,-0.2569941207758358,0.21689239219152423
1765607737.5652952,355.25,393.57000732421875,346.0299987792969,450.44000244140625,160.5800018310547,318.5199890136719,714.8099975585938,675.8800048828125,530.1599731445312,-7700.18994140625,0,-0.12932073708656366,0.00828701721663642,0.8932280868050313,-0.9418651464652082,0.04224970269554574,-0.25541182247212413,0.21417238252790224
1765607737.5917332,355.25,393.57000732421875,346.0299987792969,450.44000244140625,160.5800018310547,318.5199890136719,714.8099975585938,675.8800048828125,530.1599731445312,-7700.18994140625,0,-0.13128524902074623,0.008238310897642837,0.9056644961824631,-0.9403513410959826,0.051488517118676136,-0.2569941207758358,0.21689239219152423
1765607738.0565958,355.25,393.57000732421875,346.0299987792969,450.44000244140625,160.5800018310547,318.5199890136719,714.8099975585938,675.8800048828125,530.1599731445312,-7700.10009765625,0,-0.1336177442513609,0.008370589893830304,0.9206050955359238,-0.9441708181196957,0.05800118789304559,-0.2569712203947462,0.19784620366086147
1765607738.1027286,355.25,393.57000732421875,346.0299987792969,450.44000244140625,160.5800018310547,318.5199890136719,714.8099975585938,675.8800048828125,530.1599731445312,-7700.10009765625,0,-0.13161011030343922,0.00841954320021383,0.9079059475175721,-0.9454861786959713,0.04853487562599568,-0.2558733628778689,0.19552256624857808
1765607738.1950383,355.25,393.57000732421875,346.0299987792969,450.44000244140625,160.5800018310547,318.5199890136719,714.8099975585938,675.8800048828125,530.1599731445312,-7700.18994140625,0,-0.12942317910300655,0.008114580322907863,0.8917162489928018,-0.9369367346544025,0.04531565324043002,-0.2561283769198904,0.2334401451398656
1765607738.2391107,355.25,393.57000732421875,346.0299987792969,450.44000244140625,160.5800018310547,318.5199890136719,714.8099975585938,675.8800048828125,530.1599731445312,-7700.18994140625,0,-0.13161011030343922,0.00841954320021383,0.9079059475175721,-0.9454861786959713,0.04853487562599568,-0.2558733628778689,0.19552256624857808
1765607738.3356962,355.25,393.57000732421875,346.0299987792969,450.44000244140625,160.5800018310547,318.42999267578125,714.8099975585938,675.969970703125,530.1599731445312,-7700.10009765625,0,-0.13439702958218444,0.008160390081895855,0.9231938614752156,0.9656058384341764,-0.07721652902173366,-0.11952268803157629,0.21761732346799448
1765607738.4056234,355.25,393.57000732421875,346.0299987792969,450.44000244140625,160.5800018310547,318.42999267578125,714.8099975585938,675.969970703125,530.1599731445312,-7700.18994140625,0,-0.13161011030343922,0.00841954320021383,0.9079059475175721,-0.9454861786959713,0.04853487562599568,-0.2558733628778689,0.19552256624857808
1765607738.9046614,355.25,393.57000732421875,346.0299987792969,450.44000244140625,160.5800018310547,318.42999267578125,714.3699951171875,675.8800048828125,530.5999755859375,-7700.18994140625,0,-0.12981274696884237,0.008221124238954795,0.8939080481505823,0.9668920757671106,-0.0749132736231346,-0.11666402657122443,0.2142363651624588
1765607738.9702287,355.25,393.57000732421875,346.0299987792969,450.44000244140625,160.5800018310547,318.42999267578125,714.3699951171875,675.8800048828125,530.5999755859375,-7700.18994140625,0,-0.13161011030343922,0.00841954320021383,0.9079059475175721,-0.9454861786959713,0.04853487562599568,-0.2558733628778689,0.19552256624857808
1765607739.0619965,355.25,393.57000732421875,346.0299987792969,448.07000732421875,160.5800018310547,318.42999267578125,714.2899780273438,675.969970703125,541.489990234375,-7700.18994140625,0,-0.13410312889195486,0.008208222906114506,0.920501965276477,-0.9448389803955839,0.047831147820570574,-0.23790387412096295,0.21998461105594935
1765607739.0983214,355.25,393.57000732421875,346.0299987792969,448.07000732421875,160.5800018310547,318.42999267578125,714.2899780273438,675.969970703125,541.489990234375,-7700.18994140625,0,-0.1323982270321367,0.007931701213615227,0.9076832921846406,-0.946144031056103,0.038576001001274174,-0.2365488510799902,0.21764192081580785
1765607739.267448,355.25,393.57000732421875,346.0299987792969,447.6300048828125,160.5800018310547,318.5199890136719,714.1099853515625,675.969970703125,555.030029296875,-7700.10009765625,0,-0.1487503249341854,0.004650631690540076,0.9375868212050958,-0.945814645308129,0.03788235517021261,-0.21799970441598854,0.23764619239945312
1765607739.463,355.25,393.57000732421875,346.0299987792969,447.6300048828125,160.5800018310547,318.5199890136719,714.02001953125,675.969970703125,568.47998046875,-7700.18994140625,0,-0.16690902358750995,0.0014012564701789175,0.9105522112188389,-0.919938337690457,0.03348946253530355,-0.29727924980093934,0.25341065167866594
1765607739.494658,355.25,393.57000732421875,346.0299987792969,447.6300048828125,160.5800018310547,318.5199890136719,714.02001953125,675.969970703125,568.47998046875,-7700.18994140625,0,-0.17241332081361002,0.0015885893411146297,0.9269233976272314,-0.9278249332800154,0.03673083321854115,-0.29999403813561,0.2186213991312311
1765607739.5623548,355.25,393.57000732421875,346.0299987792969,447.6300048828125,160.5800018310547,318.5199890136719,714.02001953125,675.969970703125,568.47998046875,-7700.10009765625,0,-0.16461118180223075,0.001340336269598158,0.8681959338977335,-0.9179706901247902,0.025225313182874465,-0.296749217745642,0.26197976527585487
1765607739.6616993,355.25,393.57000732421875,346.0299987792969,447.6300048828125,160.5800018310547,318.5199890136719,714.02001953125,675.969970703125,581.5700073242188,-7700.10009765625,0,-0.16987930664142198,-0.0005507934564053508,0.893412998340441,-0.9194102241551578,0.03035744644431887,-0.283966877536638,0.27041833818444105
1765607739.727547,355.25,393.57000732421875,346.0299987792969,447.6300048828125,160.5800018310547,318.5199890136719,714.02001953125,675.969970703125,581.5700073242188,-7700.10009765625,0,-0.17158990552408013,-0.004715737774467533,0.9054824102880443,0.9573807419202737,-0.07648477602726801,-0.09209138129868018,0.2628523759199187
1765607739.964632,355.25,393.57000732421875,346.0299987792969,447.6300048828125,160.5800018310547,318.42999267578125,714.02001953125,675.969970703125,595.1099853515625,-7700.18994140625,0,-0.16068307942527207,-0.03479071825473235,0.8932504019660015,-0.9045472649251406,0.017758348406134272,-0.29816269396266115,0.3042661573479089
1765607740.2522163,355.25,393.57000732421875,346.0299987792969,447.6300048828125,160.5800018310547,318.5199890136719,714.02001953125,675.969970703125,612.6900024414062,-7700.18994140625,0,-0.14985783848656806,-0.05055619286602264,0.86870376649227,-0.8992984850777471,0.008138593989584386,-0.267831636846137,0.3456330602373867
1765607740.4649117,355.25,393.57000732421875,346.0299987792969,447.6300048828125,160.5800018310547,318.42999267578125,714.02001953125,675.969970703125,612.5999755859375,-7700.18994140625,0,-0.15820381418446033,-0.04113845943384857,0.8613591126873154,-0.8869298538229231,0.028597524283361212,-0.27785749943183186,0.367876101441777
1765607740.5976765,355.25,393.57000732421875,346.0299987792969,447.6300048828125,160.5800018310547,318.42999267578125,714.02001953125,675.969970703125,612.5999755859375,-7700.18994140625,0,-0.1691912885902887,-0.03432442581856316,0.8773229426111477,-0.8916209449493069,0.032186683696872,-0.28149590723432655,0.3531800704040734
1765607740.6382525,355.25,393.57000732421875,346.0299987792969,447.6300048828125,160.5800018310547,318.42999267578125,714.02001953125,675.969970703125,612.5999755859375,-7700.18994140625,0,-0.16918509348226834,-0.032588484225303506,0.8664468891048006,0.9433304604884836,-0.07869380328849768,-0.10533866734975385,0.30469442528466917
1765607740.6834188,355.25,393.57000732421875,346.0299987792969,447.6300048828125,160.5800018310547,318.42999267578125,713.9400024414062,675.969970703125,612.6900024414062,-7700.18994140625,0,-0.16840031472073885,-0.031084462869099248,0.8533373632761396,-0.8812871707194218,0.0076363133428984376,-0.3347219256666478,0.3335203770714725
1765607740.731783,355.25,393.57000732421875,346.0299987792969,447.6300048828125,160.5800018310547,318.42999267578125,713.9400024414062,675.969970703125,612.6900024414062,-7700.18994140625,0,-0.1674837047207374,-0.02954898694204885,0.8402714392580962,-0.8828754071355697,0.015033757380859103,-0.33320195436023403,0.33057746327409604
1765607740.7656405,355.25,393.57000732421875,346.0299987792969,447.6300048828125,160.5800018310547,318.42999267578125,713.9400024414062,675.969970703125,612.6900024414062,-7700.18994140625,0,-0.17334972390933248,-0.02979632093221694,0.8649976228159296,-0.8989074919138355,0.0167074161981412,-0.30778312817263215,0.31137714951073264
1765607741.1008756,355.25,393.57000732421875,346.0299987792969,447.6300048828125,160.5800018310547,318.5199890136719,713.9400024414062,675.969970703125,612.6900024414062,-7700.18994140625,0,-0.16013284146031131,-0.03867482505690756,0.8617267743359075,-0.8872696342139672,0.02800068523744559,-0.2789075926073624,0.3663046718430058
1765607741.140046,355.25,393.57000732421875,346.0299987792969,447.6300048828125,160.5800018310547,318.5199890136719,713.9400024414062,675.969970703125,612.6900024414062,-7700.18994140625,0,-0.16019622424428273,-0.04091224394512615,0.8744212692050679,0.9486272435471793,-0.04936382344913643,-0.1209067906124937,0.28818590131779476
1765607741.4358118,355.25,393.57000732421875,346.0299987792969,447.6300048828125,160.5800018310547,318.5199890136719,714.02001953125,675.969970703125,612.6900024414062,-7700.18994140625,0,-0.14661157378100143,-0.045212801740496404,0.8420036393401352,-0.89290628531326,0.022869811653085603,-0.28216979621347127,0.3501079026070046
1765607741.6674142,355.25,393.57000732421875,346.0299987792969,447.6300048828125,160.5800018310547,318.42999267578125,713.9400024414062,675.969970703125,612.6900024414062,-7700.10009765625,0,-0.16331309048254136,-0.04047239482082524,0.8839774967615659,-0.8945298909196956,0.02759043787433958,-0.28880311280586773,0.34007029276715867
1765607741.9030676,355.25,393.57000732421875,346.0299987792969,447.6300048828125,160.5800018310547,318.42999267578125,713.5,675.969970703125,612.5999755859375,-7700.18994140625,0,-0.16861550321007523,-0.029674478222359173,0.8482345207871739,-0.8895469219176737,0.014202650599541008,-0.30852471300258344,0.33662599407861077
1765607742.679013,355.25,393.57000732421875,346.0299987792969,487.7099914550781,160.5800018310547,318.42999267578125,713.3200073242188,675.969970703125,612.25,-7700.18994140625,0,-0.12261954493657408,0.003360609681829442,0.9066555994730359,-0.9166612640064963,0.04887369241065287,-0.24648911179713967,0.31078385901719346
1765607743.0019963,355.25,393.57000732421875,346.0299987792969,498.69000244140625,160.5800018310547,318.42999267578125,713.22998046875,675.969970703125,612.25,-7700.18994140625,0,-0.11638388452132373,0.03617833588809192,0.9325498353715227,-0.930302186388612,0.04588583902009519,-0.2531287769748493,0.26145392336931444
1765607743.2005978,355.25,393.57000732421875,346.0299987792969,510.55999755859375,160.5800018310547,318.42999267578125,713.22998046875,676.0499877929688,612.25,-7700.18994140625,0,-0.10702466114048906,0.0437652282831257,0.9157015760734563,-0.9239831465011519,0.05316185717417826,-0.26625501040865535,0.2693273683751989
1765607743.280123,355.25,393.57000732421875,346.0299987792969,513.02001953125,160.5800018310547,318.5199890136719,713.22998046875,676.0499877929688,612.25,-7700.10009765625,0,-0.10884980414282926,0.040292579280765406,0.9385299279584555,-0.9333410572544862,0.03883542000087093,-0.2639896014815217,0.24015780500758477
1765607743.5220106,355.25,393.57000732421875,346.0299987792969,513.02001953125,160.5800018310547,318.42999267578125,713.22998046875,676.0499877929688,612.25,-7700.18994140625,0,-0.10810155910500122,0.019324443622771987,0.9292000774654402,-0.9236137978643948,0.06233455200518734,-0.2659257395789819,0.2689525182075698
1765607743.554047,355.25,393.57000732421875,346.0299987792969,513.02001953125,160.5800018310547,318.42999267578125,713.22998046875,676.0499877929688,612.25,-7700.18994140625,0,-0.10322893358409695,0.01793031478151558,0.8928672646920127,-0.9146080641873235,0.06710847735744575,-0.2669726553009217,0.29616573487130016
1765607743.592997,355.25,393.57000732421875,346.0299987792969,513.02001953125,160.5800018310547,318.42999267578125,713.22998046875,676.0499877929688,612.25,-7700.18994140625,0,-0.10048792053220902,0.017016173454419296,0.8787419549322522,-0.9111691339590595,0.06139693251894013,-0.26636786125712664,0.30830080844342
1765607743.7276428,355.25,393.57000732421875,346.0299987792969,513.02001953125,160.5800018310547,318.42999267578125,713.22998046875,676.0499877929688,612.25,-7700.18994140625,0,-0.10032598379899794,0.020474417681264134,0.9096354737546943,0.9392980077053871,-0.0968642357885276,-0.14289853226305854,0.29650730517621116
1765607744.0975702,355.25,393.57000732421875,346.0299987792969,513.02001953125,160.5800018310547,318.42999267578125,712.3499755859375,676.0499877929688,612.8599853515625,-7700.18994140625,0,-0.11772838345425578,0.030667054343071095,0.9306852570321287,0.9418200720523509,-0.10106048473481778,-0.15061518853009706,0.2829784360839386
1765607744.137138,355.25,393.57000732421875,346.0299987792969,513.02001953125,160.5800018310547,318.42999267578125,712.3499755859375,676.0499877929688,612.8599853515625,-7700.18994140625,0,-0.11624415557665584,0.0318962261983574,0.9156055524652145,-0.9206554071338173,0.05312641725496137,-0.2715690678398146,0.275356943797557
1765607744.2645438,355.25,393.57000732421875,346.0299987792969,512.0499877929688,160.5800018310547,318.5199890136719,712.3499755859375,676.0499877929688,623.5800170898438,-7700.18994140625,0,-0.11893196275217283,0.033887822700443805,0.9159946054828741,-0.9206386014384291,0.05251791504954506,-0.2729301999365933,0.2741815823554042
1765607744.5962787,355.25,393.6600036621094,346.0299987792969,508.2699890136719,160.5800018310547,318.5199890136719,712.3499755859375,676.0499877929688,637.9099731445312,-7700.10009765625,0,-0.12576692894227529,-0.0105355226086773,0.868667650123744,-0.8876912641840617,0.05750733748582393,-0.2743797129215049,0.36525730487384733
1765607745.9563076,355.25,393.57000732421875,346.0299987792969,508.17999267578125,160.5800018310547,318.5199890136719,712.3499755859375,676.0499877929688,693.5399780273438,-7700.18994140625,0,-0.11923886837878878,-0.045316680503066725,0.8164618978802364,-0.8303488621773761,0.056712947278412924,-0.31179181186266086,0.45835605673660723
1765607746.4183064,355.25,393.57000732421875,346.0299987792969,508.17999267578125,160.5800018310547,318.5199890136719,712.3499755859375,676.0499877929688,693.5399780273438,-7700.18994140625,0,-0.1348591766351981,-0.03548943789299752,0.8391846984232528,0.9032813243438734,-0.10429700034345024,-0.1775100287610163,0.3764241948921451
1765607746.7788324,355.25,393.57000732421875,346.0299987792969,508.17999267578125,160.5800018310547,318.5199890136719,712.3499755859375,676.0499877929688,693.6300048828125,-7700.10009765625,0,-0.13234750970821021,-0.0421448821684005,0.8642255078205909,0.9067922250651428,-0.0682322330417758,-0.19201149084038296,0.36905800400586614
1765607747.7775137,355.25,393.57000732421875,346.0299987792969,508.17999267578125,160.49000549316406,318.42999267578125,712.3499755859375,675.969970703125,693.719970703125,-7700.18994140625,0,-0.13012965769126372,-0.037754195077891066,0.8292486345675073,0.8965750464839704,-0.10710028373936292,-0.20243612287326532,0.3790809035037966
1765607747.9461668,355.25,393.57000732421875,346.0299987792969,508.17999267578125,160.5800018310547,318.5199890136719,712.3499755859375,676.0499877929688,693.719970703125,-7700.18994140625,0,-0.12809652431533253,-0.04249534246383031,0.8494391317703913,0.9082940294899894,-0.07514973561638823,-0.19074255461774478,0.36465291866036376
1765607747.9825554,355.25,393.57000732421875,346.0299987792969,508.17999267578125,160.5800018310547,318.5199890136719,712.3499755859375,676.0499877929688,693.719970703125,-7700.18994140625,0,-0.1290329395324194,-0.0437854620099922,0.8597670582811408,0.9084348970476245,-0.0717469742594039,-0.18154822098573156,0.36964665961916704
1765607748.1432421,355.25,393.57000732421875,346.0299987792969,508.17999267578125,160.5800018310547,318.5199890136719,712.3499755859375,676.0499877929688,693.719970703125,-7700.10009765625,0,-0.12325325740488209,-0.043838367196004396,0.8342521963495418,0.8985872130557733,-0.1055304765599826,-0.18589288780648142,0.3832077417180509
1765607748.4969242,355.25,393.57000732421875,346.0299987792969,508.17999267578125,160.5800018310547,318.42999267578125,712.3499755859375,676.0499877929688,693.719970703125,-7700.18994140625,0,-0.13345071662381877,-0.040097251857425534,0.8603093794955158,0.9081862355818499,-0.07327028746041937,-0.1793832053238264,0.3710133314624777
1765607748.5780718,355.25,393.57000732421875,346.0299987792969,508.17999267578125,160.5800018310547,318.42999267578125,712.3499755859375,676.0499877929688,693.719970703125,-7700.18994140625,0,-0.13182529238189575,-0.03667694809698108,0.8352787297840671,0.8980086063775122,-0.10867596051032975,-0.1815038755997973,0.38578027635083806
1765607748.909789,355.25,393.57000732421875,346.0299987792969,508.17999267578125,160.5800018310547,318.5199890136719,712.3499755859375,676.0499877929688,693.719970703125,-7700.18994140625,0,-0.13408350913770326,-0.03948186347099189,0.8603948077896166,0.9081337969823312,-0.07350018556515564,-0.17906726643040916,0.3712487624134024
1765607749.1358202,355.25,393.57000732421875,346.0299987792969,508.17999267578125,160.5800018310547,318.42999267578125,712.3499755859375,676.0499877929688,693.719970703125,-7700.18994140625,0,-0.1250886122666346,-0.042047904342192514,0.8344737995604519,0.8984108626164005,-0.10624440530515102,-0.18493598466228736,0.38388635017567424
1765607749.391866,355.25,393.57000732421875,346.0299987792969,508.17999267578125,160.5800018310547,318.5199890136719,712.3499755859375,676.0499877929688,693.8099975585938,-7700.18994140625,0,-0.12881567035260844,-0.043090400849352596,0.8582949848814659,0.9095216678223659,-0.06092952427468379,-0.21250561728498712,0.35199331166317527
1765607750.2033775,355.25,393.57000732421875,346.0299987792969,508.17999267578125,160.5800018310547,318.42999267578125,712.3499755859375,676.0499877929688,693.719970703125,-7700.18994140625,0,-0.12614171036548816,-0.04174709310311113,0.8374733860023587,0.9035709740856769,-0.10120477893175069,-0.18224771364582323,0.37430316373510214
1765607750.2964594,355.25,393.57000732421875,346.0299987792969,508.17999267578125,160.5800018310547,318.5199890136719,712.3499755859375,676.0499877929688,693.719970703125,-7700.18994140625,0,-0.12263037898613467,-0.04076337111583061,0.8165406973177849,-0.8403930571901689,0.054664419631382695,-0.30031428132993454,0.44784220779445383
1765607750.3804014,355.25,393.57000732421875,346.0299987792969,508.17999267578125,160.5800018310547,318.5199890136719,712.3499755859375,676.0499877929688,693.719970703125,-7700.18994140625,0,-0.12746539667841375,-0.043192073385981244,0.8528142142030557,-0.847037896809789,0.026151418018037664,-0.3311064297592652,0.41498365856472946
1765607750.457388,355.25,393.57000732421875,346.0299987792969,508.17999267578125,160.5800018310547,318.5199890136719,712.3499755859375,676.0499877929688,693.719970703125,-7700.18994140625,0,-0.1250886122666346,-0.042047904342192514,0.8344737995604519,0.8984108626164005,-0.10624440530515102,-0.18493598466228736,0.38388635017567424
1765607750.4978197,355.25,393.57000732421875,346.0299987792969,508.17999267578125,160.5800018310547,318.5199890136719,712.3499755859375,676.0499877929688,693.719970703125,-7700.18994140625,0,-0.12809071635505848,-0.04258193254738886,0.8528890830564205,-0.8470833271235225,0.025929424352666767,-0.33145330160285613,0.4146277978122654
1765607750.5369787,355.25,393.57000732421875,346.0299987792969,508.17999267578125,160.5800018310547,318.5199890136719,712.3499755859375,676.0499877929688,693.719970703125,-7700.18994140625,0,-0.12624899956853525,-0.04148093602105754,0.8381864759510022,0.9035856313751709,-0.10139889081110023,-0.18181961534559768,0.37442342233117754
1765607750.7240977,355.25,393.57000732421875,346.0299987792969,508.17999267578125,160.5800018310547,318.5199890136719,712.3499755859375,676.0499877929688,693.719970703125,-7700.18994140625,0,-0.13308485880013532,-0.03824233230627593,0.8500465319247367,0.9080242097810541,-0.07691347245214042,-0.18826446132075392,0.3662415115882583
1765607750.8494644,355.25,393.57000732421875,346.0299987792969,508.17999267578125,160.5800018310547,318.5199890136719,712.3499755859375,676.0499877929688,693.719970703125,-7700.18994140625,0,-0.13155117769419467,-0.0358794607985053,0.8307037405628221,0.8992409505744637,-0.11286599440625014,-0.1695223618341957,0.387155200087483
1765607752.6854002,355.25,393.57000732421875,346.0299987792969,563.989990234375,160.5800018310547,318.5199890136719,711.8300170898438,676.0499877929688,693.1900024414062,-7700.18994140625,0,-0.07368243915930196,0.008115050050696153,0.8741487782442243,-0.8804434241800354,0.07180919766536142,-0.30007589531645584,0.3600239894768385
1765607752.8067615,355.25,393.57000732421875,346.0299987792969,563.989990234375,160.5800018310547,318.5199890136719,711.8300170898438,676.0499877929688,693.1900024414062,-7700.18994140625,0,-0.07494305974577574,0.008120062524285853,0.8579499766054572,-0.871773815926045,0.06963373261745831,-0.301486601899923,0.3798254678432451
1765607753.3142736,355.25,393.57000732421875,346.0299987792969,564.1699829101562,160.5800018310547,318.42999267578125,711.8300170898438,676.0499877929688,693.1900024414062,-7700.18994140625,0,-0.08543234618247664,0.01013439635781004,0.8719979836738012,-0.8737082382392115,0.07331347098383235,-0.30670658653508653,0.3703918454572558
1765607753.7710457,355.25,393.57000732421875,346.0299987792969,564.1699829101562,160.5800018310547,318.5199890136719,711.8300170898438,676.0499877929688,693.1900024414062,-7700.10009765625,0,-0.07802938023723942,0.003796468557431866,0.8579181089976016,-0.8702160490702925,0.06962802411927586,-0.3030299720146343,0.382163318829196
1765607755.1377337,355.25,393.57000732421875,346.0299987792969,564.1699829101562,160.5800018310547,318.42999267578125,714.72998046875,676.0499877929688,692.9299926757812,-7700.18994140625,0,-0.08326213975856621,0.006156448804618099,0.8641331036439914,-0.8703508304325378,0.08188450804905062,-0.29536836323117777,0.3854113248324338
1765607755.8092203,355.25,393.57000732421875,346.0299987792969,557.489990234375,160.5800018310547,318.5199890136719,746.4600219726562,676.0499877929688,693.02001953125,-7700.18994140625,0,-0.08881378616345062,-0.03413489062971622,0.8606195691698478,-0.8726852871160325,0.04181329365427489,-0.2838156769646898,0.3951211202075436
1765607756.0580559,355.25,393.57000732421875,346.0299987792969,557.489990234375,160.5800018310547,318.42999267578125,770.0999755859375,676.0499877929688,693.02001953125,-7700.18994140625,0,-0.09114862865627955,-0.04560242011257117,0.8878557003252894,-0.8752954630555282,0.026847930884364383,-0.27448845457747484,0.39723183314697547
