timestamp,motor1,motor2,motor3,motor4,motor5,motor6,motor7,motor8,motor9,motor10,marker_id,x,y,z,qx,qy,qz,qw
1769499096.1560555,426.5299987792969,554.5900268554688,619.719970703125,277.2099914550781,286.5199890136719,423.4599914550781,558.3699951171875,651.1799926757812,474.260009765625,195.02999877929688,0,-0.15330339022822673,-0.048988262261922114,0.6743286957840229,0.9308017537118473,0.05879098202660005,0.35914167516742085,0.034190245352094514
1769499118.4721844,426.5299987792969,554.5900268554688,619.719970703125,277.2099914550781,286.5199890136719,423.4599914550781,558.3699951171875,651.1799926757812,474.260009765625,195.02999877929688,0,-0.1513407580056896,-0.04806336970429603,0.6635470666963725,-0.9769830264418713,-0.09215579308326169,0.16419068073679324,0.10026413219524417
1769499126.7235718,426.45001220703125,554.5900268554688,619.719970703125,277.2099914550781,286.5199890136719,423.4599914550781,558.3699951171875,651.1799926757812,474.260009765625,195.02999877929688,0,-0.15490717458347367,-0.04919466653238392,0.6792313304058677,-0.9821625530314849,-0.08077727858335176,0.12398326535983062,0.11601681170441204
1769499127.1929743,426.5299987792969,554.5900268554688,619.719970703125,277.2099914550781,286.5199890136719,423.4599914550781,558.3699951171875,651.1799926757812,474.260009765625,195.02999877929688,0,-0.1513407580056896,-0.04806336970429603,0.6635470666963725,-0.9769830264418713,-0.09215579308326169,0.16419068073679324,0.10026413219524417
1769499127.6448348,426.5299987792969,554.5900268554688,619.719970703125,277.2099914550781,286.5199890136719,423.4599914550781,558.3699951171875,651.1799926757812,474.260009765625,195.02999877929688,0,-0.15378127469797323,-0.04894930728872877,0.6753589892413037,0.9294380698739166,0.052065112407840605,0.35843907717598117,0.07039549909076827
1769499128.2378652,426.45001220703125,554.5900268554688,619.7999877929688,277.2099914550781,286.5199890136719,423.4599914550781,558.3699951171875,651.1799926757812,474.260009765625,195.02999877929688,0,-0.1513407580056896,-0.04806336970429603,0.6635470666963725,-0.9769830264418713,-0.09215579308326169,0.16419068073679324,0.10026413219524417
1769499128.3063986,426.45001220703125,554.5900268554688,619.7999877929688,277.2099914550781,286.5199890136719,423.4599914550781,558.3699951171875,651.1799926757812,474.260009765625,195.02999877929688,0,-0.15378127469797323,-0.04894930728872877,0.6753589892413037,0.9294380698739166,0.052065112407840605,0.35843907717598117,0.07039549909076827
1769499129.1121583,426.5299987792969,554.5900268554688,619.719970703125,277.2099914550781,286.5199890136719,423.4599914550781,558.3699951171875,651.1799926757812,474.260009765625,195.02999877929688,0,-0.1513407580056896,-0.04806336970429603,0.6635470666963725,-0.9769830264418713,-0.09215579308326169,0.16419068073679324,0.10026413219524417
1769499130.7142043,426.5299987792969,554.5900268554688,619.719970703125,277.2099914550781,286.5199890136719,423.4599914550781,558.3699951171875,651.1799926757812,474.260009765625,195.02999877929688,0,-0.15419434027835083,-0.048684498916494526,0.6755564498960297,-0.9785920409950171,-0.09137449241575187,0.13875486448355842,0.12147183632068718
1769499131.609794,426.5299987792969,554.5900268554688,619.719970703125,277.2099914550781,286.5199890136719,423.4599914550781,558.3699951171875,651.1799926757812,474.260009765625,195.02999877929688,0,-0.1513407580056896,-0.04806336970429603,0.6635470666963725,-0.9769830264418713,-0.09215579308326169,0.16419068073679324,0.10026413219524417
1769499133.2698548,426.45001220703125,554.5900268554688,619.719970703125,277.2099914550781,286.5199890136719,423.4599914550781,558.3699951171875,651.1799926757812,474.260009765625,195.02999877929688,0,-0.15419434027835083,-0.048684498916494526,0.6755564498960297,-0.9785920409950171,-0.09137449241575187,0.13875486448355842,0.12147183632068718
1769499134.0051532,426.5299987792969,554.5900268554688,619.719970703125,277.2099914550781,286.5199890136719,423.4599914550781,558.3699951171875,651.1799926757812,474.260009765625,195.02999877929688,0,-0.1512150549059116,-0.04785168852668746,0.6635878702861949,0.9209068329351683,0.055902573534717226,0.3826010346831162,0.049213367949396215
1769499137.1593792,426.5299987792969,554.5900268554688,619.719970703125,277.2099914550781,286.5199890136719,423.4599914550781,558.3699951171875,651.1799926757812,474.260009765625,195.02999877929688,0,-0.15419434027835083,-0.048684498916494526,0.6755564498960297,-0.9785920409950171,-0.09137449241575187,0.13875486448355842,0.12147183632068718
1769499137.203553,426.5299987792969,554.5900268554688,619.719970703125,277.2099914550781,286.5199890136719,423.4599914550781,558.3699951171875,651.1799926757812,474.260009765625,195.02999877929688,0,-0.1512150549059116,-0.04785168852668746,0.6635878702861949,0.9209068329351683,0.055902573534717226,0.3826010346831162,0.049213367949396215
1769499137.2638562,426.5299987792969,554.5900268554688,619.719970703125,277.2099914550781,286.5199890136719,423.4599914550781,558.3699951171875,651.1799926757812,474.260009765625,195.02999877929688,0,-0.15419434027835083,-0.048684498916494526,0.6755564498960297,-0.9785920409950171,-0.09137449241575187,0.13875486448355842,0.12147183632068718
1769499137.3313766,426.5299987792969,554.5900268554688,619.719970703125,277.2099914550781,286.5199890136719,423.4599914550781,558.3699951171875,651.1799926757812,474.260009765625,195.02999877929688,0,-0.1512150549059116,-0.04785168852668746,0.6635878702861949,0.9209068329351683,0.055902573534717226,0.3826010346831162,0.049213367949396215
1769499137.6002438,426.45001220703125,554.5900268554688,619.719970703125,277.2099914550781,286.5199890136719,423.4599914550781,558.3699951171875,651.1799926757812,474.260009765625,195.02999877929688,0,-0.15378127469797323,-0.04894930728872877,0.6753589892413037,0.9294380698739166,0.052065112407840605,0.35843907717598117,0.07039549909076827
1769499137.786456,426.5299987792969,554.5900268554688,619.719970703125,277.2099914550781,286.5199890136719,423.4599914550781,558.3699951171875,651.1799926757812,474.260009765625,195.02999877929688,0,-0.1512150549059116,-0.04785168852668746,0.6635878702861949,0.9209068329351683,0.055902573534717226,0.3826010346831162,0.049213367949396215
1769499149.5578732,426.5299987792969,554.5900268554688,619.719970703125,277.2099914550781,286.5199890136719,423.4599914550781,558.3699951171875,651.1799926757812,474.260009765625,195.02999877929688,0,-0.15377928606367183,-0.04849987037846962,0.6742864889600177,0.9306001026619143,0.058837962969175046,0.359613337840624,0.03463798906400092
1769499150.8342311,426.5299987792969,554.5900268554688,619.719970703125,277.2099914550781,286.5199890136719,423.4599914550781,558.3699951171875,651.1799926757812,474.260009765625,195.02999877929688,0,-0.1512150549059116,-0.04785168852668746,0.6635878702861949,0.9209068329351683,0.055902573534717226,0.3826010346831162,0.049213367949396215
1769499152.260581,426.5299987792969,554.5900268554688,619.719970703125,277.2099914550781,286.5199890136719,423.4599914550781,558.3699951171875,651.1799926757812,474.260009765625,195.02999877929688,0,-0.15380663876592643,-0.04830754654466781,0.6749337636267756,0.9344813716662052,0.04221638993499161,0.3504634193271136,0.04623563715633648
1769499152.6981728,426.5299987792969,554.5900268554688,619.719970703125,277.2099914550781,286.5199890136719,423.4599914550781,558.3699951171875,651.1799926757812,474.260009765625,195.02999877929688,0,-0.1512150549059116,-0.04785168852668746,0.6635878702861949,0.9209068329351683,0.055902573534717226,0.3826010346831162,0.049213367949396215
1769499152.7555385,426.5299987792969,554.5900268554688,619.719970703125,277.2099914550781,286.5199890136719,423.4599914550781,558.3699951171875,651.1799926757812,474.260009765625,195.02999877929688,0,-0.15461097188583092,-0.0485342443682378,0.6768872683286172,-0.9837577538944448,-0.08038521887783612,0.10062909798623679,0.1250307277312092
1769499152.8185408,426.5299987792969,554.5900268554688,619.719970703125,277.2099914550781,286.5199890136719,423.4599914550781,558.3699951171875,651.1799926757812,474.260009765625,195.02999877929688,0,-0.15179243442386162,-0.04783167105752101,0.6666403583735646,0.9266274253472656,0.04786129805779882,0.3706025474015522,0.041529057321359246
1769499154.9024577,426.5299987792969,554.5900268554688,619.719970703125,277.2099914550781,286.5199890136719,423.4599914550781,558.3699951171875,651.1799926757812,474.260009765625,195.02999877929688,0,-0.1551508731827597,-0.04881477811824093,0.6802776500978274,0.9413527681355051,0.04834624077706074,0.3293831411302742,0.05499412028119334
1769499155.8223238,426.5299987792969,554.5900268554688,619.719970703125,277.2099914550781,286.5199890136719,423.4599914550781,558.3699951171875,651.1799926757812,474.260009765625,195.02999877929688,0,-0.15179243442386162,-0.04783167105752101,0.6666403583735646,0.9266274253472656,0.04786129805779882,0.3706025474015522,0.041529057321359246
1769499156.1734688,426.5299987792969,554.5900268554688,619.719970703125,277.2099914550781,286.5199890136719,423.4599914550781,558.3699951171875,651.1799926757812,474.260009765625,195.02999877929688,0,-0.1551508731827597,-0.04881477811824093,0.6802776500978274,0.9413527681355051,0.04834624077706074,0.3293831411302742,0.05499412028119334
1769499156.6122978,426.5299987792969,554.5900268554688,619.719970703125,277.2099914550781,286.5199890136719,423.4599914550781,558.3699951171875,651.1799926757812,474.260009765625,195.02999877929688,0,-0.1512150549059116,-0.04785168852668746,0.6635878702861949,0.9209068329351683,0.055902573534717226,0.3826010346831162,0.049213367949396215
1769499157.4340146,426.5299987792969,554.5900268554688,619.719970703125,277.2099914550781,286.5199890136719,423.4599914550781,558.3699951171875,651.1799926757812,474.260009765625,195.02999877929688,0,-0.1551508731827597,-0.04881477811824093,0.6802776500978274,0.9413527681355051,0.04834624077706074,0.3293831411302742,0.05499412028119334
1769499157.8048317,426.5299987792969,554.5900268554688,619.719970703125,277.2099914550781,286.5199890136719,423.4599914550781,558.3699951171875,651.1799926757812,474.260009765625,195.02999877929688,0,-0.1512150549059116,-0.04785168852668746,0.6635878702861949,0.9209068329351683,0.055902573534717226,0.3826010346831162,0.049213367949396215
1769499160.0023963,426.5299987792969,554.5900268554688,619.719970703125,277.2099914550781,286.5199890136719,423.4599914550781,558.3699951171875,651.1799926757812,474.260009765625,195.02999877929688,0,-0.15461097188583092,-0.0485342443682378,0.6768872683286172,-0.9837577538944448,-0.08038521887783612,0.10062909798623679,0.1250307277312092
1769499161.2428534,426.5299987792969,554.5900268554688,619.719970703125,277.2099914550781,286.5199890136719,423.4599914550781,558.3699951171875,651.1799926757812,474.260009765625,195.02999877929688,0,-0.1512150549059116,-0.04785168852668746,0.6635878702861949,0.9209068329351683,0.055902573534717226,0.3826010346831162,0.049213367949396215
1769499161.3713953,426.5299987792969,554.5900268554688,619.7999877929688,277.2099914550781,286.5199890136719,423.4599914550781,558.3699951171875,651.1799926757812,474.260009765625,195.02999877929688,0,-0.15461097188583092,-0.0485342443682378,0.6768872683286172,-0.9837577538944448,-0.08038521887783612,0.10062909798623679,0.1250307277312092
1769499161.5041213,426.5299987792969,554.5900268554688,619.7999877929688,277.2099914550781,286.5199890136719,423.4599914550781,558.3699951171875,651.1799926757812,474.260009765625,195.02999877929688,0,-0.1512150549059116,-0.04785168852668746,0.6635878702861949,0.9209068329351683,0.055902573534717226,0.3826010346831162,0.049213367949396215
1769499162.1061318,426.5299987792969,554.5900268554688,619.719970703125,277.2099914550781,286.5199890136719,423.4599914550781,558.3699951171875,651.1799926757812,474.260009765625,195.02999877929688,0,-0.15461097188583092,-0.0485342443682378,0.6768872683286172,-0.9837577538944448,-0.08038521887783612,0.10062909798623679,0.1250307277312092
1769499163.0231192,426.45001220703125,554.5900268554688,619.719970703125,277.2099914550781,286.5199890136719,423.4599914550781,558.3699951171875,651.1799926757812,474.260009765625,195.02999877929688,0,-0.1522747896208529,-0.04767793308661406,0.6666406666323034,-0.9811991870080154,-0.08390297160697223,0.11571677093398752,0.12968452372947245
1769499163.7073648,426.5299987792969,554.5900268554688,619.719970703125,277.2099914550781,286.5199890136719,423.4599914550781,558.3699951171875,651.1799926757812,474.260009765625,195.02999877929688,0,-0.15461097188583092,-0.0485342443682378,0.6768872683286172,-0.9837577538944448,-0.08038521887783612,0.10062909798623679,0.1250307277312092
1769499166.0528493,426.45001220703125,554.5900268554688,619.719970703125,277.2099914550781,286.5199890136719,423.4599914550781,558.3699951171875,651.1799926757812,474.260009765625,195.02999877929688,0,-0.1521087295097382,-0.047855170672028595,0.666974082581611,0.9268466551258783,0.04811751126095488,0.3702138208450592,0.03977071595188642
1769499166.2290883,426.5299987792969,554.5900268554688,619.719970703125,277.2099914550781,286.5199890136719,423.4599914550781,558.3699951171875,651.1799926757812,474.260009765625,195.02999877929688,0,-0.1551508731827597,-0.04881477811824093,0.6802776500978274,0.9413527681355051,0.04834624077706074,0.3293831411302742,0.05499412028119334
1769499166.8304317,426.45001220703125,554.5900268554688,619.719970703125,277.2099914550781,286.5199890136719,423.4599914550781,558.3699951171875,651.1799926757812,474.260009765625,167.61000061035156,0,-0.1551508731827597,-0.04881477811824093,0.6802776500978274,0.9413527681355051,0.04834624077706074,0.3293831411302742,0.05499412028119334
1769499166.9041424,426.45001220703125,554.5900268554688,619.719970703125,277.2099914550781,286.5199890136719,423.4599914550781,558.3699951171875,651.1799926757812,474.260009765625,115.13999938964844,0,-0.1521087295097382,-0.047855170672028595,0.666974082581611,0.9268466551258783,0.04811751126095488,0.3702138208450592,0.03977071595188642
1769499167.0587373,426.45001220703125,554.5900268554688,619.719970703125,277.2099914550781,286.5199890136719,423.4599914550781,558.3699951171875,651.1799926757812,474.260009765625,56.95000076293945,0,-0.15364492756700873,-0.04569269915069141,0.6812133222752447,0.9336284747426337,0.04933019026613766,0.35101301647583,0.05190631698154704
1769499167.1293583,426.5299987792969,556.6099853515625,619.719970703125,277.2099914550781,286.44000244140625,423.4599914550781,558.3699951171875,651.1799926757812,474.260009765625,0.09000000357627869,0,-0.1528268124656798,-0.04500886157671411,0.676514727401076,0.9318596925430758,0.047432781817746135,0.3579214813765006,0.03577510016486129
1769499167.19335,426.5299987792969,556.6099853515625,619.719970703125,277.2099914550781,286.44000244140625,423.4599914550781,558.3699951171875,651.1799926757812,474.260009765625,-51.77000045776367,0,-0.1551251187676318,-0.04569517869695183,0.6812515333848245,0.9331417010857119,0.04925742678845374,0.35233352677974017,0.05178182603958916
1769499167.34012,426.5299987792969,558.8099975585938,619.719970703125,277.2099914550781,286.44000244140625,423.4599914550781,558.3699951171875,651.1799926757812,474.260009765625,-109.33999633789062,0,-0.1556510570698995,-0.04455238455692469,0.6787305048071884,0.9351602448976735,0.04468226021361432,0.3451789550104208,0.06580502262776164
1769499167.396397,426.5299987792969,558.8099975585938,619.719970703125,277.2099914550781,286.44000244140625,423.4599914550781,558.3699951171875,651.1799926757812,474.260009765625,-161.4600067138672,0,-0.1562159478153433,-0.043542236760234665,0.6764254753872758,0.930579471168364,0.04749884887583361,0.3611070324606591,0.03697861953798632
1769499167.5401256,428.82000732421875,560.8300170898438,619.7999877929688,277.2099914550781,286.44000244140625,423.4599914550781,558.3699951171875,651.1799926757812,474.260009765625,-219.72999572753906,0,-0.15786211727432337,-0.0431361673085077,0.6777447680258207,0.9266986381157509,0.05201081939565811,0.3713525216821806,0.024936186967744866
1769499167.607827,428.82000732421875,560.8300170898438,619.7999877929688,277.2099914550781,286.44000244140625,423.4599914550781,558.3699951171875,651.1799926757812,474.260009765625,-271.6700134277344,0,-0.15661329744235883,-0.04197925048747178,0.6708342302191139,0.9263768541500977,0.05076877467326234,0.3681219903049279,0.061111830827446714
1769499167.7468543,429.1700134277344,561.27001953125,619.7999877929688,277.2099914550781,286.44000244140625,423.4599914550781,558.3699951171875,651.1799926757812,474.260009765625,-329.1499938964844,0,-0.1581270642848252,-0.04158504315127986,0.6762671458392667,0.9297610886900232,0.04769263120962729,0.3629970739648677,0.0387666761431719
1769499167.7481365,429.1700134277344,561.27001953125,619.7999877929688,277.2099914550781,286.44000244140625,423.4599914550781,558.3699951171875,651.1799926757812,474.260009765625,-329.1499938964844,0,-0.160690214739327,-0.04272482839172062,0.6866751978568087,0.9384683725724705,0.05576364448306559,0.3350138135016185,0.06271582255099381
1769499167.8070014,429.1700134277344,561.27001953125,619.7999877929688,277.2099914550781,286.44000244140625,423.4599914550781,558.3699951171875,651.1799926757812,474.260009765625,-386.19000244140625,0,-0.1607490762844997,-0.04205225620052114,0.682232888795992,-0.9857797829644432,-0.08345538808864768,0.11580709812963805,0.08866867383885234
1769499167.9276876,429.1700134277344,561.27001953125,619.7999877929688,277.2099914550781,286.44000244140625,423.4599914550781,558.3699951171875,651.1799926757812,474.260009765625,-438.2200012207031,0,-0.16045199388697828,-0.041754432671339124,0.6809596943861564,0.930971404453905,0.0495197057627283,0.35749080951843415,0.05513949528379045
1769499168.0101523,429.1700134277344,561.27001953125,619.7999877929688,277.2099914550781,286.44000244140625,423.4599914550781,558.3699951171875,651.1799926757812,474.260009765625,-495.5299987792969,0,-0.161230764058593,-0.041558696698258464,0.6821922178795573,-0.9858218791995093,-0.08340717812579136,0.11570051736043502,0.08838470122803245
1769499168.1392584,429.1700134277344,561.27001953125,619.7999877929688,277.2099914550781,286.44000244140625,423.4599914550781,558.3699951171875,651.1799926757812,474.260009765625,-547.469970703125,0,-0.16452594973731433,-0.04068081319999826,0.6960960738062938,0.9376063231630081,0.05051480568098793,0.337788798154221,0.06512576305337126
1769499168.211099,429.1700134277344,561.27001953125,619.7999877929688,277.2099914550781,286.44000244140625,423.4599914550781,558.3699951171875,651.1799926757812,474.260009765625,-605.2100219726562,0,-0.1632454917292992,-0.040333113389090985,0.6880772779546578,0.9295596973135049,0.05673936185760731,0.3596933890576291,0.05762013376116079
1769499168.3330238,429.1700134277344,561.27001953125,619.719970703125,277.2099914550781,286.44000244140625,423.4599914550781,558.3699951171875,651.1799926757812,474.260009765625,-663.1300048828125,0,-0.1641923679053085,-0.03879294544112584,0.691533075066474,0.9358822776856491,0.04892261238882019,0.3453888028568112,0.04937119779905844
1769499168.401166,429.1700134277344,561.27001953125,619.719970703125,277.2099914550781,286.44000244140625,423.4599914550781,558.3699951171875,651.1799926757812,474.260009765625,-714.2899780273438,0,-0.16221514246491947,-0.038881551865797476,0.6821948917879468,0.9225259941769353,0.05073275608806216,0.3792519275230008,0.050397946363468074
1769499168.544872,429.1700134277344,561.27001953125,619.7999877929688,277.2099914550781,286.44000244140625,423.4599914550781,558.3699951171875,651.1799926757812,474.260009765625,-771.1500244140625,0,-0.16657070932662443,-0.03923670653675602,0.6905628738455035,0.9294094195444558,0.044391548268162224,0.3619417767259671,0.056794995948969605
1769499168.5895307,429.1700134277344,561.27001953125,619.7999877929688,277.2099914550781,286.44000244140625,423.4599914550781,558.3699951171875,651.1799926757812,474.260009765625,-822.8300170898438,0,-0.16618503166576548,-0.038344397925679834,0.6879404213293757,0.928368279426856,0.05685198684688503,0.362461644407131,0.059344297782173476
1769499168.7660272,429.1700134277344,561.27001953125,619.7999877929688,277.2099914550781,286.44000244140625,423.4599914550781,558.3699951171875,651.1799926757812,474.260009765625,-880.4000244140625,0,-0.1650086651153002,-0.03673602365924512,0.6902688895146912,0.9296810672254792,0.04479632868113126,0.3607909028840593,0.05929862203535159
1769499168.8250058,429.1700134277344,561.27001953125,619.7999877929688,277.2099914550781,286.44000244140625,423.4599914550781,558.3699951171875,651.1799926757812,474.260009765625,-932.3400268554688,0,-0.16463265217081824,-0.036180545725768516,0.6871473473512901,-0.9863830527925874,-0.07424383247002532,0.13502382015592654,0.05748821178501365
1769499168.9433744,429.1700134277344,561.27001953125,619.7999877929688,277.2099914550781,286.44000244140625,423.4599914550781,558.3699951171875,651.1799926757812,474.260009765625,-990.6199951171875,0,-0.16950161119729013,-0.037240244262576425,0.7021644910103448,0.9403379373543936,0.047798832511943896,0.334139220741581,0.042788039739964985
1769499169.0096295,429.1700134277344,561.27001953125,619.7999877929688,277.2099914550781,286.44000244140625,423.4599914550781,558.3699951171875,651.1799926757812,474.260009765625,-1047.739990234375,0,-0.16847103489643148,-0.03715929831926159,0.6958297489570421,0.9359506310024827,0.05070982421121534,0.34173307982844137,0.06814273406233702
1769499169.1395903,429.1700134277344,561.27001953125,619.7999877929688,277.2099914550781,286.44000244140625,423.4599914550781,558.3699951171875,651.1799926757812,474.260009765625,-1098.9000244140625,0,-0.1702971699929788,-0.03756006628020062,0.6986982296932267,0.9333286425126615,0.05582853679141142,0.35073374847046707,0.0525990230808317
1769499169.1994407,429.1700134277344,561.27001953125,619.7999877929688,277.2099914550781,286.44000244140625,423.4599914550781,558.3699951171875,651.1799926757812,474.260009765625,-1155.5899658203125,0,-0.17250045444304382,-0.037892452505825895,0.7071949132701421,0.9416438697984295,0.04951972524039677,0.327486689798857,0.060059031691672544
1769499169.2877219,429.1700134277344,561.27001953125,619.7999877929688,277.2099914550781,286.44000244140625,423.4599914550781,558.3699951171875,651.1799926757812,474.260009765625,-1155.5899658203125,0,-0.16895865767612522,-0.034743200203413906,0.6901621938812385,0.928141999109013,0.044869272599809336,0.3644559319639001,0.06091840052573663
1769499169.3413644,429.260009765625,561.27001953125,619.7999877929688,277.2099914550781,286.44000244140625,423.4599914550781,558.3699951171875,651.1799926757812,474.260009765625,-1207.6199951171875,0,-0.17161920860967583,-0.03447748970200227,0.6979821768383152,-0.9863041030363452,-0.07016807830522921,0.10865188726679163,0.10234952131781723
1769499169.3957586,429.260009765625,561.27001953125,619.7999877929688,277.2099914550781,286.44000244140625,423.4599914550781,558.3699951171875,651.1799926757812,474.260009765625,-1264.9200439453125,0,-0.1697210840606133,-0.034571316432103594,0.6917523986642242,0.9250837281594846,0.049609720258513956,0.3733067084940585,0.049000744318356285
1769499169.5337212,429.1700134277344,563.2000122070312,619.7999877929688,277.2099914550781,286.44000244140625,423.4599914550781,558.3699951171875,651.1799926757812,474.260009765625,-1317.5699462890625,0,-0.17088137095504694,-0.03541818100787916,0.7010917190593629,0.9343359051121501,0.04385706721678401,0.349964124849405,0.051167229666962605
1769499169.631623,429.1700134277344,563.2000122070312,619.7999877929688,277.2099914550781,286.44000244140625,423.4599914550781,558.3699951171875,651.1799926757812,474.260009765625,-1374.699951171875,0,-0.1722460534511736,-0.03450211354410618,0.7030586671884995,0.9307830415649461,0.04881571154529664,0.36025061635490635,0.038463609520486323
1769499169.8000503,429.260009765625,563.72998046875,619.719970703125,277.2099914550781,286.44000244140625,423.4599914550781,558.3699951171875,651.1799926757812,474.260009765625,-1482.449951171875,0,-0.17432208059786664,-0.03320615807628152,0.7027833723894034,-0.9867964391687396,-0.07363623735068589,0.12590073607779803,0.0704236952154466
1769499169.926482,429.260009765625,563.72998046875,619.7999877929688,277.2099914550781,286.44000244140625,423.4599914550781,558.3699951171875,651.1799926757812,474.260009765625,-1538.8800048828125,0,-0.1734203219132591,-0.03342582488192534,0.7016559016059087,0.9386001642552754,0.04792664200100216,0.33835868344954223,0.047393775759803664
1769499169.9931436,429.260009765625,563.72998046875,619.7999877929688,277.2099914550781,286.44000244140625,423.4599914550781,558.3699951171875,651.1799926757812,474.260009765625,-1590.6400146484375,0,-0.17422012366245357,-0.033615131037830974,0.7008548245978212,-0.9868841341108316,-0.07187042420181661,0.11641131123869682,0.08568987443713619
1769499170.1188939,429.260009765625,563.72998046875,619.7999877929688,277.2099914550781,286.44000244140625,423.4599914550781,558.3699951171875,651.1799926757812,474.260009765625,-1648.1300048828125,0,-0.17542016314637254,-0.03252387754692045,0.7041182897034414,0.9259422487044476,0.05372510175143381,0.3727867689993654,0.02783146357924273
1769499170.241942,429.260009765625,563.72998046875,619.719970703125,277.2099914550781,286.44000244140625,423.4599914550781,558.3699951171875,651.1799926757812,474.260009765625,-1700.510009765625,0,-0.17695810195032785,-0.032060163471539574,0.7082795816477298,-0.9863655831193437,-0.0788669194275515,0.11721966737365519,0.08439487566466919
1769499170.3111227,429.260009765625,563.72998046875,619.719970703125,277.2099914550781,286.44000244140625,423.4599914550781,558.3699951171875,651.1799926757812,474.260009765625,-1757.02001953125,0,-0.17630473237416808,-0.03233535846050674,0.7081699277330655,0.9313561407519705,0.05068413129308702,0.3558017230348163,0.05841225731057576
1769499170.4382362,429.1700134277344,563.72998046875,619.7999877929688,277.2099914550781,286.44000244140625,423.4599914550781,558.3699951171875,651.1799926757812,474.260009765625,-1813.1800537109375,0,-0.17385111805556222,-0.03042529288509844,0.7023862122783149,0.929564930985709,0.04894123502125142,0.36268197480701875,0.04444749426244306
1769499170.4874806,429.1700134277344,563.72998046875,619.7999877929688,277.2099914550781,286.44000244140625,423.4599914550781,558.3699951171875,651.1799926757812,474.260009765625,-1813.1800537109375,0,-0.17831871742940503,-0.030589102382356962,0.7127061511328544,-0.9851938952659178,-0.08428122466304475,0.11056872274523638,0.10032059335227324
1769499170.5275486,429.1700134277344,563.72998046875,619.7999877929688,277.2099914550781,286.44000244140625,423.4599914550781,558.3699951171875,651.1799926757812,474.260009765625,-1863.719970703125,0,-0.17608760878940338,-0.03039792008938664,0.7017304750053934,0.92339052333174,0.04468361903367307,0.3777466111369706,0.051583072666555804
1769499170.5732057,429.1700134277344,563.72998046875,619.7999877929688,277.2099914550781,286.44000244140625,423.4599914550781,558.3699951171875,651.1799926757812,474.260009765625,-1863.719970703125,0,-0.17937775407694612,-0.0301926815531384,0.7117540106597403,0.9372944593704402,0.04269324795062779,0.3423682634322576,0.04939995149067402
1769499170.6581578,429.1700134277344,563.72998046875,619.7999877929688,277.2099914550781,286.44000244140625,423.4599914550781,558.3699951171875,651.1799926757812,474.260009765625,-1920.5899658203125,0,-0.1789893522194669,-0.029869626416028937,0.7102251242397712,0.9275651192401722,0.056136096298389115,0.36656018201577717,0.0458837795076175
1769499170.7051594,429.1700134277344,563.72998046875,619.7999877929688,277.2099914550781,286.44000244140625,423.4599914550781,558.3699951171875,651.1799926757812,474.260009765625,-1972.0899658203125,0,-0.18189150034350762,-0.03043979433868344,0.7206827772624446,0.9424399872653485,0.05434921346077608,0.32728888360056413,0.0416535721275027
1769499170.7810116,429.1700134277344,563.72998046875,619.7999877929688,277.2099914550781,286.44000244140625,423.4599914550781,558.3699951171875,651.1799926757812,474.260009765625,-1972.0899658203125,0,-0.18052810576141914,-0.029870328313500547,0.7102431156825393,0.9270339337822243,0.05607466453523324,0.3679170616997913,0.045833975648064816
1769499170.8334024,429.1700134277344,563.72998046875,619.7999877929688,277.2099914550781,286.44000244140625,423.4599914550781,558.3699951171875,651.1799926757812,474.260009765625,-2029.5699462890625,0,-0.17891596652134126,-0.028967728067691993,0.7039093847870547,0.9245198408423301,0.054082383167738446,0.37598316173174523,0.0312221366016302
1769499170.9152825,429.1700134277344,563.72998046875,619.7999877929688,277.2099914550781,286.44000244140625,423.4599914550781,558.3699951171875,651.1799926757812,474.260009765625,-2081.070068359375,0,-0.17947257451010945,-0.02833163428053237,0.7101137778033285,0.9272867281115776,0.05630835088873671,0.3670511495679623,0.04735131560108509
1769499171.0669863,429.260009765625,563.72998046875,619.7999877929688,277.2099914550781,286.44000244140625,423.4599914550781,558.3699951171875,651.1799926757812,474.260009765625,-2137.320068359375,0,-0.17943452845344202,-0.02846528398894149,0.7135204637482211,0.9248279027551036,0.048429450601439994,0.375832658987539,0.03313232618449247
1769499171.1253846,429.1700134277344,563.72998046875,619.7999877929688,277.2099914550781,286.44000244140625,423.4599914550781,558.3699951171875,651.1799926757812,474.260009765625,-2193.31005859375,0,-0.1789500387027195,-0.027818811902054576,0.7100692991474364,0.9274293860920461,0.05639345008720865,0.36661123651257777,0.04786140264253629
1769499171.192989,429.1700134277344,563.72998046875,619.7999877929688,277.2099914550781,286.44000244140625,423.4599914550781,558.3699951171875,651.1799926757812,474.260009765625,-2244.110107421875,0,-0.18012946982331024,-0.02683609545955253,0.7111956119501638,0.9234818078935281,0.06143095500864615,0.37698243169724677,0.03594209854832556
1769499171.2608588,429.1700134277344,563.72998046875,619.7999877929688,277.2099914550781,286.44000244140625,423.4599914550781,558.3699951171875,651.1799926757812,474.260009765625,-2244.110107421875,0,-0.1839187477314365,-0.027070476391411268,0.7240690123254786,0.9370056444729524,0.05159886154144394,0.33756654607717496,0.07353099130965461
1769499171.307903,429.1700134277344,563.72998046875,619.7999877929688,277.2099914550781,286.44000244140625,423.4599914550781,558.3699951171875,651.1799926757812,474.260009765625,-2301.239990234375,0,-0.18386166010055102,-0.02734879571237061,0.721298966697915,0.9323214058066497,0.055327644493843586,0.3552585652624132,0.03882009579028744
1769499171.4052107,429.1700134277344,563.72998046875,619.7999877929688,277.2099914550781,286.44000244140625,423.4599914550781,558.3699951171875,651.1799926757812,474.260009765625,-2352.570068359375,0,-0.18336243707167102,-0.02879225722558074,0.718330384555304,0.929591648851167,0.04541168927672823,0.36065751089424386,0.061018888049284355
1769499171.5435658,429.1700134277344,563.72998046875,619.7999877929688,277.2099914550781,286.44000244140625,423.4599914550781,558.3699951171875,651.1799926757812,474.260009765625,-2410.139892578125,0,-0.18549606653123676,-0.025511802059974446,0.7211544843120525,-0.9891506753441051,-0.07602545581244327,0.11174079413936024,0.057576613828153426
1769499171.6156008,429.1700134277344,563.72998046875,619.7999877929688,277.2099914550781,286.44000244140625,423.4599914550781,558.3699951171875,651.1799926757812,474.260009765625,-2461.199951171875,0,-0.18966254484002948,-0.02580156628283229,0.7362275966768447,0.9426022619297622,0.05039092440306553,0.32337763772069184,0.06624676569377415
1769499171.6806402,429.1700134277344,563.72998046875,619.7999877929688,277.2099914550781,286.44000244140625,423.4599914550781,558.3699951171875,651.1799926757812,474.260009765625,-2461.199951171875,0,-0.18572762571102397,-0.02522785322467403,0.719982489657593,0.9254955264877351,0.05081891838834946,0.3718238046316397,0.051210607243817166
1769499171.7435398,429.260009765625,563.72998046875,619.7999877929688,277.2099914550781,286.44000244140625,423.4599914550781,558.3699951171875,651.1799926757812,474.260009765625,-2516.75,0,-0.18572762571102397,-0.02522785322467403,0.719982489657593,0.9254955264877351,0.05081891838834946,0.3718238046316397,0.051210607243817166
1769499171.812608,429.260009765625,563.72998046875,619.7999877929688,277.2099914550781,286.44000244140625,423.4599914550781,558.3699951171875,651.1799926757812,474.260009765625,-2573.35009765625,0,-0.1874767288357247,-0.0266619530714792,0.7272548468230529,0.9337735711669316,0.057186960865978805,0.34864366276132513,0.0569575781914557
1769499171.9513004,429.1700134277344,563.72998046875,619.7999877929688,277.2099914550781,286.44000244140625,423.4599914550781,558.3699951171875,651.1799926757812,474.260009765625,-2623.449951171875,0,-0.18851222355707037,-0.023927866764904965,0.7317825625018449,0.9313734280934741,0.05001915458631845,0.3581972029646168,0.04166995805380156
1769499172.0106916,429.1700134277344,563.72998046875,619.7999877929688,277.2099914550781,286.44000244140625,423.4599914550781,558.3699951171875,651.1799926757812,474.260009765625,-2680.139892578125,0,-0.1860634401865809,-0.02368245895627285,0.7202783494332919,0.9256867758361406,0.05133729232134877,0.3713702273562875,0.05052355581847667
1769499172.0911493,429.1700134277344,563.72998046875,619.7999877929688,277.2099914550781,286.44000244140625,423.4599914550781,558.3699951171875,651.1799926757812,474.260009765625,-2731.550048828125,0,-0.19010596743818223,-0.02445618738026979,0.7318325653768146,0.93087094237586,0.049907398377000214,0.3595806215701636,0.04111346274315401
1769499172.1573641,429.1700134277344,563.72998046875,619.7999877929688,277.2099914550781,286.44000244140625,423.4599914550781,558.3699951171875,651.1799926757812,474.260009765625,-2731.550048828125,0,-0.1871038192542677,-0.02368281814307924,0.7202903344037567,0.9253277853673589,0.05129694251160216,0.37227361872478515,0.0504922381921579
1769499172.2239797,429.1700134277344,563.72998046875,619.7999877929688,277.2099914550781,286.44000244140625,423.4599914550781,558.3699951171875,651.1799926757812,474.260009765625,-2789.030029296875,0,-0.18750168104726184,-0.02341396171035497,0.7238124648261883,0.9354567769826937,0.051785337309069146,0.34109311082543026,0.07677491116483011
1769499172.2897508,429.1700134277344,563.72998046875,619.7999877929688,277.2099914550781,286.44000244140625,423.4599914550781,558.3699951171875,651.1799926757812,474.260009765625,-2839.830078125,0,-0.19104888464734243,-0.02350180973697336,0.7390298777328445,0.9396489528084754,0.05643719345481774,0.33365088164080653,0.05051512507350327
1769499172.3481872,429.1700134277344,563.72998046875,619.7999877929688,277.2099914550781,286.44000244140625,423.4599914550781,558.3699951171875,651.1799926757812,474.260009765625,-2839.830078125,0,-0.18693466631115033,-0.022755218570022634,0.7242278090088106,-0.9922318681659603,-0.06411050126400922,0.0958766060043519,0.04662016564376663
1769499172.4131205,429.1700134277344,563.72998046875,619.7999877929688,277.2099914550781,286.44000244140625,423.4599914550781,558.3699951171875,651.1799926757812,474.260009765625,-2895.3798828125,0,-0.1883572465041397,-0.02333664487043466,0.7296489991083224,0.9343050448022847,0.044582076986204644,0.3488913310755061,0.05797724354398491
1769499172.5498753,429.1700134277344,563.72998046875,619.7999877929688,277.2099914550781,286.44000244140625,423.4599914550781,558.3699951171875,651.1799926757812,474.260009765625,-2945.47998046875,0,-0.191875970288053,-0.025021633580739996,0.7330612950732609,0.9264550138621438,0.05495845774228658,0.3714079654348894,0.026773091412839702
1769499172.6148107,429.1700134277344,563.72998046875,619.7999877929688,277.2099914550781,286.44000244140625,423.4599914550781,558.3699951171875,651.1799926757812,474.260009765625,-3001.820068359375,0,-0.19206442349449473,-0.023865319071175266,0.7297612004348216,0.9331383045979785,0.0443832452076654,0.35214606565496837,0.05723792868870493
1769499172.7424817,429.1700134277344,563.72998046875,619.719970703125,277.2099914550781,286.44000244140625,423.4599914550781,558.3699951171875,651.1799926757812,474.260009765625,-3057.800048828125,0,-0.1934533525945834,-0.023456588158161686,0.7375548634975859,0.9321859040663555,0.05153688861472311,0.3530586867852425,0.06101600656700878
1769499172.8035297,429.1700134277344,563.72998046875,619.719970703125,277.2099914550781,286.44000244140625,423.4599914550781,558.3699951171875,651.1799926757812,474.260009765625,-3109.47998046875,0,-0.19456690772075896,-0.023620098279255996,0.7427985530556355,0.9460164905154331,0.048004538884189714,0.31836141902504317,0.03734127469357132
1769499172.8866584,429.1700134277344,563.72998046875,619.719970703125,277.2099914550781,286.44000244140625,423.4599914550781,558.3699951171875,651.1799926757812,474.260009765625,-3109.47998046875,0,-0.1884681977689799,-0.023450963839324292,0.7215782971798085,-0.9864154855644378,-0.07613198160088477,0.1359947639228579,0.0519021714551835
1769499172.9492326,429.1700134277344,563.72998046875,619.719970703125,277.2099914550781,286.44000244140625,423.4599914550781,558.3699951171875,651.1799926757812,474.260009765625,-3166.0,0,-0.19188671555998682,-0.022868612128685448,0.7315906072772116,0.9299858533628744,0.04982338127775388,0.36157719712906417,0.04365631385341419
1769499173.0133886,429.1700134277344,563.72998046875,619.719970703125,277.2099914550781,286.44000244140625,423.4599914550781,558.3699951171875,651.1799926757812,474.260009765625,-3221.81005859375,0,-0.19241484022648114,-0.022868755668381386,0.7315957163163856,0.929806717519206,0.04980528169031934,0.3620419686689187,0.04364074809442624
1769499173.109887,429.1700134277344,563.72998046875,619.719970703125,277.2099914550781,286.44000244140625,423.4599914550781,558.3699951171875,651.1799926757812,474.260009765625,-3272.340087890625,0,-0.1934436455313703,-0.021286314504403766,0.7315022065081491,0.9293520454408214,0.04994509341222203,0.36300485810430766,0.04514129231288601
1769499173.2492623,429.1700134277344,563.72998046875,619.7999877929688,277.2099914550781,286.44000244140625,423.4599914550781,558.3699951171875,651.1799926757812,474.260009765625,-3327.889892578125,0,-0.1929246588904591,-0.021813697412213093,0.7315314649677644,0.9295638951800592,0.049904491741953834,0.3625289434525667,0.04464607083292843
1769499173.3169086,429.1700134277344,563.72998046875,619.7999877929688,277.2099914550781,286.44000244140625,423.4599914550781,558.3699951171875,651.1799926757812,474.260009765625,-3378.780029296875,0,-0.192387537861513,-0.021286050055928388,0.7314920126509241,0.9297112356438224,0.04998130174771631,0.3620751636481266,0.04517149170022088
1769499173.392102,429.1700134277344,563.6400146484375,619.7999877929688,277.2099914550781,288.7200012207031,423.4599914550781,558.3699951171875,651.1799926757812,474.260009765625,-3378.780029296875,0,-0.19756688697215957,-0.020480381037651256,0.7501314100006954,0.9383001528960286,0.05085258040500674,0.3379542068613297,0.05285633553483826
1769499173.4640183,429.1700134277344,563.6400146484375,619.7999877929688,277.2099914550781,288.7200012207031,423.4599914550781,558.3699951171875,651.1799926757812,474.260009765625,-3436.0,0,-0.19523414895227867,-0.019796157242789752,0.7397767551518831,0.9286136938239937,0.05761550331170246,0.363412485860126,0.04783750141532425
1769499173.5134203,429.1700134277344,563.6400146484375,619.7999877929688,277.2099914550781,288.7200012207031,423.4599914550781,558.3699951171875,651.1799926757812,474.260009765625,-3487.760009765625,0,-0.1952377681803222,-0.019239651132722038,0.738772481952438,0.9379606564436422,0.056657592007804625,0.3377016889723386,0.05456458097446256
1769499173.5746055,429.1700134277344,563.6400146484375,619.719970703125,277.2099914550781,288.9800109863281,423.4599914550781,558.3699951171875,651.1799926757812,474.260009765625,-3487.760009765625,0,-0.19916137970493103,-0.018858156229338223,0.7500341033711654,0.9376598942610102,0.0509381731066585,0.3394750322571475,0.05436844387138737
1769499173.644107,429.1700134277344,563.6400146484375,619.719970703125,277.2099914550781,288.9800109863281,423.4599914550781,558.3699951171875,651.1799926757812,474.260009765625,-3544.18994140625,0,-0.19463725947299218,-0.017611865442957154,0.7320363414744248,0.9195883688271637,0.05128783108861252,0.38712337051354295,0.04315421534747935
1769499173.7129912,429.1700134277344,563.6400146484375,619.719970703125,277.2099914550781,288.9800109863281,423.4599914550781,558.3699951171875,651.1799926757812,474.260009765625,-3593.85009765625,0,-0.20005224867759938,-0.017276950430276473,0.7518635345251979,0.9338391822438898,0.05670544981574521,0.35091391731235394,0.03985343528173917
1769499173.8019176,429.1700134277344,563.6400146484375,619.7999877929688,277.2099914550781,288.9800109863281,423.4599914550781,558.3699951171875,651.1799926757812,474.260009765625,-3650.449951171875,0,-0.19899824613275668,-0.019444394358513608,0.7519720370400308,0.9343000649870176,0.056529957150363075,0.34994608408198674,0.03775567169997322
1769499173.940105,429.1700134277344,563.6400146484375,619.7999877929688,277.2099914550781,289.07000732421875,423.4599914550781,558.3699951171875,651.1799926757812,474.260009765625,-3700.6298828125,0,-0.19317436854045686,-0.018159622611968643,0.7329874611683802,0.9162432087818069,0.05632465102227324,0.39547988827646435,0.030357437593986784
1769499173.9941444,429.1700134277344,563.6400146484375,619.7999877929688,277.2099914550781,289.07000732421875,423.4599914550781,558.3699951171875,651.1799926757812,474.260009765625,-3756.449951171875,0,-0.19675084581327135,-0.0177447903323484,0.7435681875962523,-0.9892599286481483,-0.06543056509861139,0.12417408907710867,0.04079743035789621
1769499174.1676428,429.1700134277344,563.5499877929688,619.7999877929688,279.32000732421875,288.9800109863281,423.4599914550781,558.3699951171875,651.1799926757812,474.260009765625,-3803.72998046875,0,-0.20087221998672625,-0.017287120663051717,0.75239235932592,0.9395807360362896,0.061436243221632776,0.3355260892557257,0.02891144958447422
1769499174.2222,429.1700134277344,563.5499877929688,619.7999877929688,279.32000732421875,288.9800109863281,423.4599914550781,558.3699951171875,651.1799926757812,474.260009765625,-3804.7900390625,0,-0.20265554787439344,-0.016782343514717094,0.7600988756281567,0.9325865077148354,0.06413267792843813,0.35251461096710585,0.04362171826836566
1769499174.2819915,429.1700134277344,563.5499877929688,619.7999877929688,279.32000732421875,288.9800109863281,423.4599914550781,558.3699951171875,651.1799926757812,474.260009765625,-3804.7900390625,0,-0.1974334754585369,-0.014818078248615054,0.7440450616552933,0.9307022861631422,0.0550563513398299,0.3607474627690053,0.024966393683731995
1769499174.4129405,429.1700134277344,563.5499877929688,619.7999877929688,279.3999938964844,288.9800109863281,423.4599914550781,558.3699951171875,651.1799926757812,474.260009765625,-3804.7900390625,0,-0.2002359925076045,-0.01536177310918729,0.7583199107535156,-0.9910459070418964,-0.07880917405619901,0.08824224496141495,0.061890471191080335
1769499174.6086159,429.1700134277344,563.5499877929688,619.7999877929688,279.3999938964844,288.9800109863281,423.4599914550781,558.3699951171875,651.1799926757812,474.260009765625,-3804.7900390625,0,-0.19729793979025642,-0.015034680640738275,0.742109542353903,-0.9900084095841841,-0.06337564084552613,0.11326063010455473,0.055126280196766395
1769499174.7250898,429.1700134277344,563.5499877929688,619.7999877929688,279.3999938964844,288.9800109863281,423.4599914550781,558.3699951171875,651.1799926757812,474.260009765625,-3804.7900390625,0,-0.20220413062235368,-0.015493153615715244,0.7640693560859616,0.9403252488820708,0.05599349385416369,0.3343795376137488,0.029042723462012747
1769499174.7839873,429.1700134277344,563.5499877929688,619.7999877929688,279.3999938964844,288.9800109863281,423.4599914550781,558.3699951171875,651.1799926757812,474.260009765625,-3804.7900390625,0,-0.19895294997623358,-0.01619332232217975,0.7518010546619815,0.9341448027223681,0.056844599497503374,0.3499544121985953,0.04091562583527606
1769499174.8545194,429.1700134277344,563.5499877929688,619.7999877929688,279.3999938964844,288.9800109863281,423.4599914550781,558.3699951171875,651.1799926757812,474.260009765625,-3807.68994140625,0,-0.19736880870818593,-0.015340596029824509,0.7433029243015594,0.9248740854818239,0.05007350048519044,0.37517376684912057,0.03667717575770127
1769499174.9146078,429.1700134277344,563.5499877929688,619.7999877929688,279.3999938964844,288.9800109863281,423.4599914550781,558.3699951171875,651.1799926757812,474.260009765625,-3856.820068359375,0,-0.20044131513757268,-0.01543411592928247,0.7543442679461334,0.9346526991067946,0.043548973700348825,0.35071185426992735,0.03910261137800392
1769499175.0668237,429.1700134277344,563.5499877929688,619.7999877929688,279.3999938964844,288.9800109863281,423.4599914550781,558.3699951171875,651.1799926757812,474.260009765625,-3913.590087890625,0,-0.19690199470294098,-0.01535394165889957,0.744061149570787,0.9308976215040845,0.05501262766394531,0.36028614475248477,0.02443609983073691
1769499175.1241033,429.1700134277344,563.5499877929688,619.7999877929688,279.3999938964844,288.9800109863281,423.4599914550781,558.3699951171875,651.1799926757812,474.260009765625,-3964.659912109375,0,-0.1987846003120436,-0.01563036304757556,0.7506611943425607,0.9278466534281465,0.05210083874780503,0.36558478671363104,0.052286270162568364
1769499175.2188263,429.1700134277344,563.5499877929688,619.7999877929688,279.3999938964844,288.9800109863281,423.4599914550781,558.3699951171875,651.1799926757812,474.260009765625,-4020.3798828125,0,-0.2039584544478844,-0.015760972679622953,0.7640891387787849,-0.9938202383389537,-0.0681674643598163,0.08138427216837806,0.03242114918200539
1769499175.3461592,429.1700134277344,563.5499877929688,619.7999877929688,279.3999938964844,288.9800109863281,423.4599914550781,558.3699951171875,651.1799926757812,474.260009765625,-4070.739990234375,0,-0.20380239567069655,-0.014090277697533942,0.7623262815023091,0.943414861700939,0.05001062023120523,0.3241824924851948,0.04871394206974822
1769499175.5110948,429.1700134277344,563.5499877929688,619.7999877929688,279.3999938964844,288.9800109863281,423.4599914550781,558.3699951171875,651.1799926757812,474.260009765625,-4184.1201171875,0,-0.20386718905047033,-0.013758543530742703,0.7667048764909147,0.9350161990657333,0.06628392612815405,0.3422533831823206,0.06491356038580903
1769499175.5615044,429.1700134277344,563.5499877929688,619.719970703125,279.3999938964844,288.9800109863281,423.4599914550781,558.3699951171875,651.1799926757812,474.260009765625,-4184.1201171875,0,-0.20082673131409798,-0.014355097438962286,0.7547810980985363,0.9246136186139915,0.044365387618370056,0.3766091563091135,0.03587355626571935
1769499175.6221244,429.1700134277344,563.5499877929688,619.719970703125,279.3999938964844,288.9800109863281,423.4599914550781,558.3699951171875,651.1799926757812,474.260009765625,-4236.06005859375,0,-0.2018702105454766,-0.014815623366027693,0.7583047483356667,-0.9911050134990375,-0.07879237062825903,0.08784295749194997,0.06153234407138531
1769499175.7219462,429.1700134277344,563.5499877929688,619.7999877929688,279.3999938964844,288.9800109863281,423.4599914550781,558.3699951171875,651.1799926757812,474.260009765625,-4291.43994140625,0,-0.20055052495957398,-0.014027006787047835,0.7517021710534465,0.9335010672300029,0.057002404800726325,0.35139206294136266,0.04301280540947234
1769499175.7860458,429.1700134277344,563.5499877929688,619.7999877929688,279.3999938964844,288.9800109863281,423.4599914550781,558.3699951171875,651.1799926757812,474.260009765625,-4291.43994140625,0,-0.20406288897097966,-0.013282038695191446,0.7633126846455053,0.9335494673091195,0.05139211561457602,0.3522839542749988,0.04171640085012035
1769499175.846656,429.1700134277344,563.5499877929688,619.7999877929688,279.3999938964844,288.9800109863281,423.4599914550781,558.3699951171875,651.1799926757812,474.260009765625,-4341.7099609375,0,-0.2022831335983188,-0.012684924439651994,0.7526210287804718,0.9191365163770818,0.06364442108890407,0.3880073782879265,0.024243067474860835
1769499175.9561684,429.1700134277344,563.5499877929688,619.7999877929688,279.3999938964844,288.9800109863281,423.4599914550781,558.3699951171875,651.1799926757812,474.260009765625,-4397.60986328125,0,-0.205211945746797,-0.011300561806686326,0.7605714718162723,-0.992127238302607,-0.0649015377801914,0.08765941419033435,0.061539909941565434
1769499176.051142,429.1700134277344,563.5499877929688,619.7999877929688,279.3999938964844,288.9800109863281,423.4599914550781,558.3699951171875,651.1799926757812,474.260009765625,-4447.7900390625,0,-0.20682610866503964,-0.012776604061201338,0.7741491129113134,0.9434884114298809,0.04409360658846867,0.32470858479648607,0.0494945079276921
1769499176.092682,429.1700134277344,563.5499877929688,619.7999877929688,279.3999938964844,288.9800109863281,423.4599914550781,558.3699951171875,651.1799926757812,474.260009765625,-4504.1298828125,0,-0.20626285941281355,-0.013295153741804037,0.7720553778889865,0.9326066372852729,0.05889294583902105,0.3532541929878026,0.044586501975304386
1769499176.2449498,429.1700134277344,563.5499877929688,619.7999877929688,279.3999938964844,288.9800109863281,423.4599914550781,558.3699951171875,651.1799926757812,474.260009765625,-4560.91015625,0,-0.20622995482647105,-0.010533397311624027,0.7631965150596693,0.932692955879161,0.05159017611119782,0.35419885383238686,0.044333686131794746
1769499176.4106205,429.0799865722656,563.5499877929688,619.7999877929688,279.3999938964844,288.9800109863281,423.4599914550781,558.3699951171875,651.1799926757812,474.260009765625,-4667.33984375,0,-0.21111776852383793,-0.009686611575030807,0.7845910621848399,-0.9956539640808237,-0.06963572089105531,0.049121053742565236,0.03756557287390885
1769499176.4721568,429.0799865722656,563.5499877929688,619.7999877929688,279.3999938964844,288.9800109863281,423.4599914550781,558.3699951171875,651.1799926757812,474.260009765625,-4667.33984375,0,-0.20788767396583013,-0.009430979321357577,0.7739510284067697,0.9429122111853447,0.04430146002875913,0.32583860710482393,0.052755518733799696
1769499176.5356154,429.0799865722656,563.5499877929688,619.7999877929688,279.3999938964844,288.9800109863281,423.4599914550781,558.3699951171875,651.1799926757812,474.260009765625,-4717.6201171875,0,-0.20788767396583013,-0.009430979321357577,0.7739510284067697,0.9429122111853447,0.04430146002875913,0.32583860710482393,0.052755518733799696
1769499176.5957005,429.0799865722656,563.5499877929688,619.7999877929688,279.3999938964844,288.9800109863281,423.4599914550781,558.3699951171875,651.1799926757812,474.260009765625,-4772.990234375,0,-0.20363852935565752,-0.010552503199200898,0.7551298829926815,0.924536774268226,0.05462399001758855,0.3768013885581255,0.016391654002274787
1769499176.657785,429.0799865722656,563.5499877929688,619.7999877929688,279.3999938964844,288.9800109863281,423.4599914550781,558.3699951171875,651.1799926757812,474.260009765625,-4772.990234375,0,-0.20774305143229424,-0.011321262572323796,0.769813080134288,0.9348801588771561,0.0528290071732333,0.34501476080061616,0.06459875671100443
1769499176.7034888,429.0799865722656,563.5499877929688,619.7999877929688,279.3999938964844,288.9800109863281,423.4599914550781,558.3699951171875,651.1799926757812,474.260009765625,-4828.4501953125,0,-0.20570578481449642,-0.009984538886089814,0.7632997832316768,0.9224851171205096,0.05215087132299134,0.38006705435042654,0.04301778130962076
1769499176.739837,429.0799865722656,563.5499877929688,619.7999877929688,279.3999938964844,288.9800109863281,423.4599914550781,558.3699951171875,651.1799926757812,474.260009765625,-4828.4501953125,0,-0.2087566548532864,-0.00888924111453033,0.7756315880369523,0.9388348790735137,0.05026733448057896,0.3387816102361645,0.035906621743490304
1769499176.8226805,429.0799865722656,563.5499877929688,619.7999877929688,279.3999938964844,288.9800109863281,423.4599914550781,558.3699951171875,651.1799926757812,474.260009765625,-4878.97998046875,0,-0.21052842532611785,-0.007991205059963221,0.7845002637096226,-0.9956575543300838,-0.06953233617734196,0.04938762322458877,0.037311545175500345
1769499176.9165833,429.0799865722656,563.5499877929688,619.7999877929688,279.3999938964844,288.9800109863281,423.4599914550781,558.3699951171875,651.1799926757812,474.260009765625,-4936.10986328125,0,-0.21110223966666122,-0.008556334982456979,0.7845332551947403,-0.9956609288027848,-0.06957054241186693,0.049229827300712445,0.037358781939949
1769499177.0110943,429.0799865722656,563.5499877929688,619.7999877929688,279.3999938964844,288.9800109863281,423.4599914550781,558.3699951171875,651.1799926757812,474.260009765625,-4986.740234375,0,-0.21226429533345795,-0.007149126737232993,0.7834128966065946,0.9417418502023054,0.05225060368303198,0.3275980616909873,0.05542266655986071
1769499177.1604884,429.0799865722656,563.5499877929688,619.7999877929688,279.3999938964844,288.9800109863281,423.4599914550781,558.3699951171875,651.1799926757812,474.260009765625,-5041.669921875,0,-0.20611243636034857,-0.008894201517280237,0.7643000377933972,0.9183424114253946,0.05792735044206616,0.39043950108394593,0.029131313761533086
1769499177.2162852,429.0799865722656,563.5499877929688,619.7999877929688,279.3999938964844,288.9800109863281,423.4599914550781,558.3699951171875,651.1799926757812,474.260009765625,-5091.77001953125,0,-0.2090790725226653,-0.008890749917536982,0.775791424500923,0.9389182064434285,0.05050229789814137,0.33866405258188736,0.03447867463919764
1769499177.2989776,429.0799865722656,563.5499877929688,619.7999877929688,279.3999938964844,288.9800109863281,423.4599914550781,558.3699951171875,651.1799926757812,474.260009765625,-5146.9599609375,0,-0.21145773650453473,-0.007161069234970145,0.7851354661012314,0.9380884058222535,0.05826723609554569,0.3392851199021732,0.038479598134816155
1769499177.4076555,429.0799865722656,563.5499877929688,619.7999877929688,279.3999938964844,288.9800109863281,423.4599914550781,558.3699951171875,651.1799926757812,474.260009765625,-5202.06982421875,0,-0.21324762136142442,-0.006304274542962087,0.7851234444399446,-0.993678185657461,-0.0692244053585256,0.08303730754370296,0.030272935225172506
1769499177.5611682,429.0799865722656,563.5499877929688,619.7999877929688,279.3999938964844,288.9800109863281,423.4599914550781,558.3699951171875,651.1799926757812,474.260009765625,-5252.43017578125,0,-0.20885293451006942,-0.004982101399170453,0.7759999919442555,0.9283715244382807,0.051691393299383326,0.3664376496352606,0.03431852853339383
1769499177.704843,429.0799865722656,563.5499877929688,619.7999877929688,279.3999938964844,288.9800109863281,423.4599914550781,558.3699951171875,651.1799926757812,474.260009765625,-5359.75,0,-0.20985293485021364,-0.006655508989985704,0.7755551822156628,0.9383875572786551,0.050421260856451544,0.33975823731966703,0.038089748905410295
1769499177.820098,429.0799865722656,563.5499877929688,619.7999877929688,279.3999938964844,288.9800109863281,423.4599914550781,558.3699951171875,651.1799926757812,474.260009765625,-5414.5,0,-0.21022326906009184,-0.006098666657130873,0.7759021754218942,0.9277947551824552,0.05131947506822732,0.36792345347591365,0.03457652551958896
1769499177.8862998,429.0799865722656,563.5499877929688,619.7999877929688,279.3999938964844,288.9800109863281,423.4599914550781,558.3699951171875,651.1799926757812,474.260009765625,-5414.5,0,-0.21571686681443653,-0.004254456018951391,0.7956190449193092,0.9412131258881977,0.045984731150444824,0.32938710336297444,0.05922324117218215
1769499177.9388373,429.0799865722656,563.5499877929688,619.7999877929688,279.3999938964844,288.9800109863281,423.4599914550781,558.3699951171875,651.1799926757812,474.260009765625,-5464.33984375,0,-0.214611182114345,-0.003952728602418258,0.7925959107141712,0.9403527786465217,0.05998058659884646,0.3290111510981997,0.06237502205259466
1769499177.9948535,429.0799865722656,563.5499877929688,619.7999877929688,279.3999938964844,288.9800109863281,423.4599914550781,558.3699951171875,651.1799926757812,474.260009765625,-5519.08984375,0,-0.20954732151609218,-0.003567749748726772,0.7745651182189446,-0.992309123328643,-0.05941946970186661,0.10012705944342397,0.04202977927972095
1769499178.0571902,429.0799865722656,563.5499877929688,619.7999877929688,279.3999938964844,288.9800109863281,423.4599914550781,558.3699951171875,651.1799926757812,474.260009765625,-5519.08984375,0,-0.21276141345921523,-0.0037838927948618453,0.7883842798881342,0.9450021451467351,0.049783036156411165,0.3222424009299807,0.02554270976228102
1769499178.1184044,429.0799865722656,563.5499877929688,619.7999877929688,279.3999938964844,288.9800109863281,423.4599914550781,558.3699951171875,651.1799926757812,474.260009765625,-5569.4501953125,0,-0.21248777719516815,-0.004612108602100378,0.7854266600797909,-0.9908291783125904,-0.0690667575315019,0.11328333736444206,0.025577487837076977
1769499178.159475,429.1700134277344,563.5499877929688,619.7999877929688,279.3999938964844,288.9800109863281,423.4599914550781,558.3699951171875,651.1799926757812,474.260009765625,-5569.4501953125,0,-0.2158613452800933,-0.004835807589255246,0.7977448791698715,0.9377134701508354,0.05234958865997902,0.3411650349977101,0.03948907899433093
1769499178.2160754,429.1700134277344,563.5499877929688,619.7999877929688,279.3999938964844,288.9800109863281,423.4599914550781,558.3699951171875,651.1799926757812,474.260009765625,-5626.490234375,0,-0.21394417143075953,-0.004634761209268002,0.7885723295968198,0.93375925052385,0.050676523910181626,0.35372065886870724,0.02018037351008244
1769499178.2798157,429.1700134277344,563.5499877929688,619.7999877929688,279.3999938964844,288.9800109863281,423.4599914550781,558.3699951171875,651.1799926757812,474.260009765625,-5626.490234375,0,-0.21106209464399373,-0.004423076754125067,0.7764218737457815,0.9229469616914413,0.0571855524951313,0.38005857785767133,0.021311871977095956
1769499178.3287237,429.0799865722656,563.5499877929688,619.7999877929688,279.3999938964844,288.9800109863281,423.4599914550781,558.3699951171875,651.1799926757812,474.260009765625,-5682.919921875,0,-0.21628260367180127,-0.003681660217034705,0.7955927790699732,0.9409975525486265,0.04600827686637787,0.3299038293254384,0.059752053970503635
1769499178.380291,429.0799865722656,563.5499877929688,619.7999877929688,279.3999938964844,288.9800109863281,423.4599914550781,558.3699951171875,651.1799926757812,474.260009765625,-5682.919921875,0,-0.2107777523530377,-0.0027459504025884826,0.7764098297839543,0.9127661379598432,0.057977053565524135,0.403779229141293,0.0214236497309914
1769499178.4679255,429.0799865722656,563.5499877929688,619.7999877929688,279.3999938964844,288.9800109863281,423.4599914550781,558.3699951171875,651.1799926757812,474.260009765625,-5732.490234375,0,-0.216812910184065,-0.0008182930022607328,0.7954367886108443,0.9406149972577237,0.04619522027900008,0.33046190136479764,0.0624848805999507
1769499178.5135815,429.0799865722656,563.5499877929688,619.7999877929688,279.3999938964844,288.9800109863281,423.4599914550781,558.3699951171875,651.1799926757812,474.260009765625,-5788.1298828125,0,-0.21789571211366132,-0.0008147619446121638,0.7983499811409078,0.9435243784399711,0.057709441279594764,0.32481562242286555,0.03043319087295739
1769499178.6043448,429.1700134277344,563.5499877929688,619.7999877929688,279.3999938964844,288.9800109863281,423.4599914550781,558.3699951171875,651.1799926757812,474.260009765625,-5837.60986328125,0,-0.2155923071814259,-0.0020814725819952597,0.7883571589612985,0.9440716371078383,0.04983634970389123,0.3248055169304572,0.027321391404103095
1769499178.7428663,429.0799865722656,563.5499877929688,619.7999877929688,279.3999938964844,288.9800109863281,423.4599914550781,558.3699951171875,651.1799926757812,474.260009765625,-5892.6298828125,0,-0.21699148424743528,-0.0025388192182427037,0.7976761901796122,0.9372640944013901,0.05250463832090663,0.34211439342840194,0.04167759721780278
1769499178.7972858,429.0799865722656,563.5499877929688,619.7999877929688,279.3999938964844,288.9800109863281,423.4599914550781,558.3699951171875,651.1799926757812,474.260009765625,-5942.5498046875,0,-0.2167505272704843,-0.001964046911807299,0.7983665445049962,0.9439070349670696,0.05766115013250772,0.32381921922962215,0.02925430502660511
1769499178.9226131,429.0799865722656,563.5499877929688,619.7999877929688,279.3999938964844,288.9800109863281,423.4599914550781,558.3699951171875,651.1799926757812,474.260009765625,-5998.7998046875,0,-0.22030838963577395,-0.0009540855994728432,0.8052598812057196,-0.9937445219492625,-0.06945250798592456,0.07231491067494425,0.04918056449830148
1769499178.9870796,429.0799865722656,563.5499877929688,619.7999877929688,279.3999938964844,288.9800109863281,423.4599914550781,558.3699951171875,651.1799926757812,474.260009765625,-5998.7998046875,0,-0.2158662989061441,-0.0009465546642483772,0.7884971994239198,0.9951400779926439,0.057358747697937036,-0.07999225027779089,0.0027274770052874426
1769499179.138458,429.0799865722656,563.5499877929688,619.719970703125,279.3999938964844,288.9800109863281,423.4599914550781,558.3699951171875,651.1799926757812,474.260009765625,-6103.830078125,0,-0.21590071984289916,0.0007568210054214108,0.7884603303098551,0.9328176965988784,0.050838305836100106,0.35571664004660825,0.02706073845315051
1769499179.2004125,429.0799865722656,563.5499877929688,619.719970703125,279.3999938964844,288.9800109863281,423.4599914550781,558.3699951171875,651.1799926757812,474.260009765625,-6159.10986328125,0,-0.21761252046994584,0.0003330640105507606,0.7978578302752812,0.9260757258946108,0.05352379084944931,0.3712198550579024,0.04140981686344624
1769499179.354142,429.0799865722656,563.5499877929688,619.7999877929688,279.3999938964844,288.9800109863281,423.4599914550781,558.3699951171875,651.1799926757812,474.260009765625,-6208.330078125,0,-0.21797535049604294,-0.0005205717342905761,0.7977495151491903,-0.9911350666754924,-0.06251009714924277,0.11436490832694661,0.025776638724410626
1769499179.4199812,429.0799865722656,563.5499877929688,619.7999877929688,279.3999938964844,288.9800109863281,423.4599914550781,558.3699951171875,651.1799926757812,474.260009765625,-6263.0,0,-0.22078437525956784,0.00020077299112265332,0.8075216848197098,-0.9934438797400666,-0.0706383596219498,0.08504561198162922,0.02909851954299695
1769499179.4853768,429.0799865722656,563.5499877929688,619.7999877929688,279.3999938964844,288.9800109863281,423.4599914550781,558.3699951171875,651.1799926757812,474.260009765625,-6263.0,0,-0.21796793704298062,0.0009026803502690103,0.7965292180938002,0.9299160124971962,0.0477059958730487,0.3601873855688687,0.05696836785566515
1769499179.5368562,429.0799865722656,563.5499877929688,619.7999877929688,279.489990234375,288.9800109863281,423.4599914550781,558.3699951171875,651.1799926757812,474.260009765625,-6313.009765625,0,-0.21851022908160028,0.0014821486219395359,0.7979887858780054,0.9259317167826163,0.05384764921354712,0.37156221399548534,0.04113888259232131
1769499179.5928788,429.0799865722656,563.5499877929688,619.7999877929688,279.489990234375,288.9800109863281,423.4599914550781,558.3699951171875,651.1799926757812,474.260009765625,-6368.64013671875,0,-0.22047514859428716,0.0019248004023557225,0.8051445685895963,0.9392219285511341,0.054118117243060815,0.3322796943546454,0.06725773586984904
1769499179.6626627,429.0799865722656,563.5499877929688,619.7999877929688,279.489990234375,288.9800109863281,423.4599914550781,558.3699951171875,651.1799926757812,474.260009765625,-6368.64013671875,0,-0.21767163011640614,0.002063013185908428,0.7950986791998513,-0.9945036632724645,-0.06090644847111264,0.07105939217070682,0.04694071853534233
1769499179.7217932,429.1700134277344,563.5499877929688,619.7999877929688,279.489990234375,288.9800109863281,423.4599914550781,558.3699951171875,651.1799926757812,474.260009765625,-6425.240234375,0,-0.2183431862903321,0.0017808107597266025,0.8000007801332231,-0.9330020926770738,-0.055446358239531875,-0.35557349018953993,0.0005380451688169516
1769499179.8696356,429.1700134277344,563.5499877929688,619.7999877929688,279.489990234375,288.9800109863281,423.4599914550781,558.3699951171875,651.1799926757812,474.260009765625,-6474.2900390625,0,-0.2236671886919618,0.0016587438971392863,0.8111384780979642,-0.9960811521826846,-0.057517960519044446,0.06545029614225283,0.015175019572863588
1769499179.9397767,429.0799865722656,563.5499877929688,619.7999877929688,279.3999938964844,288.9800109863281,423.4599914550781,558.3699951171875,651.1799926757812,474.260009765625,-6529.0400390625,0,-0.22657374764352128,0.0018190599123389453,0.820934525336794,0.9352650939460918,0.05439481821834292,0.34660753310381315,0.04672928196207081
1769499180.0058966,429.0799865722656,563.5499877929688,619.7999877929688,279.3999938964844,288.9800109863281,423.4599914550781,558.3699951171875,651.1799926757812,474.260009765625,-6578.43994140625,0,-0.22625640396358912,0.0018140562586797563,0.8197711023840584,0.9462196382222511,0.052657944825505565,0.31437110716939826,0.055374579604662515
1769499180.0635931,429.0799865722656,563.5499877929688,619.7999877929688,279.3999938964844,288.9800109863281,423.4599914550781,558.3699951171875,651.1799926757812,474.260009765625,-6578.43994140625,0,-0.21966587283713146,0.0026355413688865727,0.7985373618420896,0.9208732616939201,0.05965459939393197,0.38422734544890746,0.02833922507120488
1769499180.1133847,429.0799865722656,563.5499877929688,619.7999877929688,279.3999938964844,288.9800109863281,423.4599914550781,558.3699951171875,651.1799926757812,474.260009765625,-6632.83984375,0,-0.2229072927896061,0.004273803038429937,0.8102990965785559,0.9361844108617764,0.04656983254139474,0.3451617018404669,0.04746998145194323
1769499180.298707,429.0799865722656,563.5499877929688,619.7999877929688,279.489990234375,288.9800109863281,423.4599914550781,558.3699951171875,651.1799926757812,474.260009765625,-6739.4501953125,0,-0.22259161603690444,0.003962442364886204,0.8065213547431963,0.928558661696856,0.05607419149411391,0.3619629429170171,0.060144199977035046
1769499180.3608015,429.0799865722656,563.5499877929688,619.7999877929688,279.3999938964844,288.9800109863281,423.4599914550781,558.3699951171875,651.1799926757812,474.260009765625,-6739.4501953125,0,-0.23078800081730938,0.004413483927932237,0.8348159366176131,-0.9976293651152696,-0.059559260836537384,0.027288051682806947,0.02106434294408606
1769499180.418149,429.0799865722656,563.5499877929688,619.7999877929688,279.3999938964844,288.9800109863281,423.4599914550781,558.3699951171875,651.1799926757812,474.260009765625,-6795.0,0,-0.22081732806879995,0.004934641786719953,0.7985425832819932,0.9204689359867579,0.05988764977240807,0.38499927669946366,0.030429660350272975
1769499180.4750485,429.0799865722656,563.5499877929688,619.7999877929688,279.3999938964844,288.9800109863281,423.4599914550781,558.3699951171875,651.1799926757812,474.260009765625,-6795.0,0,-0.2246466253413241,0.006023218360750698,0.8102592542079956,0.9355604899159502,0.04666460224070052,0.34660752241106874,0.04911425469255401
1769499180.5553834,429.1700134277344,563.5499877929688,619.7999877929688,279.3999938964844,288.9800109863281,423.4599914550781,558.3699951171875,651.1799926757812,474.260009765625,-6844.0400390625,0,-0.22540478655342167,0.005745894163925912,0.8110851663690613,-0.9961242698703391,-0.05724696122768528,0.06522417213865003,0.014318930627234439
1769499180.6170707,429.1700134277344,563.5499877929688,619.7999877929688,279.3999938964844,288.9800109863281,423.4599914550781,558.3699951171875,651.1799926757812,474.260009765625,-6898.97021484375,0,-0.22533829088182233,0.005743521361643615,0.810305639328617,-0.9944625299213765,-0.05565656235525333,0.08447868087888592,0.02846007951735868
1769499180.7106144,429.1700134277344,563.5499877929688,619.7999877929688,279.3999938964844,288.9800109863281,423.4599914550781,558.3699951171875,651.1799926757812,474.260009765625,-6948.02001953125,0,-0.22891443353750263,0.005363857551852313,0.8208492230540428,0.9343864611700993,0.054610804353698424,0.3484778275120221,0.050028041760217676
1769499180.8281353,429.0799865722656,563.5499877929688,619.7999877929688,279.3999938964844,288.9800109863281,423.4599914550781,558.3699951171875,651.1799926757812,474.260009765625,-7003.1298828125,0,-0.22918892672653773,0.006279649406133124,0.8244845607652008,0.9422296369771149,0.045388691440614366,0.3300386635214498,0.03489496342251019
1769499180.9608326,428.989990234375,565.5800170898438,619.7999877929688,279.32000732421875,288.8999938964844,423.4599914550781,558.3699951171875,651.1799926757812,474.260009765625,-7053.0498046875,0,-0.23031605110964332,0.006878920395561452,0.8247903894870163,0.9487738735021785,0.05121139804285813,0.3112446344466916,0.018229295058051383
1769499180.9989326,428.989990234375,565.5800170898438,619.7999877929688,279.32000732421875,288.8999938964844,423.4599914550781,558.3699951171875,651.1799926757812,474.260009765625,-7108.58984375,0,-0.23297714820123927,0.006209828694153979,0.8334866532909747,-0.9963297845053634,-0.057988522557392466,0.05157280307283844,0.03611838510118435
1769499181.2137947,428.989990234375,566.02001953125,619.7999877929688,279.32000732421875,288.8999938964844,423.4599914550781,558.3699951171875,651.1799926757812,474.260009765625,-7213.35986328125,0,-0.23038100637351733,0.005092888624669852,0.8245015015527888,0.9418964385493941,0.04529064510392583,0.3311172830312404,0.033781672428215455
1769499181.2137947,428.989990234375,566.02001953125,619.7999877929688,279.32000732421875,288.8999938964844,423.4599914550781,558.3699951171875,651.1799926757812,474.260009765625,-7213.35986328125,1,-0.25958388155815726,0.0045652321758360035,0.8643200073587343,-0.7547101094775904,-0.0475780805502838,-0.6543212053502871,0.0035689119380845824
1769499181.3474236,428.989990234375,566.02001953125,619.7999877929688,279.32000732421875,288.8999938964844,423.4599914550781,558.3699951171875,651.1799926757812,474.260009765625,-7268.1201171875,0,-0.2269300085000736,0.003993887158266187,0.8112927991181709,-0.9934954412271904,-0.05722995980688679,0.0978119452873897,0.011151830360486902
1769499181.4139762,428.989990234375,566.02001953125,619.7999877929688,279.32000732421875,288.8999938964844,423.4599914550781,558.3699951171875,651.1799926757812,474.260009765625,-7317.419921875,0,-0.22668761597105477,0.0037017354119497584,0.8113077323674719,0.9252941529274896,0.05856043103786924,0.3743894111889526,0.015296250012599225
1769499181.4735298,428.989990234375,566.02001953125,619.7999877929688,279.32000732421875,288.8999938964844,423.4599914550781,558.3699951171875,651.1799926757812,474.260009765625,-7317.419921875,0,-0.22989124033075603,0.0033061944993183798,0.8208336746000796,-0.9939583785611357,-0.06398908609089328,0.08468637629507195,0.02793485670949279
1769499181.520463,428.989990234375,566.02001953125,619.7999877929688,279.32000732421875,288.8999938964844,423.4599914550781,558.3699951171875,651.1799926757812,474.260009765625,-7372.0,0,-0.23299088696831954,0.0028887008737603355,0.8322308870701852,0.9381949908453199,0.04143622426117328,0.33753249984159805,0.0643817522471208
1769499181.5714197,428.989990234375,566.02001953125,619.7999877929688,279.32000732421875,288.8999938964844,423.4599914550781,558.3699951171875,651.1799926757812,474.260009765625,-7372.0,0,-0.22642937859811876,0.001943975489701001,0.8079304138407585,-0.9907133328168225,-0.07038735034115104,0.11387732673050484,0.02376273443124821
1769499181.7052681,428.989990234375,566.02001953125,619.7999877929688,279.32000732421875,288.8999938964844,423.4599914550781,558.3699951171875,651.1799926757812,474.260009765625,-7478.60986328125,0,-0.23221248882703086,0.0011061628271998804,0.8275209616074017,-0.9914380401398455,-0.06937021139216142,0.09293688930572942,0.06000934044999792
1769499181.7500618,428.989990234375,566.02001953125,619.7999877929688,279.32000732421875,288.8999938964844,423.4599914550781,558.3699951171875,651.1799926757812,474.260009765625,-7478.60986328125,0,-0.22925305616187264,0.0009286979517590204,0.8173306504847885,0.9156943976030644,0.06480712390806914,0.39265396983090994,0.055916606345093586
1769499181.8947887,428.989990234375,566.02001953125,619.7999877929688,279.32000732421875,288.8999938964844,423.4599914550781,558.3699951171875,651.1799926757812,474.260009765625,-7583.2900390625,0,-0.23655478516083595,-0.0002595774095863738,0.8433283475002809,0.9370562555482483,0.04901811055457038,0.3394414867478489,0.0655917361408096
1769499181.9634953,428.989990234375,566.02001953125,619.7999877929688,279.2300109863281,288.8999938964844,423.4599914550781,558.3699951171875,651.1799926757812,474.260009765625,-7583.2900390625,0,-0.22851394130985112,-0.0002504343374402585,0.8152176007358372,0.919352905687458,0.05843466698660349,0.3825846883381249,0.07074306147893668
1769499182.04293,428.989990234375,566.02001953125,619.7999877929688,279.2300109863281,288.8999938964844,423.4599914550781,558.3699951171875,651.1799926757812,474.260009765625,-7637.8701171875,0,-0.23315636144845484,-0.0012856677845997251,0.8303443629828684,-0.9911262871468,-0.07114493834488622,0.1040420157055429,0.042217764536141435
1769499182.1286454,428.989990234375,566.02001953125,619.7999877929688,279.32000732421875,288.8999938964844,423.4599914550781,558.3699951171875,651.1799926757812,474.260009765625,-7687.6201171875,0,-0.23260854124756639,-0.0015971563243389086,0.8292823866940419,0.9199335130761496,0.052399023404624386,0.38298839164794124,0.06554819393803897
1769499182.1889324,428.989990234375,566.02001953125,619.7999877929688,279.32000732421875,288.8999938964844,423.4599914550781,558.3699951171875,651.1799926757812,474.260009765625,-7687.6201171875,0,-0.22646523679732336,-0.002133320701866608,0.8079221407448198,0.896339772910745,0.05810001675162357,0.43726033208806797,0.0447526706913441
1769499182.2907739,428.989990234375,566.02001953125,619.7999877929688,279.32000732421875,288.8999938964844,423.4599914550781,558.3699951171875,651.1799926757812,474.260009765625,-7792.2099609375,0,-0.23240183250956353,-0.0024756461148715504,0.829240770632651,-0.988742482287724,-0.06925554465403874,0.12134809770344161,0.05354075492499716
1769499182.4064915,428.989990234375,566.02001953125,619.7999877929688,279.2300109863281,288.8999938964844,423.4599914550781,558.3699951171875,651.1799926757812,474.260009765625,-7804.06982421875,0,-0.22999002911537486,-0.002601111110610581,0.8206270117699438,-0.9886934562055604,-0.06265505328149198,0.13097572061206003,0.03748272355030732
1769499182.4636776,428.989990234375,566.02001953125,619.7999877929688,279.2300109863281,288.8999938964844,423.4599914550781,558.3699951171875,651.1799926757812,474.260009765625,-7804.06982421875,0,-0.22558081477055883,-0.002697340940202148,0.8059176753873084,-0.9860248442510262,-0.06715145828051891,0.14480453757659673,0.04772142147680991
1769499182.5188348,428.989990234375,566.02001953125,619.7999877929688,279.2300109863281,288.8999938964844,423.4599914550781,558.3699951171875,651.1799926757812,474.260009765625,-7804.06982421875,0,-0.2287540528850884,-0.0031887003088649068,0.817129907838859,0.8994627165964054,0.060696568726587026,0.42891597049489366,0.05756594698480014
1769499182.6601775,428.989990234375,566.02001953125,619.7999877929688,279.2300109863281,288.8999938964844,423.4599914550781,558.3699951171875,651.1799926757812,474.260009765625,-7804.06982421875,0,-0.23230136335589005,-0.003388233167111403,0.8292521647120216,0.919666840118941,0.05184996796817843,0.3835558188319929,0.06640344755704129
1769499182.9716802,428.989990234375,566.02001953125,619.7999877929688,279.2300109863281,288.8999938964844,423.4599914550781,558.3699951171875,651.1799926757812,474.260009765625,-7804.06982421875,0,-0.22971020084682034,-0.003494828490311212,0.8194871876413052,0.910211271834711,0.04466832243966479,0.4073677976011753,0.059763358950380686
1769499183.026618,428.989990234375,566.02001953125,619.7999877929688,279.2300109863281,288.8999938964844,423.4599914550781,558.3699951171875,651.1799926757812,474.260009765625,-7804.06982421875,0,-0.23230136335589005,-0.003388233167111403,0.8292521647120216,0.919666840118941,0.05184996796817843,0.3835558188319929,0.06640344755704129
1769499183.4248843,428.989990234375,566.02001953125,619.7999877929688,279.32000732421875,288.8999938964844,423.4599914550781,558.3699951171875,651.1799926757812,474.260009765625,-7804.06982421875,0,-0.2264688429756413,-0.0032835184580875766,0.8070005652817988,-0.9824275349126479,-0.06716991458686263,0.16867956793428845,0.0432613520518426
1769499183.538135,428.989990234375,566.02001953125,619.7999877929688,279.2300109863281,288.8999938964844,423.4599914550781,558.3699951171875,651.1799926757812,474.260009765625,-7804.06982421875,0,-0.22971020084682034,-0.003494828490311212,0.8194871876413052,0.910211271834711,0.04466832243966479,0.4073677976011753,0.059763358950380686
1769499184.241194,428.989990234375,566.02001953125,619.7999877929688,279.2300109863281,288.8999938964844,423.4599914550781,558.3699951171875,651.1799926757812,474.260009765625,-7804.06982421875,0,-0.226069737894536,-0.0032661246873633516,0.8040506046588733,-0.986783462803157,-0.06533162750169214,0.1343600813140351,0.06274985685622277
1769499184.3986297,428.989990234375,566.02001953125,619.7999877929688,279.2300109863281,288.8999938964844,423.4599914550781,558.3699951171875,651.1799926757812,474.260009765625,-7804.06982421875,0,-0.2330084754432928,-0.0030727315206501393,0.8292745751245372,-0.9887560127233401,-0.06933804131098187,0.12113672791056779,0.05366261717173247
1769499184.5418766,428.989990234375,566.02001953125,619.7999877929688,279.2300109863281,288.8999938964844,423.4599914550781,558.3699951171875,651.1799926757812,474.260009765625,-7804.06982421875,0,-0.22870166501782158,-0.0031818655762567895,0.8143218785095557,0.9128033774869924,0.05348762054288287,0.3976077474259918,0.07640122828743484
1769499184.590805,428.989990234375,566.02001953125,619.7999877929688,279.2300109863281,288.8999938964844,423.4599914550781,558.3699951171875,651.1799926757812,474.260009765625,-7804.06982421875,0,-0.23503651390065985,-0.003572719514664281,0.8368572368501881,0.9213642172256818,0.05370097589415068,0.3754824351470975,0.08495366560736643
1769499184.6263404,428.989990234375,566.02001953125,619.7999877929688,279.2300109863281,288.8999938964844,423.4599914550781,558.3699951171875,651.1799926757812,474.260009765625,-7804.06982421875,0,-0.22405769826512872,-0.0031127867894151884,0.7978014598004072,0.9076741658341211,0.0490838425537758,0.41437241650069684,0.044876335867156635
1769499184.7060356,428.989990234375,566.02001953125,619.7999877929688,279.2300109863281,288.8999938964844,423.4599914550781,558.3699951171875,651.1799926757812,474.260009765625,-7804.06982421875,0,-0.23058677222952842,-0.0031919463735666795,0.8206476507178402,-0.9887100421485276,-0.0627370290476396,0.13077176009058888,0.037620001378814175
1769499184.976626,428.989990234375,566.02001953125,619.7999877929688,279.2300109863281,288.8999938964844,423.4599914550781,558.3699951171875,651.1799926757812,474.260009765625,-7804.06982421875,0,-0.22646388940832338,-0.0030032681889199083,0.8063613145322597,0.9105898886288609,0.05139132303992533,0.4056827601736731,0.0600540151942789
1769499185.0798597,428.989990234375,566.02001953125,619.7999877929688,279.2300109863281,288.8999938964844,423.4599914550781,558.3699951171875,651.1799926757812,474.260009765625,-7804.06982421875,1,-0.26172527533133233,-0.003685638300499404,0.8668050027498007,-0.7891929389997725,0.018510952002384954,-0.6084316315438062,0.08150337064078293
1769499185.6496656,428.989990234375,566.02001953125,619.7999877929688,279.2300109863281,288.8999938964844,423.4599914550781,558.3699951171875,651.1799926757812,474.260009765625,-7804.06982421875,0,-0.23009409856947521,-0.002903648188191516,0.8187487221746279,0.920476432238268,0.04381491508610741,0.38297719188332213,0.06427955668073217
1769499185.70955,428.989990234375,566.02001953125,619.7999877929688,279.2300109863281,288.8999938964844,423.4599914550781,558.3699951171875,651.1799926757812,474.260009765625,-7798.009765625,0,-0.23009409856947521,-0.002903648188191516,0.8187487221746279,0.920476432238268,0.04381491508610741,0.38297719188332213,0.06427955668073217
1769499185.7691312,428.989990234375,566.02001953125,619.7999877929688,279.2300109863281,288.8999938964844,423.4599914550781,558.3699951171875,651.1799926757812,474.260009765625,-7798.009765625,0,-0.22646388940832338,-0.0030032681889199083,0.8063613145322597,0.9105898886288609,0.05139132303992533,0.4056827601736731,0.0600540151942789
1769499185.8258295,428.989990234375,566.02001953125,619.7999877929688,279.2300109863281,288.8999938964844,423.4599914550781,558.3699951171875,651.1799926757812,474.260009765625,-7748.8798828125,0,-0.23009409856947521,-0.002903648188191516,0.8187487221746279,0.920476432238268,0.04381491508610741,0.38297719188332213,0.06427955668073217
1769499185.9484138,428.989990234375,566.02001953125,619.7999877929688,279.2300109863281,288.8999938964844,423.4599914550781,558.3699951171875,651.1799926757812,474.260009765625,-7693.58984375,0,-0.23428034313093593,-0.003083643970058005,0.8311316943435276,-0.9879741259558876,-0.0712087314323322,0.13204761887480035,0.037414828063128826
1769499186.0064423,428.989990234375,566.02001953125,619.7999877929688,279.2300109863281,288.8999938964844,423.4599914550781,558.3699951171875,651.1799926757812,474.260009765625,-7638.66015625,0,-0.23550766157212524,-0.003105060316898501,0.8337253251184058,0.9270392389149699,0.04227267916838956,0.36893624123087265,0.051935729650358635
1769499186.0677698,428.989990234375,566.02001953125,619.7999877929688,279.2300109863281,288.8999938964844,423.4599914550781,558.3699951171875,651.1799926757812,474.260009765625,-7638.66015625,0,-0.23244759552899197,-0.0025972109867078955,0.8199338326068089,-0.9918810397557568,-0.06289298979677631,0.102076359056732,0.04238975972074647
1769499186.1650617,428.989990234375,566.02001953125,619.7999877929688,279.2300109863281,288.8999938964844,423.4599914550781,558.3699951171875,651.1799926757812,474.260009765625,-7589.35986328125,0,-0.23234075203491408,-0.002315231157925506,0.8188603345340257,0.9372054123421563,0.04726078658946159,0.33992531728681313,0.06215474072807086
1769499186.2258077,428.989990234375,566.02001953125,619.7999877929688,279.2300109863281,288.8999938964844,423.4599914550781,558.3699951171875,651.1799926757812,474.260009765625,-7534.60009765625,0,-0.23246239060702698,-0.002314829747178356,0.8192994495490404,0.9261604750679742,0.04834290320121619,0.3696366116720956,0.05708339025946616
1769499186.2697034,428.989990234375,566.02001953125,619.7999877929688,279.2300109863281,288.8999938964844,423.4599914550781,558.3699951171875,651.1799926757812,474.260009765625,-7534.60009765625,0,-0.23713134909442843,-0.0019054381693862934,0.8346801287354616,0.9333089827548886,0.04735618402633418,0.35336553881412996,0.04271452354994545
1769499186.3189998,428.989990234375,566.02001953125,619.7999877929688,279.2300109863281,288.8999938964844,423.4599914550781,558.3699951171875,651.1799926757812,474.260009765625,-7485.1201171875,0,-0.2303732148129343,-0.0018498115824698302,0.8093747652219324,0.9270771849321912,0.04070851310947455,0.36879606090566885,0.0534806095616143
1769499186.4560452,428.989990234375,566.02001953125,619.7999877929688,279.2300109863281,288.8999938964844,423.4599914550781,558.3699951171875,651.1799926757812,474.260009765625,-7445.0400390625,0,-0.2372658327298215,-0.0013047751886715246,0.8325120398044068,0.9372304526619564,0.041029777724207635,0.3409855799583295,0.060369447599329155
1769499186.5110912,428.989990234375,566.02001953125,619.7999877929688,279.2300109863281,288.8999938964844,423.4599914550781,558.3699951171875,651.1799926757812,474.260009765625,-7444.77978515625,0,-0.23122926710946365,-0.001265027047453634,0.811353669520243,0.9290447749274727,0.0520035456600363,0.3653623096958543,0.026111684596305168
1769499186.6367166,428.989990234375,566.02001953125,619.7999877929688,279.2300109863281,288.8999938964844,423.4599914550781,558.3699951171875,651.1799926757812,474.260009765625,-7444.77978515625,0,-0.2349051095122885,-0.0014345123207575932,0.8247640715367017,0.9290283530460445,0.0455551813373567,0.36636510533722644,0.024650644638990308
1769499186.7006881,428.989990234375,566.02001953125,619.7999877929688,279.2300109863281,288.8999938964844,423.4599914550781,558.3699951171875,651.1799926757812,474.260009765625,-7444.77978515625,0,-0.23122926710946365,-0.001265027047453634,0.811353669520243,0.9290447749274727,0.0520035456600363,0.3653623096958543,0.026111684596305168
1769499186.8155878,428.989990234375,566.02001953125,619.7999877929688,279.2300109863281,288.8999938964844,423.4599914550781,558.3699951171875,651.1799926757812,474.260009765625,-7444.77978515625,0,-0.2372658327298215,-0.0013047751886715246,0.8325120398044068,0.9372304526619564,0.041029777724207635,0.3409855799583295,0.060369447599329155
1769499187.0406,428.989990234375,566.02001953125,619.7999877929688,279.2300109863281,288.8999938964844,423.4599914550781,558.3699951171875,651.1799926757812,474.260009765625,-7444.77978515625,0,-0.23122926710946365,-0.001265027047453634,0.811353669520243,0.9290447749274727,0.0520035456600363,0.3653623096958543,0.026111684596305168
1769499187.0984623,428.989990234375,566.02001953125,619.7999877929688,279.2300109863281,288.8999938964844,423.4599914550781,558.3699951171875,651.1799926757812,474.260009765625,-7444.77978515625,0,-0.23477093211826136,-0.0014360112294890615,0.8237683224700784,0.9338606438081284,0.03946090992725654,0.3531300707820312,0.040574470341075766
1769499187.2799141,428.989990234375,566.02001953125,619.7999877929688,279.32000732421875,288.8999938964844,423.4599914550781,558.3699951171875,651.1799926757812,474.260009765625,-7444.77978515625,0,-0.23122926710946365,-0.001265027047453634,0.811353669520243,0.9290447749274727,0.0520035456600363,0.3653623096958543,0.026111684596305168
1769499187.3210082,428.989990234375,566.02001953125,619.7999877929688,279.2300109863281,288.8999938964844,423.4599914550781,558.3699951171875,651.1799926757812,474.260009765625,-7444.77978515625,0,-0.23477093211826136,-0.0014360112294890615,0.8237683224700784,0.9338606438081284,0.03946090992725654,0.3531300707820312,0.040574470341075766
1769499187.4928193,428.989990234375,566.02001953125,619.7999877929688,279.2300109863281,288.8999938964844,423.4599914550781,558.3699951171875,651.1799926757812,474.260009765625,-7444.77978515625,1,-0.2553414545595855,-0.0022005145227983335,0.8341868321401893,-0.7369896752727109,0.04947846279598567,-0.6731016385176379,0.03650047240299476
1769499187.8515327,428.989990234375,566.02001953125,619.7999877929688,279.2300109863281,288.8999938964844,423.4599914550781,558.3699951171875,651.1799926757812,474.260009765625,-7444.77978515625,0,-0.23123724870867393,-0.0012568259140171595,0.8105291830298921,-0.9945309442037904,-0.05632299760648145,0.08276654515572265,0.029759367680164607
1769499187.9249983,428.989990234375,566.02001953125,619.7999877929688,279.32000732421875,288.8999938964844,423.4599914550781,558.3699951171875,651.1799926757812,474.260009765625,-7444.77978515625,0,-0.23477093211826136,-0.0014360112294890615,0.8237683224700784,0.9338606438081284,0.03946090992725654,0.3531300707820312,0.040574470341075766
1769499188.0403016,428.989990234375,566.02001953125,619.7999877929688,279.32000732421875,288.8999938964844,423.4599914550781,558.3699951171875,651.1799926757812,474.260009765625,-7444.77978515625,0,-0.23122926710946365,-0.001265027047453634,0.811353669520243,0.9290447749274727,0.0520035456600363,0.3653623096958543,0.026111684596305168
1769499188.0963485,428.989990234375,566.02001953125,619.7999877929688,279.32000732421875,288.8999938964844,423.4599914550781,558.3699951171875,651.1799926757812,474.260009765625,-7444.77978515625,0,-0.23477093211826136,-0.0014360112294890615,0.8237683224700784,0.9338606438081284,0.03946090992725654,0.3531300707820312,0.040574470341075766
1769499188.151523,428.989990234375,566.02001953125,619.7999877929688,279.2300109863281,288.8999938964844,423.4599914550781,558.3699951171875,651.1799926757812,474.260009765625,-7444.77978515625,0,-0.2281465657801685,-0.0011064046913930533,0.800548361092638,0.9237718337461869,0.03915920990703597,0.37923324714933476,0.03597637715550986
1769499188.2133114,428.989990234375,566.02001953125,619.7999877929688,279.2300109863281,288.8999938964844,423.4599914550781,558.3699951171875,651.1799926757812,474.260009765625,-7444.77978515625,0,-0.23477093211826136,-0.0014360112294890615,0.8237683224700784,0.9338606438081284,0.03946090992725654,0.3531300707820312,0.040574470341075766
1769499188.3602827,428.989990234375,566.02001953125,619.7999877929688,279.2300109863281,288.8999938964844,423.4599914550781,558.3699951171875,651.1799926757812,474.260009765625,-7444.77978515625,0,-0.23122926710946365,-0.001265027047453634,0.811353669520243,0.9290447749274727,0.0520035456600363,0.3653623096958543,0.026111684596305168
1769499188.4185765,428.989990234375,566.02001953125,619.7999877929688,279.2300109863281,288.8999938964844,423.4599914550781,558.3699951171875,651.1799926757812,474.260009765625,-7444.77978515625,0,-0.2349051095122885,-0.0014345123207575932,0.8247640715367017,0.9290283530460445,0.0455551813373567,0.36636510533722644,0.024650644638990308
1769499188.5198047,428.989990234375,566.02001953125,619.7999877929688,279.2300109863281,288.8999938964844,423.4599914550781,558.3699951171875,651.1799926757812,474.260009765625,-7428.33984375,0,-0.23477093211826136,-0.0014360112294890615,0.8237683224700784,0.9338606438081284,0.03946090992725654,0.3531300707820312,0.040574470341075766
1769499188.6089218,428.989990234375,566.02001953125,619.7999877929688,279.2300109863281,288.8999938964844,423.4599914550781,558.3699951171875,651.1799926757812,474.260009765625,-7378.58984375,0,-0.23095435779464743,-0.0009745715456405332,0.810905999561391,0.9229514550391036,0.04692797026530837,0.38010929236254193,0.03840967466183009
1769499188.6649938,428.989990234375,566.02001953125,619.7999877929688,279.2300109863281,288.8999938964844,423.4599914550781,558.3699951171875,651.1799926757812,474.260009765625,-7378.58984375,0,-0.23476544305664007,-0.0008430639691912346,0.8237490728800755,0.9338365040509392,0.039507136736243065,0.3531254925964277,0.0411212393703606
1769499188.7436912,428.989990234375,566.02001953125,619.7999877929688,279.2300109863281,288.8999938964844,423.4599914550781,558.3699951171875,651.1799926757812,474.260009765625,-7323.83984375,0,-0.231486212705919,-9.505459413439759e-05,0.8137897026211305,0.9359540654032245,0.04330038227182521,0.3493203413485783,0.009505970250496714
1769499188.81159,428.989990234375,566.02001953125,619.7999877929688,279.2300109863281,288.8999938964844,423.4599914550781,558.3699951171875,651.1799926757812,474.260009765625,-7269.43017578125,0,-0.23655455626846653,0.0010952369644650663,0.83369331758455,0.9447732597818653,0.0462089769420348,0.3202277120553345,0.05217691523005544
1769499188.9475977,428.989990234375,566.02001953125,619.7999877929688,279.32000732421875,288.8999938964844,423.4599914550781,558.3699951171875,651.1799926757812,474.260009765625,-7220.39013671875,0,-0.2304329166005767,0.0025389038459210545,0.8138765434571545,0.9957846700390391,0.044111068465827616,-0.08036724184477662,0.0028654829101580842
1769499189.0167112,428.989990234375,566.02001953125,619.7999877929688,279.32000732421875,288.8999938964844,423.4599914550781,558.3699951171875,651.1799926757812,474.260009765625,-7166.43017578125,0,-0.23465705962874228,0.0031749380660956094,0.8296339606327918,0.9475661449182567,0.03902829513326878,0.30755492648611177,0.07749296986092427
1769499189.1312783,428.989990234375,566.02001953125,619.7999877929688,279.2300109863281,288.8999938964844,423.4599914550781,558.3699951171875,651.1799926757812,474.260009765625,-7116.77001953125,0,-0.23531952992205832,0.0034949647374650137,0.8335714189463838,0.9449868724858964,0.046359741030841506,0.3191805543873901,0.05453768368601453
1769499189.1947799,428.989990234375,566.02001953125,619.7999877929688,279.2300109863281,288.8999938964844,423.4599914550781,558.3699951171875,651.1799926757812,474.260009765625,-7085.740234375,0,-0.23106511411250177,0.003577173545920633,0.8185190694060481,0.9371386931655512,0.04770704601012171,0.3389845491860612,0.0677095484113868
1769499189.4860978,428.989990234375,566.02001953125,619.7999877929688,279.32000732421875,288.8999938964844,423.4599914550781,558.3699951171875,651.1799926757812,474.260009765625,-7085.740234375,0,-0.23533510931034643,0.0022951586215873175,0.8336265624983262,0.9450593952782712,0.04629872526507922,0.3191715584483594,0.053373061676679996
1769499189.657425,428.989990234375,566.0999755859375,619.7999877929688,279.32000732421875,288.8999938964844,423.4599914550781,558.3699951171875,651.1799926757812,474.260009765625,-7085.740234375,0,-0.2315377490861583,0.002409066460457753,0.8207203690259379,0.9334495741238282,0.05404281340569506,0.3512291805868923,0.048880769137781874
1769499189.876354,428.989990234375,566.02001953125,619.7999877929688,279.2300109863281,288.8999938964844,423.4599914550781,558.3699951171875,651.1799926757812,474.260009765625,-7085.740234375,0,-0.23533510931034643,0.0022951586215873175,0.8336265624983262,0.9450593952782712,0.04629872526507922,0.3191715584483594,0.053373061676679996
1769499189.963804,428.989990234375,566.02001953125,619.7999877929688,279.32000732421875,288.8999938964844,423.4599914550781,558.3699951171875,651.1799926757812,474.260009765625,-7063.77001953125,0,-0.2288852138967081,0.0022388337775591165,0.8113283282821523,0.9297491467193786,0.05236470828488543,0.36327620105931757,0.029238044475249934
1769499190.1210809,428.989990234375,566.02001953125,619.7999877929688,279.2300109863281,288.8999938964844,423.4599914550781,558.3699951171875,651.1799926757812,474.260009765625,-6959.8798828125,0,-0.23183272327815468,0.0021171218028427203,0.8228000909700561,0.9459127458007326,0.03848795613225259,0.3181540747928171,0.050455319414380105
1769499190.2095184,428.989990234375,566.02001953125,619.7999877929688,279.2300109863281,288.8999938964844,423.4599914550781,558.3699951171875,651.1799926757812,474.260009765625,-6911.10009765625,0,-0.22463128276739242,0.0011889196435574002,0.7977752852124805,0.9390018449821272,0.03208714142318731,0.3369135924782646,0.06111613272156199
1769499190.2622495,428.989990234375,566.02001953125,619.7999877929688,279.2300109863281,288.8999938964844,423.4599914550781,558.3699951171875,651.1799926757812,474.260009765625,-6911.10009765625,0,-0.23329829160707682,0.001085894896895528,0.8301118762310877,0.9487599384354214,0.03933093977455998,0.30478087570417844,0.07359534089505691
1769499190.3081813,428.989990234375,566.02001953125,619.7999877929688,279.2300109863281,288.8999938964844,423.4599914550781,558.3699951171875,651.1799926757812,474.260009765625,-6856.8798828125,0,-0.2299183281726517,0.0012207219455615227,0.8186328466101824,0.9376698121916871,0.047578908441769374,0.3379586016806795,0.06554047852995783
1769499190.4257681,428.989990234375,566.0999755859375,619.7999877929688,279.2300109863281,288.8999938964844,423.4599914550781,558.3699951171875,651.1799926757812,474.260009765625,-6802.02978515625,0,-0.22771148081423945,0.0010770567273946728,0.8104449290230313,-0.9944760843242328,-0.056085698480772064,0.08370250958341409,0.029421115249153168
1769499190.4854712,428.989990234375,566.0999755859375,619.7999877929688,279.2300109863281,288.8999938964844,423.4599914550781,558.3699951171875,651.1799926757812,474.260009765625,-6802.02978515625,0,-0.23164753973178698,5.3844308022381555e-05,0.8244702451440613,-0.9964326463889253,-0.05107898855310587,0.06533160056216857,0.015642893170385093
1769499190.5408516,428.989990234375,566.02001953125,619.7999877929688,279.2300109863281,288.8999938964844,423.4599914550781,558.3699951171875,651.1799926757812,474.260009765625,-6752.2001953125,0,-0.22739114368427818,-9.809634617519554e-05,0.8111963838860757,0.9416900965424475,0.05134661113469374,0.3311709400175727,0.03015122031917963
1769499190.5408516,428.989990234375,566.02001953125,619.7999877929688,279.2300109863281,288.8999938964844,423.4599914550781,558.3699951171875,651.1799926757812,474.260009765625,-6752.2001953125,1,-0.2517346097974526,-0.0009995783339726714,0.8341791067084603,-0.7384984970986105,0.049232663514311006,-0.6715077519511825,0.0356854829846727
1769499190.6167438,428.989990234375,566.02001953125,619.7999877929688,279.2300109863281,288.8999938964844,423.4599914550781,558.3699951171875,651.1799926757812,474.260009765625,-6726.35986328125,0,-0.22336050969713014,0.0003331259652039947,0.7978681138444997,0.9241971321243831,0.05337082432064938,0.37587932310285255,0.04154456099348458
1769499190.7409873,428.989990234375,566.02001953125,619.7999877929688,279.32000732421875,288.8999938964844,423.4599914550781,558.3699951171875,651.1799926757812,474.260009765625,-6726.35986328125,0,-0.2270288797129159,0.00019129504510297885,0.8104324321651047,0.9350776339279993,0.04614346890098847,0.3487025443723138,0.04367074940589664
1769499190.869844,428.989990234375,566.02001953125,619.7999877929688,279.32000732421875,288.8999938964844,423.4599914550781,558.3699951171875,651.1799926757812,474.260009765625,-6726.35986328125,0,-0.22393871948924104,4.434553899937982e-05,0.7999222744021661,0.935691978473291,0.038205222127597305,0.3481453228472642,0.042611226249588276
1769499190.927123,428.989990234375,566.0999755859375,619.7999877929688,279.32000732421875,288.8999938964844,423.4599914550781,558.3699951171875,651.1799926757812,474.260009765625,-6726.35986328125,0,-0.2271777786424939,0.0004908697694668002,0.8111592509806145,-0.9961217539645225,-0.05761490066126798,0.06471818404013188,0.015281726178129602
1769499190.981754,428.989990234375,566.0999755859375,619.7999877929688,279.32000732421875,288.8999938964844,423.4599914550781,558.3699951171875,651.1799926757812,474.260009765625,-6726.35986328125,0,-0.22336050969713014,0.0003331259652039947,0.7978681138444997,0.9241971321243831,0.05337082432064938,0.37587932310285255,0.04154456099348458
1769499191.2198386,428.989990234375,566.0999755859375,619.7999877929688,279.32000732421875,288.8999938964844,423.4599914550781,558.3699951171875,651.1799926757812,474.260009765625,-6726.35986328125,0,-0.22707175644564215,0.00019455621594391897,0.8111111481776391,0.9302973315332522,0.05205067840694126,0.3619542754274014,0.028752466317033744
1769499191.3902926,428.989990234375,566.0999755859375,619.7999877929688,279.2300109863281,288.8999938964844,423.4599914550781,558.3699951171875,651.1799926757812,474.260009765625,-6726.35986328125,0,-0.2244091043049362,4.806506122085236e-05,0.801091392148541,0.9311407603887154,0.044390574513213876,0.36106178453456433,0.02531302008507765
1769499191.5225885,428.989990234375,566.0999755859375,619.7999877929688,279.2300109863281,288.8999938964844,423.4599914550781,558.3699951171875,651.1799926757812,474.260009765625,-6699.5498046875,0,-0.22707175644564215,0.00019455621594391897,0.8111111481776391,0.9302973315332522,0.05205067840694126,0.3619542754274014,0.028752466317033744
1769499191.5873475,428.989990234375,566.0999755859375,619.7999877929688,279.2300109863281,288.8999938964844,423.4599914550781,558.3699951171875,651.1799926757812,474.260009765625,-6649.97998046875,0,-0.22409861068603135,0.0006221553308901258,0.8005025889473729,0.9250489856685303,0.03942410984474237,0.37593088890547266,0.0374977391760389
1769499191.6226459,428.989990234375,566.0999755859375,619.7999877929688,279.2300109863281,288.8999938964844,423.4599914550781,558.3699951171875,651.1799926757812,474.260009765625,-6649.97998046875,0,-0.22644466622696854,0.00019128557672102523,0.8104300699408995,0.9352616921291015,0.04615754275936268,0.3482068162795595,0.04366991617441599
1769499191.7864182,428.989990234375,566.0999755859375,619.7999877929688,279.2300109863281,288.8999938964844,423.4599914550781,558.3699951171875,651.1799926757812,474.260009765625,-6546.27001953125,0,-0.22544956702184085,-0.0015584652769392458,0.8084268915622115,0.9395157357923954,0.03986331431660278,0.3350186037597379,0.05902231361989597
1769499191.9090123,428.989990234375,566.0999755859375,619.7999877929688,279.2300109863281,288.8999938964844,423.4599914550781,558.3699951171875,651.1799926757812,474.260009765625,-6492.22021484375,0,-0.2253560683619563,-0.0009763842091418708,0.8096496491916747,0.9467829025787986,0.044807712993874926,0.3149336441645964,0.04910401219789724
1769499192.0061548,428.989990234375,566.0999755859375,619.7999877929688,279.2300109863281,288.8999938964844,423.4599914550781,558.3699951171875,651.1799926757812,474.260009765625,-6438.25,0,-0.22255837410662443,-0.0011071589474193802,0.8001362556228775,0.9363926999952598,0.03840248054475148,0.34654437634606067,0.04001194954657161
1769499192.0467844,428.989990234375,566.0999755859375,619.7999877929688,279.2300109863281,288.8999938964844,423.4599914550781,558.3699951171875,651.1799926757812,474.260009765625,-6438.25,0,-0.21916342170474348,-0.0015068584903437543,0.7880767944601804,-0.9918995533695625,-0.0545477393405987,0.11187143956641749,0.025388996975659373
1769499192.1535459,428.989990234375,566.0999755859375,619.7999877929688,279.32000732421875,288.8999938964844,423.4599914550781,558.3699951171875,651.1799926757812,474.260009765625,-6387.97998046875,0,-0.22289242454522326,-0.002833760397431367,0.8008233162263244,0.9317348193189383,0.044356085075133334,0.35977802209056037,0.021506720022296665
1769499192.2034938,428.989990234375,566.0999755859375,619.7999877929688,279.32000732421875,288.8999938964844,423.4599914550781,558.3699951171875,651.1799926757812,474.260009765625,-6367.240234375,0,-0.22541048652482792,-0.0030073696719720307,0.810565592319569,-0.9943965681664825,-0.056412141079156534,0.08404072475364598,0.030500690819544155
1769499192.28379,428.989990234375,566.0999755859375,619.7999877929688,279.32000732421875,288.8999938964844,423.4599914550781,558.3699951171875,651.1799926757812,474.260009765625,-6367.240234375,0,-0.22088574835039818,-0.003111192313333375,0.796709707694644,0.9292198688592166,0.04723900089941979,0.36260240699546104,0.0532766980243995
1769499192.3293939,428.989990234375,566.02001953125,619.7999877929688,279.32000732421875,288.8999938964844,423.4599914550781,558.3699951171875,651.1799926757812,474.260009765625,-6367.14990234375,0,-0.22787607187538989,-0.0029076999234242383,0.8202886416751648,0.9463501532810717,0.05267057398130471,0.3150465968641801,0.0489166620454714
1769499192.405382,428.989990234375,566.02001953125,619.7999877929688,279.32000732421875,288.8999938964844,423.4599914550781,558.3699951171875,651.1799926757812,474.260009765625,-6367.14990234375,0,-0.2191705596099602,-0.00264158158585133,0.7881024943131602,-0.9918895818876693,-0.05467468738663825,0.1118260297085639,0.025703598609874024
1769499192.5093918,428.989990234375,566.02001953125,619.7999877929688,279.32000732421875,288.8999938964844,423.4599914550781,558.3699951171875,651.1799926757812,474.260009765625,-6367.240234375,0,-0.2225741703923574,-0.00283509042088425,0.8001930090649141,0.9364638715646324,0.038264957256263055,0.34655283511969304,0.03837111896803145
1769499192.5719435,428.989990234375,566.0999755859375,619.7999877929688,279.2300109863281,288.8999938964844,423.4599914550781,558.3699951171875,651.1799926757812,474.260009765625,-6367.240234375,0,-0.2191705596099602,-0.00264158158585133,0.7881024943131602,-0.9918895818876693,-0.05467468738663825,0.1118260297085639,0.025703598609874024
1769499193.2774398,428.989990234375,566.0999755859375,619.7999877929688,279.32000732421875,288.8999938964844,423.4599914550781,558.3699951171875,651.1799926757812,474.260009765625,-6367.240234375,0,-0.2226864159760704,-0.0028350429555264512,0.8011194809832702,0.9317449904112418,0.044161396372128126,0.3597093637837226,0.022587995048885232
1769499193.336401,428.989990234375,566.02001953125,619.7999877929688,279.2300109863281,288.8999938964844,423.4599914550781,558.3699951171875,651.1799926757812,474.260009765625,-6367.14990234375,0,-0.2191705596099602,-0.00264158158585133,0.7881024943131602,-0.9918895818876693,-0.05467468738663825,0.1118260297085639,0.025703598609874024
1769499193.9047058,428.989990234375,566.0999755859375,619.7999877929688,279.2300109863281,288.8999938964844,423.4599914550781,558.3699951171875,651.1799926757812,474.260009765625,-6367.14990234375,0,-0.2226864159760704,-0.0028350429555264512,0.8011194809832702,0.9317449904112418,0.044161396372128126,0.3597093637837226,0.022587995048885232
1769499193.9438958,428.989990234375,566.02001953125,619.7999877929688,279.2300109863281,288.8999938964844,423.4599914550781,558.3699951171875,651.1799926757812,474.260009765625,-6367.14990234375,0,-0.2191705596099602,-0.00264158158585133,0.7881024943131602,-0.9918895818876693,-0.05467468738663825,0.1118260297085639,0.025703598609874024
1769499193.9860752,428.989990234375,566.02001953125,619.7999877929688,279.2300109863281,288.8999938964844,423.4599914550781,558.3699951171875,651.1799926757812,474.260009765625,-6367.14990234375,0,-0.2226864159760704,-0.0028350429555264512,0.8011194809832702,0.9317449904112418,0.044161396372128126,0.3597093637837226,0.022587995048885232
1769499194.0988004,428.989990234375,566.02001953125,619.7999877929688,279.2300109863281,288.8999938964844,423.4599914550781,558.3699951171875,651.1799926757812,474.260009765625,-6367.14990234375,0,-0.2191705596099602,-0.00264158158585133,0.7881024943131602,-0.9918895818876693,-0.05467468738663825,0.1118260297085639,0.025703598609874024
1769499194.1943858,428.989990234375,566.0999755859375,619.7999877929688,279.2300109863281,288.8999938964844,423.4599914550781,558.3699951171875,651.1799926757812,474.260009765625,-6367.14990234375,1,-0.24288852707247668,-0.0035954181077830602,0.8101922740611891,-0.7402273860555517,0.04324128423044571,-0.6697833077066588,0.03979860536494097
1769499194.3699162,428.989990234375,566.0999755859375,619.7999877929688,279.2300109863281,288.8999938964844,423.4599914550781,558.3699951171875,651.1799926757812,474.260009765625,-6367.240234375,0,-0.2226864159760704,-0.0028350429555264512,0.8011194809832702,0.9317449904112418,0.044161396372128126,0.3597093637837226,0.022587995048885232
1769499194.4408438,428.989990234375,566.0999755859375,619.7999877929688,279.2300109863281,288.8999938964844,423.4599914550781,558.3699951171875,651.1799926757812,474.260009765625,-6367.14990234375,0,-0.2191705596099602,-0.00264158158585133,0.7881024943131602,-0.9918895818876693,-0.05467468738663825,0.1118260297085639,0.025703598609874024
1769499194.850432,428.989990234375,566.0999755859375,619.7999877929688,279.32000732421875,288.8999938964844,423.4599914550781,558.3699951171875,651.1799926757812,474.260009765625,-6367.14990234375,0,-0.22530177769340426,-0.002725639445377107,0.8105171694927367,0.9357479819349794,0.045954646192503175,0.34725753177345703,0.040940095560976615
1769499194.9177785,428.989990234375,566.0999755859375,619.7999877929688,279.32000732421875,288.8999938964844,423.4599914550781,558.3699951171875,651.1799926757812,474.260009765625,-6367.14990234375,0,-0.2191705596099602,-0.00264158158585133,0.7881024943131602,-0.9918895818876693,-0.05467468738663825,0.1118260297085639,0.025703598609874024
1769499196.7977738,428.989990234375,566.0999755859375,619.7999877929688,279.2300109863281,288.8999938964844,423.4599914550781,558.3699951171875,651.1799926757812,474.260009765625,-6367.14990234375,0,-0.22258201922790233,-0.0025352387846611815,0.7998756175242916,-0.9948522309667044,-0.048496695914689206,0.08323816950019312,0.03144067690407319
1769499196.8798864,428.989990234375,566.0999755859375,619.7999877929688,279.2300109863281,288.8999938964844,423.4599914550781,558.3699951171875,651.1799926757812,474.260009765625,-6367.14990234375,0,-0.2164846551211039,-0.0024752748427077204,0.7788321154883832,0.921982440279189,0.04345084278304701,0.3842410225752457,0.020475366873497016
1769499197.2101367,428.989990234375,566.0999755859375,619.7999877929688,279.2300109863281,288.8999938964844,423.4599914550781,558.3699951171875,651.1799926757812,474.260009765625,-6367.240234375,0,-0.22198083409064745,-0.0025386715873092665,0.7980713913788463,0.9249240850123329,0.053344273284995636,0.3745076858723596,0.03760078050153277
1769499197.3401186,428.989990234375,566.0999755859375,619.7999877929688,279.32000732421875,288.8999938964844,423.4599914550781,558.3699951171875,651.1799926757812,474.260009765625,-6367.14990234375,0,-0.2191705596099602,-0.00264158158585133,0.7881024943131602,-0.9918895818876693,-0.05467468738663825,0.1118260297085639,0.025703598609874024
1769499197.478809,428.989990234375,566.0999755859375,619.7999877929688,279.32000732421875,288.8999938964844,423.4599914550781,558.3699951171875,651.1799926757812,474.260009765625,-6367.240234375,0,-0.22258201922790233,-0.0025352387846611815,0.7998756175242916,-0.9948522309667044,-0.048496695914689206,0.08323816950019312,0.03144067690407319
1769499197.535329,428.989990234375,566.0999755859375,619.7999877929688,279.2300109863281,288.8999938964844,423.4599914550781,558.3699951171875,651.1799926757812,474.260009765625,-6367.240234375,0,-0.2191705596099602,-0.00264158158585133,0.7881024943131602,-0.9918895818876693,-0.05467468738663825,0.1118260297085639,0.025703598609874024
1769499198.004033,428.989990234375,566.0999755859375,619.7999877929688,279.32000732421875,288.8999938964844,423.4599914550781,558.3699951171875,651.1799926757812,474.260009765625,-6367.14990234375,0,-0.22258201922790233,-0.0025352387846611815,0.7998756175242916,-0.9948522309667044,-0.048496695914689206,0.08323816950019312,0.03144067690407319
1769499198.004033,428.989990234375,566.0999755859375,619.7999877929688,279.32000732421875,288.8999938964844,423.4599914550781,558.3699951171875,651.1799926757812,474.260009765625,-6367.14990234375,1,-0.23907815861531972,-0.003109987060065382,0.7979589905781862,-0.732927403004865,0.05152527591656175,-0.6770329861210956,0.04229543202544011
1769499198.0662937,428.989990234375,566.0999755859375,619.7999877929688,279.32000732421875,288.8999938964844,423.4599914550781,558.3699951171875,651.1799926757812,474.260009765625,-6367.14990234375,0,-0.2164846551211039,-0.0024752748427077204,0.7788321154883832,0.921982440279189,0.04345084278304701,0.3842410225752457,0.020475366873497016
1769499198.1419716,428.989990234375,566.0999755859375,619.7999877929688,279.2300109863281,288.8999938964844,423.4599914550781,558.3699951171875,651.1799926757812,474.260009765625,-6367.14990234375,0,-0.22001821478377945,-0.0023680137994360894,0.7906512822304731,-0.9944205332289924,-0.0419277085472618,0.09586224973209774,0.013427562133285996
