timestamp,motor1,motor2,motor3,motor4,motor5,motor6,motor7,motor8,motor9,motor10,marker_id,x,y,z,qx,qy,qz,qw
1765627139.1466234,280.2799987792969,274.2200012207031,232.64999389648438,168.1300048828125,62.04999923706055,72.94999694824219,582.5399780273438,657.25,524.530029296875,-11990.919921875,0,-0.1353624287914659,-0.06601335776718471,0.5975188852303291,-0.8764952440856395,-0.3504211875671772,-0.14161201071511648,0.29817296460357745
1765627139.2504547,280.2799987792969,274.2200012207031,232.64999389648438,168.1300048828125,62.04999923706055,72.94999694824219,582.5399780273438,657.25,524.530029296875,-11990.919921875,0,-0.13324707384341797,-0.06278170655256685,0.5674565458469183,-0.8547371620391436,-0.3690411385239265,-0.1614359836986072,0.3273705012268176
1765627139.3021865,280.2799987792969,274.2200012207031,232.64999389648438,168.1300048828125,62.04999923706055,72.94999694824219,582.5399780273438,657.25,524.530029296875,-11990.919921875,0,-0.14095516986788717,-0.06189101609511295,0.5603507717288349,-0.8459023438473223,-0.3597187346730937,-0.17661090980945005,0.35193783987385246
1765627139.7151325,280.2799987792969,274.2200012207031,232.64999389648438,168.1300048828125,62.04999923706055,72.94999694824219,582.5399780273438,657.25,524.530029296875,-11990.919921875,0,-0.16215175802109283,-0.05357321075411999,0.5237701358283149,0.8853912472143431,0.31890968025207916,0.1332286969883833,0.31085216662671666
1765627139.7825608,280.2799987792969,274.2200012207031,232.64999389648438,168.1300048828125,62.04999923706055,72.94999694824219,582.5399780273438,657.25,524.530029296875,-11990.919921875,0,-0.17077106957205704,-0.056214568335558,0.5317799580835826,0.8946771250159163,0.3096812325092894,0.09927912787036154,0.30625811168699246
1765627139.9945693,280.2799987792969,274.2200012207031,232.64999389648438,168.1300048828125,62.04999923706055,72.94999694824219,582.5399780273438,657.25,524.530029296875,-11990.919921875,0,-0.17291810217794817,-0.07104980185324432,0.5308913412906429,-0.8556372707516664,-0.38696019330273074,-0.1704246897664323,0.2984997400631501
1765627140.165606,280.2799987792969,274.2200012207031,232.64999389648438,168.1300048828125,62.04999923706055,72.94999694824219,582.5399780273438,657.25,524.530029296875,-11990.919921875,0,-0.17463373949257094,-0.07811618288091755,0.5454911460962482,-0.8557862050152147,-0.40155199106831974,-0.16470210773448343,0.28153007917901696
1765627140.2895927,280.2799987792969,274.2200012207031,232.64999389648438,168.1300048828125,62.04999923706055,72.94999694824219,582.5399780273438,657.25,524.530029296875,-11990.919921875,0,-0.17647781999319995,-0.10233799899681618,0.528680638158785,-0.8405950266643044,-0.4099116680743643,-0.18827499741111556,0.29987489203595197
1765627140.4191337,280.2799987792969,274.2200012207031,232.64999389648438,168.1300048828125,62.04999923706055,72.94999694824219,582.5399780273438,657.25,524.530029296875,-11990.919921875,0,-0.17120356455906918,-0.10204121738068332,0.5156695435903167,-0.8413132382753647,-0.409050976498639,-0.190587590886957,0.29756630173464743
1765627140.7267814,280.2799987792969,274.2200012207031,232.64999389648438,168.1300048828125,62.04999923706055,72.94999694824219,582.5399780273438,657.25,524.530029296875,-11990.919921875,0,-0.17842029275581012,-0.09761596234576483,0.5293582916815293,-0.8539426500682152,-0.40706458140731194,-0.1797393135136475,0.2697668551468224
1765627140.8685992,280.2799987792969,274.2200012207031,232.64999389648438,168.1300048828125,62.04999923706055,72.94999694824219,582.5399780273438,657.25,524.530029296875,-11990.919921875,0,-0.1807151166233797,-0.09412516199427166,0.539345253962606,-0.8543174999028976,-0.41111306473901355,-0.1935828911772218,0.25229609906620803
1765627165.9752836,280.2799987792969,274.2200012207031,232.64999389648438,168.1300048828125,62.04999923706055,72.94999694824219,582.5399780273438,657.25,524.530029296875,-11990.919921875,0,-0.0445204890995789,-0.21886689463278858,0.6465755336210204,-0.8541202740934467,-0.32447368308547525,-0.1189496126997416,0.38864685256163267
1765627166.0310788,280.2799987792969,274.2200012207031,232.64999389648438,168.1300048828125,62.04999923706055,72.94999694824219,582.5399780273438,657.25,524.530029296875,-11990.919921875,0,-0.0434425994257641,-0.2262213762416647,0.6619403004705198,-0.8637408634626372,-0.3365274127729185,-0.07257964033558913,0.3680125229471686
1765627362.1389146,280.2799987792969,274.2200012207031,232.47000122070312,168.1300048828125,62.04999923706055,72.94999694824219,491.4800109863281,621.1199951171875,524.27001953125,-53.349998474121094,0,-0.1461496910392052,-0.1982174387965216,0.5381996446019279,0.9591604765328893,0.14161139258574595,-0.01813116726757063,0.2441897920074509
1765627362.357701,280.2799987792969,274.2200012207031,232.47000122070312,168.1300048828125,62.04999923706055,72.94999694824219,491.4800109863281,607.4099731445312,524.27001953125,-53.349998474121094,0,-0.15437849284287833,-0.1896667429990779,0.5472672404342992,-0.7863696954009802,-0.1680752288325572,-0.3111461153674626,0.5065190169180137
1765627362.5648134,280.2799987792969,274.2200012207031,232.47000122070312,168.1300048828125,62.04999923706055,72.94999694824219,491.4800109863281,594.0499877929688,524.27001953125,-53.349998474121094,0,-0.15115359553824578,-0.17885499149873582,0.5188161703265395,0.9459316571969201,0.12538790260524513,-0.020460682690067084,0.2984502207350542
1765627363.060301,280.2799987792969,274.2200012207031,232.47000122070312,168.1300048828125,62.04999923706055,72.86000061035156,491.4800109863281,570.9400024414062,524.27001953125,-53.349998474121094,0,-0.1540068822311848,-0.17871928911017734,0.5457948805198856,0.942792019509588,0.11672805346965742,-0.030947634350690378,0.3107410713283866
1765627363.21661,280.2799987792969,274.2200012207031,232.47000122070312,168.1300048828125,62.04999923706055,72.94999694824219,491.4800109863281,570.9400024414062,524.27001953125,-53.349998474121094,0,-0.16146989577866872,-0.1748072659554511,0.5641118771638854,-0.7788744788875054,-0.16744664575887702,-0.3160945549186081,0.5151702624498286
1765627363.21661,280.2799987792969,274.2200012207031,232.47000122070312,168.1300048828125,62.04999923706055,72.94999694824219,491.4800109863281,570.9400024414062,524.27001953125,-53.349998474121094,1,-0.18783944935428523,-0.1990914744604042,0.6027758817554533,0.682283649860542,0.2811040303904597,0.6610417598328958,0.13599020916317758
1765627363.3608985,280.2799987792969,274.2200012207031,232.47000122070312,168.1300048828125,62.04999923706055,72.94999694824219,491.4800109863281,570.9400024414062,524.27001953125,-53.349998474121094,0,-0.15881785940031404,-0.16742230598490898,0.5394564481639446,0.9375568101931064,0.13066145347192842,-0.027319184453472055,0.32119849687993196
1765627363.5222552,280.2799987792969,274.2200012207031,232.47000122070312,168.1300048828125,62.04999923706055,72.94999694824219,491.4800109863281,570.9400024414062,524.27001953125,-53.349998474121094,1,-0.18647651820013977,-0.1935614363092024,0.5732437316978549,0.6789159967517353,0.25960365472043156,0.672027082117559,0.14162843185939836
1765627363.7672124,280.2799987792969,274.2200012207031,232.47000122070312,168.1300048828125,62.04999923706055,72.94999694824219,491.4800109863281,570.9400024414062,524.27001953125,-53.349998474121094,0,-0.15312148956086657,-0.1760189889694442,0.5178896406255844,0.9368596235119879,0.11109558106376125,-0.033670971798142414,0.32987586052824525
1765627364.0953536,280.2799987792969,274.2200012207031,232.47000122070312,168.1300048828125,62.04999923706055,72.94999694824219,491.4800109863281,570.9400024414062,524.27001953125,-53.349998474121094,0,-0.14907271990379473,-0.1694203890633561,0.5317060808702749,0.9370205068647258,0.11553700878911854,-0.03781711977223978,0.32743493211196567
1765627365.4599767,280.2799987792969,274.2200012207031,232.47000122070312,168.1300048828125,62.04999923706055,72.94999694824219,491.4800109863281,570.9400024414062,524.27001953125,-53.349998474121094,0,-0.15971022645711486,-0.17512538889476972,0.526700043845726,0.9393052475072777,0.11552148061149548,-0.03296961410030815,0.3213618584535142
1765627365.8418036,280.2799987792969,274.2200012207031,232.47000122070312,168.1300048828125,62.04999923706055,72.94999694824219,491.4800109863281,570.9400024414062,524.27001953125,-53.349998474121094,0,-0.15152434760847353,-0.16847659466451817,0.521373810706582,0.9377271109194328,0.10390819081836933,-0.032595933465026435,0.3298612715204541
1765627366.0643535,280.2799987792969,274.2200012207031,232.47000122070312,168.1300048828125,62.04999923706055,72.94999694824219,491.4800109863281,570.9400024414062,524.27001953125,-53.349998474121094,0,-0.15608369342825934,-0.17981171664396803,0.5554237192491849,-0.7673663079654653,-0.1647136574791438,-0.3172072450215679,0.5323513164679138
1765627366.2337973,280.2799987792969,274.2200012207031,232.47000122070312,168.1300048828125,62.04999923706055,72.94999694824219,491.4800109863281,570.9400024414062,524.27001953125,-53.349998474121094,1,-0.18335848241829122,-0.20690227002916833,0.5901041814824979,0.683819172397267,0.26594825356947854,0.6673859307118583,0.12751033437775974
1765627366.3473508,280.2799987792969,274.2200012207031,232.47000122070312,168.1300048828125,62.04999923706055,72.94999694824219,491.4800109863281,570.9400024414062,524.27001953125,-53.349998474121094,0,-0.15210593112920978,-0.17458089365792545,0.5253487698909887,0.9348635867201306,0.1097306208439834,-0.014523225397212281,0.33731045195491444
1765627366.6217346,280.2799987792969,274.2200012207031,232.47000122070312,168.1300048828125,62.04999923706055,72.94999694824219,491.4800109863281,570.9400024414062,524.27001953125,-53.349998474121094,0,-0.15326501227222414,-0.16952011497483682,0.5112136807661317,0.9377948926537376,0.11153881857141906,-0.03710170142849188,0.3266853149674282
1765627366.6935701,280.2799987792969,274.2200012207031,232.47000122070312,168.1300048828125,62.04999923706055,72.94999694824219,491.4800109863281,570.9400024414062,524.27001953125,-53.349998474121094,0,-0.15734913979468304,-0.1716678293204521,0.5210926572056798,0.9371691705502294,0.09937827298360588,-0.02008465567791684,0.3338180810490806
1765627366.8367383,280.2799987792969,274.2200012207031,232.47000122070312,168.1300048828125,62.04999923706055,72.94999694824219,491.4800109863281,570.9400024414062,524.27001953125,-53.349998474121094,0,-0.1617476127672268,-0.17582618768468378,0.5372489168028,0.9428026471774937,0.1267315644878145,-0.02369791965076873,0.30740964142623606
1765627367.5929499,280.2799987792969,274.2200012207031,232.47000122070312,168.1300048828125,62.04999923706055,72.94999694824219,491.4800109863281,570.9400024414062,524.27001953125,-53.349998474121094,0,-0.153252937818055,-0.17352738864886832,0.522456927425515,0.9372273202982225,0.12722787815024034,-0.04742721877210657,0.3211988107505126
1765627367.8445318,280.2799987792969,274.2200012207031,232.47000122070312,168.1300048828125,62.04999923706055,72.94999694824219,491.4800109863281,570.9400024414062,524.27001953125,-53.349998474121094,0,-0.15985938317759665,-0.1726543917375876,0.5361050949051034,0.9400028872619506,0.12420604014577137,-0.028501771019693353,0.31647287495019966
1765627368.0697834,280.2799987792969,274.2200012207031,232.47000122070312,168.1300048828125,62.04999923706055,72.94999694824219,491.4800109863281,570.9400024414062,524.27001953125,-53.349998474121094,0,-0.15458016796625992,-0.1702344926411609,0.5250624046372767,0.9386827615979981,0.11215753715471583,-0.027720252554417547,0.3248491150310614
1765627368.9777944,280.2799987792969,274.2200012207031,232.47000122070312,168.1300048828125,62.04999923706055,72.94999694824219,491.4800109863281,570.9400024414062,524.27001953125,-53.349998474121094,0,-0.15989456279831415,-0.17394668170225958,0.5362231172448385,0.9386165989574557,0.12156418084393361,-0.030682126968798584,0.32137149404070153
1765627369.0465064,280.2799987792969,274.2200012207031,232.47000122070312,168.1300048828125,62.04999923706055,72.94999694824219,491.4800109863281,570.9400024414062,524.27001953125,-53.349998474121094,0,-0.15675373905657017,-0.17178697183315297,0.5266357644895824,0.9409200667031719,0.10002824237619146,-0.035231777117972346,0.32159368881173367
1765627370.933873,280.2799987792969,274.2200012207031,232.47000122070312,168.1300048828125,62.04999923706055,72.94999694824219,491.4800109863281,570.9400024414062,524.27001953125,-53.349998474121094,0,-0.15387079388420524,-0.16924779340110355,0.5157142754586436,0.9371440206056347,0.10359812057904075,-0.032599562842793625,0.33161089028868634
1765627371.0991201,280.2799987792969,274.2200012207031,232.47000122070312,168.1300048828125,62.04999923706055,72.94999694824219,491.4800109863281,570.9400024414062,524.27001953125,-53.349998474121094,0,-0.1559043022011816,-0.1738214817437316,0.5279227128802229,0.9414963716304514,0.12693331024820106,-0.04842979799643583,0.3084267686536844
1765627372.250364,280.2799987792969,274.2200012207031,232.47000122070312,168.1300048828125,62.04999923706055,72.94999694824219,491.4800109863281,570.9400024414062,524.27001953125,-53.349998474121094,0,-0.15088476293349368,-0.17065810040041082,0.519159591640301,0.9379509961767319,0.1212395568680264,-0.049148417174356196,0.32114378666070487
1765627372.6210837,280.2799987792969,274.2200012207031,232.47000122070312,168.1300048828125,62.04999923706055,72.94999694824219,491.4800109863281,570.9400024414062,524.27001953125,-53.349998474121094,0,-0.1550892866173519,-0.17644055765093067,0.5329679557902713,0.9398348621680602,0.12164634302942862,-0.04033971799298857,0.31667855347869095
1765627372.6891372,280.2799987792969,274.2200012207031,232.47000122070312,168.1300048828125,62.04999923706055,72.94999694824219,491.4800109863281,570.9400024414062,524.27001953125,-53.349998474121094,0,-0.15151191203608247,-0.17115749278106898,0.5181253021452877,0.9374349507961995,0.11375843953893422,-0.03169163149766384,0.32752155799643184
1765627373.1976593,280.2799987792969,274.2200012207031,232.47000122070312,168.1300048828125,62.04999923706055,72.94999694824219,491.4800109863281,570.8499755859375,524.27001953125,-53.349998474121094,0,-0.15680543292612284,-0.17469183176543984,0.5326072001208247,0.9404422884898459,0.13789429916730306,-0.039828155012471764,0.30816745828435954
1765627373.5921915,280.2799987792969,274.2200012207031,232.47000122070312,168.1300048828125,62.04999923706055,72.94999694824219,491.4800109863281,570.9400024414062,524.27001953125,-53.349998474121094,0,-0.1519235472064449,-0.17347562328137767,0.52372130536875,0.937148999431284,0.11079311518435023,-0.03296553856159073,0.32922623188323685
1765627373.7810316,280.2799987792969,274.2200012207031,232.47000122070312,168.1300048828125,62.04999923706055,72.94999694824219,491.4800109863281,570.9400024414062,524.27001953125,-53.349998474121094,0,-0.15591462421139285,-0.1764175632201061,0.5331901192264655,0.9356200156809427,0.11281466669754808,-0.019323705678888966,0.33393806556598127
1765627373.8579373,280.2799987792969,274.2200012207031,232.47000122070312,168.1300048828125,62.04999923706055,72.94999694824219,491.4800109863281,570.9400024414062,524.27001953125,-53.349998474121094,0,-0.15251971524161337,-0.1719707406593355,0.5205892988146621,0.9401112659766596,0.12813878791611544,-0.05047246693715481,0.31180729416809505
1765627373.969376,283.010009765625,276.7699890136719,235.02000427246094,170.9499969482422,64.86000061035156,75.66999816894531,491.4800109863281,570.9400024414062,524.27001953125,-53.349998474121094,0,-0.1549343737724189,-0.17317546356602964,0.526247341825287,0.9400075010028265,0.11979612847825077,-0.045332200690807026,0.31619578940993526
1765627374.144305,285.82000732421875,279.3999938964844,237.57000732421875,173.85000610351562,67.76000213623047,78.48999786376953,491.4800109863281,570.9400024414062,524.1799926757812,-53.349998474121094,0,-0.1561438241960345,-0.172498200454103,0.5264928329288128,0.9399665194962562,0.11927863717357329,-0.04471004705607821,0.31660158027456664
1765627374.2070026,285.82000732421875,279.3999938964844,237.57000732421875,173.85000610351562,67.76000213623047,78.48999786376953,491.4800109863281,570.9400024414062,524.1799926757812,-53.349998474121094,0,-0.15367043978464326,-0.1693641858470572,0.5169208844436827,0.9357341353169883,0.10551395243810548,-0.02727645575655009,0.33544661096040057
1765627374.6230886,291.45001220703125,284.7699890136719,242.92999267578125,179.55999755859375,73.6500015258789,84.29000091552734,491.3999938964844,570.9400024414062,523.8300170898438,-53.349998474121094,0,-0.1549147404841457,-0.17583853475431893,0.5317276652485939,0.9370679112571042,0.11133143501225329,-0.025302304582757545,0.3299527763986259
1765627374.7698555,294.260009765625,287.3999938964844,245.64999389648438,182.5500030517578,76.55000305175781,87.0999984741211,491.4800109863281,570.9400024414062,523.739990234375,-53.349998474121094,0,-0.15185021915233485,-0.17198413446927657,0.5211981672555196,0.9371928848808929,0.1229489560293454,-0.04231284857089755,0.3236706251511557
1765627374.88921,294.260009765625,287.3999938964844,245.64999389648438,182.5500030517578,76.55000305175781,87.0999984741211,491.4800109863281,570.9400024414062,523.739990234375,-53.349998474121094,0,-0.15649698385323746,-0.17606779188954327,0.5341660030420623,0.9394728677765647,0.12578603992415988,-0.0457019398483761,0.3154044000421847
1765627374.9497926,297.1600036621094,290.1300048828125,248.3800048828125,185.4499969482422,79.37000274658203,89.91000366210938,491.3999938964844,570.8499755859375,523.5599975585938,-53.349998474121094,0,-0.15740620122846394,-0.17627237161163986,0.5359587615811325,0.9413904152626864,0.10633068006412283,-0.033491409537577996,0.3183648818821486
1765627375.0285718,297.1600036621094,290.1300048828125,248.3800048828125,185.4499969482422,79.37000274658203,89.91000366210938,491.3999938964844,570.8499755859375,523.5599975585938,-53.349998474121094,0,-0.15427060101527423,-0.17237452733804598,0.5249605640785339,0.9401077078541885,0.11532353119115085,-0.039865688423916266,0.3182902883740482
1765627375.1372054,299.9700012207031,292.67999267578125,251.10000610351562,188.35000610351562,82.2699966430664,92.80999755859375,491.3999938964844,570.8499755859375,523.3900146484375,-53.349998474121094,0,-0.15377779878504402,-0.17021811033554082,0.520099839661052,0.939588347304563,0.10150165264060668,-0.03731512540074854,0.32477489671622095
1765627375.3912559,302.7799987792969,295.2200012207031,253.74000549316406,191.33999633789062,85.16999816894531,95.62000274658203,491.3999938964844,570.8499755859375,523.2999877929688,-53.349998474121094,0,-0.1559486572943976,-0.1740207133608279,0.5296868944615261,0.9425593926278314,0.11265851101609858,-0.04476418512328875,0.31126519078582715
1765627375.72025,305.67999267578125,297.8599853515625,256.3800048828125,194.3300018310547,88.06999969482422,98.44000244140625,491.3999938964844,570.8499755859375,523.0399780273438,-53.349998474121094,0,-0.15601056567639943,-0.17671917630916828,0.5361442117967314,0.9409631933827308,0.12599238520730446,-0.02884126672414914,0.3128615810586117
1765627375.8685536,308.5799865722656,300.5,259.1000061035156,197.30999755859375,90.87999725341797,101.33999633789062,491.3999938964844,570.8499755859375,523.0399780273438,-53.349998474121094,0,-0.15285699140046105,-0.1706391116064662,0.5211002488461414,0.9396741874454041,0.1278208139760939,-0.050768108855159824,0.3132041827411937
1765627375.9321773,311.3999938964844,303.1300048828125,261.8299865722656,200.3000030517578,93.77999877929688,104.1500015258789,491.3999938964844,570.8499755859375,523.0399780273438,-53.349998474121094,0,-0.15281562762778492,-0.16929053294187443,0.5181188854225728,0.937106777455505,0.11310890679322157,-0.03118394766189692,0.3287321466775363
1765627376.2794764,314.1199951171875,305.6000061035156,264.6400146484375,203.1199951171875,96.68000030517578,107.05000305175781,491.3999938964844,570.8499755859375,523.0399780273438,-53.349998474121094,0,-0.15685162490235988,-0.1719636541506041,0.5295167571603289,0.9402579548298321,0.10918531729158942,-0.04730653428552018,0.31899159343319566
1765627376.3410203,316.8500061035156,308.05999755859375,267.19000244140625,205.75,99.48999786376953,109.86000061035156,491.3999938964844,570.8499755859375,523.0399780273438,-53.349998474121094,0,-0.15564328793185644,-0.17138219598188922,0.5280191600276831,0.938877596522243,0.12120549827080362,-0.03753744125380195,0.32001410350429865
1765627377.025967,325.2799987792969,315.70001220703125,275.19000244140625,213.22000122070312,108.11000061035156,118.04000091552734,491.3999938964844,570.8499755859375,523.0399780273438,-53.349998474121094,0,-0.15642131061791856,-0.16454337136595149,0.5332675887918401,0.9365116300682804,0.1123178271220957,-0.03389213067815534,0.3304269903254244
1765627377.1387513,328.1000061035156,318.25,277.9100036621094,215.50999450683594,111.01000213623047,120.66999816894531,491.3999938964844,570.8499755859375,523.0399780273438,-53.349998474121094,0,-0.15664061575488447,-0.16378942797064128,0.5326870849464455,0.9394839427704854,0.09846475781555752,-0.048323453304007134,0.3245604051721688
1765627377.4428685,330.9100036621094,320.8900146484375,280.6300048828125,217.7100067138672,113.91000366210938,123.22000122070312,491.3999938964844,570.8499755859375,523.0399780273438,-53.349998474121094,0,-0.15215706498617687,-0.15769911326745994,0.5254847904544877,0.9348152978504388,0.09692896504495592,-0.05416985674119964,0.337328862181621
1765627377.555792,333.6300048828125,323.3500061035156,283.2699890136719,219.72999572753906,116.72000122070312,125.86000061035156,491.3999938964844,570.8499755859375,523.0399780273438,-53.349998474121094,0,-0.1626954666553264,-0.16863622242297654,0.5651913081828188,-0.7753165045306536,-0.15318638037452348,-0.30962481420088506,0.5287255669070565
1765627377.736549,336.5299987792969,325.80999755859375,285.9100036621094,221.75,119.52999877929688,128.5,491.3999938964844,570.8499755859375,523.0399780273438,-53.349998474121094,0,-0.16310886385713072,-0.16868774488809418,0.5694797493934162,-0.7785074142329019,-0.144353449856778,-0.32689159900175946,0.5159749703240657
1765627377.8048985,336.5299987792969,325.80999755859375,285.9100036621094,221.75,119.52999877929688,128.5,491.3999938964844,570.8499755859375,523.0399780273438,-53.349998474121094,0,-0.15887486616078,-0.1642118496953381,0.5550491663645223,-0.7688165907819497,-0.14849174764660988,-0.3178317114934833,0.5346533959383394
1765627377.9438782,339.260009765625,328.2699890136719,288.6300048828125,223.67999267578125,122.26000213623047,131.0399932861328,491.3999938964844,570.8499755859375,523.0399780273438,-53.349998474121094,0,-0.16504666118935418,-0.16653456700344388,0.5730004421148805,-0.7814334443668399,-0.13733763730052984,-0.3125113674226776,0.5223378127584614
1765627378.2735457,342.1600036621094,330.82000732421875,291.3599853515625,225.6199951171875,124.88999938964844,133.50999450683594,491.3999938964844,570.8499755859375,523.0399780273438,-53.349998474121094,0,-0.16344654006549295,-0.16033832659394362,0.5653339567080242,-0.7790210610550317,-0.13766608211000242,-0.3274675594345109,0.5166616240705127
1765627378.3373365,344.8800048828125,333.19000244140625,294.0799865722656,225.52999877929688,127.44000244140625,135.8800048828125,491.3999938964844,570.8499755859375,523.0399780273438,-53.349998474121094,0,-0.16357523809386898,-0.16126983833956,0.5677170901314116,0.9445886455585693,0.07717015410479107,-0.05194709397660828,0.3147992335198038
1765627378.5426352,347.7799987792969,335.739990234375,296.7200012207031,225.52999877929688,130.1699981689453,138.33999633789062,491.3999938964844,570.8499755859375,523.0399780273438,-53.349998474121094,0,-0.1615783442577588,-0.16111613666503685,0.5644955536339961,-0.7781039754267636,-0.13698558872249922,-0.32694111160533657,0.5185543958445282
1765627378.7796147,350.6000061035156,338.2900085449219,299.5299987792969,225.52999877929688,132.7100067138672,140.8000030517578,491.3999938964844,570.8499755859375,523.0399780273438,-53.349998474121094,0,-0.16223125495975482,-0.16309590699919707,0.5682054389736358,-0.7796446305221758,-0.14250653073454403,-0.3390026746019599,0.5068760454082064
1765627378.9714758,353.4100036621094,340.75,302.260009765625,225.52999877929688,135.25999450683594,143.25999450683594,491.3999938964844,570.8499755859375,523.0399780273438,-53.349998474121094,0,-0.16481884613183678,-0.16362061328623081,0.5754478163045331,-0.7866070851156992,-0.14169741462363108,-0.31741821265247894,0.5103105080353213
1765627379.2346625,356.2200012207031,343.2099914550781,304.9800109863281,225.52999877929688,137.72000122070312,145.72000122070312,491.3999938964844,570.8499755859375,523.0399780273438,-53.349998474121094,0,-0.15997412020306784,-0.15643403484781299,0.5533328017210273,-0.7773351655238874,-0.13323966773934504,-0.3281211395585434,0.5199362933624296
1765627379.2938638,356.2200012207031,343.2099914550781,304.9800109863281,225.52999877929688,137.72000122070312,145.72000122070312,491.3999938964844,570.8499755859375,523.0399780273438,-53.349998474121094,0,-0.16466162955406285,-0.1612196722204172,0.569889208627617,-0.7817407861699733,-0.1461018970432354,-0.3276596349833887,0.5100732717181645
1765627379.39018,358.95001220703125,345.5899963378906,307.6199951171875,225.52999877929688,140.19000244140625,148.10000610351562,491.3999938964844,570.8499755859375,523.0399780273438,-53.349998474121094,0,-0.16400372304091868,-0.1610782904680796,0.56974486265586,-0.7782820080332171,-0.14536882096748197,-0.3479268253900679,0.5020875880125865
1765627379.4442105,358.95001220703125,345.5899963378906,307.6199951171875,225.52999877929688,140.19000244140625,148.10000610351562,491.3999938964844,570.8499755859375,523.0399780273438,-53.349998474121094,1,-0.18990438324743036,-0.18172996858426807,0.6041884475274285,0.7047898679361396,0.26232960673123407,0.6401866481365955,0.1568931962655676
1765627379.5939043,361.8500061035156,348.04998779296875,310.3399963378906,225.52999877929688,142.47000122070312,150.47000122070312,491.3999938964844,570.8499755859375,523.0399780273438,-53.349998474121094,0,-0.15922118874511743,-0.1564417561697553,0.5601323287315325,-0.7794509144582591,-0.1338012053913218,-0.29949915773799946,0.533716932371685
1765627379.6491382,361.8500061035156,348.04998779296875,310.3399963378906,225.52999877929688,142.47000122070312,150.47000122070312,491.3999938964844,570.8499755859375,523.0399780273438,-53.349998474121094,0,-0.16128230208631314,-0.1590690722321601,0.5702658116644581,-0.7825205627703666,-0.1337992905635772,-0.3029134249485277,0.5272596852331733
1765627379.904627,364.6600036621094,350.4200134277344,313.07000732421875,225.52999877929688,144.75999450683594,152.75,491.3999938964844,570.8499755859375,523.0399780273438,-53.349998474121094,0,-0.15179738762111294,-0.1494271133444616,0.5393302813501465,0.9363483671038629,0.08018926158616452,-0.04647960502818994,0.3386163966269481
1765627379.9765995,367.4700012207031,352.8800048828125,315.70001220703125,225.52999877929688,147.1300048828125,155.0399932861328,491.3999938964844,570.8499755859375,523.0399780273438,-53.349998474121094,0,-0.16255870748882678,-0.1605229788888361,0.5790360435462262,0.9429516218824348,0.08056031353366527,-0.037944008306534896,0.32079982373168
1765627380.1167798,367.4700012207031,352.8800048828125,315.70001220703125,225.52999877929688,147.1300048828125,155.0399932861328,491.3999938964844,570.8499755859375,523.0399780273438,-53.349998474121094,0,-0.15702523787708564,-0.1539663970491067,0.55754080665347,0.9369975307880593,0.10383205403328406,-0.05374415484771039,0.3291900631428818
1765627380.2084794,370.20001220703125,355.3399963378906,318.3399963378906,225.52999877929688,147.22000122070312,157.41000366210938,491.3999938964844,570.8499755859375,523.0399780273438,-53.349998474121094,0,-0.15372885453891785,-0.14783260869511688,0.5420270185063472,0.9362674813496423,0.06906226889685607,-0.048462004766273846,0.3410059244002211
1765627380.2084794,370.20001220703125,355.3399963378906,318.3399963378906,225.52999877929688,147.22000122070312,157.41000366210938,491.3999938964844,570.8499755859375,523.0399780273438,-53.349998474121094,1,-0.19195164307195373,-0.1808465418163831,0.6220813403971575,0.7015314781154957,0.2561775502802494,0.6475537812435315,0.15132993207790355
1765627380.3076532,370.20001220703125,355.3399963378906,318.3399963378906,225.52999877929688,147.22000122070312,157.41000366210938,491.3999938964844,570.8499755859375,523.0399780273438,-53.349998474121094,0,-0.1618985486265954,-0.15596468709342753,0.5731856961955617,-0.787425962008214,-0.1373314192110523,-0.3420264528405497,0.49408333427695
1765627380.370503,372.9200134277344,357.7099914550781,320.8900146484375,225.52999877929688,147.22000122070312,157.41000366210938,491.3999938964844,570.8499755859375,523.0399780273438,-53.349998474121094,0,-0.16014706436661014,-0.15378532581616094,0.5651826122146877,-0.7832796418896724,-0.13814625650047274,-0.3237682254389446,0.512408772965695
1765627380.4325933,372.9200134277344,357.7099914550781,320.8900146484375,225.52999877929688,147.22000122070312,157.41000366210938,491.3999938964844,570.8499755859375,523.0399780273438,-53.349998474121094,0,-0.16377703574980776,-0.1569765231983107,0.5765199558855584,-0.7841320727308506,-0.14281465749563238,-0.3244332354237835,0.5093956633813063
1765627380.5631938,375.6400146484375,360.17999267578125,323.5299987792969,225.52999877929688,147.22000122070312,157.41000366210938,491.3999938964844,570.8499755859375,523.0399780273438,-53.349998474121094,0,-0.16419965957271743,-0.15758535774983,0.5783756015508321,-0.7870451327383484,-0.14669348953169659,-0.3304814119195845,0.4998229842029353
1765627380.8085034,378.1099853515625,362.54998779296875,326.07000732421875,225.52999877929688,147.22000122070312,157.41000366210938,491.3999938964844,570.8499755859375,523.0399780273438,-53.349998474121094,0,-0.15762679753161454,-0.15002992489630496,0.5522792380983117,0.9346481596321817,0.0861069544325065,-0.03757810415269368,0.34293774388775494
1765627380.8690085,378.1099853515625,362.54998779296875,326.07000732421875,225.52999877929688,147.22000122070312,157.41000366210938,491.3999938964844,570.8499755859375,523.0399780273438,-53.349998474121094,0,-0.16442851224270894,-0.1555736899839738,0.5751748869928932,-0.7898462000315319,-0.1406911650009878,-0.3296272404907734,0.49768952039685543
1765627380.9819396,380.739990234375,364.9200134277344,328.6199951171875,225.52999877929688,147.22000122070312,157.41000366210938,491.3999938964844,570.8499755859375,523.0399780273438,-53.349998474121094,0,-0.1649866983211757,-0.15591441893968555,0.5758673754383926,0.9451824236686253,0.09135505366989788,-0.038086998627615144,0.3111813308866931
1765627380.9819396,380.739990234375,364.9200134277344,328.6199951171875,225.52999877929688,147.22000122070312,157.41000366210938,491.3999938964844,570.8499755859375,523.0399780273438,-53.349998474121094,1,-0.18987084571064314,-0.17466845444000512,0.6068475001312539,0.6885491332946709,0.2802390661819743,0.6446515580633855,0.17829897787441823
1765627381.077969,380.739990234375,364.9200134277344,328.6199951171875,225.52999877929688,147.22000122070312,157.41000366210938,491.3999938964844,570.8499755859375,523.0399780273438,-53.349998474121094,0,-0.1627348060741295,-0.15141334482191096,0.5639277692654117,-0.7854359644964164,-0.13727271817793998,-0.3186970576223233,0.5125219331721305
1765627381.1730428,383.2900085449219,367.4700012207031,331.0799865722656,225.52999877929688,147.22000122070312,157.41000366210938,491.3999938964844,570.8499755859375,523.0399780273438,-53.349998474121094,0,-0.16380751693648538,-0.15152185173443494,0.566228667176461,-0.7851087206642839,-0.14194134510460432,-0.3132032859623667,0.5151316850565135
1765627381.3339818,385.8399963378906,369.92999267578125,333.5400085449219,225.52999877929688,147.22000122070312,157.41000366210938,491.3999938964844,570.8499755859375,523.0399780273438,-53.349998474121094,0,-0.16553646805767583,-0.1507964243316293,0.5665652212429539,-0.7852376863502513,-0.14251968413106678,-0.3145138748921872,0.5139756201132375
1765627381.437966,385.8399963378906,369.92999267578125,333.5400085449219,225.52999877929688,147.22000122070312,157.41000366210938,491.3999938964844,570.8499755859375,523.0399780273438,-53.349998474121094,0,-0.1697398812260423,-0.15412414657412207,0.5802327802265458,-0.7886482874700304,-0.14873021013455726,-0.33366706547134173,0.4945497878714157
1765627381.5449338,388.2099914550781,372.3900146484375,336.010009765625,225.52999877929688,147.22000122070312,157.41000366210938,491.3999938964844,570.8499755859375,523.0399780273438,-53.349998474121094,0,-0.16169339943447747,-0.14572075504966361,0.5495188890303889,0.9400605112373235,0.08565072334996504,-0.05723367613690485,0.3250761374166146
1765627381.8733,390.5899963378906,374.7699890136719,338.4700012207031,225.52999877929688,147.22000122070312,157.41000366210938,491.3999938964844,570.8499755859375,523.0399780273438,-53.349998474121094,0,-0.1639757542325591,-0.14387892771006966,0.5489050325528387,0.9343675196206342,0.09139660579015974,-0.039204360023035886,0.3421505763303727
1765627381.94496,392.8699951171875,377.2300109863281,340.92999267578125,225.52999877929688,147.22000122070312,157.41000366210938,491.3999938964844,570.8499755859375,523.0399780273438,-53.349998474121094,0,-0.1757318913960335,-0.15434937698310786,0.5892928617590631,0.9485094727802886,0.10042964505210245,-0.043492595988504454,0.297240745078713
1765627382.0357907,392.8699951171875,377.2300109863281,340.92999267578125,225.52999877929688,147.22000122070312,157.41000366210938,491.3999938964844,570.8499755859375,523.0399780273438,-53.349998474121094,0,-0.16089825355863605,-0.13992376737705303,0.5360109163422448,0.9347645720286053,0.08379458238536497,-0.048906077853382,0.34176286865608974
1765627382.1026037,392.8699951171875,377.2300109863281,340.92999267578125,225.52999877929688,147.22000122070312,157.41000366210938,491.3999938964844,570.8499755859375,523.0399780273438,-53.349998474121094,0,-0.16528752734876803,-0.14243432191744002,0.5486666179313975,0.9336787299105812,0.09071946755246409,-0.040080030157059576,0.3441040521443633
1765627382.1890612,395.239990234375,379.6000061035156,343.3900146484375,225.52999877929688,147.22000122070312,157.41000366210938,491.3999938964844,570.8499755859375,523.0399780273438,-53.349998474121094,0,-0.16364718633652753,-0.13978129842866008,0.5403121313113426,0.9334844812074686,0.08934714110002373,-0.047079157240904786,0.3441037120920984
1765627382.4068227,397.5299987792969,381.8800048828125,345.760009765625,225.52999877929688,147.22000122070312,157.41000366210938,491.3999938964844,570.8499755859375,523.0399780273438,-53.349998474121094,0,-0.16753793443629406,-0.13968489192387273,0.5460217552960217,0.9350921188882775,0.08301715322395525,-0.03776271917801433,0.34246877011474247
1765627382.7064342,399.80999755859375,384.260009765625,348.04998779296875,225.52999877929688,147.22000122070312,157.41000366210938,491.3999938964844,570.8499755859375,523.0399780273438,-53.349998474121094,0,-0.16666994218841572,-0.13633187751162706,0.537825710762194,0.9348071234539745,0.08133152285192657,-0.04418142372186508,0.34288311000718785
1765627382.766057,399.80999755859375,386.6300048828125,350.1600036621094,225.52999877929688,147.22000122070312,157.41000366210938,491.3999938964844,570.8499755859375,523.0399780273438,-53.349998474121094,0,-0.16742220341357886,-0.13685121617981855,0.5402610325771577,0.9337718277244375,0.0832146616519997,-0.03687141705342333,0.34610113036333656
1765627382.9376466,399.7300109863281,388.9200134277344,352.2699890136719,225.52999877929688,147.22000122070312,157.41000366210938,491.3999938964844,570.8499755859375,523.0399780273438,-53.349998474121094,0,-0.16776097592065461,-0.1371088856562507,0.5416635594933413,0.9356448281565637,0.0906750202813827,-0.04088592538535285,0.3386371765566041
1765627383.1831698,399.80999755859375,391.20001220703125,352.3500061035156,225.52999877929688,147.22000122070312,157.41000366210938,491.3999938964844,570.8499755859375,523.0399780273438,-53.349998474121094,0,-0.169031352067153,-0.13715763861329533,0.5441804042813381,0.9357884474463266,0.09478429171427318,-0.04552595375436424,0.33651642932399733
1765627383.5068328,399.80999755859375,393.30999755859375,352.2699890136719,225.52999877929688,147.22000122070312,157.41000366210938,491.3999938964844,570.8499755859375,523.0399780273438,-53.349998474121094,0,-0.16717995657727794,-0.13526690825085522,0.5366710102693727,0.934779466886131,0.0765988707156588,-0.03740933231061517,0.34484852203429933
1765627383.5755582,399.7300109863281,395.510009765625,352.2699890136719,225.52999877929688,147.22000122070312,157.41000366210938,491.3999938964844,570.8499755859375,523.0399780273438,-53.349998474121094,0,-0.16720519469715966,-0.13516952314733297,0.537050977239815,0.938058307800842,0.08195797964346575,-0.04678924772022945,0.33337706435259945
1765627383.7782059,399.7300109863281,397.6199951171875,352.2699890136719,225.52999877929688,147.22000122070312,157.41000366210938,491.3999938964844,570.8499755859375,523.0399780273438,-53.349998474121094,0,-0.17379735521307887,-0.1402093001089525,0.5563003602341753,0.9428424307150142,0.10955439695240615,-0.033233100382624156,0.3129561406822956
1765627383.835819,399.7300109863281,397.6199951171875,352.2699890136719,225.52999877929688,147.22000122070312,157.41000366210938,491.3999938964844,570.8499755859375,523.0399780273438,-53.349998474121094,0,-0.16796654527725421,-0.1348536471832131,0.537333981061593,0.9348487822146999,0.07628100995674009,-0.03630429576186555,0.3448491844573618
1765627383.9699006,399.80999755859375,399.6400146484375,352.2699890136719,225.52999877929688,147.22000122070312,157.41000366210938,491.3999938964844,570.8499755859375,523.0399780273438,-53.349998474121094,0,-0.1691497552292445,-0.13564411251792335,0.5404875154399297,0.9348311690831714,0.08482592289273849,-0.04821835610319053,0.3414238396051047
1765627384.1407716,399.7300109863281,401.6600036621094,352.2699890136719,225.52999877929688,147.22000122070312,157.41000366210938,491.3999938964844,570.8499755859375,523.0399780273438,-53.349998474121094,0,-0.17009203581994595,-0.13528825536142325,0.5410087274619472,0.9368636030498361,0.08756422572878765,-0.04528616919938294,0.33551193500714993
1765627384.4101465,399.80999755859375,403.67999267578125,352.2699890136719,225.52999877929688,147.22000122070312,157.41000366210938,491.3999938964844,570.8499755859375,523.0399780273438,-53.349998474121094,0,-0.16940581799619386,-0.13432240027518647,0.5379177704667122,0.9323092447497491,0.09217284297709072,-0.03522285668356073,0.34794107193420337
1765627386.3323045,399.80999755859375,403.95001220703125,352.2699890136719,225.52999877929688,147.22000122070312,157.41000366210938,491.3999938964844,570.8499755859375,523.0399780273438,-53.349998474121094,1,-0.20340069541242886,-0.15993552061422447,0.5975018045991614,0.6860544128453955,0.27958557690681546,0.6525048097176428,0.15936976217710133
1765627386.7433112,399.80999755859375,403.95001220703125,352.2699890136719,225.52999877929688,147.22000122070312,157.41000366210938,491.3999938964844,570.8499755859375,523.0399780273438,-53.349998474121094,0,-0.17242951347204932,-0.13689129438720227,0.5478203469809692,0.9361599341191724,0.10332028188739162,-0.04230227297091331,0.33337668605076626
1765627386.8180964,399.80999755859375,403.95001220703125,352.2699890136719,225.52999877929688,147.22000122070312,157.41000366210938,491.3999938964844,570.8499755859375,523.0399780273438,-53.349998474121094,0,-0.16584576479970212,-0.13135109331376527,0.5260057605069632,0.9333483618212807,0.0848630233200025,-0.04344848495112943,0.34607995017621584
1765627387.0900483,399.80999755859375,403.95001220703125,352.2699890136719,225.52999877929688,147.22000122070312,157.41000366210938,491.3999938964844,570.8499755859375,523.0399780273438,-53.349998474121094,0,-0.17111485783204838,-0.13553941618754667,0.5424043179265746,0.9351174203747574,0.08921858466486217,-0.04030379477006573,0.34054523692042826
1765627387.1564517,399.80999755859375,403.95001220703125,352.2699890136719,225.52999877929688,147.22000122070312,157.41000366210938,491.3999938964844,570.8499755859375,523.0399780273438,-53.349998474121094,0,-0.167577914325086,-0.13277387582002032,0.5320934382004524,0.93608737669464,0.08630424214480026,-0.053758909588771636,0.3367521055919105
1765627387.649951,399.80999755859375,403.95001220703125,352.2699890136719,225.52999877929688,147.22000122070312,157.41000366210938,491.3999938964844,570.8499755859375,523.0399780273438,-53.349998474121094,0,-0.17122172683341527,-0.13560650089259463,0.5430652679402943,0.9339819863903474,0.08686033120205988,-0.026965529275164886,0.34555143205132277
1765627387.877684,399.80999755859375,403.95001220703125,352.2699890136719,225.52999877929688,147.22000122070312,157.41000366210938,491.3999938964844,570.8499755859375,523.0399780273438,-53.349998474121094,0,-0.1680407476937251,-0.13331119142115938,0.533863570130167,0.9381637669712827,0.09369836184228958,-0.05683092637765818,0.3283894169083124
1765627388.1733222,399.80999755859375,403.95001220703125,352.2699890136719,225.52999877929688,147.22000122070312,157.41000366210938,491.3999938964844,570.8499755859375,523.0399780273438,-53.349998474121094,0,-0.17156905436712588,-0.13595760891726497,0.5444726916306639,0.9339184422244475,0.09130428203386803,-0.03348025768749904,0.3440042786078682
1765627388.7723606,399.7300109863281,403.95001220703125,352.2699890136719,225.52999877929688,147.22000122070312,157.41000366210938,491.3999938964844,570.8499755859375,523.0399780273438,-53.349998474121094,0,-0.16816183999501141,-0.13318157290087207,0.5333438810985686,0.9347191555829535,0.08825612014191736,-0.04836396028981872,0.3408399694708217
1765627389.007165,399.7300109863281,403.95001220703125,352.2699890136719,225.52999877929688,147.22000122070312,157.41000366210938,491.3999938964844,570.8499755859375,523.0399780273438,-53.349998474121094,0,-0.17156905436712588,-0.13595760891726497,0.5444726916306639,0.9339184422244475,0.09130428203386803,-0.03348025768749904,0.3440042786078682
1765627389.166641,399.7300109863281,403.95001220703125,352.2699890136719,225.52999877929688,147.22000122070312,157.41000366210938,491.3999938964844,570.8499755859375,523.0399780273438,-53.349998474121094,0,-0.16830730554477846,-0.13347174974735912,0.5341217042990484,0.9335586118570616,0.0858847035241292,-0.03598017698481976,0.3461178452380488
1765627389.6493945,399.80999755859375,403.95001220703125,352.2699890136719,225.52999877929688,147.22000122070312,157.41000366210938,491.3999938964844,570.8499755859375,523.0399780273438,-53.349998474121094,0,-0.16517980693479073,-0.13099407375887748,0.5241977828038016,0.931480315974528,0.07776359873783262,-0.039848737936746786,0.3531420702043067
1765627389.7116392,399.80999755859375,403.95001220703125,352.2699890136719,225.52999877929688,147.22000122070312,157.41000366210938,491.3999938964844,570.8499755859375,523.0399780273438,-53.349998474121094,0,-0.1682304688473237,-0.13353650913116044,0.5347675351701109,0.9378415977672588,0.09799492335692768,-0.06318250302377496,0.3268915780580402
1765627390.0277255,399.80999755859375,404.0299987792969,352.2699890136719,225.52999877929688,147.22000122070312,157.41000366210938,491.3999938964844,570.8499755859375,523.0399780273438,-53.349998474121094,0,-0.17191930721744067,-0.136079680091716,0.5449619889430035,0.9340235141973929,0.09116573457849642,-0.032932361767729824,0.3438085852818617
1765627390.2121708,399.80999755859375,403.95001220703125,352.2699890136719,225.52999877929688,147.22000122070312,157.41000366210938,491.3999938964844,570.8499755859375,523.0399780273438,-53.349998474121094,0,-0.1680036351947027,-0.13294198278130887,0.5331525772242726,0.9352213269177638,0.08394684559795657,-0.0406118513773733,0.3415621090226963
1765627391.359819,399.7300109863281,404.0299987792969,352.2699890136719,225.52999877929688,147.22000122070312,157.41000366210938,491.3999938964844,570.8499755859375,523.0399780273438,-53.349998474121094,0,-0.17137836078780827,-0.13560971709490885,0.5438625492647686,0.9379719508848386,0.09245694553862804,-0.034680702926993,0.3323515930749345
1765627391.635174,399.7300109863281,404.0299987792969,352.2699890136719,225.52999877929688,147.22000122070312,157.41000366210938,491.3999938964844,570.8499755859375,523.0399780273438,-53.349998474121094,0,-0.16830730554477846,-0.13347174974735912,0.5341217042990484,0.9335586118570616,0.0858847035241292,-0.03598017698481976,0.3461178452380488
1765627391.812515,399.7300109863281,404.0299987792969,352.2699890136719,225.52999877929688,147.22000122070312,157.41000366210938,491.3999938964844,570.8499755859375,523.0399780273438,-53.349998474121094,0,-0.1722453576885759,-0.13641401819201407,0.5463022275358678,0.9338623370532522,0.09561799136034688,-0.039545377919095896,0.3423368198819499
1765627392.0782337,399.7300109863281,404.0299987792969,352.2699890136719,225.52999877929688,147.22000122070312,157.41000366210938,491.3999938964844,570.8499755859375,523.0399780273438,-53.349998474121094,0,-0.16860480967502706,-0.13378252251617523,0.5353666003261772,0.9333435678524348,0.09023310499836791,-0.04259785018612788,0.3448379246404916
1765627392.4320116,399.80999755859375,404.0299987792969,352.2699890136719,225.52999877929688,147.22000122070312,157.41000366210938,491.3999938964844,570.8499755859375,523.0399780273438,-53.349998474121094,0,-0.171920989082353,-0.13606328675043028,0.5452908168382834,0.932694199519831,0.08874989745088163,-0.019664922117335545,0.3490247508739732
1765627392.5828469,399.80999755859375,404.0299987792969,352.2699890136719,225.52999877929688,147.22000122070312,157.41000366210938,491.3999938964844,570.8499755859375,523.0399780273438,-53.349998474121094,0,-0.16762577553017174,-0.13310437674953646,0.5322677069978672,0.9315779139932093,0.07868664767353073,-0.032547458186383174,0.3534284433991811
1765627392.740794,399.7300109863281,404.0299987792969,352.2699890136719,225.52999877929688,147.22000122070312,157.41000366210938,491.3999938964844,570.8499755859375,523.0399780273438,-53.349998474121094,0,-0.17071827692939173,-0.13537978382433874,0.5417648058979789,0.9349113591452184,0.08936708510438424,-0.04118190849972428,0.3409667506568736
1765627393.1781998,399.80999755859375,404.0299987792969,352.2699890136719,225.52999877929688,147.3000030517578,157.41000366210938,491.3999938964844,570.8499755859375,523.0399780273438,-53.349998474121094,0,-0.16719211013785104,-0.132489497047667,0.5305702954651369,0.9342666090105235,0.07900728399852126,-0.049868781370610266,0.3441175046517758
1765627393.3661525,399.80999755859375,404.1199951171875,352.2699890136719,225.52999877929688,147.3000030517578,157.41000366210938,491.3999938964844,570.8499755859375,523.0399780273438,-53.349998474121094,0,-0.17122172683341527,-0.13560650089259463,0.5430652679402943,0.9339819863903474,0.08686033120205988,-0.026965529275164886,0.34555143205132277
1765627393.686905,399.80999755859375,404.1199951171875,352.2699890136719,225.52999877929688,147.22000122070312,157.41000366210938,491.3999938964844,570.8499755859375,523.0399780273438,-53.349998474121094,0,-0.16790695487830096,-0.13290538785456538,0.5322364369143495,0.9349249330789359,0.08395275906521837,-0.04193269382035658,0.3422118538882792
1765627393.7503607,399.80999755859375,404.1199951171875,352.2699890136719,225.52999877929688,147.22000122070312,157.41000366210938,491.3999938964844,570.8499755859375,523.0399780273438,-53.349998474121094,0,-0.17122172683341527,-0.13560650089259463,0.5430652679402943,0.9339819863903474,0.08686033120205988,-0.026965529275164886,0.34555143205132277
1765627393.814515,399.80999755859375,404.1199951171875,352.2699890136719,225.52999877929688,147.22000122070312,157.41000366210938,491.3999938964844,570.8499755859375,523.0399780273438,-53.349998474121094,0,-0.16719211013785104,-0.132489497047667,0.5305702954651369,0.9342666090105235,0.07900728399852126,-0.049868781370610266,0.3441175046517758
1765627393.9080825,399.80999755859375,404.1199951171875,352.2699890136719,225.52999877929688,147.22000122070312,157.41000366210938,491.3999938964844,570.8499755859375,523.0399780273438,-53.349998474121094,0,-0.17042953419208515,-0.13507523841394284,0.5405448192831305,0.9351037067846364,0.08497414259244192,-0.03447239186271562,0.3423041145641922
1765627394.3046174,399.7300109863281,404.1199951171875,352.2699890136719,225.52999877929688,147.22000122070312,157.41000366210938,491.3999938964844,570.8499755859375,523.0399780273438,-53.349998474121094,0,-0.1665962724931709,-0.13209439158388772,0.5289862159901344,0.9344132826387742,0.07487102739151424,-0.04377555630919798,0.3454704721903015
1765627394.5345144,399.80999755859375,404.1199951171875,352.2699890136719,225.52999877929688,147.22000122070312,157.41000366210938,491.3999938964844,570.8499755859375,523.0399780273438,-53.349998474121094,0,-0.17122172683341527,-0.13560650089259463,0.5430652679402943,0.9339819863903474,0.08686033120205988,-0.026965529275164886,0.34555143205132277
1765627395.414236,399.80999755859375,404.1199951171875,352.2699890136719,225.52999877929688,147.3000030517578,157.41000366210938,491.3999938964844,570.8499755859375,523.0399780273438,-53.349998474121094,0,-0.16581972731287017,-0.1314249106179337,0.525923712816069,0.9314027606035876,0.08187731083843525,-0.045665883816615634,0.3517095827030163
1765627395.4810293,399.80999755859375,404.1199951171875,352.2699890136719,225.52999877929688,147.3000030517578,157.41000366210938,491.3999938964844,570.8499755859375,523.0399780273438,-53.349998474121094,0,-0.1693405319763172,-0.13411307883140833,0.5370787213883514,0.9359404170891479,0.07802390083607887,-0.048190978105637376,0.34000799429798095
1765627395.8563094,399.80999755859375,404.1199951171875,352.2699890136719,225.52999877929688,147.22000122070312,157.41000366210938,491.3999938964844,570.8499755859375,523.0399780273438,-53.349998474121094,0,-0.17289830789893953,-0.13753823125235767,0.5496206545379357,0.9365939715194053,0.10791855734261026,-0.046873938050760046,0.3300729486434943
1765627395.9795544,399.80999755859375,404.1199951171875,352.2699890136719,225.52999877929688,147.3000030517578,157.41000366210938,491.3999938964844,570.8499755859375,523.0399780273438,-53.349998474121094,0,-0.16719211013785104,-0.132489497047667,0.5305702954651369,0.9342666090105235,0.07900728399852126,-0.049868781370610266,0.3441175046517758
1765627396.1019244,399.80999755859375,404.1199951171875,352.2699890136719,225.52999877929688,147.3000030517578,157.41000366210938,491.3999938964844,570.8499755859375,523.0399780273438,-53.349998474121094,0,-0.17254482136932847,-0.13717561514812818,0.5481692827583845,0.938784893365144,0.11319378894762806,-0.05950650692829837,0.3198891460588614
1765627396.1736763,399.80999755859375,404.1199951171875,352.2699890136719,225.52999877929688,147.22000122070312,157.41000366210938,491.3999938964844,570.8499755859375,523.0399780273438,-53.349998474121094,0,-0.1690459873986241,-0.13408839965743669,0.5373674800954047,0.9370273641528636,0.1000407845318484,-0.056035114466921714,0.3298963870758031
1765627397.2544076,399.80999755859375,404.1199951171875,352.2699890136719,225.52999877929688,147.22000122070312,157.41000366210938,491.3999938964844,570.8499755859375,523.0399780273438,-53.349998474121094,0,-0.16518879347218354,-0.13088484047205196,0.5245149523170252,0.9347117285263635,0.08295140684030083,-0.048852181227818106,0.3421206118428953
1765627397.3394918,399.7300109863281,404.1199951171875,352.2699890136719,225.52999877929688,147.22000122070312,157.41000366210938,491.3999938964844,570.8499755859375,523.0399780273438,-53.349998474121094,0,-0.16865623684240336,-0.13380073405881301,0.5358268908558813,0.9351482810610577,0.0926604725823485,-0.05244354144330582,0.3378777947871819
1765627399.0262666,399.80999755859375,404.1199951171875,352.2699890136719,225.52999877929688,147.22000122070312,157.41000366210938,491.3999938964844,570.8499755859375,523.0399780273438,-59.939998626708984,0,-0.1693405319763172,-0.13411307883140833,0.5370787213883514,0.9359404170891479,0.07802390083607887,-0.048190978105637376,0.34000799429798095
1765627399.1269827,399.80999755859375,404.1199951171875,352.2699890136719,225.52999877929688,147.22000122070312,157.41000366210938,491.3999938964844,570.8499755859375,523.0399780273438,-117.06999969482422,0,-0.1721095706023571,-0.13665475873506586,0.5464785442624285,0.936651203697664,0.10556143643661853,-0.05661655363465281,0.32914415018907717
1765627399.2256896,399.7300109863281,404.1199951171875,352.2699890136719,225.52999877929688,147.22000122070312,157.41000366210938,491.3999938964844,570.8499755859375,523.0399780273438,-169.27999877929688,0,-0.16865623684240336,-0.13380073405881301,0.5358268908558813,0.9351482810610577,0.0926604725823485,-0.05244354144330582,0.3378777947871819
1765627399.2958984,399.7300109863281,404.1199951171875,352.2699890136719,225.52999877929688,147.22000122070312,157.41000366210938,491.3999938964844,570.8499755859375,523.0399780273438,-227.1999969482422,0,-0.17009849919433048,-0.13513758854922395,0.5404077171997773,0.9363646420856515,0.10655906815481887,-0.054011982428915285,0.33007442766728384
1765627399.4302163,399.7300109863281,404.1199951171875,352.2699890136719,225.52999877929688,147.22000122070312,157.41000366210938,491.3999938964844,570.8499755859375,523.0399780273438,-284.4100036621094,0,-0.16826255907068255,-0.13293903427137937,0.5327569794558903,0.9331360930918876,0.0807995108847388,-0.04322482262141275,0.3476493715215699
1765627399.4946337,399.7300109863281,404.1199951171875,352.2699890136719,225.52999877929688,147.22000122070312,157.41000366210938,491.3999938964844,570.8499755859375,523.0399780273438,-336.0899963378906,0,-0.17125951636226064,-0.1337923400214334,0.5444355457668139,0.929793344578213,0.08564237559153992,-0.023818003455981614,0.3571868174953676
1765627399.626697,399.80999755859375,404.1199951171875,352.2699890136719,225.52999877929688,147.22000122070312,157.41000366210938,491.3999938964844,570.8499755859375,523.0399780273438,-394.1000061035156,0,-0.17231047989347445,-0.1326181415052805,0.5452469949449784,0.9368058328309752,0.08074470815716052,-0.052298922166796415,0.33636281961398395
1765627399.698923,399.80999755859375,404.1199951171875,352.2699890136719,225.52999877929688,147.22000122070312,157.41000366210938,491.3999938964844,570.8499755859375,523.0399780273438,-444.989990234375,0,-0.17049089164851244,-0.1311703077265051,0.5388887873418408,0.9339043844112019,0.07932995924573377,-0.04181588528972205,0.3460936146204392
1765627399.7606363,401.9200134277344,404.1199951171875,354.54998779296875,225.52999877929688,147.22000122070312,157.41000366210938,491.3999938964844,570.8499755859375,523.0399780273438,-444.989990234375,0,-0.17247653147344144,-0.13262305297934393,0.5448641799771514,0.9312394945909351,0.08751354298515618,-0.035008460448804464,0.35200680562342745
1765627399.8283412,401.9200134277344,404.1199951171875,354.54998779296875,225.52999877929688,147.22000122070312,157.41000366210938,491.3999938964844,570.8499755859375,523.0399780273438,-502.2099914550781,0,-0.1719934353515416,-0.13126125432745478,0.5408640280147979,0.9337641542299244,0.08320231162396086,-0.04752375787270314,0.34482368255872453
1765627399.9611495,401.8399963378906,405.8800048828125,354.54998779296875,225.52999877929688,147.22000122070312,157.41000366210938,491.3999938964844,570.8499755859375,523.0399780273438,-558.719970703125,0,-0.1751864654694376,-0.1305046844522944,0.5462584061647164,0.9364538118283469,0.07947193287207105,-0.05090374150190128,0.33785689174389205
1765627400.02847,401.8399963378906,405.8800048828125,354.54998779296875,225.52999877929688,147.22000122070312,157.41000366210938,491.3999938964844,570.8499755859375,523.0399780273438,-609.4299926757812,0,-0.17779501966308284,-0.1321463414514914,0.5556519128991027,0.9348991632705219,0.09765156180903628,-0.04029594200308304,0.3388273366338941
1765627400.1590257,401.8399963378906,406.489990234375,354.54998779296875,225.52999877929688,147.3000030517578,157.41000366210938,491.3999938964844,570.8499755859375,523.0399780273438,-666.5599975585938,0,-0.17617346910608447,-0.12829692718811656,0.5502878010532966,0.9293163282202547,0.07762595365168518,-0.02890052150160767,0.359875163466202
1765627400.269782,401.8399963378906,406.489990234375,354.54998779296875,225.52999877929688,147.3000030517578,157.41000366210938,491.3999938964844,570.8499755859375,523.0399780273438,-717.3599853515625,0,-0.1784146982136083,-0.12890604652279133,0.5507753400738047,0.9315803180442916,0.07935351846385075,-0.03867353714901419,0.3526549130017722
1765627400.336924,401.8399963378906,406.489990234375,354.54998779296875,225.52999877929688,147.22000122070312,157.41000366210938,491.3999938964844,570.8499755859375,523.0399780273438,-774.6699829101562,0,-0.17836872513655005,-0.1281473086737816,0.5487964287315205,0.9325701678155692,0.07703162939817217,-0.045723085944519924,0.3496975973386347
1765627400.4009328,401.8399963378906,406.489990234375,354.54998779296875,225.52999877929688,147.22000122070312,157.41000366210938,491.3999938964844,570.8499755859375,523.0399780273438,-825.6400146484375,0,-0.1796271098799386,-0.12821036451703904,0.5520482550733051,0.934611297956342,0.0887862941142893,-0.05481590897411343,0.34002048737267926
1765627400.5389578,401.8399963378906,406.489990234375,354.54998779296875,225.52999877929688,147.3000030517578,157.41000366210938,491.3999938964844,570.8499755859375,523.0399780273438,-882.1599731445312,0,-0.1797535710348086,-0.12778649158634608,0.5558256309872498,0.9337406132839973,0.0760952465578022,-0.04439122428883209,0.34694005211487283
1765627400.6107805,401.8399963378906,406.489990234375,354.54998779296875,225.52999877929688,147.3000030517578,157.41000366210938,491.3999938964844,570.8499755859375,523.0399780273438,-938.4099731445312,0,-0.17947848749290937,-0.12804857053877391,0.5565315116905354,0.9318066830338466,0.09338692384949555,-0.042095197520100915,0.3481999170780098
1765627400.7325022,401.9200134277344,406.4100036621094,356.9200134277344,225.52999877929688,149.58999633789062,157.41000366210938,491.3999938964844,570.8499755859375,523.0399780273438,-988.8599853515625,0,-0.1803351680340949,-0.12712431063051363,0.5573106053843114,0.9338305029140437,0.08037061184734219,-0.049472096139438725,0.34504154573349344
1765627400.7976868,401.9200134277344,406.4100036621094,356.9200134277344,225.52999877929688,149.58999633789062,157.41000366210938,491.3999938964844,570.8499755859375,523.0399780273438,-1045.280029296875,0,-0.18130558515777426,-0.12500490423682492,0.5581481865943595,0.9321905076424337,0.07751726131424426,-0.03566716417167443,0.3517666628031028
1765627400.9042315,401.9200134277344,406.4100036621094,356.9200134277344,225.52999877929688,149.58999633789062,157.41000366210938,491.3999938964844,570.8499755859375,523.0399780273438,-1096.260009765625,0,-0.18238245840086467,-0.12530182785048344,0.5599286948194765,0.9264740495807284,0.07376353243300332,-0.02005033341030497,0.3685142614155209
1765627400.9786654,404.1199951171875,406.4100036621094,356.9200134277344,225.52999877929688,149.58999633789062,157.41000366210938,491.3999938964844,570.8499755859375,523.0399780273438,-1096.260009765625,0,-0.17989397468800478,-0.12331882672416625,0.5510560409588424,0.9277699705497399,0.07485470719061754,-0.04134460687153739,0.3632220781287667
1765627401.0414145,404.1199951171875,406.4100036621094,356.9200134277344,225.52999877929688,149.58999633789062,157.41000366210938,491.3999938964844,570.8499755859375,523.0399780273438,-1152.68994140625,0,-0.18225534934820986,-0.124925321848787,0.5564500693629348,0.9296195920931533,0.06936137959963079,-0.032886702752948124,0.3604370649622963
1765627401.1067934,404.1199951171875,406.4100036621094,356.9200134277344,225.52999877929688,149.58999633789062,157.41000366210938,491.3999938964844,570.8499755859375,523.0399780273438,-1203.489990234375,0,-0.18145340225688705,-0.12407576549561804,0.5539947612003894,0.930781245830483,0.06729261508399648,-0.03999450915292428,0.3570972074982213
1765627401.1644747,404.1199951171875,406.4100036621094,356.9200134277344,227.63999938964844,149.67999267578125,159.6999969482422,491.3999938964844,570.8499755859375,523.0399780273438,-1203.489990234375,0,-0.19560458420112795,-0.1340754350728588,0.5991719131696979,0.9393934918119123,0.07414557831780993,-0.018724489920383308,0.3342030733469723
1765627401.289502,404.1199951171875,406.4100036621094,356.9200134277344,227.63999938964844,149.67999267578125,159.6999969482422,491.3999938964844,570.8499755859375,523.0399780273438,-1259.3800048828125,0,-0.19162563887478096,-0.12877486851976075,0.5894045403262037,-0.7921488290931523,-0.16393121794822552,-0.34787430547013887,0.47393064465386475
1765627401.289502,404.1199951171875,406.4100036621094,356.9200134277344,227.63999938964844,149.67999267578125,159.6999969482422,491.3999938964844,570.8499755859375,523.0399780273438,-1259.3800048828125,1,-0.22210132010986666,-0.14962437336865322,0.6329999880073911,0.6879414522610728,0.27804320588949694,0.6495856560958269,0.16573173900665836
1765627401.3494027,404.1199951171875,406.4100036621094,356.9200134277344,229.8300018310547,151.9600067138672,162.07000732421875,491.3999938964844,570.8499755859375,523.0399780273438,-1315.02001953125,0,-0.19461130118187367,-0.12892169977037107,0.595782613687616,0.9389916725803711,0.07060606764962835,-0.04370954590265528,0.3337647339560563
1765627401.4155893,404.1199951171875,406.4100036621094,356.9200134277344,229.8300018310547,151.9600067138672,162.07000732421875,491.3999938964844,570.8499755859375,523.0399780273438,-1365.469970703125,0,-0.19258804408731806,-0.1265558577739911,0.588453642704789,-0.7924367744560923,-0.14770596017319318,-0.334374282492909,0.48828346994987615
1765627401.4816527,404.1199951171875,406.4100036621094,356.9200134277344,229.8300018310547,151.9600067138672,162.07000732421875,491.3999938964844,570.8499755859375,523.0399780273438,-1365.469970703125,0,-0.19782082602987866,-0.12901988571428774,0.604285833267302,0.9366253741541045,0.06306017470068143,-0.030265064874256384,0.34327882064811466
1765627401.539838,404.1199951171875,406.4100036621094,356.9200134277344,229.75,154.25,162.07000732421875,491.3999938964844,570.8499755859375,523.0399780273438,-1421.8900146484375,0,-0.1920108985011433,-0.12489929480307621,0.5886324429055724,-0.7936297761075001,-0.14782449626074498,-0.3331949389826185,0.48711480106560645
1765627401.5966794,404.1199951171875,406.4100036621094,356.9200134277344,229.75,154.25,162.07000732421875,491.3999938964844,570.8499755859375,523.0399780273438,-1472.699951171875,0,-0.18003276951882832,-0.11587194265346908,0.555775211980943,0.9247219504104748,0.06569242285513716,-0.03692483339373242,0.37310906808507704
1765627401.7160764,404.1199951171875,406.4100036621094,356.9200134277344,229.75,154.25,162.07000732421875,491.3999938964844,570.8499755859375,523.0399780273438,-1528.6800537109375,0,-0.18110360731040367,-0.11606120165301839,0.5625168426198502,0.9260552228179888,0.06486790966282575,-0.03561413284397784,0.37006149776661745
1765627401.8503394,404.1199951171875,406.4100036621094,356.9200134277344,229.75,154.4199981689453,162.07000732421875,491.3999938964844,570.8499755859375,523.0399780273438,-1579.219970703125,0,-0.18432610460501372,-0.11511066036498765,0.5668149630317699,0.9263366831812427,0.07267470165665034,-0.04555999005460477,0.366801069297944
1765627401.9123108,404.1199951171875,406.4100036621094,356.9200134277344,229.75,154.4199981689453,162.07000732421875,491.3999938964844,570.8499755859375,523.0399780273438,-1635.6400146484375,0,-0.18375880026440475,-0.11417637658191969,0.5632072228555758,0.9257554402179502,0.06375113190570493,-0.0340797574472807,0.37114852582213687
1765627402.0501008,404.1199951171875,406.4100036621094,356.9200134277344,229.75,154.50999450683594,162.07000732421875,491.3999938964844,570.8499755859375,523.0399780273438,-1690.4000244140625,0,-0.1861784715972002,-0.11482256410479537,0.5684198616886191,0.9267321370550929,0.0568019226608923,-0.040472052555952015,0.369192498154059
1765627402.1079562,404.1199951171875,406.4100036621094,356.9200134277344,229.75,154.50999450683594,162.07000732421875,491.3999938964844,570.8499755859375,523.0399780273438,-1741.550048828125,0,-0.19504892506728752,-0.12019661461614456,0.5962957631944499,-0.7953273378200113,-0.14508200105500904,-0.3324973948403764,0.48564505671361574
1765627402.1903114,404.1199951171875,406.4100036621094,356.9200134277344,229.75,154.50999450683594,162.07000732421875,491.3999938964844,570.8499755859375,523.0399780273438,-1741.550048828125,0,-0.18547712483709922,-0.11414078785397876,0.5650403758017846,0.9257851730656967,0.06764035621637571,-0.040016885835479826,0.3697908116633916
1765627402.1903114,404.1199951171875,406.4100036621094,356.9200134277344,229.75,154.50999450683594,162.07000732421875,491.3999938964844,570.8499755859375,523.0399780273438,-1741.550048828125,1,-0.22532261984152704,-0.13966540947017972,0.6395443969906822,0.6813775731968663,0.27817013750724334,0.6422726086772801,0.21408380014945583
1765627402.2597113,404.1199951171875,406.4100036621094,356.9200134277344,229.75,154.50999450683594,162.07000732421875,491.3999938964844,570.8499755859375,523.0399780273438,-1797.010009765625,0,-0.18582652391637947,-0.11360186320937961,0.5664113397790155,0.9255355804375931,0.0719092146092486,-0.046607908413483244,0.36883689765484284
1765627402.2597113,404.1199951171875,406.4100036621094,356.9200134277344,229.75,154.50999450683594,162.07000732421875,491.3999938964844,570.8499755859375,523.0399780273438,-1797.010009765625,1,-0.22904674957629834,-0.14148872696789364,0.6511082316229344,0.6825973550738891,0.28250468387824074,0.6434733327865163,0.20048447427569002
1765627402.345738,404.1199951171875,406.4100036621094,356.9200134277344,229.75,154.50999450683594,162.07000732421875,491.3999938964844,570.8499755859375,523.0399780273438,-1848.4300537109375,0,-0.18607091456881295,-0.11373390195029805,0.5680909717215119,0.9262119705961125,0.05666119829917421,-0.04141827285142725,0.37041250087675537
1765627402.411666,404.1199951171875,406.4100036621094,356.9200134277344,229.75,154.50999450683594,162.07000732421875,491.3999938964844,570.8499755859375,523.0399780273438,-1904.8499755859375,0,-0.18511721609620174,-0.1137754802923618,0.5683004237084486,0.9259813762473788,0.0767215983137305,-0.05156507183273938,0.3660783120618888
1765627402.527479,404.1199951171875,406.4100036621094,356.9200134277344,229.75,154.50999450683594,162.07000732421875,491.3999938964844,570.8499755859375,523.0399780273438,-1960.75,0,-0.18828034415677392,-0.11361268103810902,0.5742042273404147,0.9247045265377799,0.06729392286952274,-0.0469333967417737,0.3717395900568712
1765627402.5995853,404.1199951171875,406.4100036621094,356.9200134277344,229.75,154.50999450683594,162.07000732421875,491.3999938964844,570.8499755859375,523.0399780273438,-2010.760009765625,0,-0.1879079813571093,-0.11320288503418348,0.5721307345321314,0.924804367966142,0.06284735414190112,-0.04002292871669393,0.37307540289470403
1765627402.7514007,404.1199951171875,408.25,356.9200134277344,229.75,154.4199981689453,162.07000732421875,491.3999938964844,570.8499755859375,523.0399780273438,-2066.39990234375,0,-0.19984763804615344,-0.11666772457004268,0.6069547729009916,-0.7986847414743021,-0.1465964756336984,-0.33969948881314166,0.4745697149713579
1765627402.8198729,404.1199951171875,408.25,356.9200134277344,229.75,154.4199981689453,162.07000732421875,491.3999938964844,570.8499755859375,523.0399780273438,-2117.719970703125,0,-0.18927518024387932,-0.11051690160498837,0.5731528568632964,0.9240861465849397,0.06208355141495363,-0.03938520069741049,0.37504564028865706
1765627402.8198729,404.1199951171875,408.25,356.9200134277344,229.75,154.4199981689453,162.07000732421875,491.3999938964844,570.8499755859375,523.0399780273438,-2117.719970703125,1,-0.23048946900778008,-0.13600327439623644,0.6512096316219791,0.6820506510401922,0.28033145493845696,0.6460900130256285,0.19694892702495512
1765627402.9509578,404.1199951171875,408.7799987792969,356.9200134277344,229.75,154.4199981689453,162.07000732421875,491.3999938964844,570.8499755859375,523.0399780273438,-2173.889892578125,0,-0.1910618212594284,-0.11180887118695124,0.5782392322705325,0.9277168507462604,0.05878786250469753,-0.04342265221753332,0.36605997505595267
1765627403.0184221,404.1199951171875,408.7799987792969,356.9200134277344,229.75,154.4199981689453,162.07000732421875,491.3999938964844,570.8499755859375,523.0399780273438,-2225.300048828125,0,-0.1919983229575279,-0.11202588084960688,0.58044706321023,0.9234346401778746,0.057391943117097055,-0.04028790765065044,0.3772949968949178
1765627403.1505961,404.1199951171875,408.7799987792969,356.9200134277344,229.75,154.4199981689453,162.07000732421875,491.3999938964844,570.8499755859375,523.0399780273438,-2281.639892578125,0,-0.19076142850187028,-0.10974874609050939,0.5767128900795895,0.9196914732924372,0.06497344005534661,-0.042182686836974716,0.38492423536557724
1765627403.2138083,404.1199951171875,408.7799987792969,356.9200134277344,229.75,154.4199981689453,162.07000732421875,491.3999938964844,570.8499755859375,523.0399780273438,-2338.419921875,0,-0.19159902580356167,-0.10994749378688073,0.5805041655221269,0.9228824921334139,0.05727173495007398,-0.04030561284303391,0.3786598891654292
1765627403.3457606,404.1199951171875,408.7799987792969,356.9200134277344,229.75,154.4199981689453,162.07000732421875,491.3999938964844,570.8499755859375,523.0399780273438,-2388.25,0,-0.19267988784973789,-0.11028126075136852,0.5828207664914744,0.9254510393607793,0.06502522479622119,-0.04396120624676197,0.3706474149803071
1765627403.429689,404.1199951171875,408.7799987792969,356.9200134277344,229.75,154.4199981689453,162.07000732421875,491.3999938964844,570.8499755859375,523.0399780273438,-2443.800048828125,0,-0.19064361999600943,-0.10867493825936628,0.5754214834287987,0.9193444083941804,0.060339545885105934,-0.03559458833869922,0.38716666080349965
1765627403.429689,404.1199951171875,408.7799987792969,356.9200134277344,229.75,154.4199981689453,162.07000732421875,491.3999938964844,570.8499755859375,523.0399780273438,-2443.800048828125,1,-0.23511208101013978,-0.1359440963070723,0.6629164233098289,0.685284171958968,0.2757759382725387,0.6489654090764642,0.18214591226439955
1765627403.5090168,404.1199951171875,408.7799987792969,356.9200134277344,229.75,154.4199981689453,162.07000732421875,491.3999938964844,570.8499755859375,523.0399780273438,-2493.81005859375,0,-0.19375640435737826,-0.10806011247832938,0.5810305505888311,0.9207165395163366,0.05420123478148668,-0.026047289004266547,0.3855707700860536
1765627403.5090168,404.1199951171875,408.7799987792969,356.9200134277344,229.75,154.4199981689453,162.07000732421875,491.3999938964844,570.8499755859375,523.0399780273438,-2493.81005859375,1,-0.24021898055775717,-0.1361858167392574,0.6735455997979487,0.6807808021578383,0.27886268857027896,0.649030846066358,0.19373193126346916
1765627403.5960119,404.1199951171875,408.7799987792969,356.9200134277344,229.75,154.4199981689453,162.07000732421875,491.3999938964844,570.8499755859375,523.0399780273438,-2550.5,0,-0.19471306799021754,-0.1084049418500244,0.5851544332182613,0.9208362425062891,0.06308740722491685,-0.0395224078903309,0.3827774455360276
1765627403.5960119,404.1199951171875,408.7799987792969,356.9200134277344,229.75,154.4199981689453,162.07000732421875,491.3999938964844,570.8499755859375,523.0399780273438,-2550.5,1,-0.23513433567940906,-0.13321634780158054,0.660627685787257,0.6767751363201236,0.2840738338067277,0.6457067334189913,0.21057133286039054
1765627403.7313893,404.1199951171875,408.8699951171875,356.9200134277344,229.66000366210938,154.4199981689453,162.07000732421875,491.3999938964844,570.8499755859375,523.0399780273438,-2600.949951171875,0,-0.19313542216478108,-0.10735251177688228,0.5822982503179802,0.922547218541342,0.060963800855981964,-0.04540823199870925,0.37832279473166425
1765627403.7313893,404.1199951171875,408.8699951171875,356.9200134277344,229.66000366210938,154.4199981689453,162.07000732421875,491.3999938964844,570.8499755859375,523.0399780273438,-2600.949951171875,1,-0.23449554563437494,-0.13210522810339162,0.6598276645377182,0.6709552784072677,0.2816045896102872,0.6516511039250781,0.2141698116940734
1765627403.829603,404.1199951171875,408.8699951171875,356.9200134277344,229.66000366210938,154.4199981689453,162.07000732421875,491.3999938964844,570.8499755859375,523.0399780273438,-2656.929931640625,0,-0.19473349226008216,-0.10757380452223714,0.585216055540803,0.9206242465026704,0.06298216974658262,-0.03944137558983543,0.3833126934201172
1765627403.829603,404.1199951171875,408.8699951171875,356.9200134277344,229.66000366210938,154.4199981689453,162.07000732421875,491.3999938964844,570.8499755859375,523.0399780273438,-2656.929931640625,1,-0.23884253213114792,-0.13416168692105646,0.6706972547826691,0.6726331815359489,0.2832224800540968,0.6493364161140243,0.21380329416786126
1765627403.9083157,404.1199951171875,408.8699951171875,356.9200134277344,229.66000366210938,154.4199981689453,162.07000732421875,491.3999938964844,570.8499755859375,523.0399780273438,-2712.739990234375,0,-0.19721135360883527,-0.10784472507982784,0.5907470086603948,0.919723055827391,0.05356118451342873,-0.033115658363008164,0.38748426195682967
1765627403.9083157,404.1199951171875,408.8699951171875,356.9200134277344,229.66000366210938,154.4199981689453,162.07000732421875,491.3999938964844,570.8499755859375,523.0399780273438,-2712.739990234375,1,-0.23494618419059307,-0.13051844918426278,0.6577934991476119,-0.7903670606719171,-0.45860411106217647,0.32148795187491025,0.24828949941747552
1765627404.0681703,404.1199951171875,408.7799987792969,356.9200134277344,229.75,154.4199981689453,162.07000732421875,491.3999938964844,570.8499755859375,523.0399780273438,-2762.580078125,0,-0.19818206715479372,-0.10578254282027237,0.5911055070231591,0.9192457564610417,0.05301572215425399,-0.03244338018023606,0.38874670354269364
1765627404.0681703,404.1199951171875,408.7799987792969,356.9200134277344,229.75,154.4199981689453,162.07000732421875,491.3999938964844,570.8499755859375,523.0399780273438,-2762.580078125,1,-0.2390972234524749,-0.12989257214970837,0.6673656801561149,0.6690535697432642,0.290757931422366,0.6432630132000214,0.2324647112522909
1765627404.1206713,404.1199951171875,408.7799987792969,356.9200134277344,229.75,154.4199981689453,162.07000732421875,491.3999938964844,570.8499755859375,523.0399780273438,-2818.0400390625,0,-0.19811504354359652,-0.10424090586917685,0.5890020147644552,0.9204132811463934,0.05032134533246264,-0.039476794385097026,0.3856795778860194
1765627404.1866813,404.1199951171875,408.7799987792969,356.9200134277344,229.75,154.4199981689453,162.07000732421875,491.3999938964844,570.8499755859375,523.0399780273438,-2818.0400390625,0,-0.20252048816251453,-0.10634225777432492,0.6027298936224319,0.9253634611183547,0.06621974698027888,-0.05420047235246963,0.3692962479279968
1765627404.1866813,404.1199951171875,408.7799987792969,356.9200134277344,229.75,154.4199981689453,162.07000732421875,491.3999938964844,570.8499755859375,523.0399780273438,-2818.0400390625,1,-0.2401526037672143,-0.1279653867680943,0.6679615359741313,0.671714488749041,0.2821423723202005,0.6444029989658039,0.23225008561897661
1765627404.3141942,404.1199951171875,408.7799987792969,356.9200134277344,229.75,154.4199981689453,162.07000732421875,491.3999938964844,570.8499755859375,523.0399780273438,-2924.2099609375,0,-0.19987032181438896,-0.1056706957293901,0.5970918326203576,0.9223937057888063,0.07000513286856003,-0.04786831691481173,0.37682589763575364
1765627404.420355,404.1199951171875,408.8699951171875,356.9200134277344,229.66000366210938,154.4199981689453,162.07000732421875,491.3999938964844,570.8499755859375,523.0399780273438,-2974.47998046875,0,-0.19569334416371958,-0.10335025896015036,0.5833718808851484,0.9168249342812305,0.05397891178502273,-0.035305365701347444,0.394045489906199
1765627404.4730487,404.1199951171875,408.8699951171875,356.9200134277344,229.66000366210938,154.4199981689453,162.07000732421875,491.3999938964844,570.8499755859375,523.0399780273438,-2974.47998046875,0,-0.1992077425107859,-0.10487680482512932,0.5932056930120483,0.9191636995540229,0.05718438531121717,-0.03861532292704641,0.38778460043428764
1765627404.5371919,404.1199951171875,408.8699951171875,356.9200134277344,229.75,154.4199981689453,162.07000732421875,491.3999938964844,570.8499755859375,523.0399780273438,-3029.679931640625,0,-0.1990418199222159,-0.1038175737566627,0.5908250051648694,0.9139831341031284,0.04677202192913505,-0.022264647885595998,0.40243197436860545
1765627404.613487,404.1199951171875,408.8699951171875,356.9200134277344,229.75,154.4199981689453,162.07000732421875,491.3999938964844,570.8499755859375,523.0399780273438,-3085.050048828125,0,-0.20232123162193144,-0.1027613805163587,0.5976737250613854,0.9168026102205132,0.06314393989965257,-0.038138491870666494,0.39246817983708443
1765627404.7181332,404.1199951171875,408.8699951171875,356.9200134277344,229.75,154.4199981689453,162.07000732421875,491.3999938964844,570.8499755859375,523.0399780273438,-3134.6201171875,0,-0.2036029707006257,-0.103519422916397,0.6014542478865876,0.9199733027607215,0.05513254103019161,-0.03742905917378942,0.3862752783397472
1765627404.7181332,404.1199951171875,408.8699951171875,356.9200134277344,229.75,154.4199981689453,162.07000732421875,491.3999938964844,570.8499755859375,523.0399780273438,-3134.6201171875,1,-0.24587650523156895,-0.12779169820975195,0.6804711590754041,0.6740011096773797,0.285098578011597,0.6400719861376181,0.2339853788835342
1765627404.8086436,404.1199951171875,408.8699951171875,356.9200134277344,229.75,154.33999633789062,164.36000061035156,491.3999938964844,570.8499755859375,523.0399780273438,-3191.47998046875,0,-0.20420905230276787,-0.10420975362924097,0.6042052796693075,0.9203906857796443,0.059728494492700235,-0.04326907346522238,0.3839808325387776
1765627404.8086436,404.1199951171875,408.8699951171875,356.9200134277344,229.75,154.33999633789062,164.36000061035156,491.3999938964844,570.8499755859375,523.0399780273438,-3191.47998046875,1,-0.2458654327452856,-0.12797168255303346,0.6807788786189002,0.6720956198318101,0.2867256571397382,0.6463634160135392,0.21975033510779596
1765627404.9217741,404.1199951171875,408.8699951171875,356.9200134277344,229.75,154.33999633789062,164.36000061035156,491.3999938964844,570.8499755859375,523.0399780273438,-3241.669921875,0,-0.20308176511704168,-0.10461769550307405,0.6027950636799959,0.9201237098375926,0.06004724772380388,-0.04512051014888141,0.38435768003177284
1765627404.988201,404.1199951171875,408.7799987792969,356.9200134277344,229.75,154.33999633789062,164.6199951171875,491.3999938964844,570.8499755859375,523.0399780273438,-3241.669921875,1,-0.24503492773368,-0.12799168283794438,0.6815369084922351,0.675846911940008,0.27769077156291005,0.6470586755550923,0.2177931527822691
1765627405.041006,404.1199951171875,408.7799987792969,356.9200134277344,229.75,154.33999633789062,164.6199951171875,491.3999938964844,570.8499755859375,523.0399780273438,-3298.5400390625,0,-0.2011150222046906,-0.10189190992812686,0.598886640335463,0.9168285914860989,0.04741942604922367,-0.03388567746693801,0.3950044211516941
1765627405.0935502,404.1199951171875,408.7799987792969,356.9200134277344,229.75,154.33999633789062,164.6199951171875,491.3999938964844,570.8499755859375,523.0399780273438,-3349.510009765625,0,-0.20230692396472663,-0.10081475668109648,0.6021096414196162,0.9193872798436015,0.05527838595882817,-0.03684877315924318,0.3877028470674787
1765627405.1521099,404.1199951171875,408.8699951171875,356.9200134277344,229.75,154.33999633789062,164.7100067138672,491.3999938964844,570.8499755859375,523.0399780273438,-3349.510009765625,0,-0.19800077971066055,-0.09798505353449138,0.5883591594919423,0.9142859921205955,0.04397007015843857,-0.028737286745341865,0.40164900833045314
1765627405.2368686,404.1199951171875,408.8699951171875,356.9200134277344,229.75,154.33999633789062,164.7100067138672,491.3999938964844,570.8499755859375,523.0399780273438,-3406.550048828125,0,-0.2034920316698994,-0.09983379912378702,0.6027305503665841,0.9197525409844346,0.03868539144425215,-0.030428293486762032,0.3894005942432092
1765627405.2368686,404.1199951171875,408.8699951171875,356.9200134277344,229.75,154.33999633789062,164.7100067138672,491.3999938964844,570.8499755859375,523.0399780273438,-3406.550048828125,1,-0.250245450054216,-0.12595321518298608,0.6946403053756968,0.6825378255048051,0.28593562180007903,0.6414382654166197,0.20233607834563846
1765627405.309451,404.1199951171875,408.8699951171875,356.9200134277344,229.75,154.33999633789062,164.7100067138672,491.3999938964844,570.8499755859375,523.0399780273438,-3462.280029296875,0,-0.20253564027860663,-0.09878676278696463,0.5964076505884961,0.9131144604383652,0.038278711622904416,-0.029793743061987756,0.40480742983448326
1765627405.309451,404.1199951171875,408.8699951171875,356.9200134277344,229.75,154.33999633789062,164.7100067138672,491.3999938964844,570.8499755859375,523.0399780273438,-3462.280029296875,1,-0.2503367746397574,-0.12524788050530397,0.6914342773149632,0.675240299560804,0.2879161115859317,0.6364003990483026,0.23695860952798128
1765627405.3809328,404.1199951171875,408.7799987792969,356.9200134277344,229.75,154.33999633789062,164.6199951171875,491.3999938964844,570.8499755859375,523.0399780273438,-3462.280029296875,0,-0.20742914446511757,-0.10128508482452359,0.6095151506504348,0.9177934434207392,0.06570099947087941,-0.04264010859685812,0.3892562074280612
1765627405.4323173,404.1199951171875,408.7799987792969,356.9200134277344,229.75,154.33999633789062,164.6199951171875,491.3999938964844,570.8499755859375,523.0399780273438,-3512.550048828125,0,-0.20396176542185265,-0.09992121998440402,0.598708873396836,0.911671349608474,0.04048919296714288,-0.022299881574843923,0.40831200182909294
1765627405.5324209,404.1199951171875,408.8699951171875,356.9200134277344,229.75,154.33999633789062,164.7100067138672,491.3999938964844,570.8499755859375,523.0399780273438,-3569.14990234375,0,-0.20569510095872492,-0.10152925826477573,0.6037881616710945,0.9149433501936218,0.05315458331188211,-0.0331204660318339,0.39869322911136335
1765627405.6500027,404.1199951171875,408.8699951171875,356.9200134277344,229.75,154.33999633789062,164.7100067138672,491.3999938964844,570.8499755859375,523.0399780273438,-3619.25,0,-0.2060766347132392,-0.10115879731299526,0.6094176568790682,0.9161666750070946,0.047787307183239924,-0.02478403377874378,0.3971658954999456
1765627405.6500027,404.1199951171875,408.8699951171875,356.9200134277344,229.75,154.33999633789062,164.7100067138672,491.3999938964844,570.8499755859375,523.0399780273438,-3619.25,1,-0.24990666578426035,-0.12596828661130213,0.6933470404403537,0.6764693235761007,0.2828890425239542,0.6482187284530478,0.2053668034592908
1765627405.702413,404.1199951171875,408.8699951171875,356.9200134277344,229.75,154.33999633789062,164.7100067138672,491.3999938964844,570.8499755859375,523.0399780273438,-3675.590087890625,0,-0.20591884058186832,-0.10069289069707764,0.6099158893565342,0.9182057786936537,0.049875018524897625,-0.03787376806003707,0.3911217306589559
1765627405.7669735,404.1199951171875,408.8699951171875,356.9200134277344,229.75,154.33999633789062,164.7100067138672,491.3999938964844,570.8499755859375,523.0399780273438,-3675.590087890625,1,-0.25217913847128487,-0.1257909575823679,0.7006949011780288,0.6678549320071266,0.292264153535795,0.6433749736007603,0.23370943005360836
1765627405.8346756,404.1199951171875,408.8699951171875,356.9200134277344,229.75,154.33999633789062,164.7100067138672,491.3999938964844,570.8499755859375,523.0399780273438,-3726.1201171875,0,-0.20409667298940992,-0.09877225347929286,0.6042062719726179,0.9144835862652623,0.05339431171864445,-0.032098792910842985,0.39979805579965466
1765627405.8835626,404.1199951171875,408.8699951171875,356.9200134277344,229.75,154.33999633789062,164.7100067138672,491.3999938964844,570.8499755859375,523.0399780273438,-3726.1201171875,1,-0.25455295027474334,-0.12376659325956645,0.6999441192595452,0.6721489991295374,0.2904253244997612,0.6430369760981497,0.22443774466189362
1765627405.95654,404.1199951171875,408.8699951171875,359.2099914550781,229.75,154.33999633789062,164.7100067138672,491.3999938964844,570.8499755859375,523.0399780273438,-3782.81005859375,0,-0.20766436212070982,-0.09780182473836789,0.607639752394375,0.9149232802079577,0.04055271750838486,-0.03213167550220312,0.4002979188874425
1765627405.95654,404.1199951171875,408.8699951171875,359.2099914550781,229.75,154.33999633789062,164.7100067138672,491.3999938964844,570.8499755859375,523.0399780273438,-3782.81005859375,1,-0.2521831768840123,-0.12205909369367046,0.6924017951129537,0.6755961535353959,0.2851839355683759,0.6393539713958813,0.23122815460541304
1765627406.018035,404.1199951171875,408.8699951171875,359.2099914550781,229.75,154.33999633789062,164.7100067138672,491.3999938964844,570.8499755859375,523.0399780273438,-3838.360107421875,0,-0.2072662559716613,-0.09744202588868385,0.607443907440251,0.9124231258353439,0.038561477577110315,-0.01941660724641521,0.4069644299579128
1765627406.018035,404.1199951171875,408.8699951171875,359.2099914550781,229.75,154.33999633789062,164.7100067138672,491.3999938964844,570.8499755859375,523.0399780273438,-3838.360107421875,1,-0.2539570686843618,-0.12278299832818496,0.6986459520327639,0.6649779776922574,0.2959732075135947,0.6407491393699623,0.24422262388051408
1765627406.1209512,404.1199951171875,408.8699951171875,359.2099914550781,229.75,154.33999633789062,164.7100067138672,491.3999938964844,570.8499755859375,523.0399780273438,-3888.6298828125,0,-0.2065032978900757,-0.09701137012784015,0.6067982137342449,0.9142494348971678,0.04082884495865674,-0.03429460555518261,0.40162775830284153
1765627406.186719,404.1199951171875,408.8699951171875,359.55999755859375,229.75,154.33999633789062,164.7100067138672,491.3999938964844,570.8499755859375,523.0399780273438,-3888.6298828125,1,-0.2544677808948381,-0.12251270925279607,0.7021416830898379,0.6721130798016653,0.2941208710803864,0.6460343733050303,0.2107047926906545
1765627406.24904,404.1199951171875,408.8699951171875,359.55999755859375,229.75,154.33999633789062,164.7100067138672,491.3999938964844,570.8499755859375,523.0399780273438,-3943.830078125,0,-0.20798711875832684,-0.09695340491890768,0.6098745344152405,0.9125432746538261,0.04298311065815619,-0.026108928728926593,0.4058762716923079
1765627406.24904,404.1199951171875,408.8699951171875,359.55999755859375,229.75,154.33999633789062,164.7100067138672,491.3999938964844,570.8499755859375,523.0399780273438,-3943.830078125,1,-0.2551798767082377,-0.12223240285822076,0.7027093579120629,0.6728970815783083,0.2905529098510003,0.6493894511715304,0.20268661743600772
1765627406.3157828,404.1199951171875,408.8699951171875,359.55999755859375,229.75,154.33999633789062,164.7100067138672,491.3999938964844,570.8499755859375,523.0399780273438,-3994.719970703125,0,-0.2071861621423785,-0.0952036722913505,0.6043354527872964,0.9107251137502332,0.048259885640508704,-0.03436369692277318,0.40874183411585063
1765627406.3157828,404.1199951171875,408.8699951171875,359.55999755859375,229.75,154.33999633789062,164.7100067138672,491.3999938964844,570.8499755859375,523.0399780273438,-3994.719970703125,1,-0.25678636393102144,-0.12120342849895914,0.702606436209046,0.6737381784412483,0.2926913650654991,0.6396040382831572,0.22652881922316487
1765627406.429559,404.1199951171875,408.7799987792969,359.55999755859375,229.75,154.33999633789062,164.7100067138672,491.3999938964844,570.8499755859375,523.0399780273438,-4048.679931640625,0,-0.21099480874790774,-0.09571391831225454,0.6131880351675132,0.912429517272048,0.04661497492140976,-0.031853006123370796,0.4053206213908669
1765627406.429559,404.1199951171875,408.7799987792969,359.55999755859375,229.75,154.33999633789062,164.7100067138672,491.3999938964844,570.8499755859375,523.0399780273438,-4048.679931640625,1,-0.26191457270157553,-0.12248024311527302,0.7152255217194237,0.6756086505178901,0.2947728014367261,0.6365557610358311,0.22684512331243534
1765627406.602392,404.1199951171875,408.8699951171875,359.55999755859375,229.75,154.33999633789062,164.7100067138672,491.3999938964844,570.8499755859375,523.0399780273438,-4052.81005859375,1,-0.25997402738530045,-0.12101769746758494,0.7134339939794082,0.6750166107408804,0.2903501122373119,0.6418740180496829,0.2191965613334996
1765627406.6538415,404.1199951171875,408.8699951171875,359.55999755859375,229.75,154.33999633789062,164.7100067138672,491.3999938964844,570.8499755859375,523.0399780273438,-4052.81005859375,0,-0.20900719051903094,-0.09438331042955518,0.6102893128867224,0.9118947338283623,0.04239676281431792,-0.025360254724768022,0.407440015706928
1765627406.7296605,404.1199951171875,408.8699951171875,359.55999755859375,229.75,154.33999633789062,164.7100067138672,491.3999938964844,570.8499755859375,523.0399780273438,-4052.81005859375,0,-0.21331492690915457,-0.0965995466608231,0.6231861136940942,0.915171904390752,0.05017840086598217,-0.03435669027415304,0.3984496597234622
1765627406.8334045,404.1199951171875,408.8699951171875,359.55999755859375,229.75,154.33999633789062,164.7100067138672,491.3999938964844,570.8499755859375,523.0399780273438,-4052.81005859375,0,-0.2103273987915495,-0.09555220514579202,0.612861629834526,0.910313625702999,0.04473518214717443,-0.017634942236964983,0.4111166198902916
1765627407.0194488,404.1199951171875,408.8699951171875,359.55999755859375,229.75,154.33999633789062,164.7100067138672,491.3999938964844,570.8499755859375,523.0399780273438,-4052.81005859375,1,-0.25683265756273194,-0.11953133280379317,0.7016966480732428,0.6751350682571022,0.286723220575846,0.6381436708064607,0.23399805512385796
1765627407.079554,404.1199951171875,408.8699951171875,359.55999755859375,229.75,154.33999633789062,164.7100067138672,491.3999938964844,570.8499755859375,523.0399780273438,-4052.81005859375,1,-0.2614613713824316,-0.12117108605558063,0.7143385510051062,0.6728973462078464,0.29668056097217005,0.6433574638863023,0.21279327966235562
1765627407.1395917,404.1199951171875,408.8699951171875,359.55999755859375,229.75,154.33999633789062,164.7100067138672,491.3999938964844,570.8499755859375,523.0399780273438,-4052.81005859375,1,-0.25628467626472823,-0.11888798169627048,0.7008822873326156,0.66653856890222,0.289927639302014,0.6467983132118212,0.2309117627165941
1765627407.4910758,404.1199951171875,408.7799987792969,359.4700012207031,229.75,154.33999633789062,164.7100067138672,491.3999938964844,570.8499755859375,523.0399780273438,-4052.81005859375,0,-0.20557447976231985,-0.0924949191304615,0.5980743738837899,0.9040548224427237,0.04791854939001045,-0.031375698783391616,0.4235613959844149
1765627407.5582752,404.1199951171875,408.7799987792969,359.55999755859375,229.75,154.33999633789062,164.7100067138672,491.3999938964844,570.8499755859375,523.0399780273438,-4052.81005859375,0,-0.2105015756812312,-0.0948797112008994,0.6120842325455027,0.9071296597757174,0.04082431469705555,-0.02190316745240002,0.41829344596856816
1765627407.5582752,404.1199951171875,408.7799987792969,359.55999755859375,229.75,154.33999633789062,164.7100067138672,491.3999938964844,570.8499755859375,523.0399780273438,-4052.81005859375,1,-0.2606000398212948,-0.12108702274200336,0.7123306877005045,0.6654644321166573,0.3015635087437562,0.6420510332511465,0.23235105010080048
1765627407.691474,404.1199951171875,408.7799987792969,359.55999755859375,229.75,154.33999633789062,164.7100067138672,491.3999938964844,570.8499755859375,523.0399780273438,-4052.81005859375,1,-0.2559679862268185,-0.11943855017075716,0.6996727788941276,0.6672906852573061,0.29159233205446433,0.6368573563122449,0.2531990540402005
1765627408.0350707,404.1199951171875,408.7799987792969,359.55999755859375,229.75,154.33999633789062,164.7100067138672,491.3999938964844,570.8499755859375,523.0399780273438,-4052.81005859375,1,-0.2599629903110033,-0.12079217389978054,0.710596611140057,0.6724523350231703,0.2973948144208232,0.6352759443548692,0.23619622351239872
1765627408.0974412,404.1199951171875,408.7799987792969,359.55999755859375,229.75,154.33999633789062,164.7100067138672,491.3999938964844,570.8499755859375,523.0399780273438,-4052.81005859375,0,-0.21351501328915543,-0.09656010200129676,0.6214846126862814,0.914272086806043,0.0454086607870764,-0.029789764697495027,0.40144386249152647
1765627408.1492913,404.1199951171875,408.8699951171875,359.55999755859375,229.75,154.33999633789062,164.7100067138672,491.3999938964844,570.8499755859375,523.0399780273438,-4052.81005859375,1,-0.25620989617487344,-0.1192915625880747,0.7010300381504004,0.6720898921698798,0.2964943546990296,0.6361281796150562,0.23606612119133163
1765627408.2724807,404.1199951171875,408.8699951171875,359.55999755859375,229.75,154.33999633789062,164.7100067138672,491.3999938964844,570.8499755859375,523.0399780273438,-4052.81005859375,0,-0.2073972504960307,-0.09383709747649065,0.6046437118044127,0.90823090916837,0.04604825208212255,-0.020335440830089743,0.4154306728656699
1765627408.2724807,404.1199951171875,408.8699951171875,359.55999755859375,229.75,154.33999633789062,164.7100067138672,491.3999938964844,570.8499755859375,523.0399780273438,-4052.81005859375,1,-0.2611049260244653,-0.12188035890694154,0.7154829797217485,0.6822204696051923,0.29372835919349755,0.6338979074853207,0.2155744065117618
1765627408.363573,404.1199951171875,408.8699951171875,359.55999755859375,229.75,154.33999633789062,164.7100067138672,491.3999938964844,570.8499755859375,523.0399780273438,-4079.8798828125,0,-0.21340519158973986,-0.09661165352906062,0.6218165003184194,0.9141939469213228,0.045445293767579664,-0.029983739479042492,0.40160319726521715
1765627408.363573,404.1199951171875,408.8699951171875,359.55999755859375,229.75,154.33999633789062,164.7100067138672,491.3999938964844,570.8499755859375,523.0399780273438,-4079.8798828125,1,-0.2601152697102991,-0.12161294111869587,0.7124079585110821,0.6657558098464463,0.3015232116553814,0.641930247481583,0.23190194448723414
1765627408.4297972,404.1199951171875,408.8699951171875,359.55999755859375,229.75,154.33999633789062,164.7100067138672,491.3999938964844,570.8499755859375,523.0399780273438,-4130.330078125,0,-0.21034432760970284,-0.09527788471783874,0.6132225550999794,0.9122109401840272,0.046746289040231655,-0.03218066719601433,0.4057713515372418
1765627408.4297972,404.1199951171875,408.8699951171875,359.55999755859375,229.75,154.33999633789062,164.7100067138672,491.3999938964844,570.8499755859375,523.0399780273438,-4130.330078125,1,-0.2543213299093198,-0.11852793871150605,0.6965441395277997,0.6606598003304517,0.3063146331422556,0.6385314364865771,0.24895296416922155
1765627408.4976761,404.1199951171875,408.8699951171875,359.55999755859375,229.75,154.33999633789062,164.7100067138672,491.3999938964844,570.8499755859375,523.0399780273438,-4186.22998046875,0,-0.2105262953755056,-0.09526032091497351,0.6131095463947036,0.912276656109697,0.04671293125180398,-0.03203861878464552,0.4056386713289871
1765627408.4976761,404.1199951171875,408.8699951171875,359.55999755859375,229.75,154.33999633789062,164.7100067138672,491.3999938964844,570.8499755859375,523.0399780273438,-4186.22998046875,1,-0.2558416182605311,-0.11906023992359609,0.6996713361855333,0.6651886494315274,0.2932741637382516,0.6437702450664895,0.23890206595616084
1765627408.6238072,404.1199951171875,408.8699951171875,359.55999755859375,229.75,154.33999633789062,164.7100067138672,491.3999938964844,570.8499755859375,523.0399780273438,-4241.33984375,0,-0.21100624152730849,-0.09527767829230366,0.6132213761576514,0.9123115070607244,0.046564684666883564,-0.03180707892188493,0.40559555465626135
1765627408.6902988,404.1199951171875,408.8699951171875,359.55999755859375,229.75,154.33999633789062,164.7100067138672,491.3999938964844,570.8499755859375,523.0399780273438,-4241.33984375,1,-0.2576931215582627,-0.11877254368046376,0.7009448114008126,0.6713285359586175,0.29634062420536533,0.6367544034019087,0.23673626887638702
1765627408.738088,404.1199951171875,410.79998779296875,359.4700012207031,229.75,154.33999633789062,164.7100067138672,491.3999938964844,570.8499755859375,523.0399780273438,-4291.43994140625,0,-0.21460529309835807,-0.09407976196077127,0.6191478414288523,0.9107019300760808,0.03619796363160388,-0.024863287048967862,0.410723165820662
1765627408.8466423,404.1199951171875,410.79998779296875,359.4700012207031,229.75,154.33999633789062,164.7100067138672,491.3999938964844,570.8499755859375,523.0399780273438,-4347.330078125,1,-0.2583329335839261,-0.11674642223424632,0.701654011607534,0.6741375148125208,0.2872918209348869,0.6380807313096157,0.23633662661064878
1765627408.912695,404.1199951171875,410.79998779296875,359.4700012207031,229.75,154.33999633789062,164.7100067138672,491.3999938964844,570.8499755859375,523.0399780273438,-4397.9599609375,0,-0.21561615226626232,-0.0939039192287934,0.6246515509470253,0.9136950580894067,0.049241112780907204,-0.03609851907514455,0.40178794227263137
1765627408.912695,404.1199951171875,410.79998779296875,359.4700012207031,229.75,154.33999633789062,164.7100067138672,491.3999938964844,570.8499755859375,523.0399780273438,-4397.9599609375,1,-0.26237205621282783,-0.1179051377012069,0.7140181604866249,0.6766920488066606,0.28957206793645934,0.6342339379833669,0.2366076931609738
1765627409.0040827,406.32000732421875,410.7099914550781,359.4700012207031,229.75,154.33999633789062,164.7100067138672,491.3999938964844,570.8499755859375,523.0399780273438,-4453.240234375,1,-0.2594720407827729,-0.11564263928537469,0.7095978982318508,0.6653949594068471,0.30017624810109766,0.6359152637901968,0.25051056933900656
1765627409.063562,406.32000732421875,410.7099914550781,359.4700012207031,229.75,154.33999633789062,164.7100067138672,491.3999938964844,570.8499755859375,523.0399780273438,-4453.240234375,0,-0.21525655372606634,-0.09238432798140155,0.6265471382252512,0.9132771569298634,0.053916542625810804,-0.043582500450472725,0.401395573861832
1765627409.1349196,406.8500061035156,410.7099914550781,359.4700012207031,229.75,154.33999633789062,164.7100067138672,491.3999938964844,570.8499755859375,523.0399780273438,-4503.33984375,0,-0.21009809804000806,-0.089876387090693,0.6102675597751204,0.9076209336719541,0.037753932322329535,-0.028630761749317783,0.41710809250877035
1765627409.2098656,406.8500061035156,410.7099914550781,359.4700012207031,229.75,154.33999633789062,164.7100067138672,491.3999938964844,570.8499755859375,523.0399780273438,-4558.7099609375,0,-0.21740789310886177,-0.09221402244266745,0.6246312798134692,0.9105233375347516,0.04460997448661936,-0.03809746771513688,0.4092747059550274
1765627409.3067908,406.8500061035156,410.7099914550781,359.4700012207031,229.75,154.33999633789062,164.7100067138672,491.3999938964844,570.8499755859375,523.0399780273438,-4613.5498046875,0,-0.21858877882186192,-0.09114213371775765,0.6219156675948715,0.9099516504107966,0.03936815607937999,-0.03145803567068115,0.41164126881706004
1765627409.3798203,406.8500061035156,410.7099914550781,359.4700012207031,229.75,154.33999633789062,164.7100067138672,491.3999938964844,570.8499755859375,523.0399780273438,-4613.5498046875,1,-0.26636877982919055,-0.11374362455391986,0.7112972523333312,0.6618510591134464,0.30230552473515204,0.6432140312845906,0.23841194438123173
1765627409.436166,406.8500061035156,410.7099914550781,359.4700012207031,229.75,154.33999633789062,164.7100067138672,491.3999938964844,570.8499755859375,523.0399780273438,-4662.68994140625,0,-0.21908277887416308,-0.08990987205019052,0.6226839888579438,0.9096791918368028,0.03906829390050798,-0.030738623450643824,0.4123258097417678
1765627409.4964833,406.8500061035156,410.7099914550781,359.4700012207031,229.75,154.33999633789062,164.7100067138672,491.3999938964844,570.8499755859375,523.0399780273438,-4717.6201171875,0,-0.2171033820017638,-0.08952970904960797,0.6192719566619714,0.9111222169674973,0.05341088139258249,-0.043046756039548766,0.40638720488171387
1765627409.6111655,406.8500061035156,410.7099914550781,359.4700012207031,229.75,154.33999633789062,164.7100067138672,491.3999938964844,570.8499755859375,523.0399780273438,-4767.6298828125,0,-0.21715827947302202,-0.08876600732406052,0.6248933735950861,0.9072198105004377,0.04234431485677032,-0.02448056871649041,0.4178036335291711
1765627409.6111655,406.8500061035156,410.7099914550781,359.4700012207031,229.75,154.33999633789062,164.7100067138672,491.3999938964844,570.8499755859375,523.0399780273438,-4767.6298828125,1,-0.26182093043275667,-0.1108848867379612,0.7093850909891589,0.666778761161291,0.291081679682698,0.6380394905851522,0.2521569905260471
1765627409.7789369,406.8500061035156,410.7099914550781,359.4700012207031,229.75,154.33999633789062,164.7100067138672,491.3999938964844,570.8499755859375,523.0399780273438,-4822.72998046875,0,-0.22150814514489514,-0.0878188376861487,0.6318387465882254,0.9109912091440164,0.037640036004442434,-0.027465622007368642,0.4097851683012154
1765627409.8309338,406.8500061035156,410.7099914550781,359.4700012207031,229.75,154.33999633789062,164.7100067138672,491.3999938964844,570.8499755859375,523.0399780273438,-4872.740234375,0,-0.22088309888614596,-0.08786797492768036,0.6281249283717074,0.9073505507410813,0.04589255481412241,-0.029954403764266765,0.4167872181072934
1765627409.9047418,406.8500061035156,410.7099914550781,359.4700012207031,229.75,154.33999633789062,164.7100067138672,491.3999938964844,570.8499755859375,523.0399780273438,-4927.68017578125,0,-0.21909073391550388,-0.087313872314249,0.6217615604681992,0.9036204128560551,0.03293054194217987,-0.020601747993916734,0.42656921695879796
1765627409.9047418,406.8500061035156,410.7099914550781,359.4700012207031,229.75,154.33999633789062,164.7100067138672,491.3999938964844,570.8499755859375,523.0399780273438,-4927.68017578125,1,-0.26624938122231034,-0.11057930896432908,0.7123482138258407,0.667094538384349,0.291878224829978,0.6368945181636885,0.2532930150259111
1765627410.0100892,406.8500061035156,410.7099914550781,359.4700012207031,229.75,154.33999633789062,164.7100067138672,491.3999938964844,570.8499755859375,523.0399780273438,-4982.33984375,0,-0.22184346900600857,-0.08861337901674388,0.6286023527454003,0.9079103621998204,0.02883318385510586,-0.024113687772033484,0.41747569004793755
1765627410.1264424,406.8500061035156,410.7099914550781,359.4700012207031,229.75,154.33999633789062,164.7100067138672,491.3999938964844,570.8499755859375,523.0399780273438,-5031.1201171875,1,-0.2707590159237083,-0.11137886193749245,0.7233658655824372,0.6655690004856868,0.29927166367417796,0.6373312586039029,0.24751412832510922
1765627410.2104454,406.8500061035156,410.7099914550781,359.4700012207031,229.75,154.33999633789062,164.7100067138672,491.3999938964844,570.8499755859375,523.0399780273438,-5085.7900390625,0,-0.2210876018655385,-0.08616446453368634,0.6280724159865078,0.9047320687480057,0.026783518976661036,-0.009779402494244043,0.42502575236923756
1765627410.3723254,406.8500061035156,410.7099914550781,359.4700012207031,229.75,154.33999633789062,164.6199951171875,491.3999938964844,570.8499755859375,523.0399780273438,-5136.330078125,0,-0.22595018474650588,-0.08772821611099467,0.6428616975983167,0.9075687549615613,0.03448771345546226,-0.02110364691075451,0.41795237614494046
1765627410.438355,406.8500061035156,410.7099914550781,359.4700012207031,229.75,154.33999633789062,164.6199951171875,491.3999938964844,570.8499755859375,523.0399780273438,-5192.14013671875,0,-0.2226798973405113,-0.08650459747730842,0.6338848030853622,0.9054764036443079,0.03595231687784767,-0.023852536753532477,0.42219778522027634
1765627410.438355,406.8500061035156,410.7099914550781,359.4700012207031,229.75,154.33999633789062,164.6199951171875,491.3999938964844,570.8499755859375,523.0399780273438,-5192.14013671875,1,-0.26557520578245836,-0.107437677783382,0.7119163136382467,0.6669315294720279,0.2927718953194792,0.6358979177860098,0.2551877553147071
1765627410.4985776,406.8500061035156,410.7099914550781,359.4700012207031,229.75,154.33999633789062,164.6199951171875,491.3999938964844,570.8499755859375,523.0399780273438,-5242.31982421875,0,-0.2222072355680352,-0.08625821665411805,0.6312398744506532,0.907461929371874,0.03323276942596831,-0.031128742861305292,0.4176594679219319
1765627410.6171124,406.8500061035156,410.7099914550781,359.4700012207031,229.75,154.33999633789062,164.7100067138672,491.3999938964844,570.8499755859375,523.0399780273438,-5296.64013671875,0,-0.2254608812004739,-0.08604851629605507,0.6398276127620031,0.9092210414466938,0.04874706901046745,-0.03261136812595264,0.4121617640228555
1765627410.7177677,406.8500061035156,410.7099914550781,359.4700012207031,229.75,154.33999633789062,164.7100067138672,491.3999938964844,570.8499755859375,523.0399780273438,-5351.39990234375,0,-0.22398788858525273,-0.08428582341401279,0.6343577432394675,0.9047499173929517,0.035347250937850905,-0.02356657312563577,0.4238192721664482
1765627410.8147738,406.8500061035156,410.7099914550781,359.4700012207031,229.75,154.33999633789062,164.7100067138672,491.3999938964844,570.8499755859375,523.0399780273438,-5399.91015625,0,-0.22902545899779342,-0.08606102317839516,0.6459823068993544,0.9070486495720914,0.038277254554664804,-0.02889804592214465,0.4182851922254534
1765627410.9030805,406.8500061035156,410.7099914550781,359.4700012207031,229.75,154.33999633789062,164.7100067138672,491.3999938964844,570.8499755859375,523.0399780273438,-5454.83984375,0,-0.2257592287509198,-0.08433433220460682,0.6364497501090366,0.904866831375324,0.03957703244425075,-0.03118894230193989,0.4227019350059493
1765627410.9995365,406.8500061035156,410.7099914550781,359.4700012207031,229.75,154.33999633789062,164.7100067138672,491.3999938964844,570.8499755859375,523.0399780273438,-5504.68017578125,0,-0.226841540952559,-0.08397508235131679,0.6398306613059095,0.903007092311506,0.02495502417871393,-0.017511294220482015,0.4285426379930975
1765627411.1037924,406.8500061035156,410.7099914550781,359.4700012207031,229.75,154.33999633789062,164.7100067138672,491.3999938964844,570.8499755859375,523.0399780273438,-5559.7900390625,0,-0.22972400470150542,-0.08505281293443122,0.6489378661104999,0.9069199530531623,0.042809880346605156,-0.03597882094982067,0.4175751876510626
1765627411.2329853,406.8500061035156,410.7099914550781,359.4700012207031,229.75,154.33999633789062,164.7100067138672,491.3999938964844,570.8499755859375,523.0399780273438,-5609.52978515625,0,-0.22623047446413286,-0.08357375431131936,0.6393987918168652,0.9053220110109957,0.04417491575375804,-0.03628476125227916,0.42086108075945927
1765627411.283139,406.8500061035156,410.7099914550781,359.4700012207031,229.75,154.33999633789062,164.7100067138672,491.3999938964844,570.8499755859375,523.0399780273438,-5609.52978515625,0,-0.23092147211992103,-0.08351283969653968,0.6496785044666779,0.906793519429896,0.04237497426313841,-0.03443404292491621,0.41802412772947234
1765627411.3688428,406.8500061035156,410.79998779296875,359.55999755859375,229.75,154.33999633789062,164.7100067138672,491.3999938964844,570.8499755859375,523.0399780273438,-5663.5,1,-0.2768279027744602,-0.1035456314797135,0.734273250856309,0.6586905134420978,0.30460353934323603,0.6348915005936958,0.2650590005920274
1765627411.4398189,406.8500061035156,410.79998779296875,359.55999755859375,229.75,154.33999633789062,164.7100067138672,491.3999938964844,570.8499755859375,523.0399780273438,-5718.68994140625,0,-0.2294218380974826,-0.08216707316696631,0.6464462180766258,0.9065573923222431,0.03777717827518362,-0.026237139395522822,0.41956905479765744
1765627411.4982245,406.8500061035156,410.79998779296875,359.55999755859375,229.75,154.33999633789062,164.7100067138672,491.3999938964844,570.8499755859375,523.0399780273438,-5767.72998046875,0,-0.22944481117624088,-0.08225052787047848,0.6461913811151752,0.9036938486650189,0.035804815129790946,-0.012975013366836598,0.4264822295555327
1765627411.4982245,406.8500061035156,410.79998779296875,359.55999755859375,229.75,154.33999633789062,164.7100067138672,491.3999938964844,570.8499755859375,523.0399780273438,-5767.72998046875,1,-0.2760826125139822,-0.10359732369769908,0.733704201247365,0.6675753551209566,0.29659868872558204,0.6313903984017895,0.26022783841745983
1765627411.616424,406.8500061035156,410.79998779296875,359.4700012207031,229.75,154.33999633789062,164.7100067138672,491.3999938964844,570.8499755859375,523.0399780273438,-5822.580078125,0,-0.23395765671455782,-0.0837886522491614,0.6592192525518528,0.9087398907683443,0.04107821257897859,-0.032066537753774244,0.4140967622840584
1765627411.6661088,406.8500061035156,410.79998779296875,359.4700012207031,229.75,154.33999633789062,164.7100067138672,491.3999938964844,570.8499755859375,523.0399780273438,-5822.580078125,0,-0.23061690275726235,-0.0820846873493338,0.6494802189000329,0.9066040852311156,0.04230951388823285,-0.03381516026536187,0.4184919026851315
1765627411.7320833,406.8500061035156,410.79998779296875,359.4700012207031,229.75,154.33999633789062,164.7100067138672,491.3999938964844,570.8499755859375,523.0399780273438,-5872.68017578125,0,-0.23063033654646864,-0.08162190361973722,0.6495181613845954,0.9064787869691949,0.042258515904577076,-0.03376740057102998,0.41877224032530536
1765627411.8229823,406.8500061035156,410.79998779296875,359.4700012207031,229.75,154.33999633789062,164.7100067138672,491.3999938964844,570.8499755859375,523.0399780273438,-5928.39990234375,0,-0.23239724618731428,-0.0807409230454637,0.6518560255796395,0.9009062702814488,0.04051839027740212,-0.029826236950126747,0.4310876335576009
1765627411.9202678,406.8500061035156,410.79998779296875,359.4700012207031,229.75,154.33999633789062,164.7100067138672,491.3999938964844,570.8499755859375,523.0399780273438,-5978.5,0,-0.23034267474376963,-0.07982309950234998,0.6434954564866334,0.9023107548324517,0.02833320362654773,-0.022909463142036793,0.42954358077439797
1765627412.025351,406.8500061035156,410.7099914550781,359.4700012207031,229.66000366210938,154.33999633789062,164.7100067138672,491.3999938964844,570.8499755859375,523.0399780273438,-6032.72021484375,0,-0.23281948358615984,-0.0806754048796655,0.6494360169174015,0.9003802282460303,0.0354294931246939,-0.023279324381131106,0.43303379620638366
1765627412.1254418,406.8500061035156,410.7099914550781,359.4700012207031,229.66000366210938,154.33999633789062,164.7100067138672,491.3999938964844,570.8499755859375,523.0399780273438,-6086.8701171875,0,-0.23217270545427574,-0.08037971868389887,0.6489364438790499,0.9007421805910168,0.03559603403588241,-0.021865060653521683,0.4323405666690024
1765627412.2498488,406.8500061035156,410.79998779296875,359.4700012207031,229.75,154.33999633789062,164.7100067138672,491.3999938964844,570.8499755859375,523.0399780273438,-6135.56005859375,0,-0.23119638311829777,-0.07849697516004879,0.6488196007286751,0.9001429513036869,0.0357132849940079,-0.022145223422101283,0.4335629338087038
1765627412.3153741,406.8500061035156,410.79998779296875,359.4700012207031,229.75,154.33999633789062,164.7100067138672,491.3999938964844,570.8499755859375,523.0399780273438,-6191.18994140625,1,-0.2791733447425523,-0.0981847090869355,0.7376749949721998,0.6609511194134601,0.29902913630456235,0.6406127968904047,0.2516752626844652
1765627412.3637285,406.8500061035156,410.79998779296875,359.4700012207031,229.75,154.33999633789062,164.7100067138672,491.3999938964844,570.8499755859375,523.0399780273438,-6191.18994140625,1,-0.28362651081221585,-0.09942768929761876,0.7480226974344689,0.6692771474808716,0.29557600755632407,0.6320560574924996,0.2553586963546959
1765627412.415279,406.8500061035156,410.79998779296875,359.4700012207031,229.75,154.33999633789062,164.7100067138672,491.3999938964844,570.8499755859375,523.0399780273438,-6241.2900390625,0,-0.23224789670932472,-0.07760195615380164,0.6491472399632123,0.8999437197246003,0.035317974792653806,-0.021568404362999904,0.43403772407249325
1765627412.5271647,406.8500061035156,410.79998779296875,359.4700012207031,229.75,154.33999633789062,164.7100067138672,491.3999938964844,570.8499755859375,523.0399780273438,-6296.75,0,-0.23545125743110412,-0.07910489260665503,0.6587520319674081,0.9047807239549213,0.035921889075723246,-0.033204470615609195,0.4230590060215917
1765627412.5271647,406.8500061035156,410.79998779296875,359.4700012207031,229.75,154.33999633789062,164.7100067138672,491.3999938964844,570.8499755859375,523.0399780273438,-6296.75,1,-0.2789043062037904,-0.09856563193883419,0.7355651282348203,0.6591549699893299,0.30218920908626273,0.6376712222464092,0.25994580159901653
1765627412.6420689,406.8500061035156,410.79998779296875,359.4700012207031,229.75,154.33999633789062,164.7100067138672,491.3999938964844,570.8499755859375,523.0399780273438,-6346.669921875,0,-0.23437345293110204,-0.07764181322382563,0.655409646259519,0.9006159019462951,0.026987352591561868,-0.03060474645689063,0.4326962323106931
1765627412.7527778,406.8500061035156,410.79998779296875,359.4700012207031,229.75,154.33999633789062,164.7100067138672,491.3999938964844,570.8499755859375,523.0399780273438,-6400.72021484375,0,-0.23594122119040678,-0.07721969384659155,0.655832179151566,0.9005905579089695,0.02648297643558373,-0.029844963222362866,0.43283319781941315
1765627412.7527778,406.8500061035156,410.79998779296875,359.4700012207031,229.75,154.33999633789062,164.7100067138672,491.3999938964844,570.8499755859375,523.0399780273438,-6400.72021484375,1,-0.2788523293571558,-0.09615044674711296,0.7322923211764865,0.6543330808574526,0.2906648499294632,0.6371250904531447,0.28536605163570006
1765627412.8114185,406.8500061035156,410.79998779296875,359.4700012207031,229.75,154.33999633789062,164.7100067138672,491.3999938964844,570.8499755859375,523.0399780273438,-6454.419921875,0,-0.2350668936244798,-0.07689594866865898,0.6530784396469324,0.9001325773118846,0.021872562627021697,-0.02283603924124461,0.4344668567080391
1765627412.8114185,406.8500061035156,410.79998779296875,359.4700012207031,229.75,154.33999633789062,164.7100067138672,491.3999938964844,570.8499755859375,523.0399780273438,-6454.419921875,1,-0.2903668091287546,-0.10007451992043408,0.7621707229682648,0.6622367559978115,0.30155195682967617,0.6377900212934434,0.2524535305282884
1765627412.8985205,406.8500061035156,410.79998779296875,359.4700012207031,229.75,154.33999633789062,164.7100067138672,491.3999938964844,570.8499755859375,523.0399780273438,-6503.5498046875,0,-0.23651453181272436,-0.07591631475033435,0.6557931857366456,0.8973576701885905,0.024310603903656303,-0.016051055396056696,0.440341424251929
1765627413.030672,406.8500061035156,410.79998779296875,359.4700012207031,229.75,154.33999633789062,164.7100067138672,491.3999938964844,570.8499755859375,523.0399780273438,-6559.009765625,0,-0.236024273174515,-0.07441320315882807,0.6560636729173949,0.8997942074088328,0.026187615575733514,-0.029543721981086516,0.4345247537200527
1765627413.091052,406.8500061035156,410.79998779296875,359.4700012207031,229.75,154.33999633789062,164.7100067138672,491.3999938964844,570.8499755859375,523.0399780273438,-6608.669921875,0,-0.23573109340121548,-0.07463128094441208,0.655904059200074,0.8994253084451691,0.02628710902744669,-0.0312652588397739,0.43516156311992166
1765627413.1958334,406.8500061035156,410.79998779296875,359.4700012207031,229.75,154.33999633789062,164.7100067138672,491.3999938964844,570.8499755859375,523.0399780273438,-6663.52001953125,0,-0.24065744851517035,-0.07698338113475993,0.6712820533082492,0.9057602692559854,0.03862894508681708,-0.03990085089004107,0.4201357653628826
1765627413.2471647,406.8500061035156,410.79998779296875,359.4700012207031,229.75,154.33999633789062,164.7100067138672,491.3999938964844,570.8499755859375,523.0399780273438,-6663.52001953125,0,-0.23550037715965222,-0.07494998416438339,0.6555992560408558,0.897018960305944,0.02452777522303268,-0.016424997017606077,0.44100520696157713
1765627413.3342762,406.8500061035156,410.79998779296875,359.4700012207031,229.75,154.33999633789062,164.7100067138672,491.3999938964844,570.8499755859375,523.0399780273438,-6712.91015625,0,-0.23790381769336094,-0.0744247673465669,0.6593130265679749,0.8972477515146305,0.028688905077834836,-0.022970151754769044,0.4399952173100723
1765627413.4386828,406.8500061035156,410.79998779296875,359.4700012207031,229.75,154.33999633789062,164.7100067138672,491.3999938964844,570.8499755859375,523.0399780273438,-6767.0498046875,1,-0.28657562417447624,-0.09385965764696176,0.7476293485492662,0.6607264519607224,0.2982446663657833,0.6332705048377475,0.27103347093357755
1765627413.5213633,406.8500061035156,410.79998779296875,359.4700012207031,229.75,154.33999633789062,164.7100067138672,491.3999938964844,570.8499755859375,523.0399780273438,-6821.10009765625,0,-0.2399572122410497,-0.07336742283130178,0.6594040364574771,0.8999952591497871,0.029759800023515248,-0.0350813843894307,0.4334653207348761
1765627413.6308873,406.92999267578125,410.79998779296875,359.4700012207031,229.75,154.33999633789062,164.7100067138672,491.3999938964844,570.8499755859375,523.0399780273438,-6869.97021484375,0,-0.24010917952392336,-0.07360253045620962,0.6647550251008133,0.8975110739267054,0.037794282015014447,-0.03730961866011104,0.4377824308733035
1765627413.6902747,406.92999267578125,410.79998779296875,359.4700012207031,229.75,154.33999633789062,164.7100067138672,491.3999938964844,570.8499755859375,523.0399780273438,-6869.97021484375,0,-0.2432354364416057,-0.07353039950206543,0.6750896724423917,0.8994399866654663,0.03650094311540891,-0.03465296940840966,0.43413657211768214
1765627413.7991462,406.92999267578125,410.79998779296875,359.4700012207031,229.75,154.33999633789062,164.7100067138672,491.3999938964844,570.8499755859375,523.0399780273438,-6974.2099609375,0,-0.24454593732568616,-0.07363320862970793,0.6794009855083699,0.9033926939014348,0.02744317511610428,-0.0324489175677531,0.42670315266439796
1765627413.8557606,406.92999267578125,410.79998779296875,359.4700012207031,229.75,154.33999633789062,164.7100067138672,491.3999938964844,570.8499755859375,523.0399780273438,-6974.2099609375,1,-0.2897729221807174,-0.09271401003288755,0.7591777859040189,0.6592410311033486,0.3064237155248158,0.6332203281877054,0.2655895055223669
1765627413.9040537,406.92999267578125,410.79998779296875,359.4700012207031,229.75,154.33999633789062,164.7100067138672,491.3999938964844,570.8499755859375,523.0399780273438,-7029.669921875,0,-0.24537163740510623,-0.0731375160547284,0.6759513044941616,0.8995599942382101,0.017778864611395103,-0.028436023567664285,0.4355078889101094
1765627414.1258695,406.92999267578125,410.79998779296875,359.4700012207031,229.75,154.33999633789062,164.7100067138672,491.3999938964844,570.8499755859375,523.0399780273438,-7133.47021484375,0,-0.24488895100349184,-0.07188671465331968,0.6756281190519505,0.8988937041447382,0.03582384927788712,-0.03453026541846283,0.43533254098677004
1765627414.1746159,406.92999267578125,410.79998779296875,359.4700012207031,229.66000366210938,154.33999633789062,164.7100067138672,491.3999938964844,570.8499755859375,523.0399780273438,-7133.47021484375,0,-0.24072208204966397,-0.07065110168036108,0.6651330673589939,0.894098230384641,0.017712535589848477,-0.01730458869371815,0.4471858357731973
1765627414.222677,406.92999267578125,410.79998779296875,359.4700012207031,229.66000366210938,154.33999633789062,164.7100067138672,491.3999938964844,570.8499755859375,523.0399780273438,-7186.89990234375,0,-0.24280503883377313,-0.07117567348610959,0.6712239257251353,0.892270368116436,0.02519037303095034,-0.01678912420841616,0.4504854721256124
1765627414.3109448,406.92999267578125,410.79998779296875,359.4700012207031,229.66000366210938,154.33999633789062,164.7100067138672,491.3999938964844,570.8499755859375,523.0399780273438,-7235.509765625,1,-0.2904187664152284,-0.08811097371464313,0.7583597795570869,0.6516966402134936,0.3094988660094738,0.6331927705939219,0.28030136699789243
1765627414.3739488,406.92999267578125,410.79998779296875,359.4700012207031,229.75,154.33999633789062,164.7100067138672,491.3999938964844,570.8499755859375,523.0399780273438,-7235.509765625,0,-0.24302728428507314,-0.068429855295371,0.6691705321183049,0.8941738823117394,0.021785767799881228,-0.022488084885539553,0.4466237057648218
1765627414.5241098,406.92999267578125,410.79998779296875,359.4700012207031,229.75,154.33999633789062,164.7100067138672,491.3999938964844,570.8499755859375,523.0399780273438,-7340.35986328125,1,-0.2972135642145367,-0.08934759023828634,0.7713852027450872,0.6544104764626308,0.30890083441521266,0.6229048072423863,0.2971814326431977
1765627414.5764606,406.92999267578125,410.79998779296875,359.4700012207031,229.75,154.33999633789062,164.7100067138672,491.3999938964844,570.8499755859375,523.0399780273438,-7340.35986328125,0,-0.24500341045947907,-0.06923086342407021,0.6722758367542605,0.8948652637549681,0.026208561255741728,-0.029185740910309923,0.44460933814886505
1765627414.8861086,407.0199890136719,410.79998779296875,359.4700012207031,229.66000366210938,154.33999633789062,164.7100067138672,491.3999938964844,570.8499755859375,523.0399780273438,-7498.919921875,0,-0.24737865963047215,-0.06824493022163677,0.6781232248278906,0.8924360684305874,0.015452879844212397,-0.024223200090269917,0.45025804695314775
1765627415.0171762,407.0199890136719,410.79998779296875,359.4700012207031,229.66000366210938,154.33999633789062,164.7100067138672,491.3999938964844,570.8499755859375,523.0399780273438,-7601.66015625,0,-0.24840668405573776,-0.06753810388988452,0.6796007061834566,0.8959172628279259,0.019507891406691624,-0.01869449124700464,0.44339848481563127
1765627415.0171762,407.0199890136719,410.79998779296875,359.4700012207031,229.66000366210938,154.33999633789062,164.7100067138672,491.3999938964844,570.8499755859375,523.0399780273438,-7601.66015625,1,-0.296860990020409,-0.08662410836008395,0.769392625954944,0.6502122699235838,0.3148510377014856,0.6271079939904626,0.29125314070817593
1765627415.1059601,407.0199890136719,410.79998779296875,359.4700012207031,229.66000366210938,154.33999633789062,164.7100067138672,491.3999938964844,570.8499755859375,523.0399780273438,-7656.419921875,0,-0.24743597181303692,-0.06630762739689165,0.6782807325858079,0.8918691139173478,0.015266956875639226,-0.024015267434660304,0.4513974641024074
1765627415.1926875,406.92999267578125,410.79998779296875,361.6700134277344,229.66000366210938,154.33999633789062,164.7100067138672,491.3999938964844,570.8499755859375,523.0399780273438,-7705.72021484375,0,-0.25022518733776516,-0.0671776033669423,0.6859202578703694,0.8963981255854336,0.02898912189993974,-0.03403371776109067,0.4409894979631036
1765627415.2862875,406.92999267578125,410.79998779296875,361.6700134277344,229.66000366210938,154.33999633789062,164.7100067138672,491.3999938964844,570.8499755859375,523.0399780273438,-7705.72021484375,0,-0.24486124943004992,-0.06491177704170406,0.6689157165756405,0.8897066215345912,0.016583688824405977,-0.025867345064624857,0.45549751845842873
1765627415.4193425,406.92999267578125,410.79998779296875,362.20001220703125,229.66000366210938,154.33999633789062,164.7100067138672,491.3999938964844,570.8499755859375,523.0399780273438,-7815.31982421875,0,-0.25112790720903705,-0.06526189303869082,0.6826712543457631,0.8919839508609535,0.01910536713250477,-0.03024989447234084,0.45064904331156475
1765627415.5766454,406.92999267578125,410.79998779296875,362.20001220703125,229.66000366210938,154.33999633789062,164.7100067138672,491.3999938964844,570.8499755859375,523.0399780273438,-7864.27978515625,0,-0.2540817862582761,-0.06615310215358737,0.6931611897458584,-0.7864301490294273,-0.16719109966521306,-0.33457048568223363,0.49156621832734193
1765627415.6210487,406.92999267578125,410.79998779296875,362.20001220703125,229.66000366210938,154.33999633789062,164.7100067138672,491.3999938964844,570.8499755859375,523.0399780273438,-7917.4501953125,0,-0.25233834089127466,-0.0658981627028052,0.6893349982411391,0.8935994679174392,0.013152921898370697,-0.0209610931948948,0.44818257904037284
1765627415.782089,407.0199890136719,410.79998779296875,362.3699951171875,229.66000366210938,154.33999633789062,164.7100067138672,491.3999938964844,570.8499755859375,523.0399780273438,-7965.8798828125,0,-0.2544738509528946,-0.06329672653162369,0.6934608048018742,0.8932372908462048,0.017363166590277982,-0.027920265826068554,0.4483816693888059
1765627415.839771,407.0199890136719,410.79998779296875,362.3699951171875,229.66000366210938,154.33999633789062,164.7100067138672,491.3999938964844,570.8499755859375,523.0399780273438,-8020.89990234375,0,-0.25573878077832396,-0.06342308345475972,0.696229999848118,0.8910001222393077,0.020259477495617576,-0.019422857177714154,0.45313473532736104
1765627416.0216742,406.92999267578125,412.82000732421875,362.2900085449219,229.66000366210938,154.33999633789062,164.7100067138672,491.3999938964844,570.8499755859375,523.0399780273438,-8051.56982421875,1,-0.30702410266344093,-0.08281440349733603,0.7898319204600432,0.6551455776540259,0.311264398941307,0.6299587192230844,0.27758018320278344
1765627416.061186,406.92999267578125,412.82000732421875,362.2900085449219,229.66000366210938,154.33999633789062,164.7100067138672,491.3999938964844,570.8499755859375,523.0399780273438,-8051.56982421875,0,-0.25524970616414033,-0.06358393787909744,0.6925193625761891,0.8896643133996085,0.031168560881740918,-0.03698430854250119,0.4540463535779111
1765627416.567004,406.92999267578125,413.0899963378906,362.2900085449219,229.66000366210938,154.33999633789062,164.6199951171875,491.3999938964844,570.8499755859375,523.0399780273438,-8051.56982421875,0,-0.2504126233179272,-0.06210627721782985,0.6790694558146168,0.8873189367337011,0.009621304936766717,-0.025938135011124314,0.4603256979109821
1765627416.6114216,406.92999267578125,413.0899963378906,362.2900085449219,229.66000366210938,154.33999633789062,164.6199951171875,491.3999938964844,570.8499755859375,523.0399780273438,-8051.56982421875,0,-0.2550176691050816,-0.0630307969043496,0.690542441083828,0.8928711405641437,0.01215662802298584,-0.019492875943739312,0.4497258837672543
1765627417.3571315,406.92999267578125,413.0899963378906,362.3699951171875,229.66000366210938,154.33999633789062,164.7100067138672,491.3999938964844,570.8499755859375,523.0399780273438,-8051.56982421875,0,-0.24986165316730644,-0.06212195876272336,0.6779136203227837,0.8842099907950222,0.007964582593484149,-0.01222699738695199,0.4668616049080048
1765627417.3981624,406.92999267578125,413.0899963378906,362.3699951171875,229.66000366210938,154.33999633789062,164.7100067138672,491.3999938964844,570.8499755859375,523.0399780273438,-8051.56982421875,0,-0.255159951416398,-0.06353070368695203,0.6932908440869987,0.8937638739035527,0.017155134703734698,-0.026003781262244775,0.4474546260999839
1765627417.4917939,406.92999267578125,413.0899963378906,362.3699951171875,229.66000366210938,154.33999633789062,164.7100067138672,491.3999938964844,570.8499755859375,523.0399780273438,-8051.56982421875,0,-0.24986165316730644,-0.06212195876272336,0.6779136203227837,0.8842099907950222,0.007964582593484149,-0.01222699738695199,0.4668616049080048
1765627417.6848717,406.92999267578125,413.0899963378906,362.2900085449219,229.66000366210938,154.33999633789062,164.7100067138672,491.3999938964844,570.8499755859375,523.0399780273438,-8051.56982421875,0,-0.25387039231977093,-0.06327202926871321,0.6891171382990898,0.889468998395097,0.026432532344948745,-0.029135404023624613,0.4552991877438797
1765627417.9094274,407.0199890136719,413.1700134277344,362.3699951171875,229.66000366210938,154.33999633789062,164.7100067138672,491.3999938964844,570.8499755859375,523.0399780273438,-8057.81005859375,0,-0.2516490208718015,-0.062413030790926124,0.6824260232099131,0.8880793531135877,0.01692873457390992,-0.015875583666524813,0.45910396029910805
1765627417.9094274,407.0199890136719,413.1700134277344,362.3699951171875,229.66000366210938,154.33999633789062,164.7100067138672,491.3999938964844,570.8499755859375,523.0399780273438,-8057.81005859375,1,-0.30702410266344093,-0.08281440349733603,0.7898319204600432,0.6551455776540259,0.311264398941307,0.6299587192230844,0.27758018320278344
1765627418.0333323,406.92999267578125,413.0899963378906,362.2900085449219,229.66000366210938,154.33999633789062,164.7100067138672,491.3999938964844,570.8499755859375,523.0399780273438,-8105.6298828125,0,-0.253227849429789,-0.06317373707025499,0.6880459505424895,0.8896659661365707,0.026492534284127733,-0.028575297614103594,0.454946223955922
1765627418.126333,406.92999267578125,413.0899963378906,362.2900085449219,229.66000366210938,154.33999633789062,164.7100067138672,491.3999938964844,570.8499755859375,523.0399780273438,-8161.259765625,0,-0.251429337560035,-0.062480399687909145,0.6818306520722158,0.8847615515404873,0.012552563575307929,-0.01933670513867658,0.46547343844492084
1765627418.220988,406.92999267578125,413.0899963378906,362.3699951171875,229.66000366210938,154.33999633789062,164.7100067138672,491.3999938964844,570.8499755859375,523.0399780273438,-8209.6904296875,0,-0.2529155239806778,-0.06294257662549657,0.6855238433417751,0.889187247086233,0.021554561881947765,-0.02110845708551252,0.4565477779167838
1765627418.220988,406.92999267578125,413.0899963378906,362.3699951171875,229.66000366210938,154.33999633789062,164.7100067138672,491.3999938964844,570.8499755859375,523.0399780273438,-8209.6904296875,1,-0.3049394690047462,-0.08217525621336381,0.7837373923575248,0.6463730890108709,0.3089410803847911,0.6274140264472511,0.30513747405140357
1765627418.3482761,406.92999267578125,413.0899963378906,362.3699951171875,229.66000366210938,154.33999633789062,164.7100067138672,491.3999938964844,570.8499755859375,523.0399780273438,-8262.509765625,0,-0.24949502253197803,-0.06130267551703444,0.6755952932686765,0.8867851716132139,0.004844523501783826,-0.018130753410562455,0.4618006775436009
1765627418.4334946,406.92999267578125,413.0899963378906,362.3699951171875,229.66000366210938,154.33999633789062,164.7100067138672,491.3999938964844,570.8499755859375,523.0399780273438,-8316.4697265625,0,-0.256891795432432,-0.06195570084446092,0.6966380070372059,0.8906360477861026,0.019820092514155785,-0.01877924209702041,0.45389639168310547
1765627418.52724,406.92999267578125,413.0899963378906,362.3699951171875,229.66000366210938,154.33999633789062,164.7100067138672,491.3999938964844,570.8499755859375,523.0399780273438,-8364.900390625,0,-0.25436279054172733,-0.0610683673266961,0.6894420796202835,0.8889187524481181,0.007625219530886518,-0.022971424829607165,0.45742498971359785
1765627418.5736055,406.92999267578125,413.0899963378906,362.2900085449219,229.66000366210938,154.33999633789062,164.7100067138672,491.3999938964844,570.8499755859375,523.0399780273438,-8364.900390625,0,-0.2584197995597722,-0.06178876390310604,0.700436150152044,0.8908566675143447,0.024539737744480927,-0.02668646796819446,0.4528355459149063
1765627418.650451,406.92999267578125,413.0899963378906,362.2900085449219,229.66000366210938,154.33999633789062,164.7100067138672,491.3999938964844,570.8499755859375,523.0399780273438,-8419.48046875,0,-0.2553932313998396,-0.060442932651505875,0.6922391548894739,0.8859404056519038,0.010533069168394915,-0.01646222637343389,0.46338714612089077
1765627418.8802218,406.92999267578125,413.1700134277344,362.3699951171875,229.66000366210938,154.33999633789062,164.7100067138672,491.3999938964844,570.8499755859375,523.0399780273438,-8522.83984375,0,-0.25878112176037993,-0.060047046121455984,0.69632342761055,0.8867287953187293,0.01455160617837492,-0.02133531611778855,0.4615680866311912
1765627419.1028492,406.92999267578125,413.1700134277344,362.2900085449219,229.66000366210938,154.33999633789062,164.6199951171875,491.3999938964844,570.8499755859375,523.0399780273438,-8677.26953125,1,-0.31018290979703006,-0.07692108930736231,0.7935454492841774,0.6677317930470835,0.27852059128591355,0.626008433858929,0.2909879267621991
1765627419.1489909,406.92999267578125,413.1700134277344,362.3699951171875,229.66000366210938,154.33999633789062,164.7100067138672,491.3999938964844,570.8499755859375,523.0399780273438,-8677.26953125,0,-0.26278875306895977,-0.059222418190521334,0.7074455396512459,0.8879893947720612,0.012775517878370503,-0.020332099098978387,0.45923656938610347
1765627419.7598684,406.92999267578125,413.1700134277344,362.3699951171875,229.66000366210938,154.33999633789062,164.7100067138672,491.3999938964844,570.8499755859375,523.0399780273438,-8984.9697265625,0,-0.26197366681770773,-0.055345128803317434,0.7018511511096257,0.8891994015545024,0.02302095618728667,-0.024562110625290057,0.4562796977435758
1765627419.893873,406.92999267578125,413.1700134277344,362.3699951171875,229.66000366210938,154.33999633789062,164.7100067138672,491.3999938964844,570.8499755859375,523.0399780273438,-9087.3603515625,0,-0.26402510320699013,-0.05595818909333571,0.7080301030173585,0.8873051372293677,0.012179975783246479,-0.01848903331412678,0.46065105805088724
1765627420.1289473,406.92999267578125,413.1700134277344,362.2900085449219,229.66000366210938,154.33999633789062,164.7100067138672,491.3999938964844,570.8499755859375,523.0399780273438,-9190.5498046875,0,-0.26365832452597593,-0.05297790844844217,0.7039912821807837,0.8821718300195764,0.0022899269817673318,-0.015010565082690613,0.4706828034783384
1765627420.2382362,406.92999267578125,413.1700134277344,362.2900085449219,229.66000366210938,154.33999633789062,164.7100067138672,491.3999938964844,570.8499755859375,523.0399780273438,-9244.419921875,0,-0.2673971895857079,-0.054010144930935644,0.7125973948155719,0.8870211353245442,0.016233458780434033,-0.02619534553433799,0.4606992339649778
1765627420.2976873,406.92999267578125,413.1700134277344,362.2900085449219,229.66000366210938,154.33999633789062,164.7100067138672,491.3999938964844,570.8499755859375,523.0399780273438,-9297.16015625,0,-0.26545538273937985,-0.05377096261834242,0.7077658693714272,0.883002830400534,0.006915053169034625,-0.02213004958739722,0.46879467195092417
1765627420.428076,406.92999267578125,413.1700134277344,362.2900085449219,229.66000366210938,154.33999633789062,164.7100067138672,491.3999938964844,570.8499755859375,523.0399780273438,-9344.8798828125,0,-0.2665101144052979,-0.05360008740527055,0.7105817843565508,0.8800012260828193,0.010023462819606479,-0.015635049433040133,0.4746081726172288
1765627420.6360204,406.92999267578125,413.1700134277344,362.3699951171875,229.66000366210938,154.33999633789062,164.7100067138672,491.3999938964844,570.8499755859375,523.0399780273438,-9447.009765625,0,-0.2680155997281188,-0.05249178201447706,0.7128777214090778,0.8866153349598556,0.015940989110346748,-0.025794698497126168,0.4615124767648752
1765627420.8108869,406.92999267578125,413.1700134277344,362.2900085449219,229.66000366210938,154.33999633789062,164.7100067138672,491.3999938964844,570.8499755859375,523.0399780273438,-9549.759765625,0,-0.26779572887193265,-0.05098896308003931,0.7116125123968834,0.8827187127943558,0.011107535508683599,-0.02876357120802233,0.4688890633283742
1765627421.1875486,406.92999267578125,413.1700134277344,362.3699951171875,229.66000366210938,154.33999633789062,164.7100067138672,491.3999938964844,570.8499755859375,523.0399780273438,-9705.3203125,0,-0.2738282655880738,-0.0502998416347527,0.7238303838465902,0.8845104005029596,0.008809431268496148,-0.02585846264999531,0.46571996439083285
1765627421.3164146,406.92999267578125,413.1700134277344,362.3699951171875,229.66000366210938,154.33999633789062,164.7100067138672,491.3999938964844,570.8499755859375,523.0399780273438,-9808.240234375,0,-0.27152829491956243,-0.04961866269326274,0.7177612351085714,0.8765991876966664,-0.002366395407765454,-0.007546122459315631,0.4811562327749144
1765627421.7006984,406.92999267578125,413.1700134277344,362.3699951171875,229.66000366210938,154.33999633789062,164.7100067138672,491.3999938964844,570.8499755859375,523.0399780273438,-10020.3203125,0,-0.2740838430155734,-0.047319467747399924,0.7221087110588421,0.876632308952814,0.0019233073087600585,-0.014094813822861391,0.4809505504855496
1765627421.9296267,406.92999267578125,413.1700134277344,362.2900085449219,229.66000366210938,154.33999633789062,164.7100067138672,491.3999938964844,570.8499755859375,523.0399780273438,-10120.6904296875,0,-0.2760771727355377,-0.047971278226117554,0.7280399993645896,0.8841188288197521,0.013211598796465496,-0.03358647361421191,0.46586618140169056
1765627422.0124314,406.92999267578125,413.1700134277344,362.2900085449219,229.66000366210938,154.33999633789062,164.7100067138672,491.3999938964844,570.8499755859375,523.0399780273438,-10168.6796875,0,-0.27620638265558317,-0.04690052756442996,0.7276904201467962,0.8840465730926147,0.01302341900580001,-0.032720996328980664,0.4660701487542864
1765627422.9496255,406.92999267578125,413.1700134277344,362.3699951171875,229.66000366210938,154.33999633789062,164.7100067138672,491.3999938964844,570.8499755859375,523.0399780273438,-10633.7099609375,0,-0.2834823492993774,-0.04364545870831171,0.739151710959774,0.8782153412326174,0.003668602238865837,-0.01737960369511715,0.47793546128812325
1765627424.077601,406.92999267578125,413.1700134277344,362.3699951171875,229.66000366210938,154.33999633789062,164.7100067138672,491.3999938964844,570.8499755859375,523.0399780273438,-11208.16015625,0,-0.29200495470595567,-0.03877116714285951,0.7556920012629917,0.8752276553306872,0.0008028359677431653,-0.026680263081186137,0.48297419223047056
1765627424.4903677,406.92999267578125,413.1700134277344,362.3699951171875,229.66000366210938,154.33999633789062,164.7100067138672,491.3999938964844,570.8499755859375,523.0399780273438,-11418.75,0,-0.29102395718604984,-0.03711814333917343,0.7552655847556274,0.8750855983920373,0.0007655191289176466,-0.025338451360717995,0.48330380957525454
1765627424.6511822,406.92999267578125,413.1700134277344,362.3699951171875,229.66000366210938,154.33999633789062,164.7100067138672,491.3999938964844,570.8499755859375,523.0399780273438,-11521.3203125,0,-0.2950831736726213,-0.036979569671546746,0.7636528430280457,0.8753109332399892,0.010520645196219647,-0.04302993603419421,0.48152726898908593
1765627427.8419392,406.92999267578125,413.1700134277344,362.2900085449219,229.66000366210938,154.33999633789062,164.7100067138672,491.3999938964844,570.8499755859375,523.0399780273438,-11567.2001953125,0,-0.2960863904771488,-0.03619117921944,0.7634764877044411,-0.7832152558434972,-0.1647976988521356,-0.3332693897182017,0.49834435418082507
1765627427.9001577,406.92999267578125,413.1700134277344,362.2900085449219,229.66000366210938,154.33999633789062,164.7100067138672,491.3999938964844,570.8499755859375,523.0399780273438,-11567.2001953125,0,-0.2895921062003562,-0.03548633622670334,0.7466714302990011,0.8692154301593435,-0.014505941632285854,-0.014326269569780463,0.4940130277942901
1765627428.2863195,406.92999267578125,413.1700134277344,362.3699951171875,229.66000366210938,154.33999633789062,164.7100067138672,491.3999938964844,570.8499755859375,523.0399780273438,-11567.2001953125,1,-0.34448186196223707,-0.05018017834923737,0.8484377269487986,0.6329324396262389,0.3193759218551692,0.6195231756869952,0.33702608533263245
