timestamp,motor1,motor2,motor3,motor4,motor5,motor6,motor7,motor8,motor9,motor10,marker_id,x,y,z,qx,qy,qz,qw
1752141322.6917589,217.08999633789065,305.95001220703125,191.50999450683597,148.5399932861328,57.91999816894531,172.97000122070312,132.36000061035156,269.29998779296875,1225.02001953125,10.279999732971191,0,0.0021508306492324,-0.1101662951386313,0.7183369964144677,0.9180317353806992,-0.0041879491971719,0.0621879558576908,0.391577389620067
1752141323.7280118,217.08999633789065,305.95001220703125,191.50999450683597,148.5399932861328,57.91999816894531,172.97000122070312,132.36000061035156,269.29998779296875,1225.199951171875,10.279999732971191,0,0.0029281535502574,-0.1092948036216147,0.6943082953995621,0.9129138937737532,0.017870980986531,0.0791690257115744,0.4000013949491969
1752141328.575096,217.08999633789065,305.95001220703125,191.50999450683597,148.5399932861328,58.0099983215332,172.97000122070312,132.36000061035156,269.29998779296875,1383.050048828125,10.279999732971191,0,0.0201488190261261,-0.1551739360646387,0.716631912325942,0.9518178930353516,0.0286912607967455,0.0645991588228245,0.2984065326547341
1752141329.53263,217.08999633789065,305.95001220703125,191.50999450683597,148.5399932861328,58.0099983215332,172.97000122070312,132.36000061035156,269.29998779296875,1383.050048828125,10.279999732971191,0,0.0188285334900326,-0.1541144605537092,0.7104154518046607,0.9547253877380104,0.033266937128376,0.0862466187223513,0.2827618532644804
1752141329.7001417,217.08999633789065,305.95001220703125,191.50999450683597,148.5399932861328,57.91999816894531,172.97000122070312,132.36000061035156,269.29998779296875,1383.050048828125,10.279999732971191,0,0.0181138067011722,-0.1517150716885782,0.6941549450375667,0.9531866405417762,0.0420304916845275,0.0675764458824687,0.2917226251481596
1752141330.5677576,217.08999633789065,305.95001220703125,191.50999450683597,148.5399932861328,58.0099983215332,172.97000122070312,132.36000061035156,269.29998779296875,1426.550048828125,10.279999732971191,0,0.0265647311708408,-0.1718482464066612,0.7017831638545132,0.9596985767635312,0.0381627533259701,0.1038687875806003,0.258328320133837
1752141330.659118,217.08999633789065,305.95001220703125,191.50999450683597,148.5399932861328,58.0099983215332,172.97000122070312,132.36000061035156,269.29998779296875,1426.550048828125,10.279999732971191,0,0.0283310796824082,-0.1730711982150039,0.7032979994240622,0.9659287352323144,0.0617328693872739,0.0925055680680125,0.2336952099768615
1752141330.7627895,217.08999633789065,305.95001220703125,191.50999450683597,148.5399932861328,57.91999816894531,172.97000122070312,132.36000061035156,269.29998779296875,1439.9100341796875,10.279999732971191,0,0.0294692059359408,-0.1742024567832551,0.703266120476574,0.9661007893475558,0.0619045858652782,0.0919670660846812,0.2331504789329282
1752141330.792905,217.08999633789065,305.95001220703125,191.50999450683597,148.5399932861328,57.91999816894531,172.97000122070312,132.36000061035156,269.29998779296875,1439.9100341796875,10.279999732971191,0,0.0290838972892406,-0.1704106127522927,0.688500880049363,-0.874890293870968,-0.0754308324863972,0.0873472449312024,0.4703696652673394
1752141331.1697512,217.08999633789065,305.95001220703125,191.50999450683597,148.5399932861328,57.91999816894531,172.97000122070312,132.36000061035156,269.29998779296875,1461.3599853515625,10.279999732971191,0,0.0263741337705591,-0.1723332582218006,0.6763555608883,-0.8648130664608208,-0.0937245232963919,0.1166111265212904,0.4792868858866596
1752141331.3361049,217.08999633789065,305.95001220703125,191.50999450683597,148.5399932861328,57.91999816894531,172.97000122070312,132.36000061035156,269.29998779296875,1461.3599853515625,10.279999732971191,0,0.0279362310991268,-0.1753902875155661,0.6933367066782852,0.9671259716387208,0.0646074407082503,0.1156453202808001,0.2170700197727489
1752141332.1791315,217.08999633789065,305.95001220703125,191.50999450683597,148.5399932861328,57.91999816894531,172.97000122070312,132.36000061035156,269.3800048828125,1461.449951171875,10.279999732971191,0,0.0276612658797672,-0.1688371194280732,0.6810346605119189,-0.8797927785300449,-0.0845498307671453,0.1050477400631409,0.4558299740816275
1752141332.73734,217.08999633789065,305.95001220703125,191.50999450683597,148.5399932861328,58.0099983215332,172.97000122070312,132.36000061035156,269.29998779296875,1461.449951171875,10.279999732971191,0,0.0285574418518818,-0.1690004138466554,0.6761693455134258,-0.8658268217143736,-0.0930546287318895,0.1189448942975155,0.4770082420588867
1752141332.9654024,217.08999633789065,305.95001220703125,191.50999450683597,148.5399932861328,58.0099983215332,172.97000122070312,132.36000061035156,269.29998779296875,1472.1700439453125,10.279999732971191,0,0.0301998209567796,-0.1748732362875751,0.6885089134307383,-0.8729831556554528,-0.0753111842397826,0.0878148244004825,0.473832451490779
1752141333.1830857,217.08999633789065,305.95001220703125,191.50999450683597,148.5399932861328,58.0099983215332,172.97000122070312,132.36000061035156,269.29998779296875,1486.489990234375,10.279999732971191,0,0.0299508502275722,-0.1771196847134655,0.6645385156361283,-0.888089838284658,-0.0875707652814728,0.0947564665104453,0.441190448965072
1752141333.228439,217.08999633789065,305.95001220703125,191.50999450683597,148.5399932861328,58.0099983215332,172.97000122070312,132.36000061035156,269.29998779296875,1486.489990234375,10.279999732971191,0,0.0296190185631972,-0.1729693414294065,0.6387485940021569,0.9685878547367428,0.0958830170444118,0.0911789695136194,0.2105478810564715
1752141333.499995,217.08999633789065,305.95001220703125,191.50999450683597,148.5399932861328,57.91999816894531,172.97000122070312,132.36000061035156,269.29998779296875,1501.0799560546875,10.279999732971191,0,0.0358171575512724,-0.1791217628756032,0.6385521353571366,0.9694382052927464,0.0968012986975749,0.0881671731825051,0.2074743942327529
1752141333.560554,217.08999633789065,305.95001220703125,191.50999450683597,148.5399932861328,58.0099983215332,172.97000122070312,132.36000061035156,269.29998779296875,1514.969970703125,10.279999732971191,0,0.0371846246734645,-0.181017759469587,0.6443918701677513,0.9757109149033868,0.0912491381315108,0.073771558216992,0.1849853035429817
1752141334.1284058,217.08999633789065,305.95001220703125,191.50999450683597,148.5399932861328,57.91999816894531,172.97000122070312,132.36000061035156,269.29998779296875,1540.550048828125,10.279999732971191,0,0.0381934446700969,-0.1899289953155399,0.6571856641109669,0.9769080828978428,0.0821127012926089,0.0959103294958547,0.1723638899285131
1752141335.062254,217.08999633789065,305.95001220703125,191.50999450683597,148.5399932861328,57.91999816894531,172.97000122070312,132.36000061035156,269.29998779296875,1541.780029296875,10.279999732971191,0,0.0394184753869804,-0.1859173031495079,0.6599260329032949,0.9697334175727058,0.0869862392198873,0.0846752788125329,0.2118503957682416
1752141336.0029595,217.08999633789065,305.95001220703125,191.50999450683597,148.5399932861328,58.0099983215332,172.97000122070312,132.36000061035156,269.29998779296875,1541.949951171875,10.279999732971191,0,0.0401114625293917,-0.1900654192271594,0.6770886507544155,-0.8972743544456652,-0.1032708882158799,0.1114265931475142,0.4145093133341596
1752141336.064673,217.08999633789065,305.95001220703125,191.50999450683597,148.5399932861328,58.0099983215332,172.97000122070312,132.36000061035156,269.29998779296875,1541.949951171875,10.279999732971191,0,0.038675900243827,-0.1853106295311518,0.6573292970603911,-0.8809311589669946,-0.1126845180379295,0.095491149527039,0.449604195840777
1752141336.8312511,217.08999633789065,305.95001220703125,191.50999450683597,148.5399932861328,58.0099983215332,172.97000122070312,132.36000061035156,269.29998779296875,1541.949951171875,10.279999732971191,0,0.0377222326385325,-0.1798684423790782,0.6357304553971442,0.9760967284272706,0.0928115247731389,0.0980948250580964,0.170289761640816
1752141343.5038888,217.08999633789065,305.95001220703125,191.50999450683597,148.5399932861328,58.0099983215332,172.97000122070312,132.36000061035156,442.6199951171875,1541.8699951171875,10.279999732971191,0,0.042955706092302,-0.2142615963886604,0.6293863991547415,0.9767964649155508,0.1167072646932214,0.094871386426964,0.1524713105267189
1752141355.3600743,217.08999633789065,305.95001220703125,191.50999450683597,148.5399932861328,58.0099983215332,172.97000122070312,132.36000061035156,442.6199951171875,1541.8699951171875,10.279999732971191,0,0.0477507188026836,-0.2264537855659816,0.6643928786504899,0.9755906959071196,0.1057130467132863,0.0473381836281769,0.1865653831364265
1752141397.7086709,217.08999633789065,305.95001220703125,191.50999450683597,148.5399932861328,58.0099983215332,172.97000122070312,132.36000061035156,442.6199951171875,1541.8699951171875,10.279999732971191,0,0.042950676112921,-0.2121977596034459,0.6293121178076999,0.9766367598808264,0.1168705687228202,0.0949770381535145,0.1533012447420809
1752141402.4121883,217.08999633789065,305.95001220703125,191.50999450683597,148.5399932861328,58.0099983215332,172.97000122070312,132.36000061035156,442.6199951171875,1541.949951171875,10.279999732971191,0,0.0461876463675882,-0.2226120965675999,0.6610090244844931,0.9765737556012276,0.0974662877741869,0.1208122820482389,0.1490248808915138
1752141404.5940742,217.08999633789065,305.95001220703125,191.50999450683597,148.5399932861328,58.0099983215332,172.97000122070312,132.36000061035156,442.6199951171875,1541.8699951171875,10.279999732971191,0,0.0473322537053891,-0.2294733383975897,0.6814003659824941,0.9801264397639876,0.1082113423182138,0.1104451398637278,0.1242752531670821
1752141444.7144692,217.08999633789065,305.95001220703125,191.50999450683597,148.5399932861328,58.0099983215332,172.97000122070312,132.36000061035156,442.6199951171875,1541.949951171875,-1245.22998046875,0,0.0309287131914461,-0.2078881215680721,0.6670161030925456,0.9789004420408784,0.1165442545953,0.0917880452621983,0.1405215856726059
1752141445.4871492,217.08999633789065,305.95001220703125,191.50999450683597,148.5399932861328,58.0099983215332,172.97000122070312,132.36000061035156,442.6199951171875,1541.8699951171875,-1710.530029296875,0,0.0269791398939785,-0.2105533225448793,0.692141081728453,-0.8920284452668221,-0.1313657869023959,0.1515127296195743,0.4050582373308759
1752141445.5760894,217.08999633789065,305.95001220703125,191.50999450683597,148.5399932861328,58.0099983215332,172.97000122070312,132.36000061035156,442.6199951171875,1541.8699951171875,-1768.7099609375,0,0.0262108285880225,-0.2011575107438782,0.6706757275905996,0.9747348006308664,0.0946572261937139,0.1071540173185604,0.1716102984698501
1752141445.9982817,217.08999633789065,305.95001220703125,191.50999450683597,148.5399932861328,58.0099983215332,172.97000122070312,132.36000061035156,442.6199951171875,1541.8699951171875,-1990.4599609375,0,0.0267908812471959,-0.2122478402812578,0.7167874734999696,-0.8919936786831053,-0.1121402746715674,0.096876439113406,0.4270676662200888
1752141446.110713,217.08999633789065,305.95001220703125,191.50999450683597,148.5399932861328,58.0099983215332,172.97000122070312,132.36000061035156,442.6199951171875,1541.8699951171875,-2044.8599853515625,0,0.0222977910717055,-0.2004553675133363,0.66744925244664,0.9782447692907508,0.1156457351593003,0.0957083970426403,0.1431891686905094
1752141446.2110968,217.08999633789065,305.95001220703125,191.50999450683597,148.5399932861328,58.0099983215332,172.97000122070312,132.36000061035156,442.6199951171875,1541.949951171875,-2102.610107421875,0,0.024081617141126,-0.2092228952040375,0.705609263962296,-0.8952775218821748,-0.1218957227187804,0.1187147206500647,0.4117358457753652
1752141446.2803571,217.08999633789065,305.95001220703125,191.50999450683597,148.5399932861328,58.0099983215332,172.97000122070312,132.36000061035156,442.6199951171875,1541.949951171875,-2160.969970703125,0,0.0230678315768771,-0.1998723732608098,0.6820790859359378,0.9774968833825284,0.1068869029183244,0.1226130070453307,0.1343171004201407
1752141446.520465,217.08999633789065,305.95001220703125,191.50999450683597,148.5399932861328,58.0099983215332,172.97000122070312,132.36000061035156,442.6199951171875,1541.8699951171875,-2270.1298828125,0,0.0256208350415259,-0.2028950016936969,0.7165561082040882,-0.8954972846287057,-0.1121463104396467,0.0976710010821092,0.4194856300578221
1752141446.757487,217.08999633789065,305.95001220703125,191.50999450683597,148.5399932861328,58.0099983215332,172.97000122070312,132.36000061035156,442.6199951171875,1541.8699951171875,-2376.1201171875,0,0.0209059927014958,-0.2067232428334098,0.71235683118459,0.98188818776778,0.1166995229301307,0.0860556898010834,0.1219476376271577
1752141446.7777517,217.08999633789065,305.95001220703125,191.50999450683597,148.5399932861328,58.0099983215332,172.97000122070312,132.36000061035156,442.6199951171875,1541.8699951171875,-2431.85009765625,0,0.0189220369228,-0.1928567893319503,0.6626855888359995,0.971342560538766,0.1210482788138316,0.1113710052005903,0.1715734346651982
1752141446.8447533,217.08999633789065,305.95001220703125,191.50999450683597,148.5399932861328,58.0099983215332,172.97000122070312,132.36000061035156,442.6199951171875,1541.8699951171875,-2431.85009765625,0,0.0207871386741239,-0.2091812854634913,0.7202070522628624,-0.893603980973072,-0.1405845410488825,0.118185086993269,0.4095609810755243
1752141447.1190915,217.08999633789065,305.95001220703125,191.50999450683597,148.5399932861328,58.0099983215332,172.97000122070312,132.36000061035156,442.6199951171875,1541.8699951171875,-2599.3701171875,0,0.0208984989360057,-0.1997270708964754,0.7120952963472628,0.9814820807469218,0.1170731817467494,0.08654931720052,0.1244829746612344
1752141447.6009068,217.08999633789065,305.95001220703125,191.50999450683597,148.5399932861328,58.0099983215332,172.97000122070312,132.36000061035156,442.6199951171875,1541.8699951171875,-2873.139892578125,0,0.0159746429343381,-0.2095784653645815,0.7401374159605355,-0.9087435456678188,-0.122354819596595,0.0741117665275237,0.3920738608868681
1752141447.6166022,217.08999633789065,305.95001220703125,191.50999450683597,148.5399932861328,58.0099983215332,172.97000122070312,132.36000061035156,442.6199951171875,1541.8699951171875,-2873.139892578125,0,0.0142620042367143,-0.1939195042415863,0.6868478771572805,-0.883724574771376,-0.1335037392247374,0.0977557351545797,0.4377801318042559
1752141447.6830227,217.08999633789065,305.95001220703125,191.50999450683597,148.5399932861328,58.0099983215332,172.97000122070312,132.36000061035156,442.6199951171875,1541.8699951171875,-2929.570068359375,0,0.0143815868359067,-0.1952393645125117,0.6925108976394501,-0.8980350298338406,-0.1244657313062488,0.0848238065739492,0.413335564354241
1752141447.7820249,217.08999633789065,305.95001220703125,191.50999450683597,148.5399932861328,58.0099983215332,172.97000122070312,132.36000061035156,442.6199951171875,1541.8699951171875,-2983.7099609375,0,0.0165868124259948,-0.2087837640992561,0.7545736345590065,-0.9125919444253084,-0.1213900020857534,0.1105769240828658,0.3744504696539023
1752141447.8119955,217.08999633789065,305.95001220703125,191.50999450683597,148.5399932861328,58.0099983215332,172.97000122070312,132.36000061035156,442.6199951171875,1541.8699951171875,-2983.7099609375,0,0.0165850421586134,-0.2075405673161848,0.7544969483552472,-0.912953337969781,-0.1213557279183072,0.1108729983306444,0.3734918583214707
1752141448.122326,217.08999633789065,305.95001220703125,191.50999450683597,148.5399932861328,58.0099983215332,172.97000122070312,132.36000061035156,442.6199951171875,1541.8699951171875,-3144.2900390625,0,0.0151373419204929,-0.1963640019003956,0.7124482840761444,0.981210421009286,0.1164851210634647,0.0889619768959744,0.1254714825781921
1752141448.7942028,217.08999633789065,305.95001220703125,191.50999450683597,148.5399932861328,58.0099983215332,172.97000122070312,132.36000061035156,442.6199951171875,1541.949951171875,-3528.6298828125,0,0.0100006545180429,-0.1925267898401298,0.7163987881043855,0.9770644853972212,0.0930336605884878,0.105459908069292,0.1598997722418185
1752141449.3583093,217.08999633789065,305.95001220703125,191.50999450683597,148.5399932861328,58.0099983215332,172.97000122070312,132.36000061035156,442.6199951171875,1541.8699951171875,-3795.820068359375,0,0.0087498217171618,-0.1925918669184622,0.7332190231926746,0.9743759290055164,0.1114402508932905,0.1064312455724108,0.1638444671674407
1752141449.4136188,217.08999633789065,305.95001220703125,191.50999450683597,148.5399932861328,58.0099983215332,172.97000122070312,132.36000061035156,442.6199951171875,1541.8699951171875,-3848.989990234375,0,0.0076077405544791,-0.1952034308446147,0.7424629654991161,-0.8949680352789635,-0.1235398346378449,0.0570124982358143,0.4248760997414155
1752141449.5118618,217.08999633789065,305.95001220703125,191.50999450683597,148.5399932861328,58.0099983215332,172.97000122070312,132.36000061035156,442.6199951171875,1541.8699951171875,-3904.800048828125,0,0.0068102937153654,-0.1991146753279246,0.7549818278483973,-0.917059353976972,-0.1224284226375446,0.1046730103369369,0.3647697678273583
1752141449.552354,217.08999633789065,305.95001220703125,191.50999450683597,148.5399932861328,58.0099983215332,172.97000122070312,132.36000061035156,442.6199951171875,1541.8699951171875,-3904.800048828125,0,0.0068102937153654,-0.1991146753279246,0.7549818278483973,-0.917059353976972,-0.1224284226375446,0.1046730103369369,0.3647697678273583
1752141449.6487732,217.08999633789065,305.95001220703125,191.50999450683597,148.5399932861328,58.0099983215332,172.97000122070312,132.36000061035156,442.6199951171875,1541.8699951171875,-3959.56005859375,0,0.0053056921714996,-0.1867748189142462,0.7088668766666183,0.9692694020950446,0.0984189703954505,0.1225377714283614,0.1892485852047115
1752141449.9628174,217.08999633789065,305.95001220703125,191.50999450683597,148.5399932861328,58.0099983215332,172.97000122070312,132.36000061035156,442.6199951171875,1541.8699951171875,-3986.4599609375,0,0.0074266898566156,-0.1866419098548684,0.7255490430540485,-0.8864338679100826,-0.1422686149271846,0.0975840817123664,0.4295020209789763
1752141450.0820308,217.08999633789065,305.95001220703125,191.50999450683597,148.5399932861328,58.0099983215332,172.97000122070312,132.36000061035156,442.6199951171875,1541.8699951171875,-3986.4599609375,0,0.00632700031817,-0.1898771514176883,0.7274071346134474,0.979922430818939,0.1067522082926113,0.122796666160198,0.1152257539896946
1752141450.1186965,217.08999633789065,305.95001220703125,191.50999450683597,148.5399932861328,58.0099983215332,172.97000122070312,132.36000061035156,442.6199951171875,1541.8699951171875,-3986.4599609375,0,0.0059203343155121,-0.1871931113102705,0.7148484393339423,0.973472118631915,0.1197424467450856,0.0808076126363266,0.1774370604857079
1752141450.3211029,217.08999633789065,305.95001220703125,191.50999450683597,148.5399932861328,58.0099983215332,172.97000122070312,132.36000061035156,442.6199951171875,1541.949951171875,-3986.4599609375,0,0.0058630032392389,-0.1860052153799534,0.7070491685162025,0.9737039903898158,0.1214339765518602,0.1087352754749151,0.1591570554676921
1752141451.0861826,217.08999633789065,305.95001220703125,191.50999450683597,148.5399932861328,58.0099983215332,172.97000122070312,132.36000061035156,442.6199951171875,1541.8699951171875,-3986.4599609375,0,0.0063831481706047,-0.1928477802713742,0.7403345332016841,-0.9154348311453028,-0.1235428876289357,0.0692692800598112,0.3767200441737479
1752141451.3213017,217.08999633789065,305.95001220703125,191.50999450683597,148.5399932861328,58.0099983215332,172.97000122070312,132.36000061035156,442.6199951171875,1541.8699951171875,-3986.4599609375,0,0.0070770619868024,-0.1848382917416783,0.7146968720930009,0.9732804274261664,0.1200691321558366,0.08040964772291,0.1784457946984479
1752141451.3803291,217.08999633789065,305.95001220703125,191.50999450683597,148.5399932861328,58.0099983215332,172.97000122070312,132.36000061035156,442.6199951171875,1541.8699951171875,-3986.4599609375,0,0.0076070141891707,-0.19278291385301,0.7424033450139926,-0.8957991441516635,-0.1235216383620149,0.0574465251695398,0.4230676009096611
1752141451.452327,217.08999633789065,305.95001220703125,191.50999450683597,148.5399932861328,58.0099983215332,172.97000122070312,132.36000061035156,442.6199951171875,1541.8699951171875,-3986.4599609375,0,0.0064540127909294,-0.1950791095913856,0.7477423380931856,-0.90984937371459,-0.1132067956043592,0.0367063828442347,0.3975059496896288
1752141451.6867962,217.08999633789065,305.95001220703125,191.50999450683597,148.5399932861328,58.0099983215332,172.97000122070312,132.36000061035156,442.6199951171875,1541.8699951171875,-3986.4599609375,0,0.006405363445894,-0.1940157738002244,0.7425198731947845,-0.8955073854394919,-0.1237395777071688,0.0562235772943991,0.4237852627078929
1752141451.8588696,217.08999633789065,305.95001220703125,191.50999450683597,148.5399932861328,58.0099983215332,172.97000122070312,132.36000061035156,442.6199951171875,1541.8699951171875,-3986.4599609375,0,0.0063826812920149,-0.1916367899423245,0.7402883600094625,-0.9158129670360194,-0.1235284178659625,0.0695338113666634,0.3757557563964127
1752141451.8834932,217.08999633789065,305.95001220703125,191.50999450683597,148.5399932861328,58.0099983215332,172.97000122070312,132.36000061035156,442.6199951171875,1541.8699951171875,-3986.4599609375,0,0.0063112704745383,-0.1892599055156068,0.7322626457935001,-0.90110984017639,-0.1329458270279667,0.0825782727680163,0.4043603490449848
1752141451.951218,217.08999633789065,305.95001220703125,191.50999450683597,148.5399932861328,58.0099983215332,172.97000122070312,132.36000061035156,442.6199951171875,1541.8699951171875,-3986.4599609375,0,0.007519732881415,-0.1960061043477679,0.7590952547102318,0.974045494115662,0.0992479933219205,0.1115610976538856,0.1701156450912387
1752141452.0139692,217.08999633789065,305.95001220703125,191.50999450683597,148.5399932861328,58.0099983215332,172.97000122070312,132.36000061035156,442.6199951171875,1541.8699951171875,-3986.4599609375,0,0.0068609570283491,-0.1951259064679831,0.7545237348168387,0.9782589387119348,0.1234092313013021,0.0970790550992602,0.1354816132205964
1752141452.367092,217.08999633789065,305.95001220703125,191.50999450683597,148.5399932861328,58.0099983215332,172.97000122070312,132.36000061035156,442.6199951171875,1541.8699951171875,-3986.4599609375,0,0.0063122979718865,-0.1916585878252516,0.7323647411986841,-0.90033100447651,-0.1329944111024876,0.0820601851844473,0.4061806186923682
1752141452.388385,217.08999633789065,305.95001220703125,191.50999450683597,148.5399932861328,58.0099983215332,172.97000122070312,132.36000061035156,442.6199951171875,1541.8699951171875,-3986.4599609375,0,0.0063122979718865,-0.1916585878252516,0.7323647411986841,-0.90033100447651,-0.1329944111024876,0.0820601851844473,0.4061806186923682
1752141452.4525802,217.08999633789065,305.95001220703125,191.50999450683597,148.5399932861328,58.0099983215332,172.97000122070312,132.36000061035156,442.6199951171875,1541.8699951171875,-3986.4599609375,0,0.0063831481706047,-0.1928477802713742,0.7403345332016841,-0.9154348311453028,-0.1235428876289357,0.0692692800598112,0.3767200441737479
1752141453.0957725,217.08999633789065,305.95001220703125,191.50999450683597,148.5399932861328,58.0099983215332,172.97000122070312,132.36000061035156,442.6199951171875,1541.8699951171875,-4319.56005859375,0,0.0027855662818069,-0.1892966740214721,0.7405144397229513,-0.9170172250179872,-0.1240096675193407,0.0669112582606735,0.3731271832767301
1752141453.1181016,217.08999633789065,305.95001220703125,191.50999450683597,148.5399932861328,58.0099983215332,172.97000122070312,132.36000061035156,442.6199951171875,1541.8699951171875,-4319.56005859375,0,0.0031945261325649,-0.1927416883439307,0.7547592259863003,0.9780392293833664,0.1230543217263073,0.0986834937319995,0.1362294672841235
1752141453.359825,217.08999633789065,305.95001220703125,191.50999450683597,148.5399932861328,58.0099983215332,172.97000122070312,132.36000061035156,442.6199951171875,1541.8699951171875,-4425.1201171875,0,0.0027967864406948,-0.188031039476982,0.7426318263465981,-0.897932524229823,-0.1243202280265405,0.0543108895633377,0.4187027467171985
1752141453.3836946,217.08999633789065,305.95001220703125,191.50999450683597,148.5399932861328,58.0099983215332,172.97000122070312,132.36000061035156,442.6199951171875,1541.8699951171875,-4474.06982421875,0,0.0025504723942711,-0.1912517342486319,0.7589776734993734,-0.8946317908952053,-0.1435577209200062,0.0532394427899106,0.4197507608275549
1752141453.4851716,217.08999633789065,305.95001220703125,191.50999450683597,148.5399932861328,58.0099983215332,172.97000122070312,132.36000061035156,442.6199951171875,1541.8699951171875,-4523.81982421875,0,0.0027523115056149,-0.1833476703773119,0.7323332851397196,-0.903513636022834,-0.1334181731765625,0.0808875054057807,0.3991489847867041
1752141453.692178,217.08999633789065,305.95001220703125,191.50999450683597,148.5399932861328,58.0099983215332,172.97000122070312,132.36000061035156,442.6199951171875,1541.8699951171875,-4630.77978515625,0,0.0003797279152392,-0.1846032897403072,0.732609225286169,-0.9034475719368396,-0.1338452634248474,0.0786436898621196,0.3996036789933661
1752141453.787487,217.08999633789065,305.95001220703125,191.50999450683597,148.5399932861328,58.0099983215332,172.97000122070312,132.36000061035156,442.6199951171875,1541.8699951171875,-4685.27001953125,0,-0.0001863122710754,-0.2003566218397087,0.7946886869602853,0.9860402167199096,0.1059386244009492,0.0768592356363992,0.1029288918058319
1752141454.3317149,217.08999633789065,305.95001220703125,191.50999450683597,148.5399932861328,58.0099983215332,172.97000122070312,132.36000061035156,442.6199951171875,1541.8699951171875,-4939.72021484375,0,-0.0020164086636865,-0.1820679639769808,0.7428395374181715,-0.9004365569435313,-0.1251074464511138,0.0514332080298519,0.4134208012109679
1752141454.3553774,217.08999633789065,305.95001220703125,191.50999450683597,148.5399932861328,58.0099983215332,172.97000122070312,132.36000061035156,442.6199951171875,1541.8699951171875,-4939.72021484375,0,-0.0020164086636865,-0.1820679639769808,0.7428395374181715,-0.9004365569435313,-0.1251074464511138,0.0514332080298519,0.4134208012109679
1752141454.4532776,217.08999633789065,305.95001220703125,191.50999450683597,148.5399932861328,58.0099983215332,172.97000122070312,132.36000061035156,442.6199951171875,1541.8699951171875,-4993.85986328125,0,-0.0029206388199943,-0.1854689917031261,0.7550134245652904,0.977425499438946,0.1226372970200052,0.1016799567846975,0.138782826078792
1752141454.4828498,217.08999633789065,305.95001220703125,191.50999450683597,148.5399932861328,58.0099983215332,172.97000122070312,132.36000061035156,442.6199951171875,1541.8699951171875,-5048.259765625,0,-0.0035993164284562,-0.1864198491565326,0.759324868787692,-0.8968605732193947,-0.1446003796330989,0.0493068994733239,0.4150911611668816
1752141454.6985004,217.08999633789065,305.95001220703125,191.50999450683597,148.5399932861328,58.0099983215332,172.97000122070312,132.36000061035156,442.6199951171875,1541.8699951171875,-5153.1201171875,0,-0.0041442374100578,-0.1842614432578573,0.755076523224715,0.9773161240624488,0.1225402765440872,0.1022720740430734,0.1392030787841238
1752141454.9575768,217.08999633789065,305.95001220703125,191.50999450683597,148.5399932861328,58.0099983215332,172.97000122070312,132.36000061035156,442.6199951171875,1541.949951171875,-5251.89990234375,0,-0.0044239675375623,-0.1784802836374101,0.7429298916457578,-0.9018709230040174,-0.1254945144034118,0.0501228476235399,0.4103262911886604
1752141455.082929,217.08999633789065,305.95001220703125,191.50999450683597,148.5399932861328,58.0099983215332,172.97000122070312,132.36000061035156,442.6199951171875,1541.949951171875,-5355.8798828125,0,-0.005158113502088,-0.1936482739653822,0.810063297632649,-0.9365919022937816,-0.1214313282129509,0.0953006859523162,0.3145915134633677
1752141455.1834788,217.08999633789065,305.95001220703125,191.50999450683597,148.5399932861328,58.0099983215332,172.97000122070312,132.36000061035156,442.6199951171875,1541.949951171875,-5409.669921875,0,-0.0054517743498094,-0.1828401367678693,0.7657486494807942,0.9769003638472116,0.1206173924326609,0.06909038023023,0.162307249122068
1752141455.2512252,217.08999633789065,305.95001220703125,191.50999450683597,148.5399932861328,58.0099983215332,172.97000122070312,132.36000061035156,442.6199951171875,1541.949951171875,-5409.669921875,0,-0.0056280700150566,-0.1772919546660074,0.74299253422002,-0.9023844142480588,-0.1256935385188464,0.0493600836691622,0.4092274250792245
1752141455.2822382,217.08999633789065,305.95001220703125,191.50999450683597,148.5399932861328,58.0099983215332,172.97000122070312,132.36000061035156,442.6199951171875,1541.949951171875,-5461.080078125,0,-0.006411047467476,-0.1915102035054179,0.8024996765163506,-0.92077981239149,-0.1312866005097975,0.1021235807011787,0.3528443564571255
1752141455.4662528,217.08999633789065,305.95001220703125,191.50999450683597,148.5399932861328,58.0099983215332,172.97000122070312,132.36000061035156,442.6199951171875,1541.8699951171875,-5510.47998046875,0,-0.0079347642059048,-0.1816376980121702,0.7659085647863088,0.9767947758662352,0.1202961419603578,0.0701172113951679,0.1627402247019777
1752141455.485682,217.08999633789065,305.95001220703125,191.50999450683597,148.5399932861328,58.0099983215332,172.97000122070312,132.36000061035156,442.6199951171875,1541.8699951171875,-5558.91015625,0,-0.0079330704755819,-0.1885997583842162,0.7966314050505054,0.9774513291298036,0.1088843909529631,0.0674764466648578,0.1678690493648761
1752141455.550687,217.08999633789065,305.95001220703125,191.50999450683597,148.5399932861328,58.0099983215332,172.97000122070312,132.36000061035156,442.6199951171875,1541.949951171875,-5558.91015625,0,-0.0084769133770901,-0.1789690282327987,0.759845028897748,0.9720688299645412,0.0978206529951521,0.119466863721146,0.1767511757573428
1752141455.7606137,217.08999633789065,305.95001220703125,191.50999450683597,148.5399932861328,58.0099983215332,172.97000122070312,132.36000061035156,442.6199951171875,1541.8699951171875,-5658.490234375,0,-0.0090000858043407,-0.1823918056071838,0.7783995008662186,0.969324188958679,0.1175112544922044,0.1195934938827323,0.1797195537168633
1752141456.058488,217.08999633789065,305.95001220703125,191.50999450683597,148.5399932861328,58.0099983215332,172.97000122070312,132.36000061035156,442.6199951171875,1541.8699951171875,-5817.47998046875,0,-0.0091760856845999,-0.1791649975160202,0.7659445605198297,0.976600882024835,0.1202059093136427,0.0707170278154809,0.1637081505953178
1752141456.265278,217.08999633789065,305.95001220703125,191.50999450683597,148.5399932861328,58.0099983215332,172.97000122070312,132.36000061035156,442.6199951171875,1541.8699951171875,-5914.85986328125,0,-0.0105101264445318,-0.1826536975461996,0.7936728337966931,-0.9370115135895456,-0.1221762759013863,0.040307655646751,0.3247424732057087
1752141456.6607945,217.08999633789065,305.95001220703125,191.50999450683597,148.5399932861328,58.0099983215332,172.97000122070312,132.36000061035156,442.6199951171875,1541.8699951171875,-6119.1201171875,0,-0.0142485429037925,-0.180124411540688,0.7868541039252572,-0.9214528538976198,-0.1338678195504281,0.0596100653310973,0.3597925583499027
1752141456.7890615,217.08999633789065,305.95001220703125,191.50999450683597,148.5399932861328,58.0099983215332,172.97000122070312,132.36000061035156,442.6199951171875,1541.949951171875,-6221.25,0,-0.0143477007104488,-0.1848658414983451,0.8128953768943393,0.9819305743864254,0.1244946717298406,0.0901583929174391,0.1103851800857735
1752141456.8891542,217.08999633789065,305.95001220703125,191.50999450683597,148.5399932861328,58.0099983215332,172.97000122070312,132.36000061035156,442.6199951171875,1541.949951171875,-6268.7998046875,0,-0.0130993609280256,-0.1809064797447886,0.7968460517127421,0.976838281739299,0.1083971932252956,0.0697864376142893,0.1707831167141495
1752141457.165498,217.08999633789065,305.95001220703125,191.50999450683597,148.5399932861328,58.0099983215332,172.97000122070312,132.36000061035156,442.6199951171875,1541.8699951171875,-6362.93017578125,0,-0.0142328362867981,-0.1730826829096802,0.7706028146711515,0.9736919008828416,0.1164408215821132,0.0432259208963986,0.1910422387512755
1752141457.1887882,217.08999633789065,305.95001220703125,191.50999450683597,148.5399932861328,58.0099983215332,172.97000122070312,132.36000061035156,442.6199951171875,1541.8699951171875,-6414.52001953125,0,-0.0143911109224461,-0.1783341121998212,0.7968862290388095,0.976629959338455,0.1082974917606371,0.0704046798899314,0.1717811306591004
1752141457.2840676,217.08999633789065,305.95001220703125,191.50999450683597,148.5399932861328,58.0099983215332,172.97000122070312,132.36000061035156,442.6199951171875,1541.8699951171875,-6467.080078125,0,-0.0155214409627557,-0.1750027944283408,0.7867461051477548,-0.922980544956472,-0.1339569069472529,0.0597440272186157,0.3557992579034983
1752141457.3227923,217.08999633789065,305.95001220703125,191.50999450683597,148.5399932861328,58.0099983215332,172.97000122070312,132.36000061035156,442.6199951171875,1541.8699951171875,-6467.080078125,0,-0.0155214409627557,-0.1750027944283408,0.7867461051477548,-0.922980544956472,-0.1339569069472529,0.0597440272186157,0.3557992579034983
1752141457.35805,217.08999633789065,305.95001220703125,191.50999450683597,148.5399932861328,58.0099983215332,172.97000122070312,132.36000061035156,442.6199951171875,1541.949951171875,-6467.080078125,0,-0.0160449190125912,-0.1744040592012666,0.7836028880452411,0.9757400758335744,0.1093791679712213,0.1161045890300524,0.1499574153964265
1752141457.3901637,217.08999633789065,305.95001220703125,191.50999450683597,148.5399932861328,58.0099983215332,172.97000122070312,132.36000061035156,442.6199951171875,1541.949951171875,-6520.080078125,0,-0.0167987590739627,-0.1750313282223457,0.786874324392863,-0.9231204020383956,-0.1341361558213181,0.0587484856021072,0.3555345700229577
1752141457.45216,217.08999633789065,305.95001220703125,191.50999450683597,148.5399932861328,58.0099983215332,172.97000122070312,132.36000061035156,442.6199951171875,1541.949951171875,-6520.080078125,0,-0.01697465498157,-0.177261657472266,0.7954595984841794,-0.9170834181842764,-0.1240735697589646,0.0230604350122868,0.3781956764900349
1752141457.734345,217.08999633789065,305.95001220703125,191.50999450683597,148.5399932861328,58.0099983215332,172.97000122070312,132.36000061035156,442.6199951171875,1541.8699951171875,-6663.77978515625,0,-0.0180765277830432,-0.1750602000848103,0.7870040601317138,-0.923259869921981,-0.1343151964167342,0.0577536671701284,0.3552677223328668
1752141457.9576695,217.08999633789065,305.95001220703125,191.50999450683597,148.5399932861328,58.0099983215332,172.97000122070312,132.36000061035156,442.6199951171875,1541.8699951171875,-6760.02001953125,0,-0.0169729255123704,-0.1733774566830733,0.795371830066873,-0.918210830851928,-0.124071367441749,0.0237383433359918,0.3754086532606961
1752141458.086496,217.08999633789065,305.95001220703125,191.50999450683597,148.5399932861328,58.0099983215332,172.97000122070312,132.36000061035156,442.6199951171875,1541.8699951171875,-6863.990234375,0,-0.0201277598950796,-0.1843127460534601,0.8482248896627984,0.9826624493951924,0.1125547246320526,0.0897683607530306,0.1168228826872442
1752141458.1518874,217.08999633789065,305.95001220703125,191.50999450683597,148.5399932861328,58.0099983215332,172.97000122070312,132.36000061035156,442.6199951171875,1541.949951171875,-6863.990234375,0,-0.0201277598950796,-0.1843127460534601,0.8482248896627984,0.9826624493951924,0.1125547246320526,0.0897683607530306,0.1168228826872442
1752141458.2534423,217.08999633789065,305.95001220703125,191.50999450683597,148.5399932861328,58.0099983215332,172.97000122070312,132.36000061035156,442.6199951171875,1541.949951171875,-6914.18017578125,0,-0.0195550345252598,-0.1734218057061691,0.79557521338191,-0.9183858172642718,-0.1244560183603971,0.0217319423451491,0.3749745495678596
1752141458.2898717,217.08999633789065,305.95001220703125,191.50999450683597,148.5399932861328,58.0099983215332,172.97000122070312,132.36000061035156,442.6199951171875,1541.949951171875,-6961.81982421875,0,-0.0209906532945956,-0.1781068662058571,0.8150521129858989,0.9729738307978986,0.1273387187099283,0.0787187314805062,0.175812788539048
1752141458.4594812,217.08999633789065,305.95001220703125,191.50999450683597,148.5399932861328,57.91999816894531,172.97000122070312,132.36000061035156,442.6199951171875,1541.8699951171875,-7008.31005859375,0,-0.0221517416873054,-0.1732800113440964,0.7973879083609124,0.9761627212789712,0.1073326719934,0.0737293249513437,0.1736376276911488
1752141458.695588,217.08999633789065,305.95001220703125,191.50999450683597,148.5399932861328,58.0099983215332,172.97000122070312,132.36000061035156,442.6199951171875,1541.949951171875,-7154.91015625,0,-0.0222585119659406,-0.1743998693186904,0.8132106551654605,0.9812381158017408,0.1241031561990318,0.0941575830673975,0.1135980469470947
1752141459.262154,217.08999633789065,305.95001220703125,191.50999450683597,148.5399932861328,58.0099983215332,172.97000122070312,132.36000061035156,442.6199951171875,1541.8699951171875,-7396.7001953125,0,-0.024535632043216,-0.1673653414191801,0.7898061288106915,-0.905837144163974,-0.1366568833324843,0.0407599445018067,0.3989017315265974
1752141459.3551214,217.08999633789065,305.95001220703125,191.50999450683597,148.5399932861328,58.0099983215332,172.97000122070312,132.36000061035156,442.6199951171875,1541.8699951171875,-7443.27978515625,0,-0.0254091549307648,-0.1749878465955695,0.8289091644148798,-0.919762289851302,-0.1128395422422771,0.0215615006250055,0.3752861169359196
1752141459.4888902,217.08999633789065,305.95001220703125,191.50999450683597,148.5399932861328,58.0099983215332,172.97000122070312,132.36000061035156,442.6199951171875,1541.8699951171875,-7544.7900390625,0,-0.0256175898041004,-0.1699270413955434,0.8154163788332965,0.9755422288349244,0.0970644703377471,0.117111415506106,0.1586844816483222
1752141459.7261565,217.08999633789065,305.95001220703125,191.50999450683597,148.5399932861328,58.0099983215332,172.97000122070312,132.36000061035156,442.6199951171875,1541.8699951171875,-7644.89990234375,0,-0.0260111053256928,-0.1657629356503818,0.7959225428187888,-0.9210269753362488,-0.1254097183416715,0.0181344653947017,0.3683108122405205
1752141460.1978593,217.08999633789065,305.95001220703125,191.50999450683597,148.5399932861328,58.0099983215332,172.97000122070312,132.36000061035156,442.6199951171875,1541.949951171875,-7883.60986328125,0,-0.0294550226876574,-0.1723110113421095,0.8387279210862141,-0.923874723661116,-0.144329206047878,0.0559250280522201,0.349995666400377
1752141460.2194593,217.08999633789065,305.95001220703125,191.50999450683597,148.5399932861328,58.0099983215332,172.97000122070312,132.36000061035156,442.6199951171875,1541.949951171875,-7883.60986328125,0,-0.029838749551743,-0.1745381167626603,0.8507525978348552,0.972635137835588,0.1146507452134827,0.0795932536588667,0.1857444729770851
1752141460.2865012,217.08999633789065,305.95001220703125,191.50999450683597,148.5399932861328,58.0099983215332,172.97000122070312,132.36000061035156,442.6199951171875,1541.949951171875,-7935.64013671875,0,-0.0285957615106389,-0.1632170381542788,0.7960800447922438,-0.9219197303529666,-0.1257909776004534,0.0166275562127653,0.3660111543582068
1752141460.4992187,217.08999633789065,305.95001220703125,191.50999450683597,148.5399932861328,58.0099983215332,172.97000122070312,132.36000061035156,442.6199951171875,1541.8699951171875,-7979.5,0,-0.0308166989696867,-0.1709679769526828,0.8388034612484919,-0.9243379401498348,-0.14448718792633,0.0552657727909088,0.3488101479064589
1752141460.832615,217.08999633789065,305.95001220703125,191.50999450683597,148.5399932861328,58.0099983215332,172.97000122070312,132.36000061035156,442.6199951171875,1541.8699951171875,-7979.5,0,-0.0297165214814501,-0.1673786846044406,0.819063508646948,0.9660710128864,0.0994666822909012,0.1036128029568301,0.2146568522971383
1752141461.6304486,217.08999633789065,305.95001220703125,191.50999450683597,148.5399932861328,58.0099983215332,172.97000122070312,132.36000061035156,442.6199951171875,1541.949951171875,-8212.0595703125,0,-0.0310448903368119,-0.1647325119364185,0.8190990809029212,0.9657518701594104,0.0993752838899039,0.1043166135224099,0.215791386247502
1752141461.8324175,217.08999633789065,305.95001220703125,191.50999450683597,148.5399932861328,58.0099983215332,172.97000122070312,132.36000061035156,442.6199951171875,1541.8699951171875,-8311.2001953125,0,-0.0338749768529928,-0.1696428981210246,0.8474307185965153,-0.9420690267007484,-0.1326257599815393,0.0298395786516885,0.30663652141634
1752141462.3314958,217.08999633789065,305.95001220703125,191.50999450683597,148.5399932861328,58.0099983215332,172.97000122070312,132.36000061035156,442.6199951171875,1541.8699951171875,-8538.400390625,0,-0.0364556247829717,-0.1753990132337909,0.8851123183732964,-0.9426929866087604,-0.1200152795294413,0.0327272081858858,0.3096049022907799
1752141462.354944,217.08999633789065,305.95001220703125,191.50999450683597,148.5399932861328,58.0099983215332,172.97000122070312,132.36000061035156,442.6199951171875,1541.8699951171875,-8538.400390625,0,-0.0353136065759733,-0.167903244028712,0.8490762052566261,-0.9196429557207378,-0.1350044471438537,0.0150961786891676,0.3685142312497475
1752141462.3883648,217.08999633789065,305.95001220703125,191.50999450683597,148.5399932861328,58.0099983215332,172.97000122070312,132.36000061035156,442.6199951171875,1541.8699951171875,-8587.5302734375,0,-0.0352489728362094,-0.166902398716461,0.8474535725542431,-0.942794413089746,-0.1327499196494738,0.0294541693997292,0.3043823342193033
1752141462.669485,217.08999633789065,305.95001220703125,191.50999450683597,148.5399932861328,58.0099983215332,172.97000122070312,132.36000061035156,442.6199951171875,1541.8699951171875,-8686.490234375,0,-0.0366230202245655,-0.1641616365654327,0.8474758319366599,-0.9435124354399872,-0.1328724517600499,0.0290759561973463,0.3021320646746841
1752141462.793249,217.08999633789065,305.95001220703125,191.50999450683597,148.5399932861328,58.0099983215332,172.97000122070312,132.36000061035156,442.6199951171875,1541.8699951171875,-8777.4599609375,0,-0.0381326824825696,-0.1663729004927757,0.8512790915887853,0.9718309054823644,0.1137412071116772,0.0833100560495435,0.1888572569829603
1752141463.162836,217.08999633789065,305.95001220703125,191.50999450683597,148.5399932861328,58.0099983215332,172.97000122070312,132.36000061035156,442.6199951171875,1541.8699951171875,-8915.7099609375,0,-0.0367424871485503,-0.1621885209790795,0.8510275765511947,0.9714762025878224,0.1140822507453103,0.0829545522045019,0.19062468397083
1752141463.6004903,217.08999633789065,305.95001220703125,191.50999450683597,148.5399932861328,58.0099983215332,172.97000122070312,132.36000061035156,442.6199951171875,1541.8699951171875,-9151.080078125,0,-0.0408335378003755,-0.1624713940715345,0.8494368206692464,-0.9213889361985153,-0.1357933469124164,0.0122496209806111,0.3639403000096639
1752141463.9397745,217.08999633789065,305.95001220703125,191.50999450683597,148.5399932861328,58.0099983215332,172.97000122070312,132.36000061035156,442.6199951171875,1541.8699951171875,-9285.6396484375,0,-0.0422798753137017,-0.1595145398133148,0.8514708125443483,0.9711589542156592,0.1133788585266114,0.0853691037065303,0.1915923699375665
1752141464.0590792,217.08999633789065,305.95001220703125,191.50999450683597,148.5399932861328,58.0099983215332,172.97000122070312,132.36000061035156,442.6199951171875,1541.8699951171875,-9334.25,0,-0.0417122424552703,-0.1574700523680692,0.839270271980415,-0.9285821122079216,-0.145671184121892,0.0507221884485575,0.3375535907126303
1752141464.089781,217.08999633789065,305.95001220703125,191.50999450683597,148.5399932861328,58.0099983215332,172.97000122070312,132.36000061035156,442.6199951171875,1541.8699951171875,-9384.7001953125,0,-0.0422124377278177,-0.1597297042515222,0.849489474611964,-0.9221698187536004,-0.135985356426849,0.0117973153736277,0.3619000297974422
1752141464.1284342,217.08999633789065,305.95001220703125,191.50999450683597,148.5399932861328,58.0099983215332,172.97000122070312,132.36000061035156,442.6199951171875,1541.8699951171875,-9384.7001953125,0,-0.0422124377278177,-0.1597297042515222,0.849489474611964,-0.9221698187536004,-0.135985356426849,0.0117973153736277,0.3619000297974422
1752141465.17801,217.08999633789065,305.95001220703125,191.50999450683597,148.5399932861328,58.0099983215332,172.97000122070312,132.36000061035156,442.6199951171875,1541.8699951171875,-9885.759765625,0,-0.0475234388207448,-0.159529309523353,0.8781581118436477,0.9766883570593454,0.1284331292530959,0.0656213917066881,0.1589925075135676
1752141465.498713,217.08999633789065,305.95001220703125,191.50999450683597,148.5399932861328,58.0099983215332,172.97000122070312,132.36000061035156,442.6199951171875,1541.949951171875,-10019.8798828125,0,-0.046804565413936,-0.1540462298020028,0.8580724584555092,-0.914879252354751,-0.1274390602270201,-0.018048982467236,0.3826610429233206
1752141465.5919042,217.08999633789065,305.95001220703125,191.50999450683597,148.5399932861328,58.0099983215332,172.97000122070312,132.36000061035156,442.6199951171875,1541.8699951171875,-10067.9599609375,0,-0.0480705477853572,-0.1579505371073827,0.8877946835373585,-0.9239942537895648,-0.1236684065993941,0.013549832388638,0.3616035760543197
1752141465.7992852,217.08999633789065,305.95001220703125,191.50999450683597,148.5399932861328,58.0099983215332,172.97000122070312,132.36000061035156,442.6199951171875,1541.8699951171875,-10160.509765625,0,-0.0524384343722784,-0.1630086018649121,0.9203131115770572,-0.9618200132229314,-0.1297865119261671,-0.0020778898131001,0.24094274394512
1752141465.8900445,217.08999633789065,305.95001220703125,191.50999450683597,148.5399932861328,58.0099983215332,172.97000122070312,132.36000061035156,442.6199951171875,1541.8699951171875,-10201.5498046875,0,-0.0516155422335496,-0.1579844308060829,0.887433366557333,0.970306923058014,0.0985678939621178,0.0938047672371455,0.1999737757535903
1752141465.924918,217.08999633789065,305.95001220703125,191.50999450683597,148.5399932861328,58.0099983215332,172.97000122070312,132.36000061035156,442.6199951171875,1541.8699951171875,-10201.5498046875,0,-0.0516155422335496,-0.1579844308060829,0.887433366557333,0.970306923058014,0.0985678939621178,0.0938047672371455,0.1999737757535903
1752141466.1970994,217.08999633789065,305.95001220703125,191.50999450683597,148.5399932861328,58.0099983215332,172.97000122070312,132.36000061035156,442.6199951171875,1541.8699951171875,-10325.2099609375,0,-0.0495949346125331,-0.1499067551571262,0.8582437476362297,-0.9160605269651926,-0.1279188624905751,-0.0192840337040592,0.3796024257028291
1752141466.7595105,217.08999633789065,305.95001220703125,191.50999450683597,148.5399932861328,58.0099983215332,172.97000122070312,132.36000061035156,442.6199951171875,1541.8699951171875,-10551.5302734375,0,-0.0523893398563365,-0.1485548406796072,0.8584641671337491,-0.9165036795613368,-0.1283725456224426,-0.0209294384869635,0.3782901710136875
1752141467.2313814,217.08999633789065,305.95001220703125,191.50999450683597,148.5399932861328,58.0099983215332,172.97000122070312,132.36000061035156,442.6199951171875,1541.8699951171875,-10767.48046875,0,-0.0561644143848218,-0.1560633532709685,0.908135163690765,-0.9453752877810686,-0.1438690604145933,0.0238650992255905,0.2915436772547757
1752141467.404071,217.08999633789065,305.95001220703125,191.50999450683597,148.5399932861328,58.0099983215332,172.97000122070312,132.36000061035156,442.6199951171875,1541.949951171875,-10858.9697265625,0,-0.0519664235458105,-0.1444266205581171,0.8519598080679727,0.969575622822703,0.1124981179158055,0.0903063416546596,0.1977676660890778
1752141467.4249563,217.08999633789065,305.95001220703125,191.50999450683597,148.5399932861328,58.0099983215332,172.97000122070312,132.36000061035156,442.6199951171875,1541.949951171875,-10858.9697265625,0,-0.0527927777598707,-0.1473520721614663,0.8713103582572185,0.9655809549879564,0.134049375576829,0.09629267742949,0.2010271239048822
1752141467.4632852,217.08999633789065,305.95001220703125,191.50999450683597,148.5399932861328,58.0099983215332,172.97000122070312,132.36000061035156,442.6199951171875,1541.949951171875,-10858.9697265625,0,-0.0523853945079821,-0.1443723414566768,0.8583977281217514,-0.9175879342073342,-0.1284094356451775,-0.0202858401374641,0.3756752381037661
1752141467.525671,217.08999633789065,305.95001220703125,191.50999450683597,148.5399932861328,58.0099983215332,172.97000122070312,132.36000061035156,442.6199951171875,1541.949951171875,-10900.990234375,0,-0.0561551739359511,-0.1530960882144681,0.9079837280424762,-0.9459297800672968,-0.1438303830536093,0.0245416867598943,0.2897022224689807
1752141467.659736,217.08999633789065,305.95001220703125,191.50999450683597,148.5399932861328,58.0099983215332,172.97000122070312,132.36000061035156,442.6199951171875,1541.8699951171875,-10940.3603515625,0,-0.0584486599825395,-0.1564165896176949,0.921059480607708,-0.9370160082352263,-0.1342041817923434,-0.0170862261497809,0.3220222023033947
1752141467.9060917,217.08999633789065,305.95001220703125,191.50999450683597,148.5399932861328,58.0099983215332,172.97000122070312,132.36000061035156,442.6199951171875,1541.8699951171875,-11061.2099609375,0,-0.0599482074619993,-0.1549435461205227,0.9211709535190096,-0.9373882119053206,-0.1343879379705245,-0.0177902648482973,0.3208219580789376
1752141467.9261167,217.08999633789065,305.95001220703125,191.50999450683597,148.5399932861328,58.0099983215332,172.97000122070312,132.36000061035156,442.6199951171875,1541.8699951171875,-11061.2099609375,0,-0.0580160434629344,-0.1470167203673582,0.8756454026452846,0.9693220035542852,0.102950756804288,0.1331337858149362,0.1791406993776499
1752141468.4098244,217.08999633789065,305.95001220703125,191.50999450683597,148.5399932861328,58.0099983215332,172.97000122070312,132.36000061035156,442.6199951171875,1541.8699951171875,-11281.3798828125,0,-0.0599235633681378,-0.1541417775089726,0.9207684637261696,-0.96378614875534,-0.130292968984152,-0.0050520260597714,0.2326251893783992
1752141469.27191,217.08999633789065,305.95001220703125,191.50999450683597,148.5399932861328,58.0099983215332,172.97000122070312,132.36000061035156,442.6199951171875,1541.8699951171875,-11616.9404296875,0,-0.0569376412764064,-0.1615922555186288,0.920735001064852,-0.9623371883176683,-0.1300785930637928,-0.0049400244883918,0.2386677434540385
1752141469.680971,217.08999633789065,305.95001220703125,191.50999450683597,148.5399932861328,58.0099983215332,172.97000122070312,132.36000061035156,442.6199951171875,1541.8699951171875,-11814.7001953125,0,-0.0533929622609257,-0.1579208008262422,0.8810878024169679,0.9766318108426844,0.1280426895548514,0.0648755177491885,0.1599579410297393
1752141469.90317,217.08999633789065,305.95001220703125,191.50999450683597,148.5399932861328,58.0099983215332,172.97000122070312,132.36000061035156,442.6199951171875,1541.8699951171875,-11904.259765625,0,-0.0547098192200202,-0.1649400495721953,0.9084190200412284,-0.943568431953655,-0.1438187548815349,0.0227863978300186,0.2974484157610825
1752141470.2746525,217.08999633789065,305.95001220703125,191.50999450683597,148.5399932861328,58.0099983215332,172.97000122070312,132.36000061035156,442.6199951171875,1541.8699951171875,-11967.009765625,0,-0.0509988315312304,-0.156899107676861,0.8584730196830536,-0.9142604332475732,-0.128069995783336,-0.0212839976989021,0.3837615507316608
1752141470.438401,217.08999633789065,305.95001220703125,191.50999450683597,148.5399932861328,58.0099983215332,172.97000122070312,132.36000061035156,442.6199951171875,1541.8699951171875,-11967.099609375,0,-0.0509988315312304,-0.156899107676861,0.8584730196830536,-0.9142604332475732,-0.128069995783336,-0.0212839976989021,0.3837615507316608
1752141470.6024778,217.08999633789065,305.95001220703125,191.50999450683597,148.5399932861328,58.0099983215332,172.97000122070312,132.36000061035156,442.6199951171875,1541.8699951171875,-11967.009765625,0,-0.0509988315312304,-0.156899107676861,0.8584730196830536,-0.9142604332475732,-0.128069995783336,-0.0212839976989021,0.3837615507316608
1752141470.628886,217.08999633789065,305.95001220703125,191.50999450683597,148.5399932861328,58.0099983215332,172.97000122070312,132.36000061035156,442.6199951171875,1541.8699951171875,-11967.009765625,0,-0.0509988315312304,-0.156899107676861,0.8584730196830536,-0.9142604332475732,-0.128069995783336,-0.0212839976989021,0.3837615507316608
1752141470.6974068,217.08999633789065,305.95001220703125,191.50999450683597,148.5399932861328,58.0099983215332,172.97000122070312,132.36000061035156,442.6199951171875,1541.8699951171875,-11967.099609375,0,-0.0509988315312304,-0.156899107676861,0.8584730196830536,-0.9142604332475732,-0.128069995783336,-0.0212839976989021,0.3837615507316608
1752141470.734516,217.08999633789065,305.95001220703125,191.50999450683597,148.5399932861328,58.0099983215332,172.97000122070312,132.36000061035156,442.6199951171875,1541.8699951171875,-11967.099609375,0,-0.0509988315312304,-0.156899107676861,0.8584730196830536,-0.9142604332475732,-0.128069995783336,-0.0212839976989021,0.3837615507316608
1752141470.767886,217.08999633789065,305.95001220703125,191.50999450683597,148.5399932861328,58.0099983215332,172.97000122070312,132.36000061035156,442.6199951171875,1541.8699951171875,-11967.099609375,0,-0.0509988315312304,-0.156899107676861,0.8584730196830536,-0.9142604332475732,-0.128069995783336,-0.0212839976989021,0.3837615507316608
1752141470.8613398,217.08999633789065,305.95001220703125,191.50999450683597,148.5399932861328,58.0099983215332,172.97000122070312,132.36000061035156,442.6199951171875,1541.8699951171875,-11967.009765625,0,-0.0509988315312304,-0.156899107676861,0.8584730196830536,-0.9142604332475732,-0.128069995783336,-0.0212839976989021,0.3837615507316608
1752141470.927017,217.08999633789065,305.95001220703125,191.50999450683597,148.5399932861328,58.0099983215332,172.97000122070312,132.36000061035156,442.6199951171875,1541.8699951171875,-11967.009765625,0,-0.0509988315312304,-0.156899107676861,0.8584730196830536,-0.9142604332475732,-0.128069995783336,-0.0212839976989021,0.3837615507316608
1752141470.9619534,217.08999633789065,305.95001220703125,191.50999450683597,148.5399932861328,58.0099983215332,172.97000122070312,132.36000061035156,442.6199951171875,1541.8699951171875,-11967.009765625,0,-0.0509988315312304,-0.156899107676861,0.8584730196830536,-0.9142604332475732,-0.128069995783336,-0.0212839976989021,0.3837615507316608
1752141471.0283394,217.08999633789065,305.95001220703125,191.50999450683597,148.5399932861328,58.0099983215332,172.97000122070312,132.36000061035156,442.6199951171875,1541.8699951171875,-11967.099609375,0,-0.0509988315312304,-0.156899107676861,0.8584730196830536,-0.9142604332475732,-0.128069995783336,-0.0212839976989021,0.3837615507316608
1752141471.243315,217.08999633789065,305.95001220703125,191.50999450683597,148.5399932861328,58.0099983215332,172.97000122070312,132.36000061035156,442.6199951171875,1541.8699951171875,-11967.099609375,0,-0.0509988315312304,-0.156899107676861,0.8584730196830536,-0.9142604332475732,-0.128069995783336,-0.0212839976989021,0.3837615507316608
1752141471.3286831,217.08999633789065,305.95001220703125,191.50999450683597,148.5399932861328,58.0099983215332,172.97000122070312,132.36000061035156,442.6199951171875,1541.8699951171875,-11967.009765625,0,-0.0509988315312304,-0.156899107676861,0.8584730196830536,-0.9142604332475732,-0.128069995783336,-0.0212839976989021,0.3837615507316608
1752141471.36107,217.08999633789065,305.95001220703125,191.50999450683597,148.5399932861328,58.0099983215332,172.97000122070312,132.36000061035156,442.6199951171875,1541.8699951171875,-11967.009765625,0,-0.0509988315312304,-0.156899107676861,0.8584730196830536,-0.9142604332475732,-0.128069995783336,-0.0212839976989021,0.3837615507316608
1752141471.394779,217.08999633789065,305.95001220703125,191.50999450683597,148.5399932861328,58.0099983215332,172.97000122070312,132.36000061035156,442.6199951171875,1541.8699951171875,-11967.099609375,0,-0.0509988315312304,-0.156899107676861,0.8584730196830536,-0.9142604332475732,-0.128069995783336,-0.0212839976989021,0.3837615507316608
1752141471.429415,217.08999633789065,305.95001220703125,191.50999450683597,148.5399932861328,58.0099983215332,172.97000122070312,132.36000061035156,442.6199951171875,1541.8699951171875,-11967.099609375,0,-0.0509988315312304,-0.156899107676861,0.8584730196830536,-0.9142604332475732,-0.128069995783336,-0.0212839976989021,0.3837615507316608
1752141471.73973,217.08999633789065,305.95001220703125,191.50999450683597,148.5399932861328,58.0099983215332,172.97000122070312,132.36000061035156,442.6199951171875,1541.8699951171875,-11967.009765625,0,-0.0509988315312304,-0.156899107676861,0.8584730196830536,-0.9142604332475732,-0.128069995783336,-0.0212839976989021,0.3837615507316608
1752141471.8400316,217.08999633789065,305.95001220703125,191.50999450683597,148.5399932861328,58.0099983215332,172.97000122070312,132.36000061035156,442.6199951171875,1541.8699951171875,-11967.009765625,0,-0.0509988315312304,-0.156899107676861,0.8584730196830536,-0.9142604332475732,-0.128069995783336,-0.0212839976989021,0.3837615507316608
1752141472.113587,217.08999633789065,305.95001220703125,191.50999450683597,148.5399932861328,58.0099983215332,172.97000122070312,132.36000061035156,442.6199951171875,1541.949951171875,-11967.099609375,0,-0.0509988315312304,-0.156899107676861,0.8584730196830536,-0.9142604332475732,-0.128069995783336,-0.0212839976989021,0.3837615507316608
1752141472.163748,217.08999633789065,305.95001220703125,191.50999450683597,148.5399932861328,58.0099983215332,172.97000122070312,132.36000061035156,442.6199951171875,1541.949951171875,-11967.099609375,0,-0.0509988315312304,-0.156899107676861,0.8584730196830536,-0.9142604332475732,-0.128069995783336,-0.0212839976989021,0.3837615507316608
1752141472.2320323,217.08999633789065,305.95001220703125,191.50999450683597,148.5399932861328,58.0099983215332,172.97000122070312,132.36000061035156,442.6199951171875,1541.949951171875,-11967.009765625,0,-0.0509988315312304,-0.156899107676861,0.8584730196830536,-0.9142604332475732,-0.128069995783336,-0.0212839976989021,0.3837615507316608
1752141472.468661,217.08999633789065,305.95001220703125,191.50999450683597,148.5399932861328,58.0099983215332,172.97000122070312,132.36000061035156,442.6199951171875,1541.949951171875,-11967.009765625,0,-0.0509988315312304,-0.156899107676861,0.8584730196830536,-0.9142604332475732,-0.128069995783336,-0.0212839976989021,0.3837615507316608
1752141472.5951848,217.08999633789065,305.95001220703125,191.50999450683597,148.5399932861328,58.0099983215332,172.97000122070312,132.36000061035156,442.6199951171875,1541.8699951171875,-11967.009765625,0,-0.0509988315312304,-0.156899107676861,0.8584730196830536,-0.9142604332475732,-0.128069995783336,-0.0212839976989021,0.3837615507316608
1752141472.6662755,217.08999633789065,305.95001220703125,191.50999450683597,148.5399932861328,58.0099983215332,172.97000122070312,132.36000061035156,442.6199951171875,1541.8699951171875,-11967.009765625,0,-0.0509988315312304,-0.156899107676861,0.8584730196830536,-0.9142604332475732,-0.128069995783336,-0.0212839976989021,0.3837615507316608
1752141472.6996765,217.08999633789065,305.95001220703125,191.50999450683597,148.5399932861328,58.0099983215332,172.97000122070312,132.36000061035156,442.6199951171875,1541.8699951171875,-11967.099609375,0,-0.0509988315312304,-0.156899107676861,0.8584730196830536,-0.9142604332475732,-0.128069995783336,-0.0212839976989021,0.3837615507316608
1752141472.7362728,217.08999633789065,305.95001220703125,191.50999450683597,148.5399932861328,58.0099983215332,172.97000122070312,132.36000061035156,442.6199951171875,1541.8699951171875,-11967.099609375,0,-0.0509988315312304,-0.156899107676861,0.8584730196830536,-0.9142604332475732,-0.128069995783336,-0.0212839976989021,0.3837615507316608
1752141473.023249,217.08999633789065,305.95001220703125,191.50999450683597,148.5399932861328,58.0099983215332,172.97000122070312,132.36000061035156,442.6199951171875,1541.8699951171875,-11967.009765625,0,-0.0509988315312304,-0.156899107676861,0.8584730196830536,-0.9142604332475732,-0.128069995783336,-0.0212839976989021,0.3837615507316608
1752141473.043615,217.08999633789065,305.95001220703125,191.50999450683597,148.5399932861328,58.0099983215332,172.97000122070312,132.36000061035156,442.6199951171875,1541.8699951171875,-11967.009765625,0,-0.0509988315312304,-0.156899107676861,0.8584730196830536,-0.9142604332475732,-0.128069995783336,-0.0212839976989021,0.3837615507316608
1752141473.282491,217.08999633789065,305.95001220703125,191.50999450683597,148.5399932861328,58.0099983215332,172.97000122070312,132.36000061035156,442.6199951171875,1541.8699951171875,-11967.009765625,0,-0.0509988315312304,-0.156899107676861,0.8584730196830536,-0.9142604332475732,-0.128069995783336,-0.0212839976989021,0.3837615507316608
1752141473.3678625,217.08999633789065,305.95001220703125,191.50999450683597,148.5399932861328,58.0099983215332,172.97000122070312,132.36000061035156,442.6199951171875,1541.8699951171875,-11967.009765625,0,-0.0509988315312304,-0.156899107676861,0.8584730196830536,-0.9142604332475732,-0.128069995783336,-0.0212839976989021,0.3837615507316608
1752141473.5799482,217.08999633789065,305.95001220703125,191.50999450683597,148.5399932861328,58.0099983215332,172.97000122070312,132.36000061035156,442.6199951171875,1541.8699951171875,-11959.8896484375,0,-0.0509988315312304,-0.156899107676861,0.8584730196830536,-0.9142604332475732,-0.128069995783336,-0.0212839976989021,0.3837615507316608
1752141473.663991,217.08999633789065,305.95001220703125,191.50999450683597,148.5399932861328,58.0099983215332,172.97000122070312,132.36000061035156,442.6199951171875,1541.8699951171875,-11959.8896484375,0,-0.0509988315312304,-0.156899107676861,0.8584730196830536,-0.9142604332475732,-0.128069995783336,-0.0212839976989021,0.3837615507316608
1752141473.7314734,217.08999633789065,305.95001220703125,191.50999450683597,148.5399932861328,58.0099983215332,172.97000122070312,132.36000061035156,442.6199951171875,1541.8699951171875,-11923.6796875,0,-0.0509988315312304,-0.156899107676861,0.8584730196830536,-0.9142604332475732,-0.128069995783336,-0.0212839976989021,0.3837615507316608
1752141473.9081695,217.08999633789065,305.95001220703125,191.50999450683597,148.5399932861328,58.0099983215332,172.97000122070312,132.36000061035156,442.6199951171875,1541.8699951171875,-11843.08984375,0,-0.0554618236139773,-0.1683449877580491,0.921026210533271,-0.9342880032156884,-0.1337702411420019,-0.0172484829731985,0.3300211197289896
1752141473.9301283,217.08999633789065,305.95001220703125,191.50999450683597,148.5399932861328,58.0099983215332,172.97000122070312,132.36000061035156,442.6199951171875,1541.8699951171875,-11843.08984375,0,-0.0554618236139773,-0.1683449877580491,0.921026210533271,-0.9342880032156884,-0.1337702411420019,-0.0172484829731985,0.3300211197289896
1752141473.9972572,217.08999633789065,305.95001220703125,191.50999450683597,148.5399932861328,58.0099983215332,172.97000122070312,132.36000061035156,442.6199951171875,1541.8699951171875,-11803.7998046875,0,-0.0547142979023489,-0.1664251891549294,0.9084944341024148,-0.9432795946152484,-0.143833672869115,0.0224440519465115,0.2983818785779317
1752141474.130092,217.08999633789065,305.95001220703125,191.50999450683597,148.5399932861328,58.0099983215332,172.97000122070312,132.36000061035156,442.6199951171875,1541.8699951171875,-11763.7197265625,0,-0.0547142979023489,-0.1664251891549294,0.9084944341024148,-0.9432795946152484,-0.143833672869115,0.0224440519465115,0.2983818785779317
1752141474.3241084,217.08999633789065,305.95001220703125,191.50999450683597,148.5399932861328,58.0099983215332,172.97000122070312,132.36000061035156,442.6199951171875,1541.8699951171875,-11692.8798828125,0,-0.0547098192200202,-0.1649400495721953,0.9084190200412284,-0.943568431953655,-0.1438187548815349,0.0227863978300186,0.2974484157610825
1752141474.674803,217.08999633789065,305.95001220703125,191.50999450683597,148.5399932861328,58.0099983215332,172.97000122070312,132.36000061035156,442.6199951171875,1541.8699951171875,-11619.669921875,0,-0.055456385080331,-0.163853265090179,0.9209338534922946,-0.9352834394849964,-0.1338050710929292,-0.0164558448133902,0.3272159775231166
1752141474.7326906,217.08999633789065,305.95001220703125,191.50999450683597,148.5399932861328,58.0099983215332,172.97000122070312,132.36000061035156,442.6199951171875,1541.8699951171875,-11619.669921875,0,-0.055456385080331,-0.163853265090179,0.9209338534922946,-0.9352834394849964,-0.1338050710929292,-0.0164558448133902,0.3272159775231166
1752141475.0384867,217.08999633789065,305.95001220703125,191.50999450683597,148.5399932861328,58.0099983215332,172.97000122070312,132.36000061035156,442.6199951171875,1541.8699951171875,-11619.669921875,0,-0.055456385080331,-0.163853265090179,0.9209338534922946,-0.9352834394849964,-0.1338050710929292,-0.0164558448133902,0.3272159775231166
1752141475.0684607,217.08999633789065,305.95001220703125,191.50999450683597,148.5399932861328,58.0099983215332,172.97000122070312,132.36000061035156,442.6199951171875,1541.8699951171875,-11619.669921875,0,-0.055456385080331,-0.163853265090179,0.9209338534922946,-0.9352834394849964,-0.1338050710929292,-0.0164558448133902,0.3272159775231166
1752141475.1322372,217.08999633789065,305.95001220703125,191.50999450683597,148.5399932861328,58.0099983215332,172.97000122070312,132.36000061035156,442.6199951171875,1541.8699951171875,-11619.669921875,0,-0.055456385080331,-0.163853265090179,0.9209338534922946,-0.9352834394849964,-0.1338050710929292,-0.0164558448133902,0.3272159775231166
1752141475.266623,217.08999633789065,305.95001220703125,191.50999450683597,148.5399932861328,58.0099983215332,172.97000122070312,132.36000061035156,442.6199951171875,1541.8699951171875,-11619.669921875,0,-0.055456385080331,-0.163853265090179,0.9209338534922946,-0.9352834394849964,-0.1338050710929292,-0.0164558448133902,0.3272159775231166
1752141475.30962,217.08999633789065,305.95001220703125,191.50999450683597,148.5399932861328,58.0099983215332,172.97000122070312,132.36000061035156,442.6199951171875,1541.8699951171875,-11619.669921875,0,-0.055456385080331,-0.163853265090179,0.9209338534922946,-0.9352834394849964,-0.1338050710929292,-0.0164558448133902,0.3272159775231166
1752141475.472244,217.08999633789065,305.95001220703125,191.50999450683597,148.5399932861328,58.0099983215332,172.97000122070312,132.36000061035156,442.6199951171875,1541.8699951171875,-11619.669921875,0,-0.055456385080331,-0.163853265090179,0.9209338534922946,-0.9352834394849964,-0.1338050710929292,-0.0164558448133902,0.3272159775231166
1752141475.909205,217.08999633789065,305.95001220703125,191.50999450683597,148.5399932861328,58.0099983215332,172.97000122070312,132.36000061035156,442.6199951171875,1541.8699951171875,-11505.23046875,0,-0.0528026020441811,-0.1516138705038855,0.8714712150773675,0.966005177739573,0.1338950819658784,0.0960833086653088,0.1991835871793002
1752141476.1851664,217.08999633789065,305.95001220703125,191.50999450683597,148.5399932861328,58.0099983215332,172.97000122070312,132.36000061035156,442.6199951171875,1541.949951171875,-11385.7001953125,0,-0.0584288073138014,-0.1571166160389061,0.9207233618073876,-0.9631963026895098,-0.1301895703874293,-0.0048003001112979,0.2351180881311267
1752141476.5770693,217.08999633789065,305.95001220703125,191.50999450683597,148.5399932861328,58.0099983215332,172.97000122070312,132.36000061035156,442.6199951171875,1541.8699951171875,-11273.4697265625,0,-0.060849608734827,-0.149059598641443,0.8856389256290302,0.9721614507388892,0.1214959879095681,0.0349800810893932,0.1972745106345871
1752141476.9399793,217.08999633789065,305.95001220703125,191.50999450683597,148.5399932861328,58.0099983215332,172.97000122070312,132.36000061035156,442.6199951171875,1541.8699951171875,-11272.9404296875,0,-0.0584486599825395,-0.1564165896176949,0.921059480607708,-0.9370160082352263,-0.1342041817923434,-0.0170862261497809,0.3220222023033947
1752141477.2735672,217.08999633789065,305.95001220703125,191.50999450683597,148.5399932861328,58.0099983215332,172.97000122070312,132.36000061035156,442.6199951171875,1541.8699951171875,-11272.9404296875,0,-0.0576416453926693,-0.1546082301825707,0.9082274178846452,-0.9457580919405398,-0.1440030576974521,0.0232499469135442,0.2902829496737471
1752141477.4771726,217.08999633789065,305.95001220703125,191.50999450683597,148.5399932861328,58.0099983215332,172.97000122070312,132.36000061035156,442.6199951171875,1541.8699951171875,-11251.759765625,0,-0.0620859672011562,-0.1532110269517486,0.9086645611631988,-0.9463461348972828,-0.144441161889895,0.0207430555157583,0.2883322204762093
1752141477.67015,217.08999633789065,305.95001220703125,191.50999450683597,148.5399932861328,58.0099983215332,172.97000122070312,132.36000061035156,442.6199951171875,1541.8699951171875,-11215.6298828125,0,-0.05847718681299,-0.1460343898110639,0.871870331255834,0.965341877943707,0.1332979534314318,0.0988081483978812,0.2014538758855022
1752141477.909782,217.08999633789065,305.95001220703125,191.50999450683597,148.5399932861328,58.0099983215332,172.97000122070312,132.36000061035156,442.6199951171875,1541.8699951171875,-11090.919921875,0,-0.0584506327959951,-0.1579138481670779,0.921091224466862,-0.9366934401209884,-0.1341947904999413,-0.0173525075643009,0.3229489865570346
1752141478.21225,217.08999633789065,305.95001220703125,191.50999450683597,148.5399932861328,58.0099983215332,172.97000122070312,132.36000061035156,442.6199951171875,1541.8699951171875,-10977.7998046875,0,-0.0554328601665826,-0.1600630043918111,0.9205167259192584,-0.9625135210448724,-0.1299892069643893,-0.0034533877011954,0.2380306744769594
1752141478.448043,217.08999633789065,305.95001220703125,191.50999450683597,148.5399932861328,58.0099983215332,172.97000122070312,132.36000061035156,442.6199951171875,1541.8699951171875,-10927.5302734375,0,-0.0542206993675294,-0.1502193004873058,0.8715699224012832,0.9658418234817004,0.133745774917055,0.0967585011478053,0.1997484221740202
1752141478.7402134,217.08999633789065,305.95001220703125,191.50999450683597,148.5399932861328,58.0099983215332,172.97000122070312,132.36000061035156,442.6199951171875,1541.8699951171875,-10925.0703125,0,-0.0599349138780077,-0.1586462433582631,0.920946027157066,-0.9630230670386702,-0.1302792142191667,-0.0062847736857376,0.2357422327746738
1752141478.9420447,217.08999633789065,305.95001220703125,191.50999450683597,148.5399932861328,58.0099983215332,172.97000122070312,132.36000061035156,442.6199951171875,1541.8699951171875,-10925.0703125,0,-0.053787926052894,-0.1485763122278405,0.858588149777999,-0.916542792219207,-0.1285927873069868,-0.0218572548465906,0.3780680699215565
1752141479.6041431,217.08999633789065,305.95001220703125,191.50999450683597,148.5399932861328,58.0099983215332,172.97000122070312,132.36000061035156,442.6199951171875,1541.8699951171875,-10925.0703125,0,-0.056381029880516,-0.1499898550250447,0.8723149990143676,0.9690452853772734,0.1024737114076033,0.1366648456935282,0.1782500864235253
1752141479.869123,217.08999633789065,305.95001220703125,191.50999450683597,148.5399932861328,58.0099983215332,172.97000122070312,132.36000061035156,442.6199951171875,1541.8699951171875,-10925.0703125,0,-0.0560997443326773,-0.1511013114301438,0.8787774029456642,0.9760431727482802,0.1276058465783876,0.0694735417313085,0.1619564751709298
1752141479.9344394,217.08999633789065,305.95001220703125,191.50999450683597,148.5399932861328,58.0099983215332,172.97000122070312,132.36000061035156,442.6199951171875,1541.8699951171875,-10925.0703125,0,-0.0584526083896747,-0.1594112105859382,0.921123014377935,-0.936369192835861,-0.134184745447156,-0.0176198096902646,0.323877648354559
1752141480.0690925,217.08999633789065,305.95001220703125,191.50999450683597,148.5399932861328,58.0099983215332,172.97000122070312,132.36000061035156,442.6199951171875,1541.8699951171875,-10925.0703125,0,-0.0569341533389662,-0.1600910185976637,0.9206775142047134,-0.962597706085308,-0.1300844401073974,-0.0045351608015172,0.2376197108780169
1752141480.1426516,217.08999633789065,305.95001220703125,191.50999450683597,148.5399932861328,58.0099983215332,172.97000122070312,132.36000061035156,442.6199951171875,1541.8699951171875,-10925.0703125,0,-0.0528026020441811,-0.1516138705038855,0.8714712150773675,0.966005177739573,0.1338950819658784,0.0960833086653088,0.1991835871793002
1752141480.3785217,217.08999633789065,305.95001220703125,191.50999450683597,148.5399932861328,58.0099983215332,172.97000122070312,132.36000061035156,442.6199951171875,1541.8699951171875,-10925.0703125,0,-0.0523893398563365,-0.1485548406796072,0.8584641671337491,-0.9165036795613368,-0.1283725456224426,-0.0209294384869635,0.3782901710136875
1752141480.4412403,217.08999633789065,305.95001220703125,191.50999450683597,148.5399932861328,58.0099983215332,172.97000122070312,132.36000061035156,442.6199951171875,1541.8699951171875,-10925.0703125,0,-0.0569514728158632,-0.1593866085090169,0.9209810045049882,-0.936317552459012,-0.134010537436457,-0.0166429472656496,0.3241506272082013
1752141481.320245,217.08999633789065,305.95001220703125,191.50999450683597,148.5399932861328,58.0099983215332,172.97000122070312,132.36000061035156,442.6199951171875,1541.8699951171875,-10925.0703125,0,-0.0514435314526854,-0.1465276405669904,0.8428117410609244,-0.9111690046099942,-0.1496402792521294,0.031692179977783,0.3825891237236534
1752141481.650024,217.08999633789065,305.95001220703125,191.50999450683597,148.5399932861328,58.0099983215332,172.97000122070312,132.36000061035156,447.1900024414063,1541.8699951171875,-10925.0703125,0,-0.0559515798377268,-0.1551720204492695,0.8877910338491292,0.9699577653188904,0.0980554655734964,0.0957555269502134,0.2009923835055351
1752141481.847445,217.08999633789065,305.95001220703125,191.50999450683597,148.5399932861328,58.0099983215332,172.97000122070312,132.36000061035156,460.2000122070313,1541.949951171875,-10925.0703125,0,-0.0564319146966428,-0.1628518854940368,0.8730976553751745,0.9702852139562084,0.1017913563562791,0.1355404475116754,0.1726670508158375
1752141481.9703605,217.08999633789065,305.95001220703125,191.50999450683597,148.5399932861328,58.0099983215332,172.97000122070312,132.36000061035156,473.5499877929688,1541.8699951171875,-10925.0703125,0,-0.0554743834666117,-0.1788287341030999,0.9212395477206292,-0.9319139063605032,-0.1336737172760537,-0.0191047229841716,0.3366048395391948
1752141482.2775226,217.08999633789065,305.95001220703125,191.50999450683597,148.5399932861328,58.0099983215332,172.97000122070312,132.36000061035156,487.1799926757813,1541.8699951171875,-10925.0703125,0,-0.0473557169119505,-0.1840886430171885,0.9085253761081612,-0.9391309435821996,-0.1432182705916214,0.0232992364809758,0.3114141026905428
1752141482.7751777,217.08999633789065,305.95001220703125,191.50999450683597,148.5399932861328,58.0099983215332,172.97000122070312,132.36000061035156,524.8800048828125,1541.8699951171875,-10925.0703125,0,-0.0543066841240982,-0.2041689029546154,0.9330122572926134,-0.9418460306050628,-0.1417799809496699,0.0624827707922849,0.2981952296558704
1752141482.9457834,217.08999633789065,305.95001220703125,191.50999450683597,148.5399932861328,58.0099983215332,172.97000122070312,132.36000061035156,524.8800048828125,1541.8699951171875,-10925.0703125,0,-0.0471995306369918,-0.1899031451979234,0.8722867257264809,0.9695842029136372,0.1333442987416083,0.0916691614083276,0.1836369687729829
1752141483.0428753,217.08999633789065,305.95001220703125,191.50999450683597,148.5399932861328,58.0099983215332,172.97000122070312,132.36000061035156,525.6699829101562,1541.8699951171875,-10925.0703125,0,-0.0449236531571333,-0.1916613141093577,0.8903826183815812,0.976033791716676,0.1207154226135334,0.151583518081801,0.0990366660199572
1752141483.1366758,217.08999633789065,305.95001220703125,191.50999450683597,148.5399932861328,58.0099983215332,172.97000122070312,132.36000061035156,525.6699829101562,1541.8699951171875,-10925.0703125,0,-0.0444792736865251,-0.1941782739687526,0.9106106658756734,0.9799538960298286,0.1191202429569844,0.1021793178585183,0.1227196658070609
1752141483.176407,217.08999633789065,305.95001220703125,191.50999450683597,148.5399932861328,58.0099983215332,172.97000122070312,132.36000061035156,525.6699829101562,1541.949951171875,-10925.0703125,0,-0.0455831400797273,-0.1996461873250746,0.9402083960219176,-0.9182498181242528,-0.143814482982784,0.0564865836043095,0.3646147718783272
1752141483.21249,217.08999633789065,305.95001220703125,191.50999450683597,148.5399932861328,58.0099983215332,172.97000122070312,132.36000061035156,525.6699829101562,1541.949951171875,-10925.0703125,0,-0.0444157896943011,-0.1929362968514317,0.9086136402298504,-0.93701530676899,-0.1429608159596321,0.0232892574798744,0.3178397874193976
1752141483.651952,217.08999633789065,305.95001220703125,191.50999450683597,148.5399932861328,58.0099983215332,172.97000122070312,132.36000061035156,525.6699829101562,1541.8699951171875,-10925.0703125,0,-0.0527422864830286,-0.1929043106982446,0.8999017896199822,-0.919502084593845,-0.1574568016070637,0.0432596267701619,0.3575638079377634
1752141484.3177233,217.08999633789065,305.95001220703125,191.50999450683597,148.5399932861328,58.0099983215332,172.97000122070312,132.36000061035156,556.52001953125,1541.8699951171875,-10925.0703125,0,-0.0368174934280123,-0.213592232435956,0.8610107694941219,0.9718236651763142,0.1366622131795129,0.1203797378153653,0.1496359649805371
1752141484.405368,217.08999633789065,305.95001220703125,191.50999450683597,148.5399932861328,58.0099983215332,172.97000122070312,132.36000061035156,569.969970703125,1541.8699951171875,-10925.0703125,0,-0.0354186218699205,-0.2149634847348261,0.860917026711891,0.9719557547617388,0.1367661272961,0.1197230462098001,0.1492093476167361
1752141484.438624,217.08999633789065,305.95001220703125,191.50999450683597,148.5399932861328,58.0099983215332,172.97000122070312,132.36000061035156,569.969970703125,1541.8699951171875,-10925.0703125,0,-0.0358956702573755,-0.2200532008123066,0.881325224978223,0.9697282289465426,0.1263032787489864,0.1598336274504348,0.1346397240694336
1752141484.509024,217.08999633789065,305.95001220703125,191.50999450683597,148.5399932861328,58.0099983215332,172.97000122070312,132.36000061035156,569.969970703125,1541.8699951171875,-10925.0703125,0,-0.03432600648524,-0.2117914867003153,0.8499714881832766,-0.8941790720269047,-0.1789490585340689,0.0576786836668703,0.4063178448571155
1752141484.984685,217.08999633789065,305.95001220703125,191.50999450683597,148.5399932861328,58.0099983215332,172.97000122070312,132.36000061035156,605.9199829101562,1541.8699951171875,-10925.0703125,0,-0.0368511107953228,-0.2263479110711289,0.8617884660529094,0.9727562298688291,0.1360925020663537,0.1191819573356472,0.14498209951006
1752141485.2130232,217.08999633789065,305.95001220703125,191.50999450683597,148.5399932861328,58.0099983215332,172.97000122070312,132.36000061035156,606.0900268554688,1541.949951171875,-10925.0703125,0,-0.0297406612969322,-0.2232919013609761,0.8580898089462753,0.9724659964466144,0.1367039010439296,0.1191574499568572,0.1463674530564901
1752141486.115872,217.08999633789065,305.95001220703125,191.50999450683597,148.5399932861328,58.0099983215332,172.97000122070312,132.36000061035156,606.0900268554688,1541.8699951171875,-10925.0703125,0,-0.0312050960520693,-0.218940659090527,0.8600738012827827,0.9629912682269676,0.1405986517472543,0.1058436198489423,0.2041493683133583
1752141486.5852797,217.08999633789065,305.95001220703125,191.50999450683597,148.5399932861328,58.0099983215332,172.97000122070312,132.36000061035156,606.0900268554688,1541.8699951171875,-10925.0703125,0,-0.0349456757982018,-0.220039901119504,0.8495445741176306,0.962984528614422,0.1421204941457501,0.1396937748835047,0.1815164236421156
1752141487.0513954,217.08999633789065,305.95001220703125,191.50999450683597,148.5399932861328,58.0099983215332,172.97000122070312,132.36000061035156,606.0900268554688,1541.8699951171875,-10925.0703125,0,-0.0359150935541818,-0.2247364476764917,0.8804271274342913,-0.9133267740262924,-0.1661382629306516,0.0809708906663582,0.3628718731202627
1752141487.0747871,217.08999633789065,305.95001220703125,191.50999450683597,148.5399932861328,58.0099983215332,172.97000122070312,132.36000061035156,606.0900268554688,1541.8699951171875,-10925.0703125,0,-0.0337237792935252,-0.2163666228704514,0.843667352553633,-0.8904562529493557,-0.1473725075878955,0.0303192088958063,0.4294761357311733
1752141487.1069884,217.08999633789065,305.95001220703125,191.50999450683597,148.5399932861328,58.0099983215332,172.97000122070312,132.36000061035156,606.0900268554688,1541.8699951171875,-10925.0703125,0,-0.0335580231617011,-0.2185912870636352,0.8492623295270152,0.9628913131912598,0.1424030414672953,0.139245205748392,0.1821330981391447
1752141487.934698,217.08999633789065,305.95001220703125,191.50999450683597,148.5399932861328,58.0099983215332,172.97000122070312,132.36000061035156,650.2999877929688,1541.949951171875,-10925.0703125,0,-0.0171738568752865,-0.2549548967167758,0.8704130025419158,-0.883925433001315,-0.1761849625475826,0.0996922582758536,0.4215402015293502
1752141489.3520114,217.08999633789065,305.95001220703125,191.50999450683597,148.5399932861328,58.0099983215332,172.97000122070312,135.35000610351562,684.489990234375,1541.8699951171875,-10925.0703125,0,-0.011281769138424,-0.249101422975964,0.830606134548015,0.9645364281894542,0.144305370472568,0.1603878357816669,0.1520565055549351
1752141489.7934194,217.08999633789065,305.95001220703125,191.50999450683597,148.5399932861328,58.0099983215332,172.97000122070312,162.69000244140625,683.9600219726562,1541.949951171875,-10925.0703125,0,-0.0142924210153481,-0.2543179801518536,0.849132097802294,0.9665110325396926,0.1430573215378292,0.1291835733546263,0.1694185087551219
1752141489.911112,217.08999633789065,305.95001220703125,191.50999450683597,148.5399932861328,58.0099983215332,172.97000122070312,162.69000244140625,683.9600219726562,1541.949951171875,-10925.0703125,0,-0.0170513317732507,-0.2544266516669784,0.8494953108022455,0.9664570706621836,0.1426661178537676,0.1301873417602898,0.1692878183124686
1752141489.9433942,217.08999633789065,305.95001220703125,191.50999450683597,148.5399932861328,58.0099983215332,172.97000122070312,162.69000244140625,683.9600219726562,1541.949951171875,-10925.0703125,0,-0.0171837210433891,-0.2607489048244001,0.870930095467412,-0.8824243303907483,-0.1763138206886766,0.0982937867462226,0.4249459603945998
1752141491.8525894,217.08999633789065,305.95001220703125,191.50999450683597,148.5399932861328,58.0099983215332,172.97000122070312,257.1700134277344,683.4400024414062,1541.8699951171875,-10925.0703125,0,-0.0140682261021152,-0.2473557501860099,0.8360501098164348,0.957211560425841,0.1499257056255616,0.1447183734261725,0.2008106166831996
1752141492.2629125,217.08999633789065,305.95001220703125,191.50999450683597,148.5399932861328,58.0099983215332,173.05999755859375,284.1499938964844,683.4400024414062,1541.8699951171875,-10925.0703125,0,-0.015428004625487,-0.2487929038132947,0.8363292432357747,0.9573122173448618,0.1496059330016131,0.1451652687164239,0.2002459190382406
1752141492.6662536,217.08999633789065,305.95001220703125,191.50999450683597,148.5399932861328,58.0099983215332,172.97000122070312,309.4599914550781,683.4400024414062,1541.8699951171875,-10925.0703125,0,-0.0113567833617346,-0.2500140643773899,0.8358824288281823,0.9575597255637464,0.1501820715522304,0.143501905157581,0.1998297289662081
1752141493.0528984,217.08999633789065,305.95001220703125,191.50999450683597,148.5399932861328,58.0099983215332,173.05999755859375,310.42999267578125,683.4400024414062,1541.8699951171875,-10925.0703125,0,-0.0151500683924905,-0.2440801641175086,0.8216188540478909,0.9554917283938668,0.1506536936029762,0.1745705818834197,0.1840221006171978
1752141493.2546926,217.08999633789065,305.95001220703125,191.50999450683597,148.5399932861328,58.0099983215332,173.05999755859375,310.5199890136719,683.4400024414062,1541.8699951171875,-10925.0703125,0,-0.01397550329786,-0.2464499309892279,0.8307387651100729,0.9642067940667486,0.1441381300586947,0.1617076878678724,0.1529054656417894
1752141493.42364,217.08999633789065,305.95001220703125,191.50999450683597,148.5399932861328,58.0099983215332,173.05999755859375,314.9100036621094,683.1699829101562,1541.949951171875,-10925.0703125,0,-0.0127138542291544,-0.2500678246803232,0.8360623626433636,0.9575233400039744,0.1499580402861747,0.1440275844840094,0.1997941300660886
1752141493.6845748,217.08999633789065,305.95001220703125,191.50999450683597,148.5399932861328,58.0099983215332,173.05999755859375,327.739990234375,683.1699829101562,1541.8699951171875,-10925.0703125,0,-0.010004971549854,-0.2554917317993343,0.8360853484414471,0.9581359955925391,0.1500231140069427,0.1426544451236324,0.1977831855846761
1752141494.9258063,217.08999633789065,305.95001220703125,191.50999450683597,148.5399932861328,58.0099983215332,173.05999755859375,394.8900146484375,683.1699829101562,1541.8699951171875,-10925.0703125,0,-0.0018284006864031,-0.2579622364848161,0.8171112376422155,0.9578514250417152,0.1520863195584524,0.1656522170697657,0.178744907420019
1752141495.0861652,217.08999633789065,305.95001220703125,191.50999450683597,148.5399932861328,58.0099983215332,173.05999755859375,394.8900146484375,683.1699829101562,1541.949951171875,-10925.0703125,0,-0.0045850940774391,-0.2621868212647217,0.8358421003056326,0.9589307490790608,0.1504387789462609,0.1401910446874874,0.1953623895463521
1752141495.1469014,217.08999633789065,305.95001220703125,191.50999450683597,148.5399932861328,58.0099983215332,173.05999755859375,394.8900146484375,683.1699829101562,1541.949951171875,-10925.0703125,0,-0.0059406352112663,-0.2622427662429283,0.8360206315953773,0.9588982044436872,0.1502163303775632,0.1407008232153361,0.1953268183048553
1752141495.2127051,217.08999633789065,305.95001220703125,191.50999450683597,148.5399932861328,58.0099983215332,173.05999755859375,394.8900146484375,683.1699829101562,1541.949951171875,-10925.0703125,0,-0.00580330382245,-0.2567786711222001,0.817557383602356,0.9575742987007472,0.1515721168563678,0.1673399777157383,0.1790940750486969
1752141495.893814,217.08999633789065,305.95001220703125,191.50999450683597,148.5399932861328,58.0099983215332,173.05999755859375,394.8900146484375,683.1699829101562,1541.8699951171875,-10925.0703125,0,-0.0018759885777132,-0.2634587718604222,0.8355820180459275,0.9591244081799536,0.1507887870109747,0.1390955921733978,0.1949244150514359
1752141495.9792202,217.08999633789065,305.95001220703125,191.50999450683597,148.5399932861328,58.0099983215332,173.05999755859375,394.9800109863281,683.1699829101562,1541.8699951171875,-10925.0703125,0,-0.0032305210655823,-0.2635142632542179,0.835758191455148,0.9590926264834614,0.1505662337385591,0.1396024664574158,0.1948904678065284
1752141496.2551112,217.08999633789065,305.95001220703125,191.50999450683597,148.5399932861328,58.0099983215332,173.05999755859375,394.9800109863281,683.1699829101562,1541.949951171875,-10925.0703125,0,-0.0065668724240553,-0.2611722390898071,0.8294064016380299,0.9627897817935802,0.1760615170366165,0.1264992318326966,0.1613571276342417
1752141496.478408,217.08999633789065,305.95001220703125,191.50999450683597,148.5399932861328,58.0099983215332,173.05999755859375,394.9800109863281,683.1699829101562,1541.949951171875,-10925.0703125,0,-0.0050503908023934,-0.2660946952737932,0.8475319681246477,-0.8745495715568787,-0.2061820420190213,0.0852702833158198,0.4305589288608312
1752141496.701013,217.08999633789065,305.95001220703125,191.50999450683597,148.5399932861328,58.0099983215332,173.05999755859375,394.8900146484375,683.1699829101562,1541.8699951171875,-10925.0703125,0,-0.0023127173109326,-0.2675990724809848,0.8501280922900047,-0.8729750123863192,-0.2067587630184993,0.0959086035377951,0.4312388913718195
1752141496.779455,217.08999633789065,305.95001220703125,191.50999450683597,148.5399932861328,58.0099983215332,173.05999755859375,394.8900146484375,683.1699829101562,1541.8699951171875,-10925.0703125,0,-0.001751639642144,-0.2892579683844015,0.9165320551424416,-0.8896079683166442,-0.1865153359771604,0.1348232906732266,0.3945026900350645
1752141496.9906025,217.08999633789065,305.95001220703125,191.50999450683597,148.5399932861328,58.0099983215332,173.05999755859375,394.9800109863281,683.1699829101562,1541.8699951171875,-10925.0703125,0,-0.003676877273073,-0.2674449002818996,0.8474605966048606,-0.8739492684138486,-0.2059805235132208,0.0858388447386722,0.431759647148791
1752141497.1888058,217.08999633789065,305.95001220703125,191.50999450683597,148.5399932861328,58.0099983215332,175.61000061035156,394.8900146484375,682.8200073242188,1541.8699951171875,-10925.0703125,0,-0.0059399412440088,-0.260859208867302,0.835926334141549,0.958767530516307,0.1503112126682252,0.1407823255174718,0.19583589710715
1752141507.126166,217.08999633789065,305.95001220703125,191.50999450683597,148.5399932861328,58.0099983215332,205.4900054931641,394.8900146484375,682.2100219726562,1541.949951171875,-10925.0703125,0,-0.0045255492418346,-0.2486205979567661,0.8256284268079955,0.9486042610410934,0.1580012482630827,0.1549362547635164,0.2262306752892798
1752141508.0625467,217.08999633789065,305.95001220703125,191.50999450683597,148.5399932861328,58.0099983215332,167.1699981689453,394.8900146484375,682.2100219726562,1541.949951171875,-10925.0703125,0,-0.003688490704046,-0.2605732155600239,0.849667697566645,-0.8750842851192565,-0.2068795313633019,0.0969037342297934,0.4266591376409768
1752141508.1291242,217.08999633789065,305.95001220703125,191.50999450683597,148.5399932861328,58.0099983215332,167.1699981689453,394.8900146484375,682.2100219726562,1541.949951171875,-10925.0703125,0,-0.0042897828684506,-0.259330351657411,0.845317371647407,0.959769020758224,0.1651860653561474,0.1685336682684958,0.1521623910988477
1752141509.1009684,217.08999633789065,305.95001220703125,222.6300048828125,148.5399932861328,58.0099983215332,166.99000549316406,394.8900146484375,682.1199951171875,1541.949951171875,-10925.0703125,0,-0.0056637252118084,-0.2636329996304559,0.8459436388675775,0.9600795113160748,0.164693934137403,0.1687012532111785,0.1505427752315248
1752141509.4699092,217.08999633789065,305.95001220703125,250.22000122070312,148.5399932861328,58.0099983215332,166.99000549316406,394.8900146484375,682.030029296875,1541.8699951171875,-10925.0703125,0,-0.0072933662556466,-0.2567651272122491,0.8358218270867208,0.958338244187774,0.1503742110402411,0.1415379294980321,0.197338341166966
1752141509.726722,217.08999633789065,305.95001220703125,263.94000244140625,148.5399932861328,58.0099983215332,166.99000549316406,394.8900146484375,682.030029296875,1541.949951171875,-10925.0703125,0,-0.0156279108080862,-0.2650166937989177,0.886076091608735,0.9600919249421632,0.1551314902684995,0.1687279488240364,0.1602766223550995
1752141510.7252204,217.08999633789065,305.95001220703125,280.2799987792969,148.5399932861328,58.0099983215332,166.99000549316406,394.8900146484375,682.030029296875,1541.8699951171875,-10925.0703125,0,-0.0192948195097997,-0.2533452623020635,0.8279601465934866,0.948576935986814,0.1549536272846795,0.160673138785894,0.2244444527669989
1752141510.760746,217.08999633789065,305.95001220703125,280.2799987792969,148.5399932861328,58.0099983215332,166.99000549316406,394.8900146484375,682.030029296875,1541.8699951171875,-10925.0703125,0,-0.0194073479612859,-0.2600212092265723,0.8475717602001162,0.9591966896638332,0.1632015501777111,0.1744770751604567,0.1512108289805621
1752141511.5290806,217.08999633789065,305.95001220703125,282.6600036621094,148.5399932861328,58.0099983215332,166.99000549316406,394.8900146484375,681.77001953125,1541.949951171875,-10925.0703125,0,-0.0267125513182119,-0.2598248224327689,0.8597102356092229,-0.8658617352130505,-0.1888967880970481,0.0993974259331944,0.4524617228653924
1752141511.595266,217.08999633789065,305.95001220703125,295.489990234375,148.5399932861328,58.0099983215332,166.99000549316406,394.8900146484375,681.8599853515625,1541.8699951171875,-10925.0703125,0,-0.0309095795433969,-0.258585750512031,0.8602205880542246,-0.8668882617222672,-0.1895724226560397,0.0970554390972324,0.4507186261938917
1752141511.898683,217.08999633789065,305.95001220703125,309.2900085449219,148.5399932861328,58.0099983215332,166.99000549316406,394.8900146484375,681.77001953125,1541.949951171875,-10925.0703125,0,-0.0415545260200132,-0.2470628012939032,0.8305209691614632,0.9490859711598568,0.119815713075602,0.1963040332571526,0.2152782868166492
1752141512.6283388,217.08999633789065,305.95001220703125,362.80999755859375,148.5399932861328,58.0099983215332,166.99000549316406,394.8900146484375,681.77001953125,1541.949951171875,-10925.0703125,0,-0.0768611706892813,-0.2632078906262053,0.8970359660455552,0.9502062196834732,0.0833474423975497,0.2364635696231024,0.1850576238951816
1752141516.1932526,217.08999633789065,305.95001220703125,454.6600036621094,148.6199951171875,58.0099983215332,166.99000549316406,394.8900146484375,681.5900268554688,1541.8699951171875,-10925.0703125,0,-0.114143371434481,-0.2336458590972057,0.8062967538635715,0.9184553916408617,0.0266157260813609,0.3138499638554587,0.2392268732373536
1752141554.2601292,482.5199890136719,664.719970703125,540.4400024414062,148.6199951171875,58.09999847412109,166.99000549316406,394.8900146484375,680.5399780273438,1541.949951171875,-10925.0703125,0,-0.156257897870154,-0.199827578453372,0.7913396374734974,0.8929164485062427,-0.000645888191698,0.3627814696252079,0.2666259629368765
1752141560.3387475,482.5199890136719,664.719970703125,540.4400024414062,187.72999572753903,58.18000030517578,166.99000549316406,394.8900146484375,680.5399780273438,1541.8699951171875,-10925.0703125,0,-0.1588709544422953,-0.1860907021435374,0.8407375741996225,0.901434516388826,-0.0249423473409325,0.3383903247472997,0.2688599637160304
1752141568.807104,482.4299926757813,664.719970703125,540.4400024414062,234.22999572753903,146.42999267578125,255.32000732421875,394.8900146484375,680.5399780273438,1622.550048828125,-10925.0703125,0,-0.135469786177274,-0.1662789145973515,0.8455573616720812,0.9126535876289232,-0.0142727823868563,0.2815391211938404,0.2959652680778485
1752141569.674754,482.4299926757813,664.719970703125,540.4400024414062,234.22999572753903,146.42999267578125,255.32000732421875,394.8900146484375,680.5399780273438,1622.550048828125,-10925.0703125,0,-0.1368576858815014,-0.1649308411809098,0.845668013809383,0.9122199391464983,-0.014379915576113,0.2823712844659775,0.2965037240248706
1752141571.208771,482.4299926757813,664.719970703125,540.4400024414062,234.22999572753903,146.42999267578125,255.32000732421875,394.8900146484375,680.5399780273438,1700.77001953125,-10925.0703125,0,-0.1154293690382175,-0.1782214441503988,0.8247831348257234,0.9223704873973184,0.0232480145120226,0.2922357275948214,0.2515760189620774
1752141573.6205063,482.4299926757813,664.719970703125,540.4400024414062,234.22999572753903,146.42999267578125,255.32000732421875,394.8900146484375,680.5399780273438,1739.0,-10925.0703125,0,-0.1039244971882643,-0.188311008563627,0.8236400488353288,0.9337910470020008,0.0529388720990153,0.2796946150019635,0.2168010117566205
1752141573.8408506,482.4299926757813,664.719970703125,540.4400024414062,234.22999572753903,146.42999267578125,255.32000732421875,394.8900146484375,680.5399780273438,1752.5400390625,-10925.0703125,0,-0.1012451178569188,-0.1909595621968967,0.8235550252330632,0.9345365758253809,0.053055575756981,0.278010436165066,0.215723646615241
1752141574.381746,482.4299926757813,664.719970703125,540.4400024414062,234.22999572753903,146.42999267578125,255.32000732421875,394.8900146484375,680.5399780273438,1778.199951171875,-10925.0703125,0,-0.0977735923249905,-0.1943481291388369,0.8280555476422037,0.9429922958405934,0.046202059409004,0.2727154301931597,0.1850869898891158
1752141574.9771082,482.4299926757813,664.719970703125,540.4400024414062,234.22999572753903,146.42999267578125,255.32000732421875,394.8900146484375,680.5399780273438,1778.3800048828125,-10925.0703125,0,-0.0958018402388261,-0.192409968251195,0.8169861531803354,0.9405510585863014,0.0805215097775569,0.2744314181914859,0.1832140534040461
1752141575.3141751,482.4299926757813,664.719970703125,540.4400024414062,234.22999572753903,146.42999267578125,255.32000732421875,394.8900146484375,680.5399780273438,1778.3800048828125,-10925.0703125,0,-0.0950714227065275,-0.1899643942943792,0.8052239282891237,0.9367771760940086,0.050289591369017,0.2983521139730875,0.1757995888421298
1752141575.9150922,482.4299926757813,664.719970703125,540.4400024414062,234.22999572753903,146.42999267578125,255.32000732421875,394.8900146484375,680.5399780273438,1789.8900146484375,-10925.0703125,0,-0.0917067937019718,-0.2013911520040192,0.8308643409865406,0.9416340924079428,0.0632602365648967,0.2972299047312043,0.1448370195022742
1752141576.6857538,482.4299926757813,664.719970703125,540.4400024414062,234.22999572753903,146.42999267578125,255.32000732421875,394.8900146484375,680.5399780273438,1845.43994140625,-10925.0703125,0,-0.0753180438600131,-0.2000279721514929,0.7896738287625946,0.9495981265608548,0.0941551243578569,0.2917900050494595,0.065244183974572
1752141576.717306,482.4299926757813,664.719970703125,540.4400024414062,234.22999572753903,146.42999267578125,255.32000732421875,394.8900146484375,680.5399780273438,1845.43994140625,-10925.0703125,0,-0.0754710184763937,-0.2024772949607686,0.7980330069002428,0.9490109970422664,0.0692487199389669,0.2889769200302082,0.1052382153474336
1752141576.8733058,482.4299926757813,664.719970703125,540.4400024414062,234.22999572753903,146.42999267578125,255.32000732421875,394.8900146484375,680.5399780273438,1855.4599609375,-10925.0703125,0,-0.0729992780690358,-0.1942989975602875,0.7719718071444461,0.9401255801650622,0.0715247250093399,0.3165877455900383,0.104020702621453
1752141577.350396,482.4299926757813,664.719970703125,540.4400024414062,234.22999572753903,146.42999267578125,255.32000732421875,394.8900146484375,680.5399780273438,1855.9000244140625,-10925.0703125,0,-0.0780024190325436,-0.2073681774977684,0.8212494497664093,0.9468514311841084,0.0901369542336718,0.2903404365263792,0.1051195874409452
1752141577.4058309,482.4299926757813,664.719970703125,540.4400024414062,234.22999572753903,146.42999267578125,255.32000732421875,394.8900146484375,680.5399780273438,1855.9000244140625,-10925.0703125,0,-0.0754472579971469,-0.2011215732960652,0.7977823674872017,0.948858742811302,0.0694062138426914,0.2891926841582209,0.1059124879319804
1752141577.439762,482.4299926757813,664.719970703125,540.4400024414062,234.22999572753903,146.42999267578125,255.32000732421875,394.8900146484375,680.5399780273438,1855.9000244140625,-10925.0703125,0,-0.0729992780690358,-0.1942989975602875,0.7719718071444461,0.9401255801650622,0.0715247250093399,0.3165877455900383,0.104020702621453
1752141577.50708,482.4299926757813,664.719970703125,540.4400024414062,234.22999572753903,146.42999267578125,255.32000732421875,394.8900146484375,680.5399780273438,1855.9000244140625,-10925.0703125,0,-0.0779773101906887,-0.2059718532490313,0.8209856834410323,0.946698137510186,0.0902923902785704,0.2905424319604764,0.1058065022719261
1752141577.5405638,482.4299926757813,664.719970703125,540.4400024414062,234.22999572753903,146.42999267578125,255.32000732421875,394.8900146484375,680.5399780273438,1855.9000244140625,-10925.0703125,0,-0.0777965433599626,-0.204616550376768,0.8155716340616755,0.95515802685738,0.1011660176917553,0.2571948618887952,0.1062515111060145
1752141577.6081877,482.4299926757813,664.719970703125,540.4400024414062,234.22999572753903,146.42999267578125,255.32000732421875,394.8900146484375,680.5399780273438,1855.9000244140625,-10925.0703125,0,-0.0752652784706765,-0.1973320531896732,0.789122150753559,0.9493291283595436,0.0944498828597601,0.2922446642022184,0.0666819459915465
1752141577.6748264,482.4299926757813,664.719970703125,540.4400024414062,234.22999572753903,146.42999267578125,255.32000732421875,394.8900146484375,680.5399780273438,1855.9000244140625,-10925.0703125,0,-0.0773110328481355,-0.2023620989169019,0.8104897139850639,0.949167302190111,0.1084915461095742,0.2586948567289818,0.1427865118905576
1752141577.705411,482.4299926757813,664.719970703125,540.4400024414062,234.22999572753903,146.42999267578125,255.32000732421875,394.8900146484375,680.5399780273438,1855.9000244140625,-10925.0703125,0,-0.0784699555438757,-0.2048567767581159,0.8191860692164871,0.9467719216341218,0.0902779612869841,0.2905060771524925,0.1052570056982818
1752141577.890742,482.4299926757813,664.719970703125,540.4400024414062,234.22999572753903,146.42999267578125,255.32000732421875,394.8900146484375,680.5399780273438,1855.9000244140625,-10925.0703125,0,-0.0752915632876889,-0.1986793098359425,0.7893969678268652,0.9494635669968836,0.0943021733652346,0.2920188237359282,0.0659624258804398
1752141578.2839208,482.4299926757813,664.719970703125,540.4400024414062,234.22999572753903,146.42999267578125,255.32000732421875,394.8900146484375,680.5399780273438,1855.9000244140625,-10925.0703125,0,-0.0752652784706765,-0.1973320531896732,0.789122150753559,0.9493291283595436,0.0944498828597601,0.2922446642022184,0.0666819459915465
1752141578.486449,482.4299926757813,664.719970703125,540.4400024414062,234.22999572753903,146.42999267578125,255.32000732421875,394.8900146484375,680.5399780273438,1856.949951171875,-10925.0703125,0,-0.0728831479367119,-0.1944029764150706,0.7674365546756626,0.9483402093196492,0.0814610766748999,0.2888764160568692,0.1027879205970656
1752141578.6110897,482.4299926757813,664.719970703125,540.4400024414062,234.22999572753903,146.42999267578125,255.32000732421875,394.8900146484375,680.5399780273438,1869.8699951171875,-10925.0703125,0,-0.0702176239373973,-0.203915083385843,0.7898665293675236,0.9508072240474762,0.0941613513745907,0.2881129813207745,0.0639544572402758
1752141578.9147267,482.4299926757813,664.719970703125,540.4400024414062,234.22999572753903,146.42999267578125,255.32000732421875,394.8900146484375,680.5399780273438,1883.5,-10925.0703125,0,-0.0627502988690127,-0.1975052846624945,0.7614653261602353,0.9425003714056648,0.0952449774708125,0.3135458733189291,0.065653861207386
1752141578.9747095,482.4299926757813,664.719970703125,540.4400024414062,234.22999572753903,146.42999267578125,255.32000732421875,394.8900146484375,680.5399780273438,1897.469970703125,-10925.0703125,0,-0.065564850546803,-0.2083705172853617,0.8033396587689302,0.957738671756543,0.1263866861182929,0.2509823062851193,0.0614078506858157
1752141579.646404,482.4299926757813,664.719970703125,540.4400024414062,234.22999572753903,146.42999267578125,255.32000732421875,394.8900146484375,680.5399780273438,1934.2099609375,-10925.0703125,0,-0.055566892989314,-0.205384123767522,0.7773042159701061,0.9613320509245038,0.1303711314168771,0.2423942696734302,0.0094379016658949
1752141579.7077384,482.4299926757813,664.719970703125,540.4400024414062,234.22999572753903,146.42999267578125,255.32000732421875,394.8900146484375,680.5399780273438,1934.2099609375,-10925.0703125,0,-0.0557616215321996,-0.2049666524291424,0.7757257987003849,0.9510621941425732,0.1175970038405589,0.2849524751193933,0.0213010441943524
1752141579.98237,482.4299926757813,664.719970703125,540.4400024414062,234.22999572753903,146.42999267578125,255.32000732421875,394.8900146484375,680.5399780273438,1934.3800048828125,-10925.0703125,0,-0.0535519156918084,-0.1971760982586316,0.7451070379767216,0.9409208624281006,0.116561495371517,0.3164788980987237,0.0303719525637217
1752141580.182004,482.4299926757813,664.719970703125,540.4400024414062,234.22999572753903,146.42999267578125,255.32000732421875,394.8900146484375,680.5399780273438,1934.3800048828125,-10925.0703125,0,-0.0545958061504021,-0.2056278392603737,0.7770094242530072,0.9509895318523628,0.1267667476616612,0.2760182654830383,0.0579915434718179
1752141580.3078902,482.4299926757813,664.719970703125,540.4400024414062,234.22999572753903,146.42999267578125,255.32000732421875,394.8900146484375,680.5399780273438,1934.3800048828125,-10925.0703125,0,-0.0557157021951452,-0.204492626344564,0.7750904117796161,0.9494399397221046,0.1258612681682624,0.2809880481089613,0.0613877744789556
1752141580.3795488,482.4299926757813,664.719970703125,540.4400024414062,234.22999572753903,146.42999267578125,255.32000732421875,394.8900146484375,680.5399780273438,1934.3800048828125,-10925.0703125,0,-0.0535311294249174,-0.1958935705343663,0.744818966477197,0.940810673628284,0.1167295037628531,0.3166724266801288,0.0311138798431009
1752141580.5088916,482.4299926757813,664.719970703125,540.4400024414062,234.22999572753903,146.42999267578125,255.32000732421875,394.8900146484375,680.5399780273438,1934.3800048828125,-10925.0703125,0,-0.0557616215321996,-0.2049666524291424,0.7757257987003849,0.9510621941425732,0.1175970038405589,0.2849524751193933,0.0213010441943524
1752141580.60871,482.4299926757813,664.719970703125,540.4400024414062,234.22999572753903,146.42999267578125,255.32000732421875,394.8900146484375,680.5399780273438,1934.3800048828125,-10925.0703125,0,-0.0555201239675887,-0.2047986852103292,0.7752456299545701,-0.9217941925242408,-0.1857369018662778,0.2156665176185855,0.2632208637094941
1752141580.7477136,482.4299926757813,664.719970703125,540.4400024414062,234.22999572753903,146.42999267578125,255.32000732421875,394.8900146484375,680.5399780273438,1934.3800048828125,-10925.0703125,0,-0.0524736763685653,-0.196518694722355,0.7426190652965694,0.949416040516702,0.1269132529973704,0.2862474507277477,0.0237614219919444
1752141581.397616,482.4299926757813,664.719970703125,540.4400024414062,234.22999572753903,146.42999267578125,255.32000732421875,394.8900146484375,705.9400024414062,1934.300048828125,-10925.0703125,0,-0.043368033409134,-0.2254447546143383,0.7902196656885887,0.9579734320017876,0.1574292268861526,0.2344312149416212,0.0504474732939138
1752141581.4761178,482.4299926757813,664.719970703125,540.4400024414062,234.22999572753903,146.42999267578125,255.32000732421875,394.8900146484375,705.9400024414062,1934.300048828125,-10925.0703125,0,-0.0390446408358658,-0.2113016191013996,0.7334076999807202,0.9409797571636418,0.1441264612517674,0.3056128185509293,0.0196332603673846
1752141581.5749686,482.4299926757813,664.719970703125,540.4400024414062,234.22999572753903,146.42999267578125,255.32000732421875,394.9800109863281,718.77001953125,1934.300048828125,-10925.0703125,0,-0.0391736125690281,-0.2192162712554619,0.7587657593341258,-0.94875466319103,-0.1363275644549628,-0.2838633418980973,0.0264761660649174
1752141581.712015,482.4299926757813,664.719970703125,540.4400024414062,234.22999572753903,146.42999267578125,255.32000732421875,394.9800109863281,718.77001953125,1934.300048828125,-10925.0703125,0,-0.036894603339949,-0.2221275748714794,0.7560607273063721,0.9568977925197636,0.1649105495067684,0.2342828334358932,0.0475676285873975
1752141582.0218115,482.4299926757813,664.719970703125,540.4400024414062,234.22999572753903,146.42999267578125,255.32000732421875,394.9800109863281,744.4299926757812,1934.300048828125,-10925.0703125,0,-0.0283525483660133,-0.2321872013643765,0.7569159235736823,0.9586973460835247,0.1648298706912339,0.2275223261371248,0.044318206749252
1752141582.1097453,482.4299926757813,664.719970703125,540.4400024414062,234.22999572753903,146.42999267578125,255.32000732421875,394.9800109863281,744.4299926757812,1934.300048828125,-10925.0703125,0,-0.0258807333996206,-0.2363617218623593,0.7655068644166114,0.9540432654116504,0.1458380125073262,0.2617314200163017,0.0054208492727813
1752141582.143339,482.4299926757813,664.719970703125,540.4400024414062,234.22999572753903,146.42999267578125,255.32000732421875,394.9800109863281,744.4299926757812,1934.300048828125,-10925.0703125,0,-0.0245979865443206,-0.2304763007346279,0.7455070678875106,-0.9474630286281774,-0.164022594048367,-0.2722872492389115,0.0356377878981439
1752141582.3196092,482.4299926757813,664.719970703125,540.4400024414062,234.22999572753903,146.42999267578125,255.32000732421875,394.9800109863281,757.7100219726562,1934.300048828125,-10925.0703125,0,-0.0236800938264361,-0.2275302408273473,0.7359479250233049,0.9451742011926404,0.1433722219484746,0.2931161561193607,0.0131550140715291
1752141582.5310843,482.4299926757813,664.719970703125,540.4400024414062,234.22999572753903,146.42999267578125,255.32000732421875,394.9800109863281,760.780029296875,1934.300048828125,-10925.0703125,0,-0.027916790929021,-0.2383537153843015,0.7761369200199714,-0.9249004446453036,-0.2285980628402452,0.1865080825574143,0.2398266630326241
1752141582.9854636,482.4299926757813,664.719970703125,540.4400024414062,234.22999572753903,146.42999267578125,255.32000732421875,394.8900146484375,760.780029296875,1934.300048828125,-10925.0703125,0,-0.0248658523020647,-0.2262787075960604,0.7357545742204898,0.9448623155880382,0.143427176280315,0.2940718255928806,0.0136239156756224
1752141583.0444276,482.4299926757813,664.719970703125,540.4400024414062,234.22999572753903,146.42999267578125,255.32000732421875,394.8900146484375,760.780029296875,1934.300048828125,-10925.0703125,0,-0.026656658083184,-0.2383299057174462,0.7760597138963751,-0.9246337418311004,-0.2285030162135165,0.1871992637890361,0.2404064281286716
1752141583.2911153,482.4299926757813,664.719970703125,540.4400024414062,234.22999572753903,146.42999267578125,255.32000732421875,394.8900146484375,760.780029296875,1934.300048828125,-10925.0703125,0,-0.0260619614493222,-0.2263136307684726,0.7358684853697186,0.9446491828874476,0.1433352174498577,0.2948103202309057,0.0134093920082372
1752141583.343779,482.4299926757813,664.719970703125,540.4400024414062,234.22999572753903,146.42999267578125,255.32000732421875,394.8900146484375,760.780029296875,1934.300048828125,-10925.0703125,0,-0.0260619614493222,-0.2263136307684726,0.7358684853697186,0.9446491828874476,0.1433352174498577,0.2948103202309057,0.0134093920082372
1752141583.4115283,482.4299926757813,664.719970703125,540.4400024414062,234.22999572753903,146.42999267578125,255.32000732421875,394.8900146484375,760.780029296875,1934.300048828125,-10925.0703125,0,-0.0255779941209046,-0.2364707703608879,0.7658626831877441,0.9453976435430212,0.1340129642946414,0.296722479218895,0.0148186136483216
1752141583.889331,482.4299926757813,664.719970703125,540.4400024414062,234.22999572753903,146.42999267578125,255.32000732421875,394.8900146484375,783.6300048828125,1934.300048828125,-10925.0703125,0,-0.0065181642422524,-0.251192467327054,0.7496708703242154,-0.9518124810711682,-0.1633369970122081,-0.2560398632555321,0.0426334927993197
1752141583.9447448,482.4299926757813,664.719970703125,540.4400024414062,234.22999572753903,146.42999267578125,255.32000732421875,394.8900146484375,783.6300048828125,1934.300048828125,-10925.0703125,0,-0.0040898996164555,-0.2524594412959824,0.7498268299387396,-0.9522869353134428,-0.163368901990853,-0.2542427674801248,0.0426709488725137
1752141588.287471,482.4299926757813,664.719970703125,540.4400024414062,234.22999572753903,146.42999267578125,255.32000732421875,394.8900146484375,839.0900268554688,1934.300048828125,-10925.0703125,0,0.0136726287203109,-0.2575992564469319,0.7249660243656864,-0.9492720761357916,-0.1700148260643668,-0.2645294816426702,0.0012797378665876
1752141589.7228096,482.4299926757813,664.719970703125,540.4400024414062,234.22999572753903,146.42999267578125,255.32000732421875,394.8900146484375,839.0900268554688,1934.300048828125,-10925.0703125,0,0.0136624070927888,-0.2565288078676153,0.7244525396831416,-0.94861153592247,-0.1599121217423626,-0.2707755926981235,0.0352823700117794
1752141590.6340222,482.4299926757813,664.719970703125,540.4400024414062,234.22999572753903,146.42999267578125,255.32000732421875,394.8900146484375,839.0900268554688,1934.300048828125,-10925.0703125,0,0.0136624070927888,-0.2565288078676153,0.7244525396831416,-0.94861153592247,-0.1599121217423626,-0.2707755926981235,0.0352823700117794
1752141591.6842856,482.4299926757813,664.719970703125,540.4400024414062,234.22999572753903,146.42999267578125,255.32000732421875,394.9800109863281,839.0900268554688,1934.300048828125,-10925.0703125,0,0.0136624070927888,-0.2565288078676153,0.7244525396831416,-0.94861153592247,-0.1599121217423626,-0.2707755926981235,0.0352823700117794
1752141591.8871834,482.4299926757813,664.719970703125,540.4400024414062,234.22999572753903,146.42999267578125,255.32000732421875,394.9800109863281,839.0900268554688,1934.300048828125,-10925.0703125,0,0.0136667884206908,-0.256313538318682,0.724650726878984,-0.9491828629187444,-0.1701379764684226,-0.2647725505251386,0.0006768995638723
1752141591.9575756,482.4299926757813,664.719970703125,540.4400024414062,234.22999572753903,146.42999267578125,255.32000732421875,394.8900146484375,839.0900268554688,1934.300048828125,-10925.0703125,0,0.0136667884206908,-0.256313538318682,0.724650726878984,-0.9491828629187444,-0.1701379764684226,-0.2647725505251386,0.0006768995638723
1752141592.2031848,482.4299926757813,664.719970703125,540.4400024414062,234.22999572753903,146.42999267578125,255.32000732421875,394.8900146484375,839.0900268554688,1934.030029296875,-10925.0703125,0,0.0136624070927888,-0.2565288078676153,0.7244525396831416,-0.94861153592247,-0.1599121217423626,-0.2707755926981235,0.0352823700117794
1752141592.719181,482.4299926757813,664.719970703125,540.4400024414062,234.22999572753903,146.42999267578125,255.32000732421875,394.9800109863281,838.47998046875,1913.1199951171875,-10925.0703125,0,0.0128349515987201,-0.245341900653303,0.6952516108221547,-0.9474067942960656,-0.1670679265214902,-0.2709420203909065,0.0331526112991975
1752141593.1267045,482.4299926757813,664.719970703125,540.4400024414062,234.22999572753903,146.42999267578125,255.32000732421875,394.8900146484375,838.47998046875,1885.4300537109373,-10925.0703125,0,0.0077900734579123,-0.2514029056058208,0.7240305869832566,0.9479502878967384,0.1701965055757175,0.2691154327866863,0.0005338561044374
1752141593.57298,482.4299926757813,664.719970703125,540.4400024414062,234.22999572753903,146.42999267578125,255.32000732421875,394.8900146484375,838.47998046875,1851.6800537109373,-10925.0703125,0,0.0037630751825852,-0.2551280802518723,0.7399268974516399,0.9517654740463898,0.1423861697163686,0.2717536887796398,0.0043120437626563
1752141593.6183977,482.4299926757813,664.719970703125,540.4400024414062,234.22999572753903,146.42999267578125,255.32000732421875,394.8900146484375,838.47998046875,1851.6800537109373,-10925.0703125,0,0.0035159211037563,-0.2591543464461158,0.7516302802605601,-0.9467357272271912,-0.1515170729482856,-0.2822924185229739,0.0323269213077243
1752141593.719299,482.4299926757813,664.719970703125,540.4400024414062,234.22999572753903,146.42999267578125,255.32000732421875,394.8900146484375,838.47998046875,1851.6800537109373,-10925.0703125,0,0.0033251809640002,-0.2451232365312848,0.7092308754134894,0.9495118486295934,0.1593435954018426,0.2678660390717631,0.0358420566992312
1752141594.202862,482.4299926757813,664.719970703125,540.4400024414062,234.22999572753903,146.42999267578125,255.32000732421875,394.8900146484375,838.47998046875,1851.5,-10925.0703125,0,0.0035241603388036,-0.2600567075577376,0.7533403245528182,0.947586415930031,0.1619343518235426,0.2754120148294215,0.0023392588497255
1752141594.2192852,482.4299926757813,664.719970703125,540.4400024414062,234.22999572753903,146.42999267578125,255.32000732421875,394.8900146484375,838.47998046875,1851.5,-10925.0703125,0,0.0035241603388036,-0.2600567075577376,0.7533403245528182,0.947586415930031,0.1619343518235426,0.2754120148294215,0.0023392588497255
1752141594.2538605,482.4299926757813,664.719970703125,540.4400024414062,234.22999572753903,146.42999267578125,255.32000732421875,394.8900146484375,838.47998046875,1851.5,-10925.0703125,0,0.0030986229169781,-0.250293450375086,0.7242148903024207,0.9471371861318518,0.1699689825851897,0.2721059773538832,0.0001808133886458
1752141594.319663,482.4299926757813,664.719970703125,540.4400024414062,234.22999572753903,146.42999267578125,255.32000732421875,394.8900146484375,838.47998046875,1851.5,-10925.0703125,0,0.0033251809640002,-0.2451232365312848,0.7092308754134894,0.9495118486295934,0.1593435954018426,0.2678660390717631,0.0358420566992312
1752141594.422214,482.4299926757813,664.719970703125,540.4400024414062,234.22999572753903,146.42999267578125,255.32000732421875,394.8900146484375,838.2999877929688,1851.5,-10925.0703125,0,0.0037645791965829,-0.2564357455632152,0.7402422285229379,0.9518583616936074,0.1422538709270084,0.2715065027715242,0.0037033002875646
1752141594.4589765,482.4299926757813,664.719970703125,540.4400024414062,234.22999572753903,146.42999267578125,255.32000732421875,394.8900146484375,838.2999877929688,1851.5,-10925.0703125,0,0.0037645791965829,-0.2564357455632152,0.7402422285229379,0.9518583616936074,0.1422538709270084,0.2715065027715242,0.0037033002875646
1752141594.4922144,482.4299926757813,664.719970703125,540.4400024414062,234.22999572753903,146.42999267578125,255.32000732421875,394.8900146484375,838.2999877929688,1851.5,-10925.0703125,0,0.0037645791965829,-0.2564357455632152,0.7402422285229379,0.9518583616936074,0.1422538709270084,0.2715065027715242,0.0037033002875646
1752141594.525466,482.4299926757813,664.719970703125,540.4400024414062,234.22999572753903,146.42999267578125,255.32000732421875,394.8900146484375,838.2999877929688,1851.5,-10925.0703125,0,0.0037645791965829,-0.2564357455632152,0.7402422285229379,0.9518583616936074,0.1422538709270084,0.2715065027715242,0.0037033002875646
1752141594.5588272,482.4299926757813,664.719970703125,540.4400024414062,234.22999572753903,146.42999267578125,255.32000732421875,394.8900146484375,838.2100219726562,1847.989990234375,-10925.0703125,0,0.0037645791965829,-0.2564357455632152,0.7402422285229379,0.9518583616936074,0.1422538709270084,0.2715065027715242,0.0037033002875646
1752141594.5868478,482.4299926757813,664.719970703125,540.4400024414062,234.22999572753903,146.42999267578125,255.32000732421875,394.8900146484375,838.2100219726562,1847.989990234375,-10925.0703125,0,0.0037645791965829,-0.2564357455632152,0.7402422285229379,0.9518583616936074,0.1422538709270084,0.2715065027715242,0.0037033002875646
1752141594.88543,482.4299926757813,664.719970703125,540.4400024414062,234.22999572753903,146.42999267578125,255.32000732421875,394.8900146484375,838.1199951171875,1835.0699462890625,-10925.0703125,0,-0.0020111979195237,-0.2620477260002493,0.7690019497907625,0.95025084924845,0.1428369189799863,0.2738555720885272,0.0402996738816794
1752141594.9197538,482.4299926757813,664.719970703125,540.4400024414062,234.22999572753903,146.42999267578125,255.32000732421875,394.8900146484375,838.1199951171875,1835.0699462890625,-10925.0703125,0,-0.0031522477988164,-0.2536486541849796,0.7443249907693874,0.956743948067622,0.1414993032802576,0.2433166750929744,0.073593210480865
1752141595.3261445,482.4299926757813,664.719970703125,540.4400024414062,234.22999572753903,146.42999267578125,255.32000732421875,394.8900146484375,838.1199951171875,1808.8800048828125,-10925.0703125,0,-0.0077453960352559,-0.2548463530071522,0.7514208303167844,0.950204284451324,0.1310430258083882,0.2731112968817439,0.0731420721124419
1752141595.6062596,482.4299926757813,664.719970703125,540.4400024414062,234.22999572753903,146.42999267578125,255.32000732421875,394.8900146484375,838.1199951171875,1780.75,-10925.0703125,0,-0.0126181560137498,-0.2524716722358675,0.751598906605881,0.949345284700185,0.1308158735426762,0.2760702951999009,0.0735930007203857
1752141595.8628464,482.4299926757813,664.719970703125,540.4400024414062,234.22999572753903,146.42999267578125,255.32000732421875,394.8900146484375,838.1199951171875,1770.3800048828125,-10925.0703125,0,-0.0124495463524744,-0.2692614516408941,0.7987035120611438,0.9567783262120062,0.1443068921739455,0.2494121214795816,0.0392982063344327
1752141596.4477265,482.4299926757813,664.719970703125,540.4400024414062,234.22999572753903,146.42999267578125,255.32000732421875,394.8900146484375,838.0399780273438,1769.77001953125,-10925.0703125,0,-0.0128292985372362,-0.26389528306105,0.7827720530262352,0.9498337021321704,0.1207026974922608,0.2782152916233709,0.0764398365965678
1752141596.463035,482.4299926757813,664.719970703125,540.4400024414062,234.22999572753903,146.42999267578125,255.32000732421875,394.8900146484375,838.0399780273438,1769.77001953125,-10925.0703125,0,-0.0128292985372362,-0.26389528306105,0.7827720530262352,0.9498337021321704,0.1207026974922608,0.2782152916233709,0.0764398365965678
1752141596.4885683,482.4299926757813,664.719970703125,540.4400024414062,234.22999572753903,146.42999267578125,255.32000732421875,394.8900146484375,838.0399780273438,1769.77001953125,-10925.0703125,0,-0.0126461263451353,-0.2539306554272013,0.7532353203509617,0.9520030724045714,0.122018455946899,0.2776455752420964,0.0414075003963863
1752141596.55533,482.4299926757813,664.719970703125,540.4400024414062,234.22999572753903,146.42999267578125,255.32000732421875,394.8900146484375,838.1199951171875,1769.77001953125,-10925.0703125,0,-0.0126461263451353,-0.2539306554272013,0.7532353203509617,0.9520030724045714,0.122018455946899,0.2776455752420964,0.0414075003963863
1752141596.5898118,482.4299926757813,664.719970703125,540.4400024414062,234.22999572753903,146.42999267578125,255.32000732421875,394.8900146484375,838.1199951171875,1769.77001953125,-10925.0703125,0,-0.0131363845928676,-0.2632922132623467,0.7819323671168377,0.9602338979263404,0.1236664734343503,0.2470356535875679,0.040383789793195
1752141596.6294298,482.4299926757813,664.719970703125,540.4400024414062,234.22999572753903,146.42999267578125,255.32000732421875,394.8900146484375,838.1199951171875,1769.77001953125,-10925.0703125,0,-0.0126820062002579,-0.254029432346638,0.7553433422784429,0.9524262440654384,0.1224302286305922,0.276178800647531,0.0402536806485343
1752141596.658697,482.4299926757813,664.719970703125,540.4400024414062,234.22999572753903,146.42999267578125,255.32000732421875,394.8900146484375,838.1199951171875,1769.77001953125,-10925.0703125,0,-0.0126181560137498,-0.2524716722358675,0.751598906605881,0.949345284700185,0.1308158735426762,0.2760702951999009,0.0735930007203857
1752141597.0617113,482.4299926757813,664.719970703125,540.4400024414062,234.22999572753903,146.42999267578125,255.32000732421875,394.8900146484375,838.0399780273438,1769.77001953125,-10925.0703125,0,-0.0126461263451353,-0.2539306554272013,0.7532353203509617,0.9520030724045714,0.122018455946899,0.2776455752420964,0.0414075003963863
1752141597.1535044,482.4299926757813,664.719970703125,540.4400024414062,234.22999572753903,146.42999267578125,255.32000732421875,394.8900146484375,837.8599853515625,1769.6800537109375,-10925.0703125,0,-0.0121683953760327,-0.2439035041217422,0.7252287130999274,0.941819045344125,0.1297021237862358,0.3013694094216368,0.0730118071086787
1752141597.2239802,482.4299926757813,664.719970703125,540.4400024414062,234.22999572753903,146.42999267578125,255.32000732421875,394.8900146484375,837.8599853515625,1769.6800537109375,-10925.0703125,0,-0.0126181560137498,-0.2524716722358675,0.751598906605881,0.949345284700185,0.1308158735426762,0.2760702951999009,0.0735930007203857
1752141597.4287474,482.4299926757813,664.719970703125,540.4400024414062,234.22999572753903,146.42999267578125,255.32000732421875,394.8900146484375,837.6900024414062,1762.2900390625,-10925.0703125,0,-0.0150553552206393,-0.2512831509584759,0.7516857305430751,0.9489077958437828,0.1307028363429661,0.2775623166979482,0.0738235999397574
1752141597.520581,482.4299926757813,664.719970703125,540.4400024414062,234.22999572753903,146.42999267578125,255.32000732421875,394.8900146484375,837.6900024414062,1762.2900390625,-10925.0703125,0,-0.0180718073077161,-0.2585776150641822,0.7763152976464526,0.955987502544408,0.1317479223788976,0.2507208995306643,0.0766120778094688
1752141597.7355244,482.4299926757813,664.719970703125,540.4400024414062,234.22999572753903,146.42999267578125,255.32000732421875,394.8900146484375,837.6900024414062,1748.4100341796875,-10925.0703125,0,-0.0219190820855129,-0.2575535498307425,0.7789234877061398,0.9558929053440296,0.1319094427316647,0.2512369106789999,0.0758199653366061
1752141599.2129817,482.4299926757813,664.719970703125,540.4400024414062,234.22999572753903,146.42999267578125,255.32000732421875,394.8900146484375,837.6900024414062,1686.449951171875,-10925.0703125,0,-0.0329050273460866,-0.2475363240976537,0.770297874235726,0.9432658278978278,0.0844875051084071,0.2878394300630809,0.1423372821917837
1752141599.5342798,482.4299926757813,664.719970703125,540.4400024414062,234.22999572753903,146.42999267578125,255.32000732421875,394.8900146484375,837.6900024414062,1686.3599853515625,-10925.0703125,0,-0.0337773628756654,-0.2621300977421018,0.8136552148069001,0.9468916849160308,0.1043751765805185,0.2646047634606306,0.1499542553734634
1752141600.2657137,482.4299926757813,664.719970703125,540.4400024414062,234.22999572753903,146.42999267578125,255.32000732421875,394.9800109863281,837.6900024414062,1686.27001953125,-10925.0703125,0,-0.0339286360512694,-0.2573159856320371,0.8017398281491457,0.9431590234889692,0.0722961260124805,0.289263698214404,0.1468020417781985
1752141600.6658225,482.4299926757813,664.719970703125,540.4400024414062,234.22999572753903,146.42999267578125,255.32000732421875,394.8900146484375,837.6900024414062,1686.27001953125,-10925.0703125,0,-0.0326535903406034,-0.2513156749622156,0.7791087806805427,0.9464114715494448,0.1151435789884537,0.2644821244582153,0.1452463031523116
1752141602.5964286,482.4299926757813,664.719970703125,540.4400024414062,234.22999572753903,146.42999267578125,255.32000732421875,394.8900146484375,837.6900024414062,1686.0899658203125,-10925.0703125,0,-0.0329050273460866,-0.2475363240976537,0.770297874235726,0.9432658278978278,0.0844875051084071,0.2878394300630809,0.1423372821917837
1752141604.6985345,482.4299926757813,664.719970703125,540.4400024414062,234.22999572753903,146.42999267578125,299.2699890136719,394.8900146484375,837.6900024414062,1686.0899658203125,-10925.0703125,0,-0.0343745823986306,-0.229344508663235,0.7752015495833667,0.932090232239411,0.1005329507233937,0.2757609829897126,0.2122658828999044
1752141604.7921014,482.4299926757813,664.719970703125,540.4400024414062,234.22999572753903,146.42999267578125,312.6300048828125,394.8900146484375,837.6900024414062,1686.0899658203125,-10925.0703125,0,-0.0343578556661432,-0.2267232015566674,0.7748251642969692,0.9317111171761192,0.1009009351729927,0.2759929074603087,0.2134509555922605
1752141606.940854,482.4299926757813,664.719970703125,540.4400024414062,234.22999572753903,159.8699951171875,342.1600036621094,394.8900146484375,837.6900024414062,1686.0899658203125,-10925.0703125,0,-0.0365912331397199,-0.2158312102561554,0.7959702650967418,0.9339204911866976,0.1010224334441099,0.2539096007173014,0.230471036675346
1752141610.131031,482.4299926757813,664.719970703125,540.4400024414062,313.95001220703125,232.6499938964844,342.25,394.8900146484375,837.6900024414062,1686.0899658203125,-10925.0703125,0,-0.0414077171110807,-0.196909991910673,0.8551507944895675,0.9485271933367824,0.0552974386075851,0.193387227289645,0.2446216202736584
1752141611.0689826,482.4299926757813,664.719970703125,540.4400024414062,317.0199890136719,232.6499938964844,342.25,394.8900146484375,837.6900024414062,1686.0899658203125,-10925.0703125,0,-0.0414645291415969,-0.1886117042799989,0.8219864486999948,0.9419836171144098,0.0426718377723702,0.1985768882082224,0.2672324808452759
1752141615.137925,482.4299926757813,664.719970703125,540.4400024414062,316.760009765625,316.6700134277344,342.25,394.8900146484375,837.25,1686.0899658203125,-10925.0703125,0,-0.0457817290879167,-0.1843692548973449,0.8851905560476615,-0.8981559054326449,-0.0484175940693271,0.0911819809776241,0.427384548698242
1752141616.8458574,482.4299926757813,664.719970703125,540.4400024414062,386.5400085449219,316.6700134277344,342.25,394.8900146484375,837.25,1686.0899658203125,-10925.0703125,0,-0.0501274213267158,-0.1640034759594194,0.8678905901989162,0.9584331381056168,-0.0191988869033398,0.1197530634990369,0.2582567062155182
1752141617.6163142,482.4299926757813,664.719970703125,540.4400024414062,395.9500122070313,316.6700134277344,342.25,394.8900146484375,837.25,1686.0899658203125,-10925.0703125,0,-0.048832979015164,-0.1596822553092476,0.8395986937705111,0.9478664598047444,-0.0016845978671105,0.1126391508777322,0.2980918620103386
1752141617.9393315,482.4299926757813,664.719970703125,540.4400024414062,395.9500122070313,316.6700134277344,342.25,394.9800109863281,837.25,1686.0899658203125,-10925.0703125,0,-0.0515441174111059,-0.1654429222975377,0.8680676047081928,0.9585547833187306,-0.019537091242297,0.1202214439058431,0.2575613205971848
1752141618.5437863,482.4299926757813,664.719970703125,540.4400024414062,395.9500122070313,316.6700134277344,342.25,394.9800109863281,837.25,1686.0899658203125,-10925.0703125,0,-0.051902436431456,-0.1658476913888605,0.868377386451689,0.9543558567031618,-0.0253902791673066,0.1874884069747719,0.2311024226403579
1752141618.8180857,482.4299926757813,664.719970703125,540.4400024414062,395.9500122070313,316.6700134277344,342.25,394.8900146484375,837.25,1686.0899658203125,-10925.0703125,0,-0.0508292857753438,-0.1635147990892282,0.8561432429831007,0.9590204583880771,-0.0126644396021196,0.1507272876178237,0.2395843424142332
1752141618.834965,482.4299926757813,664.719970703125,540.4400024414062,395.9500122070313,316.6700134277344,342.25,394.8900146484375,837.25,1686.0899658203125,-10925.0703125,0,-0.0508292857753438,-0.1635147990892282,0.8561432429831007,0.9590204583880771,-0.0126644396021196,0.1507272876178237,0.2395843424142332
1752141619.149553,482.4299926757813,664.719970703125,540.4400024414062,395.9500122070313,316.6700134277344,342.25,394.8900146484375,837.25,1686.0899658203125,-10925.0703125,0,-0.0508292857753438,-0.1635147990892282,0.8561432429831007,0.9590204583880771,-0.0126644396021196,0.1507272876178237,0.2395843424142332
1752141619.3829498,482.4299926757813,664.719970703125,540.4400024414062,395.9500122070313,316.6700134277344,342.25,394.9800109863281,837.25,1686.0899658203125,-10925.0703125,0,-0.051902436431456,-0.1658476913888605,0.868377386451689,0.9543558567031618,-0.0253902791673066,0.1874884069747719,0.2311024226403579
