timestamp,motor1,motor2,motor3,motor4,motor5,motor6,motor7,motor8,motor9,motor10,marker_id,x,y,z,qx,qy,qz,qw
1752419916,474.0799866,488.4100037,339.2600098,342.6000061,598.0100098,217.9700012,399.2000122,551.25,856.6699829,-11625.73047,2,-0.1566398859,-0.03884452397,0.8680486121,0.8783588146,0.3023020546,0.3533592939,0.1106185791
1752419916,474.0799866,488.4100037,339.2600098,342.6000061,598.0100098,217.9700012,399.2000122,551.25,856.6699829,-11625.73047,2,-0.1566398859,-0.03884452397,0.8680486121,0.8783588146,0.3023020546,0.3533592939,0.1106185791
1752419916,474.0799866,488.4100037,339.2600098,342.6900024,598.0100098,217.9700012,399.2900085,551.25,856.6699829,-11625.73047,2,-0.1566398859,-0.03884452397,0.8680486121,0.8783588146,0.3023020546,0.3533592939,0.1106185791
1752419916,474.0799866,488.4100037,339.2600098,342.6000061,598.0100098,218.0599976,399.2000122,551.25,856.6699829,-11625.73047,2,-0.1566398859,-0.03884452397,0.8680486121,0.8783588146,0.3023020546,0.3533592939,0.1106185791
1752419916,474.0799866,488.4100037,339.2600098,342.6000061,598.0100098,217.9700012,399.2000122,551.25,856.6699829,-11625.73047,2,-0.1566398859,-0.03884452397,0.8680486121,0.8783588146,0.3023020546,0.3533592939,0.1106185791
1752419917,474.0799866,488.4100037,339.2600098,342.6900024,598.0100098,218.0599976,399.2000122,551.25,856.6699829,-11625.73047,2,-0.1566398859,-0.03884452397,0.8680486121,0.8783588146,0.3023020546,0.3533592939,0.1106185791
1752419917,474.0799866,488.4100037,339.2600098,342.6900024,598.0100098,218.0599976,399.2000122,551.25,856.6699829,-11625.73047,0,-0.1655645795,-0.02818283938,0.8346736605,-0.733285155,-0.4377004736,-0.01458451344,0.520094673
1752419917,474.0799866,488.4100037,339.2600098,342.6000061,598.0100098,218.0599976,399.2000122,551.25,856.6699829,-11625.73047,2,-0.1566398859,-0.03884452397,0.8680486121,0.8783588146,0.3023020546,0.3533592939,0.1106185791
1752419917,474.0799866,488.4100037,339.2600098,342.6000061,598.0100098,218.0599976,399.2000122,551.25,856.6699829,-11625.73047,2,-0.1566398859,-0.03884452397,0.8680486121,0.8783588146,0.3023020546,0.3533592939,0.1106185791
1752419917,474.0799866,488.4100037,339.2600098,342.6000061,598.0100098,218.0599976,399.2000122,551.25,856.6699829,-11625.73047,2,-0.1566398859,-0.03884452397,0.8680486121,0.8783588146,0.3023020546,0.3533592939,0.1106185791
1752419917,474.0799866,488.4100037,339.2600098,342.6000061,598.0100098,217.9700012,399.2000122,551.25,856.6699829,-11625.73047,2,-0.1566398859,-0.03884452397,0.8680486121,0.8783588146,0.3023020546,0.3533592939,0.1106185791
1752419917,474.0799866,488.4100037,339.2600098,342.6000061,598.0100098,217.9700012,399.2000122,551.25,856.6699829,-11625.73047,1,-0.1875265051,-0.05131943265,0.9415192683,-0.514947273,-0.6930398018,0.5045040236,0.0009106336648
1752419917,474.0799866,488.4100037,339.2600098,342.6000061,598.0100098,217.9700012,399.2000122,551.25,856.6699829,-11625.73047,2,-0.1566398859,-0.03884452397,0.8680486121,0.8783588146,0.3023020546,0.3533592939,0.1106185791
1752419917,474.0799866,488.4100037,339.2600098,342.6000061,598.0100098,217.9700012,399.2000122,551.25,856.6699829,-11625.73047,0,-0.1655645795,-0.02818283938,0.8346736605,-0.733285155,-0.4377004736,-0.01458451344,0.520094673
1752419917,474.0799866,488.4100037,339.2600098,342.6000061,598.0100098,217.9700012,399.2000122,551.25,856.6699829,-11625.73047,2,-0.1566398859,-0.03884452397,0.8680486121,0.8783588146,0.3023020546,0.3533592939,0.1106185791
1752419917,474.0799866,488.4100037,339.2600098,342.6000061,598.0100098,217.9700012,399.2000122,551.25,856.6699829,-11625.73047,0,-0.1655645795,-0.02818283938,0.8346736605,-0.733285155,-0.4377004736,-0.01458451344,0.520094673
1752419917,474.0799866,488.4100037,339.2600098,342.6000061,598.0100098,218.0599976,399.2000122,551.25,856.6699829,-11625.73047,2,-0.1566398859,-0.03884452397,0.8680486121,0.8783588146,0.3023020546,0.3533592939,0.1106185791
1752419918,474.0799866,488.4100037,339.2600098,342.6000061,598.0100098,218.0599976,399.2000122,551.25,856.6699829,-11625.73047,2,-0.1566398859,-0.03884452397,0.8680486121,0.8783588146,0.3023020546,0.3533592939,0.1106185791
1752419918,474.0799866,488.4100037,339.2600098,342.6000061,598.0100098,218.0599976,399.2000122,551.25,856.6699829,-11625.73047,2,-0.1566398859,-0.03884452397,0.8680486121,0.8783588146,0.3023020546,0.3533592939,0.1106185791
1752419918,474.0799866,488.4100037,339.2600098,342.6900024,598.0100098,218.0599976,399.2000122,551.25,856.6699829,-11625.73047,2,-0.1566398859,-0.03884452397,0.8680486121,0.8783588146,0.3023020546,0.3533592939,0.1106185791
1752419918,474.0799866,488.4100037,339.2600098,342.6900024,598.0100098,218.0599976,399.2000122,551.25,856.6699829,-11625.73047,2,-0.1566398859,-0.03884452397,0.8680486121,0.8783588146,0.3023020546,0.3533592939,0.1106185791
1752419918,474.0799866,488.4100037,339.2600098,342.6900024,598.0100098,218.0599976,399.2000122,551.25,856.6699829,-11625.73047,0,-0.1655645795,-0.02818283938,0.8346736605,-0.733285155,-0.4377004736,-0.01458451344,0.520094673
1752419918,474.0799866,488.4100037,339.2600098,342.6900024,598.0100098,218.0599976,399.2000122,551.25,856.6699829,-11625.73047,2,-0.1566398859,-0.03884452397,0.8680486121,0.8783588146,0.3023020546,0.3533592939,0.1106185791
1752419918,474.0799866,488.4100037,339.2600098,342.6900024,598.0100098,218.0599976,399.2000122,551.25,856.6699829,-11625.73047,1,-0.1875265051,-0.05131943265,0.9415192683,-0.514947273,-0.6930398018,0.5045040236,0.0009106336648
1752419918,474.0799866,488.4100037,339.2600098,342.6000061,598.0100098,218.0599976,399.2900085,551.25,856.6699829,-11625.73047,2,-0.1566398859,-0.03884452397,0.8680486121,0.8783588146,0.3023020546,0.3533592939,0.1106185791
1752419918,474.0799866,488.4100037,339.2600098,342.6000061,598.0100098,218.0599976,399.2900085,551.25,856.6699829,-11625.73047,2,-0.1566398859,-0.03884452397,0.8680486121,0.8783588146,0.3023020546,0.3533592939,0.1106185791
1752419918,474.0799866,488.4100037,339.2600098,342.6000061,598.0100098,218.0599976,399.2900085,551.25,856.6699829,-11625.73047,0,-0.1655645795,-0.02818283938,0.8346736605,-0.733285155,-0.4377004736,-0.01458451344,0.520094673
1752419918,474.0799866,488.4100037,339.2600098,342.6000061,598.0100098,218.0599976,399.2900085,551.25,856.6699829,-11625.73047,2,-0.1566398859,-0.03884452397,0.8680486121,0.8783588146,0.3023020546,0.3533592939,0.1106185791
1752419918,474.0799866,488.4100037,339.2600098,342.6000061,598.0100098,218.0599976,399.2900085,551.25,856.6699829,-11625.73047,0,-0.1655645795,-0.02818283938,0.8346736605,-0.733285155,-0.4377004736,-0.01458451344,0.520094673
1752419918,474.0799866,488.4100037,339.2600098,342.6000061,598.0100098,218.0599976,399.2900085,551.25,856.6699829,-11625.73047,2,-0.1566398859,-0.03884452397,0.8680486121,0.8783588146,0.3023020546,0.3533592939,0.1106185791
1752419918,474.0799866,488.4100037,339.2600098,342.6900024,598.0100098,218.0599976,399.2900085,551.25,856.6699829,-11625.73047,2,-0.1566398859,-0.03884452397,0.8680486121,0.8783588146,0.3023020546,0.3533592939,0.1106185791
1752419918,474.0799866,488.4100037,339.2600098,342.6900024,598.0100098,217.9700012,399.2900085,551.25,856.6699829,-11625.73047,2,-0.1566398859,-0.03884452397,0.8680486121,0.8783588146,0.3023020546,0.3533592939,0.1106185791
1752419918,474.0799866,488.4100037,339.2600098,342.6900024,598.0100098,217.9700012,399.2900085,551.25,856.6699829,-11625.73047,0,-0.1655645795,-0.02818283938,0.8346736605,-0.733285155,-0.4377004736,-0.01458451344,0.520094673
1752419919,474.0799866,488.4100037,339.2600098,342.6900024,598.0100098,217.9700012,399.2900085,551.25,856.6699829,-11625.73047,2,-0.1566398859,-0.03884452397,0.8680486121,0.8783588146,0.3023020546,0.3533592939,0.1106185791
1752419919,474.0799866,488.4100037,339.2600098,342.6900024,598.0100098,218.0599976,399.2000122,551.25,856.6699829,-11625.73047,2,-0.1566398859,-0.03884452397,0.8680486121,0.8783588146,0.3023020546,0.3533592939,0.1106185791
1752419919,474.0799866,488.4100037,339.2600098,342.6900024,598.0100098,218.0599976,399.2000122,551.25,856.6699829,-11625.73047,0,-0.1655645795,-0.02818283938,0.8346736605,-0.733285155,-0.4377004736,-0.01458451344,0.520094673
1752419919,474.0799866,488.4100037,339.2600098,342.6000061,598.0100098,217.9700012,399.2000122,551.25,856.6699829,-11625.73047,2,-0.1566398859,-0.03884452397,0.8680486121,0.8783588146,0.3023020546,0.3533592939,0.1106185791
1752419919,474.0799866,488.4100037,339.2600098,342.6000061,598.0100098,217.9700012,399.2000122,551.25,856.6699829,-11625.73047,0,-0.1655645795,-0.02818283938,0.8346736605,-0.733285155,-0.4377004736,-0.01458451344,0.520094673
1752419919,474.0799866,488.4100037,339.2600098,342.6000061,598.0100098,217.9700012,399.2000122,551.25,856.6699829,-11625.73047,2,-0.1566398859,-0.03884452397,0.8680486121,0.8783588146,0.3023020546,0.3533592939,0.1106185791
1752419919,474.0799866,488.4100037,339.2600098,342.6000061,598.0100098,217.9700012,399.2000122,551.25,856.6699829,-11625.73047,0,-0.1655645795,-0.02818283938,0.8346736605,-0.733285155,-0.4377004736,-0.01458451344,0.520094673
1752419919,474.0799866,488.4100037,339.2600098,342.6000061,598.0100098,217.9700012,399.2000122,551.25,856.6699829,-11625.73047,2,-0.1566398859,-0.03884452397,0.8680486121,0.8783588146,0.3023020546,0.3533592939,0.1106185791
1752419919,474.0799866,488.4100037,339.2600098,342.6900024,598.0100098,218.0599976,399.2900085,551.25,856.6699829,-11625.73047,2,-0.1566398859,-0.03884452397,0.8680486121,0.8783588146,0.3023020546,0.3533592939,0.1106185791
1752419919,474.0799866,488.4100037,339.2600098,342.6900024,598.0100098,218.0599976,399.2900085,551.25,856.6699829,-11625.73047,0,-0.1655645795,-0.02818283938,0.8346736605,-0.733285155,-0.4377004736,-0.01458451344,0.520094673
1752419919,474.0799866,488.4100037,339.2600098,342.6900024,598.0100098,218.0599976,399.2900085,551.25,856.6699829,-11625.73047,2,-0.1566398859,-0.03884452397,0.8680486121,0.8783588146,0.3023020546,0.3533592939,0.1106185791
1752419919,474.0799866,488.4100037,339.2600098,342.6900024,598.0100098,218.0599976,399.2900085,551.25,856.6699829,-11625.73047,2,-0.1566398859,-0.03884452397,0.8680486121,0.8783588146,0.3023020546,0.3533592939,0.1106185791
1752419920,474.0799866,488.4100037,339.2600098,342.6900024,598.0100098,218.0599976,399.2900085,551.25,856.6699829,-11625.73047,2,-0.1566398859,-0.03884452397,0.8680486121,0.8783588146,0.3023020546,0.3533592939,0.1106185791
1752419920,474.0799866,488.4100037,339.2600098,342.6900024,598.0100098,218.0599976,399.2900085,551.25,856.6699829,-11625.73047,2,-0.1566398859,-0.03884452397,0.8680486121,0.8783588146,0.3023020546,0.3533592939,0.1106185791
1752419920,474.0799866,488.4100037,339.2600098,342.6900024,598.0100098,218.0599976,399.2900085,551.25,856.6699829,-11625.73047,2,-0.1566398859,-0.03884452397,0.8680486121,0.8783588146,0.3023020546,0.3533592939,0.1106185791
1752419920,474.0799866,488.4100037,339.2600098,342.6900024,598.0100098,218.0599976,399.2900085,551.25,856.6699829,-11625.73047,2,-0.1566398859,-0.03884452397,0.8680486121,0.8783588146,0.3023020546,0.3533592939,0.1106185791
1752419920,474.0799866,488.4100037,339.2600098,342.6900024,598.0100098,218.0599976,399.2900085,551.25,856.6699829,-11625.73047,2,-0.1566398859,-0.03884452397,0.8680486121,0.8783588146,0.3023020546,0.3533592939,0.1106185791
1752419920,474.0799866,488.4100037,339.2600098,342.6900024,598.0100098,218.0599976,399.2900085,551.25,856.6699829,-11625.73047,2,-0.1566398859,-0.03884452397,0.8680486121,0.8783588146,0.3023020546,0.3533592939,0.1106185791
1752419920,474.0799866,488.4100037,339.2600098,342.6000061,598.0100098,217.9700012,399.2000122,551.25,856.6699829,-11625.73047,2,-0.1566398859,-0.03884452397,0.8680486121,0.8783588146,0.3023020546,0.3533592939,0.1106185791
1752419920,474.0799866,488.4100037,339.2600098,342.6000061,598.0100098,217.9700012,399.2000122,551.25,856.6699829,-11625.73047,0,-0.1655645795,-0.02818283938,0.8346736605,-0.733285155,-0.4377004736,-0.01458451344,0.520094673
1752419920,474.0799866,488.4100037,339.2600098,342.6900024,598.0100098,218.0599976,399.2000122,551.25,856.6699829,-11625.73047,2,-0.1566398859,-0.03884452397,0.8680486121,0.8783588146,0.3023020546,0.3533592939,0.1106185791
1752419921,474.0799866,488.4100037,339.2600098,342.6900024,598.0100098,218.0599976,399.2000122,551.25,856.6699829,-11625.73047,2,-0.1566398859,-0.03884452397,0.8680486121,0.8783588146,0.3023020546,0.3533592939,0.1106185791
1752419921,474.0799866,488.4100037,339.2600098,342.6900024,598.0100098,218.0599976,399.2000122,551.25,856.6699829,-11625.73047,0,-0.1655645795,-0.02818283938,0.8346736605,-0.733285155,-0.4377004736,-0.01458451344,0.520094673
1752419921,474.0799866,488.4100037,339.2600098,342.6900024,598.0100098,217.9700012,399.2900085,551.25,856.6699829,-11625.73047,2,-0.1566398859,-0.03884452397,0.8680486121,0.8783588146,0.3023020546,0.3533592939,0.1106185791
1752419921,474.0799866,488.4100037,339.2600098,342.6900024,598.0100098,217.9700012,399.2900085,551.25,856.6699829,-11625.73047,1,-0.1875265051,-0.05131943265,0.9415192683,-0.514947273,-0.6930398018,0.5045040236,0.0009106336648
1752419921,474.0799866,488.4100037,339.2600098,342.6000061,598.0100098,217.9700012,399.2000122,551.25,856.6699829,-11625.73047,2,-0.1566398859,-0.03884452397,0.8680486121,0.8783588146,0.3023020546,0.3533592939,0.1106185791
1752419921,474.0799866,488.4100037,339.2600098,342.6000061,598.0100098,217.9700012,399.2000122,551.25,856.6699829,-11625.73047,0,-0.1655645795,-0.02818283938,0.8346736605,-0.733285155,-0.4377004736,-0.01458451344,0.520094673
1752419921,474.0799866,488.4100037,339.2600098,342.6000061,598.0100098,217.9700012,399.2000122,551.25,856.6699829,-11625.73047,2,-0.1566398859,-0.03884452397,0.8680486121,0.8783588146,0.3023020546,0.3533592939,0.1106185791
1752419921,474.0799866,488.4100037,339.2600098,342.6000061,598.0100098,217.9700012,399.2000122,551.25,856.6699829,-11625.73047,2,-0.1566398859,-0.03884452397,0.8680486121,0.8783588146,0.3023020546,0.3533592939,0.1106185791
1752419921,474.0799866,488.4100037,339.2600098,342.6000061,598.0100098,217.9700012,399.2000122,551.25,856.6699829,-11625.73047,2,-0.1566398859,-0.03884452397,0.8680486121,0.8783588146,0.3023020546,0.3533592939,0.1106185791
1752419921,474.0799866,488.4100037,339.2600098,342.6000061,598.0100098,217.9700012,399.2000122,551.25,856.6699829,-11625.73047,0,-0.1677546585,-0.02861309523,0.847442049,-0.7327874723,-0.4526324785,-0.02945742926,0.5072263989
1752419921,474.0799866,488.4100037,339.2600098,342.6000061,598.0100098,217.9700012,399.2000122,551.25,856.6699829,-11625.73047,1,-0.1875265051,-0.05131943265,0.9415192683,-0.514947273,-0.6930398018,0.5045040236,0.0009106336648
1752419922,474.0799866,488.4100037,339.2600098,342.6000061,598.0100098,217.9700012,399.2000122,551.25,856.6699829,-11625.73047,2,-0.1566398859,-0.03884452397,0.8680486121,0.8783588146,0.3023020546,0.3533592939,0.1106185791
1752419922,474.0799866,488.4100037,339.2600098,342.6900024,598.0100098,217.9700012,399.2900085,551.25,856.6699829,-11625.73047,2,-0.1566398859,-0.03884452397,0.8680486121,0.8783588146,0.3023020546,0.3533592939,0.1106185791
1752419922,474.0799866,488.4100037,339.2600098,342.6900024,598.0100098,217.9700012,399.2900085,551.25,856.6699829,-11625.73047,2,-0.1566398859,-0.03884452397,0.8680486121,0.8783588146,0.3023020546,0.3533592939,0.1106185791
1752419922,474.0799866,488.4100037,339.2600098,342.6900024,598.0100098,217.9700012,399.2900085,551.25,856.6699829,-11625.73047,2,-0.1566398859,-0.03884452397,0.8680486121,0.8783588146,0.3023020546,0.3533592939,0.1106185791
1752419922,474.0799866,488.4100037,339.2600098,342.6900024,598.0100098,217.9700012,399.2900085,551.25,856.6699829,-11625.73047,0,-0.1655645795,-0.02818283938,0.8346736605,-0.733285155,-0.4377004736,-0.01458451344,0.520094673
1752419922,474.0799866,488.4100037,339.2600098,342.6900024,598.0100098,217.9700012,399.2900085,551.25,856.6699829,-11625.73047,2,-0.1566398859,-0.03884452397,0.8680486121,0.8783588146,0.3023020546,0.3533592939,0.1106185791
1752419922,474.0799866,488.4100037,339.2600098,342.6900024,598.0100098,218.0599976,399.2000122,551.25,856.6699829,-11625.73047,2,-0.1566398859,-0.03884452397,0.8680486121,0.8783588146,0.3023020546,0.3533592939,0.1106185791
1752419922,474.0799866,488.4100037,339.2600098,342.6000061,598.0100098,217.9700012,399.2000122,551.25,856.6699829,-11625.73047,2,-0.1566398859,-0.03884452397,0.8680486121,0.8783588146,0.3023020546,0.3533592939,0.1106185791
1752419922,474.0799866,488.4100037,339.2600098,342.6000061,598.0100098,217.9700012,399.2000122,551.25,856.6699829,-11625.73047,2,-0.1566398859,-0.03884452397,0.8680486121,0.8783588146,0.3023020546,0.3533592939,0.1106185791
1752419922,474.0799866,488.4100037,339.2600098,342.6000061,598.0100098,217.9700012,399.2000122,551.25,856.6699829,-11625.73047,0,-0.1655645795,-0.02818283938,0.8346736605,-0.733285155,-0.4377004736,-0.01458451344,0.520094673
1752419922,474.0799866,488.4100037,339.2600098,342.6000061,598.0100098,217.9700012,399.2000122,551.25,856.6699829,-11625.73047,2,-0.1566398859,-0.03884452397,0.8680486121,0.8783588146,0.3023020546,0.3533592939,0.1106185791
1752419923,474.0799866,488.4100037,339.2600098,342.6000061,598.0100098,218.0599976,399.2900085,551.25,856.6699829,-11625.73047,2,-0.1566398859,-0.03884452397,0.8680486121,0.8783588146,0.3023020546,0.3533592939,0.1106185791
1752419924,474.0799866,488.4100037,339.2600098,342.6900024,598.0100098,218.0599976,399.2900085,551.25,856.6699829,-11625.73047,2,-0.1566398859,-0.03884452397,0.8680486121,0.8783588146,0.3023020546,0.3533592939,0.1106185791
1752419924,474.0799866,488.4100037,339.2600098,342.6900024,598.0100098,218.0599976,399.2900085,551.25,856.6699829,-11625.73047,2,-0.1566398859,-0.03884452397,0.8680486121,0.8783588146,0.3023020546,0.3533592939,0.1106185791
1752419924,474.0799866,488.4100037,339.2600098,342.6900024,598.0100098,218.0599976,399.2000122,551.25,856.6699829,-11625.73047,2,-0.1566398859,-0.03884452397,0.8680486121,0.8783588146,0.3023020546,0.3533592939,0.1106185791
1752419924,474.0799866,488.4100037,339.2600098,342.6900024,598.0100098,217.9700012,399.2000122,551.25,856.6699829,-11625.73047,2,-0.1566398859,-0.03884452397,0.8680486121,0.8783588146,0.3023020546,0.3533592939,0.1106185791
1752419926,474.0799866,488.4100037,339.2600098,342.6000061,598.0100098,218.0599976,399.2000122,551.1599731,909.4000244,-11625.73047,2,-0.1236679524,-0.05130560405,0.8308213871,0.878204848,0.3288732217,0.3337312954,0.09603161741
1752419926,474.0799866,488.4100037,339.2600098,342.6000061,598.0100098,217.9700012,399.2000122,551.1599731,922.5,-11625.73047,2,-0.1132058639,-0.06000324239,0.8256617139,0.8931293295,0.3264725633,0.3087252977,0.02059992018
1752419926,474.0799866,488.4100037,339.2600098,342.6000061,598.0100098,218.0599976,399.2900085,551.1599731,932.5200195,-11625.73047,2,-0.1118697633,-0.06000410114,0.8256735468,0.8934315299,0.3265421197,0.3077954273,0.02030567438
1752419926,474.0799866,488.4100037,339.2600098,342.6000061,598.0100098,218.0599976,399.2900085,551.1599731,932.5200195,-11625.73047,2,-0.1172777005,-0.05532745788,0.8253958048,-0.9233777479,-0.3469504642,0.1599276268,0.03771026766
1752419926,474.0799866,488.4100037,339.2600098,342.6000061,598.0100098,218.0599976,399.2000122,551.1599731,932.5200195,-11625.73047,2,-0.1158641288,-0.05732040149,0.8255400621,0.8925409251,0.3266879228,0.3100160173,0.02314664451
1752419927,474.0799866,488.4100037,339.2600098,342.6000061,598.0100098,218.0599976,399.2000122,551.1599731,932.5200195,-11625.73047,2,-0.1155532632,-0.05263142603,0.8305468036,0.8611863013,0.3746187505,0.3292860315,0.09792678751
1752419927,474.0799866,488.4100037,339.2600098,342.6000061,598.0100098,217.9700012,399.2900085,551.1599731,932.5200195,-11625.73047,2,-0.1156366449,-0.05670165312,0.83104841,0.9075783862,0.3449566384,0.2351956719,0.04460253899
1752419927,474.0799866,488.4100037,339.2600098,342.6000061,598.0100098,217.9700012,399.2900085,551.1599731,932.5200195,-11625.73047,2,-0.1159480751,-0.05666808967,0.8254508098,-0.9232385885,-0.3471220931,0.1601852752,0.03843746436
1752419928,474.0799866,488.4100037,339.2600098,342.6000061,598.0100098,217.9700012,399.2900085,551.1599731,932.5200195,-11625.73047,2,-0.1145034558,-0.05196193093,0.8253739066,0.8928781962,0.3274724178,0.3079214633,0.02673414986
1752419928,474.0799866,488.4100037,339.2600098,342.6000061,598.0100098,218.0599976,399.2900085,551.1599731,932.5200195,-11625.73047,2,-0.1140139014,-0.05372732224,0.8266808718,0.8918741751,0.3357782166,0.2932093865,0.07643101983
1752419928,474.0799866,488.4100037,339.2600098,342.6000061,598.0100098,218.0599976,399.2900085,551.1599731,932.5200195,-11625.73047,2,-0.1136114081,-0.05484751328,0.8231250419,-0.9212672126,-0.3694521323,0.1215044231,0.00291890789
1752419928,474.0799866,488.4100037,339.2600098,342.6000061,598.0100098,218.0599976,399.2900085,551.1599731,932.5200195,-11625.73047,2,-0.1125511468,-0.05167389031,0.795110448,0.874429101,0.3539150176,0.3192671697,0.09047862738
1752419928,474.0799866,488.4100037,339.2600098,342.6000061,598.0100098,218.0599976,399.2900085,551.1599731,932.5200195,-11625.73047,2,-0.1172659168,-0.05264840642,0.8253127371,-0.923459832,-0.3466169979,0.1604017511,0.03674062861
1752419928,474.0799866,488.4100037,339.2600098,342.6000061,598.0100098,218.0599976,399.2000122,551.1599731,932.5200195,-11625.73047,2,-0.1135533132,-0.05466618759,0.8257923033,0.8806196742,0.319085058,0.3463020956,0.05261723784
1752419929,474.0799866,488.4100037,339.2600098,342.6000061,598.0100098,218.0599976,399.2900085,551.1599731,932.5200195,-11625.73047,2,-0.1160941262,-0.05341305774,0.8271743323,0.8745055241,0.3719474162,0.3097223095,0.03110142787
1752419930,474.0799866,488.4100037,339.2600098,342.6000061,598.0100098,217.9700012,399.2900085,584.7399902,930.9400024,-11625.73047,2,-0.09040339701,-0.07082674313,0.8305047599,0.9030018164,0.3984163691,-0.1456317392,0.06814332625
1752419930,474.0799866,488.4100037,339.2600098,342.6000061,598.0100098,218.0599976,399.2900085,596.5999756,930.9400024,-11625.73047,2,-0.08146418406,-0.07205795106,0.8217257296,-0.9002434801,-0.4156434515,0.129031347,0.01237373439
1752419933,474.0799866,488.4100037,339.2600098,342.6000061,598.0100098,218.0599976,399.2900085,623.5800171,886.3800049,-11625.73047,2,-0.07931563114,-0.06558984065,0.8244847356,0.8714342956,0.393574554,0.2922269676,0.01745675931
1752419933,474.0799866,488.4100037,339.2600098,342.6000061,598.0100098,218.0599976,399.2900085,623.5800171,886.3800049,-11625.73047,2,-0.08679926207,-0.069144095,0.8685187727,0.8904874556,0.4222891322,-0.1533717027,0.07197986603
1752419934,474.0799866,488.4100037,339.2600098,342.6000061,598.0100098,217.9700012,399.2900085,623.5,845.6799927,-11625.73047,2,-0.1022903955,-0.06101246241,0.8633890116,0.8564514627,0.3834274642,0.3176872149,0.1361950999
1752419934,474.0799866,488.4100037,339.2600098,342.6000061,598.0100098,217.9700012,399.2900085,623.5,845.6799927,-11625.73047,0,-0.1159904005,-0.05347041977,0.8433282086,0.7068169201,0.407258923,0.1711919018,0.5524883201
1752419934,474.0799866,488.4100037,339.2600098,342.6000061,598.0100098,217.9700012,399.2900085,623.5,840.8499756,-11625.73047,2,-0.1023035961,-0.06241884152,0.8635002327,0.8565656178,0.3832405461,0.3179749116,0.1353291609
1752419934,474.0799866,488.4100037,339.2600098,342.6000061,598.0100098,217.9700012,399.2900085,623.5,840.8499756,-11625.73047,0,-0.1160088004,-0.05484509821,0.8434624755,0.7072648154,0.4071703105,0.1715063301,0.5518825942
1752419934,474.0799866,488.4100037,339.2600098,342.6000061,598.0100098,218.0599976,399.2000122,623.5,840.8499756,-11625.73047,2,-0.1024989118,-0.06571393034,0.8702071568,-0.8776874268,-0.4193503984,0.1768351472,0.1501311253
1752419934,474.0799866,488.4100037,339.2600098,342.6000061,598.0100098,218.0599976,399.2000122,623.5,840.8499756,-11625.73047,2,-0.1029722245,-0.06425604686,0.8742314093,-0.8872086994,-0.4060703269,0.1907128923,0.1076856815
1752419935,474.0799866,488.4100037,339.2600098,342.6000061,598.0100098,218.0599976,399.2000122,623.5,840.8499756,-11625.73047,2,-0.1009165911,-0.06382499871,0.8636031679,0.8569668454,0.3832005433,0.3174263705,0.1341852038
1752419935,474.0799866,488.4100037,339.2600098,342.6000061,598.0100098,218.0599976,399.2000122,623.5,840.8499756,-11625.73047,0,-0.1146416368,-0.05621112935,0.8434590164,0.7078449688,0.4075130838,0.1712120671,0.5509764194
1752419935,474.0799866,488.4100037,339.2600098,342.6000061,598.0100098,217.9700012,399.2900085,623.5,840.8499756,-11625.73047,2,-0.1009165911,-0.06382499871,0.8636031679,0.8569668454,0.3832005433,0.3174263705,0.1341852038
1752419935,474.0799866,488.4100037,339.2600098,342.6000061,598.0100098,217.9700012,399.2900085,623.5,840.8499756,-11625.73047,0,-0.1089405345,-0.05373724507,0.8063257607,0.7101617985,0.3863666383,0.1622892612,0.5657324778
1752419935,474.0799866,488.4100037,339.2600098,342.6000061,598.0100098,217.9700012,399.2900085,623.5,840.8499756,-11625.73047,2,-0.1010877351,-0.06571311063,0.8701966065,-0.8775551011,-0.4192660585,0.1773688016,0.1505102156
1752419935,474.0799866,488.4100037,339.2600098,342.6000061,598.0100098,217.9700012,399.2900085,623.5,840.8499756,-11625.73047,2,-0.1002389086,-0.06466781185,0.8608026429,0.8393738658,0.3869246842,0.3363354807,0.1806079912
1752419936,474.0799866,488.4100037,339.2600098,342.6000061,598.0100098,218.0599976,421.2600098,622.3499756,840.8499756,-11625.73047,2,-0.1032767651,-0.06419595565,0.8687259153,0.8521600336,0.3983039315,0.3264236125,0.09287023477
1752419937,474.0799866,488.4100037,339.2600098,342.6000061,598.0100098,218.0599976,475.6600037,622.3499756,840.8499756,-11625.73047,2,-0.09373115788,-0.06435469142,0.8299541623,-0.8703189741,-0.415996183,0.2103095437,0.1589400984
1752419937,474.0799866,488.4100037,339.2600098,342.6000061,598.0100098,218.0599976,486.7399902,622.3499756,840.7600098,-11625.73047,2,-0.09884191018,-0.06466634933,0.8607827341,0.8396681052,0.3871024419,0.3355431946,0.1803328508
1752419937,474.0799866,488.4100037,339.2600098,342.6000061,598.0100098,218.0599976,486.7399902,622.3499756,840.7600098,-11625.73047,2,-0.1010877351,-0.06571311063,0.8701966065,-0.8775551011,-0.4192660585,0.1773688016,0.1505102156
1752419937,474.0799866,488.4100037,339.2600098,342.6000061,598.0100098,218.0599976,486.7399902,622.3499756,840.7600098,-11625.73047,0,-0.1146772812,-0.05794126579,0.8538768221,0.7004035215,0.4070240557,0.1537471726,0.5657986674
1752419937,474.0799866,488.4100037,339.2600098,342.6000061,598.0100098,218.0599976,486.7399902,622.3499756,840.7600098,-11625.73047,2,-0.09885649344,-0.06607021086,0.8609095944,0.839822658,0.3869003561,0.3358295826,0.1795118629
1752419938,474.0799866,488.4100037,339.2600098,342.6000061,598.0100098,217.9700012,486.7399902,622.3499756,840.8499756,-11625.73047,2,-0.09907749596,-0.0670256696,0.8689296473,0.8531878367,0.3982696392,0.324534666,0.09016130204
1752419938,474.0799866,488.4100037,339.2600098,342.6000061,598.0100098,217.9700012,486.7399902,622.3499756,840.8499756,-11625.73047,2,-0.09887484622,-0.06653029806,0.8671460156,0.8544910156,0.3875666946,0.3422714501,0.04987400009
1752419938,474.0799866,488.4100037,339.2600098,342.6000061,598.0100098,217.9700012,486.7399902,622.3499756,840.8499756,-11625.73047,0,-0.1118895428,-0.05756781935,0.8433174288,0.7085547285,0.4082872828,0.1703105502,0.5497690496
1752419938,474.0799866,488.4100037,339.2600098,342.6000061,598.0100098,218.0599976,490.9599915,621.2999878,840.8499756,-11625.73047,2,-0.09850219709,-0.06645237464,0.8660163889,-0.8564168396,-0.4406531164,0.2160165982,0.1603491728
1752419938,474.0799866,488.4100037,339.2600098,342.6000061,598.0100098,218.0599976,503.5299988,621.1199951,840.8499756,-11625.73047,2,-0.09270195455,-0.06626728367,0.8327881945,-0.8777502157,-0.4036984378,0.2253454153,0.1257043119
1752419938,474.0799866,488.4100037,339.2600098,342.6000061,598.0100098,218.0599976,503.5299988,621.1199951,840.8499756,-11625.73047,2,-0.09561342269,-0.06988986189,0.8694613559,0.8470950854,0.3778003127,0.3465211752,0.1400711076
1752419938,474.0799866,488.4100037,339.2600098,342.6000061,598.0100098,218.0599976,503.5299988,621.1199951,840.8499756,-11625.73047,2,-0.09487747871,-0.06985762017,0.8691446901,0.8542059129,0.3982299392,0.3226347316,0.08747573336
1752419939,474.0799866,488.4100037,339.2600098,342.6000061,598.0100098,217.9700012,529.7999878,621.1199951,840.8499756,-11625.73047,2,-0.0934700952,-0.06985824254,0.8691522687,0.8544991872,0.3983473306,0.3217953784,0.0871681006
1752419939,474.0799866,488.4100037,339.2600098,342.6000061,598.0100098,217.9700012,542.9000244,621.1199951,840.8499756,-11625.73047,2,-0.09126157484,-0.07138469629,0.8706116814,-0.8761753024,-0.419410976,0.1796719878,0.1553359243
1752419939,474.0799866,488.4100037,339.2600098,342.6000061,598.0100098,217.9700012,542.9000244,621.1199951,840.8499756,-11625.73047,1,-0.1053563197,-0.08252815961,0.8649766024,-0.4151246221,-0.7405793926,0.5282079884,0.01449249106
1752419939,474.0799866,488.4100037,339.2600098,342.6000061,598.0100098,217.9700012,555.8200073,621.1199951,840.8499756,-11625.73047,2,-0.08787176769,-0.0741103613,0.8694928574,0.8558591403,0.3982180555,0.3193450769,0.08334407098
1752419939,474.0799866,488.4100037,339.2600098,342.6000061,598.0100098,217.9700012,555.8200073,621.1199951,840.8499756,-11625.73047,0,-0.1009223467,-0.0657409441,0.8430194584,0.7122387351,0.4111911979,0.1673334259,0.5437253972
1752419939,474.0799866,488.4100037,339.2600098,342.6000061,598.0100098,217.9700012,555.8200073,621.1199951,840.8499756,-11625.73047,2,-0.08595593578,-0.07403375659,0.8644069403,0.8522520345,0.4079117128,0.3027982076,0.1248509098
1752419939,474.0799866,488.4100037,339.2600098,342.6000061,598.0100098,217.9700012,555.8200073,621.1199951,840.8499756,-11625.73047,0,-0.09806380105,-0.0648712967,0.8275641016,0.699935508,0.4354804182,0.1651845126,0.5414435953
1752419939,474.0799866,488.4100037,339.2600098,342.6000061,598.0100098,218.0599976,568.3900146,621.1199951,840.8499756,-11625.73047,2,-0.08563980258,-0.07422274836,0.8708223181,-0.87539616,-0.4194273566,0.1811038528,0.1579988928
1752419940,474.0799866,488.4100037,339.2600098,342.6000061,598.0100098,218.0599976,569.5300293,621.1199951,840.8499756,-11625.73047,2,-0.08628041821,-0.07093237537,0.8606906378,0.8425658062,0.3873743259,0.3313669999,0.1738387332
1752419940,474.0799866,488.4100037,339.2600098,342.6000061,598.0100098,218.0599976,569.5300293,621.1199951,840.8499756,-11625.73047,0,-0.1008913856,-0.06299063185,0.842759735,0.7113535922,0.4113779364,0.1667167442,0.5449309933
1752419940,474.0799866,488.4100037,339.2600098,342.6000061,598.0100098,218.0599976,569.5300293,621.1199951,840.8499756,-11625.73047,1,-0.1059325073,-0.0860984407,0.90302789,0.3524966794,0.680343095,0.6371638579,0.08307576252
1752419940,474.0799866,488.4100037,339.2600098,342.6000061,598.0100098,218.0599976,569.5300293,621.1199951,840.8499756,-11625.73047,2,-0.08725065517,-0.07269417349,0.869294358,-0.8734382524,-0.429907766,0.1978355549,0.1146561172
1752419940,474.0799866,488.4100037,339.2600098,342.6000061,598.0100098,218.0599976,569.5300293,621.1199951,840.8499756,-11625.73047,2,-0.08645324411,-0.07269396815,0.8693950667,0.8560803808,0.3985306222,0.3182112715,0.08391252318
1752419940,474.0799866,488.4100037,339.2600098,342.6000061,598.0100098,218.0599976,569.5300293,621.1199951,840.8499756,-11625.73047,2,-0.08645324411,-0.07269396815,0.8693950667,0.8560803808,0.3985306222,0.3182112715,0.08391252318
1752419940,474.0799866,488.4100037,339.2600098,342.6000061,598.0100098,218.0599976,569.5300293,621.1199951,840.8499756,-11625.73047,0,-0.1013499525,-0.06521109258,0.8547656128,-0.6851543428,-0.4997404022,0.03820972898,0.5285480806
1752419940,474.0799866,488.4100037,339.2600098,342.6000061,598.0100098,218.0599976,569.5300293,621.1199951,840.8499756,-11625.73047,2,-0.08724032971,-0.07127775081,0.8691912418,-0.8735223956,-0.4297106379,0.1981953431,0.1141314942
1752419940,474.0799866,488.4100037,339.2600098,342.6000061,598.0100098,218.0599976,569.5300293,621.1199951,840.8499756,-11625.73047,0,-0.1038597135,-0.06496867455,0.8699973197,-0.6818073152,-0.4885774666,0.07103052985,0.5398013596
1752419940,474.0799866,488.4100037,339.2600098,342.6000061,598.0100098,218.0599976,569.5300293,621.1199951,840.8499756,-11625.73047,2,-0.08730891695,-0.07068619587,0.8663353445,-0.8547354502,-0.4405585974,0.2193137433,0.1650361005
1752419941,474.0799866,488.4100037,339.2600098,342.6000061,598.0100098,217.9700012,589.9199829,620.2399902,840.6699829,-11625.73047,2,-0.07851217927,-0.08280843172,0.9109368665,-0.8595530737,-0.4452641807,0.1890762833,0.1647983071
1752419941,474.0799866,488.4100037,339.2600098,342.6000061,598.0100098,217.9700012,589.9199829,620.2399902,840.6699829,-11625.73047,0,-0.08727141292,-0.06884180552,0.8269456996,0.7022070022,0.4386488636,0.1614217672,0.5370619272
1752419941,474.0799866,488.4100037,339.2600098,342.6000061,598.0100098,218.0599976,616.8200073,620.2399902,840.6699829,-11625.73047,0,-0.08199192807,-0.07389969227,0.8927851039,-0.6824876799,-0.5149094598,0.05282038591,0.5160318031
1752419941,474.0799866,488.4100037,339.2600098,342.6000061,598.0100098,218.0599976,616.8200073,620.2399902,840.6699829,-11625.73047,0,-0.07673451377,-0.071488332,0.8628857101,0.7190513144,0.4557231068,0.1342139049,0.5072162112
1752419942,474.0799866,488.4100037,339.2600098,342.6000061,598.0100098,217.9700012,642.5700073,620.2399902,840.6699829,-11625.73047,0,-0.07475096154,-0.07967578945,0.8926906623,-0.68047322,-0.513110394,0.05363779954,0.5203815013
1752419942,474.0799866,488.4100037,339.2600098,342.6000061,598.0100098,218.0599976,649.5999756,620.2399902,840.6699829,-11625.73047,2,-0.05466633188,-0.07759194427,0.8497936878,-0.8163813073,-0.4710572978,0.2536314794,0.2174802425
1752419942,474.0799866,488.4100037,339.2600098,342.6000061,598.0100098,218.0599976,649.5999756,620.2399902,840.6699829,-11625.73047,0,-0.07471988616,-0.07530647818,0.8923165092,-0.6817133062,-0.5129191709,0.05497022887,0.5188055187
1752419942,474.0799866,488.4100037,339.2600098,342.6000061,598.0100098,218.0599976,649.5999756,620.2399902,840.6699829,-11625.73047,2,-0.05728038758,-0.08095029588,0.8905296314,-0.821853776,-0.4765386279,0.2260838662,0.2152983797
1752419942,474.0799866,488.4100037,339.2600098,342.6000061,598.0100098,218.0599976,649.5999756,620.2399902,840.6699829,-11625.73047,0,-0.06961216073,-0.07015647017,0.8353490812,-0.6704143506,-0.5140684765,0.0466097468,0.5330156954
1752419943,474.0799866,488.4100037,339.2600098,342.6000061,598.0100098,217.9700012,649.6900024,620.2399902,840.6699829,-11625.73047,2,-0.0554539008,-0.08012177354,0.8584146883,0.8337944984,0.4266820609,0.3263199151,0.1274537809
1752419943,474.0799866,488.4100037,339.2600098,342.6000061,598.0100098,217.9700012,649.6900024,620.2399902,840.6699829,-11625.73047,0,-0.07119353175,-0.0738115013,0.8501498677,-0.6773915129,-0.519068439,0.08412117188,0.514424263
1752419943,474.0799866,488.4100037,339.2600098,342.6000061,598.0100098,217.9700012,649.6900024,620.2399902,840.6699829,-11625.73047,2,-0.05544559007,-0.07871971868,0.8582865169,0.8336789462,0.4268988698,0.3260239282,0.1282387142
1752419943,474.0799866,488.4100037,339.2600098,342.6000061,598.0100098,218.0599976,649.5999756,620.2399902,840.6699829,-11625.73047,0,-0.06961216073,-0.07015647017,0.8353490812,-0.6704143506,-0.5140684765,0.0466097468,0.5330156954
1752419944,474.0799866,488.4100037,339.2600098,342.6000061,598.0100098,217.9700012,649.5999756,620.2399902,840.6699829,-11625.73047,0,-0.07363242866,-0.07506423751,0.8887088216,0.7156945259,0.4620415692,0.1534682308,0.5007458797
1752419944,474.0799866,488.4100037,339.2600098,342.6000061,598.0100098,217.9700012,649.6900024,620.2399902,840.6699829,-11625.73047,2,-0.05405485896,-0.07871959081,0.8582848789,0.8339517463,0.4270406047,0.325255678,0.1279435447
1752419944,474.0799866,488.4100037,339.2600098,342.6000061,598.0100098,217.9700012,649.6900024,620.2399902,840.6699829,-11625.73047,0,-0.06979744037,-0.07241514694,0.8499219405,-0.6777047486,-0.5185700118,0.08507922811,0.5143568232
1752419944,474.0799866,488.4100037,339.2600098,342.6000061,598.0100098,217.9700012,649.5999756,620.2399902,840.6699829,-11625.73047,2,-0.05440986102,-0.07856070367,0.8566446655,-0.8384528574,-0.4499322844,0.2212867731,0.2135179369
1752419944,474.0799866,488.4100037,339.2600098,342.6000061,598.0100098,217.9700012,649.5999756,620.2399902,840.6699829,-11625.73047,2,-0.05544559007,-0.07871971868,0.8582865169,0.8336789462,0.4268988698,0.3260239282,0.1282387142
1752419944,474.0799866,488.4100037,339.2600098,342.6000061,598.0100098,217.9700012,649.5999756,620.2399902,840.6699829,-11625.73047,0,-0.07151370447,-0.07206373179,0.8498872186,-0.6928183637,-0.5064785886,0.04920486127,0.5109413233
1752419945,474.0799866,488.4100037,339.2600098,342.6000061,598.0100098,217.9700012,649.5999756,620.2399902,840.6699829,-11625.73047,2,-0.05440986102,-0.07856070367,0.8566446655,-0.8384528574,-0.4499322844,0.2212867731,0.2135179369
1752419945,474.0799866,488.4100037,339.2600098,342.6000061,598.0100098,217.9700012,649.5999756,620.2399902,840.6699829,-11625.73047,0,-0.06978766831,-0.07147884657,0.8382518989,0.7075390536,0.4473979303,0.193222943,0.511750402
1752419945,474.0799866,488.4100037,339.2600098,342.6000061,598.0100098,218.0599976,649.5999756,620.2399902,840.6699829,-11625.73047,0,-0.07471988616,-0.07530647818,0.8923165092,-0.6817133062,-0.5129191709,0.05497022887,0.5188055187
1752419945,474.0799866,488.4100037,339.2600098,342.6000061,598.0100098,217.9700012,649.5999756,620.2399902,840.6699829,-11625.73047,0,-0.0710654052,-0.07127139962,0.8405279114,-0.6916060001,-0.4910360078,0.06314703988,0.5259061048
1752419945,474.0799866,488.4100037,339.2600098,342.6000061,598.0100098,217.9700012,649.5999756,620.2399902,840.6699829,-11625.73047,2,-0.05544559007,-0.07871971868,0.8582865169,0.8336789462,0.4268988698,0.3260239282,0.1282387142
1752419945,474.0799866,488.4100037,339.2600098,342.6000061,598.0100098,217.9700012,649.6900024,620.2399902,840.6699829,-11625.73047,2,-0.05440986102,-0.07856070367,0.8566446655,-0.8384528574,-0.4499322844,0.2212867731,0.2135179369
1752419945,474.0799866,488.4100037,339.2600098,342.6000061,598.0100098,217.9700012,649.6900024,620.2399902,840.6699829,-11625.73047,0,-0.06978766831,-0.07147884657,0.8382518989,0.7075390536,0.4473979303,0.193222943,0.511750402
1752419946,474.1700134,488.4100037,339.2600098,342.6000061,598.0100098,217.9700012,649.6900024,620.0700073,840.6699829,-11625.73047,2,-0.05867044044,-0.0796032114,0.9080543009,0.8471159177,0.4258812906,0.307743319,0.07945941072
1752419946,496.9299927,488.4100037,339.2600098,342.6000061,598.0100098,217.9700012,649.5100098,619.539978,840.6699829,-11625.73047,2,-0.06172662607,-0.0703020133,0.8834664057,0.8175526331,0.4387098545,0.329092254,0.1756121975
1752419946,509.6799927,488.4100037,339.2600098,342.6000061,598.0100098,218.0599976,649.4199829,619.539978,840.6699829,-11625.73047,2,-0.0672331907,-0.06319741573,0.8995953911,0.8338231296,0.4515752861,0.3045064821,0.08996972784
1752419946,522.8599854,488.4100037,339.2600098,342.6000061,598.0100098,218.0599976,649.4199829,619.539978,840.6699829,-11625.73047,2,-0.068117009,-0.06077929846,0.8907748381,-0.8360533973,-0.4885502487,0.1952930786,0.1555441568
1752419947,549.2299805,488.4100037,339.2600098,342.6000061,598.0100098,218.0599976,649.4199829,619.539978,840.6699829,-11625.73047,2,-0.0710881393,-0.05055817051,0.8886350504,0.8112795128,0.4565072282,0.3318488809,0.1526532768
1752419947,559.25,488.4100037,339.2600098,342.6000061,598.0100098,218.0599976,649.4199829,619.539978,840.6699829,-11625.73047,2,-0.07016488864,-0.04638767121,0.8713211905,-0.8149650299,-0.4826746093,0.2217484489,0.2316999073
1752419947,559.25,488.4100037,339.2600098,342.6000061,598.0100098,218.0599976,649.4199829,619.539978,840.6699829,-11625.73047,2,-0.0700705471,-0.0476426495,0.8880386146,-0.8270735821,-0.4727666204,0.2302832026,0.1985211803
1752419947,559.25,488.4100037,339.2600098,342.6000061,598.0100098,218.0599976,649.4199829,619.539978,840.6699829,-11625.73047,2,-0.06863781691,-0.04908535733,0.8881181898,-0.8267390061,-0.4728521091,0.2304717858,0.1994899866
1752419947,559.25,488.4100037,339.2600098,342.6000061,598.0100098,218.0599976,649.4199829,619.539978,840.6699829,-11625.73047,0,-0.08589672837,-0.04322562486,0.8852970549,0.7144776086,0.4619906478,0.216790373,0.4786317188
1752419947,559.6900024,488.4100037,339.2600098,342.6000061,598.0100098,218.0599976,649.4199829,619.539978,840.6699829,-11625.73047,2,-0.06951696681,-0.05209021498,0.890218286,-0.8369062093,-0.4874924342,0.1971727675,0.1518618559
1752419948,559.6900024,488.4100037,339.2600098,342.6000061,598.0100098,217.9700012,649.4199829,619.539978,840.6699829,-11625.73047,2,-0.06576511863,-0.05052785546,0.8881896828,-0.8262214341,-0.4727998451,0.2312370999,0.2008677476
1752419948,559.6900024,488.4100037,339.2600098,342.6000061,598.0100098,218.0599976,649.4199829,619.539978,840.6699829,-11625.73047,2,-0.06820868583,-0.05055831555,0.8886372425,0.8118489855,0.456814801,0.330362297,0.1519283221
1752419948,559.6900024,488.4100037,339.2600098,342.6000061,598.0100098,217.9700012,649.4199829,619.539978,840.6699829,-11625.73047,2,-0.06875693427,-0.04947359174,0.8758712806,-0.8147141993,-0.4958769619,0.2267851079,0.1972696808
1752419948,559.6900024,488.4100037,339.2600098,342.6000061,598.0100098,217.9700012,649.4199829,619.539978,840.6699829,-11625.73047,0,-0.08342596812,-0.04343052961,0.8484550918,-0.6871097403,-0.5205576834,0.08910146549,0.4989597498
1752419949,559.5999756,488.4100037,339.2600098,351.3900146,598.0100098,218.0599976,649.25,619.0999756,840.6699829,-11625.73047,2,-0.0655111123,-0.04856184512,0.8475825003,-0.8213540433,-0.467144216,0.2573513013,0.2022971199
1752419949,559.5999756,488.4100037,339.2600098,351.3900146,598.0100098,218.0599976,649.25,619.0999756,840.6699829,-11625.73047,2,-0.07108997536,-0.05235577005,0.9009810628,-0.8380928469,-0.4625810247,0.2380583721,0.164156593
1752419949,559.6900024,488.4100037,339.2600098,363.7799988,598.0999756,217.9700012,649.25,619.0999756,840.6699829,-11625.73047,2,-0.07254984783,-0.05235581699,0.9009816346,-0.8382751835,-0.4626848988,0.2374815384,0.1637678844
1752419949,559.5999756,488.4100037,339.2600098,376.7900085,598.0999756,218.0599976,649.25,619.0999756,840.6699829,-11625.73047,2,-0.07112705868,-0.05208601772,0.8545745202,0.8190746285,0.4100800861,0.3535708573,0.1895751165
1752419949,559.5999756,488.4100037,339.2600098,376.7900085,598.0999756,218.0599976,649.25,619.0999756,840.6699829,-11625.73047,0,-0.08595358929,-0.04535433308,0.8396099181,-0.7002993556,-0.4941283221,0.06530496921,0.5110315791
1752419949,559.5999756,488.4100037,339.2600098,389.7099915,598.0999756,218.0599976,649.25,619.0999756,840.6699829,-11625.73047,2,-0.07688875383,-0.06203317642,0.909187711,-0.860997551,-0.4424815517,0.1951512482,0.1575096313
1752419949,559.5999756,488.4100037,339.2600098,389.7099915,598.0999756,218.0599976,649.25,619.0999756,840.6699829,-11625.73047,2,-0.07033571635,-0.05736484592,0.8211489452,0.8351153344,0.3843174431,0.3498881906,0.1801686299
1752419949,559.5999756,488.4100037,339.2600098,389.7099915,598.0999756,218.0599976,649.25,619.0999756,840.6699829,-11625.73047,0,-0.08865597331,-0.05261451532,0.8525499168,-0.6884535135,-0.4953632582,0.04656768874,0.5277105765
1752419949,559.5999756,488.4100037,339.2600098,402.3599854,598.0999756,218.0599976,649.25,619.0999756,840.6699829,-11625.73047,2,-0.07838153396,-0.06499472456,0.9094165534,-0.8609193168,-0.4429642257,0.1938199908,0.1582227416
1752419950,559.5999756,488.4100037,339.2600098,402.3599854,598.0999756,218.0599976,649.25,619.0999756,840.6699829,-11625.73047,2,-0.07985571013,-0.06499530345,0.9094243852,-0.8610699015,-0.4430592204,0.1932581506,0.157824077
1752419950,559.5999756,488.4100037,339.2600098,402.3599854,598.0999756,218.0599976,649.25,619.0999756,840.6699829,-11625.73047,0,-0.09125313762,-0.05351097347,0.8548169533,0.7310470813,0.4095459813,0.1682068159,0.5191808174
1752419950,559.6900024,488.4100037,339.2600098,420.6400146,598.0999756,218.0599976,649.25,619.0999756,840.6699829,-11625.73047,2,-0.0792406128,-0.0639085412,0.8599626859,0.8432024302,0.3892669558,0.3260719475,0.1765162425
1752419950,559.6900024,488.4100037,339.2600098,420.6400146,598.0999756,218.0599976,649.25,619.0999756,840.6699829,-11625.73047,0,-0.09226947219,-0.05452406861,0.8291634264,-0.7114614408,-0.4689946187,0.04123692527,0.5216954876
1752419950,559.6900024,488.4100037,339.2600098,420.6400146,598.0999756,218.0599976,649.25,619.0999756,840.6699829,-11625.73047,2,-0.07867926061,-0.06367198152,0.8614171722,0.8663087436,0.3714482659,0.2878708488,0.1693095418
1752419951,559.5999756,488.4100037,339.2600098,420.730011,598.0999756,218.0599976,649.25,619.0999756,840.6699829,-11625.73047,2,-0.07864883598,-0.06280160417,0.868802741,0.8500753698,0.3806644531,0.3355774424,0.1409050036
1752419951,559.5999756,488.4100037,339.2600098,420.730011,598.0999756,218.0599976,649.25,619.0999756,840.6699829,-11625.73047,0,-0.09559977973,-0.05608287223,0.8788342509,0.7249776315,0.4268815688,0.1367914175,0.522941362
1752419951,559.5999756,488.4100037,339.2600098,420.730011,598.0999756,218.0599976,649.25,619.0999756,840.6699829,-11625.73047,2,-0.07783482414,-0.06250579015,0.8598254184,0.8433255919,0.3896460267,0.3250136686,0.1770424672
1752419951,559.5999756,488.4100037,339.2600098,420.730011,598.0999756,218.0599976,649.25,619.0999756,840.6699829,-11625.73047,0,-0.09406221543,-0.05491817432,0.8551724138,0.7312191803,0.4086225532,0.1697581394,0.519161144
1752419951,559.5999756,488.4100037,339.2600098,420.730011,598.0999756,218.0599976,649.25,619.0999756,840.6699829,-11625.73047,2,-0.08006727858,-0.06421732627,0.86891943,0.8499048003,0.3803007236,0.336646612,0.1403646989
1752419951,559.5100098,488.4100037,339.2600098,428.8200073,598.0999756,218.0599976,649.25,619.0100098,840.6699829,-11625.73047,2,-0.08747493514,-0.06902166144,0.9044736443,-0.8909429092,-0.3844197369,0.1351669093,0.200429801
1752419952,559.5100098,488.4100037,339.2600098,428.8200073,598.0999756,218.0599976,649.25,619.0100098,840.6699829,-11625.73047,2,-0.08752806422,-0.06982763107,0.873114018,0.8736921938,0.3203863438,0.3526894503,0.09810551942
1752419952,559.5100098,488.4100037,339.2600098,442.8800049,598.0999756,218.0599976,649.25,619.0100098,840.6699829,-11625.73047,2,-0.09833222547,-0.07740058987,0.9168510092,-0.9050733228,-0.3459773259,0.1848801427,0.1641989741
1752419952,559.5100098,488.4100037,339.2600098,468.2799988,598.1799927,218.0599976,649.25,619.0100098,840.6699829,-11625.73047,2,-0.1104644409,-0.07918213564,0.8671395525,0.9010317686,0.2775230115,0.3255756235,0.0715768363
1752419952,559.5100098,488.4100037,339.2600098,480.9400024,598.1799927,218.0599976,649.25,619.0100098,840.6699829,-11625.73047,2,-0.1119923789,-0.07938552569,0.8618640485,-0.9156493055,-0.2991421375,0.2069217434,0.1711248755
1752419952,559.5100098,488.4100037,339.2600098,480.9400024,598.1799927,218.0599976,649.25,619.0100098,840.6699829,-11625.73047,0,-0.1221912528,-0.06681571337,0.8317411013,-0.7074924275,-0.4484993504,-0.06950955936,0.5417298393
1752419952,559.5100098,488.4100037,339.2600098,480.9400024,598.1799927,218.0599976,649.25,619.0100098,840.6699829,-11625.73047,2,-0.1113095856,-0.07896114764,0.8494998823,0.8947673221,0.2390754759,0.3415085169,0.1600196523
1752419953,559.5100098,488.4100037,339.2600098,492.2799988,598.1799927,218.0599976,649.25,619.0100098,840.6699829,-11625.73047,2,-0.1095189738,-0.07740218469,0.8222696845,-0.9068998948,-0.3007592886,0.2349912158,0.1784812587
1752419953,559.5100098,488.4100037,339.2600098,493.5899963,598.1799927,218.0599976,649.25,618.9299927,840.6699829,-11625.73047,2,-0.1095759178,-0.07730964909,0.821076795,0.8927594433,0.2591715755,0.3480556651,0.1211112087
1752419953,559.5100098,488.4100037,339.2600098,493.5899963,598.1799927,218.0599976,649.25,618.9299927,840.6699829,-11625.73047,2,-0.1095759178,-0.07730964909,0.821076795,0.8927594433,0.2591715755,0.3480556651,0.1211112087
1752419953,559.5100098,488.4100037,339.2600098,493.5899963,598.1799927,218.0599976,649.25,618.6599731,840.6699829,-11625.73047,2,-0.1133051302,-0.08012127283,0.8620526623,0.8930185322,0.254409487,0.3499439752,0.1238262023
1752419953,559.5100098,488.4100037,339.2600098,493.5899963,598.1799927,218.0599976,649.25,618.6599731,840.6699829,-11625.73047,2,-0.1134130821,-0.08079880523,0.8620488671,-0.9157009642,-0.2994551909,0.2060379444,0.1713671449
1752419953,559.5100098,488.4100037,339.2600098,493.5899963,598.1799927,218.0599976,649.25,618.6599731,840.6699829,-11625.73047,2,-0.1082419965,-0.07730712409,0.8210495187,0.8930711074,0.2593039699,0.3472019165,0.1209804842
1752419954,559.5100098,488.4100037,339.2600098,493.5899963,598.1799927,218.0599976,649.25,618.6599731,840.6699829,-11625.73047,2,-0.1095759178,-0.07730964909,0.821076795,0.8927594433,0.2591715755,0.3480556651,0.1211112087
1752419954,559.5100098,488.4100037,339.2600098,493.5899963,598.1799927,218.0599976,649.25,618.6599731,840.6699829,-11625.73047,2,-0.1095759178,-0.07730964909,0.821076795,0.8927594433,0.2591715755,0.3480556651,0.1211112087
1752419954,559.3400269,488.4100037,339.2600098,493.5899963,598.1799927,218.0599976,649.25,618.4000244,840.6699829,-11625.73047,2,-0.1147268455,-0.08153515088,0.8622402596,0.8928324095,0.2540745703,0.3509274239,0.1230704853
1752419955,559.3400269,488.4100037,339.2600098,531.7399902,598.1799927,218.0599976,649.25,618.2199707,840.6699829,-11625.73047,2,-0.1548770556,-0.08452030705,0.8538660006,-0.9456038057,-0.2006216186,0.1893317457,0.1724468003
1752419956,559.3400269,488.4100037,339.2600098,561.9699707,598.1799927,218.0599976,649.25,618.2199707,840.6699829,-11625.73047,2,-0.1563210777,-0.07873020982,0.8049050077,0.9090456234,0.1431358496,0.3636200909,0.1446672482
1752419956,559.3400269,488.4100037,339.2600098,561.9699707,598.1799927,218.0599976,649.25,618.2199707,840.6699829,-11625.73047,2,-0.1559760684,-0.07887665473,0.803133747,0.9123648287,0.1362036703,0.3711253822,0.1063246456
1752419956,559.3400269,488.4100037,339.2600098,561.9699707,600.0300293,218.0599976,649.25,618.2199707,840.6699829,-11625.73047,2,-0.1620415258,-0.08331684055,0.8413335797,0.9229909807,0.1418534934,0.3296731465,0.1388555093
1752419956,559.3400269,488.4100037,339.2600098,561.9699707,600.0300293,218.0599976,649.25,618.2199707,840.6699829,-11625.73047,2,-0.1533882551,-0.08018515667,0.8032104213,0.9131952035,0.1362396415,0.3693277112,0.1054055125
1752419957,559.25,488.4100037,339.2600098,559.3400269,666.5599976,218.0599976,649.25,618.2199707,840.6699829,-11625.73047,2,-0.1631143898,-0.07228728395,0.8398402525,0.9212485604,0.1429348958,0.3308461456,0.1463268034
1752419958,559.25,488.4100037,339.2600098,559.3400269,686.1599731,218.0599976,649.25,618.2199707,840.6699829,-11625.73047,2,-0.1587235279,-0.06405124563,0.8394595912,-0.9453010647,-0.1891621448,0.1774862563,0.1977933489
1752419958,559.25,488.4100037,339.2600098,559.3400269,686.1599731,218.0599976,649.25,618.2199707,840.6699829,-11625.73047,2,-0.1544841571,-0.0626016562,0.8205857348,-0.9465115908,-0.1853071449,0.1332111891,0.2281049092
1752419958,559.25,488.4100037,339.2600098,559.3400269,686.1599731,218.0599976,649.25,618.2199707,840.6699829,-11625.73047,2,-0.1658115328,-0.06735568107,0.8774857089,0.9217492519,0.1331511031,0.3300355134,0.154031361
1752419958,559.25,488.4100037,339.2600098,559.3400269,686.25,218.0599976,649.25,618.2199707,840.6699829,-11625.73047,2,-0.1698796279,-0.07181151772,0.8759743926,-0.9614479121,-0.1702672629,0.1497115575,0.1556066225
1752419958,559.25,488.4100037,339.2600098,559.3400269,686.25,218.0599976,649.25,618.2199707,840.6699829,-11625.73047,2,-0.1613554552,-0.06668157521,0.8217257516,-0.9467430428,-0.1865310471,0.1294686657,0.2283016512
1752419959,559.25,488.4100037,339.2600098,559.3400269,686.25,218.0599976,649.25,618.2199707,840.6699829,-11625.73047,2,-0.1588742789,-0.0681391902,0.8390064309,0.9215938407,0.1437907354,0.3281972416,0.149250085
1752419959,559.25,488.4100037,339.2600098,559.3400269,686.25,218.0599976,649.25,618.2199707,840.6699829,-11625.73047,2,-0.1559399277,-0.06664297707,0.8212517392,-0.946230899,-0.1859488168,0.1317760451,0.2295761252
1752419959,559.25,488.4100037,339.2600098,559.3400269,686.25,218.0599976,649.25,618.2199707,840.6699829,-11625.73047,2,-0.1613554552,-0.06668157521,0.8217257516,-0.9467430428,-0.1865310471,0.1294686657,0.2283016512
1752419960,559.1599731,528.4000244,339.2600098,557.2299805,686.25,218.0599976,649.25,617.8699951,840.6699829,-11625.73047,2,-0.1626729733,-0.06534507976,0.8216553577,-0.9470034544,-0.1865115729,0.1291859646,0.2273958598
1752419961,559.1599731,568.5599976,339.2600098,557.2299805,686.25,218.0599976,649.25,617.8699951,840.6699829,-11625.73047,2,-0.1793266127,-0.06276232812,0.8404017112,-0.9474463739,-0.1907662223,0.169392643,0.1930278465
1752419961,559.1599731,576.7399902,339.2600098,557.2299805,686.25,218.0599976,649.25,617.8699951,840.6699829,-11625.73047,2,-0.1888878928,-0.06747201329,0.8790159155,0.9168485363,0.1310327162,0.3445154637,0.153389322
1752419961,559.1599731,576.7399902,339.2600098,557.2299805,686.25,218.0599976,649.25,617.8699951,840.6699829,-11625.73047,1,-0.2046905559,-0.06946907595,0.8600347453,0.5290055548,0.5407796466,0.6187204902,0.2118854686
1752419961,559.1599731,576.7399902,339.2600098,557.2299805,686.25,218.0599976,649.25,617.8699951,840.6699829,-11625.73047,2,-0.1761587884,-0.06274540457,0.8224629339,-0.9484928661,-0.1876037181,0.1241652291,0.2230451161
1752419961,559.1599731,576.7399902,339.2600098,557.2299805,686.25,218.0599976,649.25,617.8699951,840.6699829,-11625.73047,1,-0.2034300141,-0.06892859262,0.8576697962,0.5409461668,0.5466671712,0.6176532755,0.1644283424
1752419961,559.1599731,576.7399902,339.2600098,557.2299805,686.25,218.0599976,649.25,617.8699951,840.6699829,-11625.73047,2,-0.1771748341,-0.06346541165,0.8355613781,0.9092571303,0.1482775252,0.3376693765,0.1929887011
1752419961,559.1599731,576.7399902,339.2600098,557.2299805,686.25,218.0599976,649.25,617.8699951,840.6699829,-11625.73047,2,-0.1793266127,-0.06276232812,0.8404017112,-0.9474463739,-0.1907662223,0.169392643,0.1930278465
1752419962,559.1599731,576.8300171,339.2600098,557.2299805,686.25,218.0599976,649.25,617.8699951,840.6699829,-11625.73047,2,-0.1808472858,-0.06550119981,0.840043478,0.9163157355,0.1419877699,0.3428018069,0.1506381999
1752419962,558.9799805,579.289978,339.2600098,556,686.25,218.0599976,649.25,617.5200195,840.6699829,-11625.73047,2,-0.1747597263,-0.06138986279,0.8221498175,-0.9485010375,-0.187299548,0.1250023592,0.222798275
1752419962,558.9799805,591.7700195,339.2600098,555.3800049,686.25,218.0599976,649.25,617.5200195,840.6699829,-11625.73047,2,-0.1834205111,-0.06140418391,0.8404422731,-0.9479421309,-0.1909150254,0.1680192593,0.1916421095
1752419963,558.9799805,605.1300049,339.2600098,555.3800049,686.25,218.0599976,649.25,617.5200195,840.6699829,-11625.73047,2,-0.2040274128,-0.05873414774,0.8411877772,-0.9500003054,-0.1922137449,0.1606671682,0.18638497
1752419963,558.9799805,618.4899902,339.2600098,555.3800049,686.25,218.0599976,649.25,617.5200195,840.6699829,-11625.73047,2,-0.2081715945,-0.05874985888,0.8414115253,-0.9503534804,-0.1925434448,0.1591492383,0.1855446149
1752419963,558.9799805,644.7700195,339.2600098,555.3800049,686.25,218.0599976,649.25,617.5200195,840.6699829,-11625.73047,2,-0.2151909591,-0.05531461135,0.8561928732,0.8731335805,0.144593429,0.4302926649,0.177704005
1752419964,558.9799805,662.1699829,339.2600098,555.3800049,686.25,218.0599976,649.25,617.5200195,840.6699829,-11625.73047,2,-0.211402462,-0.05437340119,0.8068929287,-0.93668273,-0.2121953415,0.1768896893,0.2151944194
1752419964,558.9799805,662.1699829,339.2600098,555.3800049,686.25,218.0599976,649.25,617.5200195,840.6699829,-11625.73047,2,-0.2148018128,-0.05434546221,0.841095352,0.8872497675,0.1375134635,0.3919041425,0.2007213006
1752419965,558.9799805,662.1699829,339.2600098,555.3800049,686.25,218.0599976,649.25,617.5200195,840.6699829,-11625.73047,2,-0.2143250413,-0.05630290358,0.8248486057,0.8916224195,0.1149547807,0.3929605617,0.1933309505
1752419965,558.9799805,662.1699829,339.2600098,555.3800049,686.25,218.0599976,649.25,617.5200195,840.6699829,-11625.73047,1,-0.2361991633,-0.06057594505,0.8335717945,0.5345417005,0.5639583543,0.6058430935,0.1707931237
1752419965,558.9799805,662.1699829,339.2600098,555.3800049,686.25,218.0599976,649.25,617.5200195,840.6699829,-11625.73047,2,-0.2046681149,-0.05170954456,0.8061145613,-0.9362761561,-0.2110713572,0.1799221109,0.215554809
1752419965,558.9799805,662.1699829,339.2600098,555.3800049,686.25,218.0599976,649.25,617.5200195,840.6699829,-11625.73047,2,-0.205154038,-0.05376729994,0.8020744227,0.8643493622,0.1238149218,0.4538663239,0.1776946965
1752419967,558.8099976,662.1699829,339.2600098,553.4500122,686.25,218.0599976,649.3400269,688.8900146,840.6699829,-11625.73047,2,-0.1710159381,-0.1017342801,0.8222486362,0.8854710315,0.1584357078,0.3999177092,0.1757981931
1752419967,558.8099976,662.1699829,339.2600098,553.4500122,686.25,218.0599976,649.3400269,688.8900146,840.6699829,-11625.73047,2,-0.1821771117,-0.1060345086,0.8741636887,0.8916634514,0.1814576566,0.3737763309,0.1797238515
1752419967,558.8099976,662.1699829,339.2600098,553.4500122,686.25,218.0599976,649.25,688.8900146,840.6699829,-11625.73047,2,-0.1751534573,-0.09468531921,0.8075453224,0.8705010858,0.1350155512,0.4240429245,0.2102052778
1752419968,558.8099976,662.1699829,339.2600098,553.4500122,686.25,218.0599976,649.25,688.8900146,840.6699829,-11625.73047,2,-0.1738835833,-0.094519646,0.8232078649,0.8854164202,0.1598620892,0.3983712677,0.1782756527
1752419968,558.8099976,662.1699829,339.2600098,553.4500122,686.25,218.0599976,649.25,688.8900146,840.6699829,-11625.73047,2,-0.1794414596,-0.09548457275,0.8409614301,-0.9231048371,-0.2226154099,0.1550642318,0.2725342602
1752419968,558.8099976,662.1699829,339.2600098,553.4500122,686.25,218.0599976,649.25,688.8900146,840.6699829,-11625.73047,2,-0.1796417911,-0.1010458126,0.8419018081,-0.9224314806,-0.2233585508,0.153855565,0.2748810406
1752419969,558.8099976,662.1699829,339.2600098,553.4500122,686.25,218.0599976,649.25,688.8900146,840.6699829,-11625.73047,2,-0.1749345841,-0.09411220285,0.8229100345,-0.9238447642,-0.2191824263,0.22593933,0.2177644021
1752419969,558.8099976,662.1699829,339.2600098,553.4500122,686.25,218.0599976,649.25,688.8900146,840.6699829,-11625.73047,1,-0.2037192581,-0.1036586097,0.8659711846,-0.6417198268,-0.6406334557,0.4182372755,0.05349785747
1752419969,558.8099976,662.1699829,339.2600098,553.4500122,686.25,218.0599976,649.25,688.8900146,840.6699829,-11625.73047,2,-0.1750252707,-0.09392681785,0.8238700582,0.871730079,0.1510508905,0.4277312266,0.1852465806
1752419970,558.7199707,662.1699829,339.2600098,552.1300049,710.9500122,218.0599976,649.25,686.7800293,840.6699829,-11625.73047,2,-0.169145654,-0.07899715137,0.8212480736,0.8709676221,0.1541868454,0.4239965967,0.1945988284
1752419971,558.7199707,662.1699829,339.2600098,552.1300049,772.1199951,218.0599976,649.25,686.6900024,840.6699829,-11625.73047,2,-0.1706108726,-0.06567836734,0.8466508076,0.8843132608,0.1702023388,0.3660237051,0.2346228207
1752419971,558.7199707,662.1699829,339.2600098,552.1300049,772.1199951,218.0599976,649.25,686.6900024,840.6699829,-11625.73047,2,-0.1735173748,-0.06802030446,0.8375120331,0.8786457071,0.1385350503,0.3951837283,0.2293895861
1752419971,558.7199707,662.1699829,339.2600098,552.1300049,772.1199951,218.0599976,649.25,686.6900024,840.6699829,-11625.73047,2,-0.1804529599,-0.06827003936,0.8709592514,0.8881524597,0.135481871,0.3712773214,0.2344845872
1752419971,558.7199707,662.1699829,339.2600098,552.1300049,772.1199951,218.0599976,649.25,686.6900024,840.6699829,-11625.73047,0,-0.1831410549,-0.05169466254,0.8271006651,-0.7881020768,-0.3706895056,-0.1654924716,0.4627057907
1752419972,558.6300049,662.1699829,339.2600098,550.9000244,802.4400024,218.0599976,649.25,684.8400269,840.6699829,-11625.73047,2,-0.1843001716,-0.05186941699,0.9122377063,-0.9260771892,-0.1940579355,0.180547491,0.2685612795
1752419972,558.6300049,662.1699829,339.2600098,550.9000244,815.710022,218.0599976,649.25,684.8400269,840.6699829,-11625.73047,2,-0.1674606773,-0.04749549035,0.8343783565,0.8763633805,0.142428644,0.3912574818,0.2421133815
1752419972,558.6300049,662.1699829,339.2600098,550.9000244,815.710022,218.0599976,649.25,684.8400269,840.6699829,-11625.73047,0,-0.1787590353,-0.03352341861,0.8332320604,-0.7764865089,-0.3794625995,-0.1911443526,0.4653393102
1752419972,558.6300049,662.1699829,339.2600098,550.9000244,815.710022,218.0599976,649.25,684.8400269,840.6699829,-11625.73047,2,-0.1769969191,-0.04970133593,0.8867398895,-0.920576124,-0.2287578748,0.1781743339,0.2616550046
1752419973,558.6300049,662.1699829,339.2600098,550.9000244,854.210022,218.0599976,649.25,684.8400269,840.6699829,-11625.73047,2,-0.1729773806,-0.03503510269,0.868845963,0.8860714501,0.1415598049,0.3620934687,0.2524411356
1752419973,558.6300049,662.1699829,339.2600098,550.9000244,854.210022,218.0599976,649.25,684.8400269,840.6699829,-11625.73047,0,-0.1825361059,-0.02044007353,0.8606892592,0.8264513181,0.2753329395,0.03948630115,0.4895005855
1752419973,558.6300049,662.1699829,339.2600098,550.9000244,854.210022,218.0599976,649.25,684.8400269,840.6699829,-11625.73047,2,-0.1762003054,-0.03662328123,0.890463218,0.888630697,0.1577021453,0.3683118595,0.2231857788
1752419973,558.6300049,662.1699829,339.2600098,550.9000244,855.0900269,218.0599976,649.3400269,684.8400269,840.6699829,-11625.73047,2,-0.1726099396,-0.04268424043,0.8670046912,0.8852016377,0.1398798585,0.3665842668,0.2499353139
1752419973,558.6300049,662.2600098,339.2600098,550.9000244,855.1799927,218.0599976,649.25,684.8400269,840.6699829,-11625.73047,2,-0.1830917748,-0.04125321597,0.904890103,0.8954501727,0.1360326534,0.3379736859,0.2558083131
1752419974,558.6300049,662.1699829,339.2600098,550.9000244,855.0900269,218.0599976,649.25,684.8400269,840.6699829,-11625.73047,0,-0.1864186604,-0.02440430023,0.8689213185,-0.810975562,-0.3593750262,-0.1650903464,0.4311767688
1752419974,558.6300049,662.1699829,339.2600098,550.9000244,855.1799927,218.0599976,649.25,684.8400269,840.6699829,-11625.73047,2,-0.1715726866,-0.04138257244,0.861790144,0.8756371558,0.1475402823,0.3633203681,0.2819392604
1752419974,558.6300049,662.1699829,339.2600098,550.9000244,855.1799927,218.0599976,649.25,684.8400269,840.6699829,-11625.73047,2,-0.1816353689,-0.04272119798,0.9049386674,0.895999677,0.1360589334,0.3371566511,0.2549469318
1752419974,558.6300049,662.1699829,339.2600098,550.9000244,855.1799927,218.0599976,649.25,684.8400269,840.6699829,-11625.73047,2,-0.1783440152,-0.0400161944,0.8792481567,-0.9257383118,-0.1886054202,0.1450181273,0.2939495132
1752419976,558.539978,689.5,339.2600098,550.1099854,855.0900269,218.0599976,649.25,683.0900269,840.6699829,-11625.73047,2,-0.209460668,-0.03709972327,0.9123800965,-0.9302183078,-0.1951114904,0.1731156087,0.2581789926
1752419976,558.539978,702.7700195,339.2600098,550.1099854,855.0900269,218.0599976,649.25,683,840.6699829,-11625.73047,2,-0.2066951106,-0.03770824088,0.8497632341,0.8738700255,0.1198908967,0.380733349,0.2775238158
1752419977,558.539978,746.2800293,339.2600098,550.1099854,855,218.0599976,649.25,683,840.6699829,-11625.73047,0,-0.2219303098,-0.01850207932,0.8062416444,0.8393059361,0.2550926774,0.03540837812,0.4787896389
1752419977,558.539978,746.2800293,339.2600098,550.1099854,855,218.0599976,649.25,683,840.6699829,-11625.73047,2,-0.2225947197,-0.03363732874,0.8513303362,0.85478898,0.1097762696,0.421731269,0.2818292161
1752419977,558.539978,746.2800293,339.2600098,550.1099854,855,218.0599976,649.25,683,840.6699829,-11625.73047,2,-0.2226458642,-0.0350242253,0.8515260343,0.8550763172,0.1095686452,0.4217728778,0.2809748089
1752419977,558.539978,746.2800293,339.2600098,550.1099854,855,218.0599976,649.25,683,840.6699829,-11625.73047,0,-0.2359865446,-0.02054488407,0.8547105985,-0.7665028101,-0.4175272577,-0.2491221454,0.4196219583
1752419977,558.539978,746.2800293,339.2600098,550.1099854,855,218.0599976,649.25,683,840.6699829,-11625.73047,2,-0.2208036103,-0.03561692887,0.8507086795,-0.9278997926,-0.1999620929,0.1530017179,0.274968381
1752419977,558.539978,746.2800293,339.2600098,550.1099854,855,218.0599976,649.25,683,840.6699829,-11625.73047,0,-0.2303490346,-0.02141936943,0.8442687947,0.8251599465,0.275282255,0.03125252493,0.4922946501
1752419977,558.539978,746.2800293,339.2600098,550.1099854,855,218.0599976,649.25,683,840.6699829,-11625.73047,2,-0.2239285851,-0.03611454881,0.8708927697,-0.91648616,-0.2171995247,0.189012132,0.2777623065
1752419977,558.539978,746.2800293,339.2600098,550.1099854,855,218.0599976,649.25,683,840.6699829,-11625.73047,2,-0.2147911421,-0.03359823409,0.8433406001,-0.915800296,-0.2127012068,0.1568466359,0.3024353605
1752419977,558.539978,746.2800293,339.2600098,550.1099854,855,218.0599976,649.25,683,840.6699829,-11625.73047,0,-0.2173779697,-0.0190747182,0.8074459172,-0.7848866186,-0.3937828328,-0.2031873903,0.4331315747
1752419977,558.539978,746.2800293,339.2600098,550.1099854,855.0900269,218.0599976,649.25,683,840.6699829,-11625.73047,0,-0.2171409549,-0.01799158271,0.8127527553,0.8208788325,0.2874238077,-0.003954651981,0.4934874445
1752419977,558.539978,746.2800293,339.2600098,550.1099854,855.0900269,218.0599976,649.25,683,840.6699829,-11625.73047,2,-0.2133390001,-0.03221931066,0.8430016003,-0.9158620224,-0.2122731709,0.1576236227,0.3021450817
1752419977,558.539978,746.2800293,339.2600098,550.1099854,855.0900269,218.0599976,649.25,683,840.6699829,-11625.73047,2,-0.2194623161,-0.03184892753,0.8699682586,-0.9165857587,-0.2158903281,0.1912765903,0.2769028334
1752419977,558.539978,746.2800293,339.2600098,550.1099854,855.0900269,218.0599976,649.25,683,840.6699829,-11625.73047,0,-0.2237029659,-0.01717389217,0.8423327686,-0.7934797647,-0.3946184327,-0.1900743411,0.4225374544
1752419977,558.539978,746.2800293,339.2600098,550.1099854,855,218.0599976,649.25,683,840.6699829,-11625.73047,2,-0.2183489239,-0.03171058495,0.8645522438,0.8630059636,0.1418753457,0.389769178,0.2883957021
1752419977,558.539978,746.2800293,339.2600098,550.1099854,855,218.0599976,649.25,683,840.6699829,-11625.73047,0,-0.2244617205,-0.01728510357,0.8427077773,0.8238583778,0.2764488081,0.0281011172,0.4940078513
1752419978,558.539978,746.2800293,339.2600098,550.1099854,855,218.0599976,649.25,683,840.6699829,-11625.73047,0,-0.2170211854,-0.01836057905,0.8049105503,-0.8081261121,-0.3726107301,-0.1922919717,0.4136631824
1752419979,558.3699951,746.1900024,387.25,549.2299805,855.0900269,218.0599976,649.25,681.7700195,840.6699829,-11625.73047,2,-0.2175994319,-0.03360989989,0.8436330815,-0.91606919,-0.2131408605,0.1557639883,0.3018704899
1752419979,558.3699951,746.1900024,413.4400024,549.2299805,855,218.0599976,649.25,681.7700195,840.6699829,-11625.73047,0,-0.2141753119,-0.01561122081,0.7814707963,-0.7786193073,-0.3925051068,-0.2532793655,0.4189764652
1752419979,558.3699951,746.1900024,413.4400024,549.2299805,855,218.0599976,649.25,681.7700195,840.6699829,-11625.73047,2,-0.2240837466,-0.03172888371,0.8650603978,0.8616442394,0.1410490723,0.3930477136,0.2884230551
1752419979,558.3699951,746.1900024,413.4400024,549.2299805,855,218.0599976,649.25,681.7700195,840.6699829,-11625.73047,2,-0.2168123919,-0.02999891562,0.8379113071,-0.9227822747,-0.2062224558,0.2144126234,0.2448926277
1752419979,558.3699951,746.1900024,413.4400024,549.2299805,855,218.0599976,649.25,681.7700195,840.6699829,-11625.73047,0,-0.2316575785,-0.01606450755,0.8503196744,0.8255475507,0.2911717778,0.0106011655,0.4832989269
1752419979,558.3699951,746.1900024,425.480011,549.2299805,855,218.0599976,649.25,681.7700195,840.6699829,-11625.73047,2,-0.2237295385,-0.03044507102,0.8701176185,-0.917199107,-0.2162541604,0.1898743693,0.2755497417
1752419979,558.3699951,746.1900024,425.480011,549.2299805,855,218.0599976,649.25,681.7700195,840.6699829,-11625.73047,0,-0.2187200856,-0.01515345062,0.8075705161,-0.7859041455,-0.3944418291,-0.2024734563,0.4310160288
1752419979,558.3699951,746.1900024,425.480011,549.2299805,855,218.0599976,649.25,681.7700195,840.6699829,-11625.73047,2,-0.2219560569,-0.03024924836,0.864589709,-0.921835499,-0.222213166,0.1603726141,0.2740825537
1752419979,558.3699951,746.1900024,425.480011,549.2299805,855,218.0599976,649.25,681.7700195,840.6699829,-11625.73047,1,-0.2435151693,-0.03330565367,0.8705602421,0.5431737395,0.5329281056,0.6336774175,0.1392941257
1752419979,558.3699951,746.1900024,425.480011,549.2299805,855,218.0599976,649.25,681.7700195,840.6699829,-11625.73047,2,-0.2239475206,-0.03091853986,0.8737540216,-0.9184811251,-0.2083729466,0.1309534881,0.3095550385
1752419979,558.3699951,746.1900024,425.480011,549.2299805,855,218.0599976,649.25,681.7700195,840.6699829,-11625.73047,0,-0.2301872889,-0.01605812009,0.8499776945,0.8255105121,0.2914967561,0.009896885653,0.4831812158
1752419979,558.3699951,746.1900024,426.9700012,549.2299805,855.0900269,218.0599976,649.25,681.7700195,840.6699829,-11625.73047,0,-0.221514273,-0.01631818003,0.8166856516,-0.7851485657,-0.3930292209,-0.245999441,0.4105533295
1752419979,558.3699951,746.1900024,426.9700012,549.2299805,855,218.0599976,649.25,681.7700195,840.6699829,-11625.73047,2,-0.2252183541,-0.03186559331,0.8704231571,-0.9171653003,-0.216690318,0.1891246712,0.2758350534
1752419979,558.3699951,746.1900024,426.9700012,549.2299805,855,218.0599976,649.25,681.7700195,840.6699829,-11625.73047,1,-0.2561392997,-0.0366732896,0.9104087989,0.5446146978,0.5479506141,0.6216329589,0.1292958615
1752419980,558.3699951,746.1900024,426.9700012,549.2299805,855,218.0599976,649.25,681.7700195,840.6699829,-11625.73047,0,-0.223636006,-0.01632821895,0.8171858833,-0.7849502776,-0.3933432604,-0.2466062872,0.4102675716
1752419980,558.3699951,746.1900024,426.9700012,549.2299805,855,218.0599976,649.25,681.7700195,840.6699829,-11625.73047,2,-0.2138035009,-0.03019036115,0.8341591597,-0.9042915367,-0.2257497431,0.1588172811,0.3256853409
1752419980,558.3699951,746.1900024,426.9700012,549.2299805,855,218.0599976,649.25,681.7700195,840.6699829,-11625.73047,2,-0.2212153326,-0.03171970886,0.8648056216,0.8623270138,0.1414616475,0.3914079405,0.2884103807
1752419980,558.2800293,746.0999756,443.3200073,548.2600098,855,218.0599976,649.25,680.539978,840.6699829,-11625.73047,0,-0.2215103643,-0.01459580837,0.8130170259,-0.8048922605,-0.384560245,-0.2130394665,0.3985925897
1752419980,558.2800293,746.0999756,443.3200073,548.2600098,855,218.0599976,649.25,680.539978,840.6699829,-11625.73047,2,-0.2270011139,-0.0304373062,0.8800758244,-0.9157190714,-0.2468274534,0.1608349119,0.273252487
1752419980,558.2800293,746.0999756,456.4200134,548.2600098,855,218.0599976,649.3400269,680.539978,840.6699829,-11625.73047,2,-0.2240332945,-0.03032096509,0.8648655559,0.8613515664,0.14123132,0.3929845471,0.2892928259
1752419981,558.2800293,746.0999756,456.4200134,548.2600098,855,218.0599976,649.3400269,680.539978,840.6699829,-11625.73047,0,-0.2206995248,-0.01412878058,0.8052394513,-0.7982564954,-0.3971879371,-0.1920328014,0.4100630602
1752419981,558.2800293,746.0999756,456.4200134,548.2600098,855,218.0599976,649.3400269,680.539978,840.6699829,-11625.73047,2,-0.2148072068,-0.02806439829,0.8292707893,0.85033806,0.1450268473,0.4172910005,0.2859381371
1752419981,558.2800293,746.0999756,483.75,548.2600098,855,218.0599976,649.25,680.539978,840.6699829,-11625.73047,0,-0.2206995248,-0.01412878058,0.8052394513,-0.7982564954,-0.3971879371,-0.1920328014,0.4100630602
1752419981,558.2800293,746.0999756,483.75,548.2600098,855,218.0599976,649.25,680.539978,840.6699829,-11625.73047,2,-0.2135066405,-0.028228981,0.8242457345,0.8412726287,0.1518616542,0.4135528713,0.3133247912
1752419981,558.2800293,746.0999756,497.5499878,548.2600098,855,218.0599976,649.25,680.539978,840.6699829,-11625.73047,0,-0.2227481986,-0.01401785958,0.8175646778,-0.776437079,-0.4172716552,-0.2429356324,0.4049840818
1752419981,558.2800293,746.0999756,497.5499878,548.2600098,855,218.0599976,649.25,680.539978,840.6699829,-11625.73047,2,-0.2290344724,-0.02963468213,0.8879554329,-0.9276256015,-0.232174266,0.1620107244,0.2436357503
1752419981,558.2800293,746.0999756,497.5499878,548.2600098,855,218.0599976,649.25,680.539978,840.6699829,-11625.73047,0,-0.2213121498,-0.0140559829,0.8135645782,0.8198099705,0.2861723952,-0.002250349604,0.4959958753
1752419981,558.2800293,746.0999756,497.5499878,548.2600098,855,218.0599976,649.25,680.539978,840.6699829,-11625.73047,2,-0.2225498971,-0.02890961126,0.8645465672,0.8614009839,0.1416203104,0.3920995445,0.2901550961
1752419981,558.2800293,746.0999756,510.6400146,548.2600098,855,218.0599976,649.25,680.539978,840.6699829,-11625.73047,0,-0.2326119598,-0.01459825814,0.8512179671,-0.7892586066,-0.4081343218,-0.2130767137,0.4063195065
1752419981,558.2800293,746.0999756,510.6400146,548.2600098,855,218.0599976,649.25,680.539978,840.6699829,-11625.73047,2,-0.2251193801,-0.02903315507,0.8700401358,-0.9175198805,-0.2162164021,0.1895515744,0.2747324826
1752419982,558.2800293,746.0999756,513.1099854,548.2600098,855,218.0599976,649.25,680.539978,840.6699829,-11625.73047,0,-0.2334678888,-0.0147810969,0.8556835245,0.8247487151,0.3054679083,-0.01308851599,0.4757179886
1752419982,558.2800293,746.0999756,513.1099854,548.2600098,855,218.0599976,649.25,680.539978,840.6699829,-11625.73047,2,-0.2233394066,-0.02884660618,0.8645216654,-0.9221370042,-0.2221973569,0.1600791331,0.273251443
1752419982,558.2800293,746.0999756,513.1099854,548.2600098,855,218.0599976,649.25,680.539978,840.6699829,-11625.73047,0,-0.2219749064,-0.01394786051,0.8135104598,-0.782099154,-0.4064223767,-0.2223732864,0.4167635859
1752419982,558.2800293,746.0999756,513.1099854,548.2600098,855,218.0599976,649.25,680.539978,840.6699829,-11625.73047,2,-0.2233394066,-0.02884660618,0.8645216654,-0.9221370042,-0.2221973569,0.1600791331,0.273251443
1752419982,558.2800293,746.0999756,513.1099854,548.2600098,855,218.0599976,649.25,680.539978,840.6699829,-11625.73047,0,-0.2227481986,-0.01401785958,0.8175646778,-0.776437079,-0.4172716552,-0.2429356324,0.4049840818
1752419982,558.2800293,746.0999756,513.1099854,548.2600098,855,218.0599976,649.25,680.539978,840.6699829,-11625.73047,2,-0.2233394066,-0.02884660618,0.8645216654,-0.9221370042,-0.2221973569,0.1600791331,0.273251443
1752419982,558.2800293,746.0999756,513.1099854,548.2600098,855,218.0599976,649.25,680.539978,840.6699829,-11625.73047,1,-0.2464327484,-0.03249152936,0.8771797013,0.5320707134,0.5559192032,0.6286725043,0.1123631516
1752419983,558.2800293,746.0999756,513.1099854,548.2600098,855,218.0599976,649.25,680.539978,840.6699829,-11625.73047,0,-0.2227481986,-0.01401785958,0.8175646778,-0.776437079,-0.4172716552,-0.2429356324,0.4049840818
1752419983,558.2800293,746.0999756,513.1099854,548.2600098,855,218.0599976,649.25,680.539978,840.6699829,-11625.73047,2,-0.2290344724,-0.02963468213,0.8879554329,-0.9276256015,-0.232174266,0.1620107244,0.2436357503
1752419983,558.2800293,746.0999756,513.1099854,548.2600098,855,218.0599976,649.25,680.539978,840.6699829,-11625.73047,0,-0.2227481986,-0.01401785958,0.8175646778,-0.776437079,-0.4172716552,-0.2429356324,0.4049840818
1752419983,558.2800293,746.0999756,513.1099854,548.2600098,855,218.0599976,649.25,680.539978,840.6699829,-11625.73047,2,-0.2290344724,-0.02963468213,0.8879554329,-0.9276256015,-0.232174266,0.1620107244,0.2436357503
1752419983,558.2800293,746.0999756,513.1099854,548.2600098,855,218.0599976,649.25,680.539978,840.6699829,-11625.73047,1,-0.263997489,-0.03400195821,0.9383200609,0.5367102963,0.535127937,0.6317998297,0.1625088429
1752419983,558.2800293,746.0999756,513.460022,548.2600098,855,218.0599976,649.25,680.539978,840.6699829,-11625.73047,0,-0.2227481986,-0.01401785958,0.8175646778,-0.776437079,-0.4172716552,-0.2429356324,0.4049840818
1752419983,558.2800293,746.0999756,513.460022,548.2600098,855,218.0599976,649.25,680.539978,840.6699829,-11625.73047,2,-0.2225498971,-0.02890961126,0.8645465672,0.8614009839,0.1416203104,0.3920995445,0.2901550961
1752419984,558.1900024,745.9299927,513.460022,547.289978,855,218.0599976,650.7399902,679.8300171,840.6699829,-11625.73047,0,-0.2213121498,-0.0140559829,0.8135645782,0.8198099705,0.2861723952,-0.002250349604,0.4959958753
1752419984,558.1900024,745.9299927,513.460022,547.289978,855,218.0599976,650.7399902,679.8300171,840.6699829,-11625.73047,2,-0.2225498971,-0.02890961126,0.8645465672,0.8614009839,0.1416203104,0.3920995445,0.2901550961
1752419984,558.1900024,745.9299927,513.460022,547.289978,855,218.0599976,650.7399902,679.8300171,840.6699829,-11625.73047,0,-0.2201179538,-0.01590722964,0.8127396388,-0.8046304839,-0.3841383874,-0.2129235447,0.3995885981
1752419984,558.1900024,745.9299927,513.460022,547.289978,855,218.0599976,650.7399902,679.8300171,840.6699829,-11625.73047,2,-0.2194167895,-0.03024659639,0.8547005398,-0.9092736856,-0.2360501334,0.1630161577,0.3015417574
1752419984,558.1900024,745.9299927,513.460022,547.289978,855,218.0599976,674.9099731,679.75,840.6699829,-11625.73047,2,-0.2208037184,-0.04065510429,0.8852369387,-0.9086568979,-0.2416807241,0.1933399951,0.2802725742
1752419984,558.1900024,745.9299927,513.460022,547.289978,855,218.0599976,674.9099731,679.75,840.6699829,-11625.73047,2,-0.2186559324,-0.04188141828,0.8809263016,-0.9135167177,-0.2473485829,0.1620027517,0.2793939754
1752419984,558.1900024,745.9299927,513.460022,547.289978,855,218.0599976,687.1300049,679.75,840.6699829,-11625.73047,2,-0.209826447,-0.04121640676,0.851304198,0.8592391515,0.1613285054,0.4146642875,0.2524573679
1752419984,558.1900024,745.9299927,513.460022,547.289978,855,218.0599976,687.1300049,679.75,840.6699829,-11625.73047,0,-0.2084037667,-0.02709945641,0.803106384,-0.7953862902,-0.39331441,-0.1914836289,0.4195216849
1752419984,558.1900024,745.9299927,513.460022,547.289978,855,218.0599976,687.1300049,679.75,840.6699829,-11625.73047,2,-0.2071987642,-0.04260780583,0.8457885885,-0.9090164506,-0.2501275877,0.188330605,0.2750579315
1752419984,558.1900024,745.9299927,513.460022,547.289978,855,218.0599976,699.1699829,679.75,840.6699829,-11625.73047,0,-0.2181864401,-0.02998793534,0.8448409853,0.8171247836,0.3183102321,0.003555986303,0.4805965451
1752419984,558.1900024,745.9299927,513.460022,547.289978,855,218.0599976,699.1699829,679.75,840.6699829,-11625.73047,2,-0.216980823,-0.0456395455,0.8905482734,0.8568226075,0.1500145574,0.4213492725,0.2565452053
1752419985,558.1900024,745.9299927,513.460022,547.289978,855,218.0599976,711.4699707,679.75,840.6699829,-11625.73047,2,-0.2116602662,-0.05047615246,0.881515278,-0.9117450935,-0.247616229,0.1631426866,0.2842385467
1752419985,558.1900024,745.9299927,513.460022,547.289978,855,218.0599976,723.7800293,679.75,840.6699829,-11625.73047,0,-0.2103396466,-0.04281358873,0.8434758962,-0.7721758776,-0.4253889473,-0.2129249471,0.4212500734
1752419985,558.1900024,745.9299927,513.460022,547.289978,855,218.0599976,727.210022,679.75,840.6699829,-11625.73047,2,-0.1956426442,-0.05239362766,0.8481079308,0.8422463229,0.1606970887,0.4331803984,0.2777630639
1752419985,558.1900024,745.9299927,513.460022,547.289978,855,218.0599976,727.210022,679.75,840.6699829,-11625.73047,0,-0.2074018173,-0.03867662281,0.8426437224,-0.7734484166,-0.4251005062,-0.2105086793,0.4204202688
1752419986,558.1900024,745.9299927,513.460022,547.289978,855,218.0599976,727.210022,679.8300171,840.6699829,-11625.73047,0,-0.2079817323,-0.04002162299,0.8422279838,-0.7724485138,-0.4248979331,-0.2114583726,0.421983882
1752419986,558.1900024,745.9299927,513.460022,547.289978,855,218.0599976,727.210022,679.8300171,840.6699829,-11625.73047,0,-0.2044601888,-0.03777568639,0.8280807221,0.8266438689,0.2966591037,0.05833026138,0.4746060164
1752419986,558.2800293,745.9299927,513.460022,547.289978,855,218.0599976,727.210022,679.75,840.6699829,-11625.73047,2,-0.196306248,-0.0508456719,0.8460949583,-0.9067276457,-0.2499507284,0.1912070102,0.2807302783
1752419986,558.2800293,745.9299927,513.460022,547.289978,855,218.0599976,727.210022,679.75,840.6699829,-11625.73047,0,-0.2101604692,-0.0381399841,0.85112404,0.8301370492,0.312168662,-0.02199369534,0.4614536632
1752419986,558.2800293,745.9299927,513.460022,547.289978,855,218.0599976,727.210022,679.75,840.6699829,-11625.73047,0,-0.2070220993,-0.03807416596,0.8369541053,-0.7918872416,-0.4158116735,-0.1757009647,0.4112717104
1752419986,558.2800293,745.9299927,513.460022,547.289978,855,218.0599976,727.210022,679.75,840.6699829,-11625.73047,2,-0.2022167787,-0.05308183481,0.8715963716,-0.8973447662,-0.2607636503,0.166973853,0.3144748348
1752419986,558.1900024,745.9299927,513.8099976,546.5,855,218.0599976,727.210022,679.4799805,840.6699829,-11625.73047,2,-0.2052041683,-0.0550412345,0.886008512,-0.9050909125,-0.241817457,0.1969941742,0.289012202
1752419986,558.1900024,745.9299927,513.8099976,546.5,855,218.0599976,727.210022,679.4799805,840.6699829,-11625.73047,2,-0.1963961355,-0.05361106793,0.8464829759,-0.9063561075,-0.2504127608,0.1907133146,0.281851889
1752419987,558.1900024,745.8400269,538.1500244,546.3300171,855,218.0599976,726.6799927,679.3900146,840.6699829,-11625.73047,2,-0.202492079,-0.04826725529,0.8480178611,0.8395593903,0.1603206353,0.4367603078,0.2804955572
1752419987,558.1900024,745.8400269,538.1500244,546.3300171,855,218.0599976,726.6799927,679.3900146,840.6699829,-11625.73047,0,-0.2046311546,-0.03373356988,0.8139980783,-0.7724738584,-0.4109374996,-0.242488459,0.4190630701
1752419987,558.1900024,745.8400269,538.1500244,546.3300171,855,218.0599976,726.6799927,679.3900146,840.6699829,-11625.73047,2,-0.2004032405,-0.04810106445,0.8460281274,-0.9075499301,-0.2500793399,0.1900608035,0.2787298678
1752419987,558.1900024,745.9299927,552.2999878,546.4199829,855,218.0599976,726.6799927,679.3900146,840.6699829,-11625.73047,0,-0.1990808264,-0.03763691572,0.8128753947,-0.7718171451,-0.4091947858,-0.2415598659,0.4225005952
1752419987,558.1900024,745.9299927,552.2999878,546.4199829,855,218.0599976,726.6799927,679.3900146,840.6699829,-11625.73047,2,-0.1990186769,-0.05350504322,0.8668546515,-0.9036337466,-0.2554329071,0.2271693538,0.2580584559
1752419987,558.1900024,745.8400269,580.1699829,546.3300171,855,218.0599976,726.6799927,679.3900146,840.6699829,-11625.73047,2,-0.2010955486,-0.04826193157,0.847922976,0.8399381147,0.1605325439,0.4359852296,0.2804463323
1752419988,558.1900024,745.8400269,593.789978,546.3300171,855,218.0599976,726.6799927,679.4799805,840.6699829,-11625.73047,2,-0.2095638238,-0.05351465815,0.8836092162,0.8496501782,0.1569042589,0.4162592645,0.2832028476
1752419988,558.1900024,745.8400269,593.789978,546.3300171,855,218.0599976,726.6799927,679.4799805,840.6699829,-11625.73047,0,-0.2136054431,-0.03750265894,0.8469493701,-0.7675865098,-0.437393385,-0.2343052997,0.4057080271
1752419988,558.1900024,745.8400269,599.6799927,546.3300171,855,218.0599976,726.6799927,679.3900146,840.6699829,-11625.73047,2,-0.1991439074,-0.05224126033,0.8465027707,-0.906846246,-0.2505769021,0.1898686138,0.2806973668
1752419988,558.1900024,745.8400269,599.6799927,546.3300171,855,218.0599976,726.6799927,679.3900146,840.6699829,-11625.73047,0,-0.2082089834,-0.03846911219,0.830871445,-0.7873540551,-0.4160899931,-0.1816161649,0.4170830591
1752419988,558.1900024,745.9299927,599.7700195,546.3300171,855,218.0599976,726.6799927,679.3900146,840.6699829,-11625.73047,0,-0.2037645065,-0.0390001023,0.8278445189,-0.7944492254,-0.4037517209,-0.1546825146,0.4265070876
1752419988,558.1900024,745.9299927,599.7700195,546.3300171,855,218.0599976,726.6799927,679.3900146,840.6699829,-11625.73047,0,-0.2055905454,-0.03806015522,0.8366467203,-0.7919487228,-0.4154909793,-0.1751615698,0.4117072881
1752419988,558.1900024,745.9299927,599.7700195,546.3300171,855,218.0599976,726.6799927,679.3900146,840.6699829,-11625.73047,0,-0.1993403395,-0.03508498102,0.807247803,-0.7905214532,-0.4013343622,-0.2100692153,0.4121619664
1752419988,558.1900024,745.9299927,599.7700195,546.3300171,855,218.0599976,726.6799927,679.3900146,840.6699829,-11625.73047,2,-0.2003563606,-0.05068003274,0.8665649462,-0.9041467049,-0.2550878318,0.2270772768,0.2566804327
1752419988,558.1900024,745.9299927,599.7700195,546.3300171,855,218.0599976,726.6799927,679.3900146,840.6699829,-11625.73047,1,-0.2425367843,-0.05961939151,0.9523241705,0.6843794006,0.5656137713,-0.4582588467,0.04128834269
1752419988,558.1900024,745.8400269,599.7700195,546.3300171,855,218.0599976,726.6799927,679.3900146,840.6699829,-11625.73047,0,-0.2021355983,-0.03773368095,0.8079657914,-0.7896261349,-0.4017297086,-0.2120570557,0.4124749851
1752419988,558.1900024,745.8400269,599.7700195,546.3300171,855,218.0599976,726.6799927,679.3900146,840.6699829,-11625.73047,2,-0.2081297962,-0.0550556504,0.8862404889,-0.9054062652,-0.2422269316,0.1958902608,0.288431299
1752419989,558.1900024,745.8400269,599.7700195,546.3300171,855,218.0599976,726.6799927,679.3900146,840.6699829,-11625.73047,2,-0.1977472298,-0.05223461976,0.846395255,-0.906694384,-0.2503796535,0.1904140042,0.2809943598
1752419989,558.1900024,745.8400269,624.289978,545.710022,855,218.0599976,726.3300171,678.960022,840.6699829,-11625.73047,0,-0.2081881808,-0.03711957878,0.8307881808,-0.7877091163,-0.4161817765,-0.1811747542,0.4165126473
1752419989,558.1900024,745.8400269,624.289978,545.710022,855,218.0599976,726.3300171,678.960022,840.6699829,-11625.73047,2,-0.2125585698,-0.05493272543,0.9070730649,0.8538596449,0.175044522,0.4175785056,0.2567319883
1752419989,558.1900024,745.8400269,624.289978,545.710022,855,218.0599976,726.3300171,678.960022,840.6699829,-11625.73047,2,-0.1977472298,-0.05223461976,0.846395255,-0.906694384,-0.2503796535,0.1904140042,0.2809943598
1752419989,558.1900024,745.8400269,624.289978,545.710022,855,218.0599976,726.3300171,678.960022,840.6699829,-11625.73047,0,-0.2084763023,-0.03944844868,0.8373487145,-0.7914756648,-0.416044701,-0.1766843829,0.4114069855
1752419989,558.1900024,745.8400269,652.1500244,545.710022,855,218.0599976,726.3300171,678.960022,840.6699829,-11625.73047,0,-0.212429588,-0.03685670008,0.8533055136,0.8284571449,0.3260601121,-0.04472473338,0.4531481663
1752419990,558.1900024,745.8400269,666.210022,545.710022,855,218.0599976,726.3300171,678.960022,840.6699829,-11625.73047,0,-0.2046213275,-0.03241351435,0.8139587988,-0.772843452,-0.4110859715,-0.2420545404,0.418486466
1752419990,558.1900024,745.8400269,666.210022,545.710022,855,218.0599976,726.3300171,678.960022,840.6699829,-11625.73047,2,-0.204537261,-0.04786554745,0.8664317432,-0.9049861378,-0.2550964168,0.2258910571,0.254753094
1752419990,558.1900024,745.8400269,666.210022,545.710022,855,218.0599976,726.3300171,678.960022,840.6699829,-11625.73047,1,-0.2368783647,-0.05377979188,0.9129027539,0.5477285021,0.5176003764,0.6530326071,0.07504500182
1752419990,558.1900024,745.8400269,679.5700073,545.710022,855,218.0599976,726.3300171,678.960022,840.6699829,-11625.73047,0,-0.2082072906,-0.03666785925,0.803703306,0.8249066016,0.3057615752,0.0295798849,0.4745144762
1752419990,558.1900024,745.8400269,685.2800293,545.710022,855,218.0599976,726.3300171,678.960022,840.6699829,-11625.73047,0,-0.2088758243,-0.03655586399,0.8036646916,-0.7842626399,-0.4160752985,-0.1918370655,0.4183443533
1752419990,558.1900024,745.8400269,685.2800293,545.710022,855,218.0599976,726.3300171,678.960022,840.6699829,-11625.73047,0,-0.2185039192,-0.03682551574,0.8393880853,-0.7917474412,-0.4184459232,-0.1795249544,0.407197482
1752419990,558.1900024,745.8400269,685.2800293,545.710022,855,218.0599976,726.3300171,678.960022,840.6699829,-11625.73047,2,-0.2081766005,-0.05106011971,0.8487862475,0.8385746436,0.1590232117,0.4400580618,0.2790216611
1752419990,558.1900024,745.8400269,685.2800293,545.710022,855,218.0599976,726.3300171,678.960022,840.6699829,-11625.73047,2,-0.2168149708,-0.05220146678,0.886523968,-0.9067152068,-0.2429742837,0.1930901084,0.2855647761
1752419990,558.1900024,745.8400269,685.2800293,545.710022,855,218.0599976,726.3300171,678.960022,840.6699829,-11625.73047,0,-0.2060293822,-0.03374661511,0.8143119627,-0.7723595938,-0.411260013,-0.2430412618,0.418636841
1752419990,558.1900024,745.8400269,685.2800293,545.710022,855,218.0599976,726.3300171,678.960022,840.6699829,-11625.73047,2,-0.1976431114,-0.04711195569,0.8287151962,-0.8833082148,-0.2765905268,0.189506169,0.3276456775
1752419992,558.1900024,745.8400269,685.1099854,545.0999756,855,218.0599976,726.2399902,678.960022,794.9699707,-11625.73047,2,-0.2174009734,-0.04550874452,0.8607775705,0.8202075445,0.1395373144,0.4407154449,0.3369848934
1752419992,558.1900024,745.8400269,685.1099854,545.0999756,855,218.0599976,725.9799805,678.960022,781.3499756,-11625.73047,0,-0.2279272357,-0.03293600565,0.8530474023,-0.7937317749,-0.4185416646,-0.2279585372,0.3779519147
1752419992,558.1900024,745.8400269,685.1099854,545.0999756,855,218.0599976,725.8900146,678.960022,767.7199707,-11625.73047,0,-0.2279272357,-0.03293600565,0.8530474023,-0.7937317749,-0.4185416646,-0.2279585372,0.3779519147
1752419992,558.1900024,745.8400269,685.1099854,545.0999756,855,218.0599976,725.8900146,678.960022,767.7199707,-11625.73047,2,-0.216026556,-0.04668492034,0.8567187834,0.8332834039,0.146958103,0.4136903057,0.3360095471
1752419993,558.1900024,745.8400269,685.1099854,545.0999756,855,218.0599976,725.8900146,678.960022,750.6699829,-11625.73047,0,-0.2181318247,-0.03332335423,0.8201437305,-0.7893088893,-0.4026831861,-0.261243151,0.3828704023
1752419993,558.1900024,745.8400269,685.1099854,545.0999756,855,218.0599976,725.8900146,678.960022,750.6699829,-11625.73047,0,-0.2254940991,-0.0347378612,0.8464995723,-0.8222178866,-0.3848494287,-0.1926564167,0.3724676754
1752419993,558.1900024,745.8400269,685.1099854,545.0999756,855,218.0599976,725.8900146,678.960022,750.6699829,-11625.73047,0,-0.2172529667,-0.03346564502,0.8155855067,-0.8085619777,-0.394504429,-0.2282208946,0.3721679822
1752419993,558.1900024,745.8400269,685.1099854,545.0999756,855,218.0599976,725.8900146,678.960022,750.6699829,-11625.73047,0,-0.2254940991,-0.0347378612,0.8464995723,-0.8222178866,-0.3848494287,-0.1926564167,0.3724676754
1752419993,558.1900024,745.8400269,685.1099854,545.0999756,855,218.0599976,725.8900146,678.960022,750.6699829,-11625.73047,0,-0.226276127,-0.03514863016,0.8481382319,-0.8127097447,-0.4089796748,-0.1907436574,0.3685856124
1752419994,558.1900024,745.8400269,685.1099854,545.0999756,855,218.0599976,725.8900146,678.960022,750.5900269,-11625.73047,0,-0.2272532174,-0.03512333789,0.8531737783,0.8397320309,0.3152930762,-2.97E-06,0.4420864083
1752419994,558.1900024,745.8400269,685.1099854,545.0999756,855,218.0599976,725.8900146,678.960022,750.6699829,-11625.73047,0,-0.226276127,-0.03514863016,0.8481382319,-0.8127097447,-0.4089796748,-0.1907436574,0.3685856124
1752419995,558.1900024,745.8400269,685.1099854,545.0999756,855,218.0599976,725.8900146,678.960022,750.6699829,-11625.73047,0,-0.2181318247,-0.03332335423,0.8201437305,-0.7893088893,-0.4026831861,-0.261243151,0.3828704023
1752419995,558.1900024,745.8400269,685.1099854,545.0999756,855,218.0599976,725.8900146,678.960022,750.6699829,-11625.73047,0,-0.226276127,-0.03514863016,0.8481382319,-0.8127097447,-0.4089796748,-0.1907436574,0.3685856124
1752419995,558.1900024,745.8400269,685.1099854,545.0999756,855,218.0599976,725.8900146,678.960022,750.5900269,-11625.73047,0,-0.226276127,-0.03514863016,0.8481382319,-0.8127097447,-0.4089796748,-0.1907436574,0.3685856124
1752419995,558.1900024,745.8400269,685.1099854,545.0999756,855,218.0599976,725.8900146,678.960022,750.6699829,-11625.73047,0,-0.2181318247,-0.03332335423,0.8201437305,-0.7893088893,-0.4026831861,-0.261243151,0.3828704023
1752419995,558.1900024,745.8400269,685.1099854,545.0999756,855,218.0599976,725.8900146,678.960022,750.5900269,-11625.73047,0,-0.2172529667,-0.03346564502,0.8155855067,-0.8085619777,-0.394504429,-0.2282208946,0.3721679822
1752419996,558.1900024,745.8400269,685.1099854,545.0999756,855,218.0599976,725.8900146,678.960022,750.6699829,-11625.73047,0,-0.2172529667,-0.03346564502,0.8155855067,-0.8085619777,-0.394504429,-0.2282208946,0.3721679822
1752419996,558.1900024,745.8400269,685.1099854,553.0100098,855,218.0599976,725.4500122,678.960022,750.5900269,-11625.73047,0,-0.2169609006,-0.03092298922,0.8095621342,-0.8236451381,-0.3612229159,-0.205644454,0.3857940514
1752419996,558.1900024,745.8400269,685.1099854,553.0100098,855,218.0599976,725.4500122,678.960022,750.5900269,-11625.73047,2,-0.2245037934,-0.04876706643,0.8818197858,0.8371206105,0.1105729917,0.4176273492,0.3355444742
1752419996,558.1900024,745.8400269,685.1099854,564.7000122,855,218.0599976,725.4500122,678.960022,750.6699829,-11625.73047,0,-0.2198218757,-0.02986834495,0.8165442884,-0.8191242165,-0.3719555248,-0.2290489213,0.3717811146
1752419996,558.1900024,745.8400269,685.1099854,564.7000122,855,218.0599976,725.4500122,678.960022,750.6699829,-11625.73047,0,-0.2266736244,-0.03041490793,0.840715313,-0.841704947,-0.3373084001,-0.1951750143,0.3737145156
1752419996,558.1900024,745.8400269,685.1099854,564.7000122,855,218.0599976,725.4500122,678.960022,750.6699829,-11625.73047,2,-0.2259182904,-0.04733570971,0.8817638409,0.8364500695,0.1105516204,0.4183412263,0.3363335232
1752419996,558.1900024,745.8400269,685.1099854,577.1799927,855,218.0599976,725.4500122,678.960022,750.5900269,-11625.73047,2,-0.2236447147,-0.04390197613,0.8633452498,0.8432906764,0.08738868606,0.4153848124,0.3296657554
1752419996,558.1900024,745.8400269,685.1099854,589.3900146,855,218.0599976,725.4500122,678.960022,750.5900269,-11625.73047,0,-0.219261879,-0.02495355964,0.8072109101,-0.8281666638,-0.3098857147,-0.2649423187,0.3845989971
1752419996,558.1900024,745.8400269,685.1099854,589.3900146,855,218.0599976,725.4500122,678.960022,750.5900269,-11625.73047,2,-0.2283876747,-0.04311686793,0.8772349918,-0.8947882009,-0.2028803019,0.1390616411,0.3726332227
1752419997,558.1900024,745.8400269,685.1099854,601.5200195,855,218.0599976,725.4500122,678.960022,750.5900269,-11625.73047,0,-0.2283399892,-0.02414054907,0.8356125392,-0.8371669687,-0.3113188672,-0.2113405267,0.3969473659
1752419997,558.1900024,745.8400269,685.1099854,613.9199829,855,218.0599976,725.4500122,678.960022,750.5900269,-11625.73047,2,-0.2234565859,-0.03826286878,0.8467303841,0.8503405625,0.04364708281,0.3896559923,0.350975879
1752419997,558.1900024,745.8400269,685.1099854,616.8200073,855.0900269,218.0599976,725.4500122,678.960022,750.5900269,-11625.73047,0,-0.2305104889,-0.0218510803,0.8385980282,-0.8426090202,-0.2982790841,-0.2347535788,0.3820083563
1752419997,558.1900024,745.8400269,685.1099854,616.8200073,855.0900269,218.0599976,725.4500122,678.960022,750.5900269,-11625.73047,2,-0.2213943904,-0.03756884746,0.8389132645,0.8368974296,0.05025649995,0.3932670649,0.3773830842
1752419997,558.1900024,745.8400269,685.1099854,616.8200073,855.0900269,218.0599976,725.4500122,678.960022,750.5900269,-11625.73047,0,-0.2305104889,-0.0218510803,0.8385980282,-0.8426090202,-0.2982790841,-0.2347535788,0.3820083563
1752419997,558.1900024,745.8400269,685.1099854,616.8200073,855.0900269,218.0599976,725.4500122,678.960022,750.5900269,-11625.73047,2,-0.2369473233,-0.04042009249,0.896181245,-0.8994223555,-0.1660741075,0.1404183323,0.3791325748
1752419997,558.1900024,745.8400269,685.1099854,616.8200073,855.0900269,218.0599976,725.4500122,678.960022,750.5900269,-11625.73047,0,-0.2305104889,-0.0218510803,0.8385980282,-0.8426090202,-0.2982790841,-0.2347535788,0.3820083563
1752419997,558.1900024,745.8400269,685.1099854,616.8200073,855.0900269,218.0599976,725.4500122,678.960022,750.5900269,-11625.73047,2,-0.2369473233,-0.04042009249,0.896181245,-0.8994223555,-0.1660741075,0.1404183323,0.3791325748
1752419997,558.1900024,745.8400269,685.1099854,616.8200073,855,218.0599976,725.4500122,678.960022,750.5900269,-11625.73047,0,-0.2305104889,-0.0218510803,0.8385980282,-0.8426090202,-0.2982790841,-0.2347535788,0.3820083563
1752419997,558.1900024,745.8400269,685.1099854,616.8200073,855,218.0599976,725.4500122,678.960022,750.5900269,-11625.73047,2,-0.2293573212,-0.03885832984,0.8677467444,0.842917814,0.06523618113,0.3944938654,0.360011652
1752419998,558.1900024,745.8400269,685.1099854,616.8200073,855.0900269,218.0599976,725.4500122,678.960022,750.5900269,-11625.73047,0,-0.2305104889,-0.0218510803,0.8385980282,-0.8426090202,-0.2982790841,-0.2347535788,0.3820083563
1752419998,558.1900024,745.8400269,685.1099854,616.8200073,855.0900269,218.0599976,725.4500122,678.960022,750.5900269,-11625.73047,2,-0.2293573212,-0.03885832984,0.8677467444,0.842917814,0.06523618113,0.3944938654,0.360011652
1752419998,558.1900024,745.8400269,685.1099854,616.8200073,855.0900269,218.0599976,725.4500122,678.960022,750.5900269,-11625.73047,0,-0.2305104889,-0.0218510803,0.8385980282,-0.8426090202,-0.2982790841,-0.2347535788,0.3820083563
1752419998,558.1900024,745.8400269,685.1099854,616.8200073,855.0900269,218.0599976,725.4500122,678.960022,750.5900269,-11625.73047,2,-0.2293573212,-0.03885832984,0.8677467444,0.842917814,0.06523618113,0.3944938654,0.360011652
1752419998,558.1900024,745.8400269,685.1099854,616.8200073,855.0900269,218.0599976,725.4500122,678.960022,750.5900269,-11625.73047,0,-0.2305104889,-0.0218510803,0.8385980282,-0.8426090202,-0.2982790841,-0.2347535788,0.3820083563
1752419998,558.1900024,745.8400269,685.1099854,616.8200073,855.0900269,218.0599976,725.4500122,678.960022,750.5900269,-11625.73047,2,-0.2293573212,-0.03885832984,0.8677467444,0.842917814,0.06523618113,0.3944938654,0.360011652
1752419998,558.1900024,745.8400269,685.1099854,616.8200073,855,218.0599976,725.4500122,678.960022,750.5900269,-11625.73047,0,-0.2305104889,-0.0218510803,0.8385980282,-0.8426090202,-0.2982790841,-0.2347535788,0.3820083563
1752419998,558.1900024,745.8400269,685.1099854,616.8200073,855,218.0599976,725.4500122,678.960022,750.5900269,-11625.73047,2,-0.2293573212,-0.03885832984,0.8677467444,0.842917814,0.06523618113,0.3944938654,0.360011652
1752419999,558.1900024,745.8400269,685.1099854,616.8200073,855,218.0599976,725.4500122,678.960022,750.5900269,-11625.73047,0,-0.2305104889,-0.0218510803,0.8385980282,-0.8426090202,-0.2982790841,-0.2347535788,0.3820083563
1752419999,558.1900024,745.8400269,685.1099854,616.8200073,855,218.0599976,725.4500122,678.960022,750.5900269,-11625.73047,2,-0.2293573212,-0.03885832984,0.8677467444,0.842917814,0.06523618113,0.3944938654,0.360011652
1752419999,558.1900024,745.8400269,685.1099854,616.8200073,855.0900269,218.0599976,725.4500122,678.960022,750.5900269,-11625.73047,2,-0.2293573212,-0.03885832984,0.8677467444,0.842917814,0.06523618113,0.3944938654,0.360011652
1752420000,558.1900024,745.8400269,685.1099854,616.8200073,855.0900269,218.0599976,725.4500122,678.960022,750.5900269,-11625.73047,2,-0.2293573212,-0.03885832984,0.8677467444,0.842917814,0.06523618113,0.3944938654,0.360011652
1752420000,558.1900024,745.8400269,685.1099854,616.8200073,855.0900269,218.0599976,725.4500122,678.960022,750.5900269,-11625.73047,0,-0.2280364487,-0.02158267408,0.8283695767,-0.8468972989,-0.2877592875,-0.2108461046,0.3943392927
1752420000,558.1900024,745.8400269,685.1099854,616.8200073,855.0900269,218.0599976,725.4500122,678.960022,750.5900269,-11625.73047,2,-0.2311612168,-0.03881057949,0.8745756319,0.8548816886,0.05832427378,0.3935199361,0.3330429965
1752420001,558.1900024,745.8400269,731.3400269,614.8800049,855,218.0599976,725.0999756,678.960022,750.5900269,-11625.73047,0,-0.2201509236,-0.02089633047,0.8021044465,-0.8333824859,-0.3005630606,-0.2430923264,0.3950210117
1752420001,558.1900024,745.8400269,731.3400269,614.8800049,855,218.0599976,725.0999756,678.960022,750.5900269,-11625.73047,2,-0.2293573212,-0.03885832984,0.8677467444,0.842917814,0.06523618113,0.3944938654,0.360011652
1752420001,558.1900024,745.8400269,767.9899902,614.8800049,855.0900269,218.0599976,725.0999756,678.960022,750.5900269,-11625.73047,2,-0.2398358465,-0.04047052537,0.8814220816,-0.9087729759,-0.152044273,0.1842725947,0.3421371481
1752420002,558.1900024,745.8400269,768.8699951,614.8800049,855,218.0599976,725.0999756,678.960022,750.5900269,-11625.73047,2,-0.2467068331,-0.04089712288,0.9066953397,-0.897642531,-0.1599082251,0.1648201732,0.3761669264
1752420002,558.1900024,745.8400269,768.8699951,614.8800049,855,218.0599976,725.0999756,678.960022,750.5900269,-11625.73047,2,-0.2240513703,-0.03760712694,0.82493709,0.830038718,0.04155966608,0.438494772,0.3420977282
1752420002,558.1900024,745.8400269,768.8699951,614.8800049,855.0900269,218.0599976,725.0999756,678.960022,750.5900269,-11625.73047,2,-0.2240513703,-0.03760712694,0.82493709,0.830038718,0.04155966608,0.438494772,0.3420977282
1752420003,558.2800293,745.8400269,783.460022,613.3900146,855,218.0599976,725.0999756,678.960022,750.5900269,-11625.73047,0,-0.2292861258,-0.02148846565,0.7999739974,-0.8297581775,-0.3025895085,-0.2508985727,0.3962207244
1752420003,558.2800293,745.8400269,783.460022,613.3900146,855,218.0599976,725.0999756,678.960022,750.5900269,-11625.73047,1,-0.2797252515,-0.0409888857,0.9322243558,-0.7674353841,-0.4947407839,0.4068757161,0.0269562531
1752420003,558.2800293,745.8400269,783.460022,613.3900146,855,218.0599976,725.0999756,678.960022,750.5900269,-11625.73047,0,-0.2296246882,-0.02104831963,0.7955310613,-0.8224136767,-0.2893700982,-0.2391738642,0.4274301736
1752420003,558.1900024,745.8400269,796.8200073,613.3900146,855,218.0599976,725.0999756,678.960022,750.5900269,-11625.73047,0,-0.2233381818,-0.02161757396,0.7770152446,0.8727006099,0.2007798589,-0.032226412,0.4438947534
1752420003,558.1900024,745.8400269,796.8200073,613.3900146,855,218.0599976,725.0999756,678.960022,750.5900269,-11625.73047,2,-0.2386328465,-0.03949976584,0.8603658069,-0.887523402,-0.1879832388,0.162481782,0.3880260085
1752420003,558.1900024,745.8400269,796.8200073,613.3900146,855,218.0599976,725.0999756,678.960022,750.5900269,-11625.73047,0,-0.2314301735,-0.0219893696,0.8063351456,-0.8265126138,-0.2990909777,-0.2964141964,0.3735774492
1752420003,558.1900024,745.8400269,796.8200073,613.3900146,855,218.0599976,725.0999756,678.960022,750.5900269,-11625.73047,2,-0.2422870482,-0.03981178984,0.8748103229,-0.8978010497,-0.1670333907,0.1825950588,0.3642968104
1752420003,558.2800293,745.8400269,809.8200073,613.2999878,855,218.0599976,725.0100098,678.960022,750.5900269,-11625.73047,0,-0.2328501043,-0.02245131165,0.811266504,-0.8262999639,-0.3126732864,-0.2713910381,0.3818516598
1752420003,558.2800293,745.8400269,809.8200073,613.2999878,855,218.0599976,725.0100098,678.960022,750.5900269,-11625.73047,2,-0.2361004251,-0.03927897197,0.8540008171,0.8364227458,0.03327248023,0.4215775142,0.348657901
1752420003,558.2800293,745.8400269,809.8200073,613.2999878,855,218.0599976,725.0100098,678.960022,750.5900269,-11625.73047,1,-0.2539895861,-0.03817060527,0.8455757479,0.6062025205,0.4633838357,0.6385644102,0.1001469867
1752420003,558.2800293,745.8400269,809.8200073,613.2999878,855,218.0599976,725.0100098,678.960022,750.5900269,-11625.73047,0,-0.2239524664,-0.02149912909,0.776988923,-0.8176684709,-0.3147947885,-0.2776141544,0.3940214385
1752420003,558.2800293,745.8400269,809.8200073,613.2999878,855,218.0599976,725.0100098,678.960022,750.5900269,-11625.73047,2,-0.2429912679,-0.04059936149,0.8750678443,0.8289041796,0.05455464137,0.4271320636,0.3570712148
1752420003,558.2800293,745.8400269,809.8200073,613.2999878,855,218.0599976,725.0100098,678.960022,750.5900269,-11625.73047,1,-0.2664217412,-0.03954949439,0.8831074133,0.7930425654,0.4709836788,-0.3863021249,0.005341540154
1752420004,558.1900024,745.8400269,849.5499878,613.3900146,855.0900269,218.0599976,725.0100098,678.960022,750.5900269,-11625.73047,0,-0.2467824421,-0.02381414753,0.7805335928,-0.8086942525,-0.3149565481,-0.3322540041,0.3693551888
1752420004,558.1900024,745.8400269,849.5499878,613.3900146,855.0900269,218.0599976,725.0100098,678.960022,750.5900269,-11625.73047,1,-0.2801697283,-0.03990422289,0.8460495165,0.6498055872,0.4394869571,0.6075082585,0.1246500272
1752420004,558.1900024,745.8400269,849.5499878,613.3900146,855.0900269,218.0599976,725.0100098,678.960022,750.5900269,-11625.73047,1,-0.2780404085,-0.040021871,0.8403643617,0.8149418259,0.4657047902,-0.3441590315,0.0233115822
1752420004,558.1900024,745.8400269,850.8699951,613.3900146,855,218.0599976,725.0100098,678.960022,750.5900269,-11625.73047,0,-0.2465728731,-0.0237614141,0.7788679117,-0.8151463735,-0.3058577797,-0.3118259529,0.3804628543
1752420004,558.1900024,745.8400269,850.8699951,613.3900146,855,218.0599976,725.0100098,678.960022,750.5900269,-11625.73047,1,-0.2780404085,-0.040021871,0.8403643617,0.8149418259,0.4657047902,-0.3441590315,0.0233115822
1752420004,558.1900024,745.8400269,850.8699951,613.3900146,855,218.0599976,725.0100098,678.960022,750.5900269,-11625.73047,0,-0.2569136112,-0.02479288224,0.8125604519,-0.8231110341,-0.3033194874,-0.308592944,0.3677715447
1752420004,558.1900024,745.8400269,850.8699951,613.3900146,855,218.0599976,725.0100098,678.960022,750.5900269,-11625.73047,1,-0.2801697283,-0.03990422289,0.8460495165,0.6498055872,0.4394869571,0.6075082585,0.1246500272
1752420004,558.1900024,745.8400269,850.8699951,613.3900146,855,218.0599976,725.0100098,678.960022,750.5900269,-11625.73047,0,-0.2467824421,-0.02381414753,0.7805335928,-0.8086942525,-0.3149565481,-0.3322540041,0.3693551888
1752420004,558.1900024,745.8400269,850.8699951,613.3900146,855,218.0599976,725.0100098,678.960022,750.5900269,-11625.73047,1,-0.2801697283,-0.03990422289,0.8460495165,0.6498055872,0.4394869571,0.6075082585,0.1246500272
1752420004,558.2800293,745.8400269,853.6799927,612.4199829,855,218.0599976,725.0100098,678.960022,750.5900269,-11625.73047,0,-0.2458078165,-0.02449364536,0.7783913162,0.8821404344,0.1859519161,-0.04267855636,0.430614305
1752420005,558.2800293,745.8400269,853.6799927,612.4199829,855,218.0599976,725.0100098,678.960022,750.5900269,-11625.73047,1,-0.2801331643,-0.04126911492,0.8459389418,0.649775953,0.4391147882,0.6079541734,0.1239400529
1752420005,558.1900024,745.8400269,878.8200073,612.1599731,855.0900269,218.0599976,724.8300171,678.960022,750.5900269,-11625.73047,2,-0.2524507927,-0.04052418571,0.809915442,0.8014389281,-0.002688576103,0.4980872579,0.3310551309
1752420005,558.1900024,745.8400269,878.8200073,612.1599731,855.0900269,218.0599976,724.8300171,678.960022,750.5900269,-11625.73047,1,-0.2692190758,-0.03871305997,0.8002680728,0.6349911052,0.4515454114,0.6239329812,0.06000560564
1752420006,558.1900024,745.8400269,929.8800049,612.1599731,855,218.0599976,724.6599731,678.960022,750.5900269,-11625.73047,1,-0.2749754856,-0.03745012985,0.780745745,0.6465417225,0.4685346763,0.5932867889,0.1023222571
1752420006,558.1900024,745.8400269,929.8800049,612.1599731,855,218.0599976,724.6599731,678.960022,750.5900269,-11625.73047,2,-0.2596760473,-0.03989448769,0.7909514632,0.7885505039,-0.01054859667,0.4947488295,0.3651033081
1752420006,558.2800293,745.8400269,930.3200073,612.1599731,855,218.0599976,724.6599731,678.960022,750.5900269,-11625.73047,1,-0.2853896841,-0.03844538156,0.8072224341,0.8291038422,0.4765871212,-0.2913182023,0.02419172796
1752420006,558.2800293,745.8400269,930.3200073,612.1599731,855,218.0599976,724.6599731,678.960022,750.5900269,-11625.73047,2,-0.2596760473,-0.03989448769,0.7909514632,0.7885505039,-0.01054859667,0.4947488295,0.3651033081
1752420006,558.2800293,745.8400269,930.4099731,611.9799805,855,218.0599976,724.6599731,678.960022,750.5900269,-11625.73047,1,-0.2833673865,-0.0385002681,0.8015045461,0.832280477,0.4597685911,-0.3070423382,0.04058389888
1752420007,558.2800293,745.8400269,950.6199951,610.9299927,855,218.0599976,724.6599731,678.960022,750.5900269,-11625.73047,1,-0.3018844487,-0.03830092748,0.805289498,0.6901177123,0.447234905,0.561886799,0.08945226716
1752420007,558.2800293,745.8400269,950.6199951,610.9299927,855,218.0599976,724.6599731,678.960022,750.5900269,-11625.73047,1,-0.3053171207,-0.03771075742,0.8054538307,0.8391157376,0.4743768041,-0.2626747217,0.04305133225
1752420007,558.2800293,745.8400269,950.6199951,610.9299927,855,218.0599976,724.6599731,678.960022,750.5900269,-11625.73047,2,-0.2993735749,-0.04169078871,0.84704444,0.7789696262,-0.01847750338,0.5163220688,0.3553539427
1752420007,558.2800293,745.9299927,977.960022,610.9299927,855,218.0599976,724.6599731,678.960022,750.5900269,-11625.73047,1,-0.2916707404,-0.03521900473,0.7653585493,0.8474576468,0.4533326889,-0.2699035267,0.05879707667
1752420007,558.2800293,745.9299927,977.960022,610.9299927,855,218.0599976,724.6599731,678.960022,750.5900269,-11625.73047,1,-0.3166363165,-0.03697262819,0.8256050992,0.8419260194,0.4873612666,-0.2315970534,0.001542252627
1752420007,558.2800293,745.8400269,991.2299805,610.8400269,855,218.0599976,724.6599731,678.960022,750.5900269,-11625.73047,1,-0.299382031,-0.03397819326,0.7724549559,0.844957401,0.4692929131,-0.2529049973,0.04301411999
1752420007,558.2800293,745.8400269,1005.210022,610.9299927,855,218.0599976,724.6599731,678.960022,750.5900269,-11625.73047,1,-0.3085492474,-0.03327086971,0.7854329298,0.8520813779,0.465336821,-0.2385876865,0.02224599697
1752420007,558.2800293,745.8400269,1005.210022,610.9299927,855,218.0599976,724.6599731,678.960022,750.5900269,-11625.73047,2,-0.3026727727,-0.03822784375,0.8242514996,0.7505151328,-0.03537017153,0.5321876974,0.3901951322
1752420008,558.2800293,745.8400269,1005.210022,610.9299927,855,218.0599976,724.6599731,678.960022,750.5900269,-11625.73047,1,-0.2942601909,-0.03230879171,0.7482828493,0.8601242859,0.4456352057,-0.2449281572,0.04007086353
1752420008,558.2800293,745.8400269,1008.460022,610.75,855.0900269,218.0599976,724.6599731,678.960022,750.5900269,-11625.73047,1,-0.3091570723,-0.03323308826,0.7856577174,0.7042549981,0.4314842424,0.5517222485,0.1159689907
1752420008,558.2800293,745.8400269,1008.460022,610.75,855.0900269,218.0599976,724.6599731,678.960022,750.5900269,-11625.73047,2,-0.2678573604,-0.0339770573,0.7262701121,0.7373088637,-0.1099483243,0.5776114186,0.3326440358
1752420008,558.2800293,745.8400269,1008.460022,610.75,855.0900269,218.0599976,724.6599731,678.960022,750.5900269,-11625.73047,1,-0.2942601909,-0.03230879171,0.7482828493,0.8601242859,0.4456352057,-0.2449281572,0.04007086353
1752420009,558.2800293,745.8400269,1044.400024,609.8699951,855,218.0599976,724.6599731,678.960022,750.5900269,-11625.73047,1,-0.3322923235,-0.02696508245,0.768972581,0.8857443673,0.4344085259,-0.1597407938,0.03505748352
1752420009,558.2800293,745.8400269,1057.680054,609.8699951,855,218.0599976,724.6599731,678.960022,750.5900269,-11625.73047,1,-0.329153976,-0.02384694367,0.7507320444,0.7436476785,0.4231005611,0.5114694171,0.07983157843
1752420010,558.2800293,745.8400269,1085.540039,609.8699951,855,218.0599976,724.6599731,678.960022,750.5900269,-11625.73047,1,-0.3277817958,-0.02143910082,0.7307359877,0.7433108191,0.3959506294,0.5306627859,0.09544177793
1752420010,558.2800293,745.8400269,1085.540039,609.8699951,855,218.0599976,724.6599731,678.960022,750.5900269,-11625.73047,1,-0.3263363593,-0.02140788141,0.727904557,0.8960905342,0.4122761034,-0.1465076047,0.07473747914
1752420010,558.2800293,745.8400269,1085.540039,609.8699951,855,218.0599976,724.6599731,678.960022,750.5900269,-11625.73047,1,-0.3263363593,-0.02140788141,0.727904557,0.8960905342,0.4122761034,-0.1465076047,0.07473747914
1752420010,558.2800293,745.8400269,1085.540039,609.8699951,855,218.0599976,724.6599731,678.960022,750.5900269,-11625.73047,1,-0.3263363593,-0.02140788141,0.727904557,0.8960905342,0.4122761034,-0.1465076047,0.07473747914
1752420010,558.2800293,745.8400269,1085.540039,609.8699951,855,218.0599976,724.6599731,678.960022,750.5900269,-11625.73047,1,-0.3277817958,-0.02143910082,0.7307359877,0.7433108191,0.3959506294,0.5306627859,0.09544177793
1752420010,558.2800293,745.8400269,1088.699951,608.9099731,855,218.0599976,724.6599731,678.960022,750.5900269,-11625.73047,1,-0.3308706185,-0.02253917691,0.7376210999,0.7481284273,0.4038457271,0.5127700242,0.1194963903
1752420026,558.2800293,745.9299927,1229.849976,605.2999878,937.2700195,218.0599976,937.3499756,678.960022,750.6699829,-11625.73047,1,-0.3403679318,-0.02955518793,0.6849122848,0.9619969903,0.2383918602,-0.1324585238,0.01363272113
1752420026,558.2800293,745.9299927,1229.849976,605.2999878,937.2700195,218.0599976,937.3499756,678.960022,750.6699829,-11625.73047,0,-0.3317291695,-0.02232602478,0.7027211837,-0.7663317928,-0.17758443,-0.6078414176,0.1082966513
1752420026,558.2800293,745.9299927,1229.849976,605.2999878,937.2700195,218.0599976,937.3499756,678.960022,750.6699829,-11625.73047,1,-0.3411036976,-0.02962503592,0.6872327458,0.7903456184,0.2209833025,0.5714169621,0.001684916757
1752420027,558.2800293,745.9299927,1229.849976,605.2999878,938.0599976,218.0599976,937.3499756,678.960022,750.5900269,-11625.73047,1,-0.3520837241,-0.03487958704,0.7085004552,0.9651630667,0.2325843668,-0.1155911336,0.03167738818
1752420027,558.2800293,745.9299927,1229.849976,605.2999878,938.0599976,218.0599976,937.2700195,678.960022,750.5900269,-11625.73047,1,-0.3450200076,-0.02940542253,0.6942800561,0.9657744501,0.21671268,-0.1338190832,0.0490691231
1752420027,558.2800293,745.9299927,1229.849976,605.2999878,938.0599976,217.9700012,937.3499756,678.960022,750.5900269,-11625.73047,1,-0.3336820428,-0.03142964632,0.6722846432,-0.7815061191,-0.2123310599,-0.5864025441,0.01719776311
1752420027,558.2800293,745.9299927,1229.849976,605.2999878,938.0599976,218.0599976,937.2700195,678.960022,750.6699829,-11625.73047,1,-0.3433721812,-0.0337728689,0.6923696742,0.8020708272,0.2092023076,0.559202898,0.01445342231
1752420027,558.2800293,745.9299927,1229.849976,605.2999878,938.0599976,218.0599976,937.2700195,678.960022,750.6699829,-11625.73047,1,-0.3448793613,-0.03276567756,0.6939968406,0.9657008878,0.2172231477,-0.1338373642,0.04820227608
1752420027,558.2800293,745.9299927,1229.849976,605.2999878,938.0599976,218.0599976,937.2700195,678.960022,750.6699829,-11625.73047,1,-0.3370732031,-0.03057618266,0.6774607078,-0.7935209995,-0.2020507187,-0.5740201871,0.0008690303972
1752420027,558.2800293,745.9299927,1229.849976,605.2999878,938.0599976,218.0599976,937.2700195,678.960022,750.6699829,-11625.73047,1,-0.3449726017,-0.03052576743,0.6941845963,0.9657499641,0.216882748,-0.1338260455,0.04877981227
1752420027,558.2800293,745.9299927,1229.849976,605.2999878,938.0599976,218.0599976,937.3499756,678.960022,750.6699829,-11625.73047,1,-0.3424249002,-0.03020003334,0.6876499158,0.7893817999,0.2204551296,0.5729493001,0.002238158066
1752420028,558.2800293,745.9299927,1229.849976,605.2999878,938.2299805,218.0599976,937.2700195,678.960022,750.5900269,-11625.73047,1,-0.3585342166,-0.03435750361,0.7223388679,0.8241263089,0.2022788785,0.5290175054,0.006289769259
1752420028,558.2800293,745.9299927,1229.849976,605.2999878,938.2299805,218.0599976,937.2700195,678.960022,750.5900269,-11625.73047,1,-0.3521085323,-0.03314180052,0.7088210659,0.8109418449,0.2173644773,0.5421671941,0.03436192374
1752420028,558.2800293,745.9299927,1229.849976,605.2999878,938.2299805,218.0599976,937.2700195,678.960022,750.5900269,-11625.73047,1,-0.3449257534,-0.03164585298,0.6940902592,0.965725451,0.217052894,-0.133832075,0.0484909294
1752420028,558.2800293,745.9299927,1229.849976,605.2999878,938.2299805,218.0599976,937.2700195,678.960022,750.5900269,-11625.73047,1,-0.3427216128,-0.03027409643,0.6893733862,-0.8111473695,-0.2190743826,-0.5422539922,0.002639662386
1752420028,558.2800293,745.9299927,1229.849976,605.2999878,938.2299805,218.0599976,937.2700195,678.960022,750.5900269,-11625.73047,1,-0.3598165226,-0.03202794843,0.7225637613,0.8238805115,0.2024807342,0.5292860124,0.008875367059
1752420029,558.2800293,745.9299927,1229.849976,605.2999878,938.2299805,218.0599976,937.3499756,678.960022,750.6699829,-11625.73047,1,-0.3449257534,-0.03164585298,0.6940902592,0.965725451,0.217052894,-0.133832075,0.0484909294
1752420029,558.2800293,745.9299927,1229.849976,605.2999878,938.2299805,218.0599976,937.3499756,678.960022,750.6699829,-11625.73047,1,-0.3449726017,-0.03052576743,0.6941845963,0.9657499641,0.216882748,-0.1338260455,0.04877981227
1752420029,558.2800293,745.9299927,1229.849976,605.2999878,938.2299805,218.0599976,937.3499756,678.960022,750.6699829,-11625.73047,0,-0.3189174103,-0.02173806592,0.6755817319,-0.7490787001,-0.1585421097,-0.6252041258,0.1512127694
1752420029,558.2800293,745.9299927,1229.849976,605.2999878,938.2299805,218.0599976,937.2700195,678.960022,750.6699829,-11625.73047,1,-0.3449726017,-0.03052576743,0.6941845963,0.9657499641,0.216882748,-0.1338260455,0.04877981227
1752420029,558.2800293,745.9299927,1229.849976,605.2999878,938.2299805,218.0599976,937.2700195,678.960022,750.6699829,-11625.73047,0,-0.3089973724,-0.02130790944,0.654008652,-0.7350790751,-0.1681654782,-0.640203633,0.1466916275
1752420029,558.2800293,745.9299927,1229.849976,605.2999878,938.2299805,218.0599976,937.2700195,678.960022,750.6699829,-11625.73047,1,-0.3449257534,-0.03164585298,0.6940902592,0.965725451,0.217052894,-0.133832075,0.0484909294
1752420030,558.2800293,745.9299927,1229.060059,605.1300049,937.8800049,218.0599976,935.4199829,678.960022,792.0700073,-11625.73047,1,-0.33171583,-0.03523719117,0.6721702372,0.7955828973,0.207178605,0.5686453849,0.02770027823
1752420030,558.2800293,745.9299927,1229.060059,605.1300049,937.8800049,218.0599976,935.4199829,678.960022,804.6400146,-11625.73047,1,-0.3424265236,-0.03723986298,0.6935836006,0.9654997393,0.2179813447,-0.1344474483,0.04709851714
1752420030,558.2800293,745.9299927,1229.060059,605.1300049,937.8800049,218.0599976,935.4199829,678.960022,817.5599976,-11625.73047,1,-0.340069168,-0.03947397964,0.6933596836,0.9653468951,0.2184017186,-0.1350479811,0.04656290499
1752420031,558.2800293,745.9299927,1229.060059,605.1300049,937.789978,218.0599976,935.4199829,678.960022,830.2999878,-11625.73047,1,-0.34603229,-0.04402069778,0.7078627437,0.9647473661,0.2339286664,-0.1168773055,0.02965795246
1752420031,558.2800293,745.9299927,1229.060059,605.1300049,937.789978,218.0599976,935.4199829,678.960022,830.2999878,-11625.73047,0,-0.3204613644,-0.03567948241,0.6913077379,-0.7590308443,-0.1664612317,-0.6227981016,0.09102395479
1752420031,558.2800293,745.9299927,1229.060059,605.1300049,937.789978,218.0599976,935.4199829,678.960022,830.2999878,-11625.73047,1,-0.3423019249,-0.04413175945,0.7010844423,0.7990580708,0.2264063949,0.5569357314,0.008302701636
1752420031,558.2800293,745.9299927,1229.060059,605.1300049,937.789978,218.0599976,935.4199829,678.960022,830.2999878,-11625.73047,0,-0.3124648845,-0.03478993436,0.6740586599,-0.744421484,-0.1730370985,-0.6310151402,0.1330966172
1752420031,558.2800293,745.9299927,1229.060059,605.1300049,937.789978,218.0599976,935.4199829,678.960022,833.289978,-11625.73047,1,-0.3362843032,-0.04015414756,0.6864862187,-0.7906301891,-0.2190477077,-0.5717061886,0.008604635107
1752420031,558.2800293,745.9299927,1229.060059,605.1300049,937.789978,218.0599976,935.4199829,678.960022,833.289978,-11625.73047,0,-0.3051798481,-0.03040862058,0.6560540746,-0.7369538988,-0.1646933525,-0.6408044556,0.1383643758
1752420031,558.2800293,745.9299927,1229.060059,605.1300049,937.8800049,218.0599976,935.4199829,678.960022,833.2000122,-11625.73047,1,-0.3460182166,-0.04342886601,0.7081083517,0.8126137255,0.21644884,0.5406350944,0.02285886108
1752420031,558.2800293,745.9299927,1229.060059,605.1300049,937.8800049,218.0599976,935.4199829,678.960022,833.2000122,-11625.73047,1,-0.3388099054,-0.04282596922,0.6930816433,0.9652205609,0.2189577657,-0.1353409721,0.04571199955
1752420031,558.2800293,745.9299927,1228.449951,605.1300049,937.5300293,218.0599976,934.0100098,678.960022,844.1900024,-11625.73047,1,-0.3448006205,-0.04571296435,0.7079639143,0.8129171886,0.2162265815,0.5403684757,0.02033765899
1752420032,558.2800293,745.9299927,1228.449951,605.1300049,937.5300293,218.0599976,934.0100098,678.960022,856.8499756,-11625.73047,1,-0.3423451401,-0.05142112688,0.7076301038,0.8133974237,0.2156093827,0.540088734,0.01419100417
1752420032,558.2800293,745.9299927,1228.449951,605.1300049,937.5300293,218.0599976,934.0100098,679.039978,882.7700195,-11625.73047,1,-0.3366119115,-0.06325863864,0.7019632814,-0.9530423099,-0.2777919698,0.1199177897,0.01271616378
1752420033,558.2800293,745.9299927,1228.449951,605.1300049,937.5300293,218.0599976,934.0100098,678.960022,912.8300171,-11625.73047,1,-0.327618196,-0.07250597452,0.6928595005,0.8044495359,0.2528080841,0.5374780004,0.008149596268
1752420033,558.2800293,745.9299927,1228.449951,605.1300049,937.5300293,218.0599976,934.0100098,679.039978,912.8300171,-11625.73047,1,-0.3193173294,-0.06803873346,0.6732759898,-0.9456990944,-0.2873756511,0.1516271895,0.008812112197
1752420033,558.2800293,745.9299927,1228.449951,605.1300049,937.5300293,218.0599976,934.0100098,678.960022,912.8300171,-11625.73047,1,-0.336827031,-0.0747694706,0.7114454579,-0.9526650501,-0.2933912323,0.07790320072,0.0167922163
1752420034,558.2800293,745.9299927,1228.449951,605.1300049,937.5300293,218.0599976,934.0100098,678.960022,912.8300171,-11625.73047,1,-0.3367605753,-0.07187831098,0.7115789463,0.8258070101,0.2498005543,0.5028073086,0.05317213081
1752420034,558.2800293,745.9299927,1228.449951,605.1300049,937.5300293,218.0599976,934.0100098,678.960022,912.8300171,-11625.73047,1,-0.3218204629,-0.06957383702,0.6806085758,0.8027995635,0.2554456105,0.5361885722,0.05255678753
1752420034,558.2800293,745.9299927,1228.449951,605.1300049,937.5300293,218.0599976,934.0100098,678.960022,912.8300171,-11625.73047,1,-0.3218215723,-0.07067625234,0.6806108353,0.8027290679,0.2552826459,0.5364785562,0.05145457205
1752420034,558.2800293,745.9299927,1228.449951,605.1300049,937.5300293,218.0599976,934.0100098,678.960022,912.8300171,-11625.73047,1,-0.3334220388,-0.07350730376,0.7051292551,0.8123523859,0.2603611117,0.5208036272,0.03254649865
1752420034,558.2800293,747.3300171,1228.449951,605.1300049,937.3499756,218.0599976,933.3099976,678.960022,912.8300171,-11625.73047,1,-0.3192459156,-0.06965770081,0.6734300185,0.7869730176,0.2407834538,0.5664224426,0.04315569973
1752420034,558.2800293,747.3300171,1228.449951,605.1300049,937.3499756,218.0599976,933.3099976,678.960022,912.8300171,-11625.73047,1,-0.3193148557,-0.06912870239,0.673270761,-0.9456522815,-0.2875665431,0.1515406962,0.009091927147
1752420034,558.2800293,747.3300171,1228.449951,605.1300049,937.3499756,218.0599976,933.3099976,678.960022,912.8300171,-11625.73047,1,-0.3180455161,-0.06824949198,0.6703315071,0.796180819,0.2486042998,0.5508177009,0.02986412596
1752420034,558.2800293,759.6400146,1228.180054,605.1300049,937.3499756,218.0599976,933.2199707,678.960022,911.9500122,-11625.73047,1,-0.31925006,-0.06747746484,0.6734389439,0.7871162349,0.2411692489,0.5658957284,0.04524876565
1752420034,558.2800293,759.6400146,1228.180054,605.1300049,937.3499756,218.0599976,933.2199707,678.960022,911.9500122,-11625.73047,1,-0.3238101832,-0.06871443694,0.6827530877,-0.9427931608,-0.3022031164,0.1380085067,0.02771253164
1752420035,558.2800293,786.8800049,1228.27002,605.1300049,937.3499756,218.0599976,933.2199707,678.960022,911.9500122,-11625.73047,1,-0.3276409028,-0.07138889328,0.6929076053,0.804584675,0.2529862505,0.5371741595,0.009240138004
1752420035,558.2800293,786.8800049,1228.27002,605.1300049,937.3499756,218.0599976,933.2199707,678.960022,911.9500122,-11625.73047,1,-0.3276409028,-0.07138889328,0.6929076053,0.804584675,0.2529862505,0.5371741595,0.009240138004
1752420035,558.2800293,786.8800049,1228.27002,605.1300049,937.3499756,218.0599976,933.2199707,678.960022,911.9500122,-11625.73047,1,-0.322400281,-0.06957943328,0.6803708333,-0.9460647888,-0.3017200611,0.1173431244,0.01253041377
1752420035,558.2800293,800.5999756,1228.180054,605.1300049,937.3499756,218.0599976,933.2199707,678.960022,911.9500122,-11625.73047,1,-0.3180455161,-0.06824949198,0.6703315071,0.796180819,0.2486042998,0.5508177009,0.02986412596
1752420035,558.2800293,827.3099976,1228.180054,605.1300049,937.3499756,218.0599976,933.2199707,678.960022,911.9500122,-11625.73047,1,-0.3355778584,-0.07028364104,0.6930695852,0.8010718564,0.2523127096,0.5426384309,0.01287286962
1752420036,558.2800293,834.3499756,1228.180054,605.1300049,937.3499756,218.0599976,933.2199707,678.960022,911.9500122,-11625.73047,1,-0.3295400389,-0.06847204181,0.6806096472,0.7991290988,0.254622245,0.541695563,0.05591165143
1752420036,558.2800293,834.3499756,1228.180054,605.1300049,937.3499756,218.0599976,933.2199707,678.960022,911.9500122,-11625.73047,1,-0.3284371327,-0.06847196692,0.6806092975,0.7996647659,0.254763844,0.5408709179,0.05559043245
1752420036,558.2800293,834.3499756,1228.180054,605.1300049,937.3499756,218.0599976,933.2199707,678.960022,911.9500122,-11625.73047,1,-0.3251674062,-0.06796810096,0.6752402375,0.9431497663,0.3048274606,-0.132146928,0.009269683023
1752420036,558.2800293,834.3499756,1228.180054,605.1300049,937.3499756,218.0599976,933.2199707,678.960022,911.9500122,-11625.73047,1,-0.3236832448,-0.06803924152,0.6732809031,-0.9459289872,-0.287261953,0.1504222137,0.00848994998
1752420036,558.1900024,834.3499756,1229.849976,605.1300049,937.1799927,218.0599976,932.8699951,678.960022,911.4299927,-11625.73047,1,-0.3236147192,-0.06856824648,0.6734391234,0.7848953411,0.2404703842,0.5692554175,0.04540448886
1752420036,558.2800293,834.3499756,1240.839966,605.1300049,937.1799927,218.0599976,932.8699951,678.960022,911.4299927,-11625.73047,1,-0.3263641931,-0.06766442013,0.664600912,0.7788269115,0.2575151949,0.571664643,0.01772292943
1752420036,558.2800293,834.3499756,1240.839966,605.1300049,937.1799927,218.0599976,932.8699951,678.960022,911.4299927,-11625.73047,1,-0.3411823757,-0.07252655467,0.6930489791,0.7981814976,0.2513442078,0.5473354757,0.01250052254
1752420036,558.2800293,834.3499756,1252.969971,605.1300049,937.1799927,218.0599976,932.8699951,678.960022,911.4299927,-11625.73047,1,-0.3350539346,-0.07343186463,0.6806093047,0.7969508196,0.2538334055,0.545714739,0.05131682878
1752420037,558.2800293,834.3499756,1252.969971,605.1300049,937.1799927,218.0599976,932.8699951,678.960022,911.4299927,-11625.73047,1,-0.3409967264,-0.07753456359,0.6926710839,0.798223265,0.2511807328,0.5474584919,0.006087557309
1752420054,558.1900024,834.3499756,1034.910034,605.1300049,936.8300171,218.0599976,932.5200195,678.960022,910.9899902,-11625.73047,0,-0.3274880349,-0.04103292881,0.6560253492,-0.7443601371,-0.01869858908,-0.6223084264,0.2414758198
1752420054,558.2800293,834.3499756,1016.02002,605.1300049,936.8300171,218.0599976,932.5200195,678.960022,910.9899902,-11625.73047,2,-0.376042333,-0.07416538768,0.7643881817,0.7218576882,-0.363024465,0.4369936773,0.3951850729
1752420058,558.1900024,825.6400146,1015.929993,605.1300049,936.8300171,218.0599976,932.5200195,678.960022,910.9899902,-11625.73047,0,-0.3229880165,-0.0431242759,0.6555214178,-0.7458864722,-0.01784869323,-0.6196212607,0.2437299489
1752420058,558.1900024,798.8400269,1015.929993,605.1300049,936.8300171,218.0599976,932.5200195,678.960022,910.9899902,-11625.73047,2,-0.3628596848,-0.06899565792,0.7333403862,-0.8065904892,0.1422806821,0.1298121102,0.5588531169
1752420058,558.1900024,798.8400269,1015.929993,605.1300049,936.8300171,218.0599976,932.5200195,678.960022,910.9899902,-11625.73047,0,-0.3323029171,-0.04685420932,0.6828477847,-0.7711470247,-0.04415357788,-0.5930303647,0.227371314
1752420059,558.1900024,744.7000122,1015.929993,605.1300049,936.8300171,218.0599976,932.5200195,678.960022,910.9899902,-11625.73047,0,-0.313759114,-0.04338521299,0.6436765629,-0.746925327,-0.02808240528,-0.6107923096,0.2612406724
1752420061,558.1900024,744.7000122,1015.929993,605.1300049,936.8300171,218.0599976,932.5200195,678.960022,911.0700073,-11625.73047,0,-0.3278473064,-0.04460438674,0.6697892111,-0.7580635185,-0.02727325976,-0.6138113067,0.2187042548
1752420062,558.1900024,744.7000122,1015.929993,605.1300049,936.8300171,218.0599976,932.5200195,678.960022,910.9899902,-11625.73047,0,-0.3208067098,-0.0431164258,0.6554049421,-0.7469056383,-0.01766342631,-0.618297247,0.2439846002
1752420063,558.1900024,744.7000122,1015.929993,605.1300049,936.8300171,218.0599976,932.5200195,678.960022,910.9899902,-11625.73047,0,-0.3271487998,-0.04420099906,0.6678096392,-0.7581454347,-0.03468682032,-0.6003881925,0.2520839991
1752420063,558.1900024,744.7000122,1015.929993,605.1300049,936.8300171,218.0599976,932.5200195,677.9000244,910.9899902,-11625.73047,0,-0.3378944419,-0.04537256068,0.6897386281,-0.768256748,-0.04200349748,-0.5888226878,0.2475987028
1752420064,558.1900024,744.7000122,1015.929993,605.1300049,936.8300171,218.0599976,932.5200195,625.1699829,910.9899902,-11625.73047,0,-0.3407549182,-0.04424052138,0.6938563994,-0.7680283824,-0.03453364525,-0.6039188207,0.2102900121
1752420065,558.1900024,744.7000122,1015.929993,605.1300049,936.8300171,218.0599976,932.5200195,589.039978,910.9899902,-11625.73047,0,-0.3333157061,-0.04272561489,0.67870827,-0.7563140266,-0.02481563799,-0.6091596822,0.2372714878
1752420066,558.1900024,744.7000122,1015.929993,605.1300049,936.8300171,218.0599976,932.5200195,589.039978,910.9899902,-11625.73047,0,-0.3333157061,-0.04272561489,0.67870827,-0.7563140266,-0.02481563799,-0.6091596822,0.2372714878
1752420066,558.1900024,744.7000122,1015.929993,605.1300049,936.8300171,218.0599976,932.5200195,589.039978,910.9899902,-11625.73047,0,-0.3253240124,-0.04146839307,0.6629818494,-0.7430345543,-0.008054680899,-0.6275888062,0.2323081222
1752420066,558.1900024,744.7000122,1015.929993,605.1300049,936.8300171,218.0599976,932.5200195,589.039978,910.9899902,-11625.73047,0,-0.3333157061,-0.04272561489,0.67870827,-0.7563140266,-0.02481563799,-0.6091596822,0.2372714878
1752420066,558.1900024,744.7000122,1015.929993,605.1300049,936.7399902,218.0599976,932.5200195,589.039978,910.9899902,-11625.73047,0,-0.3284204998,-0.04206233845,0.66819575,-0.7582180216,-0.03524910271,-0.6010639816,0.2501699872
1752420067,558.1900024,744.7000122,1015.929993,605.1300049,936.8300171,218.0599976,932.5200195,589.039978,910.9899902,-11625.73047,0,-0.3392169945,-0.04316463853,0.690155894,-0.7683494896,-0.04254495799,-0.5894826649,0.2456403392
1752420067,558.1900024,744.7000122,1015.929993,605.1300049,936.8300171,218.0599976,932.5200195,589.039978,910.9899902,-11625.73047,0,-0.3317877775,-0.04198225276,0.6755977196,-0.7554341783,-0.02516452505,-0.6094730683,0.2392248483
1752420067,558.1900024,744.7000122,1015.929993,605.1300049,936.7399902,218.0599976,932.5200195,589.039978,910.9899902,-11625.73047,0,-0.3360251555,-0.04248192938,0.6836682061,-0.7707323229,-0.04528711994,-0.5950540359,0.2232296071
1752420067,558.1900024,744.7000122,1015.840027,605.1300049,936.8300171,218.0599976,932.5200195,589.039978,910.9899902,-11625.73047,0,-0.3317877775,-0.04198225276,0.6755977196,-0.7554341783,-0.02516452505,-0.6094730683,0.2392248483
1752420068,558.1900024,744.7000122,1015.929993,605.1300049,936.7399902,262.8800049,932.5200195,589.039978,910.9899902,-11625.73047,0,-0.3360251555,-0.04248192938,0.6836682061,-0.7707323229,-0.04528711994,-0.5950540359,0.2232296071
1752420070,558.1900024,744.7000122,1015.929993,605.1300049,936.7399902,307.9700012,932.5200195,589.039978,910.9899902,-11625.73047,0,-0.3329017221,-0.04128002347,0.6765128294,0.95826759,-0.06407012061,-0.1819219915,0.2110038734
1752420070,558.1900024,744.7000122,1015.840027,605.1300049,936.7399902,318.8699951,932.5200195,589.039978,910.9899902,-11625.73047,0,-0.3301872324,-0.04116513515,0.6712435524,-0.7703657355,-0.02849573486,-0.5867663603,0.2478504892
1752420071,558.1900024,744.7000122,1015.929993,605.1300049,936.7399902,388.2099915,932.5200195,589.039978,910.9899902,-11625.73047,0,-0.3388433468,-0.04086235219,0.6880160461,0.9601222746,-0.06758781257,-0.1895821345,0.1940508173
1752420078,558.1900024,744.7000122,1015.840027,605.1300049,936.7399902,570.5900269,932.5200195,589.039978,910.9899902,-11625.73047,0,-0.3362344724,-0.03098552266,0.6990742082,-0.788103218,-0.02853604833,-0.5833238016,0.1944539901
1752420078,558.1900024,744.7000122,1015.840027,605.1300049,936.7399902,570.5900269,932.5200195,589.039978,910.9899902,-11625.73047,2,-0.359003435,-0.04969187183,0.7321753534,0.7031061252,-0.3693468314,0.4545516263,0.4032462199
1752420079,558.1900024,744.7000122,1015.840027,605.1300049,936.7399902,614.8800049,932.5200195,589.039978,910.9899902,-11625.73047,1,-0.3373783312,-0.02554604309,0.6819371103,0.7745315574,0.09094516234,0.6128350924,0.1275264424
1752420079,558.1900024,744.7000122,1015.840027,605.1300049,936.7399902,614.8800049,932.5200195,589.039978,910.9899902,-11625.73047,0,-0.339813308,-0.02369097376,0.7273316963,-0.8145528328,-0.03502080227,-0.5227274439,0.2490647413
1752420079,558.1900024,744.7000122,1015.840027,605.1300049,936.7399902,614.8800049,932.5200195,589.039978,910.9899902,-11625.73047,1,-0.3423270466,-0.02566307964,0.6925100388,0.7889385261,0.1041504998,0.5887785067,0.1416634938
1752420079,558.1900024,744.7000122,1015.840027,605.1300049,936.7399902,614.8800049,932.5200195,589.039978,910.9899902,-11625.73047,0,-0.3437869929,-0.0236940617,0.7364758006,-0.8173553205,-0.02595027804,-0.5378123343,0.2049750133
1752420079,558.1900024,744.7000122,1015.840027,605.1300049,936.7399902,641.8699951,932.5200195,589.039978,910.9899902,-11625.73047,1,-0.3403354411,-0.02095825926,0.6950212365,-0.963258601,-0.1333295465,0.2174626873,0.08405997459
1752420079,558.1900024,744.7000122,1015.840027,605.1300049,936.7399902,641.8699951,932.5200195,589.039978,910.9899902,-11625.73047,0,-0.3404233972,-0.01893480358,0.7369441675,-0.8198964979,-0.02648002869,-0.5351961073,0.2015779441
1752420079,558.1900024,744.7000122,1015.840027,605.1300049,936.7399902,641.8699951,932.5200195,589.039978,910.9899902,-11625.73047,1,-0.3443970294,-0.01996958845,0.7094710792,0.7802935113,0.1029553244,0.6076586924,0.106269238
1752420079,558.1900024,744.7000122,1015.840027,605.1300049,936.7399902,641.8699951,932.5200195,589.039978,910.9899902,-11625.73047,0,-0.346632061,-0.01758142528,0.7556823338,-0.8357340117,-0.03567633449,-0.5225813446,0.1648775276
1752420079,558.1900024,744.7000122,1015.840027,605.1300049,936.7399902,641.8699951,932.5200195,589.039978,910.9899902,-11625.73047,0,-0.3368849058,-0.01654964463,0.7370397192,-0.8218776631,-0.02663637171,-0.5326820982,0.2001434308
1752420079,558.1900024,744.7000122,1015.840027,605.1300049,936.7399902,641.8699951,932.5200195,589.039978,910.9899902,-11625.73047,1,-0.3484021773,-0.0199789832,0.7201211639,0.7838831201,0.1085217412,0.5976082687,0.1288978001
1752420080,558.1900024,744.7000122,1015.840027,605.1300049,936.7399902,655.5800171,932.5200195,589.039978,910.9899902,-11625.73047,0,-0.3331813527,-0.01848195563,0.7286718154,0.976789832,-0.03391545603,-0.1479188183,0.1511667593
1752420080,558.1900024,744.7000122,1015.840027,605.1300049,936.7399902,655.5800171,932.5200195,589.039978,910.9899902,-11625.73047,1,-0.3487628171,-0.02172969332,0.7205860265,-0.9619980126,-0.1692296468,0.1945585365,0.08982274902
1752420080,558.1900024,744.7000122,1015.840027,605.1300049,936.7399902,655.5800171,932.5200195,589.039978,910.9899902,-11625.73047,0,-0.3237126356,-0.01696042711,0.7044915995,-0.8116498169,-0.05091607749,-0.5560740071,0.171504596
1752420080,558.1900024,744.7000122,1015.840027,605.1300049,936.7399902,655.5800171,932.5200195,589.039978,910.9899902,-11625.73047,1,-0.3433077464,-0.01987484833,0.706045617,0.7748944796,0.08229211397,0.6128259466,0.131190368
1752420080,558.1900024,744.7000122,1015.840027,605.1300049,936.7399902,655.5800171,932.5200195,589.039978,910.9899902,-11625.73047,1,-0.3433077464,-0.01987484833,0.706045617,0.7748944796,0.08229211397,0.6128259466,0.131190368
1752420080,558.1900024,744.7000122,1015.840027,605.1300049,936.7399902,655.6599731,932.5200195,589.039978,910.9899902,-11625.73047,0,-0.3147123968,-0.01774465757,0.6882722026,0.9666422359,-0.03346865979,-0.1775715955,0.181524007
1752420080,558.1900024,744.7000122,1015.840027,605.1300049,936.7399902,655.6599731,932.5200195,589.039978,910.9899902,-11625.73047,1,-0.3426598132,-0.02106516461,0.7076561348,0.7677592573,0.09364810075,0.6229438308,0.1171184855
1752420081,558.1900024,744.7000122,1015.840027,605.1300049,936.7399902,655.6599731,932.5200195,589.039978,910.9899902,-11625.73047,0,-0.3349303867,-0.01667632283,0.7295425129,-0.8353976957,-0.02136758229,-0.5217641943,0.1715116382
1752420081,558.1900024,744.7000122,1015.840027,605.1300049,936.7399902,655.6599731,932.5200195,589.039978,910.9899902,-11625.73047,1,-0.3437725391,-0.01991713901,0.707586347,0.7671100253,0.09378487326,0.6235320457,0.1181287202
1752420081,558.1900024,744.7000122,1015.840027,605.1300049,936.7399902,655.6599731,932.5200195,589.039978,910.9899902,-11625.73047,0,-0.3265079392,-0.01632452478,0.7115524973,0.9690788542,-0.05609140711,-0.1614952616,0.1779303482
1752420081,558.1900024,744.7000122,1015.840027,605.1300049,936.7399902,655.6599731,932.5200195,589.039978,910.9899902,-11625.73047,1,-0.3432595693,-0.01872878888,0.7059465216,0.7747771024,0.08250581939,0.6127380391,0.1321564481
1752420081,558.1900024,744.7000122,1015.840027,605.1300049,936.7399902,655.6599731,932.5200195,589.039978,910.9899902,-11625.73047,0,-0.3381224116,-0.01655185893,0.7371341392,-0.8214011095,-0.02670991691,-0.5334782672,0.1999693377
1752420081,558.1900024,744.7000122,1015.840027,605.1300049,936.7399902,655.6599731,932.5200195,589.039978,910.9899902,-11625.73047,1,-0.3432595693,-0.01872878888,0.7059465216,0.7747771024,0.08250581939,0.6127380391,0.1321564481
1752420081,558.1900024,744.7000122,1015.840027,605.1300049,936.7399902,655.6599731,932.5200195,589.039978,910.9899902,-11625.73047,0,-0.3381224116,-0.01655185893,0.7371341392,-0.8214011095,-0.02670991691,-0.5334782672,0.1999693377
1752420081,558.1900024,744.7000122,1015.840027,605.1300049,936.7399902,655.6599731,932.5200195,589.039978,910.9899902,-11625.73047,1,-0.3495730418,-0.01997918999,0.7201294968,0.783328949,0.1084247925,0.598338701,0.128959765
1752420081,558.1900024,744.7000122,1015.840027,605.1300049,936.7399902,655.5800171,932.5200195,589.039978,910.9899902,-11625.73047,1,-0.3425550015,-0.02102535617,0.7062708346,0.787097794,0.09026754246,0.5976158835,0.1232237362
1752420081,558.1900024,744.7000122,1015.840027,605.1300049,936.7399902,655.5800171,932.5200195,589.039978,910.9899902,-11625.73047,0,-0.3305539669,-0.01795163807,0.7212818197,-0.8173568149,-0.04962471807,-0.5602439244,0.1248678091
1752420081,558.1900024,744.7000122,1015.840027,605.1300049,936.7399902,655.6599731,932.5200195,589.039978,910.9899902,-11625.73047,0,-0.3147902293,-0.0166339941,0.6884425672,0.9665736739,-0.03371244517,-0.1774692188,0.1819436186
1752420081,558.1900024,744.7000122,1015.840027,605.1300049,936.7399902,655.6599731,932.5200195,589.039978,910.9899902,-11625.73047,1,-0.3426230022,-0.01991698385,0.7075801087,0.7676687785,0.09387172053,0.6228410918,0.1180750651
1752420081,558.1900024,744.7000122,1015.840027,605.1300049,936.7399902,655.6599731,932.5200195,589.039978,910.9899902,-11625.73047,0,-0.3381224116,-0.01655185893,0.7371341392,-0.8214011095,-0.02670991691,-0.5334782672,0.1999693377
1752420081,558.1900024,744.7000122,1015.840027,605.1300049,936.7399902,655.6599731,932.5200195,589.039978,910.9899902,-11625.73047,1,-0.3498509135,-0.01939104634,0.7204223184,-0.9621898931,-0.1687551904,0.1943913448,0.08901853998
1752420082,558.1900024,744.7000122,1015.840027,605.1300049,936.7399902,655.5800171,932.5200195,589.039978,919.3400269,-11625.73047,1,-0.353483849,-0.0264837443,0.7306203513,0.7854939076,0.1122948211,0.5900983222,0.1489065624
1752420082,558.1900024,744.7000122,1015.840027,605.1300049,936.7399902,655.5800171,932.5200195,589.039978,919.3400269,-11625.73047,0,-0.3349016715,-0.02331815225,0.7324227671,0.9729523818,-0.03002382342,-0.1826278925,0.1382363397
1752420082,558.1900024,744.7000122,1015.840027,605.1300049,936.7399902,655.5800171,932.5200195,589.039978,931.1099854,-11625.73047,1,-0.3459745254,-0.03029073819,0.7157079176,0.7899944167,0.09340969907,0.5894734494,0.140372726
1752420082,558.1900024,744.7000122,1015.840027,605.1300049,936.7399902,655.5800171,932.5200195,589.039978,943.4199829,-11625.73047,1,-0.3360265557,-0.03235222878,0.691659452,0.7802937861,0.09547042288,0.6012084116,0.1434414568
1752420082,558.1900024,744.7000122,1015.840027,605.1300049,936.7399902,655.5800171,932.5200195,589.039978,943.4199829,-11625.73047,0,-0.3257687778,-0.02956547158,0.7112000411,0.970549858,-0.02331992778,-0.1616675636,0.1770670863
1752420083,558.1900024,744.7000122,1015.840027,605.1300049,936.7399902,655.5800171,932.5200195,589.039978,987.6300049,-11625.73047,1,-0.3434164087,-0.04465109998,0.7048179523,-0.9527056642,-0.1951149229,0.1978775314,0.1229901084
1752420083,558.1900024,744.7000122,1015.840027,605.1300049,936.7399902,655.5800171,932.5200195,589.039978,987.6300049,-11625.73047,0,-0.3318219234,-0.04165753972,0.7212188464,0.973002492,-0.02354506616,-0.1719596971,0.1521237751
1752420083,558.1900024,744.7000122,1015.840027,605.1300049,936.7399902,655.5800171,932.5200195,589.039978,987.6300049,-11625.73047,1,-0.3460254345,-0.04831115334,0.71223657,0.7888897748,0.1223752708,0.5815786895,0.1563439931
1752420083,558.1900024,744.7000122,1015.840027,605.1300049,936.7399902,655.5800171,932.5200195,589.039978,987.6300049,-11625.73047,0,-0.3153424376,-0.0424745581,0.6880830826,-0.7788968213,-0.06954612648,-0.5753014957,0.2398150685
1752420083,558.1900024,744.7000122,1015.840027,605.1300049,936.7399902,655.5800171,932.5200195,589.039978,987.6300049,-11625.73047,2,-0.3519258432,-0.06471193616,0.7551586641,0.7414783701,-0.3374372354,0.4031908505,0.4168729746
1752420084,558.1900024,744.7000122,1015.840027,605.1300049,936.7399902,655.5800171,932.5200195,589.039978,987.6300049,-11625.73047,1,-0.3286185292,-0.04552059938,0.6792428864,0.7671898954,0.111311102,0.6143109268,0.1471447864
1752420084,558.1900024,744.7000122,1015.840027,605.1300049,936.7399902,655.5800171,932.5200195,589.039978,987.6300049,-11625.73047,0,-0.3166275191,-0.04225226183,0.6924683751,0.9641859953,-0.01147574765,-0.1755272687,0.1985040345
1752420084,558.1900024,744.7000122,1015.840027,605.1300049,936.7399902,655.5800171,932.5200195,589.039978,987.6300049,-11625.73047,2,-0.3483121788,-0.06396522374,0.7500173483,0.7421810501,-0.3238409018,0.4196851568,0.4100716137
1752420084,558.1900024,744.7000122,1015.840027,605.1300049,936.7399902,655.5800171,932.5200195,589.039978,987.6300049,-11625.73047,1,-0.3447850386,-0.04714592756,0.7120582411,0.7892819109,0.1226721925,0.5807288226,0.157288375
1752420084,558.1900024,744.7000122,1015.840027,605.1300049,936.7399902,655.5800171,932.5200195,589.039978,987.6300049,-11625.73047,0,-0.3149223733,-0.04082065124,0.6883835559,-0.7786941679,-0.07019234678,-0.5755433483,0.2397045715
1752420084,558.1900024,744.7000122,1015.840027,605.1300049,936.7399902,655.5800171,932.5200195,589.039978,987.6300049,-11625.73047,0,-0.3214438892,-0.04066452221,0.700162307,-0.7994544249,-0.05334115849,-0.5383463621,0.2611714719
1752420084,558.1900024,744.7000122,1015.840027,605.1300049,936.7399902,655.5800171,932.5200195,589.039978,987.6300049,-11625.73047,1,-0.3458756133,-0.04598431845,0.7119282093,0.7885915636,0.12273911,0.5813694844,0.1583287063
1752420084,558.1900024,744.7000122,1015.840027,605.1300049,936.7399902,655.5800171,932.5200195,589.039978,987.6300049,-11625.73047,1,-0.3287109814,-0.04439692498,0.6788744032,0.7780741131,0.1189520814,0.6002914083,0.1417790601
1752420084,558.1900024,744.7000122,1015.840027,605.1300049,936.7399902,655.5800171,932.5200195,589.039978,987.6300049,-11625.73047,0,-0.322641081,-0.04186881615,0.7049899313,0.9662110445,-0.01415933721,-0.1841173507,0.1798236131
1752420084,558.1900024,744.7000122,1015.840027,605.1300049,936.7399902,655.5800171,932.5200195,589.039978,987.6300049,-11625.73047,2,-0.3482623906,-0.06274137938,0.7499101597,0.7417787339,-0.3235795046,0.4200582633,0.4106235132
1752420084,558.1900024,744.7000122,1015.840027,605.1300049,936.7399902,655.5800171,932.5200195,589.039978,987.6300049,-11625.73047,0,-0.3171498604,-0.04056265441,0.6923796168,0.9637447217,-0.04156409066,-0.1768275185,0.1954496522
1752420084,558.1900024,744.7000122,1015.840027,605.1300049,936.7399902,655.5800171,932.5200195,589.039978,987.6300049,-11625.73047,1,-0.3423319185,-0.04580035695,0.7049364503,-0.9525447368,-0.1953275648,0.1981153507,0.1235150788
1752420085,558.1900024,744.7000122,1015.840027,605.1300049,936.7399902,655.5800171,932.5200195,589.039978,987.6300049,-11625.73047,1,-0.3307706681,-0.04441393893,0.6791421885,0.7659593161,0.1113109919,0.6155922523,0.1481970583
1752420085,558.1900024,744.7000122,1015.840027,605.1300049,936.7399902,655.5800171,932.5200195,589.039978,987.6300049,-11625.73047,0,-0.3227176594,-0.04189060347,0.701697981,-0.8008085335,-0.05258288236,-0.5373945685,0.2591289464
1752420085,558.1900024,744.7000122,1015.840027,605.1300049,936.7399902,655.5800171,932.5200195,589.039978,987.6300049,-11625.73047,1,-0.3307706681,-0.04441393893,0.6791421885,0.7659593161,0.1113109919,0.6155922523,0.1481970583
1752420085,558.1900024,744.7000122,1015.840027,605.1300049,936.7399902,655.5800171,932.5200195,589.039978,987.6300049,-11625.73047,0,-0.3203477835,-0.04167666318,0.6969019012,0.9592756227,-0.05441024691,-0.1740350006,0.2157350764
1752420085,558.1900024,744.7000122,1015.840027,605.1300049,936.7399902,655.5800171,932.5200195,589.039978,987.6300049,-11625.73047,2,-0.3511201826,-0.06281775169,0.7508248795,0.7413154086,-0.3241068121,0.4210650651,0.410012744
1752420085,558.1900024,744.7000122,1008.460022,605.1300049,936.7399902,655.5800171,932.5200195,589.039978,987.6300049,-11625.73047,1,-0.3447106783,-0.04598283919,0.7119046809,0.7891324871,0.1228545166,0.5806237603,0.1582805565
1752420085,558.1900024,744.7000122,1008.460022,605.1300049,936.7399902,655.5800171,932.5200195,589.039978,987.6300049,-11625.73047,0,-0.3309158262,-0.04230406804,0.7233373416,-0.8119435024,-0.03138292678,-0.5190721245,0.2651923649
1752420085,558.1900024,744.7000122,1008.460022,605.1300049,936.7399902,655.5800171,932.5200195,589.039978,987.6300049,-11625.73047,1,-0.340097728,-0.04694901494,0.7050405847,-0.9522929227,-0.1954894966,0.1987223866,0.1242234246
1752420085,558.1900024,744.7000122,1008.460022,605.1300049,936.7399902,655.5800171,932.5200195,589.039978,987.6300049,-11625.73047,0,-0.3252823334,-0.04334633421,0.7152026566,0.9670458768,-0.03352417528,-0.1601090945,0.1950986411
1752420085,558.1900024,744.7000122,1008.460022,605.1300049,936.7399902,655.5800171,932.5200195,589.039978,987.6300049,-11625.73047,2,-0.3468859961,-0.06392641887,0.7495614214,0.7424127561,-0.3235759181,0.4191815276,0.4103763781
1752420085,558.1900024,744.7000122,994.8300171,605.1300049,936.7399902,655.5800171,932.5200195,589.039978,986.4000244,-11625.73047,1,-0.3425292099,-0.04830646376,0.7121656494,0.790512064,0.1227200483,0.5793375384,0.1562001376
1752420085,558.1900024,744.7000122,994.8300171,605.1300049,936.7399902,655.5800171,932.5200195,589.039978,986.4000244,-11625.73047,0,-0.3282877637,-0.04460821177,0.7227117311,-0.812162748,-0.03079642758,-0.5176080407,0.2674418948
1752420085,558.1900024,744.7000122,981.039978,605.1300049,936.7399902,655.5800171,932.5200195,589.039978,986.4000244,-11625.73047,1,-0.3424548189,-0.0471428802,0.712010992,0.7903628227,0.1229029865,0.5792341015,0.1571919848
1752420086,558.1900024,744.7000122,967.0599976,605.1300049,936.7399902,655.5800171,932.5200195,589.039978,986.4000244,-11625.73047,1,-0.3435457805,-0.04598135409,0.71188106,0.789673182,0.1229701671,0.5798768325,0.158232306
1752420086,558.1900024,744.7000122,967.0599976,605.1300049,936.7399902,655.5800171,932.5200195,589.039978,986.4000244,-11625.73047,0,-0.3248790483,-0.04200893554,0.7133028723,-0.8009535035,-0.01235545825,-0.5428390142,0.2522828422
1752420086,558.1900024,744.7000122,927.5100098,605.1300049,936.7399902,655.5800171,932.5200195,589.039978,986.4000244,-11625.73047,1,-0.3388825827,-0.04579721038,0.7048891068,-0.9522739736,-0.1951743084,0.1992267922,0.1240562522
1752420086,558.1900024,744.7000122,927.5100098,605.1300049,936.7399902,655.5800171,932.5200195,589.039978,986.4000244,-11625.73047,0,-0.3283948159,-0.04292556174,0.7227009519,0.9661781546,-0.0539377666,-0.1353164039,0.2127908874
1752420086,558.1900024,744.7000122,926.3699951,605.1300049,936.7399902,655.5800171,932.5200195,589.039978,986.4000244,-11625.73047,0,-0.3228045832,-0.04263728257,0.70939014,-0.8169643888,-0.0369840398,-0.5318137708,0.2199442687
1752420086,558.1900024,744.7000122,926.3699951,605.1300049,936.7399902,655.5800171,932.5200195,589.039978,986.4000244,-11625.73047,1,-0.3397743431,-0.04636838022,0.7046528708,0.7780994749,0.1104389017,0.6025044522,0.1391144897
1752420087,558.1900024,744.7000122,926.3699951,605.1300049,936.7399902,655.5800171,932.5200195,589.039978,986.4000244,-11625.73047,0,-0.3241126849,-0.04271282557,0.7154368127,-0.8027019375,-0.04139928621,-0.5425240023,0.2441790441
1752420087,558.1900024,744.7000122,926.3699951,605.1300049,936.7399902,655.5800171,932.5200195,589.039978,986.4000244,-11625.73047,1,-0.3423198541,-0.04716283941,0.7123219413,0.7786387314,0.1153356389,0.5947806514,0.1632647942
1752420087,558.1900024,744.7000122,926.3699951,605.1300049,936.7399902,655.5800171,932.5200195,589.039978,986.4000244,-11625.73047,2,-0.333730678,-0.06100390514,0.7255851164,0.7381437798,-0.3389996966,0.4006592282,0.423904646
1752420087,558.1900024,744.7000122,922.0599976,605.1300049,936.7399902,655.5800171,932.5200195,589.039978,985.5200195,-11625.73047,1,-0.3409867902,-0.04690337028,0.7083657938,0.7965305891,0.1105480921,0.5686937031,0.1729323915
1752420087,558.1900024,744.7000122,922.0599976,605.1300049,936.7399902,655.5800171,932.5200195,589.039978,985.5200195,-11625.73047,0,-0.3283728958,-0.04344900477,0.7228992405,-0.8124939053,-0.03098898985,-0.517557671,0.2665096499
1752420087,558.1900024,744.7000122,908.789978,605.1300049,936.7399902,655.5800171,932.5200195,589.039978,985.4299927,-11625.73047,1,-0.3388825827,-0.04579721038,0.7048891068,-0.9522739736,-0.1951743084,0.1992267922,0.1240562522
1752420087,558.1900024,744.7000122,908.789978,605.1300049,936.7399902,655.5800171,932.5200195,589.039978,985.4299927,-11625.73047,0,-0.3276828331,-0.04284980154,0.7226693558,-0.8112747769,-0.03156132828,-0.5187555475,0.2678241978
1752420088,558.1900024,744.7000122,881.0999756,605.1300049,936.7399902,655.5800171,932.5200195,589.039978,985.4299927,-11625.73047,0,-0.313591776,-0.041658549,0.6919545145,0.9635211826,-0.0408859012,-0.1781471901,0.1954964256
1752420088,558.1900024,744.7000122,881.0999756,605.1300049,936.7399902,655.5800171,932.5200195,589.039978,985.4299927,-11625.73047,1,-0.3369011565,-0.04677842712,0.7022348186,0.7767414477,0.1093015592,0.6037470495,0.1421808452
1752420088,558.1900024,744.7000122,881.0999756,605.1300049,936.7399902,655.5800171,932.5200195,589.039978,985.4299927,-11625.73047,1,-0.3364009013,-0.0466711801,0.7006043852,0.7838667291,0.09761684184,0.5930605706,0.1558943961
1752420088,558.1900024,744.7000122,881.0999756,605.1300049,936.7399902,655.5800171,932.5200195,589.039978,985.4299927,-11625.73047,0,-0.3240783847,-0.04334032138,0.7151030666,0.9669512928,-0.03338442988,-0.1605086887,0.1952629971
1752420088,558.1900024,744.7000122,867.2999878,605.1300049,936.7399902,655.5800171,932.5200195,589.039978,985.4299927,-11625.73047,1,-0.3364009013,-0.0466711801,0.7006043852,0.7838667291,0.09761684184,0.5930605706,0.1558943961
1752420088,558.1900024,744.7000122,867.2999878,605.1300049,936.7399902,655.5800171,932.5200195,589.039978,985.4299927,-11625.73047,0,-0.3270830623,-0.04407716815,0.7223898479,0.9661767694,-0.05357803453,-0.1358444392,0.2125514828
1752420089,558.1900024,744.7000122,837.0700073,605.1300049,936.7399902,655.5800171,932.5200195,589.039978,985.4299927,-11625.73047,0,-0.2743236946,-0.07441992909,0.7140620016,-0.8264948697,-0.1001482238,-0.4634721991,0.3034305263
1752420089,558.1900024,744.7000122,837.0700073,605.1300049,936.7399902,655.5800171,932.5200195,589.039978,985.4299927,-11625.73047,1,-0.3265124054,-0.07103503472,0.7324887292,0.7368165641,0.1584833654,0.6398578071,0.1502210389
1752420090,558.1900024,744.7000122,836.8099976,605.1300049,936.7399902,655.5800171,932.5200195,589.039978,985.25,-11625.73047,0,-0.3007991548,-0.0653864676,0.7218324709,0.9654457018,-0.005319093206,-0.1170139875,0.2327961142
1752420090,558.1900024,744.7000122,836.8099976,605.1300049,936.7399902,655.5800171,932.5200195,589.039978,985.25,-11625.73047,1,-0.325959928,-0.07275945778,0.7379539582,0.7421609082,0.1601883901,0.6348408758,0.1432268425
1752420090,558.1900024,744.7000122,836.8099976,605.1300049,936.7399902,655.5800171,932.5200195,589.039978,985.25,-11625.73047,2,-0.3131190986,-0.08535201357,0.7457918561,0.7844027976,-0.2614396869,0.3888059264,0.4064375632
1752420090,558.1900024,744.7000122,813.0800171,605.1300049,936.7399902,655.5800171,932.5200195,589.039978,984.6400146,-11625.73047,0,-0.2815743702,-0.07067228802,0.7170553212,-0.8144801269,-0.07863408101,-0.4872059759,0.3050723541
1752420090,558.1900024,744.7000122,813.0800171,605.1300049,936.7399902,655.5800171,932.5200195,589.039978,984.6400146,-11625.73047,1,-0.3083409669,-0.08001272134,0.7387136396,0.7509825325,0.1605093213,0.6258923351,0.136091067
1752420090,558.1900024,744.7000122,813.0800171,605.1300049,936.7399902,655.5800171,932.5200195,589.039978,984.6400146,-11625.73047,2,-0.3035474844,-0.09413714975,0.7681920763,0.7953363572,-0.2527070205,0.3791669678,0.3997644947
1752420090,558.1900024,744.7000122,799.4500122,605.1300049,936.7399902,655.5800171,932.5200195,589.039978,984.6400146,-11625.73047,1,-0.3184029605,-0.0816088969,0.7591193369,0.7441331795,0.1435067547,0.6416840895,0.117954024
1752420091,558.1900024,744.7000122,748.4799805,605.1300049,936.7399902,655.5800171,932.5200195,589.039978,984.6400146,-11625.73047,1,-0.3168810126,-0.07624523361,0.7369970625,0.7371785842,0.1723107749,0.6409589034,0.126682343
1752420092,558.1900024,744.7000122,747.7700195,605.1300049,936.7399902,655.5800171,932.5200195,589.039978,984.6400146,-11625.73047,1,-0.3274056061,-0.07794183127,0.7593206496,0.7493243198,0.1313011924,0.6350460101,0.1341254098
1752420092,558.1900024,744.7000122,747.7700195,605.1300049,936.7399902,655.5800171,932.5200195,589.039978,984.6400146,-11625.73047,0,-0.2938816288,-0.07202766043,0.7389974157,0.9620979101,0.01320418378,-0.1264371431,0.2412610821
1752420092,558.1900024,744.7000122,747.7700195,605.1300049,936.7399902,655.5800171,932.5200195,589.039978,984.6400146,-11625.73047,1,-0.3118774417,-0.07880256752,0.7385847482,0.7492423202,0.1603981072,0.6277311983,0.137338762
1752420092,558.1900024,744.7000122,747.7700195,605.1300049,936.7399902,655.5800171,932.5200195,589.039978,984.6400146,-11625.73047,0,-0.2856565966,-0.07009249704,0.7190722464,0.9625589946,-0.002784405264,-0.07482895363,0.2605245799
1752420092,558.1900024,744.7000122,747.7700195,605.1300049,936.7399902,655.5800171,932.5200195,589.039978,984.6400146,-11625.73047,2,-0.301840696,-0.09164779857,0.7553650251,0.8002842373,-0.2312969793,0.3833700139,0.3988411706
1752420092,558.1900024,744.7000122,747.7700195,605.1300049,936.7399902,655.5800171,932.5200195,589.039978,984.6400146,-11625.73047,0,-0.2887699365,-0.06860840755,0.7197909874,-0.8246108256,-0.07312471047,-0.4711360691,0.3044676787
1752420092,558.1900024,744.7000122,747.7700195,605.1300049,936.7399902,655.5800171,932.5200195,589.039978,984.6400146,-11625.73047,2,-0.3113988617,-0.0918506216,0.7706202734,-0.8297824689,0.04299199886,0.08532665638,0.5498473461
1752420092,558.1900024,744.7000122,747.7700195,605.1300049,936.7399902,655.5800171,932.5200195,589.039978,984.6400146,-11625.73047,0,-0.2950548644,-0.06637961983,0.7209002182,-0.8234486847,-0.0741276457,-0.4749390941,0.3014468655
1752420092,558.1900024,744.7000122,747.7700195,605.1300049,936.7399902,655.5800171,932.5200195,589.039978,984.6400146,-11625.73047,0,-0.2950548644,-0.06637961983,0.7209002182,-0.8234486847,-0.0741276457,-0.4749390941,0.3014468655
1752420092,558.1900024,744.7000122,747.7700195,605.1300049,936.7399902,655.5800171,932.5200195,589.039978,984.6400146,-11625.73047,1,-0.3044889709,-0.07080961856,0.7009186212,0.7313657767,0.1334201361,0.6518490733,0.1496527772
1752420092,558.1900024,744.7000122,747.7700195,605.1300049,936.7399902,655.5800171,932.5200195,589.039978,984.6400146,-11625.73047,2,-0.3167516906,-0.08911194901,0.7677670094,0.799615926,-0.2445389524,0.3694259696,0.4053881161
1752420092,558.1900024,744.7000122,744.7000122,605.1300049,936.7399902,655.5800171,932.5200195,589.039978,983.9400024,-11625.73047,1,-0.3185816078,-0.07496129795,0.7360948603,0.7399386218,0.1394644785,0.6372974177,0.1639893185
1752420092,558.1900024,744.7000122,744.7000122,605.1300049,936.7399902,655.5800171,932.5200195,589.039978,983.9400024,-11625.73047,0,-0.2920449505,-0.06789383581,0.7204616974,0.9627461042,-0.004035759072,-0.07229708909,0.2605317303
1752420092,558.1900024,744.7000122,744.7000122,605.1300049,936.7399902,655.5800171,932.5200195,589.039978,983.9400024,-11625.73047,1,-0.3177508398,-0.07638365962,0.7383282281,0.7463040575,0.1602946764,0.6307260909,0.1397156711
1752420092,558.1900024,744.7000122,744.7000122,605.1300049,936.7399902,655.5800171,932.5200195,589.039978,983.9400024,-11625.73047,0,-0.2988980529,-0.07109940137,0.7417982228,0.9657482522,0.003345413841,-0.1000093064,0.2394102341
1752420092,558.1900024,744.7000122,744.7000122,605.1300049,936.7399902,655.5800171,932.5200195,589.039978,983.9400024,-11625.73047,1,-0.3182764335,-0.07735672434,0.7448756654,-0.9120194963,-0.2759236182,0.261653715,0.1537007768
1752420092,558.1900024,744.7000122,744.7000122,605.1300049,936.7399902,655.5800171,932.5200195,589.039978,983.9400024,-11625.73047,2,-0.30084722,-0.08856563066,0.7423448971,0.7875738877,-0.2595907612,0.3828949849,0.4071012634
1752420093,558.1900024,744.7000122,718.1500244,605.1300049,936.7399902,655.5800171,932.5200195,589.039978,983.5800171,-11625.73047,0,-0.2881478604,-0.06774057246,0.7167944084,-0.8246824707,-0.1026927971,-0.4714634543,0.2950851117
1752420093,558.1900024,744.7000122,718.1500244,605.1300049,936.7399902,655.5800171,932.5200195,589.039978,983.5800171,-11625.73047,1,-0.3182764335,-0.07735672434,0.7448756654,-0.9120194963,-0.2759236182,0.261653715,0.1537007768
1752420093,558.1900024,744.7000122,718.1500244,605.1300049,936.7399902,655.5800171,932.5200195,589.039978,983.5800171,-11625.73047,17,0.2221173098,0.2163969489,0.9980770444,0.2138126342,0.7811112732,-0.2546359303,0.5284977573
1752420093,558.1900024,744.7000122,677.2000122,605.1300049,936.7399902,655.5800171,932.5200195,589.039978,983.5800171,-11625.73047,0,-0.2963518582,-0.07106532315,0.7414419377,0.9655679355,0.003699889613,-0.1008653948,0.2397729026
1752420093,558.1900024,744.7000122,677.2000122,605.1300049,936.7399902,655.5800171,932.5200195,589.039978,983.5800171,-11625.73047,1,-0.3130172447,-0.07759228262,0.7384504014,0.7485963138,0.1605342935,0.6282459626,0.1383448951
1752420093,558.1900024,744.7000122,677.2000122,605.1300049,936.7399902,655.5800171,932.5200195,589.039978,983.5800171,-11625.73047,0,-0.2963518582,-0.07106532315,0.7414419377,0.9655679355,0.003699889613,-0.1008653948,0.2397729026
1752420093,558.1900024,744.7000122,677.2000122,605.1300049,936.7399902,655.5800171,932.5200195,589.039978,983.5800171,-11625.73047,2,-0.3099775292,-0.09179942808,0.7701909789,-0.829639552,0.04331683029,0.08593735786,0.5499423938
1752420094,558.1900024,744.7000122,663.6599731,605.1300049,936.7399902,655.5800171,932.5200195,589.039978,983.5800171,-11625.73047,0,-0.2952983285,-0.06928683504,0.733095309,-0.8152601791,-0.09999741201,-0.4991713686,0.2760059833
1752420094,558.1900024,744.7000122,663.6599731,605.1300049,936.7399902,655.5800171,932.5200195,589.039978,983.5800171,-11625.73047,1,-0.3153550674,-0.07638293579,0.7383210393,0.7474014839,0.1605448802,0.6294153938,0.1394726687
1752420094,558.1900024,744.7000122,658.210022,605.1300049,936.7399902,655.5800171,932.5200195,589.039978,983.5800171,-11625.73047,0,-0.2912441892,-0.06678013062,0.714871402,0.965644953,0.01623519942,-0.1453307525,0.2148143745
1752420094,558.1900024,744.7000122,658.210022,605.1300049,936.7399902,655.5800171,932.5200195,589.039978,983.5800171,-11625.73047,1,-0.3188905694,-0.07517456219,0.7381971882,0.7456567887,0.1604282993,0.6312335124,0.1407230154
1752420094,558.1900024,744.7000122,658.210022,605.1300049,936.7399902,655.5800171,932.5200195,589.039978,983.5800171,-11625.73047,0,-0.2966847496,-0.06968042642,0.7372802854,-0.8298333828,-0.09253243414,-0.4768261532,0.2746836817
1752420094,558.1900024,744.7000122,658.210022,605.1300049,936.7399902,655.5800171,932.5200195,589.039978,983.5800171,-11625.73047,1,-0.3153550674,-0.07638293579,0.7383210393,0.7474014839,0.1605448802,0.6294153938,0.1394726687
1752420094,558.1900024,744.7000122,658.210022,605.1300049,936.7399902,655.5800171,932.5200195,589.039978,983.5800171,-11625.73047,0,-0.2966110908,-0.07016997336,0.7393248136,-0.8331998153,-0.08352436044,-0.4521741084,0.3071487013
1752420094,558.1900024,744.7000122,658.210022,605.1300049,936.7399902,655.5800171,932.5200195,589.039978,983.5800171,-11625.73047,1,-0.3042982595,-0.07456491597,0.7151534916,0.7393409922,0.167709011,0.6302563768,0.1674081374
1752420094,558.1900024,744.7000122,658.210022,605.1300049,936.7399902,655.5800171,932.5200195,589.039978,983.5800171,-11625.73047,2,-0.2994767373,-0.08851613972,0.7419293381,0.7877953153,-0.2593055448,0.3823490665,0.4073676066
1752420094,558.1900024,744.7000122,658.210022,605.1300049,936.7399902,655.5800171,932.5200195,589.039978,983.5800171,-11625.73047,0,-0.2912939805,-0.06748729452,0.7202649467,-0.8242213734,-0.07356853889,-0.4726392695,0.3030823628
1752420094,558.1900024,744.7000122,658.210022,605.1300049,936.7399902,655.5800171,932.5200195,589.039978,983.5800171,-11625.73047,1,-0.3128959346,-0.07506314816,0.7284147324,0.7417436716,0.132606708,0.6421910292,0.140792289
1752420094,558.1900024,744.7000122,658.210022,605.1300049,936.7399902,655.5800171,932.5200195,589.039978,983.5800171,-11625.73047,2,-0.3125347458,-0.09021578153,0.766577064,0.8006239719,-0.243903798,0.3674339047,0.4055915664
1752420095,558.1900024,744.7000122,658.210022,605.1300049,936.7399902,655.5800171,932.5200195,589.039978,983.5800171,-11625.73047,0,-0.2887699365,-0.06860840755,0.7197909874,-0.8246108256,-0.07312471047,-0.4711360691,0.3044676787
1752420095,558.1900024,744.7000122,658.210022,605.1300049,936.7399902,655.5800171,932.5200195,589.039978,983.5800171,-11625.73047,1,-0.3106186048,-0.07574421785,0.7292981586,0.7339478889,0.144391009,0.6512489447,0.1278536076
1752420095,558.1900024,744.7000122,658.210022,605.1300049,936.7399902,655.5800171,932.5200195,589.039978,983.5800171,-11625.73047,2,-0.3236754181,-0.09537765129,0.8001885421,-0.8364277091,0.04050478702,0.08273631272,0.5402802534
1752420095,558.1900024,744.7000122,658.210022,605.1300049,936.7399902,655.5800171,932.5200195,589.039978,983.5800171,-11625.73047,0,-0.2912939805,-0.06748729452,0.7202649467,-0.8242213734,-0.07356853889,-0.4726392695,0.3030823628
1752420095,558.1900024,744.7000122,658.210022,605.1300049,936.7399902,655.5800171,932.5200195,589.039978,983.5800171,-11625.73047,1,-0.3128959346,-0.07506314816,0.7284147324,0.7417436716,0.132606708,0.6421910292,0.140792289
1752420095,558.1900024,744.7000122,658.210022,605.1300049,936.7399902,655.5800171,932.5200195,589.039978,983.5800171,-11625.73047,2,-0.3125347458,-0.09021578153,0.766577064,0.8006239719,-0.243903798,0.3674339047,0.4055915664
1752420096,558.1900024,744.7000122,658.210022,605.1300049,936.7399902,655.5800171,932.5200195,589.039978,983.5800171,-11625.73047,0,-0.2988290983,-0.069669972,0.7403684009,-0.8338625581,-0.08377064713,-0.4527961127,0.3043540588
1752420096,558.1900024,744.7000122,658.210022,605.1300049,936.7399902,655.5800171,932.5200195,589.039978,983.5800171,-11625.73047,1,-0.3165529553,-0.0763832995,0.7383246515,0.746852927,0.1604197653,0.6300711658,0.1395941633
1752420096,558.1900024,744.7000122,658.210022,605.1300049,936.7399902,655.5800171,932.5200195,589.039978,983.5800171,-11625.73047,0,-0.2952493403,-0.06948269363,0.7351940272,-0.8279041542,-0.09299218608,-0.4781299035,0.2780628709
1752420096,558.1900024,744.7000122,658.210022,605.1300049,936.7399902,655.5800171,932.5200195,589.039978,983.5800171,-11625.73047,1,-0.3132217354,-0.07660562283,0.7347210934,0.7461245847,0.159589791,0.6308321115,0.1409966304
1752420096,558.1900024,744.7000122,658.210022,605.1300049,936.7399902,655.5800171,932.5200195,589.039978,983.5800171,-11625.73047,0,-0.2989692894,-0.06991457785,0.7419752108,0.9656440664,0.003169949874,-0.099863465,0.2398932612
1752420096,558.1900024,744.7000122,658.210022,605.1300049,936.7399902,655.5800171,932.5200195,589.039978,983.5800171,-11625.73047,1,-0.3030811883,-0.07308895369,0.7093029106,-0.9119184591,-0.2646543794,0.2798671594,0.1415526635
1752420096,558.1900024,744.7000122,658.210022,605.1300049,936.7399902,655.5800171,932.5200195,589.039978,983.5800171,-11625.73047,0,-0.2912939805,-0.06748729452,0.7202649467,-0.8242213734,-0.07356853889,-0.4726392695,0.3030823628
1752420096,558.1900024,744.7000122,658.210022,605.1300049,936.7399902,655.5800171,932.5200195,589.039978,983.5800171,-11625.73047,2,-0.3125347458,-0.09021578153,0.766577064,0.8006239719,-0.243903798,0.3674339047,0.4055915664
1752420097,558.1900024,744.7000122,688.3599854,605.1300049,936.7399902,655.5800171,932.5200195,589.039978,983.0599976,-11625.73047,0,-0.292031939,-0.06759061451,0.7204002729,0.9649915668,-0.003712695307,-0.1202345848,0.2330689521
1752420097,558.1900024,744.7000122,688.3599854,605.1300049,936.7399902,655.5800171,932.5200195,589.039978,983.0599976,-11625.73047,0,-0.2900345004,-0.06676831548,0.7147446765,0.9655448553,0.01640216497,-0.1457590589,0.2149613874
1752420097,558.1900024,744.7000122,688.3599854,605.1300049,936.7399902,655.5800171,932.5200195,589.039978,983.0599976,-11625.73047,1,-0.3170095278,-0.07505019771,0.7370178776,-0.9108769138,-0.2580242667,0.2876147825,0.144929164
1752420097,558.1900024,744.7000122,715.6900024,605.1300049,936.7399902,655.5800171,932.5200195,589.039978,983.0599976,-11625.73047,0,-0.2989692894,-0.06991457785,0.7419752108,0.9656440664,0.003169949874,-0.099863465,0.2398932612
1752420097,558.1900024,744.7000122,715.6900024,605.1300049,936.7399902,655.5800171,932.5200195,589.039978,983.0599976,-11625.73047,1,-0.3030811883,-0.07308895369,0.7093029106,-0.9119184591,-0.2646543794,0.2798671594,0.1415526635
1752420098,558.1900024,744.7000122,729.2299805,605.1300049,936.7399902,655.5800171,932.5200195,589.039978,983.0599976,-11625.73047,0,-0.2912939805,-0.06748729452,0.7202649467,-0.8242213734,-0.07356853889,-0.4726392695,0.3030823628
1752420098,558.1900024,744.7000122,729.2299805,605.1300049,936.7399902,655.5800171,932.5200195,589.039978,983.0599976,-11625.73047,1,-0.3129292761,-0.07455051574,0.7291751993,0.7327490283,0.1444435723,0.6523725227,0.1289379989
1752420098,558.1900024,744.7000122,729.2299805,605.1300049,936.7399902,655.5800171,932.5200195,589.039978,983.0599976,-11625.73047,2,-0.3125347458,-0.09021578153,0.766577064,0.8006239719,-0.243903798,0.3674339047,0.4055915664
1752420098,558.1900024,744.7000122,729.2299805,605.1300049,936.7399902,655.5800171,932.5200195,589.039978,983.0599976,-11625.73047,17,0.2189256143,0.2133535432,0.9839221862,-0.3887530209,-0.6685506958,-0.01440445062,0.6338008897
1752420098,558.1900024,744.7000122,747.25,605.1300049,936.7399902,655.5800171,932.5200195,589.039978,983.0599976,-11625.73047,0,-0.2904183525,-0.06785313335,0.7200366543,0.9604442122,0.00535591802,-0.09737390146,0.2608381732
1752420098,558.1900024,744.7000122,747.25,605.1300049,936.7399902,655.5800171,932.5200195,589.039978,983.0599976,-11625.73047,1,-0.3053984999,-0.07339262833,0.7150164059,0.7386744982,0.167831137,0.6307423192,0.1683948395
1752420098,558.1900024,744.7000122,747.25,605.1300049,936.7399902,655.5800171,932.5200195,589.039978,983.0599976,-11625.73047,2,-0.31277235,-0.09063858002,0.7709280397,-0.8303600024,0.04278434323,0.08478140045,0.549075478
1752420098,558.1900024,744.7000122,761.1300049,605.1300049,936.7399902,655.5800171,932.5200195,589.039978,982.6199951,-11625.73047,0,-0.2914226564,-0.06686272944,0.7198640575,-0.8378281808,-0.09617674854,-0.4497401347,0.2941560534
1752420099,558.1900024,744.7000122,774.5800171,605.1300049,936.7399902,655.5800171,932.5200195,589.039978,982.6199951,-11625.73047,0,-0.2826645877,-0.06568295104,0.7010407317,-0.820790581,-0.08328292034,-0.4662638883,0.3193192194
1752420099,558.1900024,744.7000122,774.5800171,605.1300049,936.7399902,655.5800171,932.5200195,589.039978,982.6199951,-11625.73047,1,-0.3149300661,-0.07606539504,0.7352389691,0.753124805,0.1472003716,0.6217764361,0.1566178221
1752420099,558.1900024,744.7000122,815.539978,605.1300049,936.7399902,655.5800171,932.5200195,589.039978,982.6199951,-11625.73047,0,-0.2992778859,-0.06873679621,0.7400012673,-0.8420195237,-0.08614262018,-0.4555801599,0.2757340904
1752420099,558.1900024,744.7000122,815.539978,605.1300049,936.7399902,655.5800171,932.5200195,589.039978,982.6199951,-11625.73047,1,-0.3033873164,-0.07227966185,0.7069616844,0.7461352355,0.1488716837,0.6287177714,0.1607277078
1752420099,558.1900024,744.7000122,815.539978,605.1300049,936.7399902,655.5800171,932.5200195,589.039978,982.6199951,-11625.73047,2,-0.3159645263,-0.09089101113,0.7749914847,0.7937441088,-0.2675283117,0.3979504775,0.374211584
1752420099,558.1900024,744.7000122,815.539978,605.1300049,936.7399902,655.5800171,932.5200195,589.039978,982.6199951,-11625.73047,0,-0.2905135875,-0.06708008014,0.7180833156,0.9696884936,0.008238410129,-0.1222309128,0.2114141858
1752420099,558.1900024,744.7000122,815.539978,605.1300049,936.7399902,655.5800171,932.5200195,589.039978,982.6199951,-11625.73047,1,-0.3164951811,-0.07517384329,0.7381899332,0.7467545692,0.160679309,0.6299247882,0.1404796579
1752420099,558.1900024,744.7000122,815.539978,605.1300049,936.7399902,655.5800171,932.5200195,589.039978,982.6199951,-11625.73047,2,-0.3004346333,-0.08681175666,0.7376414129,0.7947693099,-0.2498365368,0.3678777556,0.4130247037
1752420099,558.1900024,744.7000122,829.0700073,605.1300049,936.7399902,655.5800171,932.5200195,589.039978,982.6199951,-11625.73047,0,-0.290300593,-0.06732686328,0.7185253877,-0.8128002998,-0.08014482265,-0.49241102,0.3007721189
1752420099,558.1900024,744.7000122,829.0700073,605.1300049,936.7399902,655.5800171,932.5200195,589.039978,982.6199951,-11625.73047,1,-0.319422493,-0.07613578079,0.7447336913,-0.9122770919,-0.2756653023,0.2613885977,0.1530854324
1752420099,558.1900024,744.7000122,829.0700073,605.1300049,936.7399902,655.5800171,932.5200195,589.039978,982.6199951,-11625.73047,2,-0.3021734915,-0.0873988331,0.742648509,0.7869615409,-0.2596492888,0.3837751103,0.4074192493
1752420100,558.1900024,744.7000122,829.0700073,605.1300049,936.7399902,655.5800171,932.5200195,589.039978,982.6199951,-11625.73047,0,-0.2900649797,-0.06747274356,0.7201109577,-0.8246016747,-0.07344800787,-0.4718369495,0.3033271523
1752420100,558.1900024,744.7000122,829.0700073,605.1300049,936.7399902,655.5800171,932.5200195,589.039978,982.6199951,-11625.73047,2,-0.3021734915,-0.0873988331,0.742648509,0.7869615409,-0.2596492888,0.3837751103,0.4074192493
1752420100,558.1900024,744.7000122,829.0700073,605.1300049,936.7399902,655.5800171,932.5200195,589.039978,982.6199951,-11625.73047,0,-0.2900649797,-0.06747274356,0.7201109577,-0.8246016747,-0.07344800787,-0.4718369495,0.3033271523
1752420100,558.1900024,744.7000122,829.0700073,605.1300049,936.7399902,655.5800171,932.5200195,589.039978,982.6199951,-11625.73047,2,-0.3111174449,-0.09016506786,0.7661454081,0.800829698,-0.2436207936,0.3668804081,0.4058564647
1752420100,558.1900024,744.7000122,836.8900146,605.1300049,936.7399902,655.5800171,932.5200195,589.039978,982.6199951,-11625.73047,0,-0.2966083202,-0.06812771695,0.7333976331,-0.8152025521,-0.1003222495,-0.499836935,0.2748513848
1752420100,558.1900024,744.7000122,836.8900146,605.1300049,936.7399902,655.5800171,932.5200195,589.039978,982.6199951,-11625.73047,1,-0.3033873164,-0.07227966185,0.7069616844,0.7461352355,0.1488716837,0.6287177714,0.1607277078
1752420101,558.1900024,744.7000122,836.8900146,605.1300049,936.7399902,655.5800171,932.5200195,589.039978,982.6199951,-11625.73047,0,-0.2908029369,-0.06757628688,0.7202472577,0.9648976687,-0.003535968697,-0.1206617502,0.2332396361
1752420101,558.1900024,744.7000122,836.8900146,605.1300049,936.7399902,655.5800171,932.5200195,589.039978,982.6199951,-11625.73047,2,-0.3021734915,-0.0873988331,0.742648509,0.7869615409,-0.2596492888,0.3837751103,0.4074192493
1752420101,558.1900024,744.7000122,836.8900146,605.1300049,936.7399902,655.5800171,932.5200195,589.039978,982.6199951,-11625.73047,0,-0.2988557508,-0.06900975338,0.7396899693,-0.8225751297,-0.09037258803,-0.4739536095,0.3009500415
1752420101,558.1900024,744.7000122,836.8900146,605.1300049,936.7399902,655.5800171,932.5200195,589.039978,982.6199951,-11625.73047,1,-0.319422493,-0.07613578079,0.7447336913,-0.9122770919,-0.2756653023,0.2613885977,0.1530854324
1752420101,558.1900024,744.7000122,836.8900146,605.1300049,936.7399902,655.5800171,932.5200195,589.039978,982.6199951,-11625.73047,2,-0.3021734915,-0.0873988331,0.742648509,0.7869615409,-0.2596492888,0.3837751103,0.4074192493
1752420101,558.1900024,744.7000122,836.8900146,605.1300049,936.7399902,655.5800171,932.5200195,589.039978,982.6199951,-11625.73047,0,-0.2966083202,-0.06812771695,0.7333976331,-0.8152025521,-0.1003222495,-0.499836935,0.2748513848
1752420101,558.1900024,744.7000122,836.8900146,605.1300049,936.7399902,655.5800171,932.5200195,589.039978,982.6199951,-11625.73047,1,-0.3033873164,-0.07227966185,0.7069616844,0.7461352355,0.1488716837,0.6287177714,0.1607277078
1752420101,558.1900024,744.7000122,836.8900146,605.1300049,936.7399902,655.5800171,932.5200195,589.039978,982.6199951,-11625.73047,1,-0.3164951811,-0.07517384329,0.7381899332,0.7467545692,0.160679309,0.6299247882,0.1404796579
1752420101,558.1900024,744.7000122,836.8900146,605.1300049,936.7399902,655.5800171,932.5200195,589.039978,982.6199951,-11625.73047,1,-0.3164951811,-0.07517384329,0.7381899332,0.7467545692,0.160679309,0.6299247882,0.1404796579
1752420101,558.1900024,744.7000122,836.8900146,605.1300049,936.7399902,655.5800171,932.5200195,589.039978,982.6199951,-11625.73047,2,-0.3021753277,-0.08710246594,0.7426552969,0.7969930865,-0.2627886191,0.3800465826,0.3889842628
1752420101,558.1900024,744.7000122,836.8900146,605.1300049,936.7399902,656.2800293,932.5200195,589.039978,982.6199951,-11625.73047,0,-0.2894444422,-0.06661091182,0.7171295834,-0.824685236,-0.1030145804,-0.4721177739,0.293916766
1752420101,558.1900024,744.7000122,836.8900146,605.1300049,936.7399902,656.2800293,932.5200195,589.039978,982.6199951,-11625.73047,1,-0.3164951811,-0.07517384329,0.7381899332,0.7467545692,0.160679309,0.6299247882,0.1404796579
1752420102,558.1900024,744.7000122,836.8900146,605.1300049,936.7399902,721.8499756,932.5200195,589.039978,982.6199951,-11625.73047,0,-0.2922875096,-0.05471178918,0.7616121658,-0.8569323132,-0.0760761769,-0.4481338031,0.2430134161
1752420102,558.1900024,744.7000122,836.8900146,605.1300049,936.7399902,721.8499756,932.5200195,589.039978,982.6199951,-11625.73047,1,-0.2932521974,-0.0581050904,0.7193006248,0.7267758997,0.1341465042,0.6617356997,0.1261244257
1752420102,558.1900024,744.7000122,836.8900146,605.1300049,936.7399902,721.8499756,932.5200195,589.039978,982.6199951,-11625.73047,2,-0.2969655592,-0.07297043392,0.7680684318,0.7811951424,-0.2575246897,0.3986299087,0.4055975586
1752420102,558.1900024,744.7000122,836.8900146,605.1300049,936.7399902,735.289978,932.5200195,589.039978,982.6199951,-11625.73047,0,-0.2913308062,-0.05272989909,0.7629117373,0.9705209885,0.02339070985,-0.07580971021,0.2275846512
1752420103,558.1900024,744.7000122,836.8900146,605.1300049,936.7399902,735.289978,932.5200195,589.039978,982.6199951,-11625.73047,0,-0.2899904557,-0.0529417011,0.7628595639,-0.8538788675,-0.0955116937,-0.4159427839,0.2979261596
1752420103,558.1900024,744.7000122,836.8900146,605.1300049,936.7399902,735.289978,932.5200195,589.039978,982.6199951,-11625.73047,2,-0.3199390134,-0.07724445606,0.835276772,-0.8297639811,0.04333249445,0.08050947777,0.5505744768
1752420103,558.1900024,744.7000122,836.8900146,605.1300049,936.7399902,738.2800293,932.5200195,589.039978,982.6199951,-11625.73047,2,-0.300384915,-0.0742628922,0.785896794,-0.8302784586,0.0251163157,0.08062531052,0.5509141595
1752420104,558.1900024,744.7000122,836.8900146,605.1300049,936.7399902,738.2800293,932.5200195,589.039978,982.6199951,-11625.73047,0,-0.2908741393,-0.05484990693,0.763569445,-0.8705973782,-0.06893788374,-0.4209069688,0.2452449731
1752420104,558.1900024,744.7000122,836.8900146,605.1300049,936.7399902,738.2800293,932.5200195,589.039978,982.6199951,-11625.73047,1,-0.3067486291,-0.06188115258,0.7584240776,0.7362595512,0.1408831122,0.6473345103,0.1379559847
1752420104,558.1900024,744.7000122,836.8900146,605.1300049,936.7399902,738.2800293,932.5200195,589.039978,982.6199951,-11625.73047,2,-0.2898655609,-0.07152252426,0.7560418823,0.7851342533,-0.2331453061,0.3700462438,0.4384897353
1752420104,558.1900024,744.7000122,836.8900146,605.1300049,936.7399902,738.2800293,932.5200195,589.039978,982.6199951,-11625.73047,1,-0.3067320068,-0.06058791966,0.7576193811,0.7273534946,0.1538733559,0.6569909733,0.1250709609
1752420105,558.1900024,744.7000122,836.8900146,605.1300049,968.3800049,738.1900024,932.5200195,589.039978,982.6199951,-11625.73047,0,-0.2899173518,-0.04446800313,0.7878406873,-0.8786813416,-0.07804349684,-0.3830659259,0.274023373
1752420105,558.1900024,744.7000122,836.8900146,605.1300049,981.4699707,738.1900024,932.5200195,589.039978,982.6199951,-11625.73047,0,-0.2805381195,-0.04360862091,0.7654998471,0.9696162484,-0.008135117812,-0.081247528,0.230601366
1752420105,558.1900024,744.7000122,836.8900146,605.1300049,981.4699707,738.1900024,932.5200195,589.039978,982.6199951,-11625.73047,1,-0.2948472328,-0.0495583253,0.7578236777,0.7196452304,0.1492979092,0.6635041512,0.1399396941
1752420105,558.1900024,744.7000122,836.8900146,605.1300049,1018.299988,738.1900024,932.5200195,589.039978,982.6199951,-11625.73047,0,-0.2766683982,-0.03760624538,0.7826073834,0.9696177105,0.03125136332,-0.1153137784,0.213465642
1752420105,558.1900024,744.7000122,836.8900146,605.1300049,1018.299988,738.1900024,932.5200195,589.039978,982.6199951,-11625.73047,1,-0.2961982,-0.04485306936,0.7883717236,0.7212913018,0.1634522282,0.6619483108,0.1218468746
1752420105,558.1900024,744.7000122,836.8900146,605.1300049,1018.299988,738.1900024,932.5200195,589.039978,982.6199951,-11625.73047,2,-0.2902079483,-0.05726335455,0.8192193374,0.7965422639,-0.2239669583,0.3422928899,0.4451907467
1752420106,558.1900024,744.7000122,836.8900146,605.1300049,1018.919983,738.1900024,932.5200195,589.039978,982.6199951,-11625.73047,0,-0.2786931331,-0.03775199357,0.7856477166,0.9738017238,0.02247364307,-0.08421850803,0.2100294764
1752420106,558.1900024,744.7000122,836.8900146,605.1300049,1018.919983,738.1900024,932.5200195,589.039978,982.6199951,-11625.73047,1,-0.2974749119,-0.04485296414,0.7883697581,0.7207370686,0.1633390455,0.662553415,0.1219893704
1752420106,558.1900024,744.7000122,836.8900146,605.1300049,1018.919983,738.1900024,932.5200195,589.039978,982.6199951,-11625.73047,2,-0.2916821116,-0.05729212463,0.8196320072,0.7963425628,-0.2242828763,0.3428742527,0.4449415253
1752420106,558.1900024,744.7000122,836.8900146,605.1300049,1018.919983,738.1900024,932.5200195,589.039978,982.6199951,-11625.73047,1,-0.3103945397,-0.04728703768,0.8252647992,0.7392080407,0.149177425,0.6447223656,0.125102517
1752420106,558.1900024,744.7000122,836.8900146,605.1300049,1018.919983,738.1900024,932.5200195,589.039978,982.6199951,-11625.73047,0,-0.2627661956,-0.03504588994,0.7415926809,0.9593144821,0.003526476983,-0.1091959223,0.2603450384
1752420106,558.1900024,744.7000122,836.8900146,605.1300049,1018.919983,738.1900024,932.5200195,589.039978,982.6199951,-11625.73047,1,-0.2974546071,-0.04357316871,0.7883159797,0.7206752946,0.1636629694,0.6623898074,0.1228059255
1752420107,558.1900024,744.7000122,836.8900146,605.1300049,1018.919983,738.1900024,932.5200195,589.039978,982.6199951,-11625.73047,0,-0.279258012,-0.03544035159,0.7856876881,-0.8696283674,-0.08586482901,-0.4053428604,0.2684602379
1752420107,558.1900024,744.7000122,836.8900146,605.1300049,1018.919983,738.1900024,932.5200195,589.039978,982.6199951,-11625.73047,1,-0.3019779055,-0.045113026,0.7986050158,0.7428411158,0.1676377547,0.6305259538,0.1500722538
1752420107,558.1900024,744.7000122,836.8900146,605.1300049,1018.919983,738.1900024,932.5200195,589.039978,982.6199951,-11625.73047,0,-0.2711905934,-0.03560806287,0.7621285771,-0.8637815237,-0.09606880245,-0.4007498183,0.2899169669
1752420108,558.1900024,744.7000122,836.8900146,605.1300049,1018.390015,738.1099854,932.5200195,589.039978,987.0999756,-11625.73047,0,-0.2779934767,-0.03761393044,0.7827680783,0.9697163747,0.03110230696,-0.1148532272,0.2132874476
1752420108,558.1900024,744.7000122,836.8900146,605.1300049,1018.390015,738.1099854,932.5200195,589.039978,987.0999756,-11625.73047,1,-0.293910202,-0.04395310656,0.7780945114,0.7295697987,0.1415793474,0.6592991893,0.1140516385
1752420108,558.1900024,744.7000122,836.8900146,605.1300049,1018.390015,738.1099854,932.5200195,589.039978,987.0999756,-11625.73047,0,-0.2613747442,-0.03742102902,0.7410537667,0.9594630506,0.004065666986,-0.1099857035,0.2594557185
1752420108,558.1900024,744.7000122,836.8900146,605.1300049,1018.390015,738.1099854,932.5200195,589.039978,987.0999756,-11625.73047,1,-0.2972847247,-0.04623317125,0.7901439316,-0.905035902,-0.2231902251,0.3441216783,0.1125895646
1752420108,558.1900024,744.7000122,836.8900146,605.1300049,1018.390015,738.1099854,932.5200195,589.039978,997.8200073,-11625.73047,0,-0.2778365503,-0.04187675258,0.7870680889,-0.8709209427,-0.08421533616,-0.401993914,0.2698247243
1752420108,558.1900024,744.7000122,836.8900146,605.1300049,1018.390015,738.1099854,932.5200195,589.039978,997.8200073,-11625.73047,1,-0.2973448173,-0.04880256699,0.7903037216,-0.9048292901,-0.2239741309,0.3438670219,0.1134681266
1752420108,558.1900024,744.7000122,836.8900146,605.1300049,1018.390015,738.1099854,932.5200195,589.039978,1009.859985,-11625.73047,0,-0.2747370961,-0.05553031575,0.7774061848,-0.8592273777,-0.09275494254,-0.4362131209,0.2506849562
1752420109,558.1900024,744.7000122,836.8900146,605.1300049,1018.390015,738.1099854,932.5200195,589.039978,1050.640015,-11625.73047,1,-0.2806514738,-0.07040297988,0.7510632294,0.7233098078,0.1924398019,0.6407880993,0.1708228801
1752420109,558.1900024,744.7000122,836.8900146,605.1300049,1018.390015,738.1099854,932.5200195,589.039978,1057.410034,-11625.73047,0,-0.2570025817,-0.06141917833,0.7337269776,0.9467097938,0.01570984818,-0.1165996645,0.2998304273
1752420109,558.1900024,744.7000122,836.8900146,605.1300049,1018.390015,738.1099854,932.5200195,589.039978,1057.410034,-11625.73047,1,-0.2773239036,-0.06994332289,0.7429610361,0.7147195425,0.1958485639,0.6573197909,0.136930669
1752420109,558.1900024,744.7000122,836.8900146,605.1300049,1018.390015,738.1099854,932.5200195,589.039978,1057.410034,-11625.73047,2,-0.2827334681,-0.0863181161,0.8055107246,0.8286552206,-0.2110993325,0.3627456323,0.3703825096
1752420109,558.1900024,744.7000122,836.8900146,605.1300049,1018.390015,738.1099854,932.5200195,589.039978,1057.410034,-11625.73047,0,-0.2660912068,-0.06483512305,0.7527209978,0.9546044967,0.03483024836,-0.08894761179,0.2821443444
1752420109,558.1900024,744.7000122,836.8900146,605.1300049,1018.390015,738.1099854,932.5200195,589.039978,1057.410034,-11625.73047,1,-0.284115956,-0.07295291228,0.7554301829,0.7280812313,0.2212970335,0.6270151385,0.1666654125
1752420109,558.1900024,744.7000122,836.8900146,605.1300049,1018.390015,738.1099854,932.5200195,589.039978,1057.5,-11625.73047,2,-0.2719624841,-0.08744980128,0.7695060405,0.8309636918,-0.208970554,0.3436322291,0.3843794241
1752420110,558.1900024,744.7000122,836.8900146,605.1300049,1018.390015,738.1099854,932.5200195,589.039978,1057.5,-11625.73047,0,-0.2580442702,-0.06613506115,0.7333079716,0.9474618482,0.01621302924,-0.116567502,0.2974310027
1752420110,558.1900024,744.7000122,836.8900146,605.1300049,1018.390015,738.1099854,932.5200195,589.039978,1057.410034,-11625.73047,0,-0.2622010673,-0.0647780582,0.7520572364,0.9542945832,0.03547009527,-0.0904305725,0.2826411726
1752420110,558.1900024,744.7000122,836.8900146,605.1300049,1018.390015,738.1099854,932.5200195,589.039978,1057.410034,-11625.73047,0,-0.263320826,-0.06362370143,0.7491919839,0.9486379678,0.01312709515,-0.06853239034,0.3085725147
1752420110,558.1900024,744.7000122,836.8900146,605.1300049,1018.390015,738.1099854,932.5200195,589.039978,1057.410034,-11625.73047,2,-0.2808128941,-0.08692988844,0.7991164296,0.8372175354,-0.2009821453,0.34251324,0.3759756058
1752420110,558.1900024,744.7000122,836.8900146,605.1300049,1018.299988,738.1099854,932.5200195,589.039978,1057.410034,-11625.73047,0,-0.2644071398,-0.06844448266,0.7488298147,0.9494261229,0.01348037372,-0.06865747496,0.3060955208
1752420110,558.1900024,744.7000122,836.8900146,605.1300049,1018.299988,738.1099854,932.5200195,589.039978,1057.410034,-11625.73047,2,-0.2822853958,-0.0915257625,0.7977062823,-0.8477370056,0.01714516972,0.0735856123,0.5250077811
1752420111,558.1900024,744.7000122,836.8900146,605.1300049,1018.299988,738.1099854,932.5200195,589.039978,1079.650024,-11625.73047,2,-0.259944253,-0.1038400537,0.7527827159,0.8538811972,-0.1951556679,0.3653657121,0.3151334047
1752420111,558.1900024,744.7000122,836.8900146,605.1300049,1018.299988,738.1099854,932.5200195,589.039978,1079.650024,-11625.73047,1,-0.2694902271,-0.09177355685,0.7323241152,0.721221322,0.2312778905,0.6217448913,0.1994583471
1752420111,558.1900024,744.7000122,836.8900146,605.1300049,1018.299988,738.1099854,932.5200195,589.039978,1093.709961,-11625.73047,2,-0.2611364941,-0.1054150057,0.7553512517,0.8448390512,-0.2054011684,0.3852545231,0.3092511762
1752420111,558.1900024,744.7000122,836.8900146,605.1300049,1018.299988,738.1099854,932.5200195,589.039978,1093.709961,-11625.73047,1,-0.2688242843,-0.09292117427,0.7296976685,0.7090928187,0.2149829856,0.6451995665,0.186245026
1752420111,558.1900024,744.7000122,836.8900146,605.1300049,1018.299988,738.1099854,932.5200195,589.039978,1107.329956,-11625.73047,1,-0.2712311738,-0.09580480075,0.7314167611,0.7129866413,0.2423126759,0.6322812358,0.1820852967
1752420111,558.1900024,744.7000122,836.8900146,605.1300049,1018.299988,738.1099854,932.5200195,589.039978,1120.079956,-11625.73047,2,-0.265924949,-0.1188704308,0.7692030582,0.8594867634,-0.1787098369,0.3839350766,0.286250161
1752420111,558.1900024,744.7000122,836.8900146,605.1300049,1018.299988,738.1099854,932.5200195,589.039978,1129.75,-11625.73047,2,-0.2527579675,-0.116241414,0.7424385244,0.8634860813,-0.1893189927,0.3762179223,0.2775070834
1752420111,558.1900024,744.7000122,836.8900146,605.1300049,1018.299988,738.1099854,932.5200195,589.039978,1129.75,-11625.73047,1,-0.2674123116,-0.1065373802,0.7339464413,0.713737236,0.248516184,0.6249967088,0.1954430305
1752420112,558.1900024,744.7000122,836.8900146,605.1300049,1018.299988,738.1099854,932.5200195,589.039978,1130.27002,-11625.73047,1,-0.271605561,-0.1042403024,0.7324258783,0.7137384705,0.240245577,0.633829618,0.1764071254
1752420112,558.1900024,744.7000122,836.8900146,605.1300049,1018.299988,738.1099854,932.5200195,589.039978,1130.27002,-11625.73047,2,-0.2566735887,-0.1151762794,0.7433274774,0.8624934819,-0.1897322111,0.378475561,0.2772416482
1752420112,558.1900024,744.7000122,836.8900146,605.1300049,1018.299988,738.1099854,932.5200195,589.039978,1130.27002,-11625.73047,2,-0.255346771,-0.1151211751,0.742971089,0.8627178456,-0.1895299931,0.377841668,0.2775463465
1752420112,558.1900024,744.7000122,836.8900146,605.1300049,1018.299988,738.1099854,932.5200195,589.039978,1130.27002,-11625.73047,2,-0.249025538,-0.1119187023,0.7280254914,0.8569340598,-0.1793136232,0.3986951932,0.2730435581
1752420112,558.1900024,744.7000122,836.8099976,605.1300049,1018.299988,738.1099854,932.5200195,589.039978,1130.27002,-11625.73047,2,-0.2551214136,-0.1130436002,0.7511715471,0.8722661485,-0.1608255038,0.3801106199,0.2623029548
1752420112,558.1900024,744.7000122,836.8099976,605.1300049,1018.299988,738.1099854,932.5200195,589.039978,1130.27002,-11625.73047,2,-0.2476010622,-0.1094522044,0.7273061277,0.8565358806,-0.1786935115,0.3987205854,0.2746576215
1752420112,558.1900024,744.7000122,836.8099976,605.1300049,1018.299988,738.1099854,932.5200195,589.039978,1130.27002,-11625.73047,2,-0.2532010078,-0.1121663519,0.7393391374,0.8717163613,-0.1793247917,0.3570069879,0.2837238361
1752420112,558.1900024,744.7000122,836.8900146,605.210022,1018.299988,738.1099854,932.5200195,589.039978,1130.27002,-11625.73047,2,-0.2430705022,-0.1074795658,0.7054268822,-0.8911494192,0.04318391432,0.1408687383,0.4291198677
1752420113,558.1900024,744.7000122,836.8900146,605.210022,1018.299988,738.1099854,932.5200195,589.039978,1130.27002,-11625.73047,2,-0.2566120358,-0.1139449834,0.7431492938,0.8621713918,-0.1895355933,0.3788331136,0.2778888664
1752420113,558.1900024,744.7000122,836.8900146,605.210022,1018.299988,738.1099854,932.5200195,589.039978,1130.27002,-11625.73047,2,-0.2559017388,-0.1134988924,0.7402212659,0.8716300849,-0.1799186071,0.3579130383,0.2824686654
1752420113,558.1900024,744.7000122,836.8900146,605.1300049,1017.950012,738.1099854,932.5200195,589.039978,1130.27002,-11625.73047,2,-0.2564853169,-0.1111828661,0.7427862398,0.8698105215,-0.191796745,0.3763258558,0.2549951285
1752420114,558.1900024,744.7000122,836.8900146,605.1300049,1017.950012,784.6900024,932.5200195,589.039978,1127.719971,-11625.73047,2,-0.2454168646,-0.1000682814,0.7384475858,0.8604175157,-0.1857020393,0.377549713,0.287493766
1752420114,558.1900024,744.7000122,836.8900146,605.1300049,1017.950012,784.6900024,932.5200195,589.039978,1127.719971,-11625.73047,1,-0.2605095839,-0.0905565674,0.7320795809,0.7052580198,0.239029249,0.6393759658,0.1915059215
1752420115,558.1900024,744.7000122,836.8900146,605.1300049,1017.950012,818.789978,932.5200195,589.039978,1127.719971,-11625.73047,2,-0.2450830136,-0.09623965506,0.7577452091,0.8654689737,-0.1628500967,0.3605672604,0.3073020538
1752420117,558.1900024,744.7000122,836.8900146,605.210022,1017.859985,898.1500244,932.5200195,589.039978,1125.699951,-11625.73047,0,-0.2232763838,-0.05944519796,0.7514810118,-0.8440273699,-0.1102297118,-0.3368311246,0.4025071466
1752420117,558.1900024,744.7000122,836.8900146,605.210022,1017.859985,898.1500244,932.5200195,589.039978,1125.699951,-11625.73047,2,-0.2384624055,-0.08289423978,0.8112734384,-0.8840943263,-0.00635032295,0.07276833398,0.4615643673
1752420117,558.1900024,744.7000122,836.8900146,605.210022,1017.859985,898.2399902,932.5200195,589.039978,1125.699951,-11625.73047,0,-0.2101054149,-0.05785826724,0.7012562882,0.9217672057,0.0243126272,-0.07780829726,0.3790778066
1752420117,558.1900024,744.7000122,836.8900146,605.210022,1017.859985,898.2399902,932.5200195,589.039978,1125.699951,-11625.73047,2,-0.2510363681,-0.08929064613,0.846023881,0.8774745295,-0.1216261997,0.3162457659,0.3394615343
1752420117,558.1900024,744.7000122,836.8900146,605.210022,1017.859985,898.2399902,932.5200195,589.039978,1125.699951,-11625.73047,0,-0.2243568153,-0.06100373153,0.7467994966,0.9329233615,0.0487961716,-0.06671766498,0.3504592536
1752420117,558.1900024,744.7000122,836.8900146,605.210022,1017.859985,898.2399902,932.5200195,589.039978,1125.699951,-11625.73047,2,-0.2290404327,-0.08085061653,0.7719333396,0.8698122578,-0.1342497476,0.3362755431,0.3351453424
1752420117,558.1900024,744.7000122,836.8900146,605.210022,1017.859985,898.2399902,932.5200195,589.039978,1125.699951,-11625.73047,0,-0.2180290992,-0.05760022724,0.7267149216,0.9281112016,0.02018464691,-0.07185615356,0.3647449392
1752420117,558.1900024,744.7000122,836.8900146,605.210022,1017.859985,898.2399902,932.5200195,589.039978,1125.699951,-11625.73047,2,-0.241298003,-0.08296538502,0.8119691996,-0.8843696648,-0.006937095605,0.07143727039,0.4612362617
1752420118,558.1900024,744.7000122,836.8900146,605.210022,1017.859985,898.3300171,932.5200195,589.039978,1125.699951,-11625.73047,0,-0.2295394763,-0.06226922056,0.7661230733,0.9307849778,0.02340118811,-0.04821392895,0.3616173758
1752420118,558.1900024,744.7000122,836.8900146,605.210022,1017.859985,898.3300171,932.5200195,589.039978,1125.699951,-11625.73047,2,-0.2405369876,-0.08436197526,0.8117591546,0.8688924461,-0.1311947105,0.3188881686,0.3551396924
1752420118,558.1900024,744.7000122,836.8900146,605.210022,1017.859985,898.2399902,932.5200195,589.039978,1125.699951,-11625.73047,0,-0.2244235681,-0.05860198545,0.7470222254,0.9324771947,0.04852970608,-0.0664883703,0.3517249572
1752420118,558.1900024,744.7000122,836.8900146,605.210022,1017.859985,898.2399902,932.5200195,589.039978,1125.699951,-11625.73047,0,-0.2185006194,-0.05746680354,0.7265023047,-0.8361103576,-0.1185876649,-0.3390085286,0.4146440078
1752420118,558.1900024,744.7000122,836.8900146,605.210022,1017.859985,898.2399902,932.5200195,589.039978,1125.699951,-11625.73047,2,-0.2350009699,-0.08112730425,0.7898524028,0.872688167,-0.1109061354,0.3196274325,0.3520703009
1752420118,558.1900024,744.7000122,836.8900146,605.210022,1017.859985,898.2399902,932.5200195,589.039978,1125.699951,-11625.73047,1,-0.2519755733,-0.07289698984,0.7878769737,0.6692786228,0.3113497061,0.635783161,0.2256263675
1752420118,558.1900024,744.7000122,836.8900146,605.210022,1017.859985,898.2399902,932.5200195,589.039978,1125.699951,-11625.73047,0,-0.2243568153,-0.06100373153,0.7467994966,0.9329233615,0.0487961716,-0.06671766498,0.3504592536
1752420118,558.1900024,744.7000122,836.8900146,605.210022,1017.859985,898.2399902,932.5200195,589.039978,1125.699951,-11625.73047,2,-0.2372816815,-0.08319771998,0.7984423779,-0.8888538396,-0.01654798911,0.09117432971,0.4487229184
1752420118,558.1900024,744.7000122,836.8900146,605.210022,1017.859985,898.2399902,932.5200195,589.039978,1125.699951,-11625.73047,1,-0.2520022699,-0.07418087008,0.7879603713,0.6693949954,0.3110082209,0.6360877938,0.2248922972
1752420119,558.1900024,744.7000122,836.8900146,605.210022,1017.690002,955.2800293,932.5200195,589.039978,1124.209961,-11625.73047,0,-0.2217242928,-0.04692844199,0.7973151189,-0.8777997974,-0.1178422849,-0.2899027847,0.3626804201
1752420120,558.1900024,744.7000122,836.8900146,605.210022,1017.690002,974.8800049,932.5200195,589.039978,1124.209961,-11625.73047,0,-0.2213492341,-0.04377629252,0.820917985,0.9475968183,0.06496892081,-0.02712362559,0.3116145348
1752420120,558.1900024,744.7000122,836.8900146,605.210022,1017.690002,974.8800049,932.5200195,589.039978,1124.209961,-11625.73047,2,-0.2139537225,-0.06015444925,0.8045158264,0.8609988668,-0.08285790684,0.2776199072,0.4180223747
1752420120,558.1900024,744.7000122,836.8900146,605.210022,1017.690002,974.9699707,932.5200195,589.039978,1124.209961,-11625.73047,0,-0.2126183549,-0.04525693076,0.7851524337,-0.8648067617,-0.1451312281,-0.2919737224,0.3818344366
1752420120,558.1900024,744.7000122,836.8900146,605.210022,1017.690002,974.9699707,932.5200195,589.039978,1124.209961,-11625.73047,2,-0.2270971417,-0.06778663512,0.8513326968,0.8650685036,-0.08240506616,0.2955058865,0.3969158099
1752420120,558.1900024,744.7000122,836.8900146,605.210022,1017.690002,974.9699707,932.5200195,589.039978,1124.209961,-11625.73047,0,-0.2185252194,-0.04702646425,0.8045432576,-0.8786929589,-0.1295808608,-0.2629471201,0.3767841511
1752420120,558.1900024,744.7000122,836.8900146,605.210022,1017.690002,974.9699707,932.5200195,589.039978,1124.209961,-11625.73047,0,-0.2144661384,-0.04569651155,0.7872667547,-0.8770362643,-0.1499307721,-0.2859096189,0.3557862342
1752420121,558.1900024,744.7000122,836.8900146,605.210022,1017.690002,974.8800049,932.5200195,589.039978,1124.209961,-11625.73047,0,-0.2185252194,-0.04702646425,0.8045432576,-0.8786929589,-0.1295808608,-0.2629471201,0.3767841511
1752420121,558.1900024,744.7000122,836.8900146,605.210022,1017.690002,974.9699707,932.5200195,589.039978,1124.209961,-11625.73047,0,-0.2107754634,-0.04510762579,0.7771802874,-0.8816735648,-0.1421307936,-0.2604133411,0.3669270424
1752420121,558.1900024,744.7000122,836.8900146,605.210022,1017.690002,974.9699707,932.5200195,589.039978,1124.209961,-11625.73047,2,-0.2327432447,-0.06869518232,0.8683839051,-0.8924873609,-0.02298366607,0.08257526493,0.4428536862
1752420121,558.1900024,744.7000122,836.8900146,605.210022,1017.690002,974.9699707,932.5200195,589.039978,1124.209961,-11625.73047,0,-0.2144918616,-0.04442670333,0.7873611489,-0.8774162075,-0.150081154,-0.2856377298,0.3550035681
1752420121,558.1900024,744.7000122,836.8900146,605.210022,1017.690002,974.9699707,932.5200195,589.039978,1124.209961,-11625.73047,2,-0.2285297298,-0.06642307543,0.8515310865,0.8645176516,-0.08254055753,0.2963802605,0.3974355641
1752420121,558.1900024,744.7000122,836.8900146,605.210022,1017.690002,974.9699707,932.5200195,589.039978,1124.209961,-11625.73047,0,-0.2145175911,-0.04315659419,0.7874555647,-0.8777952597,-0.1502312098,-0.2853648811,0.3542216118
1752420121,558.1900024,744.7000122,836.8900146,605.210022,1017.690002,974.9699707,932.5200195,589.039978,1124.209961,-11625.73047,0,-0.2209289753,-0.04398802896,0.8085671426,-0.8811755648,-0.1300332972,-0.2601160794,0.3727741821
1752420121,558.1900024,744.7000122,836.8900146,605.210022,1017.690002,974.9699707,932.5200195,589.039978,1124.209961,-11625.73047,0,-0.2241440376,-0.04489684963,0.819127714,-0.8875180556,-0.1428133325,-0.2820561179,0.3352020277
1752420121,558.1900024,744.7000122,836.8900146,605.210022,1017.690002,974.9699707,932.5200195,589.039978,1124.209961,-11625.73047,0,-0.2125447791,-0.04362347789,0.7766178843,0.9298675853,0.04440953317,-0.02125081846,0.3645853396
1752420121,558.1900024,744.7000122,836.8900146,605.210022,1017.690002,974.9699707,932.5200195,589.039978,1124.209961,-11625.73047,2,-0.2224895571,-0.06374174235,0.8226849573,-0.8839442552,-0.02696074645,0.06230406418,0.4626379528
1752420121,558.1900024,744.7000122,836.8900146,613.4799805,1017.690002,974.4400024,932.5200195,589.039978,1122.800049,-11625.73047,0,-0.2199309231,-0.04574468531,0.804917314,-0.8789384008,-0.1299471635,-0.2634653708,0.3757219993
1752420121,558.1900024,744.7000122,836.8900146,613.4799805,1017.690002,974.4400024,932.5200195,589.039978,1122.800049,-11625.73047,0,-0.2163232565,-0.04429732118,0.7964537996,-0.8792637896,-0.1172617707,-0.286274476,0.3622040719
1752420121,558.1900024,744.7000122,836.8900146,613.4799805,1017.690002,974.4400024,932.5200195,589.039978,1122.800049,-11625.73047,2,-0.221069501,-0.06371660379,0.8223607616,-0.8838231304,-0.02664690854,0.06296725504,0.4627977326
1752420121,558.1900024,744.7000122,836.8900146,613.4799805,1017.690002,974.4400024,932.5200195,589.039978,1122.800049,-11625.73047,0,-0.2185945232,-0.04313074695,0.8047982803,-0.8798545662,-0.1299795977,-0.2621870918,0.3744585095
1752420122,558.1900024,744.7000122,836.8900146,638.3499756,1017.690002,974.3599854,932.5200195,589.039978,1122.800049,-11625.73047,0,-0.2185858568,-0.03737496662,0.8071705777,-0.8837360597,-0.1303721213,-0.2570542555,0.3686960761
1752420122,558.1900024,744.7000122,836.8900146,651.0100098,1017.690002,974.3599854,932.5200195,589.039978,1122.800049,-11625.73047,2,-0.2286660496,-0.05973113997,0.8494702537,0.8744746599,-0.1252172926,0.2869170011,0.3705311503
1752420122,558.1900024,744.7000122,836.8900146,651.0100098,1017.690002,974.3599854,932.5200195,589.039978,1122.800049,-11625.73047,2,-0.2286660496,-0.05973113997,0.8494702537,0.8744746599,-0.1252172926,0.2869170011,0.3705311503
1752420122,558.1900024,744.7000122,836.8900146,651.0100098,1017.690002,974.3599854,932.5200195,589.039978,1122.800049,-11625.73047,0,-0.2208448357,-0.03842409315,0.8155160307,-0.8841428897,-0.09619573144,-0.2588864841,0.3768494662
1752420122,558.1900024,744.7000122,836.8900146,664.0999756,1017.690002,974.3599854,932.5200195,589.039978,1122.800049,-11625.73047,0,-0.2173786246,-0.03619760934,0.8027367217,-0.8826935681,-0.08439092938,-0.2852032462,0.3638534654
1752420122,558.1900024,744.7000122,836.8900146,664.0999756,1017.690002,974.3599854,932.5200195,589.039978,1122.800049,-11625.73047,2,-0.2285740496,-0.05558099105,0.8491285651,0.8734104997,-0.1247568428,0.2876562158,0.3726174053
1752420122,558.1900024,744.7000122,836.8900146,664.0999756,1017.690002,974.3599854,932.5200195,589.039978,1122.800049,-11625.73047,1,-0.2350781437,-0.04383121879,0.8107815345,-0.766285236,-0.422865213,0.4177904806,0.2438094812
1752420122,558.1900024,744.7000122,836.8900146,664.0999756,1017.690002,974.3599854,932.5200195,589.039978,1122.800049,-11625.73047,0,-0.2218681196,-0.03362509625,0.8192915197,-0.8991379619,-0.101759264,-0.2478324064,0.3460853595
1752420122,558.1900024,744.7000122,836.8900146,664.0999756,1017.690002,974.3599854,932.5200195,589.039978,1122.800049,-11625.73047,2,-0.2203027525,-0.05125366533,0.8183997676,0.8699444958,-0.09922797293,0.2498550886,0.4134281296
1752420122,558.1900024,744.7000122,836.8900146,676.4899902,1017.690002,974.3599854,932.5200195,589.039978,1122.800049,-11625.73047,0,-0.208543866,-0.03026411409,0.7678076273,-0.8658613449,-0.09273519191,-0.2515903009,0.4223584213
1752420122,558.1900024,744.7000122,836.8900146,676.4899902,1017.690002,974.3599854,932.5200195,589.039978,1122.800049,-11625.73047,0,-0.2140946556,-0.03081701349,0.7869218238,0.9298737559,-0.02389715115,-0.02227811887,0.3664251762
1752420123,558.1900024,744.7000122,836.8900146,684.8400269,1017.690002,974.3599854,932.5200195,589.039978,1122.800049,-11625.73047,0,-0.2251552745,-0.03319186349,0.8167732924,-0.8852513378,-0.09739703119,-0.2603088156,0.3729386112
1752420123,558.1900024,744.7000122,836.8900146,684.8400269,1017.690002,974.3599854,932.5200195,589.039978,1122.800049,-11625.73047,0,-0.2215622388,-0.03364033454,0.8037594278,-0.8829258154,-0.08533934805,-0.2871762101,0.3615093699
1752420123,558.1900024,744.7000122,836.8900146,684.8400269,1017.690002,974.3599854,932.5200195,589.039978,1122.800049,-11625.73047,2,-0.2240238219,-0.0519972401,0.8161428996,-0.8859394932,0.009648366045,0.06146375739,0.459608888
1752420123,558.1900024,744.7000122,836.8900146,685.0200195,1017.690002,974.3599854,932.5200195,589.039978,1122.800049,-11625.73047,2,-0.2196769856,-0.0513293027,0.8039889854,0.8691925485,-0.1246437683,0.271103241,0.3942984624
1752420123,558.1900024,744.7000122,836.8900146,685.0200195,1019.090027,974.3599854,932.5200195,589.039978,1121.839966,-11625.73047,0,-0.2167409313,-0.0333809601,0.7872712831,0.9305416305,-0.02426696433,-0.02142621713,0.3647523893
1752420123,558.1900024,744.7000122,836.8900146,685.0200195,1019.090027,974.3599854,932.5200195,589.039978,1121.839966,-11625.73047,2,-0.2293108886,-0.05338430441,0.8378813453,-0.892473483,-0.00536705935,0.02876875011,0.4501495706
1752420124,558.1900024,744.7000122,836.8900146,685.0200195,1019.090027,974.3599854,932.5200195,589.039978,1121.839966,-11625.73047,0,-0.2154174885,-0.03209870063,0.7870964752,0.9302084293,-0.02408236095,-0.0218507265,0.3655883801
1752420124,558.1900024,744.7000122,836.8900146,685.0200195,1019.090027,974.3599854,932.5200195,589.039978,1121.839966,-11625.73047,0,-0.2158111518,-0.03054121635,0.7910298431,-0.8879911873,-0.07807746894,-0.260767923,0.3706422136
1752420124,558.1900024,744.7000122,836.8900146,684.7600098,1043.530029,974.3599854,932.5200195,589.039978,1121.310059,-11625.73047,0,-0.2143663621,-0.02943521373,0.7926441506,0.9389089636,-0.01219512803,-0.01050495878,0.343789009
1752420124,558.1900024,744.7000122,836.8900146,684.7600098,1043.530029,974.3599854,932.5200195,589.039978,1121.310059,-11625.73047,2,-0.2178249565,-0.0475456992,0.8116323707,0.8680899887,-0.1345829793,0.2471050968,0.4089575337
1752420124,558.1900024,744.7000122,836.8900146,684.7600098,1043.530029,974.3599854,932.5200195,589.039978,1121.310059,-11625.73047,2,-0.2178249565,-0.0475456992,0.8116323707,0.8680899887,-0.1345829793,0.2471050968,0.4089575337
1752420124,558.1900024,744.7000122,836.8900146,684.7600098,1069.189941,974.2700195,932.5200195,589.039978,1121.310059,-11625.73047,0,-0.2091849569,-0.02618942325,0.7950555829,-0.8768420396,-0.08303870086,-0.2411283398,0.4075656212
1752420124,558.1900024,744.7000122,836.8900146,684.7600098,1069.189941,974.2700195,932.5200195,589.039978,1121.310059,-11625.73047,2,-0.2121884991,-0.04483716361,0.8101948812,0.8678769073,-0.1330838498,0.2449551505,0.411187715
1752420124,558.1900024,744.7000122,836.8900146,684.7600098,1082.109985,974.2700195,932.5200195,589.039978,1121.310059,-11625.73047,0,-0.2079341877,-0.02473566086,0.8001482753,-0.8922556671,-0.08809936349,-0.2249035298,0.381492764
1752420124,558.1900024,744.7000122,836.8900146,684.7600098,1082.109985,974.2700195,932.5200195,589.039978,1121.310059,-11625.73047,2,-0.2093807125,-0.0434871021,0.8094894725,0.8677697521,-0.1323306248,0.2438720056,0.4122992943
1752420125,558.1900024,744.7000122,836.8900146,684.7600098,1095.290039,974.3599854,932.5200195,589.039978,1121.310059,-11625.73047,2,-0.2065794455,-0.04213972493,0.8087916801,0.8676620474,-0.1315750357,0.2427831665,0.4134088963
1752420125,558.1900024,744.7000122,836.8900146,684.7600098,1099.949951,974.2700195,932.5200195,589.039978,1121.310059,-11625.73047,0,-0.2020957739,-0.02565241579,0.7848867585,0.9281270575,-0.02173802423,-0.02708494668,0.3706400264
1752420125,558.1900024,744.7000122,836.8900146,684.7600098,1099.949951,974.2700195,932.5200195,589.039978,1121.310059,-11625.73047,2,-0.2065966548,-0.04345338726,0.8088590138,0.8680324055,-0.1317031442,0.2425513116,0.4127261635
1752420125,558.1900024,744.7000122,836.8900146,684.7600098,1099.949951,974.2700195,932.5200195,589.039978,1121.310059,-11625.73047,0,-0.209341516,-0.02518322286,0.8144627989,-0.8887223522,-0.06061923244,-0.2524787764,0.3778258288
1752420125,558.1900024,744.7000122,836.8900146,684.7600098,1099.949951,974.2700195,932.5200195,589.039978,1121.310059,-11625.73047,2,-0.2132851377,-0.04365996646,0.8336076088,-0.8938671589,-0.001412254418,0.03720068524,0.4467836353
1752420125,558.1900024,744.7000122,836.8900146,684.7600098,1099.949951,974.2700195,932.5200195,589.039978,1121.310059,-11625.73047,0,-0.2017028154,-0.02366337551,0.7859935711,-0.8795251972,-0.07064386954,-0.2585817927,0.393167048
1752420125,558.1900024,744.7000122,836.8900146,684.7600098,1099.949951,974.2700195,932.5200195,589.039978,1121.310059,-11625.73047,2,-0.2147475296,-0.04387229988,0.8420933955,0.876791239,-0.1227248845,0.2349195526,0.4012337595
1752420126,558.1900024,744.7000122,836.8900146,684.7600098,1099.949951,974.3599854,932.5200195,589.039978,1121.310059,-11625.73047,2,-0.2147650889,-0.04523998152,0.8421621943,0.8771527276,-0.1228439297,0.2346847018,0.4005440702
1752420126,558.1900024,744.7000122,836.8900146,684.7600098,1099.949951,974.2700195,932.5200195,589.039978,1121.310059,-11625.73047,2,-0.2065966548,-0.04345338726,0.8088590138,0.8680324055,-0.1317031442,0.2425513116,0.4127261635
1752420126,558.1900024,744.7000122,836.8900146,684.7600098,1099.949951,974.2700195,932.5200195,589.039978,1121.310059,-11625.73047,0,-0.2016786636,-0.02493347199,0.7858994556,-0.8791364213,-0.07051544258,-0.258762965,0.3939396567
1752420126,558.1900024,744.7000122,836.8900146,684.7600098,1099.949951,974.2700195,932.5200195,589.039978,1121.310059,-11625.73047,2,-0.2065966548,-0.04345338726,0.8088590138,0.8680324055,-0.1317031442,0.2425513116,0.4127261635
1752420126,558.1900024,744.7000122,836.8900146,684.7600098,1099.949951,974.2700195,932.5200195,589.039978,1121.310059,-11625.73047,0,-0.2037633236,-0.02486844298,0.7940065891,-0.8777576428,-0.08207715884,-0.2379232362,0.4076731461
1752420126,558.1900024,744.7000122,836.8900146,684.7600098,1099.949951,974.2700195,932.5200195,589.039978,1121.310059,-11625.73047,2,-0.2071245916,-0.04323826975,0.8109229809,0.8800070524,-0.1371314811,0.2327134393,0.3906750565
1752420126,558.1900024,744.7000122,836.8900146,684.7600098,1099.949951,974.2700195,932.5200195,589.039978,1121.310059,-11625.73047,0,-0.2080394542,-0.0253979964,0.8106934028,-0.8820984915,-0.09147839615,-0.3024905076,0.34933286
1752420126,558.1900024,744.7000122,836.8900146,684.7600098,1099.949951,974.2700195,932.5200195,589.039978,1121.310059,-11625.73047,2,-0.2071245916,-0.04323826975,0.8109229809,0.8800070524,-0.1371314811,0.2327134393,0.3906750565
1752420127,558.1900024,744.7000122,836.8900146,684.7600098,1100.209961,974.3599854,932.5200195,589.039978,1121.130005,-11625.73047,2,-0.2147475296,-0.04387229988,0.8420933955,0.876791239,-0.1227248845,0.2349195526,0.4012337595
1752420127,558.1900024,744.7000122,836.8099976,684.7600098,1123.329956,974.2700195,932.5200195,589.039978,1120.339966,-11625.73047,0,-0.2055560496,-0.0205152248,0.8257377948,-0.8911910874,-0.0713012588,-0.2208098863,0.3897917013
1752420127,558.1900024,744.7000122,836.8099976,684.7600098,1123.329956,974.2700195,932.5200195,589.039978,1120.339966,-11625.73047,2,-0.2076256908,-0.03880332307,0.8380364571,-0.8873407646,0.009740740466,0.01983947777,0.4605842817
1752420127,558.1900024,744.7000122,836.8099976,684.7600098,1123.329956,974.2700195,932.5200195,589.039978,1120.339966,-11625.73047,0,-0.2018291483,-0.01928517112,0.8160985776,-0.892037091,-0.05965958546,-0.2454194038,0.3748064544
1752420127,558.1900024,744.7000122,836.8099976,684.7600098,1123.329956,974.2700195,932.5200195,589.039978,1120.339966,-11625.73047,2,-0.1982001236,-0.03680399943,0.8066875183,0.86696456,-0.1291643809,0.239706327,0.4174085423
1752420127,558.1900024,744.7000122,836.8099976,684.7600098,1123.329956,974.2700195,932.5200195,589.039978,1120.339966,-11625.73047,0,-0.1950225951,-0.01882023266,0.7964193908,-0.8776635389,-0.07701396427,-0.2775179233,0.3830918481
1752420127,558.1900024,744.7000122,836.8099976,684.7600098,1123.329956,974.2700195,932.5200195,589.039978,1120.339966,-11625.73047,2,-0.2045899757,-0.0383032231,0.8396021823,0.8762025975,-0.1201012551,0.2311369812,0.4054878451
1752420127,558.1900024,744.7000122,836.8099976,684.7600098,1123.329956,974.2700195,932.5200195,589.039978,1120.339966,-11625.73047,0,-0.1911022998,-0.01853024058,0.7842982433,-0.8822762303,-0.06907178002,-0.2517286277,0.3917275082
1752420127,558.1900024,744.7000122,836.8099976,684.7600098,1123.329956,974.2700195,932.5200195,589.039978,1120.339966,-11625.73047,2,-0.2039230977,-0.0381940722,0.8395617854,-0.887152716,0.0105552967,0.0227881832,0.460792082
1752420127,558.1900024,744.7000122,836.8900146,684.7600098,1136.339966,974.2700195,932.5200195,589.039978,1120.339966,-11625.73047,0,-0.1923234342,-0.01880845395,0.7959289536,-0.8780134991,-0.0765025743,-0.2759808599,0.3835025639
1752420127,558.1900024,744.7000122,836.8900146,684.7600098,1136.339966,974.2700195,932.5200195,589.039978,1120.339966,-11625.73047,2,-0.1940641294,-0.03676348118,0.8057944531,0.8673594712,-0.1282082647,0.2377032656,0.4180279251
1752420127,558.1900024,744.7000122,836.8900146,684.7600098,1161.829956,974.2700195,932.5200195,589.039978,1120.339966,-11625.73047,0,-0.1975821738,-0.01592338612,0.8302057745,-0.9013415878,-0.07231907835,-0.2623936351,0.3369018748
1752420128,558.1900024,744.7000122,836.8900146,684.7600098,1161.829956,974.2700195,932.5200195,589.039978,1120.339966,-11625.73047,0,-0.1957920321,-0.01513391114,0.8240574633,-0.8934834337,-0.06985846929,-0.214705697,0.3882120704
1752420128,558.1900024,744.7000122,836.8900146,684.7600098,1177.380005,974.2700195,932.5200195,589.039978,1120.339966,-11625.73047,0,-0.1915785444,-0.01645053802,0.8231630794,-0.8934509741,-0.06895546295,-0.2126227606,0.3895921749
1752420128,558.1900024,744.7000122,836.8900146,684.7600098,1177.380005,974.2700195,932.5200195,589.039978,1120.339966,-11625.73047,2,-0.1932957089,-0.03459608802,0.8347867294,-0.8876245293,0.01320136278,0.02706498623,0.4595823164
1752420128,558.1900024,744.7000122,836.8900146,684.7600098,1177.380005,974.2700195,932.5200195,589.039978,1120.339966,-11625.73047,2,-0.1885103515,-0.03148761704,0.8043792375,0.8663915184,-0.1264102055,0.2358899276,0.4215947567
1752420128,558.1900024,744.7000122,836.8900146,684.7600098,1181.160034,974.2700195,932.5200195,589.039978,1119.199951,-11625.73047,0,-0.1924073177,-0.01344178528,0.8224528901,-0.8898428695,-0.1014201164,-0.2646037319,0.3576010244
1752420129,558.1900024,744.7000122,836.8900146,684.7600098,1194.959961,974.2700195,932.5200195,589.039978,1119.109985,-11625.73047,0,-0.1792546139,-0.01214984009,0.7825015889,-0.8854948406,-0.06730711054,-0.2439838288,0.389667206
1752420129,558.1900024,744.7000122,836.8900146,684.7600098,1194.959961,974.2700195,932.5200195,589.039978,1119.109985,-11625.73047,2,-0.1909901248,-0.03128116348,0.8365347238,-0.888238226,0.01386284245,0.02951736328,0.4582241817
1752420129,558.1900024,744.7000122,836.8900146,684.7600098,1207.530029,974.2700195,932.5200195,589.039978,1119.109985,-11625.73047,0,-0.1812593864,-0.0113068291,0.8127955201,-0.8963431766,-0.05656048371,-0.2326871092,0.3731307152
1752420129,558.1900024,744.7000122,836.8900146,684.7600098,1207.530029,974.2700195,932.5200195,589.039978,1119.109985,-11625.73047,2,-0.1853007669,-0.02988283945,0.8353262164,-0.8882683364,0.01525701585,0.0323730028,0.4579285695
1752420129,558.1900024,744.7000122,836.8900146,684.7600098,1220.359985,974.2700195,932.5200195,589.039978,1119.109985,-11625.73047,0,-0.1779327794,-0.009295527599,0.809644726,-0.8964550895,-0.05623023929,-0.2324394752,0.3730661107
1752420129,558.1900024,744.7000122,836.8900146,684.7600098,1220.359985,974.2700195,932.5200195,589.039978,1119.109985,-11625.73047,2,-0.1899883008,-0.02844305425,0.8708644992,0.8847839582,-0.1050382289,0.2130553149,0.4009136447
1752420129,558.2800293,744.7000122,836.8900146,684.7600098,1233.630005,974.2700195,932.5200195,589.039978,1119.109985,-11625.73047,0,-0.1839844454,-0.007651983975,0.8449505371,-0.9084442657,-0.04556157509,-0.2202636487,0.3523309297
1752420129,558.2800293,744.7000122,836.8900146,684.7600098,1233.630005,974.2700195,932.5200195,589.039978,1119.109985,-11625.73047,2,-0.1885015057,-0.02702166592,0.87051438,0.8845401353,-0.1046210884,0.2125656317,0.4018196475
1752420130,558.1900024,744.7000122,836.8900146,684.7600098,1246.109985,974.2700195,932.5200195,589.039978,1119.109985,-11625.73047,0,-0.1714354151,-0.006726820074,0.8161613653,-0.8845547136,-0.05936910609,-0.212511301,0.41094673
1752420130,558.1900024,744.7000122,836.8900146,684.7600098,1246.109985,974.2700195,932.5200195,589.039978,1119.109985,-11625.73047,2,-0.1823068027,-0.02608695473,0.8746075025,0.8814234064,-0.1150950787,0.1859140712,0.4186667644
1752420130,558.1900024,744.7000122,836.8900146,684.7600098,1251.829956,974.2700195,932.5200195,589.039978,1119.109985,-11625.73047,0,-0.1690098146,-0.007339306267,0.8108866351,-0.8986367948,-0.05455612567,-0.2252260589,0.3724899496
1752420130,558.1900024,744.7000122,836.8900146,684.7600098,1251.829956,974.2700195,932.5200195,589.039978,1119.109985,-11625.73047,2,-0.1732230352,-0.02549946398,0.8358265467,-0.899857068,0.02979053694,0.02333216621,0.4345404366
1752420130,558.1900024,744.7000122,836.8900146,684.7600098,1251.829956,974.2700195,932.5200195,589.039978,1119.109985,-11625.73047,0,-0.1700481395,-0.008045633874,0.8158496834,-0.8842987992,-0.0589640553,-0.2119220406,0.4118591053
1752420130,558.1900024,744.7000122,836.8900146,684.7600098,1251.829956,974.2700195,932.5200195,589.039978,1119.109985,-11625.73047,2,-0.1796898078,-0.02696964442,0.8688254706,0.8852237142,-0.1027698155,0.2083858158,0.4029797669
1752420130,558.1900024,744.7000122,836.8900146,684.7600098,1251.829956,974.2700195,932.5200195,589.039978,1119.109985,-11625.73047,0,-0.1823545652,-0.008953414901,0.8714912016,-0.9056259367,-0.06384717533,-0.2176233544,0.3583368202
1752420130,558.1900024,744.7000122,836.8900146,684.7600098,1251.829956,974.2700195,932.5200195,589.039978,1119.109985,-11625.73047,2,-0.1779664083,-0.02743621778,0.8505150226,0.8848713982,-0.12878168,0.2326704552,0.3824687528
1752420130,558.1900024,744.7000122,836.8900146,684.7600098,1251.829956,974.2700195,932.5200195,589.039978,1119.109985,-11625.73047,0,-0.1825886503,-0.009280393135,0.8591167813,0.9397842481,-0.01714112452,-0.05399664744,0.3370402214
1752420130,558.1900024,744.7000122,836.8900146,684.7600098,1251.829956,974.2700195,932.5200195,589.039978,1119.109985,-11625.73047,2,-0.1760557446,-0.0272197283,0.8333163334,0.8757443025,-0.1128566512,0.2192089987,0.4150695217
1752420130,558.1900024,744.7000122,836.8900146,684.7600098,1251.829956,974.2700195,932.5200195,589.039978,1119.109985,-11625.73047,2,-0.1777515726,-0.02693672204,0.8349387615,0.8869644289,-0.119667799,0.2116481973,0.3926560331
1752420130,558.2800293,744.7000122,836.8900146,684.7600098,1251.829956,974.2700195,932.5200195,589.039978,1119.109985,-11625.73047,0,-0.1728098926,-0.006728928865,0.816407812,-0.8844334456,-0.05966441076,-0.2132554996,0.410779418
1752420130,558.2800293,744.7000122,836.8900146,684.7600098,1251.829956,974.2700195,932.5200195,589.039978,1119.109985,-11625.73047,2,-0.182609266,-0.02557681164,0.8693212493,0.8846385654,-0.1032786399,0.2099796819,0.4033071588
1752420130,558.1900024,744.7000122,836.8900146,684.7600098,1251.829956,974.2700195,932.5200195,589.039978,1119.109985,-11625.73047,2,-0.1749215374,-0.02556627032,0.8343447877,0.8868404719,-0.1189505126,0.2104791607,0.393780746
1752420130,558.1900024,744.7000122,836.8900146,684.7600098,1251.829956,974.2700195,932.5200195,589.039978,1119.109985,-11625.73047,0,-0.1793596474,-0.00837537181,0.848960588,-0.8940753839,-0.0492439136,-0.2030248189,0.3962135381
1752420130,558.1900024,744.7000122,836.8900146,684.7600098,1251.829956,974.2700195,932.5200195,589.039978,1119.109985,-11625.73047,2,-0.1746374358,-0.02585993158,0.8329911101,0.8755002516,-0.112416713,0.2187193361,0.4159611089
1752420131,558.2800293,744.7000122,836.8900146,684.8400269,1251.829956,974.2700195,932.5200195,589.039978,1119.109985,-11625.73047,0,-0.1741707241,-0.008053133205,0.8165865392,-0.8839341082,-0.05984953588,-0.2141571755,0.4113577877
1752420131,558.2800293,744.7000122,836.8900146,684.8400269,1251.829956,974.2700195,932.5200195,589.039978,1119.109985,-11625.73047,2,-0.1846706036,-0.02814186736,0.8723995935,0.8981926545,-0.1101323783,0.1978874351,0.3767776236
1752420131,558.1900024,744.7000122,836.8900146,684.7600098,1251.390015,979.4500122,932.5200195,589.039978,1118.140015,-11625.73047,0,-0.1750158309,-0.005764798885,0.8205427145,-0.897689048,-0.06648031422,-0.2020682064,0.3858797493
1752420131,558.1900024,744.7000122,836.8900146,684.7600098,1251.390015,979.4500122,932.5200195,589.039978,1118.140015,-11625.73047,0,-0.1853223891,-0.006135185471,0.8721682068,-0.90606581,-0.06456662371,-0.2187914006,0.3563793232
1752420131,558.1900024,744.7000122,836.8900146,684.7600098,1251.390015,979.4500122,932.5200195,589.039978,1118.140015,-11625.73047,2,-0.1852532479,-0.02468515426,0.8751384445,0.8808710406,-0.1156501594,0.1874822882,0.4189768993
1752420131,558.2800293,744.7000122,836.8900146,684.7600098,1250.160034,992.3699951,932.5200195,589.039978,1118.140015,-11625.73047,0,-0.1728243985,-0.005407018727,0.8164763388,-0.884810008,-0.05977378469,-0.2130980707,0.4100336044
1752420131,558.2800293,744.7000122,836.8900146,684.7600098,1250.160034,992.3699951,932.5200195,589.039978,1118.140015,-11625.73047,2,-0.1812173811,-0.02459055242,0.8593741281,0.8826408796,-0.140858965,0.2081595513,0.3972070378
1752420132,558.1900024,744.7000122,836.8900146,684.8400269,1250.069946,1017.859985,932.5200195,589.039978,1118.140015,-11625.73047,2,-0.1745903287,-0.02008564641,0.8358883347,-0.901310764,0.02976259705,0.02300361784,0.4315367054
1752420132,558.1900024,744.7000122,836.8900146,684.8400269,1250.069946,1017.859985,932.5200195,589.039978,1118.140015,-11625.73047,0,-0.1769670795,-0.0008079144269,0.8441273392,-0.9107750574,-0.04484594426,-0.2154565611,0.3493652907
1752420132,558.1900024,744.7000122,836.8900146,684.8400269,1250.069946,1017.859985,932.5200195,589.039978,1118.140015,-11625.73047,2,-0.1745795762,-0.01873055423,0.8358366049,-0.9016525955,0.02983455924,0.02309810519,0.4308119933
1752420132,558.1900024,744.7000122,836.8900146,684.8400269,1250.069946,1042.650024,932.5200195,589.039978,1118.140015,-11625.73047,0,-0.1725911031,0.0002152469672,0.8361883498,-0.896339983,-0.03826444453,-0.2290320133,0.377696709
1752420132,558.1900024,744.7000122,836.8900146,684.8400269,1250.069946,1052.310059,932.5200195,589.039978,1118.140015,-11625.73047,0,-0.1698031301,0.001569075659,0.835802328,-0.8969733263,-0.0378379797,-0.2273554498,0.3772487756
1752420132,558.1900024,744.7000122,836.8900146,684.8400269,1250.069946,1052.310059,932.5200195,589.039978,1118.140015,-11625.73047,2,-0.1692262752,-0.01607918485,0.832926995,0.8848208271,-0.1169511337,0.2091723488,0.3995766069
1752420133,558.1900024,744.7000122,836.8900146,684.8400269,1250.069946,1052.310059,932.5200195,589.039978,1118.140015,-11625.73047,2,-0.1721739911,-0.0172508011,0.8407053768,0.8833657011,-0.1287712927,0.1824433506,0.4120648202
1752420133,558.1900024,744.7000122,836.8900146,684.8400269,1250.069946,1052.310059,932.5200195,589.039978,1118.140015,-11625.73047,2,-0.1721739911,-0.0172508011,0.8407053768,0.8833657011,-0.1287712927,0.1824433506,0.4120648202
1752420133,558.2800293,744.7000122,836.8900146,684.8400269,1250.069946,1052.310059,932.5200195,589.039978,1118.140015,-11625.73047,2,-0.1700809468,-0.01713269314,0.8403924688,-0.8934800877,0.04026256078,0.00516453176,0.44726456
1752420133,558.2800293,744.7000122,836.8900146,684.8400269,1250.069946,1052.310059,932.5200195,589.039978,1118.140015,-11625.73047,2,-0.1707579639,-0.01724541289,0.8404399063,0.8834564337,-0.1284524809,0.1817575144,0.4122728415
1752420134,558.2800293,744.7000122,836.8900146,684.8400269,1250.069946,1086.680054,932.5200195,589.039978,1117.349976,-11625.73047,2,-0.1594366577,-0.01367689201,0.8735144549,0.8931280147,-0.1158287298,0.1613006594,0.4035940434
1752420134,558.2800293,744.7000122,836.8900146,684.8400269,1250.069946,1099.599976,932.5200195,589.039978,1117.349976,-11625.73047,0,-0.1586545675,0.005853335872,0.8692965987,-0.9113171446,-0.02309849353,-0.2036507949,0.357062845
1752420134,558.2800293,744.7000122,836.8900146,684.8400269,1250.069946,1099.599976,932.5200195,589.039978,1117.349976,-11625.73047,2,-0.1547277339,-0.01284979552,0.8495495277,-0.8870009179,0.01609623825,-0.008251719637,0.4614132549
1752420134,558.2800293,744.7000122,836.8900146,684.8400269,1250.069946,1113.48999,932.5200195,589.039978,1117.349976,-11625.73047,0,-0.1588701423,0.009255303975,0.8922661293,-0.9229454223,-0.03811288396,-0.2209137572,0.3129157514
1752420134,558.2800293,744.7000122,836.8900146,684.8400269,1250.069946,1113.48999,932.5200195,589.039978,1117.349976,-11625.73047,0,-0.1497129689,0.009586031426,0.8563762472,-0.9110393007,-0.02473225818,-0.1445246461,0.3853677913
1752420135,558.2800293,744.7000122,836.8900146,684.8400269,1250.069946,1125,932.5200195,589.039978,1117.349976,-11625.73047,2,-0.1575552525,-0.008302648781,0.9472697375,0.8994378606,-0.08659611644,0.142596952,0.4039539042
1752420135,558.2800293,744.7000122,836.8900146,684.8400269,1250.069946,1126.579956,932.5200195,589.039978,1117.349976,-11625.73047,0,-0.1403786149,0.009226914641,0.8240013097,-0.901727831,-0.03465262203,-0.156663579,0.4014257561
1752420135,558.2800293,744.7000122,836.8900146,684.8400269,1250.069946,1126.579956,932.5200195,589.039978,1117.27002,-11625.73047,2,-0.1500687709,-0.00761763769,0.8684540429,0.8787355946,-0.1066008899,0.1731493914,0.431832483
1752420135,558.2800293,744.7000122,836.8900146,684.8400269,1250.069946,1126.579956,932.5200195,589.039978,1117.27002,-11625.73047,2,-0.1622883039,-0.008309098992,0.9480216788,0.8992341698,-0.08753574484,0.1447430817,0.4034412491
1752420135,558.2800293,744.7000122,836.8900146,684.8400269,1250.069946,1126.579956,932.5200195,589.039978,1117.27002,-11625.73047,2,-0.1556353215,-0.007962153907,0.9200045143,-0.9014850325,0.004831330907,-0.03649987,0.4312414103
1752420135,558.2800293,744.7000122,836.8900146,684.8400269,1250.069946,1126.579956,932.5200195,589.039978,1117.27002,-11625.73047,0,-0.148310109,0.01049473813,0.874728679,-0.9272399227,-0.02829191399,-0.1828188144,0.3255809798
1752420135,558.2800293,744.7000122,836.8900146,684.8400269,1250.069946,1126.579956,932.5200195,589.039978,1117.27002,-11625.73047,2,-0.1422988539,-0.007757011628,0.8452869495,0.8669719914,-0.08800814828,0.1610398704,0.4633360466
1752420136,558.2800293,744.7000122,836.8900146,684.8400269,1250.069946,1126.579956,932.5200195,589.039978,1117.089966,-11625.73047,0,-0.1417508641,0.009229275414,0.8242178093,-0.9016471446,-0.03495931169,-0.1573980185,0.4012930812
1752420136,558.2800293,744.7000122,836.8900146,684.8400269,1250.069946,1133.959961,932.5200195,589.039978,1116.300049,-11625.73047,0,-0.1423149735,0.01027215319,0.8274838762,-0.9144032552,-0.04192742938,-0.14173387,0.3768557916
1752420137,558.2800293,744.7000122,836.8900146,684.8400269,1250.069946,1196.810059,932.5200195,589.039978,1116.300049,-11625.73047,0,-0.1198504485,0.02564971488,0.8842645369,-0.942867889,-0.04152166428,-0.1149900223,0.3099248135
1752420137,558.2800293,744.7000122,836.8900146,684.8400269,1250.069946,1196.810059,932.5200195,589.039978,1116.300049,-11625.73047,2,-0.1186642442,0.00765753396,0.8860722548,0.8797447543,-0.05045513108,0.09803810204,0.46248457
1752420137,558.2800293,744.7000122,836.8900146,684.8400269,1250.069946,1196.97998,932.5200195,589.039978,1116.209961,-11625.73047,0,-0.1213259421,0.02436855914,0.889771431,-0.9489649046,-0.02187995446,-0.06152442787,0.3085476012
1752420137,558.2800293,744.7000122,836.8900146,684.8400269,1250.069946,1196.97998,932.5200195,589.039978,1116.209961,-11625.73047,0,-0.1254810512,0.02397756323,0.8886037668,-0.9373673977,-0.01523301373,-0.08887812391,0.3364684177
1752420137,558.2800293,744.7000122,836.8900146,684.8400269,1250.069946,1196.890015,932.5200195,589.039978,1116.300049,-11625.73047,0,-0.1211388354,0.02261035004,0.8506027904,-0.9318466742,-0.01640117661,-0.1379032606,0.3352245037
1752420137,558.2800293,744.7000122,836.8900146,684.8400269,1250.069946,1196.890015,932.5200195,589.039978,1116.300049,-11625.73047,2,-0.1245161248,0.006227914607,0.8868520096,0.879952413,-0.05193380043,0.1007881741,0.4613332584
1752420138,558.2800293,744.7000122,836.8900146,684.8400269,1250.069946,1196.97998,932.5200195,589.039978,1116.300049,-11625.73047,0,-0.1206542191,0.02516208658,0.8797038396,-0.9299056297,-0.03461785644,-0.1358497698,0.3400322984
1752420138,558.2800293,744.7000122,836.8900146,684.8400269,1250.069946,1196.97998,932.5200195,589.039978,1116.209961,-11625.73047,0,-0.129351924,0.02537799503,0.9134463837,-0.9559629071,-0.02019450135,-0.1371677598,0.2586737483
1752420138,558.2800293,744.7000122,836.8900146,684.8400269,1250.069946,1196.97998,932.5200195,589.039978,1116.209961,-11625.73047,2,-0.1240631548,0.00656573539,0.8836403492,0.8670694392,-0.04316717081,0.1169770348,0.4823313761
1752420138,558.2800293,744.7000122,836.8900146,684.8400269,1250.069946,1196.97998,932.5200195,589.039978,1116.209961,-11625.73047,0,-0.11919648,0.02407933976,0.8417763591,-0.9350227801,-0.04233870048,-0.1630839501,0.3119991353
1752420138,558.2800293,744.7000122,836.8900146,684.8400269,1250.069946,1196.97998,932.5200195,589.039978,1116.209961,-11625.73047,2,-0.1245143701,0.007664308047,0.8868395812,0.8795663985,-0.05188822592,0.1008980045,0.4620499489
1752420138,558.2800293,744.7000122,836.8900146,684.8400269,1250.069946,1196.97998,932.5200195,589.039978,1116.209961,-11625.73047,0,-0.124017603,0.02685104935,0.8884333404,-0.9379495126,-0.01501415256,-0.08787375924,0.3351171281
1752420138,558.2800293,744.7000122,836.8900146,684.8400269,1250.069946,1196.97998,932.5200195,589.039978,1116.209961,-11625.73047,0,-0.1169324237,0.02397348482,0.8500789726,-0.9323391288,-0.01566684024,-0.1355251058,0.3348600375
1752420141,558.2800293,744.7000122,836.8900146,684.8400269,1250.069946,1264.130005,932.5200195,589.039978,1115.329956,-11625.73047,2,-0.0980442098,0.02513838689,0.9181029561,-0.8781868888,-0.01534851219,-0.0264736001,0.477337784
1752420142,558.2800293,744.7000122,836.8900146,684.8400269,1250.069946,1264.130005,932.5200195,589.039978,1115.329956,-11625.73047,2,-0.1015755544,0.02768685222,0.954797127,-0.8834510441,-0.02555100014,-0.04525307064,0.4656324287
1752420142,558.2800293,744.7000122,836.8900146,684.8400269,1250.069946,1264.130005,932.5200195,589.039978,1115.329956,-11625.73047,2,-0.09804365434,0.02662536505,0.9180976088,-0.8785669273,-0.01534310141,-0.02641403312,0.4766414191
1752420143,558.2800293,744.7000122,836.8900146,684.8400269,1250.069946,1264.130005,932.5200195,589.039978,1116.829956,-11625.73047,2,-0.09485538793,0.02530826705,0.8848795837,-0.8832034674,-0.0355924785,-0.02647239281,0.4668875914
1752420144,558.2800293,744.7000122,836.8900146,684.8400269,1250.069946,1261.410034,932.5200195,589.039978,1174.040039,-11625.73047,0,-0.09867472347,0.02626100415,0.8806588892,-0.9264295371,-0.04103992544,-0.0964089581,0.3615927961
1752420145,558.2800293,744.7000122,836.8900146,684.8400269,1250.069946,1261.410034,932.5200195,589.039978,1186.170044,-11625.73047,2,-0.1033215413,0.01342959559,0.912242828,0.8734152128,0.01537210398,0.09325631439,0.4777162592
1752420145,558.2800293,744.7000122,836.8900146,684.8400269,1250.069946,1261.410034,932.5200195,589.039978,1186.170044,-11625.73047,0,-0.09977759192,0.02886854248,0.8840764882,-0.9384114753,-0.04869524027,-0.07513244985,0.3337181319
1752420146,558.2800293,744.7000122,836.8900146,684.8400269,1250.069946,1261.410034,932.5200195,589.039978,1186.170044,-11625.73047,2,-0.09901497071,0.01418146965,0.8835916115,-0.8902814571,-0.0457155371,-0.009816337252,0.4530040356
1752420146,558.2800293,744.7000122,836.8900146,684.8400269,1250.069946,1261.410034,932.5200195,589.039978,1186.52002,-11625.73047,2,-0.09467684737,0.009883324546,0.8831876735,-0.8891363613,-0.04467298925,-0.008013046882,0.4553862604
1752420146,558.2800293,744.7000122,836.8900146,684.8400269,1250.069946,1259.910034,932.5200195,589.039978,1188.810059,-11625.73047,2,-0.09471468105,0.009167894713,0.8835498231,-0.8687798778,-0.04717070745,-0.009885640353,0.4928475651
1752420147,558.2800293,744.7000122,836.8900146,684.8400269,1250.069946,1258.949951,932.5200195,589.039978,1241.280029,-11625.73047,2,-0.09319925175,-0.01668328449,0.8828643929,0.9060255553,-0.002947870339,0.08914056078,0.4137184595
1752420147,558.2800293,744.7000122,836.8900146,684.8400269,1250.069946,1258.949951,932.5200195,589.039978,1253.579956,-11625.73047,2,-0.08879759694,-0.0216624325,0.881781316,0.9256708191,-0.0003206671712,0.09242054603,0.3668676525
1752420148,558.2800293,744.7000122,836.8900146,684.8400269,1250.069946,1258.949951,932.5200195,589.039978,1253.579956,-11625.73047,0,-0.09419138182,0.001601940959,0.8497951384,-0.9082842258,-0.07954765227,-0.05306684922,0.4072785849
1752420148,558.2800293,744.7000122,836.8900146,684.8400269,1250.069946,1258.949951,932.5200195,589.039978,1253.579956,-11625.73047,2,-0.09329324253,-0.01657421025,0.8770618731,0.9233199365,0.03705462671,0.09570100337,0.370065626
1752420148,558.2800293,744.7000122,836.8900146,684.8400269,1250.069946,1258.949951,932.5200195,589.039978,1253.579956,-11625.73047,0,-0.09001608195,-0.001150323898,0.849372117,-0.907649643,-0.07854678524,-0.05117791143,0.4091251026
1752420148,558.2800293,744.7000122,836.8900146,684.8400269,1250.069946,1258.949951,932.5200195,589.039978,1253.579956,-11625.73047,2,-0.08899122649,-0.01940704024,0.8766773495,0.9240686642,0.03785865847,0.0933619428,0.3687104196
1752420149,558.2800293,744.7000122,836.8900146,684.8400269,1250.069946,1258.949951,932.5200195,589.039978,1253.579956,-11625.73047,0,-0.09088044998,0.002552869579,0.822943458,-0.8941577253,-0.0615527059,-0.04965317922,0.4407128186
1752420149,558.2800293,744.7000122,836.8900146,684.8400269,1250.069946,1258.949951,932.5200195,589.039978,1253.579956,-11625.73047,2,-0.09661638046,-0.01600786175,0.9115865077,-0.9191301199,-0.06075676044,-0.005543550854,0.3892013717
1752420149,558.2800293,744.7000122,836.8900146,684.8400269,1250.069946,1258.949951,932.5200195,589.039978,1253.579956,-11625.73047,2,-0.09034681687,-0.01642621803,0.8692720262,0.9161488116,0.01751869264,0.1386404567,0.3756903966
1752420149,558.2800293,744.7000122,836.8900146,684.8400269,1250.069946,1258.949951,932.5200195,589.039978,1253.579956,-11625.73047,0,-0.09692540132,0.002019795598,0.8841506171,-0.9059043004,-0.06223595208,-0.04908409947,0.415998601
1752420150,558.2800293,744.7000122,836.8900146,684.8400269,1250.069946,1258.949951,932.5200195,589.039978,1253.579956,-11625.73047,2,-0.08906492133,-0.01682483682,0.8535188596,0.920870738,0.007446880087,0.06930560183,0.3835861852
1752420150,558.2800293,744.7000122,836.8900146,684.8400269,1250.069946,1256.839966,932.5200195,589.039978,1275.119995,-11625.73047,0,-0.08741961438,-0.02010510635,0.8509139456,-0.8925427587,-0.06945073747,-0.06710236326,0.4405011824
1752420150,558.2800293,744.7000122,836.8900146,684.8400269,1250.069946,1256.839966,932.5200195,589.039978,1287.949951,-11625.73047,2,-0.082509639,-0.03846994788,0.8431589461,0.9361090428,0.02678446888,0.1173009055,0.3304889557
1752420150,558.2800293,744.7000122,836.8900146,684.8400269,1250.069946,1256.839966,932.5200195,589.039978,1287.949951,-11625.73047,0,-0.08447652429,-0.02034457186,0.8190326459,-0.8761927457,-0.08870310178,-0.06530918186,0.4692043721
1752420150,558.2800293,744.7000122,836.8900146,684.8400269,1250.069946,1256.839966,932.5200195,589.039978,1301.660034,-11625.73047,2,-0.08731475235,-0.04199802465,0.8741544186,0.961367494,0.04017181275,0.1107364652,0.2487894735
1752420150,558.2800293,744.7000122,836.8900146,684.8400269,1250.069946,1256.839966,932.5200195,589.039978,1301.660034,-11625.73047,0,-0.08685560247,-0.02243868547,0.8226877417,-0.8586647363,-0.07400214969,-0.03044436011,0.5062525984
1752420150,558.2800293,744.7000122,836.8900146,684.8400269,1250.069946,1256.839966,932.5200195,589.039978,1301.660034,-11625.73047,2,-0.08498717598,-0.04175685817,0.8406712152,0.9512906476,0.02743982879,0.1307765788,0.2778320465
1752420151,558.2800293,744.7000122,836.8900146,684.8400269,1250.069946,1256.839966,932.5200195,589.039978,1319.77002,-11625.73047,2,-0.08447027589,-0.04765480836,0.8740305747,0.9623047952,0.04038565468,0.1088103254,0.2459650241
1752420151,558.2800293,744.7000122,836.8900146,684.8400269,1250.069946,1256.839966,932.5200195,589.039978,1319.77002,-11625.73047,2,-0.08636481489,-0.04163428989,0.8472103546,-0.956976057,-0.05030305265,0.006620895211,0.28569668
1752420151,558.2800293,744.7000122,836.8900146,684.8400269,1250.069946,1256.839966,932.5200195,589.039978,1319.77002,-11625.73047,2,-0.08361552238,-0.04311357065,0.8405743657,0.9515952613,0.0276047959,0.1299299243,0.2771689894
1752420152,558.2800293,744.7000122,836.8900146,684.8400269,1250.069946,1256.839966,932.5200195,589.039978,1319.77002,-11625.73047,2,-0.09018261533,-0.04343075642,0.8744963249,0.9614738646,0.03970626581,0.1121352072,0.2478247675
1752420152,558.2800293,744.7000122,836.8900146,684.8400269,1250.069946,1256.839966,932.5200195,589.039978,1319.77002,-11625.73047,2,-0.09079654382,-0.043265009,0.8802251769,-0.9662882105,-0.0581543071,-0.01729649352,0.2502119143
1752420152,558.2800293,744.7000122,836.8900146,684.8400269,1250.069946,1256.839966,932.5200195,589.039978,1319.77002,-11625.73047,0,-0.08955389694,-0.02377992818,0.8229870954,-0.8582532693,-0.07478756398,-0.03195053847,0.5067418565
1752420152,558.2800293,744.7000122,836.8900146,684.8400269,1250.069946,1256.839966,932.5200195,589.039978,1319.77002,-11625.73047,2,-0.08635919734,-0.04039985948,0.840768625,0.9509839792,0.0272753227,0.1316262196,0.2784960799
1752420152,558.2800293,744.7000122,836.8900146,684.8400269,1250.069946,1256.839966,932.5200195,589.039978,1319.77002,-11625.73047,2,-0.08411915521,-0.04165636114,0.8456051844,0.9630072851,0.02063345125,0.1134076192,0.2435773829
1752420153,558.2800293,744.7000122,836.8900146,684.8400269,1250.069946,1256.839966,932.5200195,589.039978,1319.680054,-11625.73047,2,-0.08284823247,-0.0417501564,0.8225740449,-0.9493543465,-0.05816893546,-0.02397291342,0.3078441151
1752420153,558.2800293,744.7000122,836.8900146,684.8400269,1250.069946,1256.839966,932.5200195,589.039978,1319.680054,-11625.73047,2,-0.08498717598,-0.04175685817,0.8406712152,0.9512906476,0.02743982879,0.1307765788,0.2778320465
1752420153,558.2800293,744.7000122,836.8900146,684.8400269,1250.069946,1256.839966,932.5200195,589.039978,1319.77002,-11625.73047,2,-0.08874606281,-0.04200508099,0.8743023866,0.9613150358,0.0399640191,0.1114916471,0.2486883426
1752420153,558.2800293,744.7000122,836.8900146,684.8400269,1250.069946,1256.839966,932.5200195,589.039978,1319.77002,-11625.73047,0,-0.08509567859,-0.02205352014,0.7968859469,-0.8616445869,-0.07169479252,-0.06408745552,0.4983184329
1752420153,558.2800293,744.7000122,836.8900146,684.8400269,1250.069946,1256.839966,932.5200195,589.039978,1319.77002,-11625.73047,2,-0.0893520363,-0.04183065849,0.8800435002,-0.9664721357,-0.057960085,-0.01626461008,0.2496151077
1752420153,558.2800293,744.7000122,836.8900146,684.8400269,1250.069946,1256.839966,932.5200195,589.039978,1319.77002,-11625.73047,0,-0.08820374025,-0.02244257843,0.822830157,-0.8586670087,-0.07439628666,-0.03114539173,0.5061483233
1752420153,558.2800293,744.7000122,836.8900146,684.8400269,1250.069946,1256.839966,932.5200195,589.039978,1319.77002,-11625.73047,0,-0.08925464981,-0.02187179447,0.8264083844,-0.859468365,-0.03626447928,-0.03066915791,0.5089778187
1752420153,558.2800293,744.7000122,836.8900146,684.8400269,1250.069946,1256.839966,932.5200195,589.039978,1319.77002,-11625.73047,2,-0.08378312224,-0.03935334334,0.8188774772,0.9496568671,0.03498258713,0.09855387138,0.2953221764
1752420153,558.2800293,744.7000122,836.8900146,684.8400269,1250.069946,1256.839966,932.5200195,589.039978,1319.77002,-11625.73047,2,-0.08110500643,-0.04066737942,0.8186280569,0.9499832357,0.03543334846,0.09699542136,0.294734148
1752420154,558.2800293,744.7000122,836.8900146,684.8400269,1250.069946,1256.839966,932.5200195,589.039978,1319.77002,-11625.73047,2,-0.08244229888,-0.03934665797,0.818737311,0.9496994087,0.03522919371,0.09781659075,0.2954011707
1752420154,558.2800293,744.7000122,836.8900146,684.8400269,1250.069946,1256.839966,932.5200195,589.039978,1319.77002,-11625.73047,0,-0.08439066188,-0.02204266604,0.7963197475,-0.8440938993,-0.0570252539,-0.03724857309,0.5318516272
1752420154,558.2800293,744.7000122,836.8900146,684.8400269,1250.069946,1256.839966,932.5200195,589.039978,1319.77002,-11625.73047,2,-0.08378312224,-0.03935334334,0.8188774772,0.9496568671,0.03498258713,0.09855387138,0.2953221764
1752420154,558.2800293,744.7000122,836.8900146,684.8400269,1250.069946,1256.839966,932.5200195,589.039978,1319.77002,-11625.73047,2,-0.08378312224,-0.03935334334,0.8188774772,0.9496568671,0.03498258713,0.09855387138,0.2953221764
1752420154,558.2800293,744.7000122,836.8900146,684.8400269,1250.069946,1256.839966,932.5200195,589.039978,1319.77002,-11625.73047,2,-0.08498257048,-0.04039305161,0.8406257809,0.9510541098,0.02750775835,0.1308748062,0.2785878472
1752420154,558.2800293,744.7000122,836.8900146,684.8400269,1250.069946,1256.839966,932.5200195,589.039978,1319.77002,-11625.73047,2,-0.08360657701,-0.0403863271,0.8404846815,0.9511240115,0.02774064479,0.1301235713,0.2786779997
1752420154,558.2800293,744.7000122,836.8900146,684.8400269,1250.069946,1256.839966,932.5200195,589.039978,1319.77002,-11625.73047,0,-0.0807499659,-0.02147466652,0.764851692,-0.8480024227,-0.1079353413,-0.03210098505,0.5178912819
1752420154,558.2800293,744.7000122,836.8900146,684.8400269,1250.069946,1256.839966,932.5200195,589.039978,1319.77002,-11625.73047,2,-0.08244229888,-0.03934665797,0.818737311,0.9496994087,0.03522919371,0.09781659075,0.2954011707
1752420155,558.2800293,744.7000122,836.8900146,684.8400269,1250.069946,1256.839966,932.6099854,589.039978,1319.77002,-11625.73047,2,-0.08497797842,-0.0390293985,0.8405804769,0.9508165513,0.02757578205,0.1309721518,0.2793452298
1752420155,558.2800293,744.7000122,836.8900146,684.8400269,1250.069946,1256.839966,932.5200195,589.039978,1319.77002,-11625.73047,2,-0.08284459402,-0.03908380116,0.8225371462,-0.9498828159,-0.05814354335,-0.02363339449,0.3062407992
1752420156,558.2800293,744.7000122,836.8900146,684.8400269,1250.069946,1256.839966,932.5200195,589.039978,1319.77002,-11625.73047,2,-0.08934909009,-0.04040392424,0.8800140278,-0.9666865203,-0.05793943414,-0.01605092671,0.2488022534
1752420156,558.2800293,744.7000122,836.8900146,684.8400269,1250.069946,1256.839966,932.5200195,589.039978,1319.77002,-11625.73047,2,-0.08284276703,-0.03775070984,0.82251862,-0.95014513,-0.05813050081,-0.02346389573,0.3054415205
1752420156,558.2800293,744.7000122,836.8900146,684.8400269,1250.069946,1256.839966,932.5200195,589.039978,1319.77002,-11625.73047,2,-0.08284276703,-0.03775070984,0.82251862,-0.95014513,-0.05813050081,-0.02346389573,0.3054415205
1752420156,558.2800293,744.7000122,836.8900146,684.8400269,1250.069946,1256.839966,932.5200195,589.039978,1319.77002,-11625.73047,2,-0.08439583099,-0.03808136361,0.8348695199,0.9628884545,0.02914013218,0.1502106718,0.2223363016
1752420157,558.2800293,744.7000122,836.8900146,684.8400269,1250.069946,1255.52002,932.5200195,589.039978,1319.77002,-11625.73047,2,-0.083773922,-0.03537050302,0.8187880242,0.9489243358,0.03511141649,0.09881301251,0.2975664326
1752420157,558.2800293,744.7000122,836.8900146,684.8400269,1250.069946,1255.170044,932.5200195,589.039978,1301.660034,-11625.73047,2,-0.08685556509,-0.03069818238,0.8455714898,0.9612034304,0.02065415503,0.1159040128,0.2494546674
1752420157,558.2800293,744.7000122,836.8900146,684.8400269,1250.069946,1255.25,932.5200195,589.039978,1288.560059,-11625.73047,2,-0.09122708338,-0.01911639662,0.8479775258,0.9437670195,0.0182734615,0.1068922565,0.3123202508
1752420157,558.2800293,744.7000122,836.8900146,684.8400269,1250.069946,1255.25,932.5200195,589.039978,1288.560059,-11625.73047,2,-0.09659390079,-0.01832614023,0.8810808738,-0.950823168,-0.06291343857,-0.02395147622,0.3023301658
1752420158,558.2800293,744.7000122,836.8900146,684.8400269,1250.069946,1255.25,932.5200195,589.039978,1288.560059,-11625.73047,2,-0.09460201624,-0.01820376712,0.8535870128,0.9561213007,0.01064164464,0.08131842901,0.2812581143
1752420158,558.2800293,744.7000122,836.8900146,684.8400269,1250.069946,1255.25,932.5200195,589.039978,1288.560059,-11625.73047,0,-0.09520976343,-0.000790331262,0.8258007772,-0.8551301286,-0.06833480395,-0.04901159207,0.5115473405
1752420158,558.2800293,744.7000122,836.8900146,684.8400269,1250.069946,1255.170044,932.5200195,589.039978,1235.47998,-11625.73047,2,-0.09180958173,-0.02234502675,0.8533398149,0.9568777944,0.01101577626,0.07944217398,0.279199714
1752420158,558.2800293,744.7000122,836.8900146,684.8400269,1250.069946,1255.170044,932.5200195,589.039978,1229.5,-11625.73047,2,-0.09041136886,-0.0223412028,0.8531920259,0.9569042702,0.01124154941,0.07868802787,0.2793135147
1752420159,558.2800293,744.7000122,836.8900146,684.8400269,1250.069946,1255.170044,932.5200195,589.039978,1229.5,-11625.73047,2,-0.09180764545,-0.02096244411,0.8533220458,0.9566449946,0.0110410804,0.07956094948,0.2799616119
1752420159,558.2800293,744.7000122,836.8900146,684.8400269,1250.069946,1255.170044,932.5200195,589.039978,1229.5,-11625.73047,0,-0.09542693092,-0.00324119215,0.8547173789,-0.8692279828,-0.04743836444,-0.05187868349,0.4893883097
1752420160,558.2800293,744.7000122,836.8900146,684.8400269,1250.069946,1255.170044,932.5200195,589.039978,1229.5,-11625.73047,2,-0.0911232917,-0.02085390781,0.853261511,-0.9525562455,-0.04276388341,-0.02306328598,0.3004595384
1752420160,558.2800293,744.7000122,836.8900146,684.8400269,1250.069946,1255.170044,932.5200195,589.039978,1229.5,-11625.73047,0,-0.08610848106,-0.0029289767,0.7740880028,-0.8541919119,-0.05555077127,-0.06276893639,0.5131572371
1752420160,558.2800293,744.7000122,836.8900146,684.8400269,1250.069946,1255.25,932.5200195,589.039978,1229.5,-11625.73047,2,-0.08849450745,-0.02028746252,0.8255995291,0.9517496616,0.01834389497,0.04947548186,0.3023049121
1752420162,558.2800293,744.7000122,836.8900146,684.8400269,1250.069946,1165.170044,932.5200195,589.039978,1229.410034,-11625.73047,2,-0.1044615531,-0.0164337875,0.875177076,-0.9593236625,-0.07161986639,0.007090811451,0.2729806324
1752420162,558.2800293,744.7000122,836.8900146,684.8400269,1250.069946,1165.170044,932.5200195,589.039978,1229.410034,-11625.73047,2,-0.09715640321,-0.01549596501,0.8197760896,0.9446254073,0.03331757954,0.1077314481,0.3081666982
1752420162,558.2800293,744.7000122,836.8900146,684.8400269,1250.069946,1165.170044,932.5200195,589.039978,1229.410034,-11625.73047,2,-0.1030248939,-0.01643077259,0.875018138,-0.959275385,-0.07141341209,0.007827600948,0.2731841667
1752420162,558.2800293,744.7000122,836.8900146,684.8400269,1250.069946,1165.170044,932.5200195,589.039978,1229.410034,-11625.73047,2,-0.09867265026,-0.01589601446,0.8412289344,0.9458338678,0.02643115539,0.1403452388,0.2915525724
1752420162,558.2800293,744.7000122,836.8900146,684.8400269,1250.069946,1165.170044,932.5200195,589.039978,1229.410034,-11625.73047,0,-0.09793920497,0.001500412921,0.7963247724,-0.8600100629,-0.08728982027,-0.05517559075,0.4997187542
1752420162,558.2800293,744.7000122,836.8900146,684.8400269,1250.069946,1165.170044,932.5200195,589.039978,1229.410034,-11625.73047,0,-0.09793920497,0.001500412921,0.7963247724,-0.8600100629,-0.08728982027,-0.05517559075,0.4997187542
1752420162,558.2800293,744.7000122,836.8900146,684.8400269,1249.97998,1163.319946,932.5200195,589.039978,1229.329956,-11625.73047,2,-0.09645354854,-0.01493478747,0.8136040357,-0.9343024365,-0.08216327624,0.01529746708,0.3465460152
1752420162,558.2800293,744.7000122,836.8900146,684.8400269,1249.97998,1163.319946,932.5200195,589.039978,1229.329956,-11625.73047,0,-0.09629038746,0.001453538379,0.7702471377,-0.8544910967,-0.09516221269,-0.06826705132,0.5060916209
1752420163,558.2800293,744.7000122,836.8900146,684.8400269,1249.97998,1163.319946,932.5200195,589.039978,1229.329956,-11625.73047,2,-0.09645354854,-0.01493478747,0.8136040357,-0.9343024365,-0.08216327624,0.01529746708,0.3465460152
1752420164,558.2800293,744.7000122,836.8900146,684.8400269,1249.97998,1075.25,932.5200195,589.039978,1229.329956,-11625.73047,2,-0.1282251475,-0.03366737086,0.8428864386,0.9601182934,-0.01112516208,0.1744708764,0.2181948824
1752420164,558.2800293,744.7000122,836.8900146,684.8400269,1249.97998,1075.25,932.5200195,589.039978,1229.329956,-11625.73047,2,-0.1222789811,-0.03237284762,0.8102973116,0.9493681994,-0.02253005981,0.1861694859,0.2520582092
1752420164,558.2800293,744.7000122,836.8900146,684.8400269,1249.97998,1075.25,932.5200195,589.039978,1229.329956,-11625.73047,2,-0.1222067004,-0.03285253272,0.8141838132,0.9613008621,0.00611505248,0.1719553886,0.2151618065
1752420164,558.2800293,744.7000122,836.8900146,684.8400269,1249.97998,1075.25,932.5200195,589.039978,1229.329956,-11625.73047,2,-0.1268435678,-0.03502821735,0.8427801606,0.9604382028,-0.01103308075,0.1734541579,0.2176014355
1752420165,558.2800293,744.7000122,836.8900146,684.8400269,1249.449951,1062.859985,932.5200195,589.039978,1229.329956,-11625.73047,2,-0.1294535939,-0.03704358306,0.8267075034,0.9629272654,-0.003918512798,0.134336718,0.2339003484
1752420165,558.2800293,744.7000122,836.8900146,684.8400269,1249.449951,1062.859985,932.5200195,589.039978,1229.329956,-11625.73047,2,-0.1264646444,-0.03724974604,0.7953922882,0.9458114234,-0.01508807584,0.224950927,0.2336882151
1752420165,558.2800293,744.7000122,836.8900146,684.8400269,1249.449951,1035.26001,932.5200195,589.039978,1229.329956,-11625.73047,2,-0.1318966924,-0.03994868509,0.7871374754,-0.957057088,-0.008178139628,0.02965984593,0.2882622797
1752420165,558.2800293,744.7000122,836.8900146,684.8400269,1249.369995,1021.900024,932.5200195,589.039978,1229.410034,-11625.73047,2,-0.1303402346,-0.04002716714,0.7744057238,0.9565701999,-0.03733462476,0.2207643907,0.1866618928
1752420166,558.2800293,744.7000122,836.8900146,684.8400269,1249.369995,1007.840027,932.5200195,589.039978,1229.329956,-11625.73047,2,-0.1397840253,-0.04618839669,0.8012403622,-0.9682839218,0.01066353539,0.05589553876,0.2432863015
1752420166,558.2800293,744.7000122,836.8900146,684.8400269,1249.369995,1007.840027,932.5200195,589.039978,1229.329956,-11625.73047,2,-0.1464515591,-0.04884816648,0.8298248127,-0.9681990141,-0.005717681367,0.05443514157,0.244120447
1752420166,558.2800293,744.7000122,836.8900146,684.8400269,1249.369995,985.3400269,932.5200195,589.039978,1229.329956,-11625.73047,2,-0.1398660267,-0.04579379672,0.792776597,0.963466035,-0.04684939319,0.1781900758,0.1943878355
1752420166,558.2800293,744.7000122,836.8900146,684.8400269,1249.369995,985.3400269,932.5200195,589.039978,1229.329956,-11625.73047,2,-0.136852183,-0.04512227484,0.7757580553,0.9567087698,-0.03847016778,0.223812584,0.1820337967
1752420166,558.2800293,744.7000122,836.8900146,684.8400269,1249.369995,985.3400269,932.5200195,589.039978,1212.540039,-11625.73047,2,-0.1362475253,-0.04411184312,0.7635265104,0.9529046602,-0.05768584715,0.1916795629,0.2278244867
1752420166,558.2800293,744.7000122,836.8900146,684.8400269,1249.369995,985.3400269,932.5200195,589.039978,1212.540039,-11625.73047,2,-0.1424282589,-0.04490586351,0.8015097257,-0.9686576465,0.01045669269,0.05470842783,0.2420743883
1752420167,558.2800293,744.7000122,836.8900146,684.8400269,1249.369995,985.3400269,932.5200195,589.039978,1212.540039,-11625.73047,2,-0.1386067004,-0.04285873432,0.7803603323,0.9474503538,-0.04694528591,0.262934864,0.1760659666
1752420167,558.2800293,744.7000122,836.8900146,684.8400269,1249.369995,985.3400269,932.5200195,589.039978,1199.089966,-11625.73047,2,-0.141054553,-0.04228688416,0.8010821072,-0.9688882527,0.01079573319,0.05587574609,0.2408669903
1752420167,558.2800293,744.7000122,836.8900146,684.8400269,1249.369995,985.3400269,932.5200195,589.039978,1199.089966,-11625.73047,2,-0.1410341298,-0.04098344439,0.8009656527,-0.9690532697,0.01089064128,0.05610376951,0.2401447927
1752420167,558.2800293,744.7000122,836.8900146,684.8400269,1249.369995,985.3400269,932.5200195,589.039978,1171.670044,-11625.73047,2,-0.1359076845,-0.03649384743,0.7793838222,0.946737622,-0.04599595364,0.2624458628,0.1808159738
1752420168,558.2800293,744.7000122,836.8900146,684.8400269,1249.369995,985.3400269,932.5200195,589.039978,1139.410034,-11625.73047,2,-0.1400942205,-0.03018573541,0.795944555,0.9427431416,-0.0497209159,0.2332020167,0.2331952375
1752420168,558.2800293,744.7000122,836.8900146,684.8400269,1249.369995,985.3400269,932.5200195,589.039978,1139.410034,-11625.73047,2,-0.1400756238,-0.02889276319,0.7958390325,0.9424916631,-0.0496026833,0.2334276681,0.2340097487
1752420168,558.2800293,744.7000122,836.8900146,684.8400269,1249.369995,985.3400269,932.5200195,589.039978,1136.069946,-11625.73047,2,-0.1400570972,-0.02760014748,0.7957339048,0.9422393284,-0.04948423533,0.233651871,0.2348258114
1752420169,558.2800293,744.7000122,836.8900146,684.8400269,1249.369995,985.3400269,932.5200195,589.039978,1109.359985,-11625.73047,2,-0.1507844984,-0.01745179221,0.850701868,0.9439402037,-0.05326483758,0.166879677,0.2798051506
1752420169,558.2800293,744.7000122,836.8900146,684.8400269,1249.369995,985.3400269,932.5200195,589.039978,1095.560059,-11625.73047,2,-0.1535687536,-0.01172761654,0.8605450924,0.9257259527,-0.05576533733,0.2181904509,0.3038332022
1752420169,558.2800293,744.7000122,836.8900146,684.8400269,1249.369995,985.3400269,932.5200195,589.039978,1095.560059,-11625.73047,2,-0.1549860029,-0.01033525333,0.8606729429,0.925293492,-0.05587807862,0.2191684299,0.3044253493
1752420169,558.2800293,744.7000122,836.8900146,684.8400269,1249.369995,985.3400269,932.5200195,589.039978,1095.560059,-11625.73047,0,-0.15218323,0.007929102641,0.8283059816,-0.8725461226,-0.1056365004,-0.2100249415,0.4282449272
1752420170,558.2800293,744.7000122,836.8900146,684.8400269,1249.369995,985.3400269,932.5200195,589.039978,1054.51001,-11625.73047,0,-0.1464456156,0.02307589212,0.7953671168,-0.8829740377,-0.07576699067,-0.2303040783,0.4019654754
1752420170,558.2800293,744.7000122,836.8900146,684.8400269,1249.369995,985.3400269,932.5200195,589.039978,1054.51001,-11625.73047,2,-0.1576291488,0.007144924404,0.8675184674,0.9081369499,-0.05959774211,0.2042457861,0.3605815418
1752420170,558.2800293,744.7000122,836.8900146,684.8400269,1249.369995,985.3400269,932.5200195,589.039978,1049.329956,-11625.73047,0,-0.1507179032,0.02331591219,0.8149285724,-0.8906786754,-0.1038207821,-0.1735603677,0.4071726184
1752420170,558.2800293,744.7000122,836.8900146,684.8400269,1249.369995,985.3400269,932.5200195,589.039978,1049.329956,-11625.73047,2,-0.1659915432,0.00687660537,0.9113407614,-0.9240441083,-0.01490688331,0.009329739487,0.3818811683
1752420170,558.2800293,744.7000122,836.8900146,684.8400269,1249.369995,985.3400269,932.5200195,589.039978,1049.329956,-11625.73047,2,-0.1701445374,0.002400585859,0.9322109047,0.9026711626,-0.0636255932,0.2077726653,0.3714391952
1752420170,558.2800293,744.7000122,836.8900146,684.8400269,1249.369995,985.3400269,932.5200195,589.039978,1049.329956,-11625.73047,0,-0.1612124999,0.02060652888,0.8678625277,-0.8980140827,-0.1049112074,-0.1877278606,0.3838262579
1752420170,558.2800293,744.7000122,836.8900146,684.8400269,1249.369995,985.3400269,932.5200195,589.039978,1049.329956,-11625.73047,0,-0.1507116234,0.02199501995,0.8148946888,-0.890328164,-0.1037320723,-0.1737502403,0.4078802171
1752420170,558.2800293,744.7000122,836.8900146,684.8400269,1249.369995,985.3400269,932.5200195,589.039978,1049.329956,-11625.73047,2,-0.1660015535,0.005400786632,0.9113959834,-0.9237491159,-0.01496715779,0.009195957015,0.3825950724
1752420170,558.2800293,744.7000122,836.8900146,684.8400269,1249.369995,985.3400269,932.5200195,589.039978,1049.329956,-11625.73047,0,-0.1563156347,0.02366697371,0.8432285263,0.911445592,0.008474336769,-0.02029081671,0.4108325708
1752420170,558.2800293,744.7000122,836.8900146,684.8400269,1249.369995,985.3400269,932.5200195,589.039978,1049.329956,-11625.73047,2,-0.1659915432,0.00687660537,0.9113407614,-0.9240441083,-0.01490688331,0.009329739487,0.3818811683
1752420170,558.2800293,744.7000122,836.8900146,684.8400269,1249.369995,985.3400269,932.5200195,589.039978,1049.329956,-11625.73047,0,-0.1503423952,0.0235850274,0.8129054731,-0.8787437795,-0.09734426309,-0.1856588851,0.4287939398
1752420170,558.2800293,744.7000122,836.8900146,684.8400269,1249.369995,985.3400269,932.5200195,589.039978,1049.329956,-11625.73047,2,-0.1567964285,0.006758551908,0.8629413272,0.8945175112,-0.05269098845,0.2159809459,0.3878328414
1752420171,558.2800293,744.7000122,836.8900146,684.8400269,1249.369995,985.3400269,932.5200195,589.039978,1003.799988,-11625.73047,0,-0.1556684864,0.04056940561,0.8397212995,0.9254966916,0.01021065676,-0.02893356779,0.3775108807
1752420171,558.2800293,744.7000122,836.8900146,684.8400269,1249.369995,985.3400269,932.5200195,589.039978,1003.799988,-11625.73047,2,-0.1605262047,0.0242334356,0.875617682,0.870589391,-0.06769481695,0.1818185153,0.4521432864
1752420171,558.2800293,744.7000122,836.8900146,684.8400269,1249.369995,985.3400269,932.5200195,589.039978,1003.799988,-11625.73047,0,-0.1548766891,0.04002413121,0.8354457358,0.914606933,-0.001259416959,-0.04153514999,0.4022031867
1752420171,558.2800293,744.7000122,836.8900146,684.8400269,1249.369995,985.3400269,932.5200195,589.039978,1003.799988,-11625.73047,2,-0.1605262047,0.0242334356,0.875617682,0.870589391,-0.06769481695,0.1818185153,0.4521432864
1752420171,558.2800293,744.7000122,836.8900146,684.8400269,1249.369995,985.3400269,932.5200195,589.039978,1003.799988,-11625.73047,0,-0.1513566026,0.04079919934,0.8148466168,-0.8991358708,-0.05865288196,-0.1958588759,0.3869803948
1752420171,558.2800293,744.7000122,836.8900146,684.8400269,1249.369995,985.3400269,932.5200195,589.039978,1003.799988,-11625.73047,2,-0.1605176128,0.02565035837,0.8755708039,0.8701893911,-0.06759627613,0.181952966,0.4528733655
1752420172,558.2800293,744.7000122,836.8900146,684.8400269,1249.369995,985.3400269,932.5200195,589.039978,976.2000122,-11625.73047,0,-0.1550049625,0.05360070226,0.8361409188,0.9113683986,-0.002064860336,-0.040260884,0.4096125482
1752420172,558.2800293,744.7000122,836.8900146,684.8400269,1249.369995,985.3400269,932.5200195,589.039978,962.75,-11625.73047,0,-0.1530355418,0.05058775373,0.8293342661,-0.9242344331,-0.07028090232,-0.2212322011,0.3031626968
1752420177,558.2800293,744.7000122,836.8900146,684.8400269,1249.369995,985.3400269,932.5200195,671.4000244,959.4099731,-11625.73047,0,-0.1628349863,0.05512630207,0.8804382115,-0.9475693896,-0.075962144,-0.164727712,0.2630718256
1752420178,558.2800293,744.7000122,836.8900146,684.8400269,1249.369995,985.3400269,932.5200195,683.4400024,959.4099731,-11625.73047,0,-0.1628349863,0.05512630207,0.8804382115,-0.9475693896,-0.075962144,-0.164727712,0.2630718256
1752420179,558.2800293,744.7000122,836.8900146,684.8400269,1249.369995,985.3400269,932.5200195,721.8499756,959.4099731,-11625.73047,0,-0.1657673769,0.05467567935,0.8981048346,0.9487716644,0.02759641767,-0.02896887027,0.3134191619
1752420179,558.2800293,744.7000122,836.8900146,684.8400269,1249.369995,985.3400269,932.5200195,734.6799927,959.4099731,-11625.73047,0,-0.1580115499,0.05014023865,0.8579646013,0.9374965271,0.03169394961,-0.04601889845,0.3434792805
1752420179,558.2800293,744.7000122,836.8900146,684.8400269,1249.369995,985.3400269,932.5200195,734.6799927,959.4099731,-11625.73047,0,-0.1668625055,0.05207960792,0.9081645412,-0.9441819277,-0.09687886622,-0.1643374239,0.2685669074
1752420179,558.2800293,744.7000122,836.8900146,684.8400269,1249.369995,985.3400269,932.5200195,734.6799927,959.4099731,-11625.73047,2,-0.1694094763,0.03540980452,0.9364642978,0.8435356003,-0.0616743464,0.1962773747,0.4961039793
1752420179,558.2800293,744.7000122,836.8900146,684.8400269,1249.369995,985.3400269,932.5200195,747.4199829,959.4099731,-11625.73047,0,-0.1657140811,0.05098594522,0.9019452882,-0.9562992304,-0.09016736953,-0.1854268884,0.2073125572
1752420180,558.2800293,744.7000122,836.8900146,684.8400269,1249.369995,985.3400269,932.5200195,754.7199707,959.4099731,-11625.73047,2,-0.1694094763,0.03540980452,0.9364642978,0.8435356003,-0.0616743464,0.1962773747,0.4961039793
1752420180,558.2800293,744.7000122,836.8900146,684.8400269,1249.369995,985.3400269,932.5200195,754.7999878,959.4099731,-11625.73047,0,-0.1624784142,0.05082669764,0.8862355727,-0.9447937221,-0.08676780064,-0.1306463136,0.2876937821
1752420180,558.2800293,744.7000122,836.8900146,684.8400269,1249.369995,985.3400269,932.5200195,758.4099731,959.4099731,-11625.73047,0,-0.1624744633,0.04939005585,0.886214242,-0.9445471753,-0.08672565752,-0.1309009724,0.2883994268
1752420181,558.2800293,744.7000122,836.8900146,684.8400269,1249.369995,985.3400269,932.5200195,783.539978,959.4099731,-11625.73047,0,-0.1570661486,0.04135919875,0.8682686137,-0.93096323,-0.1058863423,-0.1801068239,0.2994279193
1752420181,558.2800293,744.7000122,836.8900146,684.8400269,1249.369995,985.3400269,932.5200195,783.539978,959.4099731,-11625.73047,2,-0.1663472748,0.02630407684,0.9363089897,0.8463570847,-0.06164300854,0.1942020966,0.4921030079
1752420181,558.2800293,744.7000122,836.8900146,684.8400269,1249.369995,985.3400269,932.5200195,807.7999878,959.4099731,-11625.73047,0,-0.1547741252,0.03392114965,0.8853459139,-0.939767292,-0.1199072281,-0.1958646371,0.2531733349
1752420181,558.2800293,744.7000122,836.8900146,684.8400269,1249.369995,985.3400269,932.5200195,820.2800293,959.4099731,-11625.73047,0,-0.1525581524,0.02735103643,0.8847954063,0.9501189797,0.06773517393,-0.03732284732,0.3021471095
1752420182,558.2800293,744.7000122,836.8900146,684.8400269,1249.369995,985.3400269,932.5200195,826.6099854,959.4099731,-11625.73047,0,-0.1392320152,0.02654770837,0.8231814884,-0.9303744693,-0.1065761954,-0.2061564063,0.2838034488
1752420182,558.2800293,744.7000122,836.8099976,684.8400269,1249.369995,985.3400269,932.5200195,826.6099854,959.4099731,-11625.73047,0,-0.1498187161,0.03020593701,0.881516783,-0.9369665892,-0.1193935176,-0.200511161,0.2600655166
1752420182,558.2800293,744.7000122,836.8099976,684.8400269,1249.369995,985.3400269,932.5200195,826.6099854,959.4099731,-11625.73047,0,-0.1533958029,0.03172085443,0.8939898486,-0.9388205026,-0.131375906,-0.1600371599,0.2752172644
1752420182,558.2800293,744.7000122,836.8099976,684.8400269,1249.369995,985.3400269,932.5200195,826.6099854,959.4099731,-11625.73047,0,-0.1542593748,0.03203399834,0.8927761381,-0.9309412146,-0.1300571983,-0.2371791727,0.2453153485
1752420182,558.2800293,744.7000122,836.8900146,684.8400269,1249.369995,985.3400269,932.5200195,826.6099854,959.4099731,-11625.73047,0,-0.1498187161,0.03020593701,0.881516783,-0.9369665892,-0.1193935176,-0.200511161,0.2600655166
1752420182,558.2800293,744.7000122,836.8900146,684.8400269,1249.369995,985.3400269,932.5200195,826.6099854,959.4099731,-11625.73047,0,-0.151109298,0.03021418027,0.884706448,0.9495677756,0.06777906671,-0.03781203477,0.3038046867
1752420183,558.2800293,744.7000122,836.8099976,684.8400269,1249.369995,985.3400269,932.5200195,826.6099854,959.4099731,-11625.73047,0,-0.1540697907,0.03166650254,0.8852452008,0.9495080813,0.06728258885,-0.03618474372,0.304299394
1752420183,558.2800293,744.7000122,836.8900146,684.8400269,1249.369995,985.3400269,932.5200195,826.6099854,959.4099731,-11625.73047,0,-0.151108479,0.03244783555,0.8744416122,-0.9396685283,-0.1212327655,-0.1272563757,0.293481666
1752420183,558.2800293,744.7000122,836.8900146,684.8400269,1249.369995,985.3400269,932.5200195,826.6099854,959.4099731,-11625.73047,0,-0.1518125146,0.03246747209,0.8848054941,-0.9397257156,-0.1194118364,-0.1946635219,0.2544847856
1752420183,558.2800293,744.7000122,836.8900146,684.8400269,1249.369995,985.3400269,932.5200195,826.6099854,959.4099731,-11625.73047,2,-0.155903304,0.01593286914,0.9283237232,0.8346464792,-0.05114015976,0.2018494364,0.5099085642
1752420183,558.2800293,744.7000122,836.8900146,684.8400269,1249.369995,985.3400269,932.5200195,826.5200195,959.4099731,-11625.73047,0,-0.1511213478,0.03164968378,0.8847773491,0.9493336684,0.06769723524,-0.03768401134,0.3045695089
1752420184,558.2800293,744.7000122,836.8900146,684.8400269,1249.369995,985.3400269,956.6900024,824.3300171,959.4099731,-11625.73047,0,-0.1503239778,0.02223445603,0.8949196901,0.9612631161,0.09150899647,-0.07096992564,0.2501251584
1752420185,558.2800293,744.7000122,836.8900146,684.8400269,1249.369995,985.3400269,1003.450012,824.3300171,959.4099731,-11625.73047,0,-0.1323627139,0.001995596056,0.8746398036,-0.9309431523,-0.1628036688,-0.1545434191,0.2880210828
1752420185,558.2800293,744.7000122,836.8900146,684.8400269,1248.839966,985.3400269,1006.789978,824.3300171,959.4099731,-11625.73047,0,-0.137212224,0.009569717676,0.8648738985,0.9372798172,0.0953734147,-0.06095379227,0.3296893859
1752420185,558.2800293,744.7000122,836.8900146,684.8400269,1248.839966,985.3400269,1006.789978,824.3300171,959.4099731,-11625.73047,2,-0.1429449442,-0.007043115281,0.9345987257,0.8427881159,-0.004153697519,0.2407042341,0.4814066994
1752420187,558.2800293,744.7000122,836.8900146,684.8400269,1248.839966,985.3400269,1075.25,823.6199951,959.4099731,-11625.73047,0,-0.1270523657,-0.01904769943,0.9289092415,0.9576667544,0.1314004006,-0.0437936908,0.2523696393
1752420187,558.2800293,744.7000122,836.8900146,684.8400269,1248.839966,985.3400269,1076.310059,823.6199951,959.4099731,-11625.73047,0,-0.1194653899,-0.008660056114,0.9141496735,-0.9556411866,-0.1583313642,-0.1033865061,0.2258148179
1752420188,558.2800293,744.7000122,836.8099976,684.8400269,1248.839966,985.3400269,1076.310059,823.4500122,959.4099731,-11625.73047,0,-0.1260775947,-0.01412889697,0.952840918,0.962631347,0.1672140073,-0.02703674544,0.211303999
1752420188,558.2800293,744.7000122,836.8900146,684.8400269,1248.400024,985.3400269,1099.339966,823.3599854,959.4099731,-11625.73047,0,-0.1090849637,-0.03414683197,0.8841354658,-0.9348941075,-0.1725841592,-0.1718711923,0.2581627567
1752420188,558.2800293,744.7000122,836.8900146,684.8400269,1248.400024,985.3400269,1109.359985,823.3599854,959.4099731,-11625.73047,0,-0.1076343117,-0.03414100272,0.8839859436,-0.9349977139,-0.1724002136,-0.1710510575,0.2584549806
1752420189,558.2800293,744.7000122,836.8900146,684.8400269,1248.400024,985.25,1165.52002,822.7399902,959.3300171,-11625.73047,0,-0.1133999557,0.1021242289,0.8677185003,-0.9217737495,-0.228455345,-0.1125488597,0.2923594779
1752420189,558.2800293,744.7000122,836.8900146,684.8400269,1248.400024,985.25,1165.52002,822.7399902,959.3300171,-11625.73047,0,-0.111972888,0.1006997576,0.8675545637,-0.9216183288,-0.2281384223,-0.1122283461,0.2932188853
1752420190,558.2800293,744.7000122,836.8900146,684.8400269,1248.400024,985.25,1165.52002,822.7399902,959.3300171,-11625.73047,0,-0.1091065457,0.09871164428,0.8533938691,-0.9285709829,-0.2039865382,-0.1106618403,0.2896538951
1752420190,558.1900024,744.7000122,836.8900146,684.8400269,1248.400024,985.25,1165.52002,822.6599731,959.3300171,-11625.73047,0,-0.1145006852,0.1032558201,0.8927296172,-0.9380289933,-0.1980940817,-0.09293807934,0.2687431041
1752420190,558.1900024,744.7000122,836.8900146,684.8400269,1248.400024,985.25,1165.52002,822.6599731,959.3300171,-11625.73047,0,-0.1106727046,0.1004481707,0.8684306007,-0.9262073048,-0.2171106549,-0.1403044161,0.2744406362
1752420191,558.1900024,744.7000122,836.8900146,684.8400269,1248.400024,985.25,1165.52002,822.6599731,959.3300171,-11625.73047,0,-0.1091065457,0.09871164428,0.8533938691,-0.9285709829,-0.2039865382,-0.1106618403,0.2896538951
1752420191,558.2800293,744.7000122,836.8900146,684.8400269,1248.400024,985.25,1165.52002,822.6599731,959.3300171,-11625.73047,0,-0.1091065457,0.09871164428,0.8533938691,-0.9285709829,-0.2039865382,-0.1106618403,0.2896538951