timestamp,motor1,motor2,motor3,motor4,motor5,motor6,motor7,motor8,motor9,motor10,marker_id,x,y,z,qx,qy,qz,qw
1752469309.8362143,553.3599853515625,562.5900268554688,577.4400024414062,433.8299865722656,697.5,217.52999877929688,414.5799865722656,402.010009765625,390.1499938964844,-2761.43994140625,0,-0.29968077011714095,0.15798807065838363,0.6791181379949531,0.9172718286925412,0.27011569780826566,0.286972544829793,0.05741655334925412
1752469309.8990686,553.3599853515625,562.5900268554688,577.4400024414062,433.8299865722656,697.5,217.52999877929688,414.5799865722656,402.010009765625,390.1499938964844,-2761.43994140625,0,-0.2858841529915071,0.1489523059482375,0.6538793405701843,0.9005094126645983,0.29209390085429926,0.32208652467402143,0.004921525128451775
1752469309.916303,553.3599853515625,562.5900268554688,577.4400024414062,433.8299865722656,697.5,217.52999877929688,414.5799865722656,402.010009765625,390.1499938964844,-2817.419921875,0,-0.2942257113124734,0.15304205354587266,0.6766965643192346,0.916738197152688,0.2706480957711068,0.2894328259259027,0.05068851362250928
1752469310.0317645,553.3599853515625,576.469970703125,591.239990234375,447.2799987792969,711.469970703125,217.52999877929688,428.7300109863281,415.80999755859375,403.95001220703125,-2875.429931640625,0,-0.29151582735631776,0.1505838217347077,0.675499326772591,0.9164846684656534,0.27087931636393775,0.29057973769952417,0.047367335496973986
1752469310.1204426,553.3599853515625,576.469970703125,591.239990234375,447.2799987792969,711.469970703125,217.52999877929688,428.7300109863281,415.80999755859375,403.95001220703125,-2930.889892578125,0,-0.2855766616035916,0.1465342030125726,0.6756813546169315,-0.9148676092670851,-0.2776657473335511,-0.29290452466154276,0.011221840509675894
1752469310.213072,553.3599853515625,576.469970703125,591.239990234375,447.2799987792969,711.469970703125,217.52999877929688,428.7300109863281,415.80999755859375,403.95001220703125,-2984.409912109375,0,-0.2829679604286963,0.14483417139783442,0.6719706917732393,0.9469125507190125,0.2031174208763849,0.0321573514359823,0.24711503267903762
1752469310.2936308,553.4500122070312,590.4500122070312,605.2100219726562,460.989990234375,725.5399780273438,217.52999877929688,442.5299987792969,429.6099853515625,417.739990234375,-2984.409912109375,0,-0.27999166812359466,0.14237762616974675,0.6693592174363922,0.9579005076375326,0.18941202216109299,-0.03094628005939088,0.21352290527971193
1752469310.3902178,553.4500122070312,590.4500122070312,605.2100219726562,460.989990234375,725.5399780273438,217.52999877929688,442.5299987792969,429.6099853515625,417.739990234375,-3042.159912109375,0,-0.2785594672277207,0.14003413933629777,0.6685239346312486,0.9579741284530493,0.18941116017476672,-0.0324555297192323,0.21296858971809327
1752469310.6209023,554.8499755859375,617.260009765625,632.4600219726562,487.5299987792969,752.260009765625,217.52999877929688,469.3399963378906,455.9800109863281,444.20001220703125,-3208.449951171875,0,-0.28464087981443625,0.13974881087192614,0.6912224588396273,0.9481044951488097,0.195203233521204,0.016733639765628174,0.2504267341992089
1752469310.6217601,554.8499755859375,617.260009765625,632.4600219726562,487.5299987792969,752.260009765625,217.52999877929688,469.3399963378906,455.9800109863281,444.20001220703125,-3208.449951171875,0,-0.2731322211937319,0.13300299854347777,0.665852933361436,0.9580532106722963,0.1894389128033368,-0.0373661889067969,0.21177986628330855
1752469312.9313354,557.6699829101562,767.1099853515625,782.3099975585938,593.3499755859375,901.5800170898438,217.52999877929688,618.8400268554688,605.5700073242188,593.7899780273438,-4471.43994140625,0,-0.26511678337227207,0.1250150785838594,0.6703482991230549,-0.9003389345700046,-0.2620110615300587,-0.34746013851105384,0.0033850670776261653
1752469312.935665,557.6699829101562,767.1099853515625,782.3099975585938,593.3499755859375,901.5800170898438,217.52999877929688,618.8400268554688,605.5700073242188,593.7899780273438,-4471.43994140625,0,-0.26393996304493383,0.12058666565540903,0.6885117509466852,0.9134346379135352,0.24125386592284165,0.3259254581354569,0.034732264196925766
1752469312.939818,557.6699829101562,767.1099853515625,782.3099975585938,593.3499755859375,901.5800170898438,217.52999877929688,618.8400268554688,605.5700073242188,593.7899780273438,-4471.43994140625,0,-0.2605018772437093,0.11804609077724755,0.6802809688824036,0.8969418904315888,0.25299753454975626,0.3619509028840666,0.02188690480999608
1752469312.9407125,557.6699829101562,767.1099853515625,782.3099975585938,593.3499755859375,901.5800170898438,217.52999877929688,618.8400268554688,605.5700073242188,593.7899780273438,-4471.43994140625,0,-0.26252140570731913,0.11822048741799258,0.6877186266378849,0.9132123346896384,0.2412034385199916,0.3268479499084509,0.03216443155840839
1752469312.942493,557.6699829101562,767.1099853515625,782.3099975585938,593.3499755859375,901.5800170898438,217.52999877929688,618.8400268554688,605.5700073242188,593.7899780273438,-4471.43994140625,0,-0.2579631165850172,0.10966160287942664,0.6987617016973907,-0.9017265628210493,-0.23100888716449797,-0.3634093403685903,0.0381805092530532
1752469312.946631,557.6699829101562,767.1099853515625,782.3099975585938,593.3499755859375,901.5800170898438,217.52999877929688,618.8400268554688,605.5700073242188,593.7899780273438,-4471.43994140625,0,-0.237105839155125,0.09123304474273639,0.6899557064252638,-0.9169301913335994,-0.21672219714932062,-0.33482082793078216,0.012865716748215206
1752469312.946631,557.6699829101562,767.1099853515625,782.3099975585938,593.3499755859375,901.5800170898438,217.52999877929688,618.8400268554688,605.5700073242188,593.7899780273438,-4471.43994140625,1,-0.2614054233454293,0.08655407900525482,0.7164168431257539,0.8656449068526444,0.1923849842522934,-0.44421109393099906,0.12776312888680533
1752469312.94794,557.6699829101562,767.1099853515625,782.3099975585938,593.3499755859375,901.5800170898438,217.52999877929688,618.8400268554688,605.5700073242188,593.7899780273438,-4471.43994140625,0,-0.23948931266240303,0.08529817652121027,0.7102383684854336,-0.9281249506261925,-0.2262613708296898,-0.28885349983639463,0.06287705247276952
1752469312.9491944,557.6699829101562,767.1099853515625,782.3099975585938,593.3499755859375,901.5800170898438,217.52999877929688,618.8400268554688,605.5700073242188,593.7899780273438,-4471.43994140625,0,-0.23797652223515753,0.08057488860240837,0.7091610469846918,-0.9272600797165754,-0.22586900165137597,-0.2911083295905807,0.0665423106001204
1752469313.105122,557.6699829101562,780.6400146484375,795.760009765625,593.3499755859375,915.2100219726562,217.52999877929688,632.5499877929688,619.3699951171875,607.760009765625,-4525.93017578125,0,-0.21575386264586013,0.05989772197926494,0.7067029051640329,0.9539554216385512,0.21519710492585564,-0.0705787087591161,0.1966669912004557
1752469313.105122,557.6699829101562,780.6400146484375,795.760009765625,593.3499755859375,915.2100219726562,217.52999877929688,632.5499877929688,619.3699951171875,607.760009765625,-4525.93017578125,1,-0.23464307367637205,0.05113738132840862,0.7243068280279263,0.8425738783784117,0.2173435224165644,-0.46094365845681573,0.1742469410531162
1752469313.2954495,558.02001953125,794.4400024414062,809.2999877929688,596.4299926757812,928.47998046875,217.52999877929688,646.1699829101562,633.3400268554688,621.8300170898438,-4637.89990234375,0,-0.20901457668872306,0.058730472758614594,0.7054762275579473,-0.905875272925731,-0.2679225103103161,-0.32386293549646666,0.05215666191736649
1752469313.3963768,558.02001953125,794.4400024414062,809.2999877929688,596.4299926757812,928.47998046875,217.52999877929688,646.1699829101562,633.3400268554688,621.8300170898438,-4693.4501953125,0,-0.21419286702984502,0.05982395373347786,0.7267058760220754,0.9450964470472866,0.21912960001117504,-0.03117547086752567,0.24042257421824176
1752469313.5156558,558.02001953125,808.510009765625,823.4500122070312,598.6199951171875,932.52001953125,217.6199951171875,660.5,647.489990234375,635.97998046875,-4800.93994140625,0,-0.21133858848379494,0.05699172164109494,0.7280138483692429,0.947395570281757,0.24935066186269172,-0.034364303991135645,0.19769920447575626
1752469313.644923,558.02001953125,822.3900146484375,837.8599853515625,598.6199951171875,932.9600219726562,217.52999877929688,674.5599975585938,661.72998046875,649.8599853515625,-4854.02001953125,0,-0.21523518700149558,0.04751544769102831,0.7447669264768942,-0.9098781949377757,-0.2871573960988249,-0.2993501567590434,0.007196102476610739
1752469314.4101567,558.02001953125,830.6500244140625,880.4000244140625,599.6799926757812,933.75,217.52999877929688,716.47998046875,675.6199951171875,693.1900024414062,-5228.35009765625,0,-0.19356158175551239,0.020306165032734146,0.7531419086344934,-0.8917423102692768,-0.34537912675052873,-0.289882743322764,0.038430534791018246
1752469314.4101567,558.02001953125,830.6500244140625,880.4000244140625,599.6799926757812,933.75,217.52999877929688,716.47998046875,675.6199951171875,693.1900024414062,-5228.35009765625,1,-0.20458338149415187,0.008303274472619734,0.7496462643421383,0.8064586265547987,0.3033314614789006,-0.46267705216296523,0.20867307812511632
1752469314.4524941,558.02001953125,831.0900268554688,893.5800170898438,599.6799926757812,933.75,217.6199951171875,729.760009765625,675.6199951171875,706.3800048828125,-5281.35009765625,0,-0.19298156133814667,0.019346016472895328,0.7520812809766108,0.8898251000551557,0.3675522784711926,0.26525505372870184,0.05250114640510867
1752469314.495744,558.02001953125,831.0900268554688,893.5800170898438,599.6799926757812,933.75,217.6199951171875,729.760009765625,675.6199951171875,706.3800048828125,-5281.35009765625,0,-0.1885971106178936,0.01744648332656327,0.7349638647529313,-0.8756103174333962,-0.38973241069410824,-0.27384959868528885,0.08013499459444912
1752469314.5379357,558.02001953125,831.0900268554688,893.5800170898438,599.6799926757812,933.75,217.6199951171875,729.760009765625,675.6199951171875,706.3800048828125,-5337.60009765625,0,-0.19054016397523152,0.01616959908997938,0.7448505843690801,-0.9001137018823281,-0.36203664987472206,-0.2279365203860493,0.08227837203955533
1752469314.5626247,558.02001953125,831.0900268554688,893.5800170898438,599.6799926757812,933.75,217.6199951171875,729.760009765625,675.6199951171875,706.3800048828125,-5337.60009765625,0,-0.19161136319356747,0.01446299752396035,0.7514869109690875,0.8896383237953256,0.36727602116267694,0.26723468760692576,0.047303264720156134
1752469314.645172,558.02001953125,831.0900268554688,905.3599853515625,599.6799926757812,933.75,217.52999877929688,741.6199951171875,676.489990234375,718.1500244140625,-5392.27001953125,0,-0.18530327207452352,0.008412509492355683,0.7335147533271426,0.9146315223790793,0.35202255475965505,-0.05940312693455966,0.1897381556814811
1752469314.6726587,558.02001953125,831.0900268554688,905.3599853515625,599.6799926757812,933.75,217.52999877929688,741.6199951171875,676.489990234375,718.1500244140625,-5392.27001953125,0,-0.1944720674455255,0.006677991249993199,0.7710550289009787,0.9177768742822198,0.375520040829092,-0.01321531612325377,0.12843544443897909
1752469314.8132107,558.02001953125,831.0900268554688,905.3599853515625,599.6799926757812,933.75,217.52999877929688,741.6199951171875,676.489990234375,718.1500244140625,-5496.93994140625,0,-0.17967809176593436,0.0007697491198954132,0.7195460066939782,-0.8563828704946407,-0.3942397663655803,-0.3184093342926981,0.09898930030388692
1752469315.382315,558.02001953125,832.1500244140625,945.3499755859375,599.6799926757812,933.75,217.52999877929688,781.52001953125,677.3699951171875,758.22998046875,-5767.3798828125,0,-0.1803259091554852,-0.0025632619420952124,0.7266178583250044,0.9023571164736881,0.3519938570070531,-0.1000759716936631,0.2276768738105786
1752469315.382315,558.02001953125,832.1500244140625,945.3499755859375,599.6799926757812,933.75,217.52999877929688,781.52001953125,677.3699951171875,758.22998046875,-5767.3798828125,1,-0.19362840308344456,-0.014518748293516232,0.7368746525180977,0.7948301518898502,0.3121017532141786,-0.44494654866342426,0.2699260901059785
1752469315.384311,558.02001953125,832.1500244140625,945.3499755859375,599.6799926757812,933.75,217.52999877929688,781.52001953125,677.3699951171875,758.22998046875,-5767.3798828125,0,-0.18893461773846063,-0.005794793075723996,0.7688508986695186,0.9181185640544713,0.37606096144545487,-0.018617612168713875,0.12365209311779278
1752469315.384311,558.02001953125,832.1500244140625,945.3499755859375,599.6799926757812,933.75,217.52999877929688,781.52001953125,677.3699951171875,758.22998046875,-5767.3798828125,1,-0.19957015399218114,-0.018205800923170267,0.7665495196310296,0.808001456080792,0.32634670485387857,-0.435382869552565,0.22599387625002032
1752469315.3935516,558.02001953125,832.1500244140625,945.3499755859375,599.6799926757812,933.75,217.52999877929688,781.52001953125,677.3699951171875,758.22998046875,-5767.3798828125,0,-0.18760974111681442,-0.00703726137815393,0.768526141260504,0.91811333867898,0.37613121149603024,-0.019459115943590573,0.12334728162776451
1752469315.3935516,558.02001953125,832.1500244140625,945.3499755859375,599.6799926757812,933.75,217.52999877929688,781.52001953125,677.3699951171875,758.22998046875,-5767.3798828125,1,-0.19825656090923088,-0.01944030470249699,0.7662724036553588,0.8077619696438465,0.326953268115552,-0.4357318321273842,0.22529964788380497
1752469315.3954237,558.02001953125,832.1500244140625,945.3499755859375,599.6799926757812,933.75,217.52999877929688,781.52001953125,677.3699951171875,758.22998046875,-5767.3798828125,0,-0.1778925571430218,-0.006714056291333625,0.731142199379283,0.9071380557131594,0.3732497079493937,-0.06397666773609757,0.18355432268956887
1752469315.3954237,558.02001953125,832.1500244140625,945.3499755859375,599.6799926757812,933.75,217.52999877929688,781.52001953125,677.3699951171875,758.22998046875,-5767.3798828125,1,-0.1926465506470984,-0.020191755446941982,0.7481099858976636,0.7960383240976683,0.3355480399950903,-0.44823652145845233,0.22981409933695407
1752469315.4004881,558.02001953125,832.1500244140625,945.3499755859375,599.6799926757812,933.75,217.52999877929688,781.52001953125,677.3699951171875,758.22998046875,-5767.3798828125,0,-0.1818623246972388,-0.00771366327618675,0.7501704775343556,-0.8579600230672363,-0.4215795028412271,-0.288778709612854,0.05274635984545552
1752469315.4004881,558.02001953125,832.1500244140625,945.3499755859375,599.6799926757812,933.75,217.52999877929688,781.52001953125,677.3699951171875,758.22998046875,-5767.3798828125,1,-0.1885248172505023,-0.020450500040846458,0.7355928671052875,0.7941341547956866,0.3151007405029709,-0.4460932890798172,0.266576902524151
1752469315.4050333,558.02001953125,832.1500244140625,945.3499755859375,599.6799926757812,933.75,217.52999877929688,781.52001953125,677.3699951171875,758.22998046875,-5767.3798828125,0,-0.17663027191455158,-0.007894872597503233,0.7308202369458763,0.9071292179088213,0.3734338991287672,-0.0647134560361233,0.18296413201902914
1752469315.4050333,558.02001953125,832.1500244140625,945.3499755859375,599.6799926757812,933.75,217.52999877929688,781.52001953125,677.3699951171875,758.22998046875,-5767.3798828125,1,-0.19136581953998727,-0.02139573275617001,0.7478414351948317,0.7957912991317272,0.3361693769751918,-0.4485679747483294,0.22911379321317898
1752469315.4063153,558.02001953125,832.1500244140625,945.3499755859375,599.6799926757812,933.75,217.52999877929688,781.52001953125,677.3699951171875,758.22998046875,-5767.3798828125,0,-0.1830805550945792,-0.008823763493796329,0.7600591257589583,0.8971095937508802,0.3934936972738652,-0.06809343305676664,0.18899833697791713
1752469315.4063153,558.02001953125,832.1500244140625,945.3499755859375,599.6799926757812,933.75,217.52999877929688,781.52001953125,677.3699951171875,758.22998046875,-5767.3798828125,1,-0.19563508180284758,-0.02190695520529774,0.7657299866384174,0.807280905497902,0.32816773999359855,-0.43642729676436953,0.22390776825498124
1752469315.4217076,558.02001953125,832.1500244140625,945.3499755859375,599.6799926757812,933.75,217.52999877929688,781.52001953125,677.3699951171875,758.22998046875,-5822.75,0,-0.18305451160258016,-0.010053372427500132,0.7599505868757928,0.8972049252052655,0.3935991537726706,-0.06815136013784567,0.18830406381226436
1752469315.4217076,558.02001953125,832.1500244140625,945.3499755859375,599.6799926757812,933.75,217.52999877929688,781.52001953125,677.3699951171875,758.22998046875,-5822.75,1,-0.1868663450334818,-0.022184549609204653,0.7337445347238503,0.7993906348378405,0.3348630948508748,-0.435103020547911,0.2439809052990272
1752469315.4542513,558.02001953125,832.9400024414062,959.4099731445312,599.6799926757812,933.75,217.52999877929688,796.1099853515625,677.3699951171875,772.3800048828125,-5822.75,0,-0.1717286509910892,-0.009970124940694117,0.7167756200346274,-0.8478734421010982,-0.41097624637835006,-0.31833037537242026,0.1042828998812914
1752469315.4845612,558.02001953125,832.9400024414062,959.4099731445312,599.6799926757812,933.75,217.52999877929688,796.1099853515625,677.3699951171875,772.3800048828125,-5822.75,0,-0.18277837415984619,-0.011945720886219622,0.7639538941917585,0.9003314207749107,0.416343403602128,-0.02003907452907052,0.1251396761001274
1752469315.858448,558.02001953125,832.9400024414062,986.219970703125,599.6799926757812,933.75,217.52999877929688,822.8300170898438,677.8099975585938,798.8400268554688,-6026.919921875,0,-0.18041071116639099,-0.013732335787481665,0.7591864994841099,0.8972804288192294,0.39409186217869296,-0.06962826901083495,0.18636346309581392
1752469315.8635619,558.02001953125,832.9400024414062,986.219970703125,599.6799926757812,933.75,217.52999877929688,822.8300170898438,677.8099975585938,798.8400268554688,-6026.919921875,0,-0.1788169777754011,-0.016872156881539636,0.7628935179756039,0.9003709759893576,0.4166339493325448,-0.022750722211064847,0.12341257026094735
1752469315.8635619,558.02001953125,832.9400024414062,986.219970703125,599.6799926757812,933.75,217.52999877929688,822.8300170898438,677.8099975585938,798.8400268554688,-6026.919921875,1,-0.18554840134873837,-0.030118054669537556,0.747818286805216,-0.6558478513885979,-0.37049908874436094,-0.6258218182836044,0.20233900471426952
1752469315.871259,558.02001953125,832.9400024414062,986.219970703125,599.6799926757812,933.75,217.52999877929688,822.8300170898438,677.8099975585938,798.8400268554688,-6026.919921875,0,-0.17267107451741057,-0.021260676099026724,0.7535943561011125,0.8881120809710232,0.4151876474841241,-0.07295504803784839,0.1831767178866145
1752469315.871259,558.02001953125,832.9400024414062,986.219970703125,599.6799926757812,933.75,217.52999877929688,822.8300170898438,677.8099975585938,798.8400268554688,-6026.919921875,1,-0.1870884568885662,-0.03550394450770689,0.7714367475891817,0.7804679043999541,0.3795676588596991,-0.4343422424684813,0.24113286577478898
1752469315.8770401,558.02001953125,832.9400024414062,986.219970703125,599.6799926757812,933.75,217.52999877929688,822.8300170898438,677.8099975585938,798.8400268554688,-6026.919921875,0,-0.17261657181573226,-0.02177413633481242,0.7535448691358397,-0.8439166660574579,-0.4435000295979509,-0.2800402436712521,0.11264921846878345
1752469315.8770401,558.02001953125,832.9400024414062,986.219970703125,599.6799926757812,933.75,217.52999877929688,822.8300170898438,677.8099975585938,798.8400268554688,-6026.919921875,1,-0.17974416164180737,-0.03507116309638451,0.7423961096780934,0.7832148015705566,0.36183368924275167,-0.43555993189456366,0.256784932692276
1752469315.88003,558.02001953125,832.9400024414062,986.219970703125,599.6799926757812,933.75,217.52999877929688,822.8300170898438,677.8099975585938,798.8400268554688,-6026.919921875,0,-0.17357334821395484,-0.02301115890351481,0.7615773736417607,0.9003846336082415,0.41703688968346897,-0.026119726146164524,0.12126625297806644
1752469315.88003,558.02001953125,832.9400024414062,986.219970703125,599.6799926757812,933.75,217.52999877929688,822.8300170898438,677.8099975585938,798.8400268554688,-6026.919921875,1,-0.17847982681317065,-0.03626106620376318,0.7421399675860381,0.7829935548663446,0.36246344030661737,-0.4358624525294047,0.25605716149701485
1752469315.882268,558.02001953125,832.9400024414062,986.219970703125,599.6799926757812,933.75,217.52999877929688,822.8300170898438,677.8099975585938,798.8400268554688,-6026.919921875,0,-0.17065365898548338,-0.024196621981599577,0.7529664242166868,-0.8437745813831639,-0.44294147812694984,-0.2813120302293573,0.11274238073864139
1752469315.882268,558.02001953125,832.9400024414062,986.219970703125,599.6799926757812,933.75,217.52999877929688,822.8300170898438,677.8099975585938,798.8400268554688,-6026.919921875,1,-0.18264345933797266,-0.03840092956657024,0.7607270147501558,0.7945419497209429,0.35503944102294355,-0.4234068706163612,0.25174730855883737
1752469315.9223716,558.02001953125,832.9400024414062,986.219970703125,599.6799926757812,933.75,217.52999877929688,822.8300170898438,677.8099975585938,798.8400268554688,-6082.72998046875,0,-0.17007105628748467,-0.024899370484458876,0.7528932338913212,0.8881677928403139,0.415695320146074,-0.07429725522553944,0.18120510598702644
1752469315.9223716,558.02001953125,832.9400024414062,986.219970703125,599.6799926757812,933.75,217.52999877929688,822.8300170898438,677.8099975585938,798.8400268554688,-6082.72998046875,1,-0.17719015345564934,-0.03864605429535527,0.7417738918358644,0.7829093660365531,0.3634900675532322,-0.435912018959204,0.2547716763875058
1752469315.958395,558.02001953125,832.9400024414062,986.219970703125,599.6799926757812,933.75,217.52999877929688,822.8300170898438,677.8099975585938,798.8400268554688,-6082.72998046875,0,-0.1700177703638594,-0.025411692668583723,0.7528495843289441,-0.8435666173479448,-0.442837006154127,-0.28069821406723644,0.11618631888505555
1752469315.9953604,558.02001953125,832.9400024414062,986.219970703125,599.6799926757812,933.75,217.52999877929688,822.8300170898438,677.8099975585938,798.8400268554688,-6082.72998046875,0,-0.17092698074768076,-0.027916265795544452,0.7607808460811248,0.9004501467365634,0.41734072367060526,-0.028011553393386665,0.1192962970283929
1752469316.1983056,558.02001953125,832.9400024414062,999.1400146484375,599.6799926757812,933.8400268554688,217.52999877929688,835.75,677.9000244140625,811.6699829101562,-6192.509765625,0,-0.16296650702993695,-0.03507219971683343,0.7359276084019223,0.8803293798997908,0.42257063819836577,-0.1149298695223399,0.18233311193925747
1752469316.1983056,558.02001953125,832.9400024414062,999.1400146484375,599.6799926757812,933.8400268554688,217.52999877929688,835.75,677.9000244140625,811.6699829101562,-6192.509765625,1,-0.17550895467484787,-0.04970647696784948,0.7499768445957151,0.7891455882114826,0.40050664371797023,-0.4082186638322457,0.22405622384378437
1752469316.235772,558.02001953125,833.2000122070312,1013.1199951171875,599.6799926757812,934.280029296875,217.52999877929688,849.5499877929688,678.1599731445312,825.2100219726562,-6237.77001953125,0,-0.16402555018783294,-0.036785137647261365,0.7423309650306443,-0.8469664634380629,-0.43602411979872235,-0.29469911286146827,0.07538706549291627
1752469316.235772,558.02001953125,833.2000122070312,1013.1199951171875,599.6799926757812,934.280029296875,217.52999877929688,849.5499877929688,678.1599731445312,825.2100219726562,-6237.77001953125,1,-0.18386968761667555,-0.05375584993380318,0.7870745264840311,0.7963328793847748,0.3926632810939415,-0.3938126895732661,0.23786773304163064
1752469316.2731562,558.02001953125,833.2000122070312,1013.1199951171875,599.6799926757812,934.280029296875,217.52999877929688,849.5499877929688,678.1599731445312,825.2100219726562,-6237.77001953125,0,-0.16163820886078623,-0.037928568701371033,0.7355651602798144,-0.824957376379992,-0.4456173468546376,-0.3225144998247547,0.12982644084030798
1752469316.2731562,558.02001953125,833.2000122070312,1013.1199951171875,599.6799926757812,934.280029296875,217.52999877929688,849.5499877929688,678.1599731445312,825.2100219726562,-6237.77001953125,1,-0.17134401466996377,-0.05214779212983152,0.7372822532231613,0.7880011522804534,0.3866200982007484,-0.4231145427540757,0.22484031529494658
1752469316.4630823,558.02001953125,833.6400146484375,1026.739990234375,600.72998046875,934.280029296875,217.6199951171875,862.5599975585938,678.1599731445312,839.27001953125,-6339.990234375,0,-0.1565957102149559,-0.04618593356455519,0.7342725431024989,-0.824157896529335,-0.443815949863797,-0.32381211302427987,0.13761133562896832
1752469316.4630823,558.02001953125,833.6400146484375,1026.739990234375,600.72998046875,934.280029296875,217.6199951171875,862.5599975585938,678.1599731445312,839.27001953125,-6339.990234375,1,-0.17713646942585548,-0.06509776436671415,0.7854878751466143,0.7957209953134444,0.3969967431710152,-0.39424878421320997,0.2319258064023799
1752469316.5513942,558.02001953125,833.6400146484375,1026.739990234375,600.72998046875,934.280029296875,217.6199951171875,862.5599975585938,678.1599731445312,839.27001953125,-6392.02001953125,0,-0.1528923231218261,-0.04852131496502988,0.7336265398839606,-0.8243273718702365,-0.44317828658515723,-0.3227916133156366,0.14100696670037907
1752469316.5513942,558.02001953125,833.6400146484375,1026.739990234375,600.72998046875,934.280029296875,217.6199951171875,862.5599975585938,678.1599731445312,839.27001953125,-6392.02001953125,1,-0.16427051101201254,-0.06435250590849295,0.7472349564091351,0.7865705393820995,0.40207524945414597,-0.3961026240724721,0.2504895038827802
1752469316.904198,558.02001953125,833.72998046875,1053.5400390625,600.8200073242188,934.280029296875,217.52999877929688,889.719970703125,678.25,866.1599731445312,-6553.1298828125,0,-0.14736918848380665,-0.05853547361676026,0.7477536000583898,-0.8216563178402038,-0.4579073971628327,-0.2828387062588676,0.18762722941686297
1752469316.904198,558.02001953125,833.72998046875,1053.5400390625,600.8200073242188,934.280029296875,217.52999877929688,889.719970703125,678.25,866.1599731445312,-6553.1298828125,1,-0.16181815948846484,-0.07637892777291566,0.7748818570716183,-0.6605692160778097,-0.42291448775313184,-0.5838922804405505,0.20943125760207737
1752469316.9735315,558.02001953125,833.72998046875,1053.5400390625,600.8200073242188,934.280029296875,217.52999877929688,889.719970703125,678.25,866.1599731445312,-6604.3701171875,0,-0.14424938400461204,-0.0586022673410592,0.7334628120778272,-0.807155602575326,-0.4622057286976752,-0.3169018123561045,0.1855773125027139
1752469316.9735315,558.02001953125,833.72998046875,1053.5400390625,600.8200073242188,934.280029296875,217.52999877929688,889.719970703125,678.25,866.1599731445312,-6604.3701171875,1,-0.16103230952111794,-0.07760845039564886,0.7738433641315704,0.7820214660431899,0.4266384772628167,-0.395535525733105,0.2235479461984864
1752469317.030243,558.02001953125,833.72998046875,1066.6400146484375,600.8200073242188,934.280029296875,217.52999877929688,903.1599731445312,678.25,879.52001953125,-6660.18017578125,0,-0.1415463883809953,-0.058549013719616017,0.7182661084220573,-0.7921312792286037,-0.46629524168280045,-0.34741078871994674,0.18547918463433918
1752469317.030243,558.02001953125,833.72998046875,1066.6400146484375,600.8200073242188,934.280029296875,217.52999877929688,903.1599731445312,678.25,879.52001953125,-6660.18017578125,1,-0.15786502398890753,-0.07710916069517937,0.7574302146192556,-0.6645040020158562,-0.4226403112395812,-0.5729582622039553,0.22699874094902947
1752469317.0971267,558.02001953125,833.72998046875,1066.6400146484375,600.8200073242188,934.280029296875,217.52999877929688,903.1599731445312,678.25,879.52001953125,-6660.18017578125,0,-0.1454345777944792,-0.06216482535671286,0.7334476118432771,-0.8061801824405044,-0.46162412985391177,-0.31932440445582383,0.18710585478746342
1752469317.0971267,558.02001953125,833.72998046875,1066.6400146484375,600.8200073242188,934.280029296875,217.52999877929688,903.1599731445312,678.25,879.52001953125,-6660.18017578125,1,-0.16507358211505166,-0.08308613963051426,0.7871356667769532,0.783347549523857,0.443343661727031,-0.37715434030340894,0.21810001800031326
1752469317.1846595,558.02001953125,833.72998046875,1066.6400146484375,600.8200073242188,934.280029296875,217.52999877929688,903.1599731445312,678.25,879.52001953125,-6704.91015625,0,-0.1484230955307163,-0.065632649020652,0.7424216842909203,-0.8107978014633483,-0.47567609525543353,-0.28693951444746146,0.18440415557519255
1752469317.1846595,558.02001953125,833.72998046875,1066.6400146484375,600.8200073242188,934.280029296875,217.52999877929688,903.1599731445312,678.25,879.52001953125,-6704.91015625,1,-0.1597572619099303,-0.08233823034969531,0.7547912373963105,-0.6729017129404823,-0.4335909752781667,-0.5646545706627228,0.20091631767676157
1752469317.2718449,558.02001953125,833.72998046875,1079.739990234375,600.8200073242188,934.280029296875,217.52999877929688,916.0800170898438,678.25,893.0599975585938,-6758.52978515625,0,-0.14817277585177777,-0.06916335369925969,0.7277191265810844,0.8567932539107906,0.4607405564775009,-0.11425154326596626,0.20142006983194943
1752469317.2718449,558.02001953125,833.72998046875,1079.739990234375,600.8200073242188,934.280029296875,217.52999877929688,916.0800170898438,678.25,893.0599975585938,-6758.52978515625,1,-0.15798865290017003,-0.08485689286979177,0.7335064982443538,0.7818096436073347,0.4476049640891193,-0.37702433888735526,0.21511886289189852
1752469317.3163397,558.02001953125,833.72998046875,1079.739990234375,600.8200073242188,934.280029296875,217.52999877929688,916.0800170898438,678.25,893.0599975585938,-6811.43994140625,0,-0.14620472390698394,-0.06902095126826975,0.7182847855146598,-0.7888621772205862,-0.464394728585956,-0.35513737438325343,0.18950315756878966
1752469317.3422534,558.02001953125,833.72998046875,1079.739990234375,600.8200073242188,934.280029296875,217.52999877929688,916.0800170898438,678.25,893.0599975585938,-6811.43994140625,0,-0.15084296009853265,-0.07285439479937454,0.742493282906406,-0.80889765696826,-0.47463032733963084,-0.2920972766948664,0.18732275320466782
1752469317.4276137,558.02001953125,833.72998046875,1093.010009765625,600.72998046875,934.280029296875,217.52999877929688,921.0900268554688,678.25,901.9299926757812,-6864.60986328125,0,-0.14766163928888434,-0.0719142844598291,0.7268944975890099,-0.8111749512027637,-0.45685944823681146,-0.33169688975057254,0.1524854630046639
1752469317.4276137,558.02001953125,833.72998046875,1093.010009765625,600.72998046875,934.280029296875,217.52999877929688,921.0900268554688,678.25,901.9299926757812,-6864.60986328125,1,-0.16538658267654877,-0.0924237938735277,0.7693166828566471,0.7891672430322556,0.4406521705823554,-0.35968153945173575,0.23166768713732436
1752469317.4557457,558.02001953125,833.72998046875,1093.010009765625,600.72998046875,934.280029296875,217.52999877929688,921.0900268554688,678.25,901.9299926757812,-6864.60986328125,0,-0.14617752217555127,-0.07133434963091309,0.7181511365089778,-0.7883261748364354,-0.463876042790784,-0.35623191561094136,0.19094418370999333
1752469317.4557457,558.02001953125,833.72998046875,1093.010009765625,600.72998046875,934.280029296875,217.52999877929688,921.0900268554688,678.25,901.9299926757812,-6864.60986328125,1,-0.16213597993531553,-0.09085831896296338,0.7544764930764668,-0.6703683109416709,-0.43089217242940137,-0.5684794829097827,0.20437549005423417
1752469317.582367,558.02001953125,833.72998046875,1093.010009765625,600.72998046875,934.280029296875,217.52999877929688,921.0900268554688,678.25,901.9299926757812,-6916.81982421875,0,-0.1526859393402115,-0.07053703867185396,0.7340345259129627,-0.8031317938138615,-0.4606004032392642,-0.3275986878232263,0.1884295360012769
1752469317.582367,558.02001953125,833.72998046875,1093.010009765625,600.72998046875,934.280029296875,217.52999877929688,921.0900268554688,678.25,901.9299926757812,-6916.81982421875,1,-0.16023686469028006,-0.08552626722522724,0.7315895184664227,0.7817628191473015,0.44098957032967057,-0.36106022391214054,0.25300317817733264
1752469317.8239143,558.02001953125,833.72998046875,1119.2900390625,600.8200073242188,934.280029296875,217.52999877929688,921.0900268554688,678.1599731445312,902.2899780273438,-7069.31005859375,0,-0.15948198501629895,-0.06339493260275599,0.72043920113254,-0.7876849503459686,-0.4667272241829852,-0.3599994785794488,0.17921632913169316
1752469317.8239143,558.02001953125,833.72998046875,1119.2900390625,600.8200073242188,934.280029296875,217.52999877929688,921.0900268554688,678.1599731445312,902.2899780273438,-7069.31005859375,1,-0.1759965002194068,-0.08249972965420249,0.7562589428672469,-0.6676114620280847,-0.43470081494176116,-0.572214259333805,0.19468173687523171
1752469317.8872685,558.02001953125,833.72998046875,1119.2900390625,600.8200073242188,934.280029296875,217.52999877929688,921.0900268554688,678.1599731445312,902.2899780273438,-7069.31005859375,0,-0.16191175961384777,-0.06226501660197246,0.7208641460710754,-0.7874962050826593,-0.4671664340174111,-0.3608066696428395,0.1772675860080152
1752469317.8872685,558.02001953125,833.72998046875,1119.2900390625,600.8200073242188,934.280029296875,217.52999877929688,921.0900268554688,678.1599731445312,902.2899780273438,-7069.31005859375,1,-0.1749488123951511,-0.07954252482687865,0.7401710644773272,-0.6712174474007788,-0.4358788534905198,-0.5613384310559607,0.210655949842878
1752469317.917518,558.02001953125,833.72998046875,1119.2900390625,600.8200073242188,934.280029296875,217.52999877929688,921.0900268554688,678.1599731445312,902.2899780273438,-7117.91015625,0,-0.1696899249711373,-0.06353637477696446,0.7460251615814858,-0.8086758146335848,-0.47776967096125283,-0.29727632605589055,0.17148281051754455
1752469317.917518,558.02001953125,833.72998046875,1119.2900390625,600.8200073242188,934.280029296875,217.52999877929688,921.0900268554688,678.1599731445312,902.2899780273438,-7117.91015625,1,-0.17684119313663002,-0.07905044559128768,0.7402982620739941,0.8004309329712519,0.4315558915103884,-0.3437220270876838,0.23436083747114975
1752469317.9570086,558.02001953125,833.72998046875,1119.2900390625,600.8200073242188,934.280029296875,217.52999877929688,921.0900268554688,678.1599731445312,902.2899780273438,-7117.91015625,0,-0.1673361473954605,-0.05950092802806853,0.7005855489746071,0.858628929922266,0.43695070649612183,-0.12911850205945394,0.23485921999999793
1752469317.9570086,558.02001953125,833.72998046875,1119.2900390625,600.8200073242188,934.280029296875,217.52999877929688,921.0900268554688,678.1599731445312,902.2899780273438,-7117.91015625,1,-0.18155678274037557,-0.0767007892467955,0.7246729434940806,-0.6712908969416942,-0.43754783299531086,-0.5554583791090627,0.222230543809478
1752469318.0147061,558.02001953125,833.72998046875,1119.2900390625,600.8200073242188,934.280029296875,217.52999877929688,921.0900268554688,678.1599731445312,902.2899780273438,-7172.14013671875,0,-0.17327282316957926,-0.06154020492876724,0.7144877996316128,0.8654562889250622,0.44875101707196674,-0.13810306902403607,0.17474403841927452
1752469318.0147061,558.02001953125,833.72998046875,1119.2900390625,600.8200073242188,934.280029296875,217.52999877929688,921.0900268554688,678.1599731445312,902.2899780273438,-7172.14013671875,1,-0.1890106995921719,-0.07972364121562014,0.7409828894598468,0.8031344410894138,0.4300005200483854,-0.33964209199096906,0.23391851496217927
1752469318.1552932,558.02001953125,833.72998046875,1132.3800048828125,600.8200073242188,934.280029296875,217.52999877929688,921.0900268554688,678.1599731445312,902.2000122070312,-7223.47021484375,0,-0.1789098696985434,-0.06434916960310762,0.7232626008935511,0.8615213994571317,0.443856048151807,-0.1313850530544614,0.20859207710352426
1752469318.1552932,558.02001953125,833.72998046875,1132.3800048828125,600.8200073242188,934.280029296875,217.52999877929688,921.0900268554688,678.1599731445312,902.2000122070312,-7223.47021484375,1,-0.18278392700126078,-0.0771817368616697,0.7023330979196925,-0.6694510894235348,-0.41928796261668244,-0.5772537957009718,0.20690794722101624
1752469318.226567,558.02001953125,833.72998046875,1145.2099609375,600.8200073242188,934.280029296875,217.52999877929688,921.0900268554688,678.25,902.2899780273438,-7275.06005859375,0,-0.18129449648042287,-0.06485111281008815,0.7236468043439656,-0.7832854962646338,-0.4679621792657419,-0.37290097524493276,0.1685825992791133
1752469318.635849,558.02001953125,833.72998046875,1173.780029296875,600.8200073242188,934.280029296875,217.52999877929688,921.0900268554688,678.25,902.2899780273438,-7478.7001953125,0,-0.19262721591535978,-0.057157626469576894,0.7175912311384708,0.8674090503247753,0.4462278593323455,-0.12967880724894723,0.177948430509612
1752469318.635849,558.02001953125,833.72998046875,1173.780029296875,600.8200073242188,934.280029296875,217.52999877929688,921.0900268554688,678.25,902.2899780273438,-7478.7001953125,1,-0.20130819347097215,-0.07225719783174488,0.7174248388498248,0.825728520440821,0.41200978368107244,-0.2963408548810071,0.24617564138249473
1752469318.8829966,558.02001953125,833.72998046875,1185.3800048828125,600.8200073242188,934.280029296875,217.52999877929688,921.0900268554688,678.25,902.2899780273438,-7584.52001953125,0,-0.19791053653087537,-0.054734818396138675,0.706583110415782,-0.7788986362196137,-0.4709560069562747,-0.37393145840376757,0.17802420740747177
1752469318.8829966,558.02001953125,833.72998046875,1185.3800048828125,600.8200073242188,934.280029296875,217.52999877929688,921.0900268554688,678.25,902.2899780273438,-7584.52001953125,1,-0.2110402572646992,-0.07124149297528357,0.7189007885089304,0.8276651302215268,0.41001801938387017,-0.2922832879704243,0.24784296554292087
1752469319.7448773,558.02001953125,833.72998046875,1224.6700439453125,600.8200073242188,934.5399780273438,217.52999877929688,921.0900268554688,678.1599731445312,902.2899780273438,-8037.330078125,0,-0.20544830376857717,-0.056457174685528425,0.7030251925350022,-0.756201150144313,-0.4612382703687314,-0.43759129559336085,0.15470273587950245
1752469319.7448773,558.02001953125,833.72998046875,1224.6700439453125,600.8200073242188,934.5399780273438,217.52999877929688,921.0900268554688,678.1599731445312,902.2899780273438,-8037.330078125,1,-0.2182953761772134,-0.07269409715082147,0.7131274155363305,0.8305641029600287,0.41764937341577296,-0.25941045223629755,0.2616075095064643
1752469319.749244,558.02001953125,833.72998046875,1224.6700439453125,600.8200073242188,934.5399780273438,217.52999877929688,921.0900268554688,678.1599731445312,902.2899780273438,-8037.330078125,0,-0.20664527733708513,-0.05647314820473634,0.703222583759423,-0.7559176018953235,-0.46129384551436947,-0.43823915221939624,0.15408767860349154
1752469319.749244,558.02001953125,833.72998046875,1224.6700439453125,600.8200073242188,934.5399780273438,217.52999877929688,921.0900268554688,678.1599731445312,902.2899780273438,-8037.330078125,1,-0.21577625344557064,-0.07167478688020269,0.7014110347738068,-0.694704087356284,-0.4452844424861435,-0.5334304085388527,0.1859031886126478
1752469319.750762,558.02001953125,833.72998046875,1224.6700439453125,600.8200073242188,934.5399780273438,217.52999877929688,921.0900268554688,678.1599731445312,902.2899780273438,-8037.330078125,0,-0.20791577206289313,-0.055941401501231634,0.7036750535072382,-0.7672952846864128,-0.47031165438228273,-0.42031398612025345,0.11576289095344992
1752469319.750762,558.02001953125,833.72998046875,1224.6700439453125,600.8200073242188,934.5399780273438,217.52999877929688,921.0900268554688,678.1599731445312,902.2899780273438,-8037.330078125,1,-0.2169901584666081,-0.07131928710883415,0.7035044870723802,-0.6946777006674454,-0.4451571555353736,-0.534063362686724,0.18448393888573314
1752469319.7551486,558.02001953125,833.72998046875,1224.6700439453125,600.8200073242188,934.5399780273438,217.52999877929688,921.0900268554688,678.1599731445312,902.2899780273438,-8037.330078125,0,-0.21153902363166535,-0.0548548162830634,0.7043516785337401,-0.7667170736256338,-0.4706524316810622,-0.42172383264927665,0.11304966403865396
1752469319.7551486,558.02001953125,833.72998046875,1224.6700439453125,600.8200073242188,934.5399780273438,217.52999877929688,921.0900268554688,678.1599731445312,902.2899780273438,-8037.330078125,1,-0.2212481992909141,-0.07035143963151783,0.7041251999711496,0.8359415334684946,0.4198601130407239,-0.2595095884059041,0.23994585144396757
1752469319.7561839,558.02001953125,833.72998046875,1224.6700439453125,600.8200073242188,934.5399780273438,217.52999877929688,921.0900268554688,678.1599731445312,902.2899780273438,-8037.330078125,0,-0.2127177983350678,-0.05429186342147493,0.7044681214779756,-0.7550549710883607,-0.4621705439946846,-0.4403515594433861,0.14960241640491692
1752469319.7561839,558.02001953125,833.72998046875,1224.6700439453125,600.8200073242188,934.5399780273438,217.52999877929688,921.0900268554688,678.1599731445312,902.2899780273438,-8037.330078125,1,-0.22641622184628085,-0.07048543757026407,0.7152652225464138,-0.6879859944315898,-0.4500891193677219,-0.53126036421032,0.2045910103398571
1752469319.7571907,558.02001953125,833.72998046875,1224.6700439453125,600.8200073242188,934.5399780273438,217.52999877929688,921.0900268554688,678.1599731445312,902.2899780273438,-8037.330078125,0,-0.2195109700995069,-0.053688757411590834,0.7154365886885422,-0.7616600085612498,-0.47674258495106714,-0.41541618058059865,0.14149182295977092
1752469319.7571907,558.02001953125,833.72998046875,1224.6700439453125,600.8200073242188,934.5399780273438,217.52999877929688,921.0900268554688,678.1599731445312,902.2899780273438,-8037.330078125,1,-0.22251813682704022,-0.06670978180215971,0.6940874508582049,-0.7035754563983934,-0.42902936627110455,-0.5290094489337909,0.20264348736037321
1752469319.7644465,558.02001953125,833.72998046875,1224.6700439453125,600.8200073242188,934.5399780273438,217.52999877929688,921.0900268554688,678.1599731445312,902.2899780273438,-8037.330078125,0,-0.22332374634583807,-0.052365446936343485,0.7116593191624628,0.8719747321916133,0.42839378463132183,-0.14400719575922877,0.18815089497044699
1752469319.7644465,558.02001953125,833.72998046875,1224.6700439453125,600.8200073242188,934.5399780273438,217.52999877929688,921.0900268554688,678.1599731445312,902.2899780273438,-8037.330078125,1,-0.22780244746103304,-0.06574097709701493,0.6945497097199779,0.8474804742112549,0.39247062968401814,-0.24693527021197334,0.25839238183707464
1752469319.7662053,558.02001953125,833.72998046875,1224.6700439453125,600.8200073242188,934.5399780273438,217.52999877929688,921.0900268554688,678.1599731445312,902.2899780273438,-8037.330078125,0,-0.22245370901941874,-0.05215287870016561,0.7063906665171632,-0.7533449788819557,-0.46316412908428123,-0.4443408395186826,0.14321854160260622
1752469319.7662053,558.02001953125,833.72998046875,1224.6700439453125,600.8200073242188,934.5399780273438,217.52999877929688,921.0900268554688,678.1599731445312,902.2899780273438,-8037.330078125,1,-0.22382888757830197,-0.06426811915335955,0.6801363974401483,-0.6881799960743691,-0.4349884318939062,-0.5451692380583304,0.19995964341951958
1752469319.7681503,558.02001953125,833.72998046875,1224.6700439453125,600.8200073242188,934.5399780273438,217.52999877929688,921.0900268554688,678.1599731445312,902.2899780273438,-8037.330078125,0,-0.21952993420910324,-0.05527600675269187,0.702517899656269,-0.767748494136939,-0.4586261294078562,-0.41426546161795963,0.16914032779112706
1752469319.7681503,558.02001953125,833.72998046875,1224.6700439453125,600.8200073242188,934.5399780273438,217.52999877929688,921.0900268554688,678.1599731445312,902.2899780273438,-8037.330078125,1,-0.2284069344388556,-0.07039983559237667,0.6989568240482313,0.8506243763307229,0.40225788727024836,-0.25988943307952883,0.21698904371983002
1752469319.8419151,558.02001953125,833.72998046875,1224.6700439453125,600.8200073242188,934.8900146484375,217.52999877929688,921.0900268554688,678.25,902.2899780273438,-8085.22998046875,0,-0.2085972793975194,-0.055202989251726856,0.6772081303678779,-0.7468169152927385,-0.449154433574177,-0.4563867286995261,0.1795437097206251
1752469319.8419151,558.02001953125,833.72998046875,1224.6700439453125,600.8200073242188,934.8900146484375,217.52999877929688,921.0900268554688,678.25,902.2899780273438,-8085.22998046875,1,-0.22717168968692372,-0.07270250521798273,0.7048054524748689,0.8372554426715626,0.41939413332539655,-0.2565462627916165,0.23936561928719083
1752469319.8697467,558.02001953125,833.72998046875,1224.6700439453125,600.8200073242188,934.8900146484375,217.52999877929688,921.0900268554688,678.25,902.2899780273438,-8085.22998046875,0,-0.22161750020303686,-0.058028755284514524,0.7211324927789656,0.8678179707251927,0.42499621053778364,-0.14112897249917852,0.21529701306859497
1752469319.8697467,558.02001953125,833.72998046875,1224.6700439453125,600.8200073242188,934.8900146484375,217.52999877929688,921.0900268554688,678.25,902.2899780273438,-8085.22998046875,1,-0.22837746356925595,-0.07223307378994083,0.7096774552289774,-0.7109785594756007,-0.4365831214009134,-0.5286524491561911,0.15630500335880476
1752469320.0980005,558.02001953125,833.72998046875,1224.6700439453125,600.8200073242188,934.8900146484375,217.52999877929688,921.0900268554688,678.25,902.2899780273438,-8184.72998046875,0,-0.2230498743953683,-0.05225058668845944,0.7219884531395742,0.8675663756896235,0.4240540296388846,-0.14086196703406612,0.21832239913277077
1752469320.0980005,558.02001953125,833.72998046875,1224.6700439453125,600.8200073242188,934.8900146484375,217.52999877929688,921.0900268554688,678.25,902.2899780273438,-8184.72998046875,1,-0.22450312713593196,-0.06455104062940649,0.6950086825060264,-0.6875808061630834,-0.43394965486655146,-0.5521048141226051,0.18466349465979712
1752469320.2060282,558.02001953125,833.72998046875,1224.6700439453125,600.8200073242188,934.8900146484375,217.52999877929688,921.0900268554688,678.25,902.2899780273438,-8238.4296875,0,-0.2210951262761211,-0.046252306498386776,0.6993724694253238,-0.7340662206650252,-0.4735910428434926,-0.4564462696011295,0.16886417851099308
1752469320.2060282,558.02001953125,833.72998046875,1224.6700439453125,600.8200073242188,934.8900146484375,217.52999877929688,921.0900268554688,678.25,902.2899780273438,-8238.4296875,1,-0.23655443820112995,-0.06260653404173658,0.7178990127201309,-0.6873010499029443,-0.4533781085579083,-0.5326483830405353,0.1958347709858164
1752469320.2638023,558.02001953125,833.72998046875,1235.300048828125,600.8200073242188,934.8900146484375,217.52999877929688,921.0900268554688,678.25,902.2899780273438,-8290.990234375,0,-0.22513288776380427,-0.04536734037174894,0.7076175386624693,-0.7544524074406294,-0.4650834237515826,-0.4421611306888809,0.13781330983063536
1752469320.2638023,558.02001953125,833.72998046875,1235.300048828125,600.8200073242188,934.8900146484375,217.52999877929688,921.0900268554688,678.25,902.2899780273438,-8290.990234375,1,-0.2296482976692152,-0.05951368195703178,0.6908086839898306,0.833866173641756,0.3924334269695816,-0.26119986724870137,0.2871199038768087
1752469320.3130043,558.02001953125,833.72998046875,1235.300048828125,600.8200073242188,934.8900146484375,217.52999877929688,921.0900268554688,678.25,902.2899780273438,-8340.2099609375,0,-0.2288310616727128,-0.04427175046484449,0.7084191146035993,-0.7538861636055869,-0.46551446445315375,-0.4434687071461691,0.1352310670336111
1752469320.3130043,558.02001953125,833.72998046875,1235.300048828125,600.8200073242188,934.8900146484375,217.52999877929688,921.0900268554688,678.25,902.2899780273438,-8340.2099609375,1,-0.23524055619236456,-0.059163846612898724,0.6965836987052294,0.8481694374608753,0.3897754342363998,-0.2446262234450186,0.26237707031323504
1752469320.42435,557.9299926757812,833.72998046875,1236.010009765625,600.8200073242188,934.97998046875,217.52999877929688,921.0900268554688,678.25,902.2899780273438,-8391.4501953125,0,-0.2288213885903516,-0.04559279849890838,0.6978958551747168,-0.7456852297599813,-0.4519457039758763,-0.46795404104073596,0.14393621590551378
1752469320.42435,557.9299926757812,833.72998046875,1236.010009765625,600.8200073242188,934.97998046875,217.52999877929688,921.0900268554688,678.25,902.2899780273438,-8391.4501953125,1,-0.23342371434294013,-0.05895811704199339,0.6824161058774301,-0.6868055255591964,-0.4374736426571183,-0.547578411080897,0.19254315298080113
1752469320.4765651,557.9299926757812,833.72998046875,1236.010009765625,600.8200073242188,934.97998046875,217.52999877929688,921.0900268554688,678.25,902.2899780273438,-8391.4501953125,0,-0.23201608258661846,-0.0470868962023275,0.7076280730095039,-0.7527130947523986,-0.4657052671374621,-0.4434942422918524,0.1409058487170335
1752469320.4765651,557.9299926757812,833.72998046875,1236.010009765625,600.8200073242188,934.97998046875,217.52999877929688,921.0900268554688,678.25,902.2899780273438,-8391.4501953125,1,-0.23337704345611554,-0.060051381499440365,0.6822795050997194,-0.6865144142342393,-0.43709349373757533,-0.5480221374374321,0.1931811938554261
1752469320.5433,557.9299926757812,833.72998046875,1236.010009765625,600.8200073242188,934.97998046875,217.52999877929688,921.0900268554688,678.25,902.2899780273438,-8438.2900390625,0,-0.23070720332552966,-0.04934418547147023,0.7071301799850114,-0.7524203244762983,-0.4650516969021228,-0.44403532722261885,0.1429097711905668
1752469320.5433,557.9299926757812,833.72998046875,1236.010009765625,600.8200073242188,934.97998046875,217.52999877929688,921.0900268554688,678.25,902.2899780273438,-8438.2900390625,1,-0.2321095028695308,-0.06221789206289467,0.6818028788112075,-0.6862845697662157,-0.4362620861700192,-0.5483323965042151,0.19498836994889585
1752469320.60626,557.9299926757812,833.72998046875,1236.010009765625,600.8200073242188,934.97998046875,217.52999877929688,921.0900268554688,678.25,902.2899780273438,-8438.2900390625,1,-0.22967371575907972,-0.06436270642506237,0.6811306698498293,-0.6864080824942067,-0.4353580191704043,-0.5480600122510599,0.197326030725843
1752469320.6713321,558.02001953125,833.72998046875,1236.010009765625,600.8200073242188,934.97998046875,217.52999877929688,921.0900268554688,678.25,902.2899780273438,-8488.1201171875,0,-0.2244906180392357,-0.05242760523429375,0.7008894898112014,0.873338815666086,0.414222710189672,-0.16875542265617827,0.19292606547124738
1752469320.6713321,558.02001953125,833.72998046875,1236.010009765625,600.8200073242188,934.97998046875,217.52999877929688,921.0900268554688,678.25,902.2899780273438,-8488.1201171875,1,-0.24205136855136708,-0.06920179459478944,0.7230322577727097,-0.7050428194651627,-0.4429391275645051,-0.5252827448467706,0.17549242137269572
1752469321.848536,558.02001953125,833.72998046875,1236.010009765625,600.8200073242188,935.0700073242188,217.52999877929688,921.0900268554688,678.25,902.2899780273438,-9089.0302734375,0,-0.2292532548260035,-0.05233123316126248,0.7231068694763774,0.8683107688334415,0.4233844821296337,-0.13808734397085184,0.21843505775121153
1752469321.848536,558.02001953125,833.72998046875,1236.010009765625,600.8200073242188,935.0700073242188,217.52999877929688,921.0900268554688,678.25,902.2899780273438,-9089.0302734375,1,-0.2400858840062216,-0.06763901090589265,0.7239496590466767,0.8472154557138618,0.41114621012036334,-0.2364901946969933,0.23928467003841616
1752469321.8555138,558.02001953125,833.72998046875,1236.010009765625,600.8200073242188,935.0700073242188,217.52999877929688,921.0900268554688,678.25,902.2899780273438,-9089.0302734375,0,-0.23532086128203272,-0.05235190789474305,0.7415143561881721,-0.7687141735929373,-0.4573194736206697,-0.4331699559707374,0.11091080925207628
1752469321.8555138,558.02001953125,833.72998046875,1236.010009765625,600.8200073242188,935.0700073242188,217.52999877929688,921.0900268554688,678.25,902.2899780273438,-9089.0302734375,1,-0.23589472223347205,-0.06550913874407228,0.7115441130971867,-0.7104599143209439,-0.43895327566007225,-0.5295402915615998,0.14884156524044456
1752469321.8653293,558.02001953125,833.72998046875,1236.010009765625,600.8200073242188,935.0700073242188,217.52999877929688,921.0900268554688,678.25,902.2899780273438,-9089.0302734375,0,-0.23672692647596477,-0.04879135809016923,0.7421561435514891,-0.7692275150871194,-0.45820172023046896,-0.43204730190156637,0.10805249895449591
1752469321.8653293,558.02001953125,833.72998046875,1236.010009765625,600.8200073242188,935.0700073242188,217.52999877929688,921.0900268554688,678.25,902.2899780273438,-9089.0302734375,1,-0.24151525967805973,-0.06301564041261568,0.7247201877133864,0.8470777563670556,0.4100100311538418,-0.2365408858163345,0.2416597988052725
1752469321.8669288,558.02001953125,833.72998046875,1236.010009765625,600.8200073242188,935.0700073242188,217.52999877929688,921.0900268554688,678.25,902.2899780273438,-9089.0302734375,0,-0.22942337378375935,-0.04542117355670805,0.712932862776656,-0.7624028891680329,-0.44711858219721146,-0.44551705912393047,0.14262313301759857
1752469321.8669288,558.02001953125,833.72998046875,1236.010009765625,600.8200073242188,935.0700073242188,217.52999877929688,921.0900268554688,678.25,902.2899780273438,-9089.0302734375,1,-0.2340416681497221,-0.059146098990181355,0.6963745358934175,0.8479489281421303,0.38997463140851507,-0.24515875943557772,0.26229674948884496
1752469321.8680956,558.02001953125,833.72998046875,1236.010009765625,600.8200073242188,935.0700073242188,217.52999877929688,921.0900268554688,678.25,902.2899780273438,-9089.0302734375,0,-0.23607315371319176,-0.04527718282864742,0.7244707314106068,-0.7693847027026685,-0.46048287136999067,-0.4238199529675635,0.12798184202669965
1752469321.8680956,558.02001953125,833.72998046875,1236.010009765625,600.8200073242188,935.0700073242188,217.52999877929688,921.0900268554688,678.25,902.2899780273438,-9089.0302734375,1,-0.2335019544748785,-0.05738462678165549,0.6867096561867433,-0.6958845567090923,-0.418883863960409,-0.5495005952069292,0.19578071435822875
1752469321.8705814,558.02001953125,833.72998046875,1236.010009765625,600.8200073242188,935.0700073242188,217.52999877929688,921.0900268554688,678.25,902.2899780273438,-9089.0302734375,0,-0.23313965344557458,-0.04614813234010087,0.7134774299016982,0.8698319108927735,0.40777721533061273,-0.16144732919726124,0.22593129341662382
1752469321.8705814,558.02001953125,833.72998046875,1236.010009765625,600.8200073242188,935.0700073242188,217.52999877929688,921.0900268554688,678.25,902.2899780273438,-9089.0302734375,1,-0.2433860708381555,-0.06104423568217877,0.7132281034192417,-0.7094022865335372,-0.4405746361928563,-0.5312854361232314,0.14275213192057587
1752469321.8721497,558.02001953125,833.72998046875,1236.010009765625,600.8200073242188,935.0700073242188,217.52999877929688,921.0900268554688,678.25,902.2899780273438,-9089.0302734375,0,-0.23552680634006748,-0.05125019085006073,0.7243856100183078,0.868965174956986,0.4225711153594723,-0.13537067304474473,0.21910718394256098
1752469321.8721497,558.02001953125,833.72998046875,1236.010009765625,600.8200073242188,935.0700073242188,217.52999877929688,921.0900268554688,678.25,902.2899780273438,-9089.0302734375,1,-0.24634931163847937,-0.06657409581831203,0.7251235472821486,0.8481829012013793,0.4099943999879618,-0.23400973677455236,0.24027026695541662
1752469321.8952072,558.02001953125,833.72998046875,1236.010009765625,600.8200073242188,935.0700073242188,217.52999877929688,921.0900268554688,678.25,902.2899780273438,-9089.0302734375,0,-0.24333005815427938,-0.04288619444763519,0.7439636012208775,-0.769120623308308,-0.45969192941638787,-0.43233227744652447,0.10112170246381322
1752469321.8952072,558.02001953125,833.72998046875,1236.010009765625,600.8200073242188,935.0700073242188,217.52999877929688,921.0900268554688,678.25,902.2899780273438,-9089.0302734375,1,-0.2438812194352806,-0.05596077440371382,0.7146695875006427,-0.7002095116638241,-0.4326239635363853,-0.5416315486294329,0.17081689459435676
1752469321.9597433,558.02001953125,833.72998046875,1236.010009765625,600.8200073242188,935.0700073242188,217.52999877929688,921.0900268554688,678.25,902.2899780273438,-9135.08984375,0,-0.24333005815427938,-0.04288619444763519,0.7439636012208775,-0.769120623308308,-0.45969192941638787,-0.43233227744652447,0.10112170246381322
1752469321.9597433,558.02001953125,833.72998046875,1236.010009765625,600.8200073242188,935.0700073242188,217.52999877929688,921.0900268554688,678.25,902.2899780273438,-9135.08984375,1,-0.24799742133848834,-0.05728763909204738,0.726512013224296,0.847686834510446,0.40791580041517506,-0.23459068549802276,0.2449468118732609
1752469322.1565928,558.02001953125,833.72998046875,1236.010009765625,600.8200073242188,935.0700073242188,217.52999877929688,921.0900268554688,678.25,902.2899780273438,-9230.8896484375,0,-0.23433208136043188,-0.04547768365091439,0.7138118831926307,-0.7612525211691276,-0.4472872815573224,-0.448089404150153,0.14015909766785936
1752469322.1565928,558.02001953125,833.72998046875,1236.010009765625,600.8200073242188,935.0700073242188,217.52999877929688,921.0900268554688,678.25,902.2899780273438,-9230.8896484375,1,-0.2408017292346693,-0.05934275466050772,0.7020800399590237,0.8521267423770202,0.3979017257997806,-0.256238069999366,0.22337475912574342
1752469322.2541335,558.02001953125,833.72998046875,1236.010009765625,600.72998046875,935.0700073242188,217.52999877929688,921.0900268554688,678.1599731445312,902.2899780273438,-9282.2197265625,0,-0.23326318736155857,-0.04596152885666388,0.7079308725315463,-0.7403621701572134,-0.4559333592850949,-0.46459601048511434,0.1677473574528837
1752469322.2541335,558.02001953125,833.72998046875,1236.010009765625,600.72998046875,935.0700073242188,217.52999877929688,921.0900268554688,678.1599731445312,902.2899780273438,-9282.2197265625,1,-0.2468570777199949,-0.06111519931330987,0.7174349900030698,-0.7178614627936096,-0.4218068372845102,-0.5330699911493104,0.15030068792900442
1752469322.3152452,558.02001953125,833.72998046875,1236.010009765625,600.72998046875,935.0700073242188,217.52999877929688,921.0900268554688,678.1599731445312,902.2899780273438,-9335.0400390625,0,-0.23559747613765195,-0.04617661986575935,0.7139194834719829,0.870155479482218,0.407494065728644,-0.1603484295370889,0.22597878012769257
1752469322.3152452,558.02001953125,833.72998046875,1236.010009765625,600.72998046875,935.0700073242188,217.52999877929688,921.0900268554688,678.1599731445312,902.2899780273438,-9335.0400390625,1,-0.24613488431919583,-0.060575788212525135,0.7144887257114864,-0.6983659959855699,-0.43124340672748557,-0.5446056152465893,0.1723913676697284
1752469322.3662548,558.02001953125,833.72998046875,1236.010009765625,600.72998046875,935.0700073242188,217.52999877929688,921.0900268554688,678.1599731445312,902.2899780273438,-9335.0400390625,0,-0.24567820373604887,-0.04769399421571896,0.7437744768701169,-0.7674705756757061,-0.4585459775650999,-0.4360854887213038,0.10273241191351869
1752469322.3662548,558.02001953125,833.72998046875,1236.010009765625,600.72998046875,935.0700073242188,217.52999877929688,921.0900268554688,678.1599731445312,902.2899780273438,-9335.0400390625,1,-0.24613488431919583,-0.060575788212525135,0.7144887257114864,-0.6983659959855699,-0.43124340672748557,-0.5446056152465893,0.1723913676697284
1752469322.8371568,558.02001953125,833.72998046875,1236.010009765625,600.8200073242188,935.0700073242188,217.52999877929688,921.0900268554688,678.25,902.2899780273438,-9577.26953125,0,-0.24021546904094015,-0.04245388486414889,0.7243732121032868,0.865179901784545,0.40167880755229274,-0.15723755307944456,0.2557229458086276
1752469322.8371568,558.02001953125,833.72998046875,1236.010009765625,600.8200073242188,935.0700073242188,217.52999877929688,921.0900268554688,678.25,902.2899780273438,-9577.26953125,1,-0.2475702831505187,-0.05600988083428678,0.7152919697518546,-0.6991372649647447,-0.4327819794884027,-0.5433900872892351,0.16921600398163694
1752469323.095563,558.02001953125,833.72998046875,1236.010009765625,600.72998046875,935.0700073242188,217.52999877929688,921.0900268554688,678.25,902.2899780273438,-9677.7197265625,0,-0.2414021108993341,-0.039140737034373686,0.7141943976094354,-0.74903280771899,-0.43966594295575334,-0.4666680425144559,0.16692707887326386
1752469323.095563,558.02001953125,833.72998046875,1236.010009765625,600.72998046875,935.0700073242188,217.52999877929688,921.0900268554688,678.25,902.2899780273438,-9677.7197265625,1,-0.25261124730973533,-0.053779636942997505,0.7164419823200768,-0.6982713969838839,-0.4337249394575219,-0.5448151717380512,0.1657593487281549
1752469323.3793855,558.02001953125,833.72998046875,1236.010009765625,600.8200073242188,935.0700073242188,217.6199951171875,921.0900268554688,678.25,902.2899780273438,-9825.6396484375,0,-0.2506943218864044,-0.03758953597299725,0.750447062139822,0.8794475207175385,0.40726610217404774,-0.1444365706522875,0.19961076469454184
1752469323.3793855,558.02001953125,833.72998046875,1236.010009765625,600.8200073242188,935.0700073242188,217.6199951171875,921.0900268554688,678.25,902.2899780273438,-9825.6396484375,1,-0.2550162515113222,-0.051515153371387915,0.7322970361257792,0.8577184481254353,0.385841295120271,-0.23455332247234648,0.24582574650021954
1752469323.418884,558.02001953125,833.72998046875,1236.010009765625,600.8200073242188,935.0700073242188,217.6199951171875,921.0900268554688,678.25,902.2899780273438,-9870.91015625,0,-0.252543166787236,-0.03781768544160797,0.757110830466177,-0.7652959903011903,-0.46699786903930485,-0.42375548679187963,0.12909812142493018
1752469323.418884,558.02001953125,833.72998046875,1236.010009765625,600.8200073242188,935.0700073242188,217.6199951171875,921.0900268554688,678.25,902.2899780273438,-9870.91015625,1,-0.2490674506223256,-0.0502856861739125,0.71626547289571,-0.7001828063790647,-0.4346880683437001,-0.5416957112222541,0.16539672709632489
1752469324.4043422,558.02001953125,833.72998046875,1236.010009765625,600.8200073242188,935.0700073242188,217.52999877929688,921.0900268554688,678.25,902.2899780273438,-10299.2900390625,0,-0.252543166787236,-0.03781768544160797,0.757110830466177,-0.7652959903011903,-0.46699786903930485,-0.42375548679187963,0.12909812142493018
1752469324.4043422,558.02001953125,833.72998046875,1236.010009765625,600.8200073242188,935.0700073242188,217.52999877929688,921.0900268554688,678.25,902.2899780273438,-10299.2900390625,1,-0.2541096402833086,-0.05144963339392749,0.7313850755195557,0.8477086895762019,0.3964924668995292,-0.26438824611452655,0.2329861726056053
1752469324.4060972,558.02001953125,833.72998046875,1236.010009765625,600.8200073242188,935.0700073242188,217.52999877929688,921.0900268554688,678.25,902.2899780273438,-10299.2900390625,0,-0.24170675450140358,-0.03663571284230034,0.7253278762310601,0.8647737865302745,0.4006188990659796,-0.1569741898599946,0.2589013317058296
1752469324.4060972,558.02001953125,833.72998046875,1236.010009765625,600.8200073242188,935.0700073242188,217.52999877929688,921.0900268554688,678.25,902.2899780273438,-10299.2900390625,1,-0.26490580750357495,-0.05400301930460747,0.7633535859115588,0.8569921823718127,0.4065363415476302,-0.22534764440473312,0.22251076719094767
1752469324.4073563,558.02001953125,833.72998046875,1236.010009765625,600.8200073242188,935.0700073242188,217.52999877929688,921.0900268554688,678.25,902.2899780273438,-10299.2900390625,0,-0.24170675450140358,-0.03663571284230034,0.7253278762310601,0.8647737865302745,0.4006188990659796,-0.1569741898599946,0.2589013317058296
1752469324.4073563,558.02001953125,833.72998046875,1236.010009765625,600.8200073242188,935.0700073242188,217.52999877929688,921.0900268554688,678.25,902.2899780273438,-10299.2900390625,1,-0.2564570324494575,-0.05249820363063463,0.7392214354205796,-0.6837763210515474,-0.45702899727936425,-0.5443376164795534,0.1651393281456264
1752469324.4161017,558.02001953125,833.72998046875,1236.010009765625,600.8200073242188,935.0700073242188,217.52999877929688,921.0900268554688,678.25,902.2899780273438,-10346.5703125,0,-0.24822673702740036,-0.037234853625024045,0.7335094330161916,-0.7602965142809915,-0.447729348809514,-0.45852683575895425,0.10602255173152338
1752469324.4161017,558.02001953125,833.72998046875,1236.010009765625,600.8200073242188,935.0700073242188,217.52999877929688,921.0900268554688,678.25,902.2899780273438,-10346.5703125,1,-0.2527209813508008,-0.05148122000891571,0.7167534713127054,-0.6988337232602779,-0.43446727200460544,-0.5438998884784437,0.16444612523312963
1752469324.4215527,558.02001953125,833.72998046875,1236.010009765625,600.8200073242188,935.0700073242188,217.52999877929688,921.0900268554688,678.25,902.2899780273438,-10346.5703125,0,-0.24586004878115317,-0.03653561228290536,0.7256375560479541,-0.7567400716496505,-0.4538138676462212,-0.4444912916615482,0.15435326082952822
1752469324.4215527,558.02001953125,833.72998046875,1236.010009765625,600.8200073242188,935.0700073242188,217.52999877929688,921.0900268554688,678.25,902.2899780273438,-10346.5703125,1,-0.2645065698633709,-0.05315537616118345,0.7484580462312755,-0.7209387380924119,-0.435819045282853,-0.5280127859456684,0.10729209460326994
1752469324.4246511,558.02001953125,833.72998046875,1236.010009765625,600.8200073242188,935.0700073242188,217.52999877929688,921.0900268554688,678.25,902.2899780273438,-10346.5703125,0,-0.2537130476767984,-0.03757259719502798,0.746133760325249,-0.7561752433741457,-0.45262820237356793,-0.4536125547053769,0.1325230619091844
1752469324.4246511,558.02001953125,833.72998046875,1236.010009765625,600.8200073242188,935.0700073242188,217.52999877929688,921.0900268554688,678.25,902.2899780273438,-10346.5703125,1,-0.2595838875971487,-0.051509057294206,0.7336841007601821,-0.71386364567739,-0.429126283954633,-0.5294509483271502,0.16103111846768917
1752469324.432304,558.02001953125,833.72998046875,1236.010009765625,600.8200073242188,935.0700073242188,217.52999877929688,921.0900268554688,678.25,902.2899780273438,-10346.5703125,0,-0.2482613504914424,-0.03682106371912208,0.7290269926190526,0.8585750000277212,0.41177705918169405,-0.1873650689373387,0.2412114296653052
1752469324.432304,558.02001953125,833.72998046875,1236.010009765625,600.8200073242188,935.0700073242188,217.52999877929688,921.0900268554688,678.25,902.2899780273438,-10346.5703125,1,-0.2600719246601811,-0.05157649353866566,0.7331703337217202,0.8585499766362504,0.3851328340155371,-0.23242733145925648,0.2460531921593043
1752469324.4335032,558.02001953125,833.72998046875,1236.010009765625,600.8200073242188,935.0700073242188,217.52999877929688,921.0900268554688,678.25,902.2899780273438,-10346.5703125,0,-0.2512895466266733,-0.03394617956053434,0.7461165126406637,-0.7575930505079544,-0.4534636063149624,-0.4506410219866245,0.13170496145829705
1752469324.4335032,558.02001953125,833.72998046875,1236.010009765625,600.8200073242188,935.0700073242188,217.52999877929688,921.0900268554688,678.25,902.2899780273438,-10346.5703125,1,-0.2666917422888365,-0.050213216313470435,0.7589694568757944,-0.6990454061882695,-0.452802465455895,-0.5298781945323533,0.15979532634990906
1752469324.4394314,558.02001953125,833.72998046875,1236.010009765625,600.8200073242188,935.0700073242188,217.52999877929688,921.0900268554688,678.25,902.2899780273438,-10346.5703125,0,-0.2512895466266733,-0.03394617956053434,0.7461165126406637,-0.7575930505079544,-0.4534636063149624,-0.4506410219866245,0.13170496145829705
1752469324.4394314,558.02001953125,833.72998046875,1236.010009765625,600.8200073242188,935.0700073242188,217.52999877929688,921.0900268554688,678.25,902.2899780273438,-10346.5703125,1,-0.2619289299774082,-0.049016042681707596,0.745416260379507,-0.6932627759251359,-0.4385408557768652,-0.5456738940660638,0.17119767132133532
1752469324.4425304,558.02001953125,833.72998046875,1236.010009765625,600.8200073242188,935.0700073242188,217.52999877929688,921.0900268554688,678.25,902.2899780273438,-10346.5703125,0,-0.2512895466266733,-0.03394617956053434,0.7461165126406637,-0.7575930505079544,-0.4534636063149624,-0.4506410219866245,0.13170496145829705
1752469324.4425304,558.02001953125,833.72998046875,1236.010009765625,600.8200073242188,935.0700073242188,217.52999877929688,921.0900268554688,678.25,902.2899780273438,-10346.5703125,1,-0.26729130556032116,-0.05015970314471943,0.7613313416246794,0.8464431231412094,0.4157517143263557,-0.2565076705999384,0.2118687476836663
1752469324.4485338,558.02001953125,833.72998046875,1236.010009765625,600.8200073242188,935.0700073242188,217.52999877929688,921.0900268554688,678.25,902.2899780273438,-10346.5703125,0,-0.2426059695191552,-0.032978748432093224,0.718603776616434,-0.736271908996347,-0.4638899203305863,-0.45646070494880603,0.18534681728100005
1752469324.4485338,558.02001953125,833.72998046875,1236.010009765625,600.8200073242188,935.0700073242188,217.52999877929688,921.0900268554688,678.25,902.2899780273438,-10346.5703125,1,-0.26196589486665156,-0.04902262149968926,0.7455342288675019,-0.7031697870389341,-0.44777956493866755,-0.5359343228558976,0.13349199752774865
1752469324.4527943,558.02001953125,833.72998046875,1236.010009765625,600.8200073242188,935.0700073242188,217.52999877929688,921.0900268554688,678.25,902.2899780273438,-10346.5703125,0,-0.2525819600907818,-0.03395754115742375,0.7463635246895017,-0.7573057804881461,-0.45350318141196266,-0.45126405824751126,0.1310861130038384
1752469324.4527943,558.02001953125,833.72998046875,1236.010009765625,600.8200073242188,935.0700073242188,217.52999877929688,921.0900268554688,678.25,902.2899780273438,-10346.5703125,1,-0.2626287194916814,-0.04911922468870138,0.7454803868113394,0.8478694248652517,0.4106026350922405,-0.24394472121360744,0.23024744825077031
1752469324.4776719,558.02001953125,833.72998046875,1236.010009765625,600.8200073242188,935.0700073242188,217.52999877929688,921.0900268554688,678.25,902.2899780273438,-10346.5703125,0,-0.2538754672131195,-0.03396894216574667,0.746611397925706,-0.7570183443707558,-0.45354185297887806,-0.4518866211073955,0.13046645372197013
1752469324.4776719,558.02001953125,833.72998046875,1236.010009765625,600.8200073242188,935.0700073242188,217.52999877929688,921.0900268554688,678.25,902.2899780273438,-10346.5703125,1,-0.26391264466653624,-0.049133367294557286,0.7456953690752625,0.8480818388927477,0.41043794779114456,-0.243416433841614,0.23031787878738508
1752469324.50831,558.02001953125,833.72998046875,1236.010009765625,600.8200073242188,935.0700073242188,217.52999877929688,921.0900268554688,678.25,902.2899780273438,-10346.5703125,0,-0.25215884562739044,-0.03271949558718992,0.7389173892726965,-0.7359117971873064,-0.4637684928565741,-0.4665940588138429,0.16013305740450615
1752469324.50831,558.02001953125,833.72998046875,1236.010009765625,600.8200073242188,935.0700073242188,217.52999877929688,921.0900268554688,678.25,902.2899780273438,-10346.5703125,1,-0.26308994228194343,-0.04782677859062759,0.7410374101278706,-0.6831307848970618,-0.45881598713146254,-0.5452137797216646,0.15988169088461113
1752469324.8495867,558.02001953125,833.72998046875,1236.010009765625,600.8200073242188,935.0700073242188,217.52999877929688,921.0900268554688,678.25,902.2899780273438,-10544.0595703125,0,-0.2558827366061359,-0.03288368454943872,0.7469693929399956,0.8672064980162904,0.4061203369554409,-0.1635795437339975,0.23719379119466474
1752469324.8495867,558.02001953125,833.72998046875,1236.010009765625,600.8200073242188,935.0700073242188,217.52999877929688,921.0900268554688,678.25,902.2899780273438,-10544.0595703125,1,-0.26143810744516505,-0.0467724706766127,0.7338824086197935,-0.6962378634216121,-0.43446427330405935,-0.5535571753985831,0.14166187322362644
1752469324.85185,558.02001953125,833.72998046875,1236.010009765625,600.8200073242188,935.0700073242188,217.52999877929688,921.0900268554688,678.25,902.2899780273438,-10544.0595703125,0,-0.26058983916874734,-0.029207292720065024,0.7485251357587809,-0.7567044034633433,-0.4549362824244437,-0.45265789159869296,0.12462847943563458
1752469324.85185,558.02001953125,833.72998046875,1236.010009765625,600.8200073242188,935.0700073242188,217.52999877929688,921.0900268554688,678.25,902.2899780273438,-10544.0595703125,1,-0.2699328213051591,-0.044311429086929074,0.7475271617991627,-0.7020931604851968,-0.44938375323149615,-0.5374661063748839,0.12747400060288147
1752469324.8544948,558.02001953125,833.72998046875,1236.010009765625,600.8200073242188,935.0700073242188,217.52999877929688,921.0900268554688,678.25,902.2899780273438,-10544.0595703125,0,-0.26200962379617554,-0.02680392726549584,0.7491171010216356,-0.7569785144227855,-0.4555750881535375,-0.452097836646472,0.12264751875088756
1752469324.8544948,558.02001953125,833.72998046875,1236.010009765625,600.8200073242188,935.0700073242188,217.52999877929688,921.0900268554688,678.25,902.2899780273438,-10544.0595703125,1,-0.2698373461631801,-0.04194186299321829,0.7430876853716715,-0.6827645808076208,-0.4609634373707687,-0.5455522249683006,0.1540065142585083
1752469324.8576496,558.02001953125,833.72998046875,1236.010009765625,600.8200073242188,935.0700073242188,217.52999877929688,921.0900268554688,678.25,902.2899780273438,-10544.0595703125,0,-0.2620685126732102,-0.025596383825739127,0.749285449567857,-0.7572579916458625,-0.45587702116895923,-0.4515079069003728,0.12197165926982971
1752469324.8576496,558.02001953125,833.72998046875,1236.010009765625,600.8200073242188,935.0700073242188,217.52999877929688,921.0900268554688,678.25,902.2899780273438,-10544.0595703125,1,-0.2658793465470152,-0.03975358255911018,0.7305612946846473,-0.6948680295203091,-0.4430304761537832,-0.5371128202937625,0.17997843489039278
1752469324.8710532,558.02001953125,833.72998046875,1236.010009765625,600.8200073242188,935.0700073242188,217.52999877929688,921.0900268554688,678.25,902.2899780273438,-10544.0595703125,0,-0.2621825378387384,-0.025002737719370036,0.749618330687499,-0.7691140954530521,-0.463989470649941,-0.4319940857079502,0.08098388243825459
1752469324.8710532,558.02001953125,833.72998046875,1236.010009765625,600.8200073242188,935.0700073242188,217.52999877929688,921.0900268554688,678.25,902.2899780273438,-10544.0595703125,1,-0.271338797907896,-0.040013218354623105,0.7463976848985554,-0.7026409741551864,-0.4510975652568744,-0.5358083742851688,0.1253636075719547
1752469324.9733756,558.02001953125,833.72998046875,1236.010009765625,600.8200073242188,935.0700073242188,217.52999877929688,921.0900268554688,678.25,902.2899780273438,-10592.669921875,0,-0.26212755694730755,-0.02438830938485492,0.7494542407057693,-0.7575369276878993,-0.4561785220765792,-0.45091679207754715,0.12129717971865832
1752469324.9733756,558.02001953125,833.72998046875,1236.010009765625,600.8200073242188,935.0700073242188,217.52999877929688,921.0900268554688,678.25,902.2899780273438,-10592.669921875,1,-0.2671100055380774,-0.038974475795327417,0.7362319856276666,0.8292608456034802,0.39883655691878317,-0.2439402482404951,0.3061845948158349
1752469325.0080113,558.02001953125,833.72998046875,1236.010009765625,600.8200073242188,935.0700073242188,217.52999877929688,921.0900268554688,678.25,902.2899780273438,-10592.669921875,1,-0.26087805098470823,-0.03772324091101835,0.7200379365728871,-0.7000512409350761,-0.4391884896732411,-0.541763735240876,0.1534072546578279
1752469325.058921,558.02001953125,833.72998046875,1236.010009765625,600.8200073242188,935.0700073242188,217.6199951171875,921.0900268554688,678.25,902.2899780273438,-10635.6396484375,0,-0.2577499755169064,-0.02321790586435157,0.7412252064729308,-0.7370646259588968,-0.46660215352904355,-0.4644445589759629,0.15267422545981307
1752469325.058921,558.02001953125,833.72998046875,1236.010009765625,600.8200073242188,935.0700073242188,217.6199951171875,921.0900268554688,678.25,902.2899780273438,-10635.6396484375,1,-0.27515766655625273,-0.03930575248192171,0.7619829201622722,-0.6995200179915272,-0.456388191254567,-0.5288414558630347,0.1506926603162348
1752469325.2472985,558.02001953125,833.72998046875,1236.010009765625,600.8200073242188,935.0700073242188,217.6199951171875,921.0900268554688,678.25,902.2899780273438,-10731.9697265625,0,-0.2582739188651012,-0.023155181546171116,0.7488425950502772,-0.75866736354864,-0.4563735414898411,-0.44848740621008476,0.12249925952889154
1752469325.2472985,558.02001953125,833.72998046875,1236.010009765625,600.8200073242188,935.0700073242188,217.6199951171875,921.0900268554688,678.25,902.2899780273438,-10731.9697265625,1,-0.26613986308844195,-0.038318481720348296,0.7428489143094784,-0.6846305364326238,-0.4619496856669802,-0.5424282217361555,0.15380227813757613
1752469325.3197,558.02001953125,833.72998046875,1236.010009765625,600.8200073242188,935.0700073242188,217.6199951171875,921.0900268554688,678.25,902.2899780273438,-10784.3603515625,0,-0.2587767912861184,-0.02399666320153552,0.7527718483658863,0.8508884536704,0.418815358171977,-0.15867904966559174,0.2745969671480346
1752469325.3197,558.02001953125,833.72998046875,1236.010009765625,600.8200073242188,935.0700073242188,217.6199951171875,921.0900268554688,678.25,902.2899780273438,-10784.3603515625,1,-0.26484784399088473,-0.03830556695032265,0.7426008688721485,-0.6849780824542839,-0.4618980999908513,-0.5418765799617984,0.15435330858455393
1752469325.371849,558.02001953125,833.72998046875,1236.010009765625,600.8200073242188,935.0700073242188,217.6199951171875,921.0900268554688,678.25,902.2899780273438,-10784.3603515625,0,-0.2564216852777035,-0.02505674783390319,0.751401483483448,-0.7445988311432078,-0.47963984402179805,-0.44038850115871553,0.14688828657893044
1752469325.371849,558.02001953125,833.72998046875,1236.010009765625,600.8200073242188,935.0700073242188,217.6199951171875,921.0900268554688,678.25,902.2899780273438,-10784.3603515625,1,-0.2643331500429018,-0.040743586215014095,0.7468852613696708,0.8475358456363292,0.40872677931106716,-0.2443575091554754,0.2343391088889055
1752469325.58611,558.02001953125,833.72998046875,1236.010009765625,600.8200073242188,935.0700073242188,217.6199951171875,921.0900268554688,678.25,902.2899780273438,-10884.2001953125,0,-0.25745017447853985,-0.028620329097223212,0.7571077222005472,-0.7530817321853804,-0.459679618077417,-0.44310046744343906,0.15882231935176183
1752469325.58611,558.02001953125,833.72998046875,1236.010009765625,600.8200073242188,935.0700073242188,217.6199951171875,921.0900268554688,678.25,902.2899780273438,-10884.2001953125,1,-0.267474287630088,-0.04418464475389531,0.7592498913204159,0.8431827878343958,0.4055392539659941,-0.24084057569290995,0.2580242564032092
1752469325.8555698,558.02001953125,833.72998046875,1236.010009765625,600.8200073242188,935.0700073242188,217.6199951171875,921.0900268554688,678.25,902.2899780273438,-11021.48046875,0,-0.25811679609637683,-0.01685072671804947,0.733542411737587,0.8581599397771834,0.4073647430650098,-0.1847629343762586,0.25194868912116547
1752469325.8555698,558.02001953125,833.72998046875,1236.010009765625,600.8200073242188,935.0700073242188,217.6199951171875,921.0900268554688,678.25,902.2899780273438,-11021.48046875,1,-0.2782011333927395,-0.03196697613175442,0.763559769817697,-0.7005066389129566,-0.4586648571504906,-0.5269399425638756,0.14577823769264192
1752469326.0722659,558.02001953125,833.72998046875,1236.010009765625,600.8200073242188,935.0700073242188,217.6199951171875,921.0900268554688,678.25,902.2899780273438,-11126.33984375,0,-0.27442699262299064,-0.012200125701390075,0.7651232418667426,-0.7478691247077761,-0.4771192502961742,-0.45411679022537216,0.08262526333420478
1752469326.0722659,558.02001953125,833.72998046875,1236.010009765625,600.8200073242188,935.0700073242188,217.6199951171875,921.0900268554688,678.25,902.2899780273438,-11126.33984375,1,-0.28122127482349357,-0.027113451315147776,0.7575257285684402,-0.6797514633984366,-0.47092251808521834,-0.5359250888090237,0.17015942275701695
1752469327.0812075,558.1099853515625,833.72998046875,1241.81005859375,601.0,935.0700073242188,217.6199951171875,921.0900268554688,678.1599731445312,902.2899780273438,-11612.6396484375,0,-0.26843332844316603,-0.011283758898946979,0.7458826309290538,-0.7377572218095702,-0.47040564532475015,-0.46240941998710133,0.1435630134178812
1752469327.0812075,558.1099853515625,833.72998046875,1241.81005859375,601.0,935.0700073242188,217.6199951171875,921.0900268554688,678.1599731445312,902.2899780273438,-11612.6396484375,1,-0.277854683346381,-0.026425043923209008,0.7468405842479054,-0.7025852911042693,-0.46164062938496275,-0.5173090809321615,0.16016601640206668
1752469327.0843608,558.1099853515625,833.72998046875,1241.81005859375,601.0,935.0700073242188,217.6199951171875,921.0900268554688,678.1599731445312,902.2899780273438,-11612.6396484375,0,-0.2742810098052943,-0.011574600542439747,0.7647175729057519,-0.7476087393234064,-0.47679191664001336,-0.4552691526726962,0.08050242070083857
1752469327.0843608,558.1099853515625,833.72998046875,1241.81005859375,601.0,935.0700073242188,217.6199951171875,921.0900268554688,678.1599731445312,902.2899780273438,-11612.6396484375,1,-0.2771768510293321,-0.02642192462732721,0.7466441120512167,-0.6845823243984632,-0.46610780006823355,-0.5418243922084255,0.14323717340383157
1752469327.0881944,558.1099853515625,833.72998046875,1241.81005859375,601.0,935.0700073242188,217.6199951171875,921.0900268554688,678.1599731445312,902.2899780273438,-11612.6396484375,0,-0.27904115075390273,-0.011460706582934773,0.777979880929285,-0.7561545602314492,-0.49049442124365134,-0.4277329220267517,0.06848394837110293
1752469327.0881944,558.1099853515625,833.72998046875,1241.81005859375,601.0,935.0700073242188,217.6199951171875,921.0900268554688,678.1599731445312,902.2899780273438,-11612.6396484375,1,-0.2771768510293321,-0.02642192462732721,0.7466441120512167,-0.6845823243984632,-0.46610780006823355,-0.5418243922084255,0.14323717340383157
1752469327.1054485,558.1099853515625,833.72998046875,1241.81005859375,601.0,935.0700073242188,217.6199951171875,921.0900268554688,678.1599731445312,902.2899780273438,-11612.6396484375,0,-0.27904115075390273,-0.011460706582934773,0.777979880929285,-0.7561545602314492,-0.49049442124365134,-0.4277329220267517,0.06848394837110293
1752469327.1054485,558.1099853515625,833.72998046875,1241.81005859375,601.0,935.0700073242188,217.6199951171875,921.0900268554688,678.1599731445312,902.2899780273438,-11612.6396484375,1,-0.2771768510293321,-0.02642192462732721,0.7466441120512167,-0.6845823243984632,-0.46610780006823355,-0.5418243922084255,0.14323717340383157
1752469327.1064909,558.1099853515625,833.72998046875,1241.81005859375,601.0,935.0700073242188,217.6199951171875,921.0900268554688,678.1599731445312,902.2899780273438,-11612.6396484375,0,-0.27449456699538133,-0.010963608219618143,0.7653116068367329,-0.7481294826504539,-0.47742325946829445,-0.45348780942584027,0.08196410927953016
1752469327.1064909,558.1099853515625,833.72998046875,1241.81005859375,601.0,935.0700073242188,217.6199951171875,921.0900268554688,678.1599731445312,902.2899780273438,-11612.6396484375,1,-0.2811682294349885,-0.026493035957966357,0.7573912254821509,-0.6916257743312636,-0.48080337471968515,-0.5211186953378742,0.13753984334800565
1752469327.1072068,558.1099853515625,833.72998046875,1241.81005859375,601.0,935.0700073242188,217.6199951171875,921.0900268554688,678.1599731445312,902.2899780273438,-11612.6396484375,1,-0.2811682294349885,-0.026493035957966357,0.7573912254821509,-0.6916257743312636,-0.48080337471968515,-0.5211186953378742,0.13753984334800565
1752469327.1079667,558.1099853515625,833.72998046875,1241.81005859375,601.0,935.0700073242188,217.6199951171875,921.0900268554688,678.1599731445312,902.2899780273438,-11612.6396484375,0,-0.2646281109836026,-0.010286611155787783,0.7394725284941068,-0.7293823296542533,-0.48944441638774583,-0.4578094285232124,0.13731754298065055
1752469327.1079667,558.1099853515625,833.72998046875,1241.81005859375,601.0,935.0700073242188,217.6199951171875,921.0900268554688,678.1599731445312,902.2899780273438,-11612.6396484375,1,-0.2846510849785763,-0.02662681812234447,0.7701233651586596,-0.686067592608705,-0.4855470962998295,-0.5175005801087876,0.16046315849430512
1752469327.1087427,558.1099853515625,833.72998046875,1241.81005859375,601.0,935.0700073242188,217.6199951171875,921.0900268554688,678.1599731445312,902.2899780273438,-11612.6396484375,0,-0.2752300635678812,-0.011649843684035694,0.7699565297884698,-0.7350701708035224,-0.5025894806134698,-0.44203709816157544,0.10806878282120513
1752469327.1087427,558.1099853515625,833.72998046875,1241.81005859375,601.0,935.0700073242188,217.6199951171875,921.0900268554688,678.1599731445312,902.2899780273438,-11612.6396484375,1,-0.2790059522113588,-0.027231899222129118,0.7580035881813921,0.8335077482759853,0.4208994164053076,-0.2352530207295017,0.2697490149587442
1752469327.1266437,558.1099853515625,833.72998046875,1241.81005859375,601.0,935.0700073242188,217.6199951171875,921.0900268554688,678.1599731445312,902.2899780273438,-11618.169921875,0,-0.2699392562784995,-0.011865234470455191,0.7567141283468155,0.850888309802671,0.415805789148469,-0.15451145621243303,0.28146196874690904
1752469327.1266437,558.1099853515625,833.72998046875,1241.81005859375,601.0,935.0700073242188,217.6199951171875,921.0900268554688,678.1599731445312,902.2899780273438,-11618.169921875,1,-0.2725118827091039,-0.026470769582765143,0.7397309559717629,-0.6942461078601668,-0.4807765129077924,-0.5127888315948574,0.1546735289208015
1752469327.1266437,558.1099853515625,833.72998046875,1241.81005859375,601.0,935.0700073242188,217.6199951171875,921.0900268554688,678.1599731445312,902.2899780273438,-11618.169921875,37,-0.02403397717134588,0.08452955252755207,0.7186237624102693,-0.29550693493098074,0.7158035327563452,-0.1363874859442257,0.617818264199956
1752469327.1290011,558.1099853515625,833.72998046875,1241.81005859375,601.0,935.0700073242188,217.6199951171875,921.0900268554688,678.1599731445312,902.2899780273438,-11618.169921875,0,-0.25912145278993365,-0.010446769906836517,0.7298631210447759,-0.7084395038310969,-0.4989543677014668,-0.470264360681975,0.16736020863858886
1752469327.1290011,558.1099853515625,833.72998046875,1241.81005859375,601.0,935.0700073242188,217.6199951171875,921.0900268554688,678.1599731445312,902.2899780273438,-11618.169921875,1,-0.2817789165311985,-0.0272124293863482,0.7691030385665962,-0.6987562958202168,-0.49455750178187874,-0.5006631123350397,0.12840936270330144
1752469327.848382,558.1099853515625,833.72998046875,1241.8900146484375,601.1699829101562,935.0700073242188,217.6199951171875,921.0900268554688,678.25,902.2899780273438,-11618.259765625,0,-0.2726144794885811,-0.011126967214692982,0.7694466502426573,0.8420310019234168,0.4432051592518435,-0.1629069102425811,0.26079554675571154
1752469327.848382,558.1099853515625,833.72998046875,1241.8900146484375,601.1699829101562,935.0700073242188,217.6199951171875,921.0900268554688,678.25,902.2899780273438,-11618.259765625,1,-0.2709024696340575,-0.02602220413195892,0.7409103190056064,0.8163859207990287,0.43002383507791303,-0.22184638269316412,0.31524230691955696
1752469327.8505468,558.1099853515625,833.72998046875,1241.8900146484375,601.1699829101562,935.0700073242188,217.6199951171875,921.0900268554688,678.25,902.2899780273438,-11618.259765625,0,-0.2682930494655162,-0.011134083387520774,0.7565410169230218,-0.7297514165245262,-0.5074343581313688,-0.42857588522845463,0.16216026908247197
1752469327.8505468,558.1099853515625,833.72998046875,1241.8900146484375,601.1699829101562,935.0700073242188,217.6199951171875,921.0900268554688,678.25,902.2899780273438,-11618.259765625,1,-0.2637836129330856,-0.02592434129832646,0.7214233273740297,0.8241112849546157,0.41957382392501774,-0.24395997163633212,0.2920306979181994
1752469327.8597004,558.1099853515625,833.72998046875,1241.8900146484375,601.1699829101562,935.0700073242188,217.6199951171875,921.0900268554688,678.25,902.2899780273438,-11618.259765625,0,-0.2762366898492725,-0.011590897991925033,0.7796844590581086,0.835353869515618,0.4383623691176052,-0.16046374804697217,0.29029938268897887
1752469327.8597004,558.1099853515625,833.72998046875,1241.8900146484375,601.1699829101562,935.0700073242188,217.6199951171875,921.0900268554688,678.25,902.2899780273438,-11618.259765625,1,-0.2637836129330856,-0.02592434129832646,0.7214233273740297,0.8241112849546157,0.41957382392501774,-0.24395997163633212,0.2920306979181994
1752469327.8660967,558.1099853515625,833.72998046875,1241.8900146484375,601.1699829101562,935.0700073242188,217.6199951171875,921.0900268554688,678.25,902.2899780273438,-11618.259765625,0,-0.2689115527791349,-0.011189330480077728,0.7600284283513027,-0.713460060175592,-0.5127105293528774,-0.4568476908845177,0.1392581881198266
1752469327.8660967,558.1099853515625,833.72998046875,1241.8900146484375,601.1699829101562,935.0700073242188,217.6199951171875,921.0900268554688,678.25,902.2899780273438,-11618.259765625,1,-0.2637836129330856,-0.02592434129832646,0.7214233273740297,0.8241112849546157,0.41957382392501774,-0.24395997163633212,0.2920306979181994
1752469327.8670802,558.1099853515625,833.72998046875,1241.8900146484375,601.1699829101562,935.0700073242188,217.6199951171875,921.0900268554688,678.25,902.2899780273438,-11618.259765625,0,-0.2682930494655162,-0.011134083387520774,0.7565410169230218,-0.7297514165245262,-0.5074343581313688,-0.42857588522845463,0.16216026908247197
1752469327.8670802,558.1099853515625,833.72998046875,1241.8900146484375,601.1699829101562,935.0700073242188,217.6199951171875,921.0900268554688,678.25,902.2899780273438,-11618.259765625,1,-0.267187524262683,-0.026450353771576927,0.7308981950240575,-0.6739857183275769,-0.4903132914415409,-0.5218065574730485,0.18180771244462887
1752469327.867702,558.1099853515625,833.72998046875,1241.8900146484375,601.1699829101562,935.0700073242188,217.6199951171875,921.0900268554688,678.25,902.2899780273438,-11618.259765625,1,-0.267187524262683,-0.026450353771576927,0.7308981950240575,-0.6739857183275769,-0.4903132914415409,-0.5218065574730485,0.18180771244462887
1752469327.874997,558.1099853515625,833.72998046875,1241.8900146484375,601.1699829101562,935.0700073242188,217.6199951171875,921.0900268554688,678.25,902.2899780273438,-11618.259765625,1,-0.267187524262683,-0.026450353771576927,0.7308981950240575,-0.6739857183275769,-0.4903132914415409,-0.5218065574730485,0.18180771244462887
1752469327.880402,558.1099853515625,833.72998046875,1241.8900146484375,601.1699829101562,935.0700073242188,217.6199951171875,921.0900268554688,678.25,902.2899780273438,-11618.259765625,0,-0.258087220177704,-0.011019522038168228,0.7286159173630488,-0.7081327576276905,-0.4982659592435026,-0.47294029835455714,0.16311500736001394
1752469327.880402,558.1099853515625,833.72998046875,1241.8900146484375,601.1699829101562,935.0700073242188,217.6199951171875,921.0900268554688,678.25,902.2899780273438,-11618.259765625,1,-0.267187524262683,-0.026450353771576927,0.7308981950240575,-0.6739857183275769,-0.4903132914415409,-0.5218065574730485,0.18180771244462887
1752469327.9131267,558.1099853515625,833.72998046875,1241.8900146484375,601.1699829101562,935.0700073242188,217.6199951171875,921.0900268554688,678.25,902.2899780273438,-11618.169921875,0,-0.26507356688558364,-0.011334641804083606,0.7491885832130654,-0.7068506216383467,-0.4985284114568571,-0.48016282338488897,0.14586049738992934
1752469327.9131267,558.1099853515625,833.72998046875,1241.8900146484375,601.1699829101562,935.0700073242188,217.6199951171875,921.0900268554688,678.25,902.2899780273438,-11618.169921875,1,-0.267187524262683,-0.026450353771576927,0.7308981950240575,-0.6739857183275769,-0.4903132914415409,-0.5218065574730485,0.18180771244462887
1752469328.190431,558.1099853515625,833.72998046875,1241.8900146484375,601.1699829101562,935.0700073242188,217.6199951171875,921.0900268554688,678.1599731445312,902.2899780273438,-11618.169921875,0,-0.26507356688558364,-0.011334641804083606,0.7491885832130654,-0.7068506216383467,-0.4985284114568571,-0.48016282338488897,0.14586049738992934
1752469328.190431,558.1099853515625,833.72998046875,1241.8900146484375,601.1699829101562,935.0700073242188,217.6199951171875,921.0900268554688,678.1599731445312,902.2899780273438,-11618.169921875,1,-0.267187524262683,-0.026450353771576927,0.7308981950240575,-0.6739857183275769,-0.4903132914415409,-0.5218065574730485,0.18180771244462887
1752469328.2759051,558.1099853515625,833.72998046875,1241.8900146484375,601.1699829101562,935.0700073242188,217.6199951171875,921.0900268554688,678.25,904.0399780273438,-11618.169921875,0,-0.2762366898492725,-0.011590897991925033,0.7796844590581086,0.835353869515618,0.4383623691176052,-0.16046374804697217,0.29029938268897887
1752469328.2759051,558.1099853515625,833.72998046875,1241.8900146484375,601.1699829101562,935.0700073242188,217.6199951171875,921.0900268554688,678.25,904.0399780273438,-11618.169921875,1,-0.267187524262683,-0.026450353771576927,0.7308981950240575,-0.6739857183275769,-0.4903132914415409,-0.5218065574730485,0.18180771244462887
1752469328.4205732,558.1099853515625,833.72998046875,1241.8900146484375,601.1699829101562,935.0700073242188,217.6199951171875,921.0900268554688,678.25,904.0399780273438,-11618.169921875,0,-0.2686205919428169,-0.011887223310952752,0.7581642844523925,0.8436957950715054,0.4280071569033756,-0.18970713975075115,0.26267561772219855
1752469328.4205732,558.1099853515625,833.72998046875,1241.8900146484375,601.1699829101562,935.0700073242188,217.6199951171875,921.0900268554688,678.25,904.0399780273438,-11618.169921875,1,-0.267187524262683,-0.026450353771576927,0.7308981950240575,-0.6739857183275769,-0.4903132914415409,-0.5218065574730485,0.18180771244462887
1752469328.590233,558.1099853515625,833.72998046875,1241.8900146484375,601.1699829101562,935.0700073242188,217.6199951171875,921.0900268554688,678.25,904.0399780273438,-11618.259765625,0,-0.26507356688558364,-0.011334641804083606,0.7491885832130654,-0.7068506216383467,-0.4985284114568571,-0.48016282338488897,0.14586049738992934
1752469328.590233,558.1099853515625,833.72998046875,1241.8900146484375,601.1699829101562,935.0700073242188,217.6199951171875,921.0900268554688,678.25,904.0399780273438,-11618.259765625,1,-0.267187524262683,-0.026450353771576927,0.7308981950240575,-0.6739857183275769,-0.4903132914415409,-0.5218065574730485,0.18180771244462887
1752469328.7904475,558.02001953125,833.72998046875,1241.81005859375,601.1699829101562,935.0700073242188,217.6199951171875,921.0900268554688,678.25,904.0399780273438,-11618.169921875,0,-0.26507356688558364,-0.011334641804083606,0.7491885832130654,-0.7068506216383467,-0.4985284114568571,-0.48016282338488897,0.14586049738992934
1752469328.7904475,558.02001953125,833.72998046875,1241.81005859375,601.1699829101562,935.0700073242188,217.6199951171875,921.0900268554688,678.25,904.0399780273438,-11618.169921875,1,-0.267187524262683,-0.026450353771576927,0.7308981950240575,-0.6739857183275769,-0.4903132914415409,-0.5218065574730485,0.18180771244462887
1752469328.8642893,558.1099853515625,833.72998046875,1241.81005859375,601.1699829101562,935.0700073242188,217.6199951171875,921.0900268554688,678.1599731445312,904.0399780273438,-11618.169921875,0,-0.26507356688558364,-0.011334641804083606,0.7491885832130654,-0.7068506216383467,-0.4985284114568571,-0.48016282338488897,0.14586049738992934
1752469328.8642893,558.1099853515625,833.72998046875,1241.81005859375,601.1699829101562,935.0700073242188,217.6199951171875,921.0900268554688,678.1599731445312,904.0399780273438,-11618.169921875,1,-0.267187524262683,-0.026450353771576927,0.7308981950240575,-0.6739857183275769,-0.4903132914415409,-0.5218065574730485,0.18180771244462887
1752469329.2169535,558.1099853515625,833.72998046875,1241.8900146484375,601.1699829101562,935.0700073242188,217.6199951171875,921.0900268554688,678.25,904.0399780273438,-11618.169921875,0,-0.2686205919428169,-0.011887223310952752,0.7581642844523925,0.8436957950715054,0.4280071569033756,-0.18970713975075115,0.26267561772219855
1752469329.2169535,558.1099853515625,833.72998046875,1241.8900146484375,601.1699829101562,935.0700073242188,217.6199951171875,921.0900268554688,678.25,904.0399780273438,-11618.169921875,1,-0.267187524262683,-0.026450353771576927,0.7308981950240575,-0.6739857183275769,-0.4903132914415409,-0.5218065574730485,0.18180771244462887
1752469329.2596245,558.02001953125,833.72998046875,1241.8900146484375,601.1699829101562,935.0700073242188,217.6199951171875,921.0900268554688,678.25,904.0399780273438,-11618.169921875,0,-0.26507356688558364,-0.011334641804083606,0.7491885832130654,-0.7068506216383467,-0.4985284114568571,-0.48016282338488897,0.14586049738992934
1752469329.2596245,558.02001953125,833.72998046875,1241.8900146484375,601.1699829101562,935.0700073242188,217.6199951171875,921.0900268554688,678.25,904.0399780273438,-11618.169921875,1,-0.267187524262683,-0.026450353771576927,0.7308981950240575,-0.6739857183275769,-0.4903132914415409,-0.5218065574730485,0.18180771244462887
1752469329.2992418,558.02001953125,833.72998046875,1241.8900146484375,601.1699829101562,935.0700073242188,217.6199951171875,921.0900268554688,678.25,904.0399780273438,-11618.169921875,0,-0.26507356688558364,-0.011334641804083606,0.7491885832130654,-0.7068506216383467,-0.4985284114568571,-0.48016282338488897,0.14586049738992934
1752469329.2992418,558.02001953125,833.72998046875,1241.8900146484375,601.1699829101562,935.0700073242188,217.6199951171875,921.0900268554688,678.25,904.0399780273438,-11618.169921875,1,-0.267187524262683,-0.026450353771576927,0.7308981950240575,-0.6739857183275769,-0.4903132914415409,-0.5218065574730485,0.18180771244462887
1752469329.3235097,558.02001953125,833.72998046875,1241.8900146484375,601.1699829101562,935.0700073242188,217.6199951171875,921.0900268554688,678.25,904.0399780273438,-11618.169921875,0,-0.26507356688558364,-0.011334641804083606,0.7491885832130654,-0.7068506216383467,-0.4985284114568571,-0.48016282338488897,0.14586049738992934
1752469329.3235097,558.02001953125,833.72998046875,1241.8900146484375,601.1699829101562,935.0700073242188,217.6199951171875,921.0900268554688,678.25,904.0399780273438,-11618.169921875,1,-0.267187524262683,-0.026450353771576927,0.7308981950240575,-0.6739857183275769,-0.4903132914415409,-0.5218065574730485,0.18180771244462887
1752469329.4089699,558.02001953125,833.72998046875,1241.8900146484375,601.1699829101562,935.0700073242188,217.6199951171875,921.0900268554688,678.25,904.0399780273438,-11618.169921875,0,-0.2619650184747738,-0.011472366336836936,0.7387197000131785,-0.7296466684330735,-0.4890000502427082,-0.4573096318188657,0.13914952659940685
1752469329.4089699,558.02001953125,833.72998046875,1241.8900146484375,601.1699829101562,935.0700073242188,217.6199951171875,921.0900268554688,678.25,904.0399780273438,-11618.169921875,1,-0.267187524262683,-0.026450353771576927,0.7308981950240575,-0.6739857183275769,-0.4903132914415409,-0.5218065574730485,0.18180771244462887
1752469329.7198207,558.1099853515625,833.72998046875,1241.8900146484375,601.1699829101562,935.0700073242188,217.6199951171875,921.0900268554688,678.25,904.0399780273438,-11618.259765625,0,-0.2686205919428169,-0.011887223310952752,0.7581642844523925,0.8436957950715054,0.4280071569033756,-0.18970713975075115,0.26267561772219855
1752469329.7198207,558.1099853515625,833.72998046875,1241.8900146484375,601.1699829101562,935.0700073242188,217.6199951171875,921.0900268554688,678.25,904.0399780273438,-11618.259765625,1,-0.267187524262683,-0.026450353771576927,0.7308981950240575,-0.6739857183275769,-0.4903132914415409,-0.5218065574730485,0.18180771244462887
1752469329.824257,558.1099853515625,833.72998046875,1241.8900146484375,601.1699829101562,935.0700073242188,217.6199951171875,921.0900268554688,678.25,904.0399780273438,-11618.169921875,0,-0.26507356688558364,-0.011334641804083606,0.7491885832130654,-0.7068506216383467,-0.4985284114568571,-0.48016282338488897,0.14586049738992934
1752469329.824257,558.1099853515625,833.72998046875,1241.8900146484375,601.1699829101562,935.0700073242188,217.6199951171875,921.0900268554688,678.25,904.0399780273438,-11618.169921875,1,-0.267187524262683,-0.026450353771576927,0.7308981950240575,-0.6739857183275769,-0.4903132914415409,-0.5218065574730485,0.18180771244462887
1752469329.8838642,558.1099853515625,833.72998046875,1241.8900146484375,601.1699829101562,935.0700073242188,217.6199951171875,921.0900268554688,678.25,904.0399780273438,-11618.169921875,0,-0.2647441913556679,-0.011290708844249172,0.7465435386233601,-0.7233937012593631,-0.4933591548358962,-0.4532957682625193,0.16679701374179912
1752469329.8838642,558.1099853515625,833.72998046875,1241.8900146484375,601.1699829101562,935.0700073242188,217.6199951171875,921.0900268554688,678.25,904.0399780273438,-11618.169921875,1,-0.267187524262683,-0.026450353771576927,0.7308981950240575,-0.6739857183275769,-0.4903132914415409,-0.5218065574730485,0.18180771244462887
1752469329.95687,558.1099853515625,833.72998046875,1241.8900146484375,601.1699829101562,935.0700073242188,217.6199951171875,921.0900268554688,678.25,904.0399780273438,-11618.259765625,0,-0.26507356688558364,-0.011334641804083606,0.7491885832130654,-0.7068506216383467,-0.4985284114568571,-0.48016282338488897,0.14586049738992934
1752469329.95687,558.1099853515625,833.72998046875,1241.8900146484375,601.1699829101562,935.0700073242188,217.6199951171875,921.0900268554688,678.25,904.0399780273438,-11618.259765625,1,-0.267187524262683,-0.026450353771576927,0.7308981950240575,-0.6739857183275769,-0.4903132914415409,-0.5218065574730485,0.18180771244462887
1752469330.018006,558.1099853515625,833.72998046875,1241.8900146484375,601.1699829101562,935.0700073242188,217.6199951171875,921.0900268554688,678.25,904.0399780273438,-11618.169921875,0,-0.2619650184747738,-0.011472366336836936,0.7387197000131785,-0.7296466684330735,-0.4890000502427082,-0.4573096318188657,0.13914952659940685
1752469330.018006,558.1099853515625,833.72998046875,1241.8900146484375,601.1699829101562,935.0700073242188,217.6199951171875,921.0900268554688,678.25,904.0399780273438,-11618.169921875,1,-0.267187524262683,-0.026450353771576927,0.7308981950240575,-0.6739857183275769,-0.4903132914415409,-0.5218065574730485,0.18180771244462887
1752469330.0714307,558.1099853515625,833.72998046875,1241.8900146484375,601.1699829101562,935.0700073242188,217.6199951171875,921.0900268554688,678.25,904.0399780273438,-11618.169921875,0,-0.26507356688558364,-0.011334641804083606,0.7491885832130654,-0.7068506216383467,-0.4985284114568571,-0.48016282338488897,0.14586049738992934
1752469330.0714307,558.1099853515625,833.72998046875,1241.8900146484375,601.1699829101562,935.0700073242188,217.6199951171875,921.0900268554688,678.25,904.0399780273438,-11618.169921875,1,-0.267187524262683,-0.026450353771576927,0.7308981950240575,-0.6739857183275769,-0.4903132914415409,-0.5218065574730485,0.18180771244462887
1752469330.123434,558.1099853515625,833.72998046875,1241.8900146484375,601.1699829101562,935.0700073242188,217.6199951171875,921.0900268554688,678.25,904.0399780273438,-11618.259765625,0,-0.26507356688558364,-0.011334641804083606,0.7491885832130654,-0.7068506216383467,-0.4985284114568571,-0.48016282338488897,0.14586049738992934
1752469330.123434,558.1099853515625,833.72998046875,1241.8900146484375,601.1699829101562,935.0700073242188,217.6199951171875,921.0900268554688,678.25,904.0399780273438,-11618.259765625,1,-0.267187524262683,-0.026450353771576927,0.7308981950240575,-0.6739857183275769,-0.4903132914415409,-0.5218065574730485,0.18180771244462887
1752469330.1865082,558.1099853515625,833.72998046875,1241.8900146484375,601.1699829101562,935.0700073242188,217.6199951171875,921.0900268554688,678.25,904.0399780273438,-11618.259765625,0,-0.258087220177704,-0.011019522038168228,0.7286159173630488,-0.7081327576276905,-0.4982659592435026,-0.47294029835455714,0.16311500736001394
1752469330.1865082,558.1099853515625,833.72998046875,1241.8900146484375,601.1699829101562,935.0700073242188,217.6199951171875,921.0900268554688,678.25,904.0399780273438,-11618.259765625,1,-0.267187524262683,-0.026450353771576927,0.7308981950240575,-0.6739857183275769,-0.4903132914415409,-0.5218065574730485,0.18180771244462887
1752469330.8485801,558.1099853515625,833.72998046875,1241.8900146484375,601.1699829101562,935.0700073242188,217.6199951171875,921.0900268554688,678.25,904.0399780273438,-11618.169921875,0,-0.2762366898492725,-0.011590897991925033,0.7796844590581086,0.835353869515618,0.4383623691176052,-0.16046374804697217,0.29029938268897887
1752469330.8485801,558.1099853515625,833.72998046875,1241.8900146484375,601.1699829101562,935.0700073242188,217.6199951171875,921.0900268554688,678.25,904.0399780273438,-11618.169921875,1,-0.267187524262683,-0.026450353771576927,0.7308981950240575,-0.6739857183275769,-0.4903132914415409,-0.5218065574730485,0.18180771244462887
1752469330.851009,558.1099853515625,833.72998046875,1241.8900146484375,601.1699829101562,935.0700073242188,217.6199951171875,921.0900268554688,678.25,904.0399780273438,-11618.169921875,0,-0.26507356688558364,-0.011334641804083606,0.7491885832130654,-0.7068506216383467,-0.4985284114568571,-0.48016282338488897,0.14586049738992934
1752469330.851009,558.1099853515625,833.72998046875,1241.8900146484375,601.1699829101562,935.0700073242188,217.6199951171875,921.0900268554688,678.25,904.0399780273438,-11618.169921875,1,-0.267187524262683,-0.026450353771576927,0.7308981950240575,-0.6739857183275769,-0.4903132914415409,-0.5218065574730485,0.18180771244462887
1752469330.8577898,558.1099853515625,833.72998046875,1241.8900146484375,601.1699829101562,935.0700073242188,217.6199951171875,921.0900268554688,678.25,904.0399780273438,-11618.169921875,0,-0.26507356688558364,-0.011334641804083606,0.7491885832130654,-0.7068506216383467,-0.4985284114568571,-0.48016282338488897,0.14586049738992934
1752469330.8577898,558.1099853515625,833.72998046875,1241.8900146484375,601.1699829101562,935.0700073242188,217.6199951171875,921.0900268554688,678.25,904.0399780273438,-11618.169921875,1,-0.267187524262683,-0.026450353771576927,0.7308981950240575,-0.6739857183275769,-0.4903132914415409,-0.5218065574730485,0.18180771244462887
1752469330.859582,558.1099853515625,833.72998046875,1241.8900146484375,601.1699829101562,935.0700073242188,217.6199951171875,921.0900268554688,678.25,904.0399780273438,-11618.169921875,0,-0.2619650184747738,-0.011472366336836936,0.7387197000131785,-0.7296466684330735,-0.4890000502427082,-0.4573096318188657,0.13914952659940685
1752469330.859582,558.1099853515625,833.72998046875,1241.8900146484375,601.1699829101562,935.0700073242188,217.6199951171875,921.0900268554688,678.25,904.0399780273438,-11618.169921875,1,-0.26990787818177603,-0.026450239443732666,0.7391640042266585,-0.6948736193654843,-0.4806496893064248,-0.5117067243362527,0.15582925767843345
1752469330.8645937,558.1099853515625,833.72998046875,1241.8900146484375,601.1699829101562,935.0700073242188,217.6199951171875,921.0900268554688,678.25,904.0399780273438,-11618.169921875,0,-0.26507356688558364,-0.011334641804083606,0.7491885832130654,-0.7068506216383467,-0.4985284114568571,-0.48016282338488897,0.14586049738992934
1752469330.8645937,558.1099853515625,833.72998046875,1241.8900146484375,601.1699829101562,935.0700073242188,217.6199951171875,921.0900268554688,678.25,904.0399780273438,-11618.169921875,1,-0.267187524262683,-0.026450353771576927,0.7308981950240575,-0.6739857183275769,-0.4903132914415409,-0.5218065574730485,0.18180771244462887
1752469330.866381,558.1099853515625,833.72998046875,1241.8900146484375,601.1699829101562,935.0700073242188,217.6199951171875,921.0900268554688,678.25,904.0399780273438,-11618.169921875,0,-0.2686205919428169,-0.011887223310952752,0.7581642844523925,0.8436957950715054,0.4280071569033756,-0.18970713975075115,0.26267561772219855
1752469330.866381,558.1099853515625,833.72998046875,1241.8900146484375,601.1699829101562,935.0700073242188,217.6199951171875,921.0900268554688,678.25,904.0399780273438,-11618.169921875,1,-0.267187524262683,-0.026450353771576927,0.7308981950240575,-0.6739857183275769,-0.4903132914415409,-0.5218065574730485,0.18180771244462887
1752469330.87195,558.1099853515625,833.72998046875,1241.8900146484375,601.1699829101562,935.0700073242188,217.6199951171875,921.0900268554688,678.25,904.0399780273438,-11618.169921875,0,-0.26150926037448075,-0.010864605188317345,0.7382676923835942,-0.7143581981976576,-0.512157338621541,-0.449464790281847,0.15927531968510314
1752469330.87195,558.1099853515625,833.72998046875,1241.8900146484375,601.1699829101562,935.0700073242188,217.6199951171875,921.0900268554688,678.25,904.0399780273438,-11618.169921875,1,-0.267187524262683,-0.026450353771576927,0.7308981950240575,-0.6739857183275769,-0.4903132914415409,-0.5218065574730485,0.18180771244462887
1752469332.4301527,558.1099853515625,833.72998046875,1241.8900146484375,601.1699829101562,935.0700073242188,217.6199951171875,921.0900268554688,678.25,904.0399780273438,-11618.169921875,0,-0.26507356688558364,-0.011334641804083606,0.7491885832130654,-0.7068506216383467,-0.4985284114568571,-0.48016282338488897,0.14586049738992934
1752469332.4301527,558.1099853515625,833.72998046875,1241.8900146484375,601.1699829101562,935.0700073242188,217.6199951171875,921.0900268554688,678.25,904.0399780273438,-11618.169921875,1,-0.267187524262683,-0.026450353771576927,0.7308981950240575,-0.6739857183275769,-0.4903132914415409,-0.5218065574730485,0.18180771244462887
1752469332.4317822,558.1099853515625,833.72998046875,1241.8900146484375,601.1699829101562,935.0700073242188,217.6199951171875,921.0900268554688,678.25,904.0399780273438,-11618.169921875,0,-0.2619650184747738,-0.011472366336836936,0.7387197000131785,-0.7296466684330735,-0.4890000502427082,-0.4573096318188657,0.13914952659940685
1752469332.4317822,558.1099853515625,833.72998046875,1241.8900146484375,601.1699829101562,935.0700073242188,217.6199951171875,921.0900268554688,678.25,904.0399780273438,-11618.169921875,1,-0.267187524262683,-0.026450353771576927,0.7308981950240575,-0.6739857183275769,-0.4903132914415409,-0.5218065574730485,0.18180771244462887
1752469332.4326987,558.1099853515625,833.72998046875,1241.8900146484375,601.1699829101562,935.0700073242188,217.6199951171875,921.0900268554688,678.25,904.0399780273438,-11618.169921875,0,-0.2762366898492725,-0.011590897991925033,0.7796844590581086,0.835353869515618,0.4383623691176052,-0.16046374804697217,0.29029938268897887
1752469332.4326987,558.1099853515625,833.72998046875,1241.8900146484375,601.1699829101562,935.0700073242188,217.6199951171875,921.0900268554688,678.25,904.0399780273438,-11618.169921875,1,-0.267187524262683,-0.026450353771576927,0.7308981950240575,-0.6739857183275769,-0.4903132914415409,-0.5218065574730485,0.18180771244462887
1752469332.4336255,558.1099853515625,833.72998046875,1241.8900146484375,601.1699829101562,935.0700073242188,217.6199951171875,921.0900268554688,678.25,904.0399780273438,-11618.169921875,0,-0.26507356688558364,-0.011334641804083606,0.7491885832130654,-0.7068506216383467,-0.4985284114568571,-0.48016282338488897,0.14586049738992934
1752469332.4336255,558.1099853515625,833.72998046875,1241.8900146484375,601.1699829101562,935.0700073242188,217.6199951171875,921.0900268554688,678.25,904.0399780273438,-11618.169921875,1,-0.267187524262683,-0.026450353771576927,0.7308981950240575,-0.6739857183275769,-0.4903132914415409,-0.5218065574730485,0.18180771244462887
1752469332.443194,558.1099853515625,833.72998046875,1241.8900146484375,601.1699829101562,935.0700073242188,217.6199951171875,921.0900268554688,678.25,904.0399780273438,-11618.169921875,0,-0.2686205919428169,-0.011887223310952752,0.7581642844523925,0.8436957950715054,0.4280071569033756,-0.18970713975075115,0.26267561772219855
1752469332.443194,558.1099853515625,833.72998046875,1241.8900146484375,601.1699829101562,935.0700073242188,217.6199951171875,921.0900268554688,678.25,904.0399780273438,-11618.169921875,1,-0.267187524262683,-0.026450353771576927,0.7308981950240575,-0.6739857183275769,-0.4903132914415409,-0.5218065574730485,0.18180771244462887
1752469332.4443195,558.1099853515625,833.72998046875,1241.8900146484375,601.1699829101562,935.0700073242188,217.6199951171875,921.0900268554688,678.25,904.0399780273438,-11618.169921875,0,-0.26507356688558364,-0.011334641804083606,0.7491885832130654,-0.7068506216383467,-0.4985284114568571,-0.48016282338488897,0.14586049738992934
1752469332.4443195,558.1099853515625,833.72998046875,1241.8900146484375,601.1699829101562,935.0700073242188,217.6199951171875,921.0900268554688,678.25,904.0399780273438,-11618.169921875,1,-0.267187524262683,-0.026450353771576927,0.7308981950240575,-0.6739857183275769,-0.4903132914415409,-0.5218065574730485,0.18180771244462887
1752469332.4450676,558.1099853515625,833.72998046875,1241.8900146484375,601.1699829101562,935.0700073242188,217.6199951171875,921.0900268554688,678.25,904.0399780273438,-11618.169921875,0,-0.26507356688558364,-0.011334641804083606,0.7491885832130654,-0.7068506216383467,-0.4985284114568571,-0.48016282338488897,0.14586049738992934
1752469332.4450676,558.1099853515625,833.72998046875,1241.8900146484375,601.1699829101562,935.0700073242188,217.6199951171875,921.0900268554688,678.25,904.0399780273438,-11618.169921875,1,-0.267187524262683,-0.026450353771576927,0.7308981950240575,-0.6739857183275769,-0.4903132914415409,-0.5218065574730485,0.18180771244462887
1752469332.4457173,558.1099853515625,833.72998046875,1241.8900146484375,601.1699829101562,935.0700073242188,217.6199951171875,921.0900268554688,678.25,904.0399780273438,-11618.169921875,0,-0.26507356688558364,-0.011334641804083606,0.7491885832130654,-0.7068506216383467,-0.4985284114568571,-0.48016282338488897,0.14586049738992934
1752469332.4457173,558.1099853515625,833.72998046875,1241.8900146484375,601.1699829101562,935.0700073242188,217.6199951171875,921.0900268554688,678.25,904.0399780273438,-11618.169921875,1,-0.26990787818177603,-0.026450239443732666,0.7391640042266585,-0.6948736193654843,-0.4806496893064248,-0.5117067243362527,0.15582925767843345
1752469332.4527948,558.1099853515625,833.72998046875,1241.8900146484375,601.1699829101562,935.0700073242188,217.6199951171875,921.0900268554688,678.25,904.0399780273438,-11618.169921875,0,-0.26507356688558364,-0.011334641804083606,0.7491885832130654,-0.7068506216383467,-0.4985284114568571,-0.48016282338488897,0.14586049738992934
1752469332.4527948,558.1099853515625,833.72998046875,1241.8900146484375,601.1699829101562,935.0700073242188,217.6199951171875,921.0900268554688,678.25,904.0399780273438,-11618.169921875,1,-0.267187524262683,-0.026450353771576927,0.7308981950240575,-0.6739857183275769,-0.4903132914415409,-0.5218065574730485,0.18180771244462887
1752469332.4553773,558.1099853515625,833.72998046875,1241.8900146484375,601.1699829101562,935.0700073242188,217.6199951171875,921.0900268554688,678.25,904.0399780273438,-11618.169921875,0,-0.26507356688558364,-0.011334641804083606,0.7491885832130654,-0.7068506216383467,-0.4985284114568571,-0.48016282338488897,0.14586049738992934
1752469332.4553773,558.1099853515625,833.72998046875,1241.8900146484375,601.1699829101562,935.0700073242188,217.6199951171875,921.0900268554688,678.25,904.0399780273438,-11618.169921875,1,-0.267187524262683,-0.026450353771576927,0.7308981950240575,-0.6739857183275769,-0.4903132914415409,-0.5218065574730485,0.18180771244462887
1752469332.6486511,558.1099853515625,833.72998046875,1241.8900146484375,601.1699829101562,935.0700073242188,217.6199951171875,921.0900268554688,678.25,904.0399780273438,-11618.169921875,0,-0.26507356688558364,-0.011334641804083606,0.7491885832130654,-0.7068506216383467,-0.4985284114568571,-0.48016282338488897,0.14586049738992934
1752469332.6486511,558.1099853515625,833.72998046875,1241.8900146484375,601.1699829101562,935.0700073242188,217.6199951171875,921.0900268554688,678.25,904.0399780273438,-11618.169921875,1,-0.267187524262683,-0.026450353771576927,0.7308981950240575,-0.6739857183275769,-0.4903132914415409,-0.5218065574730485,0.18180771244462887
1752469332.7079618,558.1099853515625,833.72998046875,1241.8900146484375,601.1699829101562,935.0700073242188,217.6199951171875,921.0900268554688,678.25,904.0399780273438,-11618.169921875,1,-0.267187524262683,-0.026450353771576927,0.7308981950240575,-0.6739857183275769,-0.4903132914415409,-0.5218065574730485,0.18180771244462887
1752469332.8006852,558.1099853515625,833.72998046875,1241.8900146484375,601.1699829101562,935.0700073242188,217.6199951171875,921.0900268554688,678.25,904.0399780273438,-11618.259765625,0,-0.26507356688558364,-0.011334641804083606,0.7491885832130654,-0.7068506216383467,-0.4985284114568571,-0.48016282338488897,0.14586049738992934
1752469332.8006852,558.1099853515625,833.72998046875,1241.8900146484375,601.1699829101562,935.0700073242188,217.6199951171875,921.0900268554688,678.25,904.0399780273438,-11618.259765625,1,-0.267187524262683,-0.026450353771576927,0.7308981950240575,-0.6739857183275769,-0.4903132914415409,-0.5218065574730485,0.18180771244462887
1752469332.9003217,558.1099853515625,833.72998046875,1241.8900146484375,601.1699829101562,935.0700073242188,217.6199951171875,921.0900268554688,678.25,904.0399780273438,-11618.169921875,0,-0.26507356688558364,-0.011334641804083606,0.7491885832130654,-0.7068506216383467,-0.4985284114568571,-0.48016282338488897,0.14586049738992934
1752469332.9003217,558.1099853515625,833.72998046875,1241.8900146484375,601.1699829101562,935.0700073242188,217.6199951171875,921.0900268554688,678.25,904.0399780273438,-11618.169921875,1,-0.267187524262683,-0.026450353771576927,0.7308981950240575,-0.6739857183275769,-0.4903132914415409,-0.5218065574730485,0.18180771244462887
1752469332.9701674,558.1099853515625,833.72998046875,1241.8900146484375,601.1699829101562,935.0700073242188,217.6199951171875,921.0900268554688,678.25,904.0399780273438,-11618.169921875,0,-0.26507356688558364,-0.011334641804083606,0.7491885832130654,-0.7068506216383467,-0.4985284114568571,-0.48016282338488897,0.14586049738992934
1752469332.9701674,558.1099853515625,833.72998046875,1241.8900146484375,601.1699829101562,935.0700073242188,217.6199951171875,921.0900268554688,678.25,904.0399780273438,-11618.169921875,1,-0.267187524262683,-0.026450353771576927,0.7308981950240575,-0.6739857183275769,-0.4903132914415409,-0.5218065574730485,0.18180771244462887
1752469333.0605428,558.1099853515625,833.72998046875,1241.8900146484375,601.1699829101562,935.0700073242188,217.6199951171875,921.0900268554688,678.25,904.0399780273438,-11618.169921875,0,-0.26507356688558364,-0.011334641804083606,0.7491885832130654,-0.7068506216383467,-0.4985284114568571,-0.48016282338488897,0.14586049738992934
1752469333.0605428,558.1099853515625,833.72998046875,1241.8900146484375,601.1699829101562,935.0700073242188,217.6199951171875,921.0900268554688,678.25,904.0399780273438,-11618.169921875,1,-0.267187524262683,-0.026450353771576927,0.7308981950240575,-0.6739857183275769,-0.4903132914415409,-0.5218065574730485,0.18180771244462887
1752469333.1716154,558.1099853515625,833.72998046875,1241.8900146484375,601.1699829101562,935.0700073242188,217.6199951171875,921.0900268554688,678.25,904.0399780273438,-11618.169921875,0,-0.2647441913556679,-0.011290708844249172,0.7465435386233601,-0.7233937012593631,-0.4933591548358962,-0.4532957682625193,0.16679701374179912
1752469333.1716154,558.1099853515625,833.72998046875,1241.8900146484375,601.1699829101562,935.0700073242188,217.6199951171875,921.0900268554688,678.25,904.0399780273438,-11618.169921875,1,-0.26990787818177603,-0.026450239443732666,0.7391640042266585,-0.6948736193654843,-0.4806496893064248,-0.5117067243362527,0.15582925767843345
1752469333.7467527,558.1099853515625,833.72998046875,1241.8900146484375,601.1699829101562,935.0700073242188,217.6199951171875,921.0900268554688,678.25,904.0399780273438,-11618.259765625,0,-0.27280292649822985,-0.011626046614686032,0.768391364698567,-0.735470698178397,-0.5024225450257722,-0.44154700423428456,0.10812345454403452
1752469333.7467527,558.1099853515625,833.72998046875,1241.8900146484375,601.1699829101562,935.0700073242188,217.6199951171875,921.0900268554688,678.25,904.0399780273438,-11618.259765625,1,-0.2705657706908163,-0.026558434742796407,0.739151341531738,0.8331608826150823,0.41493639191792075,-0.22568180033753235,0.28764293723052736
1752469333.7523587,558.1099853515625,833.72998046875,1241.8900146484375,601.1699829101562,935.0700073242188,217.6199951171875,921.0900268554688,678.25,904.0399780273438,-11618.259765625,0,-0.2619650184747738,-0.011472366336836936,0.7387197000131785,-0.7296466684330735,-0.4890000502427082,-0.4573096318188657,0.13914952659940685
1752469333.7523587,558.1099853515625,833.72998046875,1241.8900146484375,601.1699829101562,935.0700073242188,217.6199951171875,921.0900268554688,678.25,904.0399780273438,-11618.259765625,1,-0.2705657706908163,-0.026558434742796407,0.739151341531738,0.8331608826150823,0.41493639191792075,-0.22568180033753235,0.28764293723052736
1752469333.755575,558.1099853515625,833.72998046875,1241.8900146484375,601.1699829101562,935.0700073242188,217.6199951171875,921.0900268554688,678.25,904.0399780273438,-11618.259765625,0,-0.26507356688558364,-0.011334641804083606,0.7491885832130654,-0.7068506216383467,-0.4985284114568571,-0.48016282338488897,0.14586049738992934
1752469333.755575,558.1099853515625,833.72998046875,1241.8900146484375,601.1699829101562,935.0700073242188,217.6199951171875,921.0900268554688,678.25,904.0399780273438,-11618.259765625,1,-0.267187524262683,-0.026450353771576927,0.7308981950240575,-0.6739857183275769,-0.4903132914415409,-0.5218065574730485,0.18180771244462887
1752469333.8253415,558.1099853515625,833.72998046875,1241.8900146484375,601.1699829101562,935.0700073242188,217.6199951171875,921.0900268554688,678.25,904.0399780273438,-11618.169921875,0,-0.26507356688558364,-0.011334641804083606,0.7491885832130654,-0.7068506216383467,-0.4985284114568571,-0.48016282338488897,0.14586049738992934
1752469333.8253415,558.1099853515625,833.72998046875,1241.8900146484375,601.1699829101562,935.0700073242188,217.6199951171875,921.0900268554688,678.25,904.0399780273438,-11618.169921875,1,-0.2637836129330856,-0.02592434129832646,0.7214233273740297,0.8241112849546157,0.41957382392501774,-0.24395997163633212,0.2920306979181994
1752469333.8525677,558.1099853515625,833.72998046875,1241.8900146484375,601.1699829101562,935.0700073242188,217.6199951171875,921.0900268554688,678.1599731445312,904.0399780273438,-11618.169921875,0,-0.2722962381102228,-0.011738865054457186,0.7685537781948403,0.8372388167841638,0.42303361238921827,-0.1862426322401953,0.2922112393372736
1752469333.8525677,558.1099853515625,833.72998046875,1241.8900146484375,601.1699829101562,935.0700073242188,217.6199951171875,921.0900268554688,678.1599731445312,904.0399780273438,-11618.169921875,1,-0.2705657706908163,-0.026558434742796407,0.739151341531738,0.8331608826150823,0.41493639191792075,-0.22568180033753235,0.28764293723052736
1752469334.049253,558.1099853515625,833.72998046875,1241.8900146484375,601.1699829101562,935.0700073242188,217.6199951171875,921.0900268554688,678.25,904.0399780273438,-11618.169921875,0,-0.2686205919428169,-0.011887223310952752,0.7581642844523925,0.8436957950715054,0.4280071569033756,-0.18970713975075115,0.26267561772219855
1752469334.049253,558.1099853515625,833.72998046875,1241.8900146484375,601.1699829101562,935.0700073242188,217.6199951171875,921.0900268554688,678.25,904.0399780273438,-11618.169921875,1,-0.267187524262683,-0.026450353771576927,0.7308981950240575,-0.6739857183275769,-0.4903132914415409,-0.5218065574730485,0.18180771244462887
1752469334.0927274,558.1099853515625,833.72998046875,1241.8900146484375,601.1699829101562,935.0700073242188,217.6199951171875,921.0900268554688,678.25,904.0399780273438,-11618.169921875,0,-0.26507356688558364,-0.011334641804083606,0.7491885832130654,-0.7068506216383467,-0.4985284114568571,-0.48016282338488897,0.14586049738992934
1752469334.0927274,558.1099853515625,833.72998046875,1241.8900146484375,601.1699829101562,935.0700073242188,217.6199951171875,921.0900268554688,678.25,904.0399780273438,-11618.169921875,1,-0.267187524262683,-0.026450353771576927,0.7308981950240575,-0.6739857183275769,-0.4903132914415409,-0.5218065574730485,0.18180771244462887
1752469334.1434565,558.1099853515625,833.72998046875,1241.8900146484375,601.1699829101562,935.0700073242188,217.6199951171875,921.0900268554688,678.25,904.0399780273438,-11618.169921875,0,-0.2647441913556679,-0.011290708844249172,0.7465435386233601,-0.7233937012593631,-0.4933591548358962,-0.4532957682625193,0.16679701374179912
1752469334.1434565,558.1099853515625,833.72998046875,1241.8900146484375,601.1699829101562,935.0700073242188,217.6199951171875,921.0900268554688,678.25,904.0399780273438,-11618.169921875,1,-0.267187524262683,-0.026450353771576927,0.7308981950240575,-0.6739857183275769,-0.4903132914415409,-0.5218065574730485,0.18180771244462887
1752469334.2392762,558.1099853515625,833.72998046875,1241.8900146484375,601.1699829101562,935.0700073242188,217.6199951171875,921.0900268554688,678.1599731445312,904.0399780273438,-11618.259765625,0,-0.2686205919428169,-0.011887223310952752,0.7581642844523925,0.8436957950715054,0.4280071569033756,-0.18970713975075115,0.26267561772219855
1752469334.2392762,558.1099853515625,833.72998046875,1241.8900146484375,601.1699829101562,935.0700073242188,217.6199951171875,921.0900268554688,678.1599731445312,904.0399780273438,-11618.259765625,1,-0.2705657706908163,-0.026558434742796407,0.739151341531738,0.8331608826150823,0.41493639191792075,-0.22568180033753235,0.28764293723052736
1752469334.4693327,558.1099853515625,833.72998046875,1241.8900146484375,601.1699829101562,935.0700073242188,217.6199951171875,921.0900268554688,678.25,904.0399780273438,-11618.169921875,0,-0.26507356688558364,-0.011334641804083606,0.7491885832130654,-0.7068506216383467,-0.4985284114568571,-0.48016282338488897,0.14586049738992934
1752469334.4693327,558.1099853515625,833.72998046875,1241.8900146484375,601.1699829101562,935.0700073242188,217.6199951171875,921.0900268554688,678.25,904.0399780273438,-11618.169921875,1,-0.267187524262683,-0.026450353771576927,0.7308981950240575,-0.6739857183275769,-0.4903132914415409,-0.5218065574730485,0.18180771244462887
1752469334.5679955,558.1099853515625,833.72998046875,1241.8900146484375,601.1699829101562,935.0700073242188,217.6199951171875,921.0900268554688,678.25,904.0399780273438,-11618.169921875,0,-0.26507356688558364,-0.011334641804083606,0.7491885832130654,-0.7068506216383467,-0.4985284114568571,-0.48016282338488897,0.14586049738992934
1752469334.5679955,558.1099853515625,833.72998046875,1241.8900146484375,601.1699829101562,935.0700073242188,217.6199951171875,921.0900268554688,678.25,904.0399780273438,-11618.169921875,1,-0.2705657706908163,-0.026558434742796407,0.739151341531738,0.8331608826150823,0.41493639191792075,-0.22568180033753235,0.28764293723052736
1752469334.6388068,558.1099853515625,833.72998046875,1241.8900146484375,601.1699829101562,935.0700073242188,217.6199951171875,921.0900268554688,678.1599731445312,904.0399780273438,-11618.169921875,0,-0.26507356688558364,-0.011334641804083606,0.7491885832130654,-0.7068506216383467,-0.4985284114568571,-0.48016282338488897,0.14586049738992934
1752469334.6388068,558.1099853515625,833.72998046875,1241.8900146484375,601.1699829101562,935.0700073242188,217.6199951171875,921.0900268554688,678.1599731445312,904.0399780273438,-11618.169921875,1,-0.267187524262683,-0.026450353771576927,0.7308981950240575,-0.6739857183275769,-0.4903132914415409,-0.5218065574730485,0.18180771244462887
1752469334.9344132,558.1099853515625,833.72998046875,1241.81005859375,601.1699829101562,935.0700073242188,217.6199951171875,921.0900268554688,678.25,904.0399780273438,-11618.169921875,0,-0.2647441913556679,-0.011290708844249172,0.7465435386233601,-0.7233937012593631,-0.4933591548358962,-0.4532957682625193,0.16679701374179912
1752469334.9344132,558.1099853515625,833.72998046875,1241.81005859375,601.1699829101562,935.0700073242188,217.6199951171875,921.0900268554688,678.25,904.0399780273438,-11618.169921875,1,-0.267187524262683,-0.026450353771576927,0.7308981950240575,-0.6739857183275769,-0.4903132914415409,-0.5218065574730485,0.18180771244462887
1752469335.0458937,558.1099853515625,833.72998046875,1241.81005859375,601.1699829101562,935.0700073242188,217.6199951171875,921.0900268554688,678.25,904.0399780273438,-11618.169921875,1,-0.267187524262683,-0.026450353771576927,0.7308981950240575,-0.6739857183275769,-0.4903132914415409,-0.5218065574730485,0.18180771244462887
1752469335.0508294,558.1099853515625,833.72998046875,1241.81005859375,601.1699829101562,935.0700073242188,217.6199951171875,921.0900268554688,678.25,904.0399780273438,-11618.169921875,0,-0.2686205919428169,-0.011887223310952752,0.7581642844523925,0.8436957950715054,0.4280071569033756,-0.18970713975075115,0.26267561772219855
1752469335.0508294,558.1099853515625,833.72998046875,1241.81005859375,601.1699829101562,935.0700073242188,217.6199951171875,921.0900268554688,678.25,904.0399780273438,-11618.169921875,1,-0.267187524262683,-0.026450353771576927,0.7308981950240575,-0.6739857183275769,-0.4903132914415409,-0.5218065574730485,0.18180771244462887
1752469335.0856187,558.1099853515625,833.72998046875,1241.81005859375,601.1699829101562,935.0700073242188,217.6199951171875,921.0900268554688,678.25,904.0399780273438,-11618.169921875,0,-0.26507356688558364,-0.011334641804083606,0.7491885832130654,-0.7068506216383467,-0.4985284114568571,-0.48016282338488897,0.14586049738992934
1752469335.0856187,558.1099853515625,833.72998046875,1241.81005859375,601.1699829101562,935.0700073242188,217.6199951171875,921.0900268554688,678.25,904.0399780273438,-11618.169921875,1,-0.267187524262683,-0.026450353771576927,0.7308981950240575,-0.6739857183275769,-0.4903132914415409,-0.5218065574730485,0.18180771244462887
1752469335.1206467,558.1099853515625,833.72998046875,1241.81005859375,601.1699829101562,935.0700073242188,217.6199951171875,921.0900268554688,678.25,904.0399780273438,-11618.169921875,0,-0.2686205919428169,-0.011887223310952752,0.7581642844523925,0.8436957950715054,0.4280071569033756,-0.18970713975075115,0.26267561772219855
1752469335.1206467,558.1099853515625,833.72998046875,1241.81005859375,601.1699829101562,935.0700073242188,217.6199951171875,921.0900268554688,678.25,904.0399780273438,-11618.169921875,1,-0.2637836129330856,-0.02592434129832646,0.7214233273740297,0.8241112849546157,0.41957382392501774,-0.24395997163633212,0.2920306979181994
1752469335.284076,558.1099853515625,833.72998046875,1241.8900146484375,601.1699829101562,935.0700073242188,217.6199951171875,921.0900268554688,678.25,904.0399780273438,-11618.169921875,0,-0.2647441913556679,-0.011290708844249172,0.7465435386233601,-0.7233937012593631,-0.4933591548358962,-0.4532957682625193,0.16679701374179912
1752469335.284076,558.1099853515625,833.72998046875,1241.8900146484375,601.1699829101562,935.0700073242188,217.6199951171875,921.0900268554688,678.25,904.0399780273438,-11618.169921875,1,-0.267187524262683,-0.026450353771576927,0.7308981950240575,-0.6739857183275769,-0.4903132914415409,-0.5218065574730485,0.18180771244462887
1752469335.3674932,558.1099853515625,833.72998046875,1241.8900146484375,601.1699829101562,935.0700073242188,217.6199951171875,921.0900268554688,678.25,904.0399780273438,-11618.169921875,0,-0.26507356688558364,-0.011334641804083606,0.7491885832130654,-0.7068506216383467,-0.4985284114568571,-0.48016282338488897,0.14586049738992934
1752469335.3674932,558.1099853515625,833.72998046875,1241.8900146484375,601.1699829101562,935.0700073242188,217.6199951171875,921.0900268554688,678.25,904.0399780273438,-11618.169921875,1,-0.267187524262683,-0.026450353771576927,0.7308981950240575,-0.6739857183275769,-0.4903132914415409,-0.5218065574730485,0.18180771244462887
1752469335.3921757,558.1099853515625,833.72998046875,1241.8900146484375,601.1699829101562,935.0700073242188,217.6199951171875,921.0900268554688,678.25,904.0399780273438,-11618.169921875,0,-0.2619650184747738,-0.011472366336836936,0.7387197000131785,-0.7296466684330735,-0.4890000502427082,-0.4573096318188657,0.13914952659940685
1752469335.3921757,558.1099853515625,833.72998046875,1241.8900146484375,601.1699829101562,935.0700073242188,217.6199951171875,921.0900268554688,678.25,904.0399780273438,-11618.169921875,1,-0.267187524262683,-0.026450353771576927,0.7308981950240575,-0.6739857183275769,-0.4903132914415409,-0.5218065574730485,0.18180771244462887
1752469335.5071025,558.1099853515625,833.72998046875,1241.8900146484375,601.1699829101562,935.0700073242188,217.6199951171875,921.0900268554688,678.25,904.0399780273438,-11618.169921875,0,-0.2647441913556679,-0.011290708844249172,0.7465435386233601,-0.7233937012593631,-0.4933591548358962,-0.4532957682625193,0.16679701374179912
1752469335.5071025,558.1099853515625,833.72998046875,1241.8900146484375,601.1699829101562,935.0700073242188,217.6199951171875,921.0900268554688,678.25,904.0399780273438,-11618.169921875,1,-0.267187524262683,-0.026450353771576927,0.7308981950240575,-0.6739857183275769,-0.4903132914415409,-0.5218065574730485,0.18180771244462887
1752469335.8068833,558.1099853515625,833.72998046875,1241.81005859375,601.1699829101562,935.0700073242188,217.6199951171875,921.0900268554688,678.25,904.0399780273438,-11618.169921875,0,-0.2686205919428169,-0.011887223310952752,0.7581642844523925,0.8436957950715054,0.4280071569033756,-0.18970713975075115,0.26267561772219855
1752469335.8068833,558.1099853515625,833.72998046875,1241.81005859375,601.1699829101562,935.0700073242188,217.6199951171875,921.0900268554688,678.25,904.0399780273438,-11618.169921875,1,-0.267187524262683,-0.026450353771576927,0.7308981950240575,-0.6739857183275769,-0.4903132914415409,-0.5218065574730485,0.18180771244462887
1752469335.8525667,558.1099853515625,833.72998046875,1241.8900146484375,601.1699829101562,935.0700073242188,217.6199951171875,921.0900268554688,678.25,904.0399780273438,-11618.259765625,0,-0.2722962381102228,-0.011738865054457186,0.7685537781948403,0.8372388167841638,0.42303361238921827,-0.1862426322401953,0.2922112393372736
1752469335.8525667,558.1099853515625,833.72998046875,1241.8900146484375,601.1699829101562,935.0700073242188,217.6199951171875,921.0900268554688,678.25,904.0399780273438,-11618.259765625,1,-0.267187524262683,-0.026450353771576927,0.7308981950240575,-0.6739857183275769,-0.4903132914415409,-0.5218065574730485,0.18180771244462887
1752469335.9454043,558.1099853515625,833.72998046875,1241.8900146484375,601.1699829101562,935.0700073242188,217.6199951171875,921.0900268554688,678.25,904.0399780273438,-11618.259765625,0,-0.2722962381102228,-0.011738865054457186,0.7685537781948403,0.8372388167841638,0.42303361238921827,-0.1862426322401953,0.2922112393372736
1752469335.9454043,558.1099853515625,833.72998046875,1241.8900146484375,601.1699829101562,935.0700073242188,217.6199951171875,921.0900268554688,678.25,904.0399780273438,-11618.259765625,1,-0.267187524262683,-0.026450353771576927,0.7308981950240575,-0.6739857183275769,-0.4903132914415409,-0.5218065574730485,0.18180771244462887
1752469335.9929285,558.1099853515625,833.72998046875,1241.8900146484375,601.1699829101562,935.0700073242188,217.6199951171875,921.0900268554688,678.25,904.0399780273438,-11618.259765625,0,-0.26507356688558364,-0.011334641804083606,0.7491885832130654,-0.7068506216383467,-0.4985284114568571,-0.48016282338488897,0.14586049738992934
1752469335.9929285,558.1099853515625,833.72998046875,1241.8900146484375,601.1699829101562,935.0700073242188,217.6199951171875,921.0900268554688,678.25,904.0399780273438,-11618.259765625,1,-0.267187524262683,-0.026450353771576927,0.7308981950240575,-0.6739857183275769,-0.4903132914415409,-0.5218065574730485,0.18180771244462887
1752469336.0317369,558.1099853515625,833.72998046875,1241.8900146484375,601.1699829101562,935.0700073242188,217.6199951171875,921.0900268554688,678.25,904.0399780273438,-11618.169921875,0,-0.26507356688558364,-0.011334641804083606,0.7491885832130654,-0.7068506216383467,-0.4985284114568571,-0.48016282338488897,0.14586049738992934
1752469336.0317369,558.1099853515625,833.72998046875,1241.8900146484375,601.1699829101562,935.0700073242188,217.6199951171875,921.0900268554688,678.25,904.0399780273438,-11618.169921875,1,-0.2705657706908163,-0.026558434742796407,0.739151341531738,0.8331608826150823,0.41493639191792075,-0.22568180033753235,0.28764293723052736
1752469336.0806324,558.1099853515625,833.72998046875,1241.8900146484375,601.1699829101562,935.0700073242188,217.6199951171875,921.0900268554688,678.25,904.0399780273438,-11618.169921875,0,-0.26507356688558364,-0.011334641804083606,0.7491885832130654,-0.7068506216383467,-0.4985284114568571,-0.48016282338488897,0.14586049738992934
1752469336.0806324,558.1099853515625,833.72998046875,1241.8900146484375,601.1699829101562,935.0700073242188,217.6199951171875,921.0900268554688,678.25,904.0399780273438,-11618.169921875,1,-0.267187524262683,-0.026450353771576927,0.7308981950240575,-0.6739857183275769,-0.4903132914415409,-0.5218065574730485,0.18180771244462887
1752469336.2139702,558.1099853515625,833.72998046875,1241.8900146484375,601.1699829101562,935.0700073242188,217.6199951171875,921.0900268554688,678.25,904.0399780273438,-11618.169921875,0,-0.26507356688558364,-0.011334641804083606,0.7491885832130654,-0.7068506216383467,-0.4985284114568571,-0.48016282338488897,0.14586049738992934
1752469336.2139702,558.1099853515625,833.72998046875,1241.8900146484375,601.1699829101562,935.0700073242188,217.6199951171875,921.0900268554688,678.25,904.0399780273438,-11618.169921875,1,-0.267187524262683,-0.026450353771576927,0.7308981950240575,-0.6739857183275769,-0.4903132914415409,-0.5218065574730485,0.18180771244462887
1752469336.2946439,558.1099853515625,833.72998046875,1241.8900146484375,601.1699829101562,935.0700073242188,217.6199951171875,921.0900268554688,678.25,904.0399780273438,-11618.169921875,0,-0.26507356688558364,-0.011334641804083606,0.7491885832130654,-0.7068506216383467,-0.4985284114568571,-0.48016282338488897,0.14586049738992934
1752469336.2946439,558.1099853515625,833.72998046875,1241.8900146484375,601.1699829101562,935.0700073242188,217.6199951171875,921.0900268554688,678.25,904.0399780273438,-11618.169921875,1,-0.267187524262683,-0.026450353771576927,0.7308981950240575,-0.6739857183275769,-0.4903132914415409,-0.5218065574730485,0.18180771244462887
1752469336.6291242,558.1099853515625,833.72998046875,1241.81005859375,601.1699829101562,935.0700073242188,217.6199951171875,921.0900268554688,678.25,904.0399780273438,-11618.169921875,0,-0.26507356688558364,-0.011334641804083606,0.7491885832130654,-0.7068506216383467,-0.4985284114568571,-0.48016282338488897,0.14586049738992934
1752469336.6291242,558.1099853515625,833.72998046875,1241.81005859375,601.1699829101562,935.0700073242188,217.6199951171875,921.0900268554688,678.25,904.0399780273438,-11618.169921875,1,-0.267187524262683,-0.026450353771576927,0.7308981950240575,-0.6739857183275769,-0.4903132914415409,-0.5218065574730485,0.18180771244462887
1752469336.8221307,558.1099853515625,833.72998046875,1241.8900146484375,601.1699829101562,935.0700073242188,217.6199951171875,921.0900268554688,678.25,904.0399780273438,-11618.169921875,0,-0.2682930494655162,-0.011134083387520774,0.7565410169230218,-0.7297514165245262,-0.5074343581313688,-0.42857588522845463,0.16216026908247197
1752469336.8221307,558.1099853515625,833.72998046875,1241.8900146484375,601.1699829101562,935.0700073242188,217.6199951171875,921.0900268554688,678.25,904.0399780273438,-11618.169921875,1,-0.267187524262683,-0.026450353771576927,0.7308981950240575,-0.6739857183275769,-0.4903132914415409,-0.5218065574730485,0.18180771244462887
1752469336.8866959,558.1099853515625,833.72998046875,1241.8900146484375,601.1699829101562,935.0700073242188,217.6199951171875,921.0900268554688,678.25,904.0399780273438,-11618.169921875,0,-0.2619650184747738,-0.011472366336836936,0.7387197000131785,-0.7296466684330735,-0.4890000502427082,-0.4573096318188657,0.13914952659940685
1752469336.8866959,558.1099853515625,833.72998046875,1241.8900146484375,601.1699829101562,935.0700073242188,217.6199951171875,921.0900268554688,678.25,904.0399780273438,-11618.169921875,1,-0.2637836129330856,-0.02592434129832646,0.7214233273740297,0.8241112849546157,0.41957382392501774,-0.24395997163633212,0.2920306979181994
1752469336.9169815,558.1099853515625,833.72998046875,1241.8900146484375,601.1699829101562,935.0700073242188,217.6199951171875,921.0900268554688,678.25,904.0399780273438,-11618.259765625,0,-0.2619650184747738,-0.011472366336836936,0.7387197000131785,-0.7296466684330735,-0.4890000502427082,-0.4573096318188657,0.13914952659940685
1752469336.9169815,558.1099853515625,833.72998046875,1241.8900146484375,601.1699829101562,935.0700073242188,217.6199951171875,921.0900268554688,678.25,904.0399780273438,-11618.259765625,1,-0.267187524262683,-0.026450353771576927,0.7308981950240575,-0.6739857183275769,-0.4903132914415409,-0.5218065574730485,0.18180771244462887
1752469336.966802,558.1099853515625,833.72998046875,1241.8900146484375,601.1699829101562,935.0700073242188,217.6199951171875,921.0900268554688,678.25,904.0399780273438,-11618.259765625,0,-0.26507356688558364,-0.011334641804083606,0.7491885832130654,-0.7068506216383467,-0.4985284114568571,-0.48016282338488897,0.14586049738992934
1752469336.966802,558.1099853515625,833.72998046875,1241.8900146484375,601.1699829101562,935.0700073242188,217.6199951171875,921.0900268554688,678.25,904.0399780273438,-11618.259765625,1,-0.2705657706908163,-0.026558434742796407,0.739151341531738,0.8331608826150823,0.41493639191792075,-0.22568180033753235,0.28764293723052736
1752469337.5162885,558.1099853515625,833.72998046875,1241.81005859375,601.1699829101562,935.0700073242188,217.6199951171875,921.0900268554688,678.25,904.0399780273438,-11618.169921875,1,-0.2705657706908163,-0.026558434742796407,0.739151341531738,0.8331608826150823,0.41493639191792075,-0.22568180033753235,0.28764293723052736
1752469337.632925,558.02001953125,833.72998046875,1241.8900146484375,601.1699829101562,935.0700073242188,217.6199951171875,921.0900268554688,678.25,904.0399780273438,-11618.169921875,0,-0.2844707316738296,-0.011815836196297032,0.8021527356379745,-0.7281955839683597,-0.5075060019682502,-0.44679030070661535,0.11201462694520813
1752469337.632925,558.02001953125,833.72998046875,1241.8900146484375,601.1699829101562,935.0700073242188,217.6199951171875,921.0900268554688,678.25,904.0399780273438,-11618.169921875,1,-0.2637836129330856,-0.02592434129832646,0.7214233273740297,0.8241112849546157,0.41957382392501774,-0.24395997163633212,0.2920306979181994
1752469337.6732833,558.02001953125,833.72998046875,1241.8900146484375,601.1699829101562,935.0700073242188,217.6199951171875,921.0900268554688,678.25,904.0399780273438,-11618.169921875,0,-0.2686205919428169,-0.011887223310952752,0.7581642844523925,0.8436957950715054,0.4280071569033756,-0.18970713975075115,0.26267561772219855
1752469337.6732833,558.02001953125,833.72998046875,1241.8900146484375,601.1699829101562,935.0700073242188,217.6199951171875,921.0900268554688,678.25,904.0399780273438,-11618.169921875,1,-0.267187524262683,-0.026450353771576927,0.7308981950240575,-0.6739857183275769,-0.4903132914415409,-0.5218065574730485,0.18180771244462887
1752469337.8398643,558.1099853515625,833.72998046875,1241.8900146484375,601.1699829101562,935.0700073242188,217.6199951171875,921.0900268554688,678.25,904.0399780273438,-11618.169921875,0,-0.2686205919428169,-0.011887223310952752,0.7581642844523925,0.8436957950715054,0.4280071569033756,-0.18970713975075115,0.26267561772219855
1752469337.8398643,558.1099853515625,833.72998046875,1241.8900146484375,601.1699829101562,935.0700073242188,217.6199951171875,921.0900268554688,678.25,904.0399780273438,-11618.169921875,1,-0.2705657706908163,-0.026558434742796407,0.739151341531738,0.8331608826150823,0.41493639191792075,-0.22568180033753235,0.28764293723052736
1752469337.9012542,558.1099853515625,833.72998046875,1241.8900146484375,601.1699829101562,935.0700073242188,217.6199951171875,921.0900268554688,678.25,904.0399780273438,-11618.169921875,0,-0.26507356688558364,-0.011334641804083606,0.7491885832130654,-0.7068506216383467,-0.4985284114568571,-0.48016282338488897,0.14586049738992934
1752469337.9012542,558.1099853515625,833.72998046875,1241.8900146484375,601.1699829101562,935.0700073242188,217.6199951171875,921.0900268554688,678.25,904.0399780273438,-11618.169921875,1,-0.267187524262683,-0.026450353771576927,0.7308981950240575,-0.6739857183275769,-0.4903132914415409,-0.5218065574730485,0.18180771244462887
1752469338.0238826,558.1099853515625,833.72998046875,1241.81005859375,601.1699829101562,935.0700073242188,217.6199951171875,921.0900268554688,678.25,904.0399780273438,-11618.169921875,0,-0.26507356688558364,-0.011334641804083606,0.7491885832130654,-0.7068506216383467,-0.4985284114568571,-0.48016282338488897,0.14586049738992934
1752469338.0238826,558.1099853515625,833.72998046875,1241.81005859375,601.1699829101562,935.0700073242188,217.6199951171875,921.0900268554688,678.25,904.0399780273438,-11618.169921875,1,-0.267187524262683,-0.026450353771576927,0.7308981950240575,-0.6739857183275769,-0.4903132914415409,-0.5218065574730485,0.18180771244462887
1752469338.0912578,558.1099853515625,833.72998046875,1241.81005859375,601.1699829101562,935.0700073242188,217.6199951171875,921.0900268554688,678.25,904.0399780273438,-11618.169921875,0,-0.2647441913556679,-0.011290708844249172,0.7465435386233601,-0.7233937012593631,-0.4933591548358962,-0.4532957682625193,0.16679701374179912
1752469338.0912578,558.1099853515625,833.72998046875,1241.81005859375,601.1699829101562,935.0700073242188,217.6199951171875,921.0900268554688,678.25,904.0399780273438,-11618.169921875,1,-0.2705657706908163,-0.026558434742796407,0.739151341531738,0.8331608826150823,0.41493639191792075,-0.22568180033753235,0.28764293723052736
1752469338.1661766,558.1099853515625,833.72998046875,1241.81005859375,601.1699829101562,935.0700073242188,217.6199951171875,921.0900268554688,678.25,904.0399780273438,-11618.169921875,0,-0.26507356688558364,-0.011334641804083606,0.7491885832130654,-0.7068506216383467,-0.4985284114568571,-0.48016282338488897,0.14586049738992934
1752469338.1661766,558.1099853515625,833.72998046875,1241.81005859375,601.1699829101562,935.0700073242188,217.6199951171875,921.0900268554688,678.25,904.0399780273438,-11618.169921875,1,-0.267187524262683,-0.026450353771576927,0.7308981950240575,-0.6739857183275769,-0.4903132914415409,-0.5218065574730485,0.18180771244462887
1752469338.3339047,558.1099853515625,833.72998046875,1241.8900146484375,601.1699829101562,935.0700073242188,217.6199951171875,921.0900268554688,678.25,904.0399780273438,-11618.169921875,0,-0.26507356688558364,-0.011334641804083606,0.7491885832130654,-0.7068506216383467,-0.4985284114568571,-0.48016282338488897,0.14586049738992934
1752469338.3339047,558.1099853515625,833.72998046875,1241.8900146484375,601.1699829101562,935.0700073242188,217.6199951171875,921.0900268554688,678.25,904.0399780273438,-11618.169921875,1,-0.2637836129330856,-0.02592434129832646,0.7214233273740297,0.8241112849546157,0.41957382392501774,-0.24395997163633212,0.2920306979181994
1752469338.4102972,558.1099853515625,833.72998046875,1241.8900146484375,601.1699829101562,935.0700073242188,217.6199951171875,921.0900268554688,678.25,904.0399780273438,-11618.169921875,0,-0.2647441913556679,-0.011290708844249172,0.7465435386233601,-0.7233937012593631,-0.4933591548358962,-0.4532957682625193,0.16679701374179912
1752469338.4102972,558.1099853515625,833.72998046875,1241.8900146484375,601.1699829101562,935.0700073242188,217.6199951171875,921.0900268554688,678.25,904.0399780273438,-11618.169921875,1,-0.2705657706908163,-0.026558434742796407,0.739151341531738,0.8331608826150823,0.41493639191792075,-0.22568180033753235,0.28764293723052736
1752469338.5716174,558.1099853515625,833.72998046875,1241.8900146484375,601.1699829101562,935.0700073242188,217.6199951171875,921.0900268554688,678.25,904.0399780273438,-11618.169921875,0,-0.2647441913556679,-0.011290708844249172,0.7465435386233601,-0.7233937012593631,-0.4933591548358962,-0.4532957682625193,0.16679701374179912
1752469338.5716174,558.1099853515625,833.72998046875,1241.8900146484375,601.1699829101562,935.0700073242188,217.6199951171875,921.0900268554688,678.25,904.0399780273438,-11618.169921875,1,-0.2705657706908163,-0.026558434742796407,0.739151341531738,0.8331608826150823,0.41493639191792075,-0.22568180033753235,0.28764293723052736
1752469338.598738,558.1099853515625,833.72998046875,1241.8900146484375,601.1699829101562,935.0700073242188,217.6199951171875,921.0900268554688,678.25,904.0399780273438,-11618.169921875,0,-0.2686205919428169,-0.011887223310952752,0.7581642844523925,0.8436957950715054,0.4280071569033756,-0.18970713975075115,0.26267561772219855
1752469338.598738,558.1099853515625,833.72998046875,1241.8900146484375,601.1699829101562,935.0700073242188,217.6199951171875,921.0900268554688,678.25,904.0399780273438,-11618.169921875,1,-0.2705657706908163,-0.026558434742796407,0.739151341531738,0.8331608826150823,0.41493639191792075,-0.22568180033753235,0.28764293723052736
1752469338.6340995,558.1099853515625,833.72998046875,1241.81005859375,601.1699829101562,935.0700073242188,217.6199951171875,921.0900268554688,678.25,904.0399780273438,-11618.169921875,0,-0.2647441913556679,-0.011290708844249172,0.7465435386233601,-0.7233937012593631,-0.4933591548358962,-0.4532957682625193,0.16679701374179912
1752469338.6340995,558.1099853515625,833.72998046875,1241.81005859375,601.1699829101562,935.0700073242188,217.6199951171875,921.0900268554688,678.25,904.0399780273438,-11618.169921875,1,-0.267187524262683,-0.026450353771576927,0.7308981950240575,-0.6739857183275769,-0.4903132914415409,-0.5218065574730485,0.18180771244462887
1752469338.6738675,558.1099853515625,833.72998046875,1241.81005859375,601.1699829101562,935.0700073242188,217.6199951171875,921.0900268554688,678.25,904.0399780273438,-11618.169921875,0,-0.26507356688558364,-0.011334641804083606,0.7491885832130654,-0.7068506216383467,-0.4985284114568571,-0.48016282338488897,0.14586049738992934
1752469338.6738675,558.1099853515625,833.72998046875,1241.81005859375,601.1699829101562,935.0700073242188,217.6199951171875,921.0900268554688,678.25,904.0399780273438,-11618.169921875,1,-0.2705657706908163,-0.026558434742796407,0.739151341531738,0.8331608826150823,0.41493639191792075,-0.22568180033753235,0.28764293723052736
1752469338.707207,558.1099853515625,833.72998046875,1241.81005859375,601.1699829101562,935.0700073242188,217.6199951171875,921.0900268554688,678.25,904.0399780273438,-11618.169921875,0,-0.2686205919428169,-0.011887223310952752,0.7581642844523925,0.8436957950715054,0.4280071569033756,-0.18970713975075115,0.26267561772219855
1752469338.707207,558.1099853515625,833.72998046875,1241.81005859375,601.1699829101562,935.0700073242188,217.6199951171875,921.0900268554688,678.25,904.0399780273438,-11618.169921875,1,-0.267187524262683,-0.026450353771576927,0.7308981950240575,-0.6739857183275769,-0.4903132914415409,-0.5218065574730485,0.18180771244462887
1752469338.8033261,558.1099853515625,833.72998046875,1241.81005859375,601.1699829101562,935.0700073242188,217.6199951171875,921.0900268554688,678.25,904.0399780273438,-11618.169921875,0,-0.2619650184747738,-0.011472366336836936,0.7387197000131785,-0.7296466684330735,-0.4890000502427082,-0.4573096318188657,0.13914952659940685
1752469338.8033261,558.1099853515625,833.72998046875,1241.81005859375,601.1699829101562,935.0700073242188,217.6199951171875,921.0900268554688,678.25,904.0399780273438,-11618.169921875,1,-0.2705657706908163,-0.026558434742796407,0.739151341531738,0.8331608826150823,0.41493639191792075,-0.22568180033753235,0.28764293723052736
1752469338.8324633,558.1099853515625,833.72998046875,1241.8900146484375,601.1699829101562,935.0700073242188,217.6199951171875,921.0900268554688,678.25,904.0399780273438,-11618.169921875,0,-0.2619650184747738,-0.011472366336836936,0.7387197000131785,-0.7296466684330735,-0.4890000502427082,-0.4573096318188657,0.13914952659940685
1752469338.8324633,558.1099853515625,833.72998046875,1241.8900146484375,601.1699829101562,935.0700073242188,217.6199951171875,921.0900268554688,678.25,904.0399780273438,-11618.169921875,1,-0.267187524262683,-0.026450353771576927,0.7308981950240575,-0.6739857183275769,-0.4903132914415409,-0.5218065574730485,0.18180771244462887
1752469338.8700867,558.1099853515625,833.72998046875,1241.8900146484375,601.1699829101562,935.0700073242188,217.6199951171875,921.0900268554688,678.25,904.0399780273438,-11618.169921875,0,-0.26507356688558364,-0.011334641804083606,0.7491885832130654,-0.7068506216383467,-0.4985284114568571,-0.48016282338488897,0.14586049738992934
1752469338.8700867,558.1099853515625,833.72998046875,1241.8900146484375,601.1699829101562,935.0700073242188,217.6199951171875,921.0900268554688,678.25,904.0399780273438,-11618.169921875,1,-0.2705657706908163,-0.026558434742796407,0.739151341531738,0.8331608826150823,0.41493639191792075,-0.22568180033753235,0.28764293723052736
1752469339.0618362,558.1099853515625,833.72998046875,1241.8900146484375,601.1699829101562,935.0700073242188,217.6199951171875,921.0900268554688,678.25,904.0399780273438,-11618.169921875,0,-0.2686205919428169,-0.011887223310952752,0.7581642844523925,0.8436957950715054,0.4280071569033756,-0.18970713975075115,0.26267561772219855
1752469339.0618362,558.1099853515625,833.72998046875,1241.8900146484375,601.1699829101562,935.0700073242188,217.6199951171875,921.0900268554688,678.25,904.0399780273438,-11618.169921875,1,-0.2705657706908163,-0.026558434742796407,0.739151341531738,0.8331608826150823,0.41493639191792075,-0.22568180033753235,0.28764293723052736
1752469339.104635,558.1099853515625,833.72998046875,1241.8900146484375,601.1699829101562,935.0700073242188,217.6199951171875,921.0900268554688,678.25,904.0399780273438,-11618.169921875,0,-0.26507356688558364,-0.011334641804083606,0.7491885832130654,-0.7068506216383467,-0.4985284114568571,-0.48016282338488897,0.14586049738992934
1752469339.104635,558.1099853515625,833.72998046875,1241.8900146484375,601.1699829101562,935.0700073242188,217.6199951171875,921.0900268554688,678.25,904.0399780273438,-11618.169921875,1,-0.2705657706908163,-0.026558434742796407,0.739151341531738,0.8331608826150823,0.41493639191792075,-0.22568180033753235,0.28764293723052736
1752469339.1598234,558.1099853515625,833.72998046875,1241.8900146484375,601.1699829101562,935.0700073242188,217.6199951171875,921.0900268554688,678.25,904.0399780273438,-11618.169921875,0,-0.2686205919428169,-0.011887223310952752,0.7581642844523925,0.8436957950715054,0.4280071569033756,-0.18970713975075115,0.26267561772219855
1752469339.1598234,558.1099853515625,833.72998046875,1241.8900146484375,601.1699829101562,935.0700073242188,217.6199951171875,921.0900268554688,678.25,904.0399780273438,-11618.169921875,1,-0.2705657706908163,-0.026558434742796407,0.739151341531738,0.8331608826150823,0.41493639191792075,-0.22568180033753235,0.28764293723052736
1752469339.1930819,558.1099853515625,833.72998046875,1241.8900146484375,601.1699829101562,935.0700073242188,217.6199951171875,921.0900268554688,678.25,904.0399780273438,-11618.169921875,0,-0.2686205919428169,-0.011887223310952752,0.7581642844523925,0.8436957950715054,0.4280071569033756,-0.18970713975075115,0.26267561772219855
1752469339.1930819,558.1099853515625,833.72998046875,1241.8900146484375,601.1699829101562,935.0700073242188,217.6199951171875,921.0900268554688,678.25,904.0399780273438,-11618.169921875,1,-0.2705657706908163,-0.026558434742796407,0.739151341531738,0.8331608826150823,0.41493639191792075,-0.22568180033753235,0.28764293723052736
1752469339.2343912,558.1099853515625,833.72998046875,1241.8900146484375,601.1699829101562,935.0700073242188,217.6199951171875,921.0900268554688,678.25,904.0399780273438,-11618.169921875,0,-0.26507356688558364,-0.011334641804083606,0.7491885832130654,-0.7068506216383467,-0.4985284114568571,-0.48016282338488897,0.14586049738992934
1752469339.2343912,558.1099853515625,833.72998046875,1241.8900146484375,601.1699829101562,935.0700073242188,217.6199951171875,921.0900268554688,678.25,904.0399780273438,-11618.169921875,1,-0.2705657706908163,-0.026558434742796407,0.739151341531738,0.8331608826150823,0.41493639191792075,-0.22568180033753235,0.28764293723052736
1752469339.305334,558.1099853515625,833.72998046875,1241.8900146484375,601.1699829101562,935.0700073242188,217.6199951171875,921.0900268554688,678.25,904.0399780273438,-11618.169921875,0,-0.2686205919428169,-0.011887223310952752,0.7581642844523925,0.8436957950715054,0.4280071569033756,-0.18970713975075115,0.26267561772219855
1752469339.305334,558.1099853515625,833.72998046875,1241.8900146484375,601.1699829101562,935.0700073242188,217.6199951171875,921.0900268554688,678.25,904.0399780273438,-11618.169921875,1,-0.2637836129330856,-0.02592434129832646,0.7214233273740297,0.8241112849546157,0.41957382392501774,-0.24395997163633212,0.2920306979181994
1752469339.458971,558.1099853515625,833.72998046875,1241.81005859375,601.1699829101562,935.0700073242188,217.6199951171875,921.0900268554688,678.25,904.0399780273438,-11618.169921875,0,-0.26507356688558364,-0.011334641804083606,0.7491885832130654,-0.7068506216383467,-0.4985284114568571,-0.48016282338488897,0.14586049738992934
1752469339.458971,558.1099853515625,833.72998046875,1241.81005859375,601.1699829101562,935.0700073242188,217.6199951171875,921.0900268554688,678.25,904.0399780273438,-11618.169921875,1,-0.2705657706908163,-0.026558434742796407,0.739151341531738,0.8331608826150823,0.41493639191792075,-0.22568180033753235,0.28764293723052736
1752469339.5208023,558.1099853515625,833.72998046875,1241.81005859375,601.1699829101562,935.0700073242188,217.6199951171875,921.0900268554688,678.25,904.0399780273438,-11618.169921875,0,-0.2722962381102228,-0.011738865054457186,0.7685537781948403,0.8372388167841638,0.42303361238921827,-0.1862426322401953,0.2922112393372736
1752469339.5208023,558.1099853515625,833.72998046875,1241.81005859375,601.1699829101562,935.0700073242188,217.6199951171875,921.0900268554688,678.25,904.0399780273438,-11618.169921875,1,-0.2705657706908163,-0.026558434742796407,0.739151341531738,0.8331608826150823,0.41493639191792075,-0.22568180033753235,0.28764293723052736
1752469339.5723145,558.1099853515625,833.72998046875,1241.81005859375,601.1699829101562,935.0700073242188,217.6199951171875,921.0900268554688,678.25,904.0399780273438,-11618.169921875,0,-0.26507356688558364,-0.011334641804083606,0.7491885832130654,-0.7068506216383467,-0.4985284114568571,-0.48016282338488897,0.14586049738992934
1752469339.5723145,558.1099853515625,833.72998046875,1241.81005859375,601.1699829101562,935.0700073242188,217.6199951171875,921.0900268554688,678.25,904.0399780273438,-11618.169921875,1,-0.2705657706908163,-0.026558434742796407,0.739151341531738,0.8331608826150823,0.41493639191792075,-0.22568180033753235,0.28764293723052736
1752469339.607708,558.1099853515625,833.72998046875,1241.81005859375,601.1699829101562,935.0700073242188,217.6199951171875,921.0900268554688,678.25,904.0399780273438,-11618.169921875,0,-0.2647441913556679,-0.011290708844249172,0.7465435386233601,-0.7233937012593631,-0.4933591548358962,-0.4532957682625193,0.16679701374179912
1752469339.607708,558.1099853515625,833.72998046875,1241.81005859375,601.1699829101562,935.0700073242188,217.6199951171875,921.0900268554688,678.25,904.0399780273438,-11618.169921875,1,-0.2705657706908163,-0.026558434742796407,0.739151341531738,0.8331608826150823,0.41493639191792075,-0.22568180033753235,0.28764293723052736
1752469339.700227,558.1099853515625,833.72998046875,1241.81005859375,601.1699829101562,935.0700073242188,217.6199951171875,921.0900268554688,678.1599731445312,904.0399780273438,-11618.169921875,0,-0.2682930494655162,-0.011134083387520774,0.7565410169230218,-0.7297514165245262,-0.5074343581313688,-0.42857588522845463,0.16216026908247197
1752469339.700227,558.1099853515625,833.72998046875,1241.81005859375,601.1699829101562,935.0700073242188,217.6199951171875,921.0900268554688,678.1599731445312,904.0399780273438,-11618.169921875,1,-0.267187524262683,-0.026450353771576927,0.7308981950240575,-0.6739857183275769,-0.4903132914415409,-0.5218065574730485,0.18180771244462887
1752469339.7634356,558.1099853515625,833.72998046875,1241.81005859375,601.1699829101562,935.0700073242188,217.6199951171875,921.0900268554688,678.1599731445312,904.0399780273438,-11618.169921875,0,-0.26507356688558364,-0.011334641804083606,0.7491885832130654,-0.7068506216383467,-0.4985284114568571,-0.48016282338488897,0.14586049738992934
1752469339.7634356,558.1099853515625,833.72998046875,1241.81005859375,601.1699829101562,935.0700073242188,217.6199951171875,921.0900268554688,678.1599731445312,904.0399780273438,-11618.169921875,1,-0.2705657706908163,-0.026558434742796407,0.739151341531738,0.8331608826150823,0.41493639191792075,-0.22568180033753235,0.28764293723052736
1752469339.8960161,558.02001953125,833.8200073242188,1241.81005859375,601.1699829101562,935.0700073242188,217.6199951171875,921.0900268554688,678.1599731445312,904.0399780273438,-11618.169921875,0,-0.2765151590994046,-0.011467680024989872,0.7788347256956678,-0.7294172012690524,-0.507583212444253,-0.43831536859853526,0.13486833055956882
1752469339.8960161,558.02001953125,833.8200073242188,1241.81005859375,601.1699829101562,935.0700073242188,217.6199951171875,921.0900268554688,678.1599731445312,904.0399780273438,-11618.169921875,1,-0.2705657706908163,-0.026558434742796407,0.739151341531738,0.8331608826150823,0.41493639191792075,-0.22568180033753235,0.28764293723052736
1752469339.9955459,558.02001953125,833.8200073242188,1241.81005859375,601.1699829101562,935.0700073242188,217.6199951171875,921.0900268554688,678.1599731445312,904.0399780273438,-11618.169921875,0,-0.2619650184747738,-0.011472366336836936,0.7387197000131785,-0.7296466684330735,-0.4890000502427082,-0.4573096318188657,0.13914952659940685
1752469339.9955459,558.02001953125,833.8200073242188,1241.81005859375,601.1699829101562,935.0700073242188,217.6199951171875,921.0900268554688,678.1599731445312,904.0399780273438,-11618.169921875,1,-0.267187524262683,-0.026450353771576927,0.7308981950240575,-0.6739857183275769,-0.4903132914415409,-0.5218065574730485,0.18180771244462887
1752469340.0880494,558.1099853515625,833.72998046875,1241.8900146484375,601.1699829101562,935.0700073242188,217.6199951171875,921.0900268554688,678.25,904.0399780273438,-11618.169921875,0,-0.26507356688558364,-0.011334641804083606,0.7491885832130654,-0.7068506216383467,-0.4985284114568571,-0.48016282338488897,0.14586049738992934
1752469340.0880494,558.1099853515625,833.72998046875,1241.8900146484375,601.1699829101562,935.0700073242188,217.6199951171875,921.0900268554688,678.25,904.0399780273438,-11618.169921875,1,-0.267187524262683,-0.026450353771576927,0.7308981950240575,-0.6739857183275769,-0.4903132914415409,-0.5218065574730485,0.18180771244462887
1752469340.271729,558.1099853515625,833.72998046875,1241.81005859375,601.1699829101562,935.0700073242188,217.6199951171875,921.0900268554688,678.25,904.0399780273438,-11618.169921875,0,-0.258087220177704,-0.011019522038168228,0.7286159173630488,-0.7081327576276905,-0.4982659592435026,-0.47294029835455714,0.16311500736001394
1752469340.271729,558.1099853515625,833.72998046875,1241.81005859375,601.1699829101562,935.0700073242188,217.6199951171875,921.0900268554688,678.25,904.0399780273438,-11618.169921875,1,-0.2637836129330856,-0.02592434129832646,0.7214233273740297,0.8241112849546157,0.41957382392501774,-0.24395997163633212,0.2920306979181994
1752469340.339548,558.1099853515625,833.72998046875,1241.81005859375,601.1699829101562,935.0700073242188,217.6199951171875,921.0900268554688,678.25,904.0399780273438,-11618.169921875,0,-0.2647441913556679,-0.011290708844249172,0.7465435386233601,-0.7233937012593631,-0.4933591548358962,-0.4532957682625193,0.16679701374179912
1752469340.339548,558.1099853515625,833.72998046875,1241.81005859375,601.1699829101562,935.0700073242188,217.6199951171875,921.0900268554688,678.25,904.0399780273438,-11618.169921875,1,-0.267187524262683,-0.026450353771576927,0.7308981950240575,-0.6739857183275769,-0.4903132914415409,-0.5218065574730485,0.18180771244462887
1752469340.3732855,558.1099853515625,833.72998046875,1241.81005859375,601.1699829101562,935.0700073242188,217.6199951171875,921.0900268554688,678.25,904.0399780273438,-11618.169921875,0,-0.2686205919428169,-0.011887223310952752,0.7581642844523925,0.8436957950715054,0.4280071569033756,-0.18970713975075115,0.26267561772219855
1752469340.3732855,558.1099853515625,833.72998046875,1241.81005859375,601.1699829101562,935.0700073242188,217.6199951171875,921.0900268554688,678.25,904.0399780273438,-11618.169921875,1,-0.267187524262683,-0.026450353771576927,0.7308981950240575,-0.6739857183275769,-0.4903132914415409,-0.5218065574730485,0.18180771244462887
1752469340.387004,558.1099853515625,833.72998046875,1241.81005859375,601.1699829101562,935.0700073242188,217.6199951171875,921.0900268554688,678.25,904.0399780273438,-11618.169921875,0,-0.2686205919428169,-0.011887223310952752,0.7581642844523925,0.8436957950715054,0.4280071569033756,-0.18970713975075115,0.26267561772219855
1752469340.387004,558.1099853515625,833.72998046875,1241.81005859375,601.1699829101562,935.0700073242188,217.6199951171875,921.0900268554688,678.25,904.0399780273438,-11618.169921875,1,-0.267187524262683,-0.026450353771576927,0.7308981950240575,-0.6739857183275769,-0.4903132914415409,-0.5218065574730485,0.18180771244462887
1752469340.4412389,558.1099853515625,833.72998046875,1241.8900146484375,601.1699829101562,935.0700073242188,217.6199951171875,921.0900268554688,678.1599731445312,904.0399780273438,-11618.169921875,0,-0.26507356688558364,-0.011334641804083606,0.7491885832130654,-0.7068506216383467,-0.4985284114568571,-0.48016282338488897,0.14586049738992934
1752469340.4412389,558.1099853515625,833.72998046875,1241.8900146484375,601.1699829101562,935.0700073242188,217.6199951171875,921.0900268554688,678.1599731445312,904.0399780273438,-11618.169921875,1,-0.267187524262683,-0.026450353771576927,0.7308981950240575,-0.6739857183275769,-0.4903132914415409,-0.5218065574730485,0.18180771244462887
1752469340.492576,558.1099853515625,833.72998046875,1241.8900146484375,601.1699829101562,935.0700073242188,217.6199951171875,921.0900268554688,678.1599731445312,904.0399780273438,-11618.169921875,0,-0.26507356688558364,-0.011334641804083606,0.7491885832130654,-0.7068506216383467,-0.4985284114568571,-0.48016282338488897,0.14586049738992934
1752469340.492576,558.1099853515625,833.72998046875,1241.8900146484375,601.1699829101562,935.0700073242188,217.6199951171875,921.0900268554688,678.1599731445312,904.0399780273438,-11618.169921875,1,-0.267187524262683,-0.026450353771576927,0.7308981950240575,-0.6739857183275769,-0.4903132914415409,-0.5218065574730485,0.18180771244462887
1752469340.5501497,558.1099853515625,833.72998046875,1241.8900146484375,601.1699829101562,935.0700073242188,217.6199951171875,921.0900268554688,678.1599731445312,904.0399780273438,-11618.169921875,0,-0.2762366898492725,-0.011590897991925033,0.7796844590581086,0.835353869515618,0.4383623691176052,-0.16046374804697217,0.29029938268897887
1752469340.5501497,558.1099853515625,833.72998046875,1241.8900146484375,601.1699829101562,935.0700073242188,217.6199951171875,921.0900268554688,678.1599731445312,904.0399780273438,-11618.169921875,1,-0.267187524262683,-0.026450353771576927,0.7308981950240575,-0.6739857183275769,-0.4903132914415409,-0.5218065574730485,0.18180771244462887
1752469340.733379,558.1099853515625,833.8200073242188,1241.81005859375,601.1699829101562,935.0700073242188,217.6199951171875,921.0900268554688,678.25,904.0399780273438,-11618.169921875,0,-0.2686205919428169,-0.011887223310952752,0.7581642844523925,0.8436957950715054,0.4280071569033756,-0.18970713975075115,0.26267561772219855
1752469340.733379,558.1099853515625,833.8200073242188,1241.81005859375,601.1699829101562,935.0700073242188,217.6199951171875,921.0900268554688,678.25,904.0399780273438,-11618.169921875,1,-0.267187524262683,-0.026450353771576927,0.7308981950240575,-0.6739857183275769,-0.4903132914415409,-0.5218065574730485,0.18180771244462887
1752469340.7856538,558.1099853515625,833.8200073242188,1241.81005859375,601.1699829101562,935.0700073242188,217.6199951171875,921.0900268554688,678.25,904.0399780273438,-11618.169921875,0,-0.2686205919428169,-0.011887223310952752,0.7581642844523925,0.8436957950715054,0.4280071569033756,-0.18970713975075115,0.26267561772219855
1752469340.7856538,558.1099853515625,833.8200073242188,1241.81005859375,601.1699829101562,935.0700073242188,217.6199951171875,921.0900268554688,678.25,904.0399780273438,-11618.169921875,1,-0.2637836129330856,-0.02592434129832646,0.7214233273740297,0.8241112849546157,0.41957382392501774,-0.24395997163633212,0.2920306979181994
1752469340.8519683,558.1099853515625,833.72998046875,1241.81005859375,601.1699829101562,935.0700073242188,217.6199951171875,921.0900268554688,678.1599731445312,904.0399780273438,-11618.169921875,0,-0.26507356688558364,-0.011334641804083606,0.7491885832130654,-0.7068506216383467,-0.4985284114568571,-0.48016282338488897,0.14586049738992934
1752469340.8519683,558.1099853515625,833.72998046875,1241.81005859375,601.1699829101562,935.0700073242188,217.6199951171875,921.0900268554688,678.1599731445312,904.0399780273438,-11618.169921875,1,-0.2705657706908163,-0.026558434742796407,0.739151341531738,0.8331608826150823,0.41493639191792075,-0.22568180033753235,0.28764293723052736
1752469340.8888557,558.1099853515625,833.72998046875,1241.81005859375,601.1699829101562,935.0700073242188,217.6199951171875,921.0900268554688,678.1599731445312,904.0399780273438,-11618.169921875,0,-0.2619650184747738,-0.011472366336836936,0.7387197000131785,-0.7296466684330735,-0.4890000502427082,-0.4573096318188657,0.13914952659940685
1752469340.8888557,558.1099853515625,833.72998046875,1241.81005859375,601.1699829101562,935.0700073242188,217.6199951171875,921.0900268554688,678.1599731445312,904.0399780273438,-11618.169921875,1,-0.267187524262683,-0.026450353771576927,0.7308981950240575,-0.6739857183275769,-0.4903132914415409,-0.5218065574730485,0.18180771244462887
1752469340.9559755,558.1099853515625,833.72998046875,1241.81005859375,601.1699829101562,935.0700073242188,217.6199951171875,921.0900268554688,678.1599731445312,904.0399780273438,-11618.169921875,0,-0.2686205919428169,-0.011887223310952752,0.7581642844523925,0.8436957950715054,0.4280071569033756,-0.18970713975075115,0.26267561772219855
1752469340.9559755,558.1099853515625,833.72998046875,1241.81005859375,601.1699829101562,935.0700073242188,217.6199951171875,921.0900268554688,678.1599731445312,904.0399780273438,-11618.169921875,1,-0.2705657706908163,-0.026558434742796407,0.739151341531738,0.8331608826150823,0.41493639191792075,-0.22568180033753235,0.28764293723052736
1752469340.9941366,558.1099853515625,833.72998046875,1241.81005859375,601.1699829101562,935.0700073242188,217.6199951171875,921.0900268554688,678.1599731445312,904.0399780273438,-11618.169921875,0,-0.26507356688558364,-0.011334641804083606,0.7491885832130654,-0.7068506216383467,-0.4985284114568571,-0.48016282338488897,0.14586049738992934
1752469340.9941366,558.1099853515625,833.72998046875,1241.81005859375,601.1699829101562,935.0700073242188,217.6199951171875,921.0900268554688,678.1599731445312,904.0399780273438,-11618.169921875,1,-0.2705657706908163,-0.026558434742796407,0.739151341531738,0.8331608826150823,0.41493639191792075,-0.22568180033753235,0.28764293723052736
1752469341.1194286,558.1099853515625,833.72998046875,1241.8900146484375,601.1699829101562,935.0700073242188,217.6199951171875,921.0900268554688,678.25,904.0399780273438,-11618.169921875,0,-0.258087220177704,-0.011019522038168228,0.7286159173630488,-0.7081327576276905,-0.4982659592435026,-0.47294029835455714,0.16311500736001394
1752469341.1194286,558.1099853515625,833.72998046875,1241.8900146484375,601.1699829101562,935.0700073242188,217.6199951171875,921.0900268554688,678.25,904.0399780273438,-11618.169921875,1,-0.267187524262683,-0.026450353771576927,0.7308981950240575,-0.6739857183275769,-0.4903132914415409,-0.5218065574730485,0.18180771244462887
1752469341.1848931,558.1099853515625,833.72998046875,1241.8900146484375,601.1699829101562,935.0700073242188,217.6199951171875,921.0900268554688,678.25,904.0399780273438,-11618.169921875,1,-0.2637836129330856,-0.02592434129832646,0.7214233273740297,0.8241112849546157,0.41957382392501774,-0.24395997163633212,0.2920306979181994
1752469341.2560277,558.1099853515625,833.72998046875,1241.81005859375,601.1699829101562,935.0700073242188,217.6199951171875,921.0900268554688,678.25,904.0399780273438,-11618.169921875,0,-0.26507356688558364,-0.011334641804083606,0.7491885832130654,-0.7068506216383467,-0.4985284114568571,-0.48016282338488897,0.14586049738992934
1752469341.2560277,558.1099853515625,833.72998046875,1241.81005859375,601.1699829101562,935.0700073242188,217.6199951171875,921.0900268554688,678.25,904.0399780273438,-11618.169921875,1,-0.2705657706908163,-0.026558434742796407,0.739151341531738,0.8331608826150823,0.41493639191792075,-0.22568180033753235,0.28764293723052736
1752469341.3243876,558.1099853515625,833.72998046875,1241.81005859375,601.1699829101562,935.0700073242188,217.6199951171875,921.0900268554688,678.25,904.0399780273438,-11618.169921875,0,-0.2619650184747738,-0.011472366336836936,0.7387197000131785,-0.7296466684330735,-0.4890000502427082,-0.4573096318188657,0.13914952659940685
1752469341.3243876,558.1099853515625,833.72998046875,1241.81005859375,601.1699829101562,935.0700073242188,217.6199951171875,921.0900268554688,678.25,904.0399780273438,-11618.169921875,1,-0.267187524262683,-0.026450353771576927,0.7308981950240575,-0.6739857183275769,-0.4903132914415409,-0.5218065574730485,0.18180771244462887
1752469341.3927805,558.1099853515625,833.72998046875,1241.81005859375,601.1699829101562,935.0700073242188,217.6199951171875,921.0900268554688,678.25,904.0399780273438,-11618.169921875,0,-0.26507356688558364,-0.011334641804083606,0.7491885832130654,-0.7068506216383467,-0.4985284114568571,-0.48016282338488897,0.14586049738992934
1752469341.3927805,558.1099853515625,833.72998046875,1241.81005859375,601.1699829101562,935.0700073242188,217.6199951171875,921.0900268554688,678.25,904.0399780273438,-11618.169921875,1,-0.2705657706908163,-0.026558434742796407,0.739151341531738,0.8331608826150823,0.41493639191792075,-0.22568180033753235,0.28764293723052736
1752469341.418815,558.1099853515625,833.72998046875,1241.8900146484375,601.1699829101562,935.0700073242188,217.6199951171875,921.0900268554688,678.1599731445312,904.0399780273438,-11618.169921875,1,-0.267187524262683,-0.026450353771576927,0.7308981950240575,-0.6739857183275769,-0.4903132914415409,-0.5218065574730485,0.18180771244462887
1752469341.7404637,558.1099853515625,833.72998046875,1241.81005859375,601.1699829101562,935.0700073242188,217.6199951171875,921.0900268554688,678.25,904.0399780273438,-11618.169921875,0,-0.26507356688558364,-0.011334641804083606,0.7491885832130654,-0.7068506216383467,-0.4985284114568571,-0.48016282338488897,0.14586049738992934
1752469341.7404637,558.1099853515625,833.72998046875,1241.81005859375,601.1699829101562,935.0700073242188,217.6199951171875,921.0900268554688,678.25,904.0399780273438,-11618.169921875,1,-0.267187524262683,-0.026450353771576927,0.7308981950240575,-0.6739857183275769,-0.4903132914415409,-0.5218065574730485,0.18180771244462887
1752469341.783885,558.1099853515625,833.72998046875,1241.81005859375,601.1699829101562,935.0700073242188,217.6199951171875,921.0900268554688,678.25,904.0399780273438,-11618.169921875,1,-0.2637836129330856,-0.02592434129832646,0.7214233273740297,0.8241112849546157,0.41957382392501774,-0.24395997163633212,0.2920306979181994
1752469341.8156562,558.1099853515625,833.72998046875,1241.81005859375,601.1699829101562,935.0700073242188,217.6199951171875,921.0900268554688,678.25,904.0399780273438,-11618.169921875,0,-0.26507356688558364,-0.011334641804083606,0.7491885832130654,-0.7068506216383467,-0.4985284114568571,-0.48016282338488897,0.14586049738992934
1752469341.8156562,558.1099853515625,833.72998046875,1241.81005859375,601.1699829101562,935.0700073242188,217.6199951171875,921.0900268554688,678.25,904.0399780273438,-11618.169921875,1,-0.267187524262683,-0.026450353771576927,0.7308981950240575,-0.6739857183275769,-0.4903132914415409,-0.5218065574730485,0.18180771244462887
1752469341.9125907,558.1099853515625,833.72998046875,1241.81005859375,601.1699829101562,935.0700073242188,217.6199951171875,921.0900268554688,678.25,904.0399780273438,-11618.169921875,1,-0.2705657706908163,-0.026558434742796407,0.739151341531738,0.8331608826150823,0.41493639191792075,-0.22568180033753235,0.28764293723052736
1752469341.9492915,558.1099853515625,833.72998046875,1241.81005859375,601.1699829101562,935.0700073242188,217.6199951171875,921.0900268554688,678.25,904.0399780273438,-11618.169921875,0,-0.26507356688558364,-0.011334641804083606,0.7491885832130654,-0.7068506216383467,-0.4985284114568571,-0.48016282338488897,0.14586049738992934
1752469341.9492915,558.1099853515625,833.72998046875,1241.81005859375,601.1699829101562,935.0700073242188,217.6199951171875,921.0900268554688,678.25,904.0399780273438,-11618.169921875,1,-0.2705657706908163,-0.026558434742796407,0.739151341531738,0.8331608826150823,0.41493639191792075,-0.22568180033753235,0.28764293723052736
1752469341.9828198,558.1099853515625,833.72998046875,1241.81005859375,601.1699829101562,935.0700073242188,217.6199951171875,921.0900268554688,678.25,904.0399780273438,-11618.169921875,0,-0.26507356688558364,-0.011334641804083606,0.7491885832130654,-0.7068506216383467,-0.4985284114568571,-0.48016282338488897,0.14586049738992934
1752469341.9828198,558.1099853515625,833.72998046875,1241.81005859375,601.1699829101562,935.0700073242188,217.6199951171875,921.0900268554688,678.25,904.0399780273438,-11618.169921875,1,-0.2637836129330856,-0.02592434129832646,0.7214233273740297,0.8241112849546157,0.41957382392501774,-0.24395997163633212,0.2920306979181994
1752469342.0496867,558.1099853515625,833.72998046875,1241.8900146484375,601.1699829101562,935.0700073242188,217.6199951171875,921.0900268554688,678.25,904.0399780273438,-11618.169921875,0,-0.2686205919428169,-0.011887223310952752,0.7581642844523925,0.8436957950715054,0.4280071569033756,-0.18970713975075115,0.26267561772219855
1752469342.0496867,558.1099853515625,833.72998046875,1241.8900146484375,601.1699829101562,935.0700073242188,217.6199951171875,921.0900268554688,678.25,904.0399780273438,-11618.169921875,1,-0.2637836129330856,-0.02592434129832646,0.7214233273740297,0.8241112849546157,0.41957382392501774,-0.24395997163633212,0.2920306979181994
1752469342.082774,558.1099853515625,833.72998046875,1241.8900146484375,601.1699829101562,935.0700073242188,217.6199951171875,921.0900268554688,678.25,904.0399780273438,-11618.169921875,0,-0.2686205919428169,-0.011887223310952752,0.7581642844523925,0.8436957950715054,0.4280071569033756,-0.18970713975075115,0.26267561772219855
1752469342.082774,558.1099853515625,833.72998046875,1241.8900146484375,601.1699829101562,935.0700073242188,217.6199951171875,921.0900268554688,678.25,904.0399780273438,-11618.169921875,1,-0.267187524262683,-0.026450353771576927,0.7308981950240575,-0.6739857183275769,-0.4903132914415409,-0.5218065574730485,0.18180771244462887
1752469342.116952,558.1099853515625,833.72998046875,1241.8900146484375,601.1699829101562,935.0700073242188,217.6199951171875,921.0900268554688,678.25,904.0399780273438,-11618.169921875,0,-0.26507356688558364,-0.011334641804083606,0.7491885832130654,-0.7068506216383467,-0.4985284114568571,-0.48016282338488897,0.14586049738992934
1752469342.116952,558.1099853515625,833.72998046875,1241.8900146484375,601.1699829101562,935.0700073242188,217.6199951171875,921.0900268554688,678.25,904.0399780273438,-11618.169921875,1,-0.267187524262683,-0.026450353771576927,0.7308981950240575,-0.6739857183275769,-0.4903132914415409,-0.5218065574730485,0.18180771244462887
1752469342.2495275,558.1099853515625,833.72998046875,1241.81005859375,601.1699829101562,935.0700073242188,217.6199951171875,921.0900268554688,678.25,904.0399780273438,-11618.259765625,0,-0.2686205919428169,-0.011887223310952752,0.7581642844523925,0.8436957950715054,0.4280071569033756,-0.18970713975075115,0.26267561772219855
1752469342.2495275,558.1099853515625,833.72998046875,1241.81005859375,601.1699829101562,935.0700073242188,217.6199951171875,921.0900268554688,678.25,904.0399780273438,-11618.259765625,1,-0.2705657706908163,-0.026558434742796407,0.739151341531738,0.8331608826150823,0.41493639191792075,-0.22568180033753235,0.28764293723052736
1752469342.5250049,558.1099853515625,833.72998046875,1241.8900146484375,601.1699829101562,935.0700073242188,217.6199951171875,921.0900268554688,678.25,904.0399780273438,-11618.169921875,0,-0.26507356688558364,-0.011334641804083606,0.7491885832130654,-0.7068506216383467,-0.4985284114568571,-0.48016282338488897,0.14586049738992934
1752469342.5250049,558.1099853515625,833.72998046875,1241.8900146484375,601.1699829101562,935.0700073242188,217.6199951171875,921.0900268554688,678.25,904.0399780273438,-11618.169921875,1,-0.267187524262683,-0.026450353771576927,0.7308981950240575,-0.6739857183275769,-0.4903132914415409,-0.5218065574730485,0.18180771244462887
1752469342.5537608,558.1099853515625,833.72998046875,1241.8900146484375,601.1699829101562,935.0700073242188,217.6199951171875,921.0900268554688,678.25,904.0399780273438,-11618.169921875,0,-0.26507356688558364,-0.011334641804083606,0.7491885832130654,-0.7068506216383467,-0.4985284114568571,-0.48016282338488897,0.14586049738992934
1752469342.5537608,558.1099853515625,833.72998046875,1241.8900146484375,601.1699829101562,935.0700073242188,217.6199951171875,921.0900268554688,678.25,904.0399780273438,-11618.169921875,1,-0.2705657706908163,-0.026558434742796407,0.739151341531738,0.8331608826150823,0.41493639191792075,-0.22568180033753235,0.28764293723052736
