timestamp,motor1,motor2,motor3,motor4,motor5,motor6,motor7,motor8,motor9,motor10,marker_id,x,y,z,qx,qy,qz,qw
1765344733.468359,281.510009765625,279.760009765625,209.7899932861328,161.5399932861328,40.16999816894531,43.59000015258789,298.0400085449219,311.6600036621094,332.30999755859375,248.2899932861328,0,-0.18248603810638028,-0.028472314407260637,0.6560835398392543,-0.8638751072385082,-0.15020339566249985,-0.32034667957183877,0.3585202140917695
1765344747.4338975,281.510009765625,279.760009765625,209.7899932861328,161.4600067138672,40.16999816894531,43.59000015258789,298.0400085449219,311.6600036621094,335.1300048828125,248.3800048828125,0,-0.18248603810638028,-0.028472314407260637,0.6560835398392543,-0.8638751072385082,-0.15020339566249985,-0.32034667957183877,0.3585202140917695
1765344747.6157823,281.510009765625,279.760009765625,209.7899932861328,161.5399932861328,40.16999816894531,43.59000015258789,298.0400085449219,311.6600036621094,347.3399963378906,248.3800048828125,0,-0.18248603810638028,-0.028472314407260637,0.6560835398392543,-0.8638751072385082,-0.15020339566249985,-0.32034667957183877,0.3585202140917695
1765344747.731386,281.510009765625,279.760009765625,209.7899932861328,161.5399932861328,40.16999816894531,43.59000015258789,298.0400085449219,311.6600036621094,347.3399963378906,248.3800048828125,0,-0.1859214662569995,-0.029426893554271378,0.6697221305273431,-0.8680789537853925,-0.1519122929636491,-0.31039322264150687,0.3563953318712313
1765344747.842383,281.510009765625,279.760009765625,209.7899932861328,161.5399932861328,40.16999816894531,43.59000015258789,298.0400085449219,311.6600036621094,360.44000244140625,248.3800048828125,0,-0.18188081156337504,-0.028960995979790207,0.6564561027266789,-0.8640434358219712,-0.14990186877913247,-0.31957737547920695,0.3589271121429935
1765344748.2964947,281.510009765625,279.760009765625,209.7899932861328,161.5399932861328,40.16999816894531,43.59000015258789,298.0400085449219,311.6600036621094,387.25,248.3800048828125,0,-0.13601307840864577,-0.011583698700686436,0.7059590202718725,-0.8703134717071516,-0.14513735405209482,-0.24773465214767826,0.4001464126405121
1765344748.9006183,281.510009765625,279.760009765625,209.7899932861328,161.5399932861328,40.16999816894531,43.59000015258789,298.0400085449219,311.6600036621094,416.3399963378906,248.3800048828125,0,-0.1433975974454507,-0.05647873182892077,0.6703747703412548,-0.8356092762804599,-0.16672014207647587,-0.25019121994288396,0.45974545683838697
1765344749.1619895,281.510009765625,279.760009765625,209.7899932861328,161.5399932861328,40.16999816894531,43.59000015258789,298.0400085449219,311.6600036621094,416.3399963378906,248.3800048828125,0,-0.14218714390904352,-0.04057204760763988,0.7152576018878692,-0.8493371501927133,-0.17573973691851888,-0.2507168823110669,0.42998022639948097
1765344749.8423612,281.510009765625,279.760009765625,209.7899932861328,161.5399932861328,40.16999816894531,43.59000015258789,298.0400085449219,311.6600036621094,441.9100036621094,248.2899932861328,0,-0.13805318154319307,-0.06100613804534423,0.6737261779719336,-0.823884802405027,-0.1915887929228859,-0.2514764234749213,0.4703904497634313
1765344749.8423612,281.510009765625,279.760009765625,209.7899932861328,161.5399932861328,40.16999816894531,43.59000015258789,298.0400085449219,311.6600036621094,441.9100036621094,248.2899932861328,1,-0.16014683077927877,-0.07620087102636881,0.7121554403667275,0.6766415414335514,0.36456299067661135,0.6121683639481562,0.18574160658395963
1765344749.9293847,281.510009765625,279.760009765625,209.7899932861328,161.5399932861328,40.16999816894531,43.59000015258789,298.0400085449219,311.6600036621094,441.9100036621094,248.3800048828125,0,-0.1321579048679189,-0.06040544582110266,0.6478180296980056,-0.8186692505284587,-0.18625868723049913,-0.25590942600100003,0.47916461195937815
1765344750.0279758,281.510009765625,279.760009765625,209.7899932861328,161.5399932861328,40.16999816894531,43.59000015258789,298.0400085449219,311.6600036621094,454.9200134277344,248.2899932861328,0,-0.13067991987070005,-0.06091359902946196,0.6445524805620206,-0.8153696353468057,-0.18021563961526255,-0.2501971385453236,0.4899959926940333
1765344750.0901835,281.510009765625,279.760009765625,209.7899932861328,161.5399932861328,40.16999816894531,43.59000015258789,298.0400085449219,311.6600036621094,454.9200134277344,248.2899932861328,0,-0.13490446198597583,-0.06363924503303975,0.6695327634434183,-0.8195338292775833,-0.18445591660832916,-0.24506813721195264,0.4840267819256139
1765344750.0901835,281.510009765625,279.760009765625,209.7899932861328,161.5399932861328,40.16999816894531,43.59000015258789,298.0400085449219,311.6600036621094,454.9200134277344,248.2899932861328,1,-0.1546567591267929,-0.07805551997849834,0.6978065298533492,0.6747024517162084,0.36996498968701796,0.6064971611886576,0.20015919045630082
1765344750.141195,281.510009765625,279.760009765625,209.7899932861328,161.5399932861328,40.16999816894531,43.59000015258789,298.0400085449219,311.6600036621094,454.9200134277344,248.2899932861328,0,-0.1271349283352686,-0.06068256371162146,0.6372574581931729,-0.8109808420421988,-0.18473099666838036,-0.25863092487851497,0.4912174441191162
1765344750.2552226,281.510009765625,279.760009765625,209.7899932861328,161.5399932861328,40.16999816894531,43.59000015258789,298.0400085449219,311.6600036621094,468.80999755859375,248.2899932861328,0,-0.12561845628738397,-0.06256003771503141,0.6447686849304427,-0.8093998339723346,-0.1807675453524743,-0.24292669670280992,0.5031715645203527
1765344750.8653402,281.510009765625,279.760009765625,209.7899932861328,161.5399932861328,40.16999816894531,43.59000015258789,298.0400085449219,311.6600036621094,499.0400085449219,248.3800048828125,0,-0.10845313886025687,-0.11418373430405267,0.642043085133891,-0.7576955866289026,-0.21090864481578947,-0.19845812951908395,0.5848327217015449
1765344751.315026,281.510009765625,279.760009765625,209.7899932861328,161.5399932861328,40.16999816894531,43.59000015258789,298.0400085449219,311.6600036621094,499.0400085449219,248.3800048828125,0,-0.11307544854084128,-0.10241939490505042,0.6623478172897975,-0.7672722633932306,-0.218925462037586,-0.22092996401346227,0.5608519117379103
1765344751.315026,281.510009765625,279.760009765625,209.7899932861328,161.5399932861328,40.16999816894531,43.59000015258789,298.0400085449219,311.6600036621094,499.0400085449219,248.3800048828125,1,-0.12938451861137507,-0.11933125846423605,0.6818365978367953,0.6613016421168617,0.42516660964940667,0.5819683287459135,0.20790949114809423
1765344751.3643663,281.510009765625,279.760009765625,209.7899932861328,161.5399932861328,40.16999816894531,43.59000015258789,298.0400085449219,311.6600036621094,499.0400085449219,248.3800048828125,0,-0.11067678379478618,-0.09661869189282235,0.638214566019085,-0.7657061541451234,-0.19850417484193245,-0.20614009646549117,0.5760177416571522
1765344751.5365758,281.510009765625,279.760009765625,209.7899932861328,161.5399932861328,40.16999816894531,43.59000015258789,298.0400085449219,311.6600036621094,499.0400085449219,248.2899932861328,0,-0.1090221891717393,-0.09263856069570255,0.6134121437884351,-0.763885382735322,-0.20476278828097993,-0.22585175124961182,0.5688077962160794
1765344751.5365758,281.510009765625,279.760009765625,209.7899932861328,161.5399932861328,40.16999816894531,43.59000015258789,298.0400085449219,311.6600036621094,499.0400085449219,248.2899932861328,1,-0.1324287010078018,-0.11540263766956275,0.672410604181766,-0.714356503731196,-0.5419998143131787,0.37080897916513456,0.24172647317150114
1765344751.5900328,281.510009765625,279.760009765625,209.7899932861328,161.5399932861328,40.16999816894531,43.59000015258789,298.0400085449219,311.6600036621094,499.0400085449219,248.3800048828125,0,-0.11086152361774596,-0.09478113218465274,0.6231209831004157,-0.7593536157680718,-0.20580309246075204,-0.22045237473707144,0.5765656283774925
1765344751.654848,281.510009765625,279.760009765625,209.7899932861328,161.5399932861328,40.16999816894531,43.59000015258789,298.0400085449219,311.6600036621094,499.0400085449219,248.3800048828125,0,-0.10873853118593718,-0.0940217226888966,0.6130589366259493,-0.7580222055487302,-0.20209759416571815,-0.22942786421258152,0.5761265081996493
1765344751.7070112,281.510009765625,279.760009765625,209.7899932861328,161.5399932861328,40.16999816894531,43.59000015258789,298.0400085449219,311.6600036621094,499.0400085449219,248.3800048828125,0,-0.11575395600597385,-0.1007921101961169,0.652579854107904,-0.764400612652755,-0.2065018092646574,-0.20558681147494423,0.5751371741542025
1765344751.7741425,281.510009765625,279.760009765625,209.7899932861328,161.5399932861328,40.16999816894531,43.59000015258789,298.0400085449219,311.6600036621094,499.0400085449219,248.3800048828125,0,-0.11327728019449629,-0.0999474442552831,0.6418839933931968,-0.7634043107919395,-0.20260659274342596,-0.2149425893080518,0.574425025693287
1765344751.8311172,281.510009765625,279.760009765625,209.7899932861328,161.5399932861328,40.16999816894531,43.59000015258789,298.0400085449219,311.6600036621094,499.0400085449219,248.3800048828125,0,-0.10708842406396829,-0.0979121665017411,0.618825577756761,-0.7601602564313672,-0.21002228475424847,-0.23796982952571072,0.5669368436468983
1765344751.9518347,281.510009765625,279.760009765625,209.7899932861328,161.5399932861328,40.16999816894531,43.59000015258789,298.0400085449219,311.6600036621094,499.0400085449219,248.3800048828125,0,-0.10925401228549392,-0.1016315247802191,0.6379562763902027,-0.7634186950937688,-0.19727467517356734,-0.20614676900415443,0.5794636383291352
1765344751.9518347,281.510009765625,279.760009765625,209.7899932861328,161.5399932861328,40.16999816894531,43.59000015258789,298.0400085449219,311.6600036621094,499.0400085449219,248.3800048828125,1,-0.130476965427498,-0.12300232969766578,0.6843982225959598,-0.7173500315744357,-0.5459402306968882,0.35876337745244113,0.2421715006058767
1765344752.0065732,281.510009765625,279.760009765625,209.7899932861328,161.5399932861328,40.16999816894531,43.59000015258789,298.0400085449219,311.6600036621094,499.0400085449219,248.2899932861328,0,-0.10555534546321524,-0.09933411983315021,0.624247411199793,-0.7584293196123203,-0.20194654527739853,-0.23089482109572237,0.5750566420745794
1765344752.1239834,281.510009765625,279.760009765625,209.7899932861328,161.5399932861328,40.16999816894531,43.59000015258789,298.0400085449219,311.6600036621094,499.0400085449219,248.3800048828125,1,-0.12612973822539672,-0.12092147213972214,0.6742911426198394,0.6682724416224269,0.41927780589505137,0.5827122300625187,0.19510131262346267
1765344752.1897678,281.510009765625,279.760009765625,209.7899932861328,161.5399932861328,40.16999816894531,43.59000015258789,298.0400085449219,311.6600036621094,499.0400085449219,248.3800048828125,0,-0.10897724262883263,-0.1024031437525451,0.647911400452263,-0.7601872595837065,-0.21294102607334156,-0.21841303764931322,0.5736437873508671
1765344752.1897678,281.510009765625,279.760009765625,209.7899932861328,161.5399932861328,40.16999816894531,43.59000015258789,298.0400085449219,311.6600036621094,499.0400085449219,248.3800048828125,1,-0.12404210354139696,-0.11832351612149661,0.6631361602057753,0.6671876087248253,0.4161045600579214,0.5858571417560087,0.19618638922344497
1765344752.2569284,281.510009765625,279.760009765625,209.7899932861328,161.5399932861328,40.16999816894531,43.59000015258789,298.0400085449219,311.6600036621094,499.0400085449219,248.3800048828125,1,-0.12711908260066793,-0.12007885933265869,0.6783141325751346,-0.7078883300715892,-0.5525754940242118,0.3670142321816297,0.24260047182246774
1765344752.472246,281.510009765625,279.760009765625,209.7899932861328,161.5399932861328,40.16999816894531,43.59000015258789,298.0400085449219,311.6600036621094,499.0400085449219,248.2899932861328,0,-0.10779961767852098,-0.09719837865297447,0.6308002165683488,-0.7632994952906166,-0.19795999821373045,-0.22184859131776888,0.573558124453513
1765344752.472246,281.510009765625,279.760009765625,209.7899932861328,161.5399932861328,40.16999816894531,43.59000015258789,298.0400085449219,311.6600036621094,499.0400085449219,248.2899932861328,1,-0.12522594060277004,-0.11470503082859582,0.6574404455551816,0.6577741847919475,0.421898138161522,0.5851348064210253,0.21668488907111022
1765344752.551114,281.510009765625,279.760009765625,209.7899932861328,161.5399932861328,40.16999816894531,43.59000015258789,298.0400085449219,311.6600036621094,499.0400085449219,248.3800048828125,0,-0.11382116572748319,-0.09980566112283885,0.6522740902186338,-0.7650295717323934,-0.20595995076658039,-0.20417363230027452,0.5749985921100077
1765344752.7556932,281.510009765625,279.760009765625,209.7899932861328,161.5399932861328,40.16999816894531,43.59000015258789,298.0400085449219,311.6600036621094,499.0400085449219,248.3800048828125,0,-0.10835818950544639,-0.09533768324591393,0.6216343119924216,-0.7605676390143855,-0.20018769599136216,-0.22605316355418237,0.5747710153660321
1765344752.7556932,281.510009765625,279.760009765625,209.7899932861328,161.5399932861328,40.16999816894531,43.59000015258789,298.0400085449219,311.6600036621094,499.0400085449219,248.3800048828125,1,-0.13270609159332789,-0.11930800357036372,0.6850919812598764,-0.7210164795053439,-0.5443817143534567,0.3649771943792799,0.2248898240079814
1765344752.8251464,281.510009765625,279.760009765625,209.7899932861328,161.5399932861328,40.16999816894531,43.59000015258789,298.0400085449219,311.6600036621094,499.0400085449219,248.3800048828125,1,-0.12769130387365685,-0.11687179971500661,0.668480679241657,0.6570896753838269,0.42605357798358373,0.5882712880408043,0.20161448077500954
1765344753.255007,281.510009765625,279.760009765625,209.7899932861328,161.5399932861328,40.16999816894531,43.59000015258789,298.0400085449219,311.6600036621094,499.0400085449219,248.3800048828125,0,-0.11373658896221803,-0.1001314569187955,0.6551727114299993,-0.7664442492998509,-0.20462171537352214,-0.21722922102680045,0.5687746758118499
1765344753.9049783,281.510009765625,279.760009765625,209.7899932861328,161.5399932861328,40.16999816894531,43.59000015258789,298.0400085449219,316.8500061035156,498.8699951171875,248.3800048828125,0,-0.10787075547631043,-0.09534988073304869,0.6246422710768484,-0.7601196373292345,-0.20344529924918023,-0.2316813490996023,0.571971939555843
1765344754.043849,281.510009765625,279.760009765625,209.7899932861328,161.5399932861328,40.16999816894531,43.59000015258789,298.0400085449219,330.6400146484375,498.7799987792969,248.3800048828125,0,-0.11522427217268531,-0.10139799847521384,0.6658034615371397,-0.7675299539986625,-0.2083564224478203,-0.2072059331905256,0.5696938407515041
1765344754.043849,281.510009765625,279.760009765625,209.7899932861328,161.5399932861328,40.16999816894531,43.59000015258789,298.0400085449219,330.6400146484375,498.7799987792969,248.3800048828125,1,-0.13055474601659178,-0.11749268389502539,0.6803119517400266,-0.7101834710731273,-0.5485589168068188,0.36435252832402354,0.24893731602583405
1765344754.109264,281.510009765625,279.760009765625,209.7899932861328,161.5399932861328,40.16999816894531,43.59000015258789,298.0400085449219,330.6400146484375,498.7799987792969,248.3800048828125,0,-0.11090577621574615,-0.09758343062839887,0.6415327203455296,-0.76476122937083,-0.20211160863643043,-0.2129605059038345,0.5735320240673525
1765344754.4673533,281.510009765625,279.760009765625,209.7899932861328,161.5399932861328,40.16999816894531,43.59000015258789,298.0400085449219,358.1499938964844,498.7799987792969,248.3800048828125,0,-0.11156125093060074,-0.09805863718432571,0.6446531034685473,-0.7639355954346861,-0.20595805168358705,-0.2200037872601878,0.570597950018861
1765344754.5302713,281.510009765625,279.760009765625,209.7899932861328,161.5399932861328,40.16999816894531,43.59000015258789,298.0400085449219,358.1499938964844,498.7799987792969,248.3800048828125,1,-0.13055474601659178,-0.11749268389502539,0.6803119517400266,-0.7101834710731273,-0.5485589168068188,0.36435252832402354,0.24893731602583405
1765344754.6224914,281.510009765625,279.760009765625,209.7899932861328,161.5399932861328,40.16999816894531,43.59000015258789,298.0400085449219,371.8699951171875,498.7799987792969,248.3800048828125,0,-0.11090577621574615,-0.09758343062839887,0.6415327203455296,-0.76476122937083,-0.20211160863643043,-0.2129605059038345,0.5735320240673525
1765344754.6224914,281.510009765625,279.760009765625,209.7899932861328,161.5399932861328,40.16999816894531,43.59000015258789,298.0400085449219,371.8699951171875,498.7799987792969,248.3800048828125,1,-0.13055474601659178,-0.11749268389502539,0.6803119517400266,-0.7101834710731273,-0.5485589168068188,0.36435252832402354,0.24893731602583405
1765344754.756721,281.510009765625,279.760009765625,209.7899932861328,161.5399932861328,40.16999816894531,43.59000015258789,298.0400085449219,371.8699951171875,498.7799987792969,248.3800048828125,1,-0.12727718526672085,-0.11415666417637435,0.6631941323140431,0.6527740139978259,0.434661667767294,0.586170169735763,0.2033712205177221
1765344754.863709,281.510009765625,279.760009765625,209.7899932861328,161.5399932861328,40.16999816894531,43.59000015258789,298.0400085449219,385.75,498.7799987792969,248.3800048828125,0,-0.10664025171896704,-0.09390038930537092,0.6188105402621951,-0.7621846201941048,-0.2105433904676162,-0.23686463809275302,0.5644831518222297
1765344754.863709,281.510009765625,279.760009765625,209.7899932861328,161.5399932861328,40.16999816894531,43.59000015258789,298.0400085449219,385.75,498.7799987792969,248.3800048828125,1,-0.13106054433461092,-0.11766124581942733,0.6835342263170736,0.6630818142241091,0.42071184452908794,0.5799201747359821,0.21683321344384693
1765344755.147625,281.510009765625,279.760009765625,209.7899932861328,161.5399932861328,40.16999816894531,43.59000015258789,298.0400085449219,399.4599914550781,498.7799987792969,248.3800048828125,0,-0.10742723913646804,-0.09427133573520191,0.6227175450556313,-0.7600967890877002,-0.20450958757744953,-0.21773732146932898,0.5770781217884038
1765344755.147625,281.510009765625,279.760009765625,209.7899932861328,161.5399932861328,40.16999816894531,43.59000015258789,298.0400085449219,399.4599914550781,498.7799987792969,248.3800048828125,1,-0.12867627053751876,-0.11492928091463073,0.6704846954113458,0.6628858772556784,0.42438868494355264,0.5861543372373877,0.19209281809752918
1765344755.2133167,281.510009765625,279.760009765625,209.7899932861328,161.5399932861328,40.16999816894531,43.59000015258789,298.0400085449219,401.6600036621094,498.7799987792969,248.3800048828125,0,-0.10725858035669018,-0.0940118293118929,0.6217450126227313,-0.7617322900655706,-0.1998423549599148,-0.22430887270907926,0.5740317770468104
1765344755.2845876,281.510009765625,279.760009765625,209.7899932861328,161.5399932861328,40.16999816894531,43.59000015258789,298.0400085449219,401.6600036621094,498.7799987792969,248.3800048828125,1,-0.12810599947723098,-0.11442066014912945,0.6675091986350277,0.6580366992908732,0.4256962635597401,0.5816440997132144,0.2178543890915527
1765344755.6928797,281.510009765625,279.760009765625,209.7899932861328,161.5399932861328,40.16999816894531,43.59000015258789,298.0400085449219,401.75,498.7799987792969,248.3800048828125,0,-0.11009681279601688,-0.09617131215171447,0.6375193098400989,-0.760566340332897,-0.19599157593724129,-0.2098540883011038,0.582312120548399
1765344755.8116312,281.510009765625,279.760009765625,209.7899932861328,161.5399932861328,40.16999816894531,43.59000015258789,298.0400085449219,401.75,498.7799987792969,248.2899932861328,1,-0.13052959087634766,-0.11649084516416058,0.6801808345253988,-0.7103822457927416,-0.5482409099513554,0.36468801180214966,0.2485792098425891
1765344756.1416757,281.510009765625,279.760009765625,209.7899932861328,161.5399932861328,40.16999816894531,43.59000015258789,298.0400085449219,401.6600036621094,498.7799987792969,248.3800048828125,0,-0.10744256185942913,-0.09352973123446282,0.621515827814232,-0.761561608789973,-0.2001414328300013,-0.2250983042130317,0.5738449932886055
1765344756.212121,281.510009765625,279.760009765625,209.7899932861328,161.5399932861328,40.16999816894531,43.59000015258789,298.0400085449219,401.6600036621094,498.7799987792969,248.3800048828125,0,-0.11090713877875175,-0.09666092797993282,0.6415406054673889,-0.7652008773941209,-0.20224764625021258,-0.21278659130246155,0.5729619301344512
1765344756.274769,281.510009765625,279.760009765625,209.7899932861328,161.5399932861328,40.16999816894531,43.59000015258789,298.0400085449219,401.75,498.7799987792969,248.3800048828125,0,-0.10744256185942913,-0.09352973123446282,0.621515827814232,-0.761561608789973,-0.2001414328300013,-0.2250983042130317,0.5738449932886055
1765344756.4599283,281.510009765625,279.760009765625,209.7899932861328,161.5399932861328,40.16999816894531,43.59000015258789,298.0400085449219,401.75,498.7799987792969,248.2899932861328,0,-0.11090713877875175,-0.09666092797993282,0.6415406054673889,-0.7652008773941209,-0.20224764625021258,-0.21278659130246155,0.5729619301344512
1765344756.635137,281.510009765625,279.760009765625,209.7899932861328,161.5399932861328,40.16999816894531,43.59000015258789,298.0400085449219,401.6600036621094,498.7799987792969,248.3800048828125,0,-0.1079922500945403,-0.09399183945876614,0.6253443497738488,-0.7661531321847025,-0.20598911538114598,-0.227722361981657,0.564553264308655
1765344756.7684193,281.510009765625,279.760009765625,209.7899932861328,161.5399932861328,40.16999816894531,43.59000015258789,298.0400085449219,401.6600036621094,498.7799987792969,248.2899932861328,0,-0.11225793337269459,-0.09740335150691903,0.647996785489261,-0.76142660112653,-0.19959816285227888,-0.2002608171549827,0.5833401319944598
1765344756.7684193,281.510009765625,279.760009765625,209.7899932861328,161.5399932861328,40.16999816894531,43.59000015258789,298.0400085449219,401.6600036621094,498.7799987792969,248.2899932861328,1,-0.13408961691487775,-0.11918222561599497,0.6980829358253975,-0.7228073613592992,-0.5424799627369231,0.3599030070962128,0.23180775197748982
1765344756.824958,281.510009765625,279.760009765625,209.7899932861328,161.5399932861328,40.16999816894531,43.59000015258789,303.04998779296875,401.75,498.69000244140625,248.3800048828125,0,-0.11225793337269459,-0.09740335150691903,0.647996785489261,-0.76142660112653,-0.19959816285227888,-0.2002608171549827,0.5833401319944598
1765344756.8892257,281.510009765625,279.760009765625,209.7899932861328,161.5399932861328,40.16999816894531,43.59000015258789,303.04998779296875,401.75,498.69000244140625,248.3800048828125,1,-0.13176283926774526,-0.11706988907766079,0.6865593964987426,0.6700297996068186,0.4194044303801707,0.5765311338460122,0.20681354675785293
1765344757.0142872,281.510009765625,279.760009765625,209.7899932861328,161.5399932861328,40.16999816894531,43.59000015258789,316.760009765625,401.8399963378906,498.69000244140625,248.2899932861328,0,-0.1138148346189124,-0.09885707365689284,0.6576620620017006,-0.7639727795240681,-0.1982211654086523,-0.1971441764700801,0.5815394530160783
1765344757.081356,281.510009765625,279.760009765625,209.7899932861328,161.5399932861328,40.16999816894531,43.59000015258789,316.760009765625,401.8399963378906,498.69000244140625,248.2899932861328,0,-0.1114901194282869,-0.09683726036568178,0.6442342980049831,-0.7620572529751852,-0.19565510490451066,-0.1933250026839732,0.5861853516166718
1765344757.081356,281.510009765625,279.760009765625,209.7899932861328,161.5399932861328,40.16999816894531,43.59000015258789,316.760009765625,401.8399963378906,498.69000244140625,248.2899932861328,1,-0.12734014909183877,-0.11279527966559127,0.6629043658666893,0.6651506951564203,0.41742474937815566,0.5855948628474211,0.20102185937411138
1765344757.2495027,281.510009765625,279.760009765625,209.7899932861328,161.5399932861328,40.16999816894531,43.59000015258789,330.3800048828125,401.8399963378906,498.69000244140625,248.3800048828125,0,-0.11305335394850871,-0.09787241398079169,0.6519084616750075,-0.7661939446813952,-0.20599474167090298,-0.20309336601785938,0.5738171226244795
1765344757.2495027,281.510009765625,279.760009765625,209.7899932861328,161.5399932861328,40.16999816894531,43.59000015258789,330.3800048828125,401.8399963378906,498.69000244140625,248.3800048828125,1,-0.13176283926774526,-0.11706988907766079,0.6865593964987426,0.6700297996068186,0.4194044303801707,0.5765311338460122,0.20681354675785293
1765344757.3151572,281.510009765625,279.760009765625,209.7899932861328,161.5399932861328,40.16999816894531,43.59000015258789,330.3800048828125,401.8399963378906,498.69000244140625,248.3800048828125,1,-0.12734014909183877,-0.11279527966559127,0.6629043658666893,0.6651506951564203,0.41742474937815566,0.5855948628474211,0.20102185937411138
1765344757.4389904,281.510009765625,279.760009765625,209.7899932861328,161.5399932861328,40.16999816894531,43.59000015258789,343.8299865722656,401.8399963378906,498.69000244140625,248.3800048828125,0,-0.10744347601782335,-0.09308309007784529,0.6215211332138234,-0.7617817314281178,-0.20021324905598303,-0.2250139468259852,0.5735607834385285
1765344757.5034628,281.510009765625,279.760009765625,209.7899932861328,161.5399932861328,40.16999816894531,43.59000015258789,343.8299865722656,401.8399963378906,498.69000244140625,248.2899932861328,0,-0.11285703521818098,-0.09790574449020086,0.6521304125500548,-0.7660034663033113,-0.20588323917408535,-0.20319885229252393,0.5740740438876325
1765344757.5034628,281.510009765625,279.760009765625,209.7899932861328,161.5399932861328,40.16999816894531,43.59000015258789,343.8299865722656,401.8399963378906,498.69000244140625,248.2899932861328,1,-0.12734014909183877,-0.11279527966559127,0.6629043658666893,0.6651506951564203,0.41742474937815566,0.5855948628474211,0.20102185937411138
1765344757.5689125,281.510009765625,279.760009765625,209.7899932861328,161.5399932861328,40.16999816894531,43.59000015258789,343.8299865722656,401.8399963378906,498.69000244140625,248.2899932861328,0,-0.10787474969566428,-0.09355461438198846,0.6246654873449965,-0.7609977816237947,-0.20374166489327217,-0.2313397796136288,0.5708358929837003
1765344757.5689125,281.510009765625,279.760009765625,209.7899932861328,161.5399932861328,40.16999816894531,43.59000015258789,343.8299865722656,401.8399963378906,498.69000244140625,248.2899932861328,1,-0.12935669910411798,-0.11446019476747908,0.6733969862703734,0.6661100139328684,0.4206572950181782,0.582464592536372,0.20019962019889445
1765344757.6302645,281.510009765625,279.760009765625,209.7899932861328,161.5399932861328,40.16999816894531,43.59000015258789,357.2799987792969,401.75,498.69000244140625,248.3800048828125,0,-0.10787474969566428,-0.09355461438198846,0.6246654873449965,-0.7609977816237947,-0.20374166489327217,-0.2313397796136288,0.5708358929837003
1765344757.6302645,281.510009765625,279.760009765625,209.7899932861328,161.5399932861328,40.16999816894531,43.59000015258789,357.2799987792969,401.75,498.69000244140625,248.3800048828125,1,-0.12935669910411798,-0.11446019476747908,0.6733969862703734,0.6661100139328684,0.4206572950181782,0.582464592536372,0.20019962019889445
1765344758.0260906,281.510009765625,279.760009765625,209.7899932861328,161.5399932861328,40.16999816894531,43.59000015258789,383.4700012207031,401.8399963378906,498.69000244140625,248.3800048828125,0,-0.1075573109713589,-0.09303194953369263,0.6189601656331325,-0.7624999042857481,-0.2110233921487445,-0.23730513475526638,0.5636925553429344
1765344758.0260906,281.510009765625,279.760009765625,209.7899932861328,161.5399932861328,40.16999816894531,43.59000015258789,383.4700012207031,401.8399963378906,498.69000244140625,248.3800048828125,1,-0.1298508849413618,-0.11495306475559545,0.6734447908144318,0.6659487074442675,0.42040385712576867,0.5828814316388977,0.20005537387852063
1765344758.2815125,281.510009765625,279.760009765625,209.7899932861328,161.5399932861328,40.16999816894531,43.59000015258789,386.1000061035156,401.75,498.69000244140625,248.3800048828125,0,-0.11130402132526236,-0.1015796013864767,0.6326421538217772,-0.7644646394093227,-0.20564915889654456,-0.21451614256745102,0.5720883350636501
1765344758.2815125,281.510009765625,279.760009765625,209.7899932861328,161.5399932861328,40.16999816894531,43.59000015258789,386.1000061035156,401.75,498.69000244140625,248.3800048828125,1,-0.13079080346449015,-0.121735153149236,0.6714147241343736,0.6593894757685952,0.4197061593508481,0.5884176405300887,0.2069225443531494
1765344758.3393016,281.510009765625,279.760009765625,209.7899932861328,161.5399932861328,40.16999816894531,43.59000015258789,386.1000061035156,401.75,498.69000244140625,248.3800048828125,0,-0.11455385628294618,-0.10569884381551145,0.6524295935918588,-0.7650334491513182,-0.2128124171288266,-0.19583603762210522,0.5753980736532729
1765344758.494002,281.510009765625,279.760009765625,209.7899932861328,161.5399932861328,40.16999816894531,43.59000015258789,386.19000244140625,401.8399963378906,498.69000244140625,248.3800048828125,0,-0.10969664779112805,-0.10393666869650829,0.63449179965106,0.8709408876397065,0.16123715084816284,-0.07070642433980333,0.45876481227400884
1765344758.637359,281.510009765625,279.760009765625,209.7899932861328,161.5399932861328,40.16999816894531,43.59000015258789,386.1000061035156,401.8399963378906,498.69000244140625,248.3800048828125,0,-0.10755846790423278,-0.09844330030923704,0.6221841278590586,-0.7645896874987008,-0.20167058982181235,-0.22207760872786536,0.570449926525786
1765344758.775994,281.510009765625,279.760009765625,209.7899932861328,161.5399932861328,40.16999816894531,43.59000015258789,386.1000061035156,401.8399963378906,498.69000244140625,248.3800048828125,0,-0.11327116492639364,-0.10015417809495253,0.6484535478869909,-0.7652716665757848,-0.20204707740286643,-0.19745966886819982,0.5783994588688184
1765344758.775994,281.510009765625,279.760009765625,209.7899932861328,161.5399932861328,40.16999816894531,43.59000015258789,386.1000061035156,401.8399963378906,498.69000244140625,248.3800048828125,1,-0.13278905865316984,-0.12009905729598526,0.6868052535052322,-0.7171247937574621,-0.540802183460495,0.3708405984445535,0.23609802855586096
1765344758.9140751,281.510009765625,279.760009765625,209.7899932861328,161.5399932861328,40.16999816894531,43.59000015258789,386.19000244140625,401.8399963378906,498.69000244140625,248.2899932861328,0,-0.11077571731098453,-0.09721691763789282,0.6309415106794601,-0.7670035477011309,-0.2158142678784074,-0.2411800495054774,0.5540414635336616
1765344759.0383039,281.510009765625,279.760009765625,209.7899932861328,161.5399932861328,40.16999816894531,43.59000015258789,386.1000061035156,401.75,498.69000244140625,248.3800048828125,0,-0.11359032969614703,-0.1007616203028419,0.6456284118130382,-0.765383620703794,-0.2135427997137282,-0.21223757970749108,0.5688080481222818
1765344759.0383039,281.510009765625,279.760009765625,209.7899932861328,161.5399932861328,40.16999816894531,43.59000015258789,386.1000061035156,401.75,498.69000244140625,248.3800048828125,1,-0.13177520427195094,-0.11928369667046351,0.6758855403181521,-0.7214867479279979,-0.5388036712624551,0.36619593609093226,0.23462312927089635
1765344759.107719,281.510009765625,279.760009765625,209.7899932861328,161.5399932861328,40.16999816894531,43.59000015258789,386.1000061035156,401.75,498.69000244140625,248.2899932861328,0,-0.10940166117652789,-0.097593351433395,0.6224762588280026,-0.7648118093072539,-0.20247140524707344,-0.22315115367342114,0.5694486710983365
1765344759.352433,281.510009765625,279.760009765625,209.7899932861328,161.5399932861328,40.16999816894531,43.59000015258789,386.19000244140625,401.8399963378906,498.69000244140625,248.2899932861328,0,-0.11093037021756989,-0.10268364189430212,0.6416787020700807,-0.7669603599609938,-0.218363350403373,-0.231164245451401,0.5573619515844268
1765344759.352433,281.510009765625,279.760009765625,209.7899932861328,161.5399932861328,40.16999816894531,43.59000015258789,386.19000244140625,401.8399963378906,498.69000244140625,248.2899932861328,1,-0.12750540419814704,-0.1196298933779779,0.6637625234228618,0.6658743263523939,0.41520867952427154,0.5877931874077146,0.196754422541238
1765344759.404925,281.510009765625,279.760009765625,209.7899932861328,161.5399932861328,40.16999816894531,43.59000015258789,386.19000244140625,401.8399963378906,498.69000244140625,248.3800048828125,0,-0.11516658226264613,-0.10637571016036015,0.6654737494564915,-0.7724909832568023,-0.20515549211059705,-0.21132681080268656,0.562592111462437
1765344759.456797,281.510009765625,279.760009765625,209.7899932861328,161.5399932861328,40.16999816894531,43.59000015258789,386.1000061035156,401.75,498.69000244140625,248.3800048828125,0,-0.10709679011830493,-0.09932639413093651,0.622104454976148,-0.7642040311950694,-0.2013642801451151,-0.22193723550647473,0.5711291350321649
1765344759.5682852,281.510009765625,279.760009765625,209.7899932861328,161.5399932861328,40.16999816894531,43.59000015258789,386.1000061035156,401.75,498.69000244140625,248.3800048828125,0,-0.11182912772555047,-0.10245038049943801,0.6482137749995261,-0.7642985588104892,-0.2012236070284696,-0.1969707022308747,0.5801373246373116
1765344759.6279032,281.510009765625,279.760009765625,209.7899932861328,161.5399932861328,40.16999816894531,43.59000015258789,386.19000244140625,401.75,498.69000244140625,248.3800048828125,0,-0.10755932407506881,-0.097996171027705,0.6221890930141619,-0.7648093371504109,-0.2017414915946597,-0.22199144293266382,0.5701638778819514
1765344759.6279032,281.510009765625,279.760009765625,209.7899932861328,161.5399932861328,40.16999816894531,43.59000015258789,386.19000244140625,401.75,498.69000244140625,248.3800048828125,1,-0.12986281940966013,-0.12028859443751364,0.6760652472258805,-0.7207928143669607,-0.5389137831660885,0.3666932374556653,0.2357238271258413
1765344760.388164,281.510009765625,279.760009765625,209.7899932861328,161.5399932861328,40.16999816894531,43.59000015258789,386.19000244140625,401.75,498.69000244140625,248.3800048828125,0,-0.11600806348926064,-0.10444989514371453,0.6661748401148011,-0.77068687028249,-0.2106551253062328,-0.2054478643649271,0.5652055742685897
1765344760.4823983,281.510009765625,279.760009765625,209.7899932861328,161.5399932861328,40.16999816894531,43.59000015258789,386.19000244140625,401.75,498.69000244140625,248.3800048828125,0,-0.11433434665341102,-0.10236422208308897,0.655890583290543,-0.768236058010641,-0.21189421767938088,-0.20829266368580315,0.5670347131710609
1765344760.4823983,281.510009765625,279.760009765625,209.7899932861328,161.5399932861328,40.16999816894531,43.59000015258789,386.19000244140625,401.75,498.69000244140625,248.3800048828125,1,-0.1283838687406808,-0.11669305834028747,0.6633627612623826,0.6651370590646799,0.4159666959454459,0.5873684193179929,0.19890384740094905
1765344760.788076,281.510009765625,279.760009765625,209.7899932861328,161.5399932861328,40.16999816894531,43.59000015258789,386.19000244140625,401.75,498.69000244140625,248.3800048828125,0,-0.11067197029399678,-0.10028999151306134,0.6381868244203591,-0.7639378610910782,-0.19797723502471531,-0.20682386934321756,0.5782973680326213
1765344760.788076,281.510009765625,279.760009765625,209.7899932861328,161.5399932861328,40.16999816894531,43.59000015258789,386.19000244140625,401.75,498.69000244140625,248.3800048828125,1,-0.12963623248232536,-0.11937849302369141,0.6729967218389631,-0.7128048133941429,-0.5429574680030048,0.37072298023847877,0.24427639645493324
1765344761.075003,281.510009765625,279.760009765625,209.7899932861328,161.5399932861328,40.16999816894531,43.59000015258789,386.19000244140625,401.8399963378906,498.69000244140625,248.3800048828125,0,-0.11384774508022899,-0.10329554057702758,0.6558078591681095,-0.7678468887003801,-0.21159577046230238,-0.20816683221710003,0.5677190814129015
1765344761.1375225,281.510009765625,279.760009765625,209.7899932861328,161.5399932861328,40.16999816894531,43.59000015258789,386.19000244140625,401.8399963378906,498.69000244140625,248.3800048828125,0,-0.1080203343581708,-0.09756005472477063,0.6222642651228443,-0.7649746852179858,-0.20197721256308854,-0.2222170207220755,0.569770596189636
1765344761.2004006,281.510009765625,279.760009765625,209.7899932861328,161.5399932861328,40.16999816894531,43.59000015258789,386.19000244140625,401.8399963378906,498.69000244140625,248.2899932861328,0,-0.11333280587642074,-0.1022518173130221,0.6521657685465421,-0.7686414738113239,-0.20792207201701746,-0.20130626608035443,0.5704686529004829
1765344761.2707558,281.510009765625,279.760009765625,209.7899932861328,161.5399932861328,40.16999816894531,43.59000015258789,386.19000244140625,401.8399963378906,498.69000244140625,248.2899932861328,0,-0.10674678479711239,-0.09566943821589372,0.6130262831381414,-0.7626265636231906,-0.20343191118485662,-0.22491246737017945,0.5713410224983135
1765344761.3889916,281.510009765625,279.760009765625,209.7899932861328,161.5399932861328,40.16999816894531,43.59000015258789,386.19000244140625,401.8399963378906,498.69000244140625,248.3800048828125,0,-0.10904672311877033,-0.09739285434899139,0.6262238504108802,-0.7627494871784724,-0.21056652517550073,-0.22258523539269837,0.5695004576553644
1765344761.4575298,281.510009765625,279.760009765625,209.7899932861328,161.5399932861328,40.16999816894531,43.59000015258789,386.19000244140625,401.75,498.69000244140625,248.3800048828125,1,-0.13266259739882483,-0.12140300983773167,0.6880162582376016,0.6688624167755414,0.4191434350334372,0.5840736897568471,0.18920828001801415
1765344761.5322087,281.510009765625,279.760009765625,209.7899932861328,161.5399932861328,40.16999816894531,43.59000015258789,386.19000244140625,401.75,498.69000244140625,248.3800048828125,0,-0.11160568639901873,-0.10047412505548647,0.6415728641300471,-0.7679294070007585,-0.2043113564838825,-0.2110745987645942,0.5692001486573459
1765344761.598843,281.510009765625,279.760009765625,209.7899932861328,161.5399932861328,40.16999816894531,43.59000015258789,386.19000244140625,401.75,498.69000244140625,248.3800048828125,0,-0.1080203343581708,-0.09756005472477063,0.6222642651228443,-0.7649746852179858,-0.20197721256308854,-0.2222170207220755,0.569770596189636
1765344761.6656199,281.510009765625,279.760009765625,209.7899932861328,161.5399932861328,40.16999816894531,43.59000015258789,386.19000244140625,401.75,498.69000244140625,248.3800048828125,1,-0.13033465745149697,-0.11978818341333937,0.6759873702999861,-0.7210135316228584,-0.5388067645239105,0.3666514117711894,0.23535823751507456
1765344761.7290173,281.510009765625,279.760009765625,209.7899932861328,161.5399932861328,40.16999816894531,43.59000015258789,386.19000244140625,401.75,498.69000244140625,248.3800048828125,0,-0.11067197029399678,-0.10028999151306134,0.6381868244203591,-0.7639378610910782,-0.19797723502471531,-0.20682386934321756,0.5782973680326213
1765344761.804355,281.510009765625,279.760009765625,209.7899932861328,161.5399932861328,40.16999816894531,43.59000015258789,386.19000244140625,401.75,498.69000244140625,248.3800048828125,0,-0.10841095539800182,-0.09812552487032362,0.6251631793714717,-0.7683816193559303,-0.20784017935346288,-0.22665392428765163,0.5612665547556582
1765344761.8676586,281.510009765625,279.760009765625,209.7899932861328,161.5399932861328,40.16999816894531,43.59000015258789,386.19000244140625,401.8399963378906,498.69000244140625,248.3800048828125,0,-0.11203357323209348,-0.10206635726307824,0.6480106791781919,0.8704411516039833,0.14563105263750104,-0.057073621187838236,0.4667616092466603
1765344761.9328923,281.510009765625,279.760009765625,209.7899932861328,161.5399932861328,40.16999816894531,43.59000015258789,386.19000244140625,401.8399963378906,498.69000244140625,248.3800048828125,0,-0.10629261775538676,-0.09609916494877783,0.6129524449918751,-0.7624618971702303,-0.20319474366405177,-0.2246884042035276,0.5717332179673889
1765344762.0036693,281.510009765625,279.760009765625,209.7899932861328,161.5399932861328,40.16999816894531,43.59000015258789,386.19000244140625,401.8399963378906,498.69000244140625,248.3800048828125,0,-0.1087642127840269,-0.09790286694080588,0.6258956186546502,-0.7670856640017604,-0.21278528020744447,-0.2199475568475935,0.5638484555683312
1765344762.0036693,281.510009765625,279.760009765625,209.7899932861328,161.5399932861328,40.16999816894531,43.59000015258789,386.19000244140625,401.8399963378906,498.69000244140625,248.3800048828125,1,-0.1272084516172859,-0.11675820186622923,0.6603540741269042,0.65884674191174,0.4177099734085461,0.5897638426164808,0.20884912910893275
1765344762.0665822,281.510009765625,279.760009765625,209.7899932861328,161.5399932861328,40.16999816894531,43.59000015258789,386.19000244140625,401.8399963378906,498.69000244140625,248.3800048828125,0,-0.10657829994502352,-0.09571625922554308,0.6133261886713115,-0.7626925039479678,-0.20326989678693963,-0.22457394834648287,0.5714438163160724
1765344762.0665822,281.510009765625,279.760009765625,209.7899932861328,161.5399932861328,40.16999816894531,43.59000015258789,386.19000244140625,401.8399963378906,498.69000244140625,248.3800048828125,1,-0.13540279945057257,-0.12443951242042135,0.7029481856790102,-0.7266641706480131,-0.535746461179037,0.3601289620793386,0.23503625912235793
1765344762.2476287,281.510009765625,279.760009765625,209.7899932861328,161.5399932861328,40.16999816894531,43.59000015258789,386.19000244140625,401.75,498.69000244140625,248.3800048828125,0,-0.11600851134056912,-0.10397070590513868,0.6661773978242395,-0.7709047115510488,-0.21072054837630852,-0.20535493346088826,0.5649178059715028
1765344762.2476287,281.510009765625,279.760009765625,209.7899932861328,161.5399932861328,40.16999816894531,43.59000015258789,386.19000244140625,401.75,498.69000244140625,248.3800048828125,1,-0.13266259739882483,-0.12140300983773167,0.6880162582376016,0.6688624167755414,0.4191434350334372,0.5840736897568471,0.18920828001801415
1765344762.3136413,281.510009765625,279.760009765625,209.7899932861328,161.5399932861328,40.16999816894531,43.59000015258789,386.19000244140625,401.75,498.69000244140625,248.3800048828125,0,-0.10890959738571143,-0.0976084994384483,0.6254411075358883,-0.7642940847486719,-0.20573500178921347,-0.22904628443096833,0.5666263854122489
1765344762.374547,281.510009765625,279.760009765625,209.7899932861328,161.5399932861328,40.16999816894531,43.59000015258789,386.19000244140625,401.75,498.69000244140625,248.3800048828125,0,-0.11062208959840904,-0.0992453157462894,0.6359191685777884,-0.7628922461425921,-0.21417655781687106,-0.2141852977046344,0.5711816533331622
1765344762.425128,281.510009765625,279.760009765625,209.7899932861328,161.5399932861328,40.16999816894531,43.59000015258789,386.19000244140625,401.8399963378906,498.69000244140625,248.2899932861328,0,-0.10674678479711239,-0.09566943821589372,0.6130262831381414,-0.7626265636231906,-0.20343191118485662,-0.22491246737017945,0.5713410224983135
1765344762.5328882,281.510009765625,279.760009765625,209.7899932861328,161.5399932861328,40.16999816894531,43.59000015258789,386.19000244140625,401.8399963378906,498.69000244140625,248.3800048828125,0,-0.1108447847906344,-0.09977935702832376,0.6378596765734861,-0.7640981443183311,-0.1982082577600503,-0.20708539149653113,0.5779127555554876
1765344762.598783,281.510009765625,279.760009765625,209.7899932861328,161.5399932861328,40.16999816894531,43.59000015258789,386.19000244140625,401.8399963378906,498.69000244140625,248.3800048828125,1,-0.1272084516172859,-0.11675820186622923,0.6603540741269042,0.65884674191174,0.4177099734085461,0.5897638426164808,0.20884912910893275
1765344762.6666386,281.510009765625,279.760009765625,209.7899932861328,161.5399932861328,40.16999816894531,43.59000015258789,386.19000244140625,401.8399963378906,498.69000244140625,248.3800048828125,0,-0.11384822200790436,-0.10282384915749139,0.6558105948784118,-0.7680653984628767,-0.21166235694925317,-0.20807431061252432,0.5674325260309565
1765344762.6666386,281.510009765625,279.760009765625,209.7899932861328,161.5399932861328,40.16999816894531,43.59000015258789,386.19000244140625,401.8399963378906,498.69000244140625,248.3800048828125,1,-0.13019613146356698,-0.11977371716769458,0.6759058838236399,-0.7163123346125533,-0.5388383499441977,0.3740899828529492,0.23792132447598716
1765344762.732097,281.510009765625,279.760009765625,209.7899932861328,161.5399932861328,40.16999816894531,43.59000015258789,386.19000244140625,401.8399963378906,498.69000244140625,248.2899932861328,1,-0.1272084516172859,-0.11675820186622923,0.6603540741269042,0.65884674191174,0.4177099734085461,0.5897638426164808,0.20884912910893275
1765344762.799647,281.510009765625,279.760009765625,209.7899932861328,161.5399932861328,40.16999816894531,43.59000015258789,386.19000244140625,401.8399963378906,498.69000244140625,248.3800048828125,0,-0.11114500910936985,-0.09984273968940982,0.6382646187050146,-0.7641106959621287,-0.1982113213592075,-0.20704880683293922,0.5779082176179575
1765344762.8635533,281.510009765625,279.760009765625,209.7899932861328,161.5399932861328,40.16999816894531,43.59000015258789,386.19000244140625,401.8399963378906,498.69000244140625,248.3800048828125,0,-0.10674678479711239,-0.09566943821589372,0.6130262831381414,-0.7626265636231906,-0.20343191118485662,-0.22491246737017945,0.5713410224983135
1765344762.8635533,281.510009765625,279.760009765625,209.7899932861328,161.5399932861328,40.16999816894531,43.59000015258789,386.19000244140625,401.8399963378906,498.69000244140625,248.3800048828125,1,-0.13061331101445864,-0.11956947631867013,0.6768003220392057,-0.7233026247166856,-0.5380454292958822,0.37249492023880865,0.22042677579651498
1765344763.09365,281.510009765625,279.760009765625,209.7899932861328,161.5399932861328,40.16999816894531,43.59000015258789,386.19000244140625,401.75,498.69000244140625,248.3800048828125,0,-0.10872718067096623,-0.09753382447244892,0.6256826393525554,-0.7623750937408206,-0.21033881597208093,-0.22274885919889792,0.5700217054329842
1765344763.09365,281.510009765625,279.760009765625,209.7899932861328,161.5399932861328,40.16999816894531,43.59000015258789,386.19000244140625,401.75,498.69000244140625,248.3800048828125,1,-0.13266259739882483,-0.12140300983773167,0.6880162582376016,0.6688624167755414,0.4191434350334372,0.5840736897568471,0.18920828001801415
1765344763.4450147,281.510009765625,279.760009765625,209.7899932861328,161.5399932861328,40.16999816894531,43.59000015258789,386.19000244140625,401.8399963378906,497.989990234375,248.3800048828125,0,-0.10657829994502352,-0.09571625922554308,0.6133261886713115,-0.7626925039479678,-0.20326989678693963,-0.22457394834648287,0.5714438163160724
1765344763.5613678,281.510009765625,279.760009765625,209.7899932861328,161.5399932861328,40.16999816894531,43.59000015258789,386.19000244140625,401.8399963378906,497.989990234375,248.2899932861328,0,-0.11196606098552088,-0.10043990143720978,0.6443128136742974,-0.7669267394937879,-0.20825058538261088,-0.21882003327013747,0.5661915426575035
1765344763.6164234,281.510009765625,279.760009765625,209.7899932861328,161.5399932861328,40.16999816894531,43.59000015258789,386.19000244140625,401.8399963378906,487.8800048828125,248.3800048828125,0,-0.10850782135613107,-0.09722519981395866,0.6244260500399541,-0.7637654188394981,-0.20563380549528398,-0.22970134360448016,0.5671105851319922
1765344763.683867,281.510009765625,279.760009765625,209.7899932861328,161.5399932861328,40.16999816894531,43.59000015258789,386.19000244140625,401.8399963378906,487.8800048828125,248.2899932861328,0,-0.11084538576335827,-0.09932069268072549,0.6378631334626577,-0.7643195189319714,-0.1982743940813512,-0.2069999695396723,0.5776278648419307
1765344763.683867,281.510009765625,279.760009765625,209.7899932861328,161.5399932861328,40.16999816894531,43.59000015258789,386.19000244140625,401.8399963378906,487.8800048828125,248.2899932861328,1,-0.13266259739882483,-0.12140300983773167,0.6880162582376016,0.6688624167755414,0.4191434350334372,0.5840736897568471,0.18920828001801415
1765344763.7530105,281.510009765625,279.760009765625,209.7899932861328,161.5399932861328,40.16999816894531,43.59000015258789,386.19000244140625,401.8399963378906,487.8800048828125,248.2899932861328,0,-0.10808584218284989,-0.09641112605898602,0.6213578040073084,-0.7670703519108828,-0.19742399799261215,-0.2284976879613982,0.566052689095479
1765344763.7530105,281.510009765625,279.760009765625,209.7899932861328,161.5399932861328,40.16999816894531,43.59000015258789,386.19000244140625,401.8399963378906,487.8800048828125,248.2899932861328,1,-0.1297299015192052,-0.11778396377123292,0.6709304200120136,0.6593834122986517,0.4211656314912984,0.5866378197393284,0.20901936486222833
1765344763.8131578,281.510009765625,279.760009765625,209.7899932861328,161.5399932861328,40.16999816894531,43.59000015258789,386.19000244140625,401.8399963378906,473.989990234375,248.2899932861328,0,-0.11599586306986796,-0.1021119692323929,0.6626749305656865,-0.7699805926847485,-0.2121956441213474,-0.19144618976987932,0.5704833493866103
1765344763.8782792,281.510009765625,279.760009765625,209.7899932861328,161.5399932861328,40.16999816894531,43.59000015258789,386.19000244140625,401.8399963378906,473.989990234375,248.2899932861328,1,-0.13212268132213953,-0.11674868156731666,0.6782413600157644,0.6628038062767599,0.4109445408687616,0.59701271616638,0.18812632843608995
1765344764.1396751,281.510009765625,279.760009765625,209.7899932861328,161.5399932861328,40.16999816894531,43.59000015258789,386.19000244140625,401.8399963378906,460.1099853515625,248.2899932861328,1,-0.15172287800764295,-0.07628896299890209,0.7190160324937979,0.6716141220132161,0.3840357181308861,0.5951254376552136,0.21743217739746326
1765344764.217857,281.510009765625,279.760009765625,209.7899932861328,161.5399932861328,40.16999816894531,43.59000015258789,386.19000244140625,401.9200134277344,446.30999755859375,248.3800048828125,1,-0.15236768787673796,-0.07408349728004228,0.7202241591740436,0.6705345646201206,0.3813092242511124,0.6055118512984525,0.19581131501484073
1765344764.2738872,281.510009765625,279.760009765625,209.7899932861328,161.5399932861328,40.16999816894531,43.59000015258789,386.19000244140625,401.9200134277344,446.30999755859375,248.3800048828125,0,-0.1274013849636123,-0.05421572435118296,0.6617482993415328,0.887517880276955,0.1150049441171151,-0.07483948990717107,0.4398692143896345
1765344764.5891633,281.510009765625,279.760009765625,209.7899932861328,161.5399932861328,40.16999816894531,43.59000015258789,386.19000244140625,401.9200134277344,432.8599853515625,248.3800048828125,0,-0.13388348743681427,-0.05108161878500708,0.6771798153958707,-0.8354549639810049,-0.17629672933902965,-0.25089819399447705,0.4560532453937461
1765344764.9490044,281.510009765625,279.760009765625,209.7899932861328,161.5399932861328,40.16999816894531,43.59000015258789,386.19000244140625,401.9200134277344,408.3399963378906,248.2899932861328,0,-0.13983011087088099,-0.03135086188731328,0.6854283319277092,-0.8520571811036138,-0.1708801561763328,-0.26092593357112775,0.4203762475984471
1765344765.1624467,281.510009765625,279.760009765625,209.7899932861328,161.5399932861328,40.16999816894531,43.59000015258789,386.1000061035156,401.9200134277344,408.3399963378906,248.3800048828125,0,-0.13812769739723169,-0.02762616033116638,0.6670869533842232,-0.8576496427639648,-0.16435017664028687,-0.2517223259419234,0.4172073589086584
1765344765.221173,281.510009765625,279.760009765625,209.7899932861328,161.5399932861328,40.16999816894531,43.59000015258789,386.1000061035156,401.9200134277344,408.3399963378906,248.3800048828125,0,-0.1457117019949401,-0.030026608948929716,0.6976336693867929,-0.860564045997491,-0.17193382252049993,-0.257891070760978,0.40417877112940237
1765344765.2866645,281.510009765625,279.760009765625,209.7899932861328,161.5399932861328,40.16999816894531,43.59000015258789,386.19000244140625,401.9200134277344,408.3399963378906,248.3800048828125,0,-0.14400393194247738,-0.03286320913653381,0.6835688513514487,-0.8572723680074021,-0.17044171978206446,-0.25243290364762583,0.4151040066835565
1765344765.4099517,281.510009765625,279.760009765625,209.7899932861328,161.5399932861328,40.16999816894531,43.59000015258789,386.19000244140625,401.9200134277344,408.3399963378906,248.2899932861328,0,-0.1398413730226814,-0.03765094741912468,0.6724335201081012,-0.8520290947238183,-0.17136964516516595,-0.2544853288813478,0.4241651610448789
1765344765.4553764,281.510009765625,279.760009765625,209.7899932861328,161.5399932861328,40.16999816894531,43.59000015258789,392.5199890136719,401.8399963378906,408.3399963378906,248.2899932861328,0,-0.14421201618978152,-0.039786224799159844,0.6969152239133386,0.9117359311706339,0.09642326180311786,-0.051335762260934246,0.3959858405407364
1765344765.5133018,281.510009765625,279.760009765625,209.7899932861328,161.5399932861328,40.16999816894531,43.59000015258789,392.5199890136719,401.8399963378906,408.3399963378906,248.2899932861328,0,-0.13883341270421673,-0.03812405240906704,0.6722416357397837,-0.8519861750992995,-0.17104016762474417,-0.25393598781001925,0.424713235717366
1765344765.6150956,281.510009765625,279.760009765625,209.7899932861328,161.5399932861328,40.16999816894531,43.59000015258789,405.17999267578125,401.8399963378906,408.3399963378906,248.3800048828125,0,-0.14316496516315586,-0.04104490130605817,0.6908054014359946,-0.8586051541158841,-0.16160931334381134,-0.2594715877698244,0.4115265657359039
1765344765.719133,281.510009765625,279.760009765625,209.7899932861328,161.5399932861328,40.16999816894531,43.59000015258789,405.17999267578125,401.8399963378906,408.3399963378906,248.2899932861328,0,-0.14806865079461992,-0.045449222501203895,0.7150684973045579,-0.8626975805510868,-0.17817978238206256,-0.2548101633383117,0.39884411782184415
1765344766.2585726,281.510009765625,279.760009765625,209.7899932861328,161.5399932861328,40.16999816894531,43.59000015258789,444.1099853515625,401.8399963378906,408.3399963378906,248.2899932861328,0,-0.1459359842203963,-0.0726367744852313,0.6886230925554251,-0.8669946831964691,-0.17897069800062318,-0.25405417099204286,0.38954612919110093
1765344766.4580076,281.510009765625,279.760009765625,209.7899932861328,161.5399932861328,40.16999816894531,43.59000015258789,457.0299987792969,401.8399963378906,408.3399963378906,248.3800048828125,0,-0.14840374089251235,-0.07361897176789002,0.6943701934466859,-0.8727458408210409,-0.16878811269574534,-0.2520367799552455,0.38249540113833286
1765344766.645755,281.510009765625,279.760009765625,209.7899932861328,161.5399932861328,40.16999816894531,43.59000015258789,467.92999267578125,401.8399963378906,408.42999267578125,248.3800048828125,0,-0.14967909814791722,-0.07525662220305798,0.6979745033183415,-0.8774019535441069,-0.17591269339477156,-0.2386450366087217,0.37718574034764873
1765344766.8202586,281.510009765625,279.760009765625,209.7899932861328,161.5399932861328,40.16999816894531,43.59000015258789,468.2799987792969,401.8399963378906,408.3399963378906,248.2899932861328,0,-0.1583641347927997,-0.08649950303061778,0.7280653611561608,-0.8823654556881867,-0.17970967384184658,-0.23491417567082776,0.36599312261944394
1765344766.8964834,281.510009765625,279.760009765625,209.7899932861328,161.5399932861328,40.16999816894531,43.59000015258789,468.2799987792969,401.8399963378906,408.3399963378906,248.3800048828125,0,-0.1485181203222439,-0.08744894643481362,0.6862316864241969,-0.8727416571501302,-0.17853239001009336,-0.24328018829478118,0.38374853169150314
1765344767.3798938,281.510009765625,279.760009765625,209.7899932861328,161.5399932861328,40.16999816894531,43.59000015258789,468.3699951171875,401.8399963378906,408.3399963378906,248.3800048828125,0,-0.1511409607741838,-0.08422271676373695,0.6983605226306809,-0.8826096574383752,-0.1765789937091251,-0.2568685585886425,0.3519070831707998
1765344767.4515502,281.510009765625,279.760009765625,209.7899932861328,161.5399932861328,40.16999816894531,43.59000015258789,472.94000244140625,401.9200134277344,408.3399963378906,248.3800048828125,0,-0.14807037347185317,-0.08386263568116012,0.6841728606263457,-0.8745293720290771,-0.173783721641151,-0.2519996661486832,0.3761565682158577
1765344767.5165312,281.510009765625,279.760009765625,209.7899932861328,161.5399932861328,40.16999816894531,43.59000015258789,472.94000244140625,401.9200134277344,408.3399963378906,248.2899932861328,0,-0.15060521239253857,-0.08571206069892091,0.6982079445004024,-0.8821707879800271,-0.17629428087789875,-0.25685613118861406,0.3531571254204847
1765344767.5714908,281.510009765625,279.760009765625,209.7899932861328,161.5399932861328,40.16999816894531,43.59000015258789,472.94000244140625,401.9200134277344,408.3399963378906,248.2899932861328,0,-0.14849111102263074,-0.083801866770516,0.6866941018431044,-0.8774508032032611,-0.17855661621247698,-0.260089854964706,0.36131826705709286
1765344767.6328373,281.510009765625,279.760009765625,209.7899932861328,161.5399932861328,40.16999816894531,43.59000015258789,486.4700012207031,401.8399963378906,408.3399963378906,248.2899932861328,0,-0.15181356467684085,-0.08541246935988446,0.7008926370375281,-0.8851734161496099,-0.18115625056204362,-0.26604550805456767,0.33596164047152566
1765344767.6986551,281.510009765625,279.760009765625,209.7899932861328,161.5399932861328,40.16999816894531,43.59000015258789,486.4700012207031,401.8399963378906,408.3399963378906,248.3800048828125,0,-0.14915153524830066,-0.0836479493877394,0.6874583152249252,-0.8780702322494786,-0.17872054345499488,-0.2595765125751839,0.36009952610882934
1765344767.8227074,281.510009765625,279.760009765625,209.7899932861328,161.5399932861328,40.16999816894531,43.59000015258789,498.7799987792969,401.8399963378906,408.3399963378906,248.3800048828125,0,-0.15453181223181683,-0.09208803757699005,0.6989139577676796,-0.8800151396021064,-0.1762205349632298,-0.26064481496744213,0.355786393161608
1765344768.129183,281.510009765625,279.760009765625,209.7899932861328,161.5399932861328,40.16999816894531,43.59000015258789,511.9599914550781,401.9200134277344,408.42999267578125,248.2899932861328,0,-0.1543540469389573,-0.10770203210049785,0.6885877069170886,-0.8848011132129785,-0.1816106853844429,-0.25996218075948646,0.3414150166381658
1765344768.190265,281.510009765625,279.760009765625,209.7899932861328,161.5399932861328,40.16999816894531,43.59000015258789,511.9599914550781,401.9200134277344,408.42999267578125,248.3800048828125,0,-0.1570994582009478,-0.11016249769250495,0.7002677211317497,-0.8949651186485366,-0.18099714266099404,-0.2541625991739838,0.318871202732532
1765344768.249011,281.510009765625,279.760009765625,209.7899932861328,161.5399932861328,40.16999816894531,43.59000015258789,524.7899780273438,401.9200134277344,408.3399963378906,248.3800048828125,0,-0.15508049549131991,-0.10885668032194376,0.6896145875738408,-0.8952724808437125,-0.18470564489794736,-0.2541087035655431,0.3159110263333913
1765344768.4639459,281.510009765625,279.760009765625,209.7899932861328,161.5399932861328,40.16999816894531,43.59000015258789,537.7999877929688,401.8399963378906,408.42999267578125,248.3800048828125,0,-0.15742525176783656,-0.1103579663523731,0.696714412140444,-0.8948632618038982,-0.17906796479601444,-0.28048131326032577,0.29746367773102034
1765344768.6578395,281.510009765625,279.760009765625,209.7899932861328,161.5399932861328,40.16999816894531,43.59000015258789,546.1500244140625,401.9200134277344,408.3399963378906,248.2899932861328,0,-0.15805353469438502,-0.11495990887773483,0.6912268514450078,-0.8956936925692374,-0.1879837741640422,-0.2685880449044852,0.3004253183024249
1765344768.9630122,281.510009765625,279.760009765625,209.7899932861328,161.5399932861328,40.16999816894531,43.59000015258789,546.239990234375,401.8399963378906,408.3399963378906,248.3800048828125,0,-0.15563778170560574,-0.11617222345309866,0.6801336140153905,-0.8944947887638909,-0.19100484043390614,-0.2695792107182776,0.301203042736243
1765344769.0233836,281.510009765625,279.760009765625,209.7899932861328,161.5399932861328,40.16999816894531,43.59000015258789,546.239990234375,401.9200134277344,408.42999267578125,248.2899932861328,0,-0.15921745311962773,-0.11941611151915238,0.6968793006586347,-0.9025177588847825,-0.18030407100965642,-0.27996672136257145,0.2730764944194696
1765344769.8420944,281.510009765625,279.760009765625,209.7899932861328,161.5399932861328,40.16999816894531,43.59000015258789,560.3900146484375,401.8399963378906,408.42999267578125,248.3800048828125,0,-0.15725090031685157,-0.11744355352473412,0.6861062381464673,-0.9063959373556477,-0.1819420017890981,-0.2647906583430859,0.27427982059274403
1765344770.020799,281.510009765625,279.760009765625,209.7899932861328,161.5399932861328,40.16999816894531,43.59000015258789,573.6599731445312,401.9200134277344,408.42999267578125,248.2899932861328,0,-0.1668900627229994,-0.1323525915971945,0.722999595271842,-0.9113603140782502,-0.19573454691016987,-0.2338308861050726,0.2764660589880432
1765344770.235349,281.510009765625,279.760009765625,209.7899932861328,161.5399932861328,40.16999816894531,43.59000015258789,586.1400146484375,401.9200134277344,408.42999267578125,248.2899932861328,0,-0.16129675840042657,-0.13558599836964033,0.6955476013871479,-0.912558078154204,-0.19600531615355551,-0.251063996172273,0.25648886888334854
1765344770.4500518,281.510009765625,279.760009765625,209.7899932861328,161.5399932861328,40.16999816894531,43.59000015258789,598.7999877929688,401.9200134277344,408.42999267578125,248.2899932861328,0,-0.16089406305516107,-0.1371497431464742,0.6932985787252829,-0.9175586068510824,-0.1979175874264663,-0.26911875080205716,0.21561523496155835
1765344770.5736477,281.510009765625,279.760009765625,209.7899932861328,161.5399932861328,40.16999816894531,43.59000015258789,598.7999877929688,401.9200134277344,408.42999267578125,248.3800048828125,0,-0.16886442307321078,-0.145157460113275,0.718718704177937,-0.908457515063959,-0.20095086697633552,-0.293144110387445,0.21997777826505469
1765344771.7568824,281.510009765625,279.760009765625,209.7899932861328,161.5399932861328,40.16999816894531,43.59000015258789,619.6300048828125,401.9200134277344,408.42999267578125,248.3800048828125,0,-0.06807828174786047,-0.20100456334167668,0.7792613130777223,-0.9208620308539919,-0.1976999026405024,-0.19904709475681287,0.2707547279296709
1765344771.8159873,281.510009765625,279.760009765625,209.7899932861328,161.5399932861328,40.16999816894531,43.59000015258789,619.6300048828125,401.8399963378906,408.42999267578125,248.3800048828125,0,-0.06866662951358517,-0.19230159671185768,0.74761630885271,-0.919318620739038,-0.1872858913222413,-0.24274492942219825,0.2466823214458598
1765344771.8886976,281.510009765625,279.760009765625,209.7899932861328,161.5399932861328,40.16999816894531,43.59000015258789,619.6300048828125,401.8399963378906,408.42999267578125,248.2899932861328,0,-0.07502591546178047,-0.2051225344650397,0.7757167560921004,-0.930704481248105,-0.19998477695032724,-0.20751822376389772,0.2252364188551676
1765344772.392023,281.510009765625,279.760009765625,209.7899932861328,161.5399932861328,40.16999816894531,43.59000015258789,619.6300048828125,401.9200134277344,408.42999267578125,248.3800048828125,0,-0.13247343951262797,-0.19338287637629142,0.7143452532951998,-0.9137706918535066,-0.20295208138638057,-0.2761237434533219,0.21814961304532243
1765344772.7584352,281.510009765625,279.760009765625,209.7899932861328,161.5399932861328,40.16999816894531,43.59000015258789,619.6300048828125,401.8399963378906,408.42999267578125,248.2899932861328,0,-0.09931803506616459,-0.2199461177898212,0.7392533419546614,-0.919829994141973,-0.20601590264071462,-0.18997628843373582,0.2745527992369624
1765344773.3382053,281.510009765625,279.760009765625,209.7899932861328,161.5399932861328,40.16999816894531,43.59000015258789,619.6300048828125,401.9200134277344,408.42999267578125,248.3800048828125,0,-0.13856563877505584,-0.1903501498077243,0.6858664571439987,-0.9146380091011915,-0.22752866826009654,-0.2026782079323261,0.2656869613973113
1765344773.4915311,281.510009765625,279.760009765625,209.7899932861328,161.5399932861328,40.16999816894531,43.59000015258789,619.6300048828125,401.9200134277344,408.42999267578125,248.3800048828125,0,-0.14200169606132,-0.19844004097965495,0.7085657023497256,-0.9105996633830766,-0.22239727644625085,-0.22418083455975285,0.2666283141228819
1765344773.8978093,281.510009765625,279.760009765625,209.7899932861328,161.5399932861328,40.16999816894531,43.59000015258789,619.6300048828125,401.9200134277344,408.42999267578125,248.3800048828125,0,-0.0985235289406711,-0.21267461658449988,0.7096537533847208,-0.9259768306483032,-0.21247161675357668,-0.22133790307673445,0.22007329196937825
1765344774.3383954,281.510009765625,279.760009765625,209.7899932861328,161.5399932861328,40.16999816894531,43.59000015258789,619.6300048828125,401.9200134277344,408.42999267578125,248.3800048828125,0,-0.128883530210137,-0.20174134790225218,0.7090769012874595,0.9688173322593948,0.23504702264132718,-0.06309971712065084,0.04652203306532269
1765344774.8988013,281.510009765625,279.760009765625,209.7899932861328,161.5399932861328,40.16999816894531,43.59000015258789,619.6300048828125,401.9200134277344,408.42999267578125,248.3800048828125,0,-0.11419556288318462,-0.2087573393319978,0.7227872167977497,0.9714180166623209,0.23114780936062865,-0.0482190358537049,0.02434443905627053
1765344775.1009283,281.510009765625,279.760009765625,209.7899932861328,161.5399932861328,40.16999816894531,43.59000015258789,619.97998046875,401.9200134277344,408.42999267578125,248.3800048828125,0,-0.09975298453881472,-0.19702841794811166,0.6994631800821142,-0.9230491239677133,-0.21617263711591944,-0.22043837462430058,0.22947032204139736
1765344775.2322817,281.510009765625,279.760009765625,209.7899932861328,161.5399932861328,40.16999816894531,43.5099983215332,635.0999755859375,401.8399963378906,408.42999267578125,248.2899932861328,0,-0.1019895177041502,-0.19886554358595304,0.699288397050447,-0.913273940555438,-0.22397535682338535,-0.24964819426146834,0.23117423762211858
1765344775.3067696,281.510009765625,279.760009765625,209.7899932861328,161.5399932861328,40.16999816894531,43.5099983215332,635.0999755859375,401.8399963378906,408.42999267578125,248.3800048828125,0,-0.1068168643322536,-0.2071789507156402,0.7207639878746759,-0.9113237673585515,-0.22877183025246023,-0.22912311599030755,0.25427355043190863
1765344775.4404895,281.510009765625,279.760009765625,209.7899932861328,161.5399932861328,40.16999816894531,43.59000015258789,647.9299926757812,401.9200134277344,408.42999267578125,248.3800048828125,0,-0.11732600959083399,-0.22658323769238978,0.7359215270021745,0.9667200552275758,0.25456424414513806,-0.025482766146351993,9.514797792517807e-05
1765344775.6302438,281.510009765625,279.760009765625,209.7899932861328,161.5399932861328,40.16999816894531,43.59000015258789,660.760009765625,401.9200134277344,408.42999267578125,248.3800048828125,0,-0.1144404346978181,-0.23912110572701983,0.6841425050036526,-0.9092045822225846,-0.23197527270035007,-0.23245386885450753,0.25592909052240437
1765344775.7680347,281.510009765625,279.760009765625,209.7899932861328,161.5399932861328,40.16999816894531,43.59000015258789,660.760009765625,401.9200134277344,408.42999267578125,248.3800048828125,0,-0.11544726797590402,-0.24283021509707922,0.6988568618744819,-0.9665020548380062,-0.25095763344169053,0.026267327235692674,0.04694754233344812
1765344775.986496,281.510009765625,279.760009765625,209.7899932861328,161.5399932861328,40.16999816894531,43.59000015258789,673.239990234375,401.9200134277344,408.42999267578125,248.3800048828125,0,-0.10328667144998346,-0.24193118872567726,0.7037428289808803,-0.9236769393478861,-0.24844552051747304,-0.18508166001096973,0.22547841178105582
1765344776.0593708,281.510009765625,279.760009765625,209.7899932861328,161.5399932861328,40.16999816894531,43.59000015258789,685.6300048828125,401.9200134277344,408.5199890136719,248.3800048828125,0,-0.09962194458760153,-0.24687906336460103,0.7073957010645969,-0.9213732002195258,-0.256492883561678,-0.18166104222501075,0.22865277679741394
1765344776.3982923,281.510009765625,279.760009765625,209.7899932861328,161.5399932861328,40.16999816894531,43.59000015258789,688.3599853515625,401.8399963378906,408.5199890136719,248.3800048828125,0,-0.09519354160751912,-0.24386528365287516,0.6902139559839158,-0.9146940147847035,-0.24867942771950285,-0.2590675452285481,0.1854114574544828
1765344776.471114,281.510009765625,279.760009765625,209.7899932861328,161.5399932861328,40.16999816894531,43.59000015258789,688.3599853515625,401.9200134277344,408.5199890136719,248.3800048828125,0,-0.09859357964358,-0.24649057977154182,0.700714412219466,-0.9554746069222187,-0.2829597598638317,0.004481130571156525,0.08355817909360362
1765344776.836474,281.510009765625,279.760009765625,209.7899932861328,161.5399932861328,40.16999816894531,43.59000015258789,688.27001953125,401.9200134277344,408.42999267578125,248.3800048828125,0,-0.09725417050783382,-0.24340237053449634,0.6889097354485793,-0.9188926133234393,-0.2540460372834029,-0.22366483800481132,0.20265985384506155
1765344777.5192354,281.510009765625,279.760009765625,209.7899932861328,161.5399932861328,40.16999816894531,43.59000015258789,688.3599853515625,401.9200134277344,408.5199890136719,248.3800048828125,0,-0.09944840969280778,-0.24825922720669966,0.7026494690062127,-0.9164231224906497,-0.25993052983879833,-0.22659612597084114,0.20312305609461448
1765344777.5841048,281.510009765625,279.760009765625,209.7899932861328,161.5399932861328,40.16999816894531,43.59000015258789,688.3599853515625,401.9200134277344,408.5199890136719,248.3800048828125,0,-0.09707083548635285,-0.24204525447696892,0.685075193157698,-0.9052596291744982,-0.2483664252979812,-0.28423635811431514,0.19500978256862742
1765344777.7209897,281.510009765625,279.760009765625,209.7899932861328,161.5399932861328,40.16999816894531,43.59000015258789,688.3599853515625,401.9200134277344,408.42999267578125,248.3800048828125,0,-0.10011106448100139,-0.2504749950041926,0.7081811921696797,-0.9268493208696573,-0.262297374159707,-0.18963853457195373,0.19023051836595403
1765344777.8046575,281.510009765625,279.760009765625,209.7899932861328,161.5399932861328,40.16999816894531,43.59000015258789,688.3599853515625,401.9200134277344,408.42999267578125,248.2899932861328,0,-0.09765939365635516,-0.24398082977044508,0.6908988456960754,-0.9160564226015868,-0.2615785517420041,-0.22704945621061592,0.20215300223692545
1765344778.142371,281.510009765625,279.760009765625,209.7899932861328,161.5399932861328,40.16999816894531,43.59000015258789,688.3599853515625,401.9200134277344,408.5199890136719,248.3800048828125,0,-0.09944840969280778,-0.24825922720669966,0.7026494690062127,-0.9164231224906497,-0.25993052983879833,-0.22659612597084114,0.20312305609461448
1765344778.2138019,281.510009765625,279.760009765625,209.7899932861328,161.5399932861328,40.16999816894531,43.59000015258789,688.3599853515625,401.9200134277344,408.42999267578125,248.3800048828125,0,-0.09662007554362013,-0.24126888072854397,0.6835813544144123,-0.9097448874084658,-0.25306006271995896,-0.25113231244141904,0.2127378812956303
1765344778.8551962,281.510009765625,279.760009765625,209.7899932861328,161.5399932861328,40.16999816894531,43.59000015258789,688.3599853515625,401.8399963378906,408.5199890136719,248.2899932861328,0,-0.0952986468097894,-0.23756594661006417,0.6734342961087922,-0.9048110257503246,-0.2504206337402376,-0.2832429863409021,0.1959079492171536
1765344778.9207785,281.510009765625,279.760009765625,209.7899932861328,161.5399932861328,40.16999816894531,43.59000015258789,688.3599853515625,401.8399963378906,408.5199890136719,248.3800048828125,0,-0.09944840969280778,-0.24825922720669966,0.7026494690062127,-0.9164231224906497,-0.25993052983879833,-0.22659612597084114,0.20312305609461448
1765344778.9947286,281.510009765625,279.760009765625,209.7899932861328,161.5399932861328,40.16999816894531,43.59000015258789,688.3599853515625,401.8399963378906,408.5199890136719,248.3800048828125,0,-0.09793310552386573,-0.24404378307188426,0.6910759667362252,-0.9163893390749633,-0.26145114348785065,-0.22726822569066504,0.20055680589315397
1765344779.4876342,281.510009765625,279.760009765625,209.7899932861328,161.5399932861328,40.16999816894531,43.59000015258789,688.3599853515625,401.9200134277344,408.5199890136719,248.3800048828125,0,-0.09653374151024573,-0.24015249783863038,0.6804066434350429,-0.9105329639283493,-0.2577596526264832,-0.26518428163594365,0.18484312227118113
1765344779.5582485,281.510009765625,279.760009765625,209.7899932861328,161.5399932861328,40.16999816894531,43.59000015258789,688.3599853515625,401.9200134277344,408.5199890136719,248.3800048828125,0,-0.09877363936608609,-0.24551663755128286,0.6958251667027128,-0.9538537658889227,-0.28450371962702714,-0.030670989077732164,0.09099405061266341
1765344780.2477431,281.510009765625,279.760009765625,209.7899932861328,161.5399932861328,40.16999816894531,43.59000015258789,688.3599853515625,401.9200134277344,408.42999267578125,248.3800048828125,0,-0.09694515360601239,-0.24072934363196105,0.6841422890486792,-0.9107947890362127,-0.25275860937334077,-0.2518575856388866,0.2076865287116304
1765344781.204545,281.510009765625,279.760009765625,209.7899932861328,161.5399932861328,40.16999816894531,43.59000015258789,688.3599853515625,401.9200134277344,408.5199890136719,248.3800048828125,0,-0.09859369892705618,-0.24551888309357817,0.6966537246092587,-0.920390626677472,-0.2564632141747511,-0.2401045632198478,0.1716319108453101
1765344781.4886112,281.510009765625,279.760009765625,209.7899932861328,161.5399932861328,40.16999816894531,43.59000015258789,688.3599853515625,401.9200134277344,408.5199890136719,248.3800048828125,0,-0.09767796626384574,-0.24219101733222959,0.6840992411040535,-0.9099422752426545,-0.2526290112051005,-0.25306285240047105,0.21010195420007843
1765344781.6392334,281.510009765625,279.760009765625,209.7899932861328,161.5399932861328,40.16999816894531,43.59000015258789,688.3599853515625,401.9200134277344,408.5199890136719,248.3800048828125,0,-0.0987923147160987,-0.24920478250030254,0.7006869217077385,-0.9188958990711356,-0.2522188406191617,-0.22313493454894084,0.2054915669579057
1765344781.7049005,281.510009765625,279.760009765625,209.7899932861328,161.5399932861328,40.16999816894531,43.59000015258789,688.3599853515625,401.9200134277344,408.5199890136719,248.3800048828125,0,-0.09574050944476258,-0.24647687670791166,0.6905722337701699,-0.9139773332205409,-0.24854079332130907,-0.25942746615553275,0.18860089665323065
1765344781.8356164,281.510009765625,279.760009765625,209.7899932861328,161.5399932861328,40.16999816894531,43.59000015258789,688.3599853515625,401.9200134277344,408.42999267578125,248.3800048828125,0,-0.0957186411149112,-0.2536261995877685,0.7077357942272416,-0.9249348002829616,-0.26353255866870123,-0.18224292911123013,0.20453293264412128
1765344782.0340638,281.510009765625,279.760009765625,209.7899932861328,161.5399932861328,40.16999816894531,43.59000015258789,688.3599853515625,401.9200134277344,408.42999267578125,248.3800048828125,0,-0.08842400156110568,-0.2648940578638187,0.712684922266935,-0.9225632143693265,-0.2562728254593309,-0.22003848762004233,0.1865058132861065
1765344782.0979936,281.510009765625,279.760009765625,209.7899932861328,161.5399932861328,40.16999816894531,43.59000015258789,688.3599853515625,401.9200134277344,408.42999267578125,248.3800048828125,0,-0.07361380832230158,-0.252640133256638,0.6866369549919727,-0.9416323309394043,-0.3044459342015392,-0.03231210866524641,0.13998983574310433
1765344782.1578674,281.510009765625,279.760009765625,209.7899932861328,161.5399932861328,40.16999816894531,43.59000015258789,688.3599853515625,401.9200134277344,408.42999267578125,248.3800048828125,0,-0.0749253299480768,-0.25822679990027925,0.7035117438417126,-0.9454192267918778,-0.3022900046555915,0.007639600723479902,0.12142847770748061
1765344782.58843,281.510009765625,279.760009765625,209.7899932861328,161.5399932861328,40.16999816894531,43.59000015258789,688.3599853515625,401.9200134277344,408.42999267578125,248.3800048828125,0,-0.06611099564861227,-0.2604782780412009,0.7224946964470651,-0.9237725383988229,-0.2711859124896575,-0.17311014984640802,0.20769057317919185
1765344782.9054182,281.510009765625,279.760009765625,209.7899932861328,161.5399932861328,40.16999816894531,43.59000015258789,688.3599853515625,401.9200134277344,408.42999267578125,248.2899932861328,0,-0.08347408675772496,-0.2539437444320552,0.6950218332232204,-0.9140939761140341,-0.25752982467728175,-0.2443164925307409,0.19601031531835406
1765344783.0614157,281.510009765625,279.760009765625,209.7899932861328,161.5399932861328,40.16999816894531,43.59000015258789,688.3599853515625,401.8399963378906,408.42999267578125,248.3800048828125,0,-0.07832351757410586,-0.261986898731162,0.7126932602092539,-0.9526510410216054,-0.28653800808975766,-0.04843419422259018,0.08947677235134228
1765344783.5679643,281.510009765625,279.760009765625,209.7899932861328,161.5399932861328,40.16999816894531,43.59000015258789,688.3599853515625,401.9200134277344,408.42999267578125,248.3800048828125,0,-0.07675355909316964,-0.2461744967602347,0.7063806710345965,-0.9398459153770803,-0.30492253212819814,-0.013315055836164987,0.15340995416734177
1765344783.8820117,281.510009765625,279.760009765625,209.7899932861328,161.5399932861328,40.16999816894531,43.59000015258789,688.3599853515625,401.9200134277344,408.42999267578125,248.3800048828125,0,-0.08266837623222566,-0.2577616810823128,0.7250799593335772,-0.9299209317459038,-0.27295780751596715,-0.15312754327984168,0.19311408935131213
1765344784.4875438,281.510009765625,279.760009765625,209.7899932861328,161.5399932861328,40.16999816894531,43.59000015258789,688.3599853515625,401.9200134277344,408.42999267578125,248.3800048828125,0,-0.06447579628467355,-0.25336633552296,0.7026751942220403,-0.9384895459936173,-0.3122178184672027,0.055587564210002174,0.13662879856558077
1765344784.6865926,281.510009765625,279.760009765625,209.7899932861328,161.5399932861328,40.16999816894531,43.59000015258789,688.3599853515625,401.9200134277344,408.5199890136719,248.3800048828125,0,-0.06543842127607781,-0.24943972214144944,0.7160943196938538,-0.9411106132723687,-0.3097131301794701,0.015989591730050698,0.13465854424004126
1765344784.7971747,281.510009765625,279.760009765625,209.7899932861328,161.5399932861328,40.16999816894531,43.59000015258789,688.3599853515625,401.9200134277344,408.5199890136719,248.3800048828125,0,-0.06791450797543915,-0.25661897228129,0.723709319226461,-0.9216134928985633,-0.2787514423281476,-0.18020573975047016,0.20112706050721546
1765344784.8791602,281.510009765625,279.760009765625,209.7899932861328,161.5399932861328,40.16999816894531,43.59000015258789,688.3599853515625,401.9200134277344,408.5199890136719,248.2899932861328,0,-0.06740081575411297,-0.25469088524315436,0.7114205230767932,-0.9201477766973893,-0.28006392584371276,-0.18144656320626787,0.2048643726480832
1765344784.9469438,281.510009765625,279.760009765625,209.7899932861328,161.5399932861328,40.16999816894531,43.59000015258789,688.3599853515625,401.9200134277344,408.5199890136719,248.2899932861328,0,-0.06797614482884175,-0.25520245478898007,0.6996853148989154,-0.9455076481181387,-0.31271045902571715,0.052937591610029366,0.07365505794282717
1765344785.610652,281.510009765625,279.760009765625,209.7899932861328,161.5399932861328,40.16999816894531,43.59000015258789,688.3599853515625,401.9200134277344,408.42999267578125,248.3800048828125,0,-0.06993248755553867,-0.252981059520719,0.7149262333853323,-0.9159370608909757,-0.2836329574342219,-0.14382178210673122,0.24479979766160334
1765344785.7084365,281.510009765625,279.760009765625,209.7899932861328,161.5399932861328,40.16999816894531,43.59000015258789,688.3599853515625,401.9200134277344,408.5199890136719,248.2899932861328,0,-0.06467874838578162,-0.2504037161374743,0.6987448250384984,-0.9189652216355847,-0.2674715712451554,-0.22222120715551072,0.18595594932740342
1765344785.7671633,281.510009765625,279.760009765625,209.7899932861328,161.5399932861328,40.16999816894531,43.59000015258789,688.3599853515625,401.9200134277344,408.5199890136719,248.2899932861328,0,-0.0659477560865345,-0.2586469581586274,0.7176683009529937,-0.946996313029357,-0.30139831248261195,-0.05790606525046119,0.0948890296538398
1765344785.9252114,281.510009765625,279.760009765625,209.7899932861328,161.5399932861328,40.16999816894531,43.59000015258789,688.3599853515625,401.8399963378906,408.42999267578125,248.3800048828125,0,-0.06308319153821149,-0.2574197985138154,0.6999277606832008,-0.9436734186878644,-0.3091724002522794,0.03544768822818855,0.11241159719299589
1765344786.2511458,281.510009765625,279.760009765625,209.7899932861328,161.5399932861328,40.16999816894531,43.59000015258789,688.3599853515625,401.8399963378906,408.5199890136719,248.3800048828125,0,-0.0665569977156184,-0.2542968619003792,0.6895377547507,-0.9128764072716892,-0.27617327109133366,-0.2274549248122599,0.19659411629063334
1765344786.4380755,281.510009765625,279.760009765625,209.7899932861328,161.5399932861328,40.16999816894531,43.59000015258789,688.3599853515625,401.9200134277344,408.5199890136719,248.2899932861328,0,-0.0706590206529966,-0.25467426264258747,0.6989511219059581,-0.9476698346801996,-0.30696024521691523,-0.005053288103815181,0.08758856416744372
1765344786.5103445,281.510009765625,279.760009765625,209.7899932861328,161.5399932861328,40.16999816894531,43.59000015258789,688.3599853515625,401.9200134277344,408.5199890136719,248.3800048828125,0,-0.07302670660901275,-0.25917795857624454,0.7149891519749283,-0.9130954544903739,-0.28254795028830787,-0.1516605651050696,0.25183808244366945
1765344786.5808802,281.510009765625,279.760009765625,209.7899932861328,161.5399932861328,40.16999816894531,43.59000015258789,688.3599853515625,401.9200134277344,408.5199890136719,248.3800048828125,0,-0.07180711678751439,-0.24785253571127613,0.6880700129217914,-0.9417164477275949,-0.3056333566928025,0.053275217014805566,0.1300774177481839
1765344786.655459,281.510009765625,279.760009765625,209.7899932861328,161.5399932861328,40.16999816894531,43.59000015258789,692.5800170898438,401.8399963378906,408.5199890136719,248.3800048828125,0,-0.07350904918060452,-0.24908881402214403,0.695429394980904,-0.9185818855303027,-0.25889336412263614,-0.23126075226578585,0.18894446287288
1765344786.789237,281.510009765625,279.760009765625,209.7899932861328,161.5399932861328,40.16999816894531,43.59000015258789,692.5800170898438,401.8399963378906,408.5199890136719,248.3800048828125,0,-0.07323399638289095,-0.25454399597393296,0.7046317326770766,-0.9220115365386956,-0.29245044053324815,-0.1511201529908634,0.2037895131783793
1765344786.856278,281.510009765625,279.760009765625,209.7899932861328,161.5399932861328,40.16999816894531,43.59000015258789,712.8800048828125,401.9200134277344,408.5199890136719,248.3800048828125,0,-0.07242623100463595,-0.25467578708289623,0.7029249267231069,-0.9128368491969673,-0.28392009181928457,-0.15318803535848508,0.2503032041994065
1765344793.6450496,281.510009765625,279.760009765625,209.7899932861328,161.5399932861328,40.16999816894531,43.59000015258789,673.8599853515625,581.75,408.3399963378906,248.3800048828125,0,-0.0642128801630213,-0.24244525144564105,0.7033623497749497,-0.9165249139713043,-0.2776290948329231,-0.24723318106821893,0.14758022208627525
1765344793.8422964,281.510009765625,279.760009765625,209.7899932861328,161.5399932861328,40.16999816894531,43.59000015258789,660.22998046875,581.75,408.3399963378906,248.3800048828125,0,-0.0649095242094453,-0.2448945553361703,0.7053096356519745,-0.9239800611273752,-0.28458825807560234,-0.1988272806809139,0.16043092738490225
1765344794.0229826,281.510009765625,279.760009765625,209.7899932861328,161.5399932861328,40.16999816894531,43.59000015258789,655.8400268554688,581.75,408.3399963378906,248.2899932861328,0,-0.06694198072917235,-0.24383655808819985,0.7173748501468266,-0.9506523995596938,-0.29656384566334326,-0.08483165210256409,0.033369019438914696
1765344794.2585983,281.510009765625,279.760009765625,209.7899932861328,161.5399932861328,40.16999816894531,43.59000015258789,655.75,581.9199829101562,408.3399963378906,248.3800048828125,0,-0.07565614720493148,-0.21826575580924937,0.7366702172760512,-0.9310984544122225,-0.2888189472900141,-0.06981769735257164,0.21157687258734872
1765344794.3895428,281.510009765625,279.760009765625,209.7899932861328,161.5399932861328,40.16999816894531,43.59000015258789,655.75,581.9199829101562,408.3399963378906,248.3800048828125,0,-0.07591546950048328,-0.2054375119836466,0.7084430052348057,-0.9290778258435942,-0.2745458438059703,-0.18205024386328364,0.16821617604715344
1765344794.4520326,281.510009765625,279.760009765625,209.7899932861328,161.5399932861328,40.16999816894531,43.59000015258789,655.75,589.3900146484375,408.3399963378906,248.3800048828125,0,-0.08268587007756625,-0.2261352109688845,0.7415958759141048,-0.9321322349888325,-0.2825179375513383,-0.13943531767837572,0.178524238243418
1765344794.7459722,281.510009765625,279.760009765625,209.7899932861328,161.5399932861328,40.16999816894531,43.59000015258789,655.75,601.0,408.3399963378906,248.3800048828125,0,-0.07266509534730582,-0.24178126265642857,0.6956477205294284,-0.9225784449159175,-0.27303723716780504,-0.18970301805980994,0.19573565090524217
1765344794.881236,281.510009765625,279.760009765625,209.7899932861328,161.5399932861328,40.16999816894531,43.59000015258789,655.75,613.2100219726562,408.3399963378906,248.3800048828125,0,-0.06789151625251819,-0.24156713338200894,0.7034090038561853,-0.9118295722230627,-0.2652283745709561,-0.25270848823623543,0.1853622413419505
1765344795.1273615,281.510009765625,279.760009765625,209.7899932861328,161.5399932861328,40.16999816894531,43.59000015258789,655.75,625.6900024414062,408.3399963378906,248.3800048828125,0,-0.05892714737195349,-0.23293765465381094,0.6946656882552136,-0.9147538592985686,-0.28815078882218526,-0.20956481383106323,0.1904654525195549
1765344795.1918397,281.510009765625,279.760009765625,209.7899932861328,161.5399932861328,40.16999816894531,43.59000015258789,655.75,625.6900024414062,408.3399963378906,248.3800048828125,0,-0.05854783399133859,-0.23688303107441344,0.7048704142318829,-0.9339911182753741,-0.29905317670276244,-0.10021453256835607,0.16788339986076217
1765344795.253797,281.510009765625,279.760009765625,209.7899932861328,161.5399932861328,40.16999816894531,43.59000015258789,655.75,638.260009765625,408.3399963378906,248.3800048828125,0,-0.05961867475513332,-0.24703482993899434,0.7303687561367603,-0.9356461368709645,-0.29870908475691155,-0.08384844918619859,0.168251676993717
1765344795.381395,281.510009765625,279.760009765625,209.7899932861328,161.5399932861328,40.16999816894531,43.59000015258789,655.75,638.260009765625,408.3399963378906,248.3800048828125,0,-0.05591726496202955,-0.2457608116464229,0.7152253012060266,-0.9209655542740034,-0.2977359702763342,-0.16925823898059686,0.18581546862835321
1765344796.0684977,281.510009765625,279.760009765625,209.7899932861328,161.5399932861328,40.16999816894531,43.59000015258789,655.8400268554688,661.9000244140625,408.42999267578125,248.3800048828125,0,-0.040030968974597604,-0.26097200484725636,0.7044620257413345,-0.9243921579559202,-0.3381245126435695,0.027802373126104136,0.17435016578054238
1765344796.1350703,281.510009765625,279.760009765625,209.7899932861328,161.5399932861328,40.16999816894531,43.59000015258789,655.8400268554688,661.9000244140625,408.42999267578125,248.3800048828125,0,-0.03919739731922352,-0.2544758143224267,0.6919722749998279,-0.9243550562378372,-0.33900621682778603,0.02789734550832232,0.17281276883739302
1765344796.198912,281.510009765625,279.760009765625,209.7899932861328,161.5399932861328,40.16999816894531,43.59000015258789,655.8400268554688,661.9000244140625,408.42999267578125,248.3800048828125,0,-0.04059174409389722,-0.25745388695606425,0.7087918336190507,-0.9111566647319305,-0.2830582129530865,-0.255877324209277,0.1555582699501713
1765344796.2656293,281.510009765625,279.760009765625,209.7899932861328,161.5399932861328,40.16999816894531,43.59000015258789,655.8400268554688,661.9000244140625,408.42999267578125,248.3800048828125,0,-0.039876031110830205,-0.2486083245669427,0.6864081419102962,-0.9278831509690749,-0.3378451226382634,0.05387811821998866,0.1482925474671962
1765344831.9457042,393.04998779296875,405.6199951171875,443.8500061035156,203.1199951171875,153.11000061035156,184.22000122070312,655.489990234375,730.989990234375,408.42999267578125,248.3800048828125,0,-0.09691635880336602,-0.2527389615504295,0.6823146609702352,-0.8897987701193821,-0.27530656755290867,-0.33075874622575596,0.15186538233395008
1765344839.4895601,393.04998779296875,405.6199951171875,623.1400146484375,203.1199951171875,153.11000061035156,184.22000122070312,655.489990234375,730.989990234375,408.42999267578125,248.3800048828125,0,-0.2393860163181105,-0.19468166156566893,0.5328724137966251,-0.7830746686726321,-0.0833249521422874,-0.6126559467687993,0.06710966042649197
1765344839.686322,393.04998779296875,405.6199951171875,636.77001953125,203.1199951171875,153.11000061035156,184.22000122070312,655.489990234375,730.989990234375,408.42999267578125,248.2899932861328,0,-0.248233484084096,-0.18718267930712318,0.5244386859732258,-0.9374376996822587,-0.22053306591801725,0.21125917598113295,0.16716843785537933
1765344839.8461275,393.04998779296875,405.6199951171875,648.1900024414062,203.1199951171875,153.19000244140625,184.22000122070312,655.489990234375,730.989990234375,408.42999267578125,248.3800048828125,0,-0.26027816979473684,-0.18328215917842025,0.5161188908868695,-0.937799920626137,-0.2168728634835659,0.21296818846486118,0.16775583644107653
1765344840.0631564,393.04998779296875,405.6199951171875,649.0700073242188,203.1199951171875,153.11000061035156,184.22000122070312,655.489990234375,730.989990234375,408.42999267578125,248.3800048828125,0,-0.26010611644630427,-0.17677928421896555,0.5021530566153004,-0.9394769500995741,-0.21153612486580117,0.20299210550840965,0.1772843287197864
1765344840.476009,393.04998779296875,405.6199951171875,649.0700073242188,203.1999969482422,153.19000244140625,184.22000122070312,655.489990234375,730.989990234375,408.42999267578125,248.3800048828125,0,-0.24931589644376861,-0.17533807730333936,0.4993686161316021,-0.7585041603205144,-0.03939873732422439,-0.6490604980367513,0.042891119850301224
1765344840.8406792,393.04998779296875,405.6199951171875,649.0700073242188,203.1199951171875,153.19000244140625,184.22000122070312,655.489990234375,730.989990234375,408.42999267578125,248.2899932861328,0,-0.2548508330718453,-0.176624525842708,0.5077074016890768,-0.7651022162281368,-0.03829074251962794,-0.641816759400286,0.03498092498783661
1765344840.9138303,393.04998779296875,405.6199951171875,649.0700073242188,203.1199951171875,153.19000244140625,184.22000122070312,655.489990234375,730.989990234375,408.42999267578125,248.3800048828125,0,-0.24807117830464087,-0.17368773863702452,0.49492460370808655,-0.7655224713552409,-0.036752638433143914,-0.6413705422087228,0.03561484248534513
1765344841.066111,393.04998779296875,405.6199951171875,649.0700073242188,203.1199951171875,153.11000061035156,184.22000122070312,655.489990234375,730.989990234375,408.42999267578125,248.3800048828125,0,-0.2559473468943777,-0.1779154112249573,0.5106230941895284,-0.7671735614989597,-0.040229733810827395,-0.63950680470598,0.029280399404031224
1765344841.2686725,393.04998779296875,405.6199951171875,649.0700073242188,203.1199951171875,153.11000061035156,184.22000122070312,655.489990234375,730.989990234375,408.42999267578125,248.3800048828125,0,-0.24883334408990485,-0.17399685949106225,0.49733332658484725,-0.7635350340561622,-0.0315046349801652,-0.6436935993628295,0.040990973188582254
1765344841.4756913,393.04998779296875,405.6199951171875,650.3900146484375,203.1199951171875,153.11000061035156,184.22000122070312,655.489990234375,730.989990234375,408.42999267578125,248.3800048828125,0,-0.24632313088868746,-0.17179088778835827,0.491791873227572,-0.7639809455614095,-0.035290593849487746,-0.6429527201934075,0.04122485173706692
1765344841.551558,393.04998779296875,405.6199951171875,650.3900146484375,203.1199951171875,153.11000061035156,184.22000122070312,655.489990234375,730.989990234375,408.42999267578125,248.3800048828125,0,-0.2560330840334112,-0.1783152059703012,0.5109795324200385,-0.7698532791667091,-0.03291774072806086,-0.6359812944642455,0.042073079198079975
1765344841.6172354,393.04998779296875,405.6199951171875,663.1300048828125,203.1199951171875,153.19000244140625,184.22000122070312,655.489990234375,730.989990234375,408.42999267578125,248.3800048828125,0,-0.2490836488706004,-0.17320609421304808,0.49711829687215225,-0.7632192237514046,-0.03166505281635324,-0.6441098075999887,0.04020319240989029
1765344841.8904448,393.04998779296875,405.6199951171875,676.6699829101562,203.1199951171875,153.11000061035156,184.22000122070312,655.489990234375,730.989990234375,408.42999267578125,248.2899932861328,0,-0.2677776294212027,-0.1802140148675184,0.5215020598906747,-0.9348997167613993,-0.20887299909991103,0.21840810256486057,0.18609806710570986
1765344842.1526437,393.04998779296875,405.6199951171875,690.2100219726562,203.1199951171875,153.11000061035156,184.22000122070312,655.489990234375,730.989990234375,408.42999267578125,248.3800048828125,0,-0.27975172829899564,-0.1506239976465687,0.4670501906538497,-0.71549188371887,0.02273650394089733,-0.6982505237909225,0.0007885091445543176
1765344842.2275681,393.04998779296875,405.6199951171875,703.6500244140625,203.1199951171875,153.19000244140625,184.22000122070312,655.489990234375,730.989990234375,408.42999267578125,248.3800048828125,0,-0.28063276743995347,-0.1460593199523361,0.4635015775890081,0.705773526654969,-0.02887847413370303,0.7078460305623934,0.0019390259874993681
1765344843.097536,393.04998779296875,405.6199951171875,733.0999755859375,203.1199951171875,153.19000244140625,184.22000122070312,655.489990234375,730.989990234375,408.42999267578125,248.3800048828125,0,-0.2944249664912526,-0.11832925353677587,0.43785266338162226,-0.9333556018044545,-0.1339945941814684,0.24247334775350932,0.2282530283251332
1765344843.5388277,393.04998779296875,405.6199951171875,733.0999755859375,203.1199951171875,153.11000061035156,184.22000122070312,655.489990234375,730.989990234375,408.42999267578125,248.3800048828125,0,-0.2861931928118692,-0.11438674677628322,0.4263104386907957,0.6652650782956416,-0.09084497387669666,0.7402865777741895,0.03384300650083035
1765344843.710054,393.04998779296875,405.6199951171875,733.0999755859375,203.1199951171875,153.11000061035156,184.22000122070312,655.489990234375,730.989990234375,408.42999267578125,248.3800048828125,0,-0.295293217098787,-0.11843910017658706,0.43973861552402577,-0.93407097712573,-0.12678702210025364,0.23206401957714165,0.23996406300951414
1765344844.4351196,393.04998779296875,405.6199951171875,733.0999755859375,203.1199951171875,153.19000244140625,184.22000122070312,655.489990234375,730.989990234375,408.42999267578125,248.3800048828125,0,-0.2799860563952387,-0.11140662134121562,0.418301995270454,0.6607920032246991,-0.10065268124456384,0.7434111144196542,0.023725117278897954
1765344844.8516798,393.04998779296875,405.6199951171875,733.0999755859375,203.1199951171875,153.11000061035156,184.22000122070312,655.489990234375,730.989990234375,408.42999267578125,248.3800048828125,0,-0.2949059919641883,-0.11755702425575379,0.43998567803786004,-0.9339894822817347,-0.12815331718891304,0.2354306019502132,0.23624734061135008
1765344844.9246178,393.04998779296875,405.6199951171875,733.0999755859375,203.1199951171875,153.11000061035156,184.22000122070312,655.489990234375,730.989990234375,408.42999267578125,248.3800048828125,0,-0.2884562435959752,-0.11482849932425526,0.4309380378722982,-0.9342442947295116,-0.11168391961053016,0.2521947768655581,0.22607984073666884
1765344845.0098815,393.04998779296875,405.6199951171875,733.0999755859375,203.1199951171875,153.11000061035156,184.22000122070312,655.489990234375,730.989990234375,408.42999267578125,248.3800048828125,0,-0.2943231720431967,-0.11741876135779973,0.43947178026585393,-0.9345497742893044,-0.1256370025376286,0.23225189027621346,0.23851859976172887
1765344845.0912745,393.04998779296875,405.6199951171875,733.0999755859375,203.1199951171875,153.11000061035156,184.22000122070312,655.489990234375,730.989990234375,408.42999267578125,248.3800048828125,0,-0.3002522188360719,-0.11954838533019863,0.44832205319470714,-0.9373632786812732,-0.1114178754364899,0.241399280256582,0.2250833807830265
1765344845.1697042,393.04998779296875,405.6199951171875,733.0999755859375,203.1199951171875,153.11000061035156,184.22000122070312,655.489990234375,730.989990234375,408.42999267578125,248.3800048828125,0,-0.2905680068921795,-0.11540403090844852,0.43397836976128873,-0.9353646513984059,-0.10720928913774752,0.2471697889459712,0.2291423851436521
1765344846.1414266,393.04998779296875,405.6199951171875,733.0999755859375,203.1199951171875,153.11000061035156,184.22000122070312,655.489990234375,730.989990234375,408.42999267578125,248.3800048828125,0,-0.28271064592918105,-0.11160832315243258,0.4230510457096462,0.662431188740714,-0.09362099317379881,0.7425327868224064,0.0326357214485391
1765344846.2941563,393.04998779296875,405.6199951171875,733.0999755859375,203.1199951171875,153.11000061035156,184.22000122070312,655.489990234375,730.989990234375,408.42999267578125,248.3800048828125,0,-0.2927290643754979,-0.11582222186711427,0.4373243367887901,-0.9335532172621258,-0.12378771194401206,0.2412035411207673,0.23446928298180775
1765344846.3672645,393.04998779296875,405.6199951171875,733.0999755859375,203.1199951171875,153.11000061035156,184.22000122070312,655.489990234375,730.989990234375,408.42999267578125,248.3800048828125,0,-0.28271064592918105,-0.11160832315243258,0.4230510457096462,0.662431188740714,-0.09362099317379881,0.7425327868224064,0.0326357214485391
1765344846.4407809,393.04998779296875,405.6199951171875,733.0999755859375,203.1199951171875,153.11000061035156,184.22000122070312,655.489990234375,730.989990234375,408.42999267578125,248.3800048828125,0,-0.2950583520443606,-0.11690227555550191,0.44080846998713114,-0.9326503512951528,-0.12975241857039804,0.23193231218755672,0.24399802185160058
1765344846.7633429,393.04998779296875,405.6199951171875,733.0999755859375,203.1199951171875,153.19000244140625,184.22000122070312,655.489990234375,730.989990234375,408.42999267578125,248.3800048828125,0,-0.28483875122293656,-0.11246422172792528,0.42658228661664155,0.666832516910089,-0.09789286276075194,0.7380532656871597,0.03207427037953336
1765344846.9921856,393.04998779296875,405.6199951171875,733.0999755859375,203.1199951171875,153.11000061035156,184.22000122070312,655.489990234375,730.989990234375,408.42999267578125,248.3800048828125,0,-0.29115032127798457,-0.11483633575163553,0.4356661322962767,-0.9337990981055948,-0.11984589877043285,0.2492016466112813,0.22705669831852823
1765344847.1473665,393.04998779296875,405.6199951171875,733.0999755859375,203.1199951171875,153.11000061035156,184.22000122070312,655.489990234375,730.989990234375,408.42999267578125,248.3800048828125,0,-0.2842840335439877,-0.11199842563067788,0.4259800056780143,0.6663393107926815,-0.0901532555839485,0.7393783876387943,0.034408041103881036
1765344847.227746,393.04998779296875,405.6199951171875,733.0999755859375,203.1199951171875,153.11000061035156,184.22000122070312,655.489990234375,730.989990234375,408.42999267578125,248.3800048828125,0,-0.30021760448527707,-0.11851580153674292,0.44899449900530525,-0.9351422088928816,-0.12379797112895313,0.2408587347078486,0.22840792763437817
1765344847.4792411,393.04998779296875,405.6199951171875,733.0999755859375,203.1199951171875,153.11000061035156,184.22000122070312,655.489990234375,730.989990234375,408.42999267578125,248.3800048828125,0,-0.2828783893090439,-0.11103287535085363,0.4237600513398989,0.6632751040211841,-0.10101993854493838,0.7409405066502663,0.029466489558667274
1765344847.5495973,393.04998779296875,405.6199951171875,733.0999755859375,203.1199951171875,153.11000061035156,184.22000122070312,655.489990234375,730.989990234375,408.42999267578125,248.3800048828125,0,-0.2973370666016874,-0.11728259581243822,0.44492184661893314,-0.9362232948827359,-0.11684099325847315,0.25010553744953046,0.21744273855516266
1765344847.6935434,393.04998779296875,405.6199951171875,733.0999755859375,203.1199951171875,153.11000061035156,184.22000122070312,655.489990234375,730.989990234375,408.42999267578125,248.3800048828125,0,-0.2824609595900075,-0.11123379825333256,0.42345758710982057,-0.9374427389513805,-0.09939121910238585,0.25325228679267303,0.21722287169392898
1765344847.7644916,393.04998779296875,405.6199951171875,733.0999755859375,203.1199951171875,153.11000061035156,184.22000122070312,655.489990234375,730.989990234375,408.42999267578125,248.3800048828125,0,-0.29351066113755264,-0.1157666226806025,0.4392023003105033,-0.9327073586106723,-0.12642371848135736,0.240204152432811,0.2374362898819053
1765344847.911695,393.04998779296875,405.6199951171875,733.0999755859375,203.1199951171875,153.11000061035156,184.22000122070312,655.489990234375,730.989990234375,408.42999267578125,248.3800048828125,0,-0.2876620817679956,-0.11299095345260496,0.4309259526765546,0.670777380091537,-0.09346646540995586,0.734568915070159,0.041596096138374415
1765344848.154493,393.04998779296875,405.6199951171875,733.0999755859375,203.1199951171875,153.11000061035156,184.22000122070312,655.489990234375,730.989990234375,408.42999267578125,248.3800048828125,0,-0.2942201063058862,-0.11582313971498481,0.44062058150864725,-0.9349382144287789,-0.11847912411185024,0.236234433402146,0.23674147255092956
1765344848.2375875,393.04998779296875,405.6199951171875,733.0999755859375,203.1199951171875,153.11000061035156,184.22000122070312,655.489990234375,730.989990234375,408.42999267578125,248.2899932861328,0,-0.2843911607698574,-0.11179508891094965,0.42637183446509547,0.6669263907628484,-0.09769263457112862,0.7379634634757644,0.032791234033604164
1765344848.6435223,393.04998779296875,405.6199951171875,733.0999755859375,203.1199951171875,153.11000061035156,184.22000122070312,655.489990234375,730.989990234375,408.42999267578125,248.3800048828125,0,-0.2939723149431841,-0.1155666571993696,0.440249649569362,-0.9345898609030578,-0.1190213439674686,0.23643296623443574,0.2376450379346617
