timestamp,motor1,motor2,motor3,motor4,motor5,motor6,motor7,motor8,motor9,motor10,marker_id,x,y,z,qx,qy,qz,qw
1761075951.5493414,314.55999755859375,270.7900085449219,216.0399932861328,83.41000366210938,36.29999923706055,33.130001068115234,170.67999267578125,177.5399932861328,79.80000305175781,172.35000610351562,0,-0.38832638332201624,0.055896133372911765,0.6295281884013613,0.8545227584539595,0.0871108292603099,0.4846640211751122,0.16523723941105845
1761075955.6205006,314.55999755859375,270.7900085449219,216.0399932861328,83.41000366210938,36.29999923706055,33.130001068115234,170.67999267578125,177.5399932861328,79.80000305175781,172.35000610351562,0,-0.38316561909845726,0.05531265882453583,0.6201303112793755,-0.9912313922473078,-0.12640040497367175,-0.017012515874838242,0.03455197461164722
1761075955.949545,314.55999755859375,270.7900085449219,216.0399932861328,83.41000366210938,36.29999923706055,33.130001068115234,170.67999267578125,177.5399932861328,79.80000305175781,172.35000610351562,0,-0.38832638332201624,0.055896133372911765,0.6295281884013613,0.8545227584539595,0.0871108292603099,0.4846640211751122,0.16523723941105845
1761075957.9846873,314.55999755859375,270.7900085449219,216.0399932861328,83.41000366210938,36.29999923706055,33.130001068115234,170.67999267578125,177.5399932861328,79.80000305175781,172.35000610351562,0,-0.38316561909845726,0.05531265882453583,0.6201303112793755,-0.9912313922473078,-0.12640040497367175,-0.017012515874838242,0.03455197461164722
1761075959.6533518,314.55999755859375,270.7900085449219,216.0399932861328,83.41000366210938,36.29999923706055,33.130001068115234,170.67999267578125,177.5399932861328,79.80000305175781,172.35000610351562,0,-0.38832638332201624,0.055896133372911765,0.6295281884013613,0.8545227584539595,0.0871108292603099,0.4846640211751122,0.16523723941105845
1761075961.155163,314.55999755859375,270.7900085449219,216.0399932861328,83.41000366210938,36.29999923706055,33.130001068115234,170.67999267578125,177.5399932861328,79.80000305175781,172.35000610351562,0,-0.38316561909845726,0.05531265882453583,0.6201303112793755,-0.9912313922473078,-0.12640040497367175,-0.017012515874838242,0.03455197461164722
1761075961.809778,314.55999755859375,270.7900085449219,216.0399932861328,83.41000366210938,36.29999923706055,33.130001068115234,170.67999267578125,177.5399932861328,79.80000305175781,172.35000610351562,0,-0.38875278557758214,0.05628756708841294,0.629187683375041,-0.9913930711133747,-0.12393783842725883,-0.02946212646603851,0.030185656502201934
1761075962.2537596,314.55999755859375,270.7900085449219,216.0399932861328,83.41000366210938,36.29999923706055,33.130001068115234,170.67999267578125,177.5399932861328,79.80000305175781,172.35000610351562,0,-0.38316561909845726,0.05531265882453583,0.6201303112793755,-0.9912313922473078,-0.12640040497367175,-0.017012515874838242,0.03455197461164722
1761075962.5669258,314.55999755859375,270.7900085449219,216.0399932861328,83.41000366210938,36.29999923706055,33.130001068115234,170.67999267578125,177.5399932861328,79.80000305175781,172.35000610351562,0,-0.39055259690046484,0.056172640727714836,0.6325802486760119,0.8595920888840826,0.09663118542057103,0.4788310454711704,0.14994894005994405
1761075962.7156272,314.55999755859375,270.7900085449219,216.0399932861328,83.41000366210938,36.29999923706055,33.130001068115234,170.67999267578125,177.5399932861328,79.80000305175781,172.35000610351562,0,-0.3844557574133651,0.05551377108623543,0.6224850509224176,-0.9917123515412121,-0.12587147608221189,-0.011982519910807808,0.022790404254242624
1761075962.78949,314.55999755859375,270.7900085449219,216.0399932861328,83.41000366210938,36.29999923706055,33.130001068115234,170.67999267578125,177.5399932861328,79.80000305175781,172.35000610351562,0,-0.39018155566810137,0.056168026333830924,0.6317708902512681,-0.9919381742638405,-0.12313180541825698,-0.02440017726374275,0.017373781455329976
1761075962.8618605,314.55999755859375,270.7900085449219,216.0399932861328,83.41000366210938,36.29999923706055,33.130001068115234,170.67999267578125,177.5399932861328,79.80000305175781,172.35000610351562,0,-0.3844557574133651,0.05551377108623543,0.6224850509224176,-0.9917123515412121,-0.12587147608221189,-0.011982519910807808,0.022790404254242624
1761075962.955635,314.55999755859375,270.7900085449219,216.0399932861328,83.41000366210938,36.29999923706055,33.130001068115234,170.67999267578125,177.5399932861328,79.80000305175781,172.35000610351562,0,-0.39018155566810137,0.056168026333830924,0.6317708902512681,-0.9919381742638405,-0.12313180541825698,-0.02440017726374275,0.017373781455329976
1761075963.0382578,314.55999755859375,270.7900085449219,216.0399932861328,83.41000366210938,36.29999923706055,33.130001068115234,170.67999267578125,177.5399932861328,79.80000305175781,172.35000610351562,0,-0.3844557574133651,0.05551377108623543,0.6224850509224176,-0.9917123515412121,-0.12587147608221189,-0.011982519910807808,0.022790404254242624
1761075964.695049,314.55999755859375,270.7900085449219,216.0399932861328,83.41000366210938,36.29999923706055,33.130001068115234,170.67999267578125,177.5399932861328,79.80000305175781,172.35000610351562,0,-0.39018155566810137,0.056168026333830924,0.6317708902512681,-0.9919381742638405,-0.12313180541825698,-0.02440017726374275,0.017373781455329976
1761075964.768106,314.55999755859375,270.7900085449219,216.0399932861328,83.41000366210938,36.29999923706055,33.130001068115234,170.67999267578125,177.5399932861328,79.80000305175781,172.35000610351562,0,-0.3844557574133651,0.05551377108623543,0.6224850509224176,-0.9917123515412121,-0.12587147608221189,-0.011982519910807808,0.022790404254242624
1761075965.058142,314.55999755859375,270.7900085449219,216.0399932861328,83.41000366210938,36.29999923706055,33.130001068115234,170.67999267578125,177.5399932861328,79.80000305175781,172.35000610351562,0,-0.39018155566810137,0.056168026333830924,0.6317708902512681,-0.9919381742638405,-0.12313180541825698,-0.02440017726374275,0.017373781455329976
1761075965.1415212,314.55999755859375,270.7900085449219,216.0399932861328,83.41000366210938,36.29999923706055,33.130001068115234,170.67999267578125,177.5399932861328,79.80000305175781,172.35000610351562,0,-0.38316561909845726,0.05531265882453583,0.6201303112793755,-0.9912313922473078,-0.12640040497367175,-0.017012515874838242,0.03455197461164722
1761075965.3658144,314.55999755859375,270.7900085449219,216.0399932861328,83.41000366210938,36.29999923706055,33.130001068115234,170.67999267578125,177.5399932861328,79.80000305175781,172.35000610351562,0,-0.39018155566810137,0.056168026333830924,0.6317708902512681,-0.9919381742638405,-0.12313180541825698,-0.02440017726374275,0.017373781455329976
1761075965.435317,314.55999755859375,270.7900085449219,216.0399932861328,83.41000366210938,36.29999923706055,33.130001068115234,170.67999267578125,177.5399932861328,79.80000305175781,172.35000610351562,0,-0.3844557574133651,0.05551377108623543,0.6224850509224176,-0.9917123515412121,-0.12587147608221189,-0.011982519910807808,0.022790404254242624
1761075966.2601125,314.55999755859375,270.7900085449219,216.0399932861328,83.41000366210938,36.29999923706055,33.130001068115234,170.67999267578125,177.5399932861328,79.80000305175781,172.35000610351562,0,-0.39018155566810137,0.056168026333830924,0.6317708902512681,-0.9919381742638405,-0.12313180541825698,-0.02440017726374275,0.017373781455329976
1761075966.3324509,314.55999755859375,270.7900085449219,216.0399932861328,83.41000366210938,36.29999923706055,33.130001068115234,170.67999267578125,177.5399932861328,79.80000305175781,172.35000610351562,0,-0.3844557574133651,0.05551377108623543,0.6224850509224176,-0.9917123515412121,-0.12587147608221189,-0.011982519910807808,0.022790404254242624
1761075966.5474436,314.55999755859375,270.7900085449219,216.0399932861328,83.41000366210938,36.29999923706055,33.130001068115234,170.67999267578125,177.5399932861328,79.80000305175781,172.35000610351562,0,-0.39018155566810137,0.056168026333830924,0.6317708902512681,-0.9919381742638405,-0.12313180541825698,-0.02440017726374275,0.017373781455329976
1761075966.6190782,314.55999755859375,270.7900085449219,216.0399932861328,83.41000366210938,36.29999923706055,33.130001068115234,170.67999267578125,177.5399932861328,79.80000305175781,172.35000610351562,0,-0.38316561909845726,0.05531265882453583,0.6201303112793755,-0.9912313922473078,-0.12640040497367175,-0.017012515874838242,0.03455197461164722
1761075967.7804837,314.55999755859375,270.7900085449219,216.0399932861328,83.41000366210938,36.29999923706055,33.130001068115234,170.67999267578125,177.5399932861328,79.80000305175781,172.35000610351562,0,-0.39018155566810137,0.056168026333830924,0.6317708902512681,-0.9919381742638405,-0.12313180541825698,-0.02440017726374275,0.017373781455329976
1761075968.070187,314.55999755859375,270.7900085449219,216.0399932861328,83.41000366210938,36.29999923706055,33.130001068115234,170.67999267578125,177.5399932861328,79.80000305175781,172.35000610351562,0,-0.3844557574133651,0.05551377108623543,0.6224850509224176,-0.9917123515412121,-0.12587147608221189,-0.011982519910807808,0.022790404254242624
1761075969.4622133,314.55999755859375,270.7900085449219,216.0399932861328,83.41000366210938,36.29999923706055,33.130001068115234,170.67999267578125,177.5399932861328,79.80000305175781,172.35000610351562,0,-0.39018155566810137,0.056168026333830924,0.6317708902512681,-0.9919381742638405,-0.12313180541825698,-0.02440017726374275,0.017373781455329976
1761075969.5357413,314.55999755859375,270.7900085449219,216.0399932861328,83.41000366210938,36.29999923706055,33.130001068115234,170.67999267578125,177.5399932861328,79.80000305175781,172.35000610351562,0,-0.3844557574133651,0.05551377108623543,0.6224850509224176,-0.9917123515412121,-0.12587147608221189,-0.011982519910807808,0.022790404254242624
1761075970.7469144,314.55999755859375,270.7900085449219,216.0399932861328,83.41000366210938,36.29999923706055,33.130001068115234,170.67999267578125,177.5399932861328,79.80000305175781,172.35000610351562,0,-0.39018155566810137,0.056168026333830924,0.6317708902512681,-0.9919381742638405,-0.12313180541825698,-0.02440017726374275,0.017373781455329976
1761075970.8953114,314.55999755859375,270.7900085449219,216.0399932861328,83.41000366210938,36.29999923706055,33.130001068115234,170.67999267578125,177.5399932861328,79.80000305175781,172.35000610351562,0,-0.3844557574133651,0.05551377108623543,0.6224850509224176,-0.9917123515412121,-0.12587147608221189,-0.011982519910807808,0.022790404254242624
1761075970.9736993,314.55999755859375,270.7900085449219,216.0399932861328,83.41000366210938,36.29999923706055,33.130001068115234,170.67999267578125,177.5399932861328,79.80000305175781,172.35000610351562,0,-0.39018155566810137,0.056168026333830924,0.6317708902512681,-0.9919381742638405,-0.12313180541825698,-0.02440017726374275,0.017373781455329976
1761075971.1806035,314.55999755859375,270.7900085449219,216.0399932861328,83.41000366210938,36.29999923706055,33.130001068115234,170.67999267578125,177.5399932861328,79.80000305175781,172.35000610351562,0,-0.3844557574133651,0.05551377108623543,0.6224850509224176,-0.9917123515412121,-0.12587147608221189,-0.011982519910807808,0.022790404254242624
1761075972.1233745,314.55999755859375,270.7900085449219,216.0399932861328,83.41000366210938,36.29999923706055,33.130001068115234,170.67999267578125,177.5399932861328,79.80000305175781,172.35000610351562,0,-0.39018155566810137,0.056168026333830924,0.6317708902512681,-0.9919381742638405,-0.12313180541825698,-0.02440017726374275,0.017373781455329976
1761075972.196075,314.55999755859375,270.7900085449219,216.0399932861328,83.41000366210938,36.29999923706055,33.130001068115234,170.67999267578125,177.5399932861328,79.80000305175781,172.35000610351562,0,-0.3844557574133651,0.05551377108623543,0.6224850509224176,-0.9917123515412121,-0.12587147608221189,-0.011982519910807808,0.022790404254242624
1761075973.6440883,314.55999755859375,270.7900085449219,216.0399932861328,83.41000366210938,36.29999923706055,33.130001068115234,170.67999267578125,177.5399932861328,79.80000305175781,172.35000610351562,0,-0.39018155566810137,0.056168026333830924,0.6317708902512681,-0.9919381742638405,-0.12313180541825698,-0.02440017726374275,0.017373781455329976
1761075973.8700964,314.55999755859375,270.7900085449219,216.0399932861328,83.41000366210938,36.29999923706055,33.130001068115234,170.67999267578125,177.5399932861328,79.80000305175781,172.35000610351562,0,-0.38316561909845726,0.05531265882453583,0.6201303112793755,-0.9912313922473078,-0.12640040497367175,-0.017012515874838242,0.03455197461164722
1761075974.2247593,314.55999755859375,270.7900085449219,216.0399932861328,83.41000366210938,36.29999923706055,33.130001068115234,170.67999267578125,177.5399932861328,79.80000305175781,172.35000610351562,0,-0.39018155566810137,0.056168026333830924,0.6317708902512681,-0.9919381742638405,-0.12313180541825698,-0.02440017726374275,0.017373781455329976
1761075974.2985716,314.55999755859375,270.7900085449219,216.0399932861328,83.41000366210938,36.29999923706055,33.130001068115234,170.67999267578125,177.5399932861328,79.80000305175781,172.35000610351562,0,-0.3844557574133651,0.05551377108623543,0.6224850509224176,-0.9917123515412121,-0.12587147608221189,-0.011982519910807808,0.022790404254242624
1761075974.5928416,314.55999755859375,270.7900085449219,216.0399932861328,83.41000366210938,36.29999923706055,33.130001068115234,170.67999267578125,177.5399932861328,79.80000305175781,172.35000610351562,0,-0.39018155566810137,0.056168026333830924,0.6317708902512681,-0.9919381742638405,-0.12313180541825698,-0.02440017726374275,0.017373781455329976
1761075974.9787931,314.55999755859375,270.7900085449219,216.0399932861328,83.41000366210938,36.29999923706055,33.130001068115234,170.67999267578125,177.5399932861328,79.80000305175781,172.35000610351562,0,-0.38316561909845726,0.05531265882453583,0.6201303112793755,-0.9912313922473078,-0.12640040497367175,-0.017012515874838242,0.03455197461164722
1761075975.1942022,314.55999755859375,270.7900085449219,216.0399932861328,83.41000366210938,36.29999923706055,33.130001068115234,170.67999267578125,177.5399932861328,79.80000305175781,172.35000610351562,0,-0.38832638332201624,0.055896133372911765,0.6295281884013613,0.8545227584539595,0.0871108292603099,0.4846640211751122,0.16523723941105845
1761075976.1756394,314.55999755859375,270.7900085449219,216.0399932861328,83.41000366210938,36.29999923706055,33.130001068115234,170.67999267578125,177.5399932861328,79.80000305175781,172.35000610351562,0,-0.38316561909845726,0.05531265882453583,0.6201303112793755,-0.9912313922473078,-0.12640040497367175,-0.017012515874838242,0.03455197461164722
1761075976.3258367,314.55999755859375,270.7900085449219,216.0399932861328,83.41000366210938,36.29999923706055,33.130001068115234,170.67999267578125,177.5399932861328,79.80000305175781,172.35000610351562,0,-0.38875278557758214,0.05628756708841294,0.629187683375041,-0.9913930711133747,-0.12393783842725883,-0.02946212646603851,0.030185656502201934
1761075976.3985102,314.55999755859375,270.7900085449219,216.0399932861328,83.41000366210938,36.29999923706055,33.130001068115234,170.67999267578125,177.5399932861328,79.80000305175781,172.35000610351562,0,-0.38316561909845726,0.05531265882453583,0.6201303112793755,-0.9912313922473078,-0.12640040497367175,-0.017012515874838242,0.03455197461164722
1761075976.6200838,314.55999755859375,270.7900085449219,216.0399932861328,83.41000366210938,36.29999923706055,33.130001068115234,170.67999267578125,177.5399932861328,79.80000305175781,172.35000610351562,0,-0.38832638332201624,0.055896133372911765,0.6295281884013613,0.8545227584539595,0.0871108292603099,0.4846640211751122,0.16523723941105845
1761075977.0699286,314.55999755859375,270.7900085449219,216.0399932861328,83.41000366210938,36.29999923706055,33.130001068115234,170.67999267578125,177.5399932861328,79.80000305175781,172.35000610351562,0,-0.38316561909845726,0.05531265882453583,0.6201303112793755,-0.9912313922473078,-0.12640040497367175,-0.017012515874838242,0.03455197461164722
1761075977.8592577,314.55999755859375,270.7900085449219,216.0399932861328,83.41000366210938,36.29999923706055,33.130001068115234,170.67999267578125,177.5399932861328,79.80000305175781,172.35000610351562,0,-0.3889302545611546,0.055973045857277796,0.6294755553516633,-0.9914147272010161,-0.1237888928598461,-0.0299679285581444,0.029581615091175295
1761075977.9342217,314.55999755859375,270.7900085449219,216.0399932861328,83.41000366210938,36.29999923706055,33.130001068115234,170.67999267578125,177.5399932861328,79.80000305175781,172.35000610351562,0,-0.38316561909845726,0.05531265882453583,0.6201303112793755,-0.9912313922473078,-0.12640040497367175,-0.017012515874838242,0.03455197461164722
1761075978.0055232,314.55999755859375,270.7900085449219,216.0399932861328,83.41000366210938,36.29999923706055,33.130001068115234,170.67999267578125,177.5399932861328,79.80000305175781,172.35000610351562,0,-0.3902530273670707,0.056002868760465625,0.6316205542671262,-0.9897935242037982,-0.13142704775964492,-0.03435508885412188,0.04307480042013734
1761075978.0769985,314.55999755859375,270.7900085449219,216.0399932861328,83.41000366210938,36.29999923706055,33.130001068115234,170.67999267578125,177.5399932861328,79.80000305175781,172.35000610351562,0,-0.3844557574133651,0.05551377108623543,0.6224850509224176,-0.9917123515412121,-0.12587147608221189,-0.011982519910807808,0.022790404254242624
1761075978.8145642,314.55999755859375,270.7900085449219,216.0399932861328,83.41000366210938,36.29999923706055,33.130001068115234,170.67999267578125,177.5399932861328,79.80000305175781,172.35000610351562,0,-0.39018155566810137,0.056168026333830924,0.6317708902512681,-0.9919381742638405,-0.12313180541825698,-0.02440017726374275,0.017373781455329976
1761075978.892103,314.55999755859375,270.7900085449219,216.0399932861328,83.41000366210938,36.29999923706055,33.130001068115234,170.67999267578125,177.5399932861328,79.80000305175781,172.35000610351562,0,-0.3844557574133651,0.05551377108623543,0.6224850509224176,-0.9917123515412121,-0.12587147608221189,-0.011982519910807808,0.022790404254242624
1761075979.4818535,314.55999755859375,270.7900085449219,216.0399932861328,83.41000366210938,36.29999923706055,33.130001068115234,170.67999267578125,177.5399932861328,79.80000305175781,172.35000610351562,0,-0.39018155566810137,0.056168026333830924,0.6317708902512681,-0.9919381742638405,-0.12313180541825698,-0.02440017726374275,0.017373781455329976
1761075979.5496986,314.55999755859375,270.7900085449219,216.0399932861328,83.41000366210938,36.29999923706055,33.130001068115234,170.67999267578125,177.5399932861328,79.80000305175781,172.35000610351562,0,-0.3844557574133651,0.05551377108623543,0.6224850509224176,-0.9917123515412121,-0.12587147608221189,-0.011982519910807808,0.022790404254242624
1761075979.8488872,314.55999755859375,270.7900085449219,216.0399932861328,83.41000366210938,36.29999923706055,33.130001068115234,170.67999267578125,177.5399932861328,79.80000305175781,172.35000610351562,0,-0.39018155566810137,0.056168026333830924,0.6317708902512681,-0.9919381742638405,-0.12313180541825698,-0.02440017726374275,0.017373781455329976
1761075979.9207184,314.55999755859375,270.7900085449219,216.0399932861328,83.41000366210938,36.29999923706055,33.130001068115234,170.67999267578125,177.5399932861328,79.80000305175781,172.35000610351562,0,-0.3844557574133651,0.05551377108623543,0.6224850509224176,-0.9917123515412121,-0.12587147608221189,-0.011982519910807808,0.022790404254242624
1761075980.1523132,314.55999755859375,270.7900085449219,216.0399932861328,83.41000366210938,36.29999923706055,33.130001068115234,170.67999267578125,177.5399932861328,79.80000305175781,172.35000610351562,0,-0.39018155566810137,0.056168026333830924,0.6317708902512681,-0.9919381742638405,-0.12313180541825698,-0.02440017726374275,0.017373781455329976
1761075980.2239947,314.55999755859375,270.7900085449219,216.0399932861328,83.41000366210938,36.29999923706055,33.130001068115234,170.67999267578125,177.5399932861328,79.80000305175781,172.35000610351562,0,-0.38316561909845726,0.05531265882453583,0.6201303112793755,-0.9912313922473078,-0.12640040497367175,-0.017012515874838242,0.03455197461164722
1761075980.5199468,314.55999755859375,270.7900085449219,216.0399932861328,83.41000366210938,36.29999923706055,33.130001068115234,170.67999267578125,177.5399932861328,79.80000305175781,172.35000610351562,0,-0.3889302545611546,0.055973045857277796,0.6294755553516633,-0.9914147272010161,-0.1237888928598461,-0.0299679285581444,0.029581615091175295
1761075981.0548115,314.55999755859375,270.7900085449219,216.0399932861328,83.41000366210938,36.29999923706055,33.130001068115234,170.67999267578125,177.5399932861328,79.80000305175781,172.35000610351562,0,-0.38316561909845726,0.05531265882453583,0.6201303112793755,-0.9912313922473078,-0.12640040497367175,-0.017012515874838242,0.03455197461164722
1761075983.0852857,314.55999755859375,270.7900085449219,216.0399932861328,83.41000366210938,36.29999923706055,33.130001068115234,170.67999267578125,177.5399932861328,79.80000305175781,172.35000610351562,0,-0.39018155566810137,0.056168026333830924,0.6317708902512681,-0.9919381742638405,-0.12313180541825698,-0.02440017726374275,0.017373781455329976
1761075983.1714633,314.55999755859375,270.7900085449219,216.0399932861328,83.41000366210938,36.29999923706055,33.130001068115234,170.67999267578125,177.5399932861328,79.80000305175781,172.35000610351562,0,-0.3844557574133651,0.05551377108623543,0.6224850509224176,-0.9917123515412121,-0.12587147608221189,-0.011982519910807808,0.022790404254242624
1761075984.5684643,314.55999755859375,270.7900085449219,216.0399932861328,83.41000366210938,36.29999923706055,33.130001068115234,170.67999267578125,177.5399932861328,79.80000305175781,172.35000610351562,0,-0.39018155566810137,0.056168026333830924,0.6317708902512681,-0.9919381742638405,-0.12313180541825698,-0.02440017726374275,0.017373781455329976
1761075984.7665837,314.55999755859375,270.7900085449219,216.0399932861328,83.41000366210938,36.29999923706055,33.130001068115234,170.67999267578125,177.5399932861328,79.80000305175781,172.35000610351562,0,-0.3844557574133651,0.05551377108623543,0.6224850509224176,-0.9917123515412121,-0.12587147608221189,-0.011982519910807808,0.022790404254242624
1761075984.8470054,314.55999755859375,270.7900085449219,216.0399932861328,83.41000366210938,36.29999923706055,33.130001068115234,170.67999267578125,177.5399932861328,79.80000305175781,172.35000610351562,0,-0.39018155566810137,0.056168026333830924,0.6317708902512681,-0.9919381742638405,-0.12313180541825698,-0.02440017726374275,0.017373781455329976
1761075984.925204,314.55999755859375,270.7900085449219,216.0399932861328,83.41000366210938,36.29999923706055,33.130001068115234,170.67999267578125,177.5399932861328,79.80000305175781,172.35000610351562,0,-0.3844557574133651,0.05551377108623543,0.6224850509224176,-0.9917123515412121,-0.12587147608221189,-0.011982519910807808,0.022790404254242624
1761075984.9985752,314.55999755859375,270.7900085449219,216.0399932861328,83.41000366210938,36.29999923706055,33.130001068115234,170.67999267578125,177.5399932861328,79.80000305175781,172.35000610351562,0,-0.39018155566810137,0.056168026333830924,0.6317708902512681,-0.9919381742638405,-0.12313180541825698,-0.02440017726374275,0.017373781455329976
1761075985.1461928,314.55999755859375,270.7900085449219,216.0399932861328,83.41000366210938,36.29999923706055,33.130001068115234,170.67999267578125,177.5399932861328,79.80000305175781,172.35000610351562,0,-0.38316561909845726,0.05531265882453583,0.6201303112793755,-0.9912313922473078,-0.12640040497367175,-0.017012515874838242,0.03455197461164722
1761075985.2333987,314.55999755859375,270.7900085449219,216.0399932861328,83.41000366210938,36.29999923706055,33.130001068115234,170.67999267578125,177.5399932861328,79.80000305175781,172.35000610351562,0,-0.39018155566810137,0.056168026333830924,0.6317708902512681,-0.9919381742638405,-0.12313180541825698,-0.02440017726374275,0.017373781455329976
1761075985.3279724,314.55999755859375,270.7900085449219,216.0399932861328,83.41000366210938,36.29999923706055,33.130001068115234,170.67999267578125,177.5399932861328,79.80000305175781,172.35000610351562,0,-0.3844557574133651,0.05551377108623543,0.6224850509224176,-0.9917123515412121,-0.12587147608221189,-0.011982519910807808,0.022790404254242624
1761075985.4790719,314.55999755859375,270.7900085449219,216.0399932861328,83.41000366210938,36.29999923706055,33.130001068115234,170.67999267578125,177.5399932861328,79.80000305175781,172.35000610351562,0,-0.39018155566810137,0.056168026333830924,0.6317708902512681,-0.9919381742638405,-0.12313180541825698,-0.02440017726374275,0.017373781455329976
1761075985.5501134,314.55999755859375,270.7900085449219,216.0399932861328,83.41000366210938,36.29999923706055,33.130001068115234,170.67999267578125,177.5399932861328,79.80000305175781,172.35000610351562,0,-0.3844557574133651,0.05551377108623543,0.6224850509224176,-0.9917123515412121,-0.12587147608221189,-0.011982519910807808,0.022790404254242624
1761075985.6199157,314.55999755859375,270.7900085449219,216.0399932861328,83.41000366210938,36.29999923706055,33.130001068115234,170.67999267578125,177.5399932861328,79.80000305175781,172.35000610351562,0,-0.39018155566810137,0.056168026333830924,0.6317708902512681,-0.9919381742638405,-0.12313180541825698,-0.02440017726374275,0.017373781455329976
1761075985.6909664,314.55999755859375,270.7900085449219,216.0399932861328,83.41000366210938,36.29999923706055,33.130001068115234,170.67999267578125,177.5399932861328,79.80000305175781,172.35000610351562,0,-0.38316561909845726,0.05531265882453583,0.6201303112793755,-0.9912313922473078,-0.12640040497367175,-0.017012515874838242,0.03455197461164722
1761075987.214662,314.55999755859375,270.7900085449219,216.0399932861328,83.41000366210938,36.29999923706055,33.130001068115234,170.67999267578125,177.5399932861328,79.80000305175781,172.35000610351562,0,-0.3889302545611546,0.055973045857277796,0.6294755553516633,-0.9914147272010161,-0.1237888928598461,-0.0299679285581444,0.029581615091175295
1761075987.3051612,314.55999755859375,270.7900085449219,216.0399932861328,83.41000366210938,36.29999923706055,33.130001068115234,170.67999267578125,177.5399932861328,79.80000305175781,172.35000610351562,0,-0.38316561909845726,0.05531265882453583,0.6201303112793755,-0.9912313922473078,-0.12640040497367175,-0.017012515874838242,0.03455197461164722
1761075987.461558,314.55999755859375,270.7900085449219,216.0399932861328,83.41000366210938,36.29999923706055,33.130001068115234,170.67999267578125,177.5399932861328,79.80000305175781,172.35000610351562,0,-0.38832638332201624,0.055896133372911765,0.6295281884013613,0.8545227584539595,0.0871108292603099,0.4846640211751122,0.16523723941105845
1761075987.5447135,314.55999755859375,270.7900085449219,216.0399932861328,83.41000366210938,36.29999923706055,33.130001068115234,170.67999267578125,177.5399932861328,79.80000305175781,172.35000610351562,0,-0.38316561909845726,0.05531265882453583,0.6201303112793755,-0.9912313922473078,-0.12640040497367175,-0.017012515874838242,0.03455197461164722
1761075987.9247134,314.55999755859375,270.7900085449219,216.0399932861328,83.41000366210938,36.29999923706055,33.130001068115234,170.67999267578125,177.5399932861328,79.80000305175781,172.35000610351562,0,-0.3889302545611546,0.055973045857277796,0.6294755553516633,-0.9914147272010161,-0.1237888928598461,-0.0299679285581444,0.029581615091175295
1761075987.9981396,314.55999755859375,270.7900085449219,216.0399932861328,83.41000366210938,36.29999923706055,33.130001068115234,170.67999267578125,177.5399932861328,79.80000305175781,172.35000610351562,0,-0.38316561909845726,0.05531265882453583,0.6201303112793755,-0.9912313922473078,-0.12640040497367175,-0.017012515874838242,0.03455197461164722
1761075988.2948518,314.55999755859375,270.7900085449219,216.0399932861328,83.41000366210938,36.29999923706055,33.130001068115234,170.67999267578125,177.5399932861328,79.80000305175781,172.35000610351562,0,-0.3889302545611546,0.055973045857277796,0.6294755553516633,-0.9914147272010161,-0.1237888928598461,-0.0299679285581444,0.029581615091175295
1761075988.4522195,314.55999755859375,270.7900085449219,216.0399932861328,83.41000366210938,36.29999923706055,33.130001068115234,170.67999267578125,177.5399932861328,79.80000305175781,172.35000610351562,0,-0.38316561909845726,0.05531265882453583,0.6201303112793755,-0.9912313922473078,-0.12640040497367175,-0.017012515874838242,0.03455197461164722
1761075989.68801,314.55999755859375,270.7900085449219,216.0399932861328,83.41000366210938,36.29999923706055,33.130001068115234,170.67999267578125,177.5399932861328,79.80000305175781,172.35000610351562,0,-0.38875278557758214,0.05628756708841294,0.629187683375041,-0.9913930711133747,-0.12393783842725883,-0.02946212646603851,0.030185656502201934
1761075991.1826031,314.55999755859375,270.7900085449219,216.0399932861328,83.41000366210938,36.29999923706055,33.130001068115234,170.67999267578125,177.5399932861328,79.80000305175781,172.35000610351562,0,-0.38316561909845726,0.05531265882453583,0.6201303112793755,-0.9912313922473078,-0.12640040497367175,-0.017012515874838242,0.03455197461164722
1761075991.323797,311.75,268.239990234375,213.57000732421875,80.86000061035156,33.400001525878906,30.40999984741211,168.1300048828125,174.63999938964844,77.16999816894531,172.35000610351562,0,-0.38316561909845726,0.05531265882453583,0.6201303112793755,-0.9912313922473078,-0.12640040497367175,-0.017012515874838242,0.03455197461164722
1761075991.6941125,311.4800109863281,267.6300048828125,213.0500030517578,80.33000183105469,33.130001068115234,30.059999465942383,167.77999877929688,174.3699951171875,76.7300033569336,172.35000610351562,0,-0.38943801329784616,0.05640359776798885,0.6283837976961664,-0.9889469188461476,-0.13204685818900486,-0.03829085100225467,0.055510626700184404
1761075992.5229926,313.7699890136719,269.9100036621094,215.16000366210938,81.91000366210938,35.5099983215332,32.52000045776367,169.88999938964844,176.75,79.01000213623047,172.35000610351562,0,-0.38961892038133494,0.05597423958130284,0.6294895519893943,-0.9914185292032818,-0.12378376110357242,-0.02992964148378884,0.029514352442618474
1761075992.7397673,316.1400146484375,269.82000732421875,217.35000610351562,83.5,37.970001220703125,34.79999923706055,169.97999572753906,178.9499969482422,81.30000305175781,172.35000610351562,0,-0.3834996605951373,0.05531251884392901,0.6201288956938518,-0.9912320578987671,-0.1263979031221515,-0.017038065794819757,0.03452943373514602
1761075992.958761,316.32000732421875,269.82000732421875,217.6199951171875,83.66999816894531,38.31999969482422,34.88999938964844,169.88999938964844,179.2100067138672,81.6500015258789,172.35000610351562,0,-0.3824874331141372,0.05531150967589895,0.6201168886305019,-0.9912287771156527,-0.12640141856365408,-0.017024687786214087,0.03461723282825641
1761075993.118241,316.32000732421875,269.82000732421875,217.6199951171875,83.58000183105469,38.22999954223633,34.79999923706055,172.08999633789062,179.2100067138672,81.6500015258789,172.35000610351562,0,-0.38806440016728927,0.05628635902042469,0.6291736162278471,-0.9913893420883411,-0.12394273401280508,-0.029498468538448952,0.030252461601719256
1761075994.2797601,316.32000732421875,269.82000732421875,217.6199951171875,83.58000183105469,38.22999954223633,34.79999923706055,172.35000610351562,179.2100067138672,81.6500015258789,172.35000610351562,0,-0.38288261899724635,0.05398067685466124,0.6202146583381173,-0.991229155501,-0.1263883770944112,-0.017186458743578645,0.03457405177399109
1761075994.4348397,316.32000732421875,269.82000732421875,217.6199951171875,83.58000183105469,38.22999954223633,34.79999923706055,172.35000610351562,179.2100067138672,81.6500015258789,172.35000610351562,0,-0.390200221549584,0.05514724903098107,0.631801187537857,-0.9919426367553599,-0.12309614530248164,-0.024456648569645308,0.017292100486504824
1761075994.5790145,316.32000732421875,269.82000732421875,217.6199951171875,83.58000183105469,38.22999954223633,34.79999923706055,172.35000610351562,179.2100067138672,81.6500015258789,172.35000610351562,0,-0.38449695712831033,0.054175139872173456,0.6225518642844907,-0.9917129759404588,-0.12586187335189672,-0.012071356452810147,0.02276937726551694
1761075994.6604311,316.32000732421875,269.82000732421875,217.6199951171875,83.58000183105469,38.22999954223633,34.79999923706055,172.35000610351562,179.2100067138672,81.6500015258789,172.35000610351562,0,-0.3919054987885292,0.05522661898383666,0.6345676556847334,-0.9905222124486678,-0.13062769850887798,-0.0301125995475245,0.029922940640257724
1761075994.7321017,316.32000732421875,269.82000732421875,217.6199951171875,83.58000183105469,38.22999954223633,34.79999923706055,172.35000610351562,179.2100067138672,81.6500015258789,172.35000610351562,0,-0.3838854383042352,0.054114269305122864,0.6218197700862798,-0.9918154768137313,-0.12453428259489371,-0.0005813403808330206,0.028159091865465825
1761075994.9483168,316.32000732421875,269.82000732421875,217.6199951171875,83.58000183105469,38.22999954223633,34.79999923706055,172.35000610351562,179.2100067138672,81.6500015258789,172.35000610351562,0,-0.390200221549584,0.05514724903098107,0.631801187537857,-0.9919426367553599,-0.12309614530248164,-0.024456648569645308,0.017292100486504824
1761075995.0889504,316.32000732421875,269.82000732421875,217.6199951171875,83.58000183105469,38.22999954223633,34.79999923706055,172.35000610351562,179.2100067138672,81.6500015258789,172.35000610351562,0,-0.38288261899724635,0.05398067685466124,0.6202146583381173,-0.991229155501,-0.1263883770944112,-0.017186458743578645,0.03457405177399109
1761075995.2357,316.32000732421875,269.82000732421875,217.6199951171875,83.58000183105469,38.22999954223633,34.79999923706055,172.35000610351562,179.2100067138672,81.6500015258789,172.35000610351562,0,-0.3880131848387291,0.05455771989846422,0.6288007634810231,-0.9917186091305099,-0.12233156295508323,-0.01764861247769352,0.034895780358457605
1761075995.529704,316.32000732421875,269.82000732421875,217.6199951171875,83.58000183105469,38.22999954223633,34.79999923706055,172.35000610351562,179.2100067138672,81.6500015258789,172.35000610351562,0,-0.38288261899724635,0.05398067685466124,0.6202146583381173,-0.991229155501,-0.1263883770944112,-0.017186458743578645,0.03457405177399109
1761075995.9179814,316.32000732421875,269.82000732421875,217.6199951171875,83.58000183105469,38.22999954223633,34.79999923706055,172.35000610351562,179.2100067138672,81.6500015258789,172.35000610351562,0,-0.390200221549584,0.05514724903098107,0.631801187537857,-0.9919426367553599,-0.12309614530248164,-0.024456648569645308,0.017292100486504824
1761075996.1369655,316.32000732421875,269.82000732421875,217.6199951171875,83.58000183105469,38.22999954223633,34.79999923706055,172.35000610351562,179.2100067138672,81.6500015258789,172.35000610351562,0,-0.38449695712831033,0.054175139872173456,0.6225518642844907,-0.9917129759404588,-0.12586187335189672,-0.012071356452810147,0.02276937726551694
1761076002.9213572,316.32000732421875,269.82000732421875,217.6199951171875,83.58000183105469,38.22999954223633,34.79999923706055,172.35000610351562,179.2100067138672,81.6500015258789,172.35000610351562,0,-0.39019408658850385,0.05538443315736551,0.6323710321989899,-0.989204537496698,-0.1330615390181213,-0.04777427117083568,0.038556826168244934
1761076002.9975383,316.32000732421875,269.82000732421875,217.6199951171875,83.58000183105469,38.22999954223633,34.79999923706055,172.35000610351562,179.2100067138672,81.6500015258789,172.35000610351562,0,-0.38288261899724635,0.05398067685466124,0.6202146583381173,-0.991229155501,-0.1263883770944112,-0.017186458743578645,0.03457405177399109
1761076010.1488402,316.32000732421875,269.82000732421875,217.6199951171875,83.58000183105469,38.22999954223633,34.79999923706055,172.35000610351562,179.2100067138672,81.6500015258789,172.35000610351562,0,-0.390200221549584,0.05514724903098107,0.631801187537857,-0.9919426367553599,-0.12309614530248164,-0.024456648569645308,0.017292100486504824
1761076010.3014157,316.32000732421875,269.82000732421875,217.6199951171875,83.58000183105469,38.22999954223633,34.79999923706055,172.35000610351562,179.2100067138672,81.6500015258789,172.35000610351562,0,-0.38288261899724635,0.05398067685466124,0.6202146583381173,-0.991229155501,-0.1263883770944112,-0.017186458743578645,0.03457405177399109
1761076010.4439263,316.32000732421875,269.82000732421875,217.6199951171875,83.58000183105469,38.22999954223633,34.79999923706055,172.35000610351562,179.2100067138672,81.6500015258789,172.35000610351562,0,-0.38862034662869577,0.05495763374225445,0.6295244834078658,-0.9914170678302405,-0.12374662614410233,-0.030127546864280246,0.029517809078262906
1761076011.0270364,316.32000732421875,269.82000732421875,217.6199951171875,83.58000183105469,38.22999954223633,34.79999923706055,172.35000610351562,179.2100067138672,81.6500015258789,172.35000610351562,0,-0.38288261899724635,0.05398067685466124,0.6202146583381173,-0.991229155501,-0.1263883770944112,-0.017186458743578645,0.03457405177399109
1761076013.730828,316.32000732421875,269.82000732421875,217.6199951171875,83.58000183105469,38.22999954223633,34.79999923706055,172.35000610351562,179.2100067138672,81.6500015258789,172.35000610351562,0,-0.38862034662869577,0.05495763374225445,0.6295244834078658,-0.9914170678302405,-0.12374662614410233,-0.030127546864280246,0.029517809078262906
1761076013.8051226,316.32000732421875,269.82000732421875,217.6199951171875,83.58000183105469,38.22999954223633,34.79999923706055,172.35000610351562,179.2100067138672,81.6500015258789,172.35000610351562,0,-0.38288261899724635,0.05398067685466124,0.6202146583381173,-0.991229155501,-0.1263883770944112,-0.017186458743578645,0.03457405177399109
1761076014.6834574,316.32000732421875,269.82000732421875,217.6199951171875,83.58000183105469,38.22999954223633,34.79999923706055,172.35000610351562,179.2100067138672,81.6500015258789,172.35000610351562,0,-0.3919054987885292,0.05522661898383666,0.6345676556847334,-0.9905222124486678,-0.13062769850887798,-0.0301125995475245,0.029922940640257724
1761076014.829322,316.32000732421875,269.82000732421875,217.6199951171875,83.58000183105469,38.22999954223633,34.79999923706055,172.35000610351562,179.2100067138672,81.6500015258789,172.35000610351562,0,-0.38288261899724635,0.05398067685466124,0.6202146583381173,-0.991229155501,-0.1263883770944112,-0.017186458743578645,0.03457405177399109
1761076017.2129087,316.32000732421875,269.82000732421875,217.6199951171875,83.58000183105469,38.22999954223633,34.79999923706055,172.35000610351562,179.2100067138672,81.6500015258789,172.35000610351562,0,-0.3894976802745737,0.05507398350323836,0.6309243637903078,-0.9921944646512008,-0.12189259548026452,-0.012091426056319765,0.023369572065538993
1761076017.5783095,316.32000732421875,269.82000732421875,217.7100067138672,83.58000183105469,38.22999954223633,34.79999923706055,172.35000610351562,179.2100067138672,81.6500015258789,172.35000610351562,0,-0.3838511349009787,0.05410499625589687,0.6225577161759287,0.8462831235180457,0.09392137495839026,0.4998956055393246,0.15839202548404355
1761076021.7874925,316.32000732421875,269.82000732421875,217.6199951171875,83.58000183105469,38.22999954223633,34.79999923706055,172.35000610351562,179.2100067138672,81.6500015258789,172.35000610351562,0,-0.39019408658850385,0.05538443315736551,0.6323710321989899,-0.989204537496698,-0.1330615390181213,-0.04777427117083568,0.038556826168244934
1761076021.8597167,316.32000732421875,269.82000732421875,217.6199951171875,83.58000183105469,38.22999954223633,34.79999923706055,172.35000610351562,179.2100067138672,81.6500015258789,172.35000610351562,0,-0.3838511349009787,0.05410499625589687,0.6225577161759287,0.8462831235180457,0.09392137495839026,0.4998956055393246,0.15839202548404355
1761076024.574802,316.32000732421875,269.82000732421875,217.6199951171875,83.58000183105469,38.13999938964844,34.720001220703125,172.6199951171875,178.77000427246094,81.20999908447266,172.35000610351562,0,-0.38288261899724635,0.05398067685466124,0.6202146583381173,-0.991229155501,-0.1263883770944112,-0.017186458743578645,0.03457405177399109
1761076024.8001163,316.32000732421875,269.82000732421875,217.7100067138672,83.58000183105469,38.13999938964844,34.720001220703125,184.0399932861328,166.89999389648438,69.61000061035156,172.35000610351562,0,-0.38288261899724635,0.05398067685466124,0.6202146583381173,-0.991229155501,-0.1263883770944112,-0.017186458743578645,0.03457405177399109
1761076024.95081,316.32000732421875,269.82000732421875,217.6199951171875,83.58000183105469,38.13999938964844,34.720001220703125,197.22999572753906,152.92999267578125,55.810001373291016,172.35000610351562,0,-0.3861329140502989,0.05458363968268652,0.6252055244056821,-0.9903366471266748,-0.13315250271526297,-0.01712098231493476,0.03479379748072346
1761076025.2018085,316.32000732421875,269.82000732421875,217.6199951171875,83.58000183105469,38.13999938964844,34.720001220703125,210.85000610351562,139.30999755859375,42.0099983215332,172.35000610351562,0,-0.3878781369842773,0.05583316121083708,0.6242211933524788,-0.9946783289014205,-0.09872756011204718,-0.02443438054083316,0.016457579888471213
1761076025.351216,316.32000732421875,269.82000732421875,217.6199951171875,83.58000183105469,38.13999938964844,34.720001220703125,223.86000061035156,125.86000061035156,28.389999389648438,172.35000610351562,0,-0.39102402762538524,0.045852332010716056,0.6281987477094991,-0.9934929822753699,-0.10580712805148379,-0.031132274611255506,0.028413505602404965
1761076025.4984539,316.32000732421875,269.82000732421875,217.6199951171875,83.58000183105469,38.13999938964844,34.720001220703125,223.86000061035156,125.86000061035156,28.389999389648438,172.35000610351562,0,-0.3894391063567524,0.033843088053535676,0.6256528994011319,-0.9923024495284372,-0.1164014036110929,-0.031544970005882134,0.028133196842146383
1761076025.572347,316.32000732421875,269.82000732421875,217.6199951171875,83.5,38.13999938964844,34.720001220703125,237.1300048828125,111.80000305175781,14.5,172.35000610351562,0,-0.3857255242030672,0.028538083966718916,0.6202167891559125,-0.9905976904176912,-0.12654364379538258,-0.025271185358864533,0.045434448876172775
1761076025.6745973,316.32000732421875,269.82000732421875,217.6199951171875,83.5,38.13999938964844,34.720001220703125,237.1300048828125,111.80000305175781,14.5,172.35000610351562,0,-0.3845520745331402,0.013447660416775089,0.6196699376491409,-0.9898663483761773,-0.13649092834829404,-0.020712724770757522,0.03325389997585818
1761076025.749288,316.32000732421875,269.82000732421875,217.7100067138672,83.5,38.13999938964844,34.720001220703125,249.1699981689453,98.16999816894531,0.699999988079071,172.35000610351562,0,-0.37955473630324515,0.007978571022677136,0.6121371160452277,-0.9924036282400251,-0.12234840950412851,-0.0076455926137483695,0.010365821792247716
1761076025.8306997,316.32000732421875,269.82000732421875,217.7100067138672,83.5,38.13999938964844,34.720001220703125,249.1699981689453,98.16999816894531,0.699999988079071,172.35000610351562,0,-0.3786719689086472,-0.005421218486989541,0.6136537600000637,-0.9901586462036821,-0.1393659825316517,-0.008074082126309789,0.009888754163016909
1761076025.9088304,316.32000732421875,269.82000732421875,217.7100067138672,83.5,38.13999938964844,34.720001220703125,249.1699981689453,98.16999816894531,0.699999988079071,172.35000610351562,0,-0.37650183349464633,-0.021534229498375735,0.6149641940545906,0.8507458821164331,0.12319220793053155,0.5061494373099431,0.06977013027048913
1761076025.9857414,316.32000732421875,269.82000732421875,217.6199951171875,83.5,38.13999938964844,34.720001220703125,249.9600067138672,84.45999908447266,-12.920000076293945,172.35000610351562,0,-0.3762487631237808,-0.025164733669393213,0.6145760113070484,-0.987312560708188,-0.15657398531856162,-0.016004470782124035,0.02103215405724726
1761076026.171724,316.32000732421875,269.82000732421875,217.6199951171875,83.5,38.13999938964844,34.720001220703125,249.9600067138672,70.93000030517578,-26.6299991607666,172.35000610351562,0,-0.37386257585200505,-0.02863230488748861,0.610678472537317,-0.9856671539827023,-0.16668042187850501,-0.01611877161016067,0.020447095730763667
1761076026.3677127,316.32000732421875,269.82000732421875,217.6199951171875,83.5,38.13999938964844,34.79999923706055,249.9600067138672,64.16000366210938,-40.43000030517578,172.35000610351562,0,-0.37621479601494967,-0.017549041091292274,0.6096876062088848,-0.9879376494275481,-0.14985981443656637,-0.023092006270330884,0.03143240536484695
1761076026.5965908,316.32000732421875,269.82000732421875,217.6199951171875,83.5,38.13999938964844,34.720001220703125,249.9600067138672,64.16000366210938,-53.959999084472656,172.35000610351562,0,-0.37485604298071107,-0.010405524865340647,0.6053580920880902,-0.9893696640924938,-0.14316358407080798,-0.015298533352955068,0.02044042188300336
1761076026.7703617,316.32000732421875,269.82000732421875,217.6199951171875,83.5,38.13999938964844,34.720001220703125,249.8699951171875,69.16999816894531,-68.12000274658203,172.35000610351562,0,-0.3793974070192024,-0.01269493144561216,0.6135180743338011,-0.9893210424181009,-0.1394985047437505,-0.034735571858988935,0.02403086038095575
1761076026.9965935,316.32000732421875,269.82000732421875,217.6199951171875,83.5,38.13999938964844,34.720001220703125,249.9600067138672,71.19000244140625,-81.83000183105469,172.35000610351562,0,-0.37946395136862965,-0.013705947849522775,0.6138851074479269,-0.9898173631045526,-0.13921447088382044,-0.02682474838900804,0.012702427608705928
1761076027.150146,316.32000732421875,269.82000732421875,217.7100067138672,83.5,38.13999938964844,34.720001220703125,249.9600067138672,71.19000244140625,-95.62000274658203,172.35000610351562,0,-0.37169031038905137,-0.010184036333173264,0.6010346586234301,0.8503869175055632,0.10558032499152059,0.5099761813625048,0.07496118964496983
1761076027.228415,316.32000732421875,269.82000732421875,217.7100067138672,83.5,38.13999938964844,34.720001220703125,249.9600067138672,71.19000244140625,-95.62000274658203,172.35000610351562,0,-0.3818569138888275,-0.010257693256729244,0.6169631331410658,-0.9875642952412133,-0.14698519653537068,-0.04153008632102685,0.037247371643545704
1761076027.3126428,316.32000732421875,269.82000732421875,217.7100067138672,83.5,38.13999938964844,34.720001220703125,249.9600067138672,71.19000244140625,-95.62000274658203,172.35000610351562,0,-0.3748745484977066,-0.011059809727720105,0.6053880268112967,-0.9893714752433503,-0.14315045689760944,-0.015337839949292388,0.02041522300863575
1761076027.3887982,316.32000732421875,269.82000732421875,217.6199951171875,83.5,38.13999938964844,34.720001220703125,249.9600067138672,71.19000244140625,-109.51000213623047,172.35000610351562,0,-0.37934596588876,-0.012020865495751732,0.6131518170782363,-0.9894350786217967,-0.13959593263013756,-0.023003237199389775,0.03165520279748432
1761076027.541546,316.32000732421875,269.82000732421875,217.6199951171875,83.5,38.13999938964844,34.720001220703125,249.9600067138672,71.19000244140625,-123.30999755859375,172.35000610351562,0,-0.3823372154663147,-0.012964520688960745,0.6182871936736604,-0.9880026908444056,-0.14621757439009694,-0.04672970419939616,0.016954013363431605
1761076027.7868922,316.32000732421875,269.82000732421875,217.6199951171875,83.5,38.13999938964844,34.720001220703125,250.13999938964844,71.0999984741211,-136.92999267578125,172.35000610351562,0,-0.3800791764828871,-0.01072125407966366,0.6138075021118201,-0.9898001517635575,-0.13934585134961064,-0.026668843068505546,0.012929272596635838
1761076028.0304363,316.32000732421875,269.82000732421875,217.7100067138672,83.5,38.13999938964844,34.720001220703125,259.5400085449219,70.66000366210938,-150.91000366210938,172.35000610351562,0,-0.38218578945858567,-0.011614470682771239,0.6177558009723161,-0.988281378543466,-0.14658817852035724,-0.03423349300486274,0.025296060938345254
1761076028.2149386,316.32000732421875,269.82000732421875,217.6199951171875,83.5,38.13999938964844,34.720001220703125,259.8900146484375,70.66000366210938,-164.52999877929688,172.35000610351562,0,-0.3738643332940414,-0.01368800200836034,0.6055977708453917,-0.9896269891411498,-0.14308962170951814,-0.007966119214245048,0.010016160297952574
1761076028.3084059,316.32000732421875,269.82000732421875,217.6199951171875,83.5,38.13999938964844,34.720001220703125,259.8900146484375,70.66000366210938,-164.52999877929688,172.35000610351562,0,-0.38338947575353743,-0.02026328135911632,0.6224276027613366,-0.9865529851733232,-0.15329336146068614,-0.04309760164925663,0.03683679559584843
1761076028.3981357,316.32000732421875,269.82000732421875,217.6199951171875,83.5,38.13999938964844,34.720001220703125,259.8900146484375,70.66000366210938,-178.4199981689453,172.35000610351562,0,-0.3757481141016106,-0.029785016548792724,0.6105419712195183,-0.9883973021522586,-0.1489730984245365,-0.027222682884746222,0.011692501036428495
1761076028.5543568,316.32000732421875,269.82000732421875,217.6199951171875,83.5,38.13999938964844,34.79999923706055,259.8900146484375,70.66000366210938,-192.1300048828125,172.35000610351562,0,-0.37573241558924864,-0.028135427272424452,0.6105163929775308,-0.9883844773868524,-0.1490529604907744,-0.02718361326839728,0.011848670783200378
1761076028.6297712,316.32000732421875,269.82000732421875,217.6199951171875,83.5,38.13999938964844,34.79999923706055,259.8900146484375,70.66000366210938,-192.1300048828125,172.35000610351562,0,-0.3811291882325301,-0.023661435085154683,0.6187507345184127,-0.9883789497845882,-0.14583638601562748,-0.035646702230131055,0.02383511604192158
1761076028.7068863,316.32000732421875,269.82000732421875,217.6199951171875,83.5,38.13999938964844,34.79999923706055,259.8900146484375,70.66000366210938,-192.1300048828125,172.35000610351562,0,-0.37312995374509356,-0.018916009839365464,0.6057414877286309,-0.9893907335630118,-0.14298615325475786,-0.01588740664631662,0.02021204163628543
1761076028.7838104,316.32000732421875,269.82000732421875,217.6199951171875,83.5,38.13999938964844,34.720001220703125,259.8900146484375,70.66000366210938,-205.75,172.35000610351562,0,-0.37325441952427724,-0.016959954669125366,0.6056697418341797,-0.9896319590236724,-0.14305304189192108,-0.008071263633233154,0.009963312089843614
1761076028.8522687,316.32000732421875,269.82000732421875,217.6199951171875,83.5,38.13999938964844,34.720001220703125,259.8900146484375,70.66000366210938,-205.75,172.35000610351562,0,-0.3788277577089792,-0.015032929011114781,0.6139289498388123,-0.9898233755967014,-0.13915876797926957,-0.026928096440503323,0.012625372823575974
1761076029.0078921,316.32000732421875,269.82000732421875,217.6199951171875,83.5,38.13999938964844,34.79999923706055,257.7799987792969,66.01000213623047,-219.4600067138672,172.35000610351562,0,-0.3715740539107334,-0.024962169918380878,0.6019042602710946,-0.9874427848983731,-0.15319033028613352,-0.02330406832031863,0.030763446794734063
1761076029.1198332,316.32000732421875,269.82000732421875,217.6199951171875,83.5,38.13999938964844,34.79999923706055,257.7799987792969,66.01000213623047,-219.4600067138672,172.35000610351562,0,-0.37873824982598087,-0.023803817213425178,0.6140692832333491,-0.9860752193335927,-0.15664743256283983,-0.042608144337958787,0.03608032322130144
1761076029.2871153,316.32000732421875,269.82000732421875,217.6199951171875,83.5,38.13999938964844,34.79999923706055,253.64999389648438,64.25,-232.2899932861328,172.35000610351562,0,-0.37659688313121187,-0.004218435993147814,0.6087003417268951,-0.9907988751345522,-0.13288032355257268,-0.015257102372701664,0.020679203849728604
1761076029.4177003,316.32000732421875,269.82000732421875,217.6199951171875,83.5,38.13999938964844,34.720001220703125,253.64999389648438,64.25,-233.61000061035156,172.35000610351562,0,-0.3771042016270996,0.0010398880902819593,0.6084575504666286,-0.9907877913535814,-0.13297906177050292,-0.014909018181913423,0.020828893685937568
1761076029.5186317,316.32000732421875,269.82000732421875,217.6199951171875,83.5,38.13999938964844,34.720001220703125,253.64999389648438,64.25,-233.61000061035156,172.35000610351562,0,-0.3838186766798222,-0.002449040358615741,0.6171545752182175,-0.991188356733096,-0.12909728796340578,-0.026518552875596384,0.013277728368310218
1761076029.6836808,316.32000732421875,269.82000732421875,217.7100067138672,83.5,38.13999938964844,34.720001220703125,253.64999389648438,64.25,-233.61000061035156,172.35000610351562,0,-0.38103260160878316,-0.012363078514270785,0.613482976769515,-0.9893317964815115,-0.1394881467675756,-0.03457199990012077,0.02388368072384803
1761076029.9982488,316.32000732421875,269.82000732421875,217.6199951171875,83.5,38.13999938964844,34.79999923706055,253.64999389648438,69.16999816894531,-228.52000427246094,172.35000610351562,0,-0.37380283613886184,-0.019571165516687406,0.6057715720721052,-0.9893939928724284,-0.14297161709682388,-0.01589776351975138,0.02014707640683024
1761076030.161469,316.32000732421875,269.82000732421875,217.6199951171875,83.5,38.13999938964844,34.79999923706055,253.55999755859375,71.19000244140625,-222.4499969482422,172.35000610351562,0,-0.3727859743706744,-0.01630610261188578,0.6057046675511184,0.8416723005417783,0.11260585626592212,0.5238292106605632,0.06716113231669178
1761076030.2378674,316.32000732421875,269.82000732421875,217.6199951171875,83.5,38.13999938964844,34.79999923706055,253.55999755859375,71.19000244140625,-222.4499969482422,172.35000610351562,0,-0.37903448345234503,-0.009716450191152673,0.6134433042055324,-0.9898667194101523,-0.13958170921999105,-0.015390771170031329,0.021070083488222244
1761076030.7392318,316.32000732421875,269.82000732421875,217.6199951171875,83.5,38.13999938964844,34.79999923706055,253.55999755859375,71.19000244140625,-222.4499969482422,172.35000610351562,0,-0.3735346259314552,-0.014955186210444876,0.6048010725182587,-0.988900070772988,-0.1431248034256063,-0.011891974730286036,0.03808571394335416
1761076030.8230174,316.32000732421875,269.82000732421875,217.6199951171875,83.5,38.13999938964844,34.720001220703125,253.64999389648438,71.19000244140625,-222.4499969482422,172.35000610351562,0,-0.3788490213577171,-0.015365280123315143,0.6139634433921686,-0.9898235505479827,-0.13915201281655748,-0.02695720971182392,0.012623983295246544
1761076031.068013,316.32000732421875,269.82000732421875,217.6199951171875,83.5,38.13999938964844,34.720001220703125,253.64999389648438,71.0999984741211,-222.8000030517578,172.35000610351562,0,-0.37745798965282423,-0.006841259084650245,0.6085214514012539,-0.9902170914701406,-0.13314073518875263,-0.033929806148881046,0.024339775030041706
1761076031.142025,316.32000732421875,269.82000732421875,217.6199951171875,83.5,38.13999938964844,34.720001220703125,259.5400085449219,70.66000366210938,-233.8800048828125,172.35000610351562,0,-0.3830579268752579,-0.005768768016584222,0.6167437020629344,-0.9907095453137303,-0.12926695245076472,-0.034531732726259874,0.02433539116751057
1761076031.3909314,316.32000732421875,269.82000732421875,217.6199951171875,83.5,38.13999938964844,34.79999923706055,259.9800109863281,70.66000366210938,-235.02000427246094,172.35000610351562,0,-0.37988253985001597,-0.011032949585449975,0.613230606095051,-0.9892865683048382,-0.13975640619833943,-0.03416633330308326,0.024756703471666773
1761076031.5516367,316.32000732421875,269.82000732421875,217.6199951171875,83.5,38.13999938964844,34.720001220703125,259.9800109863281,70.66000366210938,-235.02000427246094,172.35000610351562,0,-0.37774088345998313,-0.026652542296133425,0.6143192343680369,-0.9898883933268312,-0.1386622391123921,-0.027477795008309165,0.011778072110655685
1761076031.625719,316.32000732421875,269.82000732421875,217.6199951171875,83.5,38.13999938964844,34.720001220703125,259.9800109863281,70.66000366210938,-235.02000427246094,172.35000610351562,0,-0.3831557449142127,-0.02974903292678778,0.623697846744035,-0.9871107867668862,-0.15181610841769883,-0.048373089600701025,0.014973579259723424
1761076031.7026293,316.32000732421875,269.82000732421875,217.6199951171875,83.5,38.13999938964844,34.720001220703125,259.9800109863281,70.66000366210938,-235.02000427246094,172.35000610351562,0,-0.37231740077763303,-0.03253826769833538,0.6065645563385413,-0.9868129931335134,-0.15915612143920463,-0.02707019277719226,0.011689749967861875
1761076031.7819645,316.32000732421875,269.82000732421875,217.6199951171875,83.5,38.13999938964844,34.720001220703125,259.9800109863281,70.66000366210938,-235.02000427246094,172.35000610351562,0,-0.3786327079278867,-0.021999251355180556,0.6141760616820235,-0.9890997894121739,-0.1386250008956449,-0.04732710651121047,0.014995355972841093
1761076031.8747408,316.32000732421875,269.82000732421875,217.6199951171875,83.5,38.13999938964844,34.720001220703125,259.9800109863281,70.66000366210938,-235.02000427246094,172.35000610351562,0,-0.37378471175747635,-0.018916061154758294,0.6057421508395997,-0.9893919734457832,-0.1429860052937563,-0.015859238946945898,0.020174481683953117
1761076031.9560533,316.32000732421875,269.82000732421875,217.6199951171875,83.5,38.13999938964844,34.720001220703125,259.9800109863281,70.66000366210938,-235.02000427246094,172.35000610351562,0,-0.37965864923936754,-0.012371518517556588,0.6136884499574352,-0.989013403184828,-0.13935852876430005,-0.04654521911197127,0.016285925188124564
1761076032.1086745,316.32000732421875,269.82000732421875,217.6199951171875,83.5,38.13999938964844,34.720001220703125,259.9800109863281,70.66000366210938,-235.02000427246094,172.35000610351562,0,-0.37505796152765775,-0.017606143639910886,0.6056847178027557,-0.9893904336638476,-0.14301411833497613,-0.01572635817780704,0.02015473616290639
1761076032.1809123,316.32000732421875,269.82000732421875,217.6199951171875,83.5,38.13999938964844,34.720001220703125,257.70001220703125,66.01000213623047,-233.7899932861328,172.35000610351562,0,-0.3802475132890682,-0.019678901159931563,0.614079844683632,-0.9898542125881472,-0.13896106916286038,-0.02700303117579698,0.012218649104260633
1761076032.4350677,316.32000732421875,269.82000732421875,217.6199951171875,83.5,38.13999938964844,34.720001220703125,253.64999389648438,64.16000366210938,-233.61000061035156,172.35000610351562,0,-0.3659063827888944,-0.02473910940180247,0.5929764367467611,-0.9863174857820276,-0.15666920984519095,-0.01891273462052915,0.047695748199151865
1761076032.5302756,316.32000732421875,269.82000732421875,217.6199951171875,83.5,38.13999938964844,34.720001220703125,253.64999389648438,64.16000366210938,-233.61000061035156,172.35000610351562,0,-0.3760285201993267,-0.022513849992515766,0.6101790409076531,-0.9883816228337945,-0.14974963494234003,-0.01587401242561186,0.020611409669949697
1761076032.6140063,316.32000732421875,269.82000732421875,217.6199951171875,83.5,38.13999938964844,34.720001220703125,253.64999389648438,64.16000366210938,-233.61000061035156,172.35000610351562,0,-0.3766720080134392,-0.006849192352291287,0.6088219690105393,-0.9908054292548406,-0.13282823206663733,-0.015417500350720764,0.02058064158665229
1761076032.6860006,316.32000732421875,269.82000732421875,217.6199951171875,83.5,38.13999938964844,34.720001220703125,253.64999389648438,64.16000366210938,-233.61000061035156,172.35000610351562,0,-0.3713406979108094,-0.002692089989108094,0.599916643048714,-0.9901199585538751,-0.1360520040602758,0.005757273511176913,0.033454053060471646
1761076032.7612891,316.32000732421875,269.82000732421875,217.6199951171875,83.5,38.13999938964844,34.720001220703125,253.55999755859375,64.25,-233.61000061035156,172.35000610351562,0,-0.37982990531378014,0.0020328944320878923,0.6120700601558376,-0.9920148822167517,-0.12262936214963706,-0.026197203752793306,0.013498870871008824
1761076032.9942923,316.32000732421875,269.82000732421875,217.7100067138672,83.5,38.13999938964844,34.720001220703125,253.55999755859375,64.16000366210938,-233.61000061035156,172.35000610351562,0,-0.3876954413151155,-0.0006154018270835455,0.6215220491419767,-0.98940683369401,-0.13650988364358893,-0.04596957770205667,0.018054557128391432
1761076033.0833986,316.32000732421875,269.82000732421875,217.7100067138672,83.5,38.13999938964844,34.720001220703125,253.55999755859375,64.16000366210938,-233.61000061035156,172.35000610351562,0,-0.38120554746308505,-0.009356143792380138,0.6124375820779465,-0.988598830239585,-0.14016192578888828,-0.041318398754582465,0.03632873975837626
1761076033.1717093,316.32000732421875,269.82000732421875,217.6199951171875,83.5,38.13999938964844,34.720001220703125,253.64999389648438,69.16999816894531,-228.60000610351562,172.35000610351562,0,-0.38164968208023087,-0.019644480027612633,0.6185105663721883,-0.9883526019980019,-0.14605089162895626,-0.03526090492088394,0.024185527952196702
1761076033.265014,316.32000732421875,269.82000732421875,217.6199951171875,83.5,38.13999938964844,34.720001220703125,253.64999389648438,69.16999816894531,-228.60000610351562,172.35000610351562,0,-0.3756137423629158,-0.019198016659288178,0.6097812614175293,-0.9879433625022239,-0.14980588143427742,-0.023289287421522597,0.031364302429614264
1761076033.4170537,316.32000732421875,269.82000732421875,217.6199951171875,83.5,38.13999938964844,34.720001220703125,253.64999389648438,71.19000244140625,-222.4499969482422,172.35000610351562,0,-0.3753514545008022,-0.01293299323588681,0.609354690797304,-0.9879169440944652,-0.14999339553473617,-0.022681604287864473,0.031743309435883424
1761076033.4920928,316.32000732421875,269.82000732421875,217.6199951171875,83.5,38.13999938964844,34.720001220703125,253.64999389648438,71.19000244140625,-222.4499969482422,172.35000610351562,0,-0.38321022863550747,-0.001438770827274455,0.6164523528171965,-0.9906894948556956,-0.12946003537873918,-0.03415745005071214,0.02465142244040995
1761076033.6470146,316.32000732421875,269.82000732421875,217.6199951171875,83.5,38.13999938964844,34.720001220703125,253.64999389648438,71.19000244140625,-222.4499969482422,172.35000610351562,0,-0.37859057094779114,0.0003959345279481613,0.6069190050705139,-0.9894938437456454,-0.13402369577685833,-0.039844246287034216,0.03676980007558668
1761076033.798697,316.32000732421875,269.82000732421875,217.6199951171875,83.5,38.13999938964844,34.720001220703125,253.55999755859375,71.19000244140625,-222.4499969482422,172.35000610351562,0,-0.3810330465841316,-0.007886574086970011,0.6124102135010258,-0.992064932787045,-0.12223337344388935,-0.02652921085454151,0.012742547712202297
1761076034.359386,316.32000732421875,269.82000732421875,217.6199951171875,83.5,38.13999938964844,34.720001220703125,259.6300048828125,70.66000366210938,-233.9600067138672,172.35000610351562,0,-0.3812388647131147,-0.003923877168549382,0.6124901073289114,-0.9917791327374942,-0.12220171451771952,-0.037659256899258704,0.004761638918399892
1761076034.5991318,316.32000732421875,269.82000732421875,217.6199951171875,83.5,38.13999938964844,34.720001220703125,259.9800109863281,70.66000366210938,-235.02000427246094,172.35000610351562,0,-0.3858785990304665,-0.006659846736146117,0.6218409954259266,-0.989446449701128,-0.13607693854661818,-0.046662278241188127,0.017361502209053987
1761076034.6743066,316.32000732421875,269.82000732421875,217.6199951171875,83.5,38.13999938964844,34.720001220703125,259.9800109863281,70.66000366210938,-235.02000427246094,172.35000610351562,0,-0.37992289567937143,-0.010032175480589878,0.613013738478249,-0.989431224136456,-0.13965133656633108,-0.02277338061470578,0.031697476783640356
1761076034.7520761,316.32000732421875,269.82000732421875,217.7100067138672,83.5,38.13999938964844,34.720001220703125,259.9800109863281,70.66000366210938,-235.02000427246094,172.35000610351562,0,-0.3789548793269954,-0.02067547025251089,0.6141352911500916,-0.9898551177592654,-0.13892483014012816,-0.027159920431824393,0.012209673970436917
1761076034.855968,316.32000732421875,269.82000732421875,217.7100067138672,83.5,38.13999938964844,34.720001220703125,259.9800109863281,70.66000366210938,-235.02000427246094,172.35000610351562,0,-0.37504593312820517,-0.03258325777680726,0.6107338069765965,-0.9852401564316069,-0.16659220313960785,-0.023911603573958013,0.03125871434074352
1761076035.051128,316.32000732421875,269.82000732421875,217.6199951171875,83.5,38.13999938964844,34.720001220703125,259.9800109863281,70.66000366210938,-235.02000427246094,172.35000610351562,0,-0.37063951788144944,-0.026285069894904773,0.6022266739787334,-0.9878805558850898,-0.15309670511916265,-0.016012339121383386,0.019925139439513
1761076035.127379,316.32000732421875,269.82000732421875,217.6199951171875,83.5,38.13999938964844,34.720001220703125,259.9800109863281,70.66000366210938,-235.02000427246094,172.35000610351562,0,-0.37671152130085495,-0.012778286514749049,0.6091664644048931,-0.9907338183977835,-0.13258606280772067,-0.026584146077971032,0.012677547452096557
1761076035.2026727,316.32000732421875,269.82000732421875,217.6199951171875,83.5,38.13999938964844,34.79999923706055,259.9800109863281,70.30999755859375,-234.75999450683594,172.35000610351562,0,-0.3853347360422419,-0.010692876283946941,0.6220479253241582,-0.9894797925666728,-0.13577636289829206,-0.04702128711597725,0.016837990921790127
1761076035.2791038,316.32000732421875,269.82000732421875,217.6199951171875,83.5,38.13999938964844,34.79999923706055,259.9800109863281,70.30999755859375,-234.75999450683594,172.35000610351562,0,-0.377593611641351,-0.0075132830445323335,0.6089967970368718,-0.9907088097170383,-0.13279282747536497,-0.026316507118560453,0.013021550338796001
1761076035.3727252,316.32000732421875,269.82000732421875,217.6199951171875,83.5,38.13999938964844,34.720001220703125,253.64999389648438,64.25,-233.61000061035156,172.35000610351562,0,-0.3779462005833189,-0.008829211131327128,0.6090349222853271,-0.9907157010728195,-0.13274947550578045,-0.02632368468580004,0.01292439651568351
1761076035.5291455,316.32000732421875,269.82000732421875,217.6199951171875,83.5,38.13999938964844,34.720001220703125,253.64999389648438,64.25,-233.61000061035156,172.35000610351562,0,-0.3755845477619302,-0.019575315432320183,0.6057568784102927,-0.9893325123812187,-0.14272228050165547,-0.026450487448444446,0.012324865419649009
1761076035.6059272,316.32000732421875,269.82000732421875,217.6199951171875,83.5,38.13999938964844,34.720001220703125,253.64999389648438,64.25,-233.61000061035156,172.35000610351562,0,-0.3789924463845897,-0.02516731736978521,0.6147423429255157,-0.9868066614970675,-0.15622480706291833,-0.03518225860037233,0.02384598840355509
1761076035.7633696,316.32000732421875,269.82000732421875,217.7100067138672,83.5,38.13999938964844,34.720001220703125,253.64999389648438,64.25,-233.61000061035156,172.35000610351562,0,-0.37612509940539873,-0.010797221978817788,0.6090016762131298,-0.9908144255682049,-0.13274770769321498,-0.015682563544221925,0.02046649429742389
1761076035.9172745,316.32000732421875,269.82000732421875,217.7100067138672,83.5,38.13999938964844,34.720001220703125,253.64999389648438,64.25,-233.61000061035156,172.35000610351562,0,-0.3767648937812767,0.002833096021095437,0.6073736956545376,-0.9932063588941417,-0.11567068851701635,-0.007866557896678485,0.00997686008216931
1761076036.0751088,316.32000732421875,269.82000732421875,217.6199951171875,83.5,38.13999938964844,34.720001220703125,253.55999755859375,64.25,-233.61000061035156,172.35000610351562,0,-0.38617965169287405,0.005242983712436554,0.619898131250785,-0.9916227570831753,-0.11935308020429745,-0.046088650143314036,0.017747850812864587
1761076036.239058,316.32000732421875,269.82000732421875,217.6199951171875,83.5,38.13999938964844,34.720001220703125,253.64999389648438,64.25,-233.61000061035156,172.35000610351562,0,-0.37622111011737136,-0.012368683102524168,0.6054502070725627,-0.989377648095616,-0.14312317191719742,-0.01536371223258518,0.020287519700106896
1761076036.390281,316.32000732421875,269.82000732421875,217.6199951171875,83.5,38.13999938964844,34.720001220703125,253.55999755859375,69.08000183105469,-228.52000427246094,172.35000610351562,0,-0.38020282393060567,-0.016692624244019398,0.6140075260049677,-0.989834753182113,-0.13909563022044985,-0.026906793339874214,0.012473632936985507
1761076036.6139355,316.32000732421875,269.82000732421875,217.7100067138672,83.5,38.13999938964844,34.720001220703125,253.64999389648438,71.19000244140625,-222.4499969482422,172.35000610351562,0,-0.37608792731564145,-0.009480936663563266,0.6089413888879283,-0.9908109368377523,-0.13277512662409668,-0.01560314668329636,0.020518162837599163
1761076036.7688982,316.32000732421875,269.82000732421875,217.6199951171875,83.5,38.13999938964844,34.720001220703125,253.64999389648438,71.19000244140625,-222.4499969482422,172.35000610351562,0,-0.37729120636702107,0.0018432191642314612,0.6040361833721366,-0.9915475697354447,-0.12649409429999603,-0.025691917748821257,0.013137215128981177
1761076036.921038,316.32000732421875,269.82000732421875,217.6199951171875,83.5,38.13999938964844,34.720001220703125,253.64999389648438,71.19000244140625,-222.4499969482422,172.35000610351562,0,-0.38480028439813235,0.0017064604190667133,0.6155407342157181,-0.992998190141535,-0.11186087340343202,-0.03764612572394832,0.0049506156217275525
1761076037.0710728,316.32000732421875,269.82000732421875,217.7100067138672,83.5,38.13999938964844,34.720001220703125,253.64999389648438,71.19000244140625,-222.4499969482422,172.35000610351562,0,-0.3794576520469574,-0.01271126951310826,0.6138748738272429,-0.9898098352545266,-0.13926347239857617,-0.026800435201563177,0.01280281070331672
1761076037.4970305,316.32000732421875,269.82000732421875,217.6199951171875,83.5,38.13999938964844,34.720001220703125,253.64999389648438,71.0999984741211,-222.8000030517578,172.35000610351562,0,-0.38364930141098486,-0.0037699017653805436,0.6166230862395764,-0.9907015287023495,-0.12936506936609302,-0.03430177727354336,0.024465239230588114
1761076037.5882869,316.32000732421875,269.82000732421875,217.7100067138672,83.5,38.13999938964844,34.720001220703125,259.6300048828125,70.66000366210938,-233.8800048828125,172.35000610351562,0,-0.3810215684224804,-0.0012622908936359095,0.6116034813971777,-0.9915425578297704,-0.12287716713320736,-0.033820042029069776,0.02451045831611994
1761076037.6629136,316.32000732421875,269.82000732421875,217.7100067138672,83.5,38.13999938964844,34.720001220703125,259.6300048828125,70.66000366210938,-233.8800048828125,172.35000610351562,0,-0.37366528357520096,-0.00027860032065627117,0.5995058358942477,-0.9927347806945436,-0.11966612237774366,-0.007707340214375082,0.009913186231038955
1761076037.7748775,316.32000732421875,269.82000732421875,217.7100067138672,83.5,38.13999938964844,34.720001220703125,259.9800109863281,70.66000366210938,-235.02000427246094,172.35000610351562,0,-0.3809702694144597,5.8713081828543024e-05,0.6115209947033056,-0.9915354029744494,-0.12294239734745609,-0.033707109371641814,0.024628080732462657
1761076037.98093,316.32000732421875,269.82000732421875,217.6199951171875,83.5,38.13999938964844,34.720001220703125,259.9800109863281,70.66000366210938,-235.02000427246094,172.35000610351562,0,-0.37573241558924864,-0.028135427272424452,0.6105163929775308,-0.9883844773868524,-0.1490529604907744,-0.02718361326839728,0.011848670783200378
1761076038.330942,316.32000732421875,269.82000732421875,217.6199951171875,83.5,38.13999938964844,34.720001220703125,259.9800109863281,70.66000366210938,-235.02000427246094,172.35000610351562,0,-0.3767249357915225,-0.013436635465591503,0.6091881941101379,-0.9907374596022975,-0.13255836067057275,-0.02661050952391413,0.012627269696726551
1761076038.5592813,316.32000732421875,269.82000732421875,217.6199951171875,83.5,38.13999938964844,34.720001220703125,253.64999389648438,64.25,-233.61000061035156,172.35000610351562,0,-0.3779520236860275,-0.005533778615958459,0.6087648990902237,-0.990804692207128,-0.13285322005759195,-0.015286616440986776,0.020552449451431403
1761076038.724958,316.32000732421875,269.82000732421875,217.6199951171875,83.5,38.13999938964844,34.720001220703125,253.64999389648438,64.25,-233.61000061035156,172.35000610351562,0,-0.3780944716866359,-0.016070524312981754,0.6092742625312632,-0.9907554855758243,-0.13244663066492843,-0.026613308922162987,0.012376979241089667
1761076038.8031917,316.32000732421875,269.82000732421875,217.6199951171875,83.5,38.13999938964844,34.720001220703125,253.64999389648438,64.25,-233.61000061035156,172.35000610351562,0,-0.37059240059966503,-0.022648386455161863,0.6011111294780916,-0.9868302578523854,-0.15330565580457067,-0.030380237574366416,0.041718811707069155
1761076038.8818219,316.32000732421875,269.82000732421875,217.6199951171875,83.5,38.13999938964844,34.720001220703125,253.64999389648438,64.25,-233.61000061035156,172.35000610351562,0,-0.3756117862221814,-0.01886863028014611,0.6097780410498301,-0.987939963466838,-0.14982149250427387,-0.02325806223561868,0.031419922182888714
1761076039.0406306,316.32000732421875,269.82000732421875,217.7100067138672,83.5,38.13999938964844,34.720001220703125,253.64999389648438,64.25,-233.61000061035156,172.35000610351562,0,-0.3765591614962578,-0.002903451313022123,0.6086392703626391,-0.9907956884387203,-0.1329057877677963,-0.015176463900087627,0.020727524998248717
1761076039.2130861,316.32000732421875,269.82000732421875,217.7100067138672,83.5,38.13999938964844,34.720001220703125,253.64999389648438,64.16000366210938,-233.61000061035156,172.35000610351562,0,-0.3826993148003044,0.006360133058660261,0.6150878104388373,-0.9932549041419619,-0.11212637055453316,-0.026246575284946456,0.013545837368779824
1761076039.397635,316.32000732421875,269.82000732421875,217.7100067138672,83.5,38.13999938964844,34.720001220703125,253.64999389648438,64.25,-233.61000061035156,172.35000610351562,0,-0.37864453881505267,-0.0022216214035743406,0.6067281455880972,-0.9897126362065389,-0.133506039398418,-0.028408844058930047,0.04287158448770958
1761076039.5481894,316.32000732421875,269.82000732421875,217.6199951171875,83.5,38.13999938964844,34.720001220703125,253.64999389648438,69.08000183105469,-228.52000427246094,172.35000610351562,0,-0.38077710094854156,-0.013042575956139875,0.6138637678498209,-0.989816966338212,-0.13924165750266435,-0.02669778098690614,0.012702852250767121
1761076039.786267,316.32000732421875,269.82000732421875,217.6199951171875,83.5,38.13999938964844,34.720001220703125,253.64999389648438,71.19000244140625,-222.36000061035156,172.35000610351562,0,-0.3812927507312158,-0.009117272826318175,0.617383210323211,-0.9912158233535987,-0.12882588248199936,-0.02700021217098442,0.012886895627082274
1761076039.8619719,316.32000732421875,269.82000732421875,217.6199951171875,83.5,38.13999938964844,34.720001220703125,253.64999389648438,71.19000244140625,-222.36000061035156,172.35000610351562,0,-0.3767985253106034,-0.00684117762157263,0.6085181078375616,-0.9902134450132988,-0.13314300942945134,-0.03398992679348196,0.024391745151538063
1761076040.0907478,316.32000732421875,269.82000732421875,217.7100067138672,83.5,38.13999938964844,34.720001220703125,253.64999389648438,71.19000244140625,-222.36000061035156,172.35000610351562,0,-0.3822317340811159,0.0026967967133953654,0.6117049383418672,-0.991193247013056,-0.12322808073149327,-0.04524479845875774,0.017426858792505523
1761076040.3233879,316.32000732421875,269.82000732421875,217.7100067138672,83.5,38.13999938964844,34.720001220703125,253.64999389648438,71.19000244140625,-222.36000061035156,172.35000610351562,0,-0.3824659190411094,-0.007768411268869919,0.6168637313182571,-0.9907178249942298,-0.12916713865335522,-0.034761088613237845,0.02420141006698826
1761076040.7897756,316.32000732421875,269.82000732421875,217.6199951171875,83.5,38.13999938964844,34.720001220703125,259.6300048828125,70.66000366210938,-233.8800048828125,172.35000610351562,0,-0.3831097736546863,-0.004464468048745516,0.6167797824819771,0.8596071170104319,0.09697048355865764,0.4946715818620335,0.0835006335396752
1761076041.019085,316.32000732421875,269.82000732421875,217.6199951171875,83.5,38.13999938964844,34.720001220703125,259.9800109863281,70.66000366210938,-235.02000427246094,172.35000610351562,0,-0.3850975948872016,-0.006344423184606104,0.6213201419659315,0.8694218201384777,0.1009211738991369,0.4754076205054614,0.08892811530248543
1761076041.0969667,316.32000732421875,269.82000732421875,217.6199951171875,83.5,38.13999938964844,34.720001220703125,259.9800109863281,70.66000366210938,-235.02000427246094,172.35000610351562,0,-0.37703601038381773,-0.013082890003783114,0.6086226318493444,-0.9904243044482587,-0.13260738075245246,-0.02358675559654776,0.03030915189486418
1761076041.1716988,316.32000732421875,269.82000732421875,217.7100067138672,83.5,38.13999938964844,34.79999923706055,259.9800109863281,70.66000366210938,-235.02000427246094,172.35000610351562,0,-0.38496790603434156,-0.01741201494048648,0.6222542976355406,-0.9898391676764664,-0.1355514441466772,-0.03552658274801816,0.024126542262798974
1761076041.2501104,316.32000732421875,269.82000732421875,217.7100067138672,83.5,38.13999938964844,34.79999923706055,259.9800109863281,70.66000366210938,-235.02000427246094,172.35000610351562,0,-0.37696779148381127,-0.0245037306340438,0.6103806397767476,-0.9883656981666684,-0.14920463294721714,-0.026936060952694307,0.012069499366307287
1761076041.401493,316.32000732421875,269.82000732421875,217.7100067138672,83.5,38.13999938964844,34.720001220703125,259.9800109863281,70.66000366210938,-235.11000061035156,172.35000610351562,0,-0.3707449893389087,-0.030195828802516804,0.6023983408914406,-0.9878943656211954,-0.15300650293620194,-0.016236017622876887,0.019751561074503467
1761076041.4867811,316.32000732421875,269.82000732421875,217.7100067138672,83.5,38.13999938964844,34.720001220703125,259.9800109863281,70.66000366210938,-235.11000061035156,172.35000610351562,0,-0.3757851927776247,-0.02315973211860921,0.6100600736219002,-0.987960107707538,-0.14968376123887286,-0.02366772191290043,0.03113576945167448
1761076041.5635233,316.32000732421875,269.82000732421875,217.6199951171875,83.5,38.13999938964844,34.79999923706055,259.8900146484375,70.30999755859375,-234.75999450683594,172.35000610351562,0,-0.3710359796308882,-0.01927215153716967,0.6012799310995078,-0.990585172637555,-0.1363137498487177,-0.008224391010071667,0.009588365101524797
1761076041.637907,316.32000732421875,269.82000732421875,217.6199951171875,83.5,38.13999938964844,34.79999923706055,259.8900146484375,70.30999755859375,-234.75999450683594,172.35000610351562,0,-0.37682089551719233,-0.012113819888721357,0.6090630181722645,-0.9908192471013899,-0.13271950502475782,-0.015734553600911652,0.020375877463272622
1761076041.789219,316.32000732421875,269.82000732421875,217.6199951171875,83.5,38.13999938964844,34.720001220703125,253.64999389648438,64.25,-233.61000061035156,172.35000610351562,0,-0.3785484621061213,-0.006197415509451764,0.6089451697459894,-0.9907033641597379,-0.13285647832717326,-0.02616430289199127,0.013093115108916774
1761076041.940079,316.32000732421875,269.82000732421875,217.6199951171875,83.5,38.13999938964844,34.720001220703125,253.64999389648438,64.25,-233.61000061035156,172.35000610351562,0,-0.38308790992879016,-0.018960628419784478,0.6181610846618997,-0.9872886389471381,-0.14626585847848567,-0.05527434809724578,0.028498920889812655
1761076042.0965006,316.32000732421875,269.82000732421875,217.7100067138672,83.5,38.13999938964844,34.720001220703125,253.64999389648438,64.25,-233.61000061035156,172.35000610351562,0,-0.3739523926070712,-0.020232679561154515,0.605740647286282,-0.9896376764347656,-0.14301560763232907,-0.008145089834280675,0.009872328294041591
1761076042.1722093,316.32000732421875,269.82000732421875,217.7100067138672,83.5,38.13999938964844,34.720001220703125,253.64999389648438,64.16000366210938,-233.61000061035156,172.35000610351562,0,-0.384037955029978,-0.01068468324403958,0.6218363160646772,-0.9897906770900082,-0.1359057460556348,-0.03503856630428771,0.024826248329228414
1761076042.2454615,316.32000732421875,269.82000732421875,217.7100067138672,83.5,38.13999938964844,34.720001220703125,253.64999389648438,64.16000366210938,-233.61000061035156,172.35000610351562,0,-0.37899588075472657,-0.004401990772243027,0.6125850506414485,-0.98941192045264,-0.1398008146297747,-0.022258344111124356,0.03200546847807392
1761076042.4824438,316.32000732421875,269.82000732421875,217.6199951171875,83.5,38.13999938964844,34.720001220703125,253.64999389648438,64.16000366210938,-233.61000061035156,172.35000610351562,0,-0.37821667459956476,0.0054581038552060975,0.6070929257973561,-0.9928074002775616,-0.11613506199602239,-0.025901338530278074,0.013237597653257903
1761076042.5578642,316.32000732421875,269.82000732421875,217.6199951171875,83.5,38.13999938964844,34.720001220703125,253.64999389648438,64.25,-233.61000061035156,172.35000610351562,0,-0.3868516411456047,0.00524297543098693,0.6199017769562473,-0.99162814245622,-0.11934871962107056,-0.046001023333792156,0.01770356082492713
1761076042.6323318,316.32000732421875,269.82000732421875,217.6199951171875,83.5,38.13999938964844,34.720001220703125,253.64999389648438,64.25,-233.61000061035156,172.35000610351562,0,-0.38222560129440253,0.00038852038333049327,0.6114156843913339,-0.991557200881558,-0.1228527712287461,-0.03371182917961666,0.024187322189763043
1761076042.784502,316.32000732421875,269.82000732421875,217.7100067138672,83.5,38.13999938964844,34.79999923706055,253.64999389648438,69.16999816894531,-228.52000427246094,172.35000610351562,0,-0.3806258182567891,-0.010042148411540294,0.613361196991327,-0.989310782996421,-0.13963090318310817,-0.034391033166551614,0.02417937883849061
1761076043.0122252,316.32000732421875,269.82000732421875,217.6199951171875,83.5,38.13999938964844,34.79999923706055,253.64999389648438,71.19000244140625,-222.4499969482422,172.35000610351562,0,-0.37592107227280586,-0.012129990020024427,0.6092099027352392,-0.9910180920328812,-0.13243151896861644,-0.018476831117972943,0.0019080773073648838
1761076043.3229368,316.32000732421875,269.82000732421875,217.6199951171875,83.5,38.13999938964844,34.720001220703125,253.64999389648438,71.19000244140625,-222.4499969482422,172.35000610351562,0,-0.37647139943104485,-0.00011778522079355184,0.6042696446761933,-0.991932044867013,-0.12614533935108332,-0.007770969677103194,0.009888566944898081
1761076043.5656664,316.32000732421875,269.82000732421875,217.6199951171875,83.5,38.13999938964844,34.720001220703125,253.64999389648438,71.19000244140625,-222.4499969482422,172.35000610351562,0,-0.3832095987326063,-0.00511576578842132,0.6172475955915198,-0.9912002357107883,-0.12898959769409823,-0.02668234222863425,0.013108357135295505
1761076043.6405277,316.32000732421875,269.82000732421875,217.6199951171875,83.5,38.13999938964844,34.720001220703125,253.64999389648438,71.19000244140625,-222.4499969482422,172.35000610351562,0,-0.37676528565731693,-0.010139101763440682,0.6089729856846423,-0.9908139568591169,-0.13276097159704855,-0.015616265976470941,0.020453839510954197
1761076043.7154834,316.32000732421875,269.82000732421875,217.6199951171875,83.5,38.13999938964844,34.720001220703125,253.64999389648438,71.19000244140625,-222.4499969482422,172.35000610351562,0,-0.38418021520054074,-0.012688246465631462,0.6215487724198552,-0.9886922023127781,-0.13619992340695114,-0.05552623962202986,0.029225787641848064
1761076043.7915146,316.32000732421875,269.82000732421875,217.6199951171875,83.5,38.13999938964844,34.720001220703125,256.3800048828125,70.66000366210938,-227.5500030517578,172.35000610351562,0,-0.3792946656432786,-0.013022264582082764,0.6133514562213941,-0.9892959490862411,-0.13965728988145615,-0.034396126798112076,0.0246226108649877
1761076043.9425223,316.32000732421875,269.82000732421875,217.7100067138672,83.5,38.13999938964844,34.720001220703125,259.8900146484375,70.66000366210938,-235.02000427246094,172.35000610351562,0,-0.3779520236860275,-0.005533778615958459,0.6087648990902237,-0.990804692207128,-0.13285322005759195,-0.015286616440986776,0.020552449451431403
1761076044.172797,316.32000732421875,269.82000732421875,217.6199951171875,83.5,38.13999938964844,34.720001220703125,259.8900146484375,70.66000366210938,-235.02000427246094,172.35000610351562,0,-0.3858785990304665,-0.006659846736146117,0.6218409954259266,-0.989446449701128,-0.13607693854661818,-0.046662278241188127,0.017361502209053987
1761076044.338383,316.32000732421875,269.82000732421875,217.6199951171875,83.5,38.13999938964844,34.720001220703125,259.8900146484375,70.66000366210938,-235.02000427246094,172.35000610351562,0,-0.3766179453611907,-0.020480064593766365,0.6090161427243073,-0.9872817669385998,-0.15008023421688713,-0.030078989398300653,0.042963826235305605
1761076044.808206,316.32000732421875,269.82000732421875,217.6199951171875,83.5,38.13999938964844,34.720001220703125,259.9800109863281,70.30999755859375,-234.75999450683594,172.35000610351562,0,-0.37458740115446826,-0.006633597045302802,0.6041347109994168,-0.9916913552541283,-0.12612432848885388,-0.015546703191328356,0.019980232664981935
1761076044.9635906,316.32000732421875,269.82000732421875,217.6199951171875,83.5,38.13999938964844,34.79999923706055,253.64999389648438,64.16000366210938,-233.61000061035156,172.35000610351562,0,-0.3834278305867966,-0.00644281751799216,0.6170868056146652,-0.990385285492322,-0.12921797654472736,-0.04650433348456601,0.016644752480421028
1761076045.0404146,316.32000732421875,269.82000732421875,217.6199951171875,83.5,38.13999938964844,34.79999923706055,253.64999389648438,64.16000366210938,-233.61000061035156,172.35000610351562,0,-0.3786595691009744,-0.011461822302264717,0.6091242065980882,-0.9907316850918609,-0.13263995445119128,-0.026382475745708147,0.012701795611445655
1761076045.4953513,316.32000732421875,269.82000732421875,217.6199951171875,83.5,38.13999938964844,34.720001220703125,253.64999389648438,64.16000366210938,-233.61000061035156,172.35000610351562,0,-0.38177383592211717,0.0030425597168077666,0.6149210286170487,-0.9933911273303785,-0.11182117941155567,-0.015402500653716901,0.02080516642328831
1761076045.9028962,316.32000732421875,269.82000732421875,217.6199951171875,83.5,38.13999938964844,34.720001220703125,253.64999389648438,64.69000244140625,-233.25999450683594,172.35000610351562,0,-0.3806258182567891,-0.010042148411540294,0.613361196991327,-0.989310782996421,-0.13963090318310817,-0.034391033166551614,0.02417937883849061
1761076046.0127037,316.32000732421875,269.82000732421875,217.6199951171875,83.5,38.13999938964844,34.720001220703125,253.64999389648438,71.19000244140625,-223.07000732421875,172.35000610351562,0,-0.3817080918294377,-0.013595731300879698,0.6172618712155896,-0.9875837284419815,-0.14681032476224187,-0.0419532914433376,0.03694630153222486
1761076046.330336,316.32000732421875,269.82000732421875,217.6199951171875,83.5,38.13999938964844,34.720001220703125,253.64999389648438,71.19000244140625,-222.4499969482422,172.35000610351562,0,-0.3772932452995,-0.0055337311288021,0.6087630770154606,-0.9908034089115213,-0.13285385632665642,-0.015311994866100683,0.0205912739204152
1761076046.467365,316.32000732421875,269.82000732421875,217.7100067138672,83.5,38.13999938964844,34.720001220703125,253.64999389648438,71.19000244140625,-222.36000061035156,172.35000610351562,0,-0.3738191441934622,0.002937653624670748,0.5989895115571225,0.8494944599902773,0.09082210815103386,0.512774649735988,0.08469159170167892
1761076046.5458748,316.32000732421875,269.82000732421875,217.6199951171875,83.5,38.13999938964844,34.720001220703125,253.55999755859375,71.19000244140625,-222.36000061035156,172.35000610351562,0,-0.3821674050743272,0.0033596102523136334,0.6113220453527773,-0.9915253247648704,-0.12309646614048203,-0.03330610683522436,0.024809143901475938
1761076046.7784607,316.32000732421875,269.82000732421875,217.6199951171875,83.5,38.13999938964844,34.79999923706055,253.64999389648438,71.19000244140625,-222.36000061035156,172.35000610351562,0,-0.3776563914751568,-0.006860461719395806,0.6090757875189529,-0.99106689590821,-0.13274798719350478,-0.007900447327316592,0.010097656310580566
1761076046.852431,316.32000732421875,269.82000732421875,217.6199951171875,83.5,38.13999938964844,34.79999923706055,253.64999389648438,71.19000244140625,-222.36000061035156,172.35000610351562,0,-0.38198800208767425,-0.010451556951953581,0.617428984730294,-0.991224740119745,-0.12876912811536917,-0.027004252931829283,0.012759174837950978
1761076046.9568844,316.32000732421875,269.82000732421875,217.7100067138672,83.5,38.13999938964844,34.720001220703125,256.4599914550781,70.66000366210938,-227.4600067138672,172.35000610351562,0,-0.3792946656432786,-0.013022264582082764,0.6133514562213941,-0.9892959490862411,-0.13965728988145615,-0.034396126798112076,0.0246226108649877
1761076047.1811063,316.32000732421875,269.82000732421875,217.6199951171875,83.5,38.13999938964844,34.720001220703125,259.8900146484375,70.66000366210938,-235.02000427246094,172.35000610351562,0,-0.37745798965282423,-0.006841259084650245,0.6085214514012539,-0.9902170914701406,-0.13314073518875263,-0.033929806148881046,0.024339775030041706
1761076047.506139,316.32000732421875,269.82000732421875,217.6199951171875,83.5,38.13999938964844,34.720001220703125,259.8900146484375,70.66000366210938,-235.02000427246094,172.35000610351562,0,-0.3745117265053869,-0.02153689256089599,0.605859841585046,-0.9894013634072584,-0.1429278636016317,-0.015983995711664718,0.020026976187663848
1761076047.9121609,316.32000732421875,269.82000732421875,217.7100067138672,83.5,38.13999938964844,34.720001220703125,259.9800109863281,70.66000366210938,-235.02000427246094,172.35000610351562,0,-0.37926925218770907,-0.012359039845050006,0.6133102884049435,-0.9892915426169363,-0.1396911340904736,-0.03434069527839987,0.024684963255306443
1761076048.172784,316.32000732421875,269.82000732421875,217.6199951171875,83.5,38.13999938964844,34.720001220703125,253.64999389648438,64.16000366210938,-233.61000061035156,172.35000610351562,0,-0.3810054812762578,-0.006563354631180027,0.6123658343812264,-0.9920583381895118,-0.1222883893938197,-0.02647466863021334,0.012841159178591726
1761076048.324183,316.32000732421875,269.82000732421875,217.6199951171875,83.5,38.13999938964844,34.720001220703125,253.64999389648438,64.16000366210938,-233.61000061035156,172.35000610351562,0,-0.37551185001265674,-0.015620151717965252,0.6051058752811026,-0.9889398522338114,-0.14321751352931883,-0.022762886356417142,0.031121752633351416
1761076048.3938487,316.32000732421875,269.82000732421875,217.7100067138672,83.5,38.13999938964844,34.79999923706055,253.64999389648438,64.16000366210938,-233.61000061035156,172.35000610351562,0,-0.37896603895214176,-0.02180833100014157,0.6139007008179597,-0.9860622238739966,-0.15675260479598735,-0.042370489109148333,0.03625814654657362
1761076048.466065,316.32000732421875,269.82000732421875,217.7100067138672,83.5,38.13999938964844,34.79999923706055,253.64999389648438,64.16000366210938,-233.61000061035156,172.35000610351562,0,-0.37329854991826394,-0.01825384006307136,0.6054839241097864,-0.989368045540867,-0.14311584418253692,-0.015623438782871216,0.020606643762704047
1761076048.7410126,316.32000732421875,269.82000732421875,217.6199951171875,83.5,38.13999938964844,34.720001220703125,253.64999389648438,64.16000366210938,-233.61000061035156,172.35000610351562,0,-0.3854847618264563,0.0059121212190444625,0.619857569039322,-0.991612119960617,-0.11940623918730928,-0.046127583429294204,0.017882942636141617
1761076048.896938,316.32000732421875,269.82000732421875,217.6199951171875,83.5,38.13999938964844,34.720001220703125,253.64999389648438,64.16000366210938,-233.61000061035156,172.35000610351562,0,-0.37882967746470203,0.007424122481067137,0.6070241470027926,-0.9928005099196104,-0.11621131382425563,-0.025765757351151115,0.013349299259644745
1761076049.0746346,316.32000732421875,269.82000732421875,217.7100067138672,83.5,38.13999938964844,34.720001220703125,253.64999389648438,64.69000244140625,-233.25999450683594,172.35000610351562,0,-0.3871007073825572,-0.003957513721713944,0.6208465071554173,-0.9886527604787891,-0.13690451824118222,-0.05394160105650848,0.03021879809457078
1761076049.154007,316.32000732421875,269.82000732421875,217.6199951171875,83.5,38.13999938964844,34.79999923706055,253.64999389648438,71.27999877929688,-223.07000732421875,172.35000610351562,0,-0.37746109955292134,-0.011455571608302148,0.6090343580514496,-0.9908187412113062,-0.13273297038633963,-0.015668356030352718,0.020363773131910064
1761076049.2295506,316.32000732421875,269.82000732421875,217.6199951171875,83.5,38.13999938964844,34.79999923706055,253.64999389648438,71.27999877929688,-223.07000732421875,172.35000610351562,0,-0.3841928547231436,-0.014719981527555655,0.6220875611036869,-0.9898171463606431,-0.1356958505772315,-0.035374205838605996,0.02444009958823825
1761076049.3034377,316.32000732421875,269.82000732421875,217.6199951171875,83.5,38.13999938964844,34.79999923706055,253.64999389648438,71.27999877929688,-223.07000732421875,172.35000610351562,0,-0.3781778617577918,-0.015696472548524094,0.6139506041449166,-0.9898255481753908,-0.1391307638992084,-0.027005308906635984,0.012598730371234063
1761076049.3820946,316.32000732421875,269.82000732421875,217.7100067138672,83.5,38.13999938964844,34.720001220703125,253.55999755859375,71.19000244140625,-222.36000061035156,172.35000610351562,0,-0.3781307411636487,-0.012711202964302178,0.613873949247143,-0.9898063254960476,-0.13926419677171872,-0.026901633284594204,0.012853934501213714
1761076049.5420084,316.32000732421875,269.82000732421875,217.7100067138672,83.5,38.13999938964844,34.720001220703125,253.55999755859375,71.19000244140625,-222.36000061035156,172.35000610351562,0,-0.37506176967339666,-0.0036955655555518914,0.6038470313346357,-0.9916550487732276,-0.12636040455055508,-0.015044801135395781,0.020663164403933586
1761076049.8070412,316.32000732421875,269.82000732421875,217.7100067138672,83.5,38.13999938964844,34.720001220703125,253.64999389648438,71.19000244140625,-222.4499969482422,172.35000610351562,0,-0.3812290545481323,0.0033622051796362252,0.61009267007724,-0.9908279733597986,-0.12366485806508647,-0.0401605647635382,0.036797542381658256
1761076049.9688416,316.32000732421875,269.82000732421875,217.6199951171875,83.5,38.13999938964844,34.720001220703125,253.55999755859375,71.19000244140625,-222.36000061035156,172.35000610351562,0,-0.3889299232754691,0.0017494239585014607,0.6237798204622624,-0.9899893661695968,-0.12675086673175254,-0.05376182344894527,0.031063467181147327
1761076050.0489764,316.32000732421875,269.82000732421875,217.6199951171875,83.5,38.13999938964844,34.720001220703125,253.55999755859375,71.19000244140625,-222.36000061035156,172.35000610351562,0,-0.37642123733300753,-0.012782895768839718,0.6092067122550581,-0.9910749403592162,-0.132683006485253,-0.008093526347944502,0.010008856741192805
1761076050.2170405,316.32000732421875,269.82000732421875,217.6199951171875,83.5,38.13999938964844,34.720001220703125,256.54998779296875,70.66000366210938,-227.5500030517578,172.35000610351562,0,-0.37934596588876,-0.012020865495751732,0.6131518170782363,-0.9894350786217967,-0.13959593263013756,-0.023003237199389775,0.03165520279748432
1761076050.3769622,316.32000732421875,269.82000732421875,217.7100067138672,83.5,38.13999938964844,34.720001220703125,259.8900146484375,70.66000366210938,-235.02000427246094,172.35000610351562,0,-0.3779520236860275,-0.005533778615958459,0.6087648990902237,-0.990804692207128,-0.13285322005759195,-0.015286616440986776,0.020552449451431403
1761076050.69344,316.32000732421875,269.82000732421875,217.6199951171875,83.5,38.13999938964844,34.720001220703125,259.9800109863281,70.66000366210938,-235.02000427246094,172.35000610351562,0,-0.3802081916126375,-0.017687540274930087,0.614016234308758,-0.9898423810098606,-0.13904611769709876,-0.02692857447080982,0.012372945771508595
1761076050.7703133,316.32000732421875,269.82000732421875,217.7100067138672,83.5,38.13999938964844,34.720001220703125,259.9800109863281,70.66000366210938,-235.11000061035156,172.35000610351562,0,-0.3743495305752072,-0.02056991112718611,0.6061192339708501,0.8504566737060623,0.11158181254792332,0.5101402005340573,0.06348165921281917
1761076050.9341226,316.32000732421875,269.82000732421875,217.7100067138672,83.5,38.13999938964844,34.720001220703125,259.9800109863281,70.66000366210938,-235.11000061035156,172.35000610351562,0,-0.378884173074064,-0.02646673930131018,0.6143063040049591,-0.9860979957665477,-0.1564825260014472,-0.04294338106933079,0.03577468132266609
1761076051.03036,316.32000732421875,269.82000732421875,217.6199951171875,83.5,38.13999938964844,34.720001220703125,259.9800109863281,70.66000366210938,-235.02000427246094,172.35000610351562,0,-0.3687004279148291,-0.01849260525182613,0.5974892377757296,-0.9888035500497862,-0.1466576028109969,-0.005258738614821151,0.0270450109050266
1761076051.1048763,316.32000732421875,269.82000732421875,217.6199951171875,83.5,38.13999938964844,34.720001220703125,259.9800109863281,70.66000366210938,-235.02000427246094,172.35000610351562,0,-0.3818732877336188,-0.009768825716602918,0.6169831273111547,-0.990726375251569,-0.12906558415454272,-0.03498977951342132,0.02406324369938983
1761076051.1808352,316.32000732421875,269.82000732421875,217.7100067138672,83.5,38.13999938964844,34.720001220703125,257.6099853515625,66.01000213623047,-233.7899932861328,172.35000610351562,0,-0.37965342041093586,-0.005240258924482438,0.6123190603422624,-0.9920482383171639,-0.12234497629265362,-0.026517553482920505,0.012993036020968397
1761076051.343147,316.32000732421875,269.82000732421875,217.6199951171875,83.5,38.13999938964844,34.720001220703125,253.64999389648438,64.16000366210938,-233.61000061035156,172.35000610351562,0,-0.3809635700084914,-0.0045788789478862545,0.6122983587973864,-0.9920485424176322,-0.12237029848066112,-0.026391435551296517,0.012988135599350224
1761076051.6034825,316.32000732421875,269.82000732421875,217.6199951171875,83.5,38.13999938964844,34.720001220703125,253.64999389648438,64.25,-233.61000061035156,172.35000610351562,0,-0.3808257520872256,-0.014701793193628623,0.6139423078905499,-0.9898248181733401,-0.1391795042896755,-0.026778987512497233,0.01260082305248634
1761076051.8125846,316.32000732421875,269.82000732421875,217.6199951171875,83.5,38.13999938964844,34.720001220703125,253.64999389648438,64.16000366210938,-233.61000061035156,172.35000610351562,0,-0.3766345001507847,-0.005533683422318152,0.6087612437272394,-0.9908021204631565,-0.13285448327310145,-0.015337451693387958,0.020630243224523233
1761076051.974268,316.32000732421875,269.82000732421875,217.6199951171875,83.5,38.13999938964844,34.720001220703125,253.64999389648438,64.25,-233.61000061035156,172.35000610351562,0,-0.3731730462393831,0.0029641885223339057,0.5989833029377564,-0.9924719008941358,-0.11987368605431277,-0.014796483421315246,0.0202704071418283
1761076052.1404955,316.32000732421875,269.82000732421875,217.6199951171875,83.5,38.13999938964844,34.720001220703125,253.64999389648438,64.25,-233.61000061035156,172.35000610351562,0,-0.38153006972153214,0.002699618280683656,0.6113591193214846,-0.9915250561707131,-0.12306791143417495,-0.03342128713313977,0.02480664683625273
1761076052.22221,316.32000732421875,269.82000732421875,217.6199951171875,83.5,38.13999938964844,34.720001220703125,253.64999389648438,69.16999816894531,-228.52000427246094,172.35000610351562,0,-0.38528769926195594,-0.007984548763071853,0.6211683377817443,-0.988663990845661,-0.1365899722616101,-0.054745077082179405,0.029827323345710432
1761076052.2950652,316.32000732421875,269.82000732421875,217.6199951171875,83.5,38.13999938964844,34.720001220703125,253.64999389648438,69.16999816894531,-228.52000427246094,172.35000610351562,0,-0.37676528565731693,-0.010139101763440682,0.6089729856846423,-0.9908139568591169,-0.13276097159704855,-0.015616265976470941,0.020453839510954197
1761076052.3776016,316.32000732421875,269.82000732421875,217.6199951171875,83.5,38.13999938964844,34.79999923706055,253.64999389648438,71.19000244140625,-222.4499969482422,172.35000610351562,0,-0.38435610008230675,-0.011365518546826022,0.622095643446605,-0.9894795247259911,-0.1357079654574878,-0.047247366130943186,0.016772139192862204
1761076052.4580655,316.32000732421875,269.82000732421875,217.6199951171875,83.5,38.13999938964844,34.79999923706055,253.64999389648438,71.19000244140625,-222.4499969482422,172.35000610351562,0,-0.3789891587185568,-0.011036264151450108,0.6133935626453593,-0.9893117245178195,-0.13956212486313224,-0.034654055325419666,0.024162398158468854
1761076052.7769408,316.32000732421875,269.82000732421875,217.6199951171875,83.5,38.13999938964844,34.720001220703125,253.64999389648438,71.19000244140625,-222.36000061035156,172.35000610351562,0,-0.37831665952040305,0.000868933865486243,0.6072536921169371,-0.9928280579492783,-0.1159499999802135,-0.02610488752046341,0.012906575874222555
1761076053.0045469,316.32000732421875,269.82000732421875,217.6199951171875,83.5,38.22999954223633,34.720001220703125,253.64999389648438,71.19000244140625,-222.36000061035156,172.35000610351562,0,-0.3886492229828398,-0.0009574100638520986,0.6252172482686896,-0.9908064730392254,-0.12570923879253876,-0.04678308241918762,0.017636991385454135
1761076053.0863872,316.32000732421875,269.82000732421875,217.6199951171875,83.5,38.22999954223633,34.720001220703125,253.64999389648438,71.19000244140625,-222.36000061035156,172.35000610351562,0,-0.38015282737395095,-0.002280987979557063,0.6125590557818539,0.8570512246342449,0.09745785289094201,0.5007736521187656,0.07204800209903388
1761076053.260284,316.32000732421875,269.82000732421875,217.7100067138672,83.5,38.13999938964844,34.720001220703125,253.64999389648438,71.0999984741211,-222.8000030517578,172.35000610351562,0,-0.37463559920876033,-0.009256558281322044,0.6044676556514778,-0.9919436350750824,-0.12604630392404476,-0.00806413241383233,0.009753146647694713
1761076053.3359084,316.32000732421875,269.82000732421875,217.7100067138672,83.5,38.13999938964844,34.720001220703125,253.64999389648438,71.0999984741211,-222.8000030517578,172.35000610351562,0,-0.38531352951522324,-0.010020514640365838,0.6220136299054915,-0.9894732551300421,-0.13582728331730415,-0.04697768038960372,0.01693292751451346
1761076053.4191432,316.32000732421875,269.82000732421875,217.6199951171875,83.5,38.13999938964844,34.79999923706055,259.8900146484375,70.66000366210938,-233.9600067138672,172.35000610351562,0,-0.38006373855433445,-0.010066905136081963,0.6134813818215855,0.8591427865396271,0.10621348108266038,0.4940139982720882,0.08088595851229989
1761076053.6064515,316.32000732421875,269.82000732421875,217.7100067138672,83.5,38.13999938964844,34.720001220703125,259.9800109863281,70.66000366210938,-235.02000427246094,172.35000610351562,0,-0.3797461168439872,-0.0025835287922254865,0.6116777275749157,-0.9915423595530413,-0.12281678966160012,-0.034053329558190334,0.024498084317087363
1761076053.6900103,316.32000732421875,269.82000732421875,217.7100067138672,83.5,38.13999938964844,34.720001220703125,259.9800109863281,70.66000366210938,-235.02000427246094,172.35000610351562,0,-0.37505796152765775,-0.017606143639910886,0.6056847178027557,-0.9893904336638476,-0.14301411833497613,-0.01572635817780704,0.02015473616290639
1761076053.8609452,316.32000732421875,269.82000732421875,217.6199951171875,83.5,38.13999938964844,34.720001220703125,259.9800109863281,70.66000366210938,-235.02000427246094,172.35000610351562,0,-0.3822743292354325,-0.0223288379414188,0.6187267585121963,-0.9881001484538583,-0.1455192528826294,-0.04729983324717854,0.015651499632102307
1761076053.9372282,316.32000732421875,269.82000732421875,217.6199951171875,83.5,38.13999938964844,34.720001220703125,259.9800109863281,70.66000366210938,-235.02000427246094,172.35000610351562,0,-0.3740650345879075,-0.02350576754056624,0.6056720121910903,-0.989622469494512,-0.1425060113762318,-0.01836270363903893,0.0014885255408654092
1761076054.1881402,316.32000732421875,269.82000732421875,217.6199951171875,83.5,38.13999938964844,34.720001220703125,259.9800109863281,70.30999755859375,-234.75999450683594,172.35000610351562,0,-0.38201553333839533,-0.011785992744482556,0.6174735602107718,-0.9912319052403271,-0.1287127524745648,-0.02705800950826668,0.012657073338777986
1761076054.3367424,316.32000732421875,269.82000732421875,217.6199951171875,83.5,38.13999938964844,34.720001220703125,259.9800109863281,70.30999755859375,-234.75999450683594,172.35000610351562,0,-0.37460943559622367,-0.00729773695245258,0.6044253718268173,-0.9919408544217448,-0.12606836166980842,-0.008010556298064742,0.00979492229396471
1761076054.4126391,316.32000732421875,269.82000732421875,217.6199951171875,83.5,38.13999938964844,34.79999923706055,253.64999389648438,64.16000366210938,-233.61000061035156,172.35000610351562,0,-0.38353288589997564,-0.006463530489743499,0.617457224833017,0.8718648027594177,0.10562634061773937,0.47357879586927565,0.06646778151852144
1761076054.656085,316.32000732421875,269.82000732421875,217.6199951171875,83.5,38.13999938964844,34.720001220703125,253.64999389648438,64.25,-233.61000061035156,172.35000610351562,0,-0.3749666365362653,-0.014332188728474932,0.6055369894408645,-0.9893807617081571,-0.14308344123306604,-0.015533153947226895,0.02028690057998553
1761076054.7358685,316.32000732421875,269.82000732421875,217.6199951171875,83.5,38.13999938964844,34.720001220703125,253.64999389648438,64.25,-233.61000061035156,172.35000610351562,0,-0.3821947836749683,-0.009777575308734568,0.6172491178973465,-0.9904054697999037,-0.1289690754695181,-0.04690260841090695,0.016252024096189328
1761076054.809683,316.32000732421875,269.82000732421875,217.6199951171875,83.5,38.13999938964844,34.720001220703125,253.64999389648438,64.16000366210938,-233.61000061035156,172.35000610351562,0,-0.3766720080134392,-0.006849192352291287,0.6088219690105393,-0.9908054292548406,-0.13282823206663733,-0.015417500350720764,0.02058064158665229
1761076055.0088809,316.32000732421875,269.82000732421875,217.6199951171875,83.5,38.13999938964844,34.720001220703125,253.64999389648438,64.25,-233.61000061035156,172.35000610351562,0,-0.3782530882590507,0.0031636917122856243,0.6071514987138533,-0.9928191215625743,-0.11603662044095005,-0.025988405043432625,0.013049803816908916
1761076055.0860453,316.32000732421875,269.82000732421875,217.6199951171875,83.5,38.13999938964844,34.720001220703125,253.64999389648438,64.25,-233.61000061035156,172.35000610351562,0,-0.3857552207572315,0.0032391868061505203,0.6189577483889012,-0.9908698338447234,-0.11989855007848449,-0.053919694175535465,0.02989944222931278
1761076055.3931596,316.32000732421875,269.82000732421875,217.6199951171875,83.5,38.13999938964844,34.720001220703125,253.64999389648438,71.19000244140625,-222.97999572753906,172.35000610351562,0,-0.3769908782509993,-0.010145489383271427,0.6090860674363416,-0.9907213218492351,-0.13268461227480366,-0.026474915670506163,0.012850483999790262
1761076055.5453615,316.32000732421875,269.82000732421875,217.7100067138672,83.5,38.13999938964844,34.720001220703125,253.64999389648438,71.19000244140625,-222.36000061035156,172.35000610351562,0,-0.38435610008230675,-0.011365518546826022,0.622095643446605,-0.9894795247259911,-0.1357079654574878,-0.047247366130943186,0.016772139192862204
1761076055.6345005,316.32000732421875,269.82000732421875,217.7100067138672,83.5,38.13999938964844,34.720001220703125,253.64999389648438,71.19000244140625,-222.36000061035156,172.35000610351562,0,-0.37460943559622367,-0.00729773695245258,0.6044253718268173,-0.9919408544217448,-0.12606836166980842,-0.008010556298064742,0.00979492229396471
1761076055.7866194,316.32000732421875,269.82000732421875,217.7100067138672,83.5,38.13999938964844,34.720001220703125,253.55999755859375,71.27999877929688,-222.36000061035156,172.35000610351562,0,-0.3808922361442615,-0.0012723879477038976,0.6121835139226472,-0.9920324643715466,-0.12250524549725028,-0.026248977639477814,0.01323048114986491
1761076055.8699841,316.32000732421875,269.82000732421875,217.7100067138672,83.5,38.13999938964844,34.720001220703125,253.55999755859375,71.27999877929688,-222.36000061035156,172.35000610351562,0,-0.3756698517505789,0.0005507393195167042,0.6029983893548745,-0.9912199881433228,-0.1266077859244116,-0.021806076925661205,0.03127137121364546
1761076056.1801345,316.32000732421875,269.82000732421875,217.6199951171875,83.5,38.13999938964844,34.720001220703125,253.64999389648438,71.19000244140625,-222.36000061035156,172.35000610351562,0,-0.3773494542798084,-0.0075070958993558685,0.6088539202746985,-0.990808386198707,-0.1328144174238555,-0.015431486685873628,0.020516860903642832
1761076056.4147708,316.32000732421875,269.82000732421875,217.6199951171875,83.5,38.13999938964844,34.720001220703125,256.4599914550781,70.66000366210938,-227.4600067138672,172.35000610351562,0,-0.3773867830149219,-0.008822997024472144,0.6089142498603056,-0.9908117816785009,-0.13278762844025999,-0.01551075278025762,0.020466449825895495
1761076056.5661712,316.32000732421875,269.82000732421875,217.6199951171875,83.5,38.13999938964844,34.79999923706055,259.9800109863281,70.66000366210938,-235.02000427246094,172.35000610351562,0,-0.3775638319037169,-0.0035475709335143833,0.6078826800749704,-0.9903408546344588,-0.13316207669026703,-0.0220756763263867,0.03170989574498772
1761076056.7997444,316.32000732421875,269.82000732421875,217.7100067138672,83.5,38.13999938964844,34.720001220703125,259.9800109863281,70.66000366210938,-235.02000427246094,172.35000610351562,0,-0.3824378224603438,-0.010098885625064773,0.6168181621867498,-0.9907045471689795,-0.12923271034907274,-0.034590543592914406,0.024635362560486863
1761076056.9581902,316.32000732421875,269.82000732421875,217.6199951171875,83.5,38.13999938964844,34.720001220703125,259.9800109863281,70.66000366210938,-235.11000061035156,172.35000610351562,0,-0.3770208271806131,-0.021178719714437706,0.6099264632460861,-0.9879575530790061,-0.14974396994291012,-0.023398974948633654,0.031130447334288477
1761076057.3703237,316.32000732421875,269.82000732421875,217.6199951171875,83.5,38.13999938964844,34.720001220703125,259.9800109863281,70.30999755859375,-234.75999450683594,172.35000610351562,0,-0.3824150152258981,-0.006435176725872439,0.616781488483613,-0.9907097547786162,-0.1292354909544937,-0.034649856256466466,0.024326058572061545
1761076057.4473388,316.32000732421875,269.82000732421875,217.6199951171875,83.5,38.13999938964844,34.720001220703125,259.9800109863281,70.30999755859375,-234.75999450683594,172.35000610351562,0,-0.3752184944260484,-0.004359989856198039,0.6043545657291418,-0.9919374322402418,-0.1260988605692571,-0.007913885829313632,0.00982742564720971
1761076057.6131203,316.32000732421875,269.82000732421875,217.7100067138672,83.5,38.13999938964844,34.720001220703125,253.64999389648438,64.25,-233.61000061035156,172.35000610351562,0,-0.38351036046473774,-0.009110588332042084,0.6172198697115103,-0.9904098166265071,-0.12901576993753786,-0.046675570124192066,0.016270138009696605
1761076057.8536935,316.32000732421875,269.82000732421875,217.6199951171875,83.5,38.13999938964844,34.720001220703125,253.64999389648438,64.25,-233.61000061035156,172.35000610351562,0,-0.37615931962325727,-0.01655899252730237,0.6095975883041899,-0.9879357529176059,-0.14988328581571314,-0.022996570272120063,0.031450063528200754
1761076057.9282122,316.32000732421875,269.82000732421875,217.6199951171875,83.5,38.13999938964844,34.720001220703125,253.64999389648438,64.25,-233.61000061035156,172.35000610351562,0,-0.3813206117293044,-0.010451523704701638,0.617428398897671,-0.9912229520851572,-0.12876968607722583,-0.02705500790410727,0.012784903381239587
1761076058.0840292,316.32000732421875,269.82000732421875,217.6199951171875,83.5,38.13999938964844,34.720001220703125,253.64999389648438,64.25,-233.61000061035156,172.35000610351562,0,-0.3850795218044056,0.00524354524608678,0.6194592604890082,-0.9919800692559402,-0.11910411343768156,-0.03407800208080919,0.025068748181440385
1761076058.2352986,316.32000732421875,269.82000732421875,217.7100067138672,83.5,38.13999938964844,34.720001220703125,253.55999755859375,64.25,-233.61000061035156,172.35000610351562,0,-0.37946550581595445,0.007751447971065587,0.6069922029719835,-0.9928023451415868,-0.11621592172082491,-0.025689425486129795,0.013319776204467117
1761076058.463894,316.32000732421875,269.82000732421875,217.6199951171875,83.5,38.13999938964844,34.720001220703125,253.64999389648438,64.25,-233.61000061035156,172.35000610351562,0,-0.38062473504073074,-0.007417343083019512,0.6133181814684004,0.8585452722544559,0.10602621630676579,0.4944299283219422,0.08483809830938221
1761076058.613168,316.32000732421875,269.82000732421875,217.6199951171875,83.5,38.13999938964844,34.720001220703125,253.64999389648438,69.16999816894531,-228.52000427246094,172.35000610351562,0,-0.3810746845167045,-0.014263541062754695,0.6173161746692831,-0.987581716293709,-0.1467750682596564,-0.0421143148471126,0.036956967742274534
1761076058.7738087,316.32000732421875,269.82000732421875,217.6199951171875,83.5,38.13999938964844,34.720001220703125,253.64999389648438,71.19000244140625,-222.36000061035156,172.35000610351562,0,-0.37815832957478407,-0.0140381356958955,0.6139188145905117,-0.9898140440723064,-0.13920833671404884,-0.0269553995900531,0.012751610858035807
1761076058.9238882,316.32000732421875,269.82000732421875,217.6199951171875,83.5,38.13999938964844,34.720001220703125,253.64999389648438,71.19000244140625,-222.36000061035156,172.35000610351562,0,-0.38038388892591934,-0.0019228699524452455,0.6116406065439123,-0.9915424692245877,-0.12284710103335406,-0.03393622316115666,0.024504167997807684
1761076059.3700428,316.32000732421875,269.82000732421875,217.6199951171875,83.5,38.13999938964844,34.720001220703125,253.64999389648438,71.19000244140625,-222.36000061035156,172.35000610351562,0,-0.38519028629530916,-0.008362749185247171,0.6222821408788799,0.8664098444502539,0.10739009629612256,0.4819747137006438,0.07417360723585484
1761076059.4374936,316.32000732421875,269.82000732421875,217.6199951171875,83.5,38.13999938964844,34.720001220703125,253.64999389648438,71.19000244140625,-222.36000061035156,172.35000610351562,0,-0.37925802760145644,-0.010032056343226693,0.6130094409963204,-0.9894282120260292,-0.139652634436732,-0.022809824337108084,0.031759515984440066
1761076059.586555,316.32000732421875,269.82000732421875,217.6199951171875,83.5,38.13999938964844,34.720001220703125,256.4599914550781,70.66000366210938,-227.4600067138672,172.35000610351562,0,-0.3796284453389243,-0.01037322656625886,0.6133557136135409,-0.989311058602085,-0.13959425114630655,-0.034535260238881926,0.024174163372425353
1761076059.74885,316.32000732421875,269.82000732421875,217.6199951171875,83.5,38.13999938964844,34.720001220703125,259.9800109863281,70.66000366210938,-235.02000427246094,172.35000610351562,0,-0.38334294967700727,-0.003776176891821468,0.6169499509133133,-0.9903612106712676,-0.1294178858710139,-0.04632669448095993,0.017015304666277986
1761076060.1449528,316.32000732421875,269.82000732421875,217.7100067138672,83.5,38.13999938964844,34.720001220703125,259.9800109863281,70.66000366210938,-235.11000061035156,172.35000610351562,0,-0.3797143781683211,-0.021326268474816647,0.6140315445439821,-0.9893816860385585,-0.13903865826230466,-0.03542110450112077,0.02318353286360926
1761076060.2261786,316.32000732421875,269.82000732421875,217.7100067138672,83.5,38.13999938964844,34.720001220703125,259.9800109863281,70.66000366210938,-235.11000061035156,172.35000610351562,0,-0.3715963390118687,-0.02563650546466668,0.6021746700716574,-0.9879954331325849,-0.15350513668790036,0.0016976900888799364,0.017271796893994225
1761076060.4634197,316.32000732421875,269.82000732421875,217.6199951171875,83.5,38.13999938964844,34.79999923706055,259.9800109863281,70.66000366210938,-235.02000427246094,172.35000610351562,0,-0.3686567738436076,-0.01720011416956147,0.5974183772309681,-0.9888033367722427,-0.14666039526453487,-0.005162594890458407,0.027056187146865973
1761076060.537917,316.32000732421875,269.82000732421875,217.6199951171875,83.5,38.13999938964844,34.79999923706055,259.9800109863281,70.66000366210938,-235.02000427246094,172.35000610351562,0,-0.37678385272737575,-0.010797277068467538,0.6090030458106878,-0.9908157067400536,-0.13274723490947063,-0.015655777293108592,0.020428008675507155
1761076060.6104975,316.32000732421875,269.82000732421875,217.6199951171875,83.5,38.13999938964844,34.720001220703125,259.9800109863281,70.30999755859375,-234.75999450683594,172.35000610351562,0,-0.38215346815237394,-0.004086232788566346,0.6155631429019576,-0.9899754522347145,-0.12991234918863379,-0.04145687410443842,0.03677924809524889
1761076060.6839175,316.32000732421875,269.82000732421875,217.6199951171875,83.5,38.13999938964844,34.720001220703125,259.9800109863281,70.30999755859375,-234.75999450683594,172.35000610351562,0,-0.37544095147508616,-0.002392146950178003,0.6039326676383201,-0.9916841941957917,-0.12620112016779797,-0.015275405377410225,0.02005986643006689
1761076060.7679477,316.32000732421875,269.82000732421875,217.7100067138672,83.5,38.13999938964844,34.79999923706055,253.64999389648438,64.16000366210938,-233.61000061035156,172.35000610351562,0,-0.37872656492124973,-0.00552631498609131,0.6084470333492983,-0.9902164365361789,-0.13320184180383782,-0.0336969754210076,0.02435553327548242
1761076060.9212193,316.32000732421875,269.82000732421875,217.7100067138672,83.5,38.13999938964844,34.79999923706055,253.64999389648438,64.16000366210938,-233.61000061035156,172.35000610351562,0,-0.38080067805631534,-0.01468574674614966,0.6136434668104208,-0.989342034720733,-0.13939135634007274,-0.034768449625170464,0.02373906112248439
1761076061.0005603,316.32000732421875,269.82000732421875,217.6199951171875,83.5,38.13999938964844,34.720001220703125,253.64999389648438,64.16000366210938,-233.61000061035156,172.35000610351562,0,-0.37470299980210126,-0.01958039531210913,0.6056455656510837,-0.989605545231701,-0.14262677029593812,-0.018319288870320243,0.001694962212960319
1761076061.1512966,316.32000732421875,269.82000732421875,217.7100067138672,83.5,38.13999938964844,34.720001220703125,253.64999389648438,64.16000366210938,-233.61000061035156,172.35000610351562,0,-0.38127870263418706,-0.00845021767731751,0.6173604253001195,-0.9912122770316825,-0.12885387278790103,-0.026972514617300124,0.01293772717467695
1761076061.226688,316.32000732421875,269.82000732421875,217.7100067138672,83.5,38.13999938964844,34.720001220703125,253.64999389648438,64.16000366210938,-233.61000061035156,172.35000610351562,0,-0.3763219299604777,-0.0055446668568020045,0.6090457300170675,-0.9910644255808787,-0.13276215280487752,-0.007890676511362417,0.010161316590405858
1761076061.3128362,316.32000732421875,269.82000732421875,217.7100067138672,83.5,38.13999938964844,34.720001220703125,253.64999389648438,64.16000366210938,-233.61000061035156,172.35000610351562,0,-0.380117868396639,0.004017888362425628,0.611720979155767,-0.9921359405584788,-0.1224994136718864,-0.0150105378310198,0.020853125813901568
1761076061.6192832,316.32000732421875,269.82000732421875,217.6199951171875,83.5,38.13999938964844,34.720001220703125,253.64999389648438,64.5999984741211,-233.25999450683594,172.35000610351562,0,-0.38706478249953463,-0.003286694836954957,0.6207887841346923,-0.9886466991813287,-0.13695881043407157,-0.05385835801969098,0.030319395009962707
1761076061.7799466,316.32000732421875,269.82000732421875,217.6199951171875,83.5,38.13999938964844,34.79999923706055,253.64999389648438,71.19000244140625,-223.07000732421875,172.35000610351562,0,-0.3803127242366858,-0.008558815315559049,0.6125733361997148,-0.9923582292096346,-0.12198553352515513,-0.018468173830614346,0.001897652724827569
1761076062.0304468,316.32000732421875,269.82000732421875,217.7100067138672,83.5,38.13999938964844,34.720001220703125,253.64999389648438,71.19000244140625,-222.36000061035156,172.35000610351562,0,-0.37395638559886174,-0.007297719987788813,0.604425158955371,-0.9919405549194127,-0.12606844941326967,-0.008024578784244613,0.009812629822681568
1761076062.0999827,316.32000732421875,269.82000732421875,217.7100067138672,83.5,38.13999938964844,34.720001220703125,253.64999389648438,71.19000244140625,-222.36000061035156,172.35000610351562,0,-0.3832864149994743,-0.0027763444914190045,0.6168588395698191,-0.9903562117864328,-0.12947905856579056,-0.04622696538566607,0.017111833337640332
1761076062.7136667,316.32000732421875,269.82000732421875,217.6199951171875,83.5,38.13999938964844,34.720001220703125,253.64999389648438,71.0999984741211,-222.8000030517578,172.35000610351562,0,-0.37934729618348884,-0.011368275524579315,0.6134368984902366,-0.9893121183403589,-0.13956705479319073,-0.034626489422293336,0.024157316729179867
1761076062.800604,316.32000732421875,269.82000732421875,217.6199951171875,83.5,38.13999938964844,34.720001220703125,259.9800109863281,70.66000366210938,-233.9600067138672,172.35000610351562,0,-0.376787806926941,-0.009828747043138563,0.6089971750715022,0.8604466453101508,0.10095069190055853,0.49350175334545854,0.07678898244061048
1761076062.9532387,316.32000732421875,269.82000732421875,217.6199951171875,83.5,38.13999938964844,34.720001220703125,260.1600036621094,70.66000366210938,-235.02000427246094,172.35000610351562,0,-0.37797078292396846,-0.006191503071075752,0.6087951642664503,-0.9908063345364481,-0.1328401904668621,-0.015326366185931866,0.020527877111642542
1761076063.1851892,316.32000732421875,269.82000732421875,217.6199951171875,83.5,38.13999938964844,34.720001220703125,260.1600036621094,70.66000366210938,-235.11000061035156,172.35000610351562,0,-0.38549603431883195,-0.012016244267542334,0.6215048423641781,-0.9887032077821525,-0.13624810746756713,-0.05523051569652067,0.029189214937789074
1761076063.2602522,316.32000732421875,269.82000732421875,217.6199951171875,83.5,38.13999938964844,34.720001220703125,260.1600036621094,70.66000366210938,-235.11000061035156,172.35000610351562,0,-0.3748844709517524,-0.016274719552871453,0.6051484332699455,-0.9889394224473922,-0.1431991643574542,-0.02286266485539066,0.031146695048677526
1761076063.4823487,316.32000732421875,269.82000732421875,217.6199951171875,83.5,38.13999938964844,34.720001220703125,260.1600036621094,70.66000366210938,-235.02000427246094,172.35000610351562,0,-0.37894652935576856,-0.02100664411149554,0.6141217611308472,-0.9898588876153117,-0.13890325599003034,-0.02715522822957915,0.012159838162794957
1761076063.6371853,316.32000732421875,269.82000732421875,217.6199951171875,83.5,38.13999938964844,34.720001220703125,260.1600036621094,70.66000366210938,-235.02000427246094,172.35000610351562,0,-0.37362964914454017,-0.017584141543033678,0.605233882625611,-0.9889385907177192,-0.14316189442275667,-0.02306560722999687,0.03119476779286363
1761076063.8060203,316.32000732421875,269.82000732421875,217.6199951171875,83.5,38.13999938964844,34.720001220703125,257.7799987792969,66.01000213623047,-233.7899932861328,172.35000610351562,0,-0.3798950595199509,-0.007218463268572428,0.6122002401684942,-0.9912559023679731,-0.12250380663543903,-0.04627074152866107,0.016234896330749874
1761076063.9591422,316.32000732421875,269.82000732421875,217.6199951171875,83.5,38.13999938964844,34.720001220703125,253.64999389648438,64.25,-233.61000061035156,172.35000610351562,0,-0.37832135181538645,-0.010803732937316088,0.609109403880275,-0.9907283353704603,-0.1326561865202955,-0.0264037014698695,0.012749361578498708
1761076064.0354602,316.32000732421875,269.82000732421875,217.6199951171875,83.5,38.13999938964844,34.720001220703125,253.64999389648438,64.25,-233.61000061035156,172.35000610351562,0,-0.3884247266054921,-0.014999647543678662,0.6267900080050376,-0.9871280739282658,-0.142569881369417,-0.06935956923252222,0.02100582645033368
1761076064.1134124,316.32000732421875,269.82000732421875,217.6199951171875,83.5,38.13999938964844,34.720001220703125,253.64999389648438,64.25,-233.61000061035156,172.35000610351562,0,-0.38276523841528576,-0.01630727773484003,0.6184393869775285,-0.9880394662536272,-0.14598310716187804,-0.04685195624893524,0.01648756332085178
1761076064.1913023,316.32000732421875,269.82000732421875,217.7100067138672,83.5,38.13999938964844,34.720001220703125,253.64999389648438,64.25,-233.61000061035156,172.35000610351562,0,-0.3769212071429925,-0.015920795239765244,0.6100235694758621,-0.9883969337387296,-0.14971259959581545,-0.01577485504027466,0.020218626229267875
