timestamp,motor1,motor2,motor3,motor4,motor5,motor6,motor7,motor8,motor9,motor10,marker_id,x,y,z,qx,qy,qz,qw
1765375833.6757505,280.2799987792969,272.8999938964844,230.5399932861328,168.57000732421875,56.5099983215332,68.12000274658203,479.0,416.07000732421875,368.0899963378906,-3958.419921875,0,-0.18506839015420098,-0.03482477987611224,0.7857908657906435,-0.9010189484126016,-0.152584633723153,-0.24206141023478236,0.3260200267286804
1765375833.7105772,280.2799987792969,272.8999938964844,230.5399932861328,168.57000732421875,56.5099983215332,68.12000274658203,479.0,416.07000732421875,368.0899963378906,-3958.419921875,0,-0.18467086827669704,-0.03588984794928546,0.7968747293381477,-0.8998813787088173,-0.16670118166958692,-0.22689247126178552,0.3330826125269846
1765375833.744241,280.2799987792969,272.8999938964844,230.5399932861328,168.57000732421875,56.5099983215332,68.12000274658203,479.0,416.07000732421875,368.0899963378906,-3958.419921875,0,-0.17309189446600268,-0.034612740388877336,0.7567860014981279,0.9350368998617563,0.08306154270315208,-0.038126994336260114,0.3425683994818718
1765375833.9341118,280.2799987792969,272.8999938964844,230.5399932861328,168.57000732421875,56.5099983215332,68.12000274658203,479.0,416.07000732421875,368.0899963378906,-3958.419921875,0,-0.17215619332746473,-0.036926201866887436,0.7823968855166589,-0.9009817153703492,-0.15041504113796939,-0.2364885228108197,0.3311803776592485
1765375834.1007566,280.2799987792969,272.8999938964844,230.5399932861328,168.57000732421875,56.5099983215332,68.12000274658203,479.0,416.07000732421875,368.0899963378906,-3958.419921875,0,-0.1860665995182165,-0.03647464933139301,0.8040306919734719,0.9470037071408638,0.08737446731581823,-0.005050998555218294,0.3090698441070132
1765375834.2599745,280.2799987792969,272.8999938964844,230.5399932861328,168.57000732421875,56.5099983215332,68.12000274658203,479.0,416.07000732421875,368.0899963378906,-3958.419921875,0,-0.1926057863154718,-0.03291184878881124,0.7812105097598062,0.9470268321346084,0.0984952841507774,-0.04249286425238867,0.3027097862718912
1765375834.3684576,280.2799987792969,272.8999938964844,230.5399932861328,168.57000732421875,56.5099983215332,68.12000274658203,479.0,416.07000732421875,368.0899963378906,-3958.419921875,0,-0.19758161256165618,-0.029833958514759163,0.7631084659448066,-0.8960957132615003,-0.16402393012453745,-0.2549912619223078,0.32417291583988445
1765375834.402046,280.2799987792969,272.8999938964844,230.5399932861328,168.57000732421875,56.5099983215332,68.12000274658203,479.0,416.07000732421875,368.0899963378906,-3958.419921875,0,-0.20419532065842352,-0.03055070540472804,0.7819809506202722,0.9510872165117745,0.09610546130679615,-0.01775209186542503,0.2930558140172182
1765375834.455228,280.2799987792969,272.8999938964844,230.5399932861328,168.57000732421875,56.5099983215332,68.12000274658203,479.0,416.07000732421875,368.0899963378906,-3958.419921875,0,-0.20049543478230253,-0.029309178403880413,0.7637423553936243,-0.8959554472490594,-0.16453682412901607,-0.2565533082648677,0.32306635551946145
1765375834.4965758,280.2799987792969,272.8999938964844,230.5399932861328,168.57000732421875,56.5099983215332,68.12000274658203,479.0,416.07000732421875,368.0899963378906,-3958.419921875,0,-0.20490565994883544,-0.029853708980251265,0.777868510073944,-0.9008453240135151,-0.16151935439992554,-0.25328733812623594,0.31342419291136764
1765375834.744403,280.2799987792969,272.8999938964844,230.5399932861328,168.57000732421875,56.5099983215332,68.12000274658203,479.0,416.07000732421875,368.0899963378906,-3958.419921875,0,-0.1937128762503426,-0.03237300103511953,0.7778967295155154,-0.89598424463226,-0.16312650847780713,-0.23923249439177907,0.33670430533286316
1765375834.8125222,280.2799987792969,272.8999938964844,230.5399932861328,168.57000732421875,56.5099983215332,68.12000274658203,479.0,416.07000732421875,368.0899963378906,-3958.419921875,0,-0.19235014590481633,-0.03436244941468051,0.795291421773515,0.9443644402924639,0.09211364702425878,-0.019300837834700192,0.31514815183000877
1765375834.913469,280.2799987792969,272.8999938964844,230.5399932861328,168.57000732421875,56.5099983215332,68.12000274658203,479.0,416.07000732421875,368.0899963378906,-3958.419921875,0,-0.18247083046280388,-0.035686497969726796,0.7892268817665047,-0.9016303727833891,-0.15743815553422358,-0.22690393430361655,0.33285207323075006
1765375834.992793,280.2799987792969,272.8999938964844,230.5399932861328,168.57000732421875,56.5099983215332,68.12000274658203,479.0,416.07000732421875,368.0899963378906,-3958.419921875,0,-0.18082575130768824,-0.03704921221679441,0.8001837217165962,-0.9123701912339011,-0.15004527166977732,-0.22869563795404563,0.3045740563116787
1765375835.1116433,280.2799987792969,272.8999938964844,230.5399932861328,168.57000732421875,56.5099983215332,68.19999694824219,479.0,416.07000732421875,368.0899963378906,-3958.419921875,0,-0.17379176376758446,-0.03651925399276538,0.7827651339763989,-0.90340915070016,-0.15248407576413855,-0.21036038756984626,0.34109972209170186
1765375835.1462886,280.2799987792969,272.8999938964844,230.5399932861328,168.57000732421875,56.5099983215332,68.19999694824219,479.0,416.07000732421875,368.0899963378906,-3958.419921875,0,-0.17735636598816198,-0.037179885041332225,0.7968745788445077,-0.9083986675471123,-0.14957439306960552,-0.20566594712145547,0.3318747955647201
1765375835.212498,280.2799987792969,272.8999938964844,230.5399932861328,168.57000732421875,56.5099983215332,68.19999694824219,479.0,416.07000732421875,368.0899963378906,-3958.419921875,0,-0.18189652696006595,-0.03706756199288578,0.8068460302358811,-0.9047345929552422,-0.1573096667088874,-0.23399339989244614,0.31930561203465413
1765375835.616198,280.2799987792969,272.8999938964844,230.5399932861328,168.57000732421875,56.5099983215332,68.12000274658203,479.0,416.07000732421875,368.0899963378906,-3958.419921875,0,-0.18035809009360845,-0.036121206694146,0.7924536262079139,-0.9019532312884404,-0.16055469836470135,-0.26086093276535416,0.3043914111110075
1765375835.7420793,280.2799987792969,272.8999938964844,230.5399932861328,168.57000732421875,56.5099983215332,68.12000274658203,479.0,416.07000732421875,368.0899963378906,-3958.419921875,0,-0.2035884396212975,-0.030087039122277934,0.7766001302841935,-0.9022135845359084,-0.16092123426532925,-0.2756779766509249,0.29002871828672855
1765375835.9177017,280.2799987792969,272.8999938964844,230.5399932861328,168.57000732421875,56.5099983215332,68.12000274658203,479.0,416.07000732421875,368.0899963378906,-3958.419921875,0,-0.2168364137694059,-0.03485943337230984,0.8558659884888019,-0.9073674888866664,-0.16829128311809943,-0.22787645930141648,0.3105392140039949
1765375835.9520435,280.2799987792969,272.8999938964844,230.5399932861328,168.57000732421875,56.5099983215332,68.12000274658203,479.0,416.07000732421875,368.0899963378906,-3958.419921875,0,-0.19835026861031319,-0.032724634872431775,0.7930890678790706,-0.9036526057916274,-0.1600292548718774,-0.25751452327806745,0.30247128116901134
1765375835.9876902,280.2799987792969,272.8999938964844,230.5399932861328,168.57000732421875,56.5099983215332,68.12000274658203,479.0,416.07000732421875,368.0899963378906,-3958.419921875,0,-0.19261446803517776,-0.0326832726725729,0.7785665503497131,-0.8989349703183249,-0.1627535730654434,-0.2591437329648427,0.313483204108721
1765375836.021652,280.2799987792969,272.8999938964844,230.5399932861328,168.57000732421875,56.5099983215332,68.12000274658203,479.0,416.07000732421875,368.0899963378906,-3958.419921875,0,-0.19282248174672537,-0.03348522427391896,0.7908949212471886,-0.9011142410377373,-0.15938898211953614,-0.23295224613036708,0.3291223602259469
1765375836.057267,280.2799987792969,272.8999938964844,230.5399932861328,168.57000732421875,56.5099983215332,68.12000274658203,479.0,416.07000732421875,368.0899963378906,-3958.419921875,0,-0.18759961336341358,-0.03376889928245663,0.7810165525217381,-0.8997074273639768,-0.1672668597297797,-0.2434204384011349,0.32139513523205654
1765375836.130647,280.2799987792969,272.8999938964844,230.5399932861328,168.57000732421875,56.5099983215332,68.12000274658203,479.0,416.07000732421875,368.0899963378906,-3958.419921875,0,-0.18542235540489793,-0.03618070733609455,0.8032565558321195,-0.9037949099988796,-0.15236617378933548,-0.2499195349071231,0.3122171292814066
1765375836.284075,280.2799987792969,272.8999938964844,230.5399932861328,168.57000732421875,56.5099983215332,68.12000274658203,479.0,416.07000732421875,368.0899963378906,-3958.419921875,0,-0.17620965951970555,-0.03679167142132991,0.7890617918797079,0.9470412263516512,0.0941925225895649,-0.0075448586342236855,0.30689372653536656
1765375836.284075,280.2799987792969,272.8999938964844,230.5399932861328,168.57000732421875,56.5099983215332,68.12000274658203,479.0,416.07000732421875,368.0899963378906,-3958.419921875,1,-0.18811533864982447,-0.04399551528597762,0.7819686635159115,0.6702895479379333,0.29204698232545667,0.649438006728588,0.2089276368893163
1765375836.4264164,280.2799987792969,272.8999938964844,230.5399932861328,168.57000732421875,56.5099983215332,68.12000274658203,479.0,416.07000732421875,368.0899963378906,-3958.419921875,0,-0.18244974293753857,-0.03630807895297594,0.7997266627913812,-0.9068226193085567,-0.1484179906161418,-0.23419813300299017,0.3174839707288372
1765375836.4632916,280.2799987792969,272.8999938964844,230.5399932861328,168.57000732421875,56.5099983215332,68.12000274658203,479.0,416.07000732421875,368.0899963378906,-3958.419921875,0,-0.18074353276516167,-0.03509165580587736,0.7854371935578194,-0.901854341796934,-0.15188980147139525,-0.23879244248343423,0.3264451007501799
1765375836.5365722,280.2799987792969,272.8999938964844,230.5399932861328,168.57000732421875,56.5099983215332,68.12000274658203,479.0,416.07000732421875,368.0899963378906,-3958.419921875,0,-0.1890898696418175,-0.0352140793112025,0.8010218054621314,-0.9065050828968751,-0.1495162269939578,-0.2378030168739192,0.3151874961245821
1765375836.577308,280.2799987792969,272.8999938964844,230.5399932861328,168.57000732421875,56.5099983215332,68.12000274658203,479.0,416.07000732421875,368.0899963378906,-3958.419921875,0,-0.1871343445102274,-0.033915527565947776,0.7843755047054212,-0.897709172625208,-0.17061462071963385,-0.25500949917579746,0.3161946361204901
1765375836.6349318,280.2799987792969,272.8999938964844,230.5399932861328,168.57000732421875,56.5099983215332,68.12000274658203,479.0,416.07000732421875,368.0899963378906,-3958.419921875,0,-0.19474497018387898,-0.03326473410230296,0.7923613659974857,-0.9038807483489283,-0.15946711846874254,-0.2555450359890636,0.3037541200919022
1765375836.7099514,280.2799987792969,272.8999938964844,230.5399932861328,168.57000732421875,56.5099983215332,68.12000274658203,479.0,416.07000732421875,368.0899963378906,-3958.419921875,0,-0.19574564204803863,-0.03157027050109703,0.7787572008516916,-0.8986488733783736,-0.1634224844644053,-0.26129647048367316,0.3121657387671426
1765375836.7456894,280.2799987792969,272.8999938964844,230.5399932861328,168.57000732421875,56.5099983215332,68.12000274658203,479.0,416.07000732421875,368.0899963378906,-3958.419921875,0,-0.2027993866018496,-0.03221794141121075,0.7982254499919664,-0.9047766675155031,-0.1661045761185035,-0.24471535280501278,0.30643571562980576
1765375836.7973742,280.2799987792969,272.8999938964844,230.5399932861328,168.57000732421875,56.5099983215332,68.12000274658203,479.0,416.07000732421875,368.0899963378906,-3958.419921875,0,-0.19988889133571855,-0.031043842138573727,0.7796073763087419,-0.8983526213222315,-0.16409025190925497,-0.26358529974245315,0.3107406422589644
1765375836.8459628,280.2799987792969,272.8999938964844,230.5399932861328,168.57000732421875,56.5099983215332,68.12000274658203,479.0,416.07000732421875,368.0899963378906,-3958.419921875,1,-0.21014459299642627,-0.03790131541906563,0.761308715822413,0.6642180343905004,0.2758854300938425,0.6676384434985989,0.1922512445086475
1765375837.260704,280.2799987792969,272.8999938964844,230.5399932861328,168.57000732421875,56.5099983215332,68.12000274658203,479.0,416.07000732421875,368.0899963378906,-3958.419921875,0,-0.19287857742369324,-0.0341510498013591,0.7964211541299554,-0.905099072105978,-0.16456354558191008,-0.2398316008912986,0.3101536915020123
1765375837.302339,280.2799987792969,272.8999938964844,230.5399932861328,168.57000732421875,56.5099983215332,68.12000274658203,479.0,416.07000732421875,368.0899963378906,-3958.419921875,0,-0.18695766633929617,-0.03411192409569107,0.7824429027820886,-0.9034377947199271,-0.1494705396505543,-0.22957238827635454,0.32978057460872007
1765375837.4701977,280.2799987792969,272.8999938964844,230.5399932861328,168.57000732421875,56.5099983215332,68.12000274658203,479.0,416.07000732421875,368.0899963378906,-3958.419921875,0,-0.1814336498291396,-0.036479611628081464,0.800323565005916,-0.9124621198578926,-0.150182209639798,-0.22891311632967995,0.3040673756001835
1765375837.5401587,280.2799987792969,272.8999938964844,230.5399932861328,168.57000732421875,56.5099983215332,68.19999694824219,479.0,416.07000732421875,368.0899963378906,-3958.419921875,0,-0.17799300509920282,-0.03632887416455333,0.7908058406272367,-0.9085568605424467,-0.13890838054278304,-0.23260516192660957,0.3179995780206796
1765375837.730163,280.2799987792969,272.8999938964844,230.5399932861328,168.57000732421875,56.5099983215332,68.12000274658203,479.0,416.07000732421875,368.0899963378906,-3958.419921875,0,-0.18063160106983636,-0.032993452830903464,0.7599929983449055,-0.8971259404073483,-0.16085586562909523,-0.24518241259389364,0.33041795062554186
1765375837.764989,280.2799987792969,272.8999938964844,230.5399932861328,168.57000732421875,56.5099983215332,68.12000274658203,479.0,416.07000732421875,368.0899963378906,-3958.419921875,0,-0.18870510297131463,-0.03368628861160695,0.7856211713501091,-0.900260289904684,-0.15340725258700508,-0.24547662588609592,0.32517510885370515
1765375837.8011897,280.2799987792969,272.8999938964844,230.5399932861328,168.57000732421875,56.5099983215332,68.12000274658203,479.0,416.07000732421875,368.0899963378906,-3958.419921875,0,-0.18878636822411546,-0.03269377525132963,0.7755094864360205,-0.8927323827285911,-0.1605478227926976,-0.2629694917433495,0.32878615517764953
1765375837.8798225,280.2799987792969,272.8999938964844,230.5399932861328,168.57000732421875,56.5099983215332,68.12000274658203,479.0,416.07000732421875,368.0899963378906,-3958.419921875,0,-0.20016126427727463,-0.03216957026639855,0.7934766355900864,-0.9036132506478891,-0.16033730696701778,-0.25842514325823995,0.3016479513938024
1765375837.9123578,280.2799987792969,272.8999938964844,230.5399932861328,168.57000732421875,56.5099983215332,68.12000274658203,479.0,416.07000732421875,368.0899963378906,-3958.419921875,0,-0.19807108650197303,-0.031207574662616484,0.780185553073577,-0.9041132768126635,-0.165360871316423,-0.25813329727729406,0.2976611593159137
1765375837.9867046,280.2799987792969,272.8999938964844,230.5399932861328,168.57000732421875,56.5099983215332,68.12000274658203,479.0,416.07000732421875,368.0899963378906,-3958.419921875,1,-0.20444617276435595,-0.03747558745062514,0.7418380757471097,-0.8214727381369269,-0.3120967832292329,0.46558924423651094,0.10490373705002039
1765375838.4081802,280.2799987792969,272.8999938964844,230.5399932861328,168.57000732421875,56.5099983215332,68.12000274658203,479.0,416.07000732421875,368.0899963378906,-3958.419921875,0,-0.19187098389964202,-0.03500200410181764,0.8060474995465637,-0.9095548767650935,-0.15517979860086767,-0.24827885773913974,0.2949351878952017
1765375838.4819164,280.2799987792969,272.8999938964844,230.5399932861328,168.57000732421875,56.5099983215332,68.12000274658203,479.0,416.07000732421875,368.0899963378906,-3958.419921875,0,-0.18270175891900806,-0.03480492597308366,0.7853465332311076,-0.9012508626886682,-0.15220891506774825,-0.24066782956055702,0.3265858608259722
1765375838.5178149,280.2799987792969,272.8999938964844,230.5399932861328,168.57000732421875,56.5099983215332,68.12000274658203,479.0,416.07000732421875,368.0899963378906,-3958.419921875,0,-0.18444953871742598,-0.03592989137108738,0.8009074643302602,-0.9123383028727517,-0.15066241868824232,-0.2305516620140431,0.30296136362387566
1765375838.689595,280.2799987792969,272.8999938964844,230.6199951171875,168.57000732421875,56.5099983215332,68.12000274658203,479.0,416.07000732421875,368.0899963378906,-3958.419921875,0,-0.1779133071420904,-0.03579793332157313,0.7854258549719247,-0.9071942513534182,-0.15333721073500362,-0.2332536038852765,0.31476824234641415
1765375838.7418945,280.2799987792969,272.8999938964844,230.6199951171875,168.57000732421875,56.5099983215332,68.12000274658203,479.0,416.07000732421875,368.0899963378906,-3958.419921875,0,-0.1814336498291396,-0.036479611628081464,0.800323565005916,-0.9124621198578926,-0.150182209639798,-0.22891311632967995,0.3040673756001835
1765375838.7752666,280.2799987792969,272.8999938964844,230.6199951171875,168.57000732421875,56.5099983215332,68.12000274658203,479.0,416.07000732421875,368.0899963378906,-3958.419921875,0,-0.17832151547393826,-0.03582318293303941,0.7859780338491936,-0.9074036503878055,-0.1533201548561287,-0.23284070092286668,0.3144785419889986
1765375838.979216,280.2799987792969,272.8999938964844,230.5399932861328,168.57000732421875,56.5099983215332,68.12000274658203,479.0,416.07000732421875,368.0899963378906,-3958.419921875,0,-0.19129263537035435,-0.03352079530403004,0.7916601206877965,-0.8993528835903308,-0.1626577124808656,-0.2703138347425998,0.3027165177108766
1765375839.080024,280.2799987792969,272.8999938964844,230.5399932861328,168.57000732421875,56.5099983215332,68.12000274658203,479.0,416.07000732421875,368.0899963378906,-3958.419921875,0,-0.19456682583526408,-0.031560886815070764,0.7785278783359878,-0.8987768158368608,-0.16324749755585358,-0.2606014892252935,0.31246976440843766
1765375839.5092602,280.2799987792969,272.8999938964844,230.5399932861328,168.57000732421875,56.5099983215332,68.12000274658203,483.489990234375,416.07000732421875,368.0,-3958.419921875,0,-0.19414653153369002,-0.03325991333361192,0.7922475558434221,-0.9039435923010295,-0.1593826159192585,-0.2551929961083389,0.30390738460572775
1765375839.6859546,280.2799987792969,272.8999938964844,230.5399932861328,168.57000732421875,56.5099983215332,68.12000274658203,495.70001220703125,416.07000732421875,368.0,-3958.419921875,0,-0.18395441104286364,-0.03477447656267592,0.7846609117868408,-0.9004236164282939,-0.15254684648859732,-0.24295880043097134,0.3270134429923646
1765375839.7285583,280.2799987792969,272.8999938964844,230.5399932861328,168.57000732421875,56.5099983215332,68.12000274658203,495.70001220703125,416.07000732421875,368.0,-3958.419921875,0,-0.18625029165474088,-0.036520404900419544,0.8012114303971232,-0.9120295651836718,-0.15086776073363833,-0.2317591545501944,0.3028674384681843
1765375839.8189054,280.2799987792969,272.8999938964844,230.5399932861328,168.57000732421875,56.5099983215332,68.12000274658203,495.70001220703125,416.07000732421875,368.0,-3958.419921875,0,-0.18153772157892334,-0.03854100739953295,0.7899944173240349,0.9476027518658718,0.09338329576981515,-0.005089828907098151,0.305454871247932
1765375839.852075,280.2799987792969,272.8999938964844,230.5399932861328,168.57000732421875,56.5099983215332,68.12000274658203,495.70001220703125,416.07000732421875,368.0,-3958.419921875,0,-0.18389762661136166,-0.04052909102830901,0.8035233341394615,-0.9111846324878119,-0.1557679670894678,-0.21776806282099753,0.3131389096903412
1765375839.891362,280.2799987792969,272.8999938964844,230.5399932861328,168.57000732421875,56.5099983215332,68.12000274658203,508.5400085449219,416.07000732421875,368.0899963378906,-3958.419921875,0,-0.18697589380275578,-0.045433786783673095,0.8188976907870886,-0.9160804317782364,-0.15217277353176886,-0.21226567662371681,0.30427515842757336
1765375840.0162737,280.2799987792969,272.8999938964844,230.5399932861328,168.57000732421875,56.5099983215332,68.12000274658203,508.5400085449219,416.07000732421875,368.0899963378906,-3958.419921875,0,-0.1865023066813897,-0.05292169491977253,0.8117052649957678,-0.9120582998823925,-0.16616819624555976,-0.21598169305386902,0.3064142562573115
1765375840.1062527,280.2799987792969,272.8999938964844,230.5399932861328,168.57000732421875,56.5099983215332,68.12000274658203,521.8900146484375,416.07000732421875,368.0,-3958.419921875,0,-0.18880962044293823,-0.05826147790481204,0.8128307638428339,-0.911188538014853,-0.16596485856387813,-0.2171265743815572,0.3082972017543413
1765375840.1514986,280.2799987792969,272.8999938964844,230.5399932861328,168.57000732421875,56.5099983215332,68.12000274658203,521.8900146484375,416.07000732421875,368.0,-3958.419921875,0,-0.19408056995478293,-0.062120931580282805,0.8291128081062489,-0.918993399905959,-0.16177482563974127,-0.2403155616499164,0.2674480651405108
1765375840.1987872,280.2799987792969,272.8999938964844,230.5399932861328,168.57000732421875,56.5099983215332,68.12000274658203,521.8900146484375,416.07000732421875,368.0,-3958.419921875,0,-0.1923758828379003,-0.06349687710321324,0.8142982502847558,-0.9159615525600209,-0.1678762925018747,-0.2141872969963665,0.29488266556895376
1765375840.2727876,280.2799987792969,272.8999938964844,230.5399932861328,168.57000732421875,56.5099983215332,68.12000274658203,535.0800170898438,416.07000732421875,368.0899963378906,-3958.419921875,0,-0.19593439149642655,-0.06855054821387653,0.8150998287766791,-0.9170225924833045,-0.16647855775961762,-0.2448475022947269,0.26721555961715754
1765375840.3040435,280.2799987792969,272.8999938964844,230.5399932861328,168.57000732421875,56.5099983215332,68.12000274658203,535.0800170898438,416.07000732421875,368.0899963378906,-3958.419921875,0,-0.19078098443194552,-0.06833016148555117,0.7889346235506359,-0.9001552895717636,-0.17685695819428174,-0.2435764539910365,0.3148215082477579
1765375840.41857,280.2799987792969,272.8999938964844,230.5399932861328,168.57000732421875,56.5099983215332,68.12000274658203,535.0800170898438,416.07000732421875,368.0899963378906,-3958.419921875,0,-0.19109252782054584,-0.0742421441511462,0.7707255984316362,-0.9118406161850076,-0.17531115363018834,-0.2381576690160459,0.28476940632210107
1765375840.4625492,280.2799987792969,272.8999938964844,230.5399932861328,168.57000732421875,56.5099983215332,68.12000274658203,535.0800170898438,416.07000732421875,368.0899963378906,-3958.419921875,0,-0.1959002210697916,-0.07665077484390516,0.7912536633456709,-0.9153424504896958,-0.1813658406467304,-0.23445979286650212,0.2725495105609633
1765375840.5082052,280.2799987792969,272.8999938964844,230.5399932861328,168.57000732421875,56.5099983215332,68.19999694824219,548.0,416.07000732421875,368.0899963378906,-3958.419921875,0,-0.1928119898212686,-0.07591867538214557,0.7793668672209177,-0.9100952430834632,-0.16475695943056579,-0.2538876740432409,0.2830597848599477
1765375840.5491755,280.2799987792969,272.8999938964844,230.5399932861328,168.57000732421875,56.5099983215332,68.19999694824219,548.0,416.07000732421875,368.0899963378906,-3958.419921875,0,-0.1891936412777746,-0.07498152660600518,0.7669559125008578,-0.9140226581689878,-0.17223813471988622,-0.22242382307802813,0.29227426884566193
1765375840.5905445,280.2799987792969,272.8999938964844,230.5399932861328,168.57000732421875,56.5099983215332,68.19999694824219,548.0,416.07000732421875,368.0899963378906,-3958.419921875,0,-0.19259984644421943,-0.07723684227086716,0.7842000018343563,-0.9173344030444713,-0.17204915381833263,-0.23281870222034073,0.2732986160921341
1765375840.710083,280.2799987792969,272.8999938964844,230.5399932861328,168.57000732421875,56.5099983215332,68.19999694824219,557.9299926757812,416.07000732421875,368.0,-3958.419921875,0,-0.192666727826203,-0.08061740784399173,0.8009130856777085,-0.9201308745710519,-0.1711738511712075,-0.24320657789789946,0.2547729318501503
1765375840.7942815,280.2799987792969,272.8999938964844,230.5399932861328,168.57000732421875,56.5099983215332,68.19999694824219,557.9299926757812,416.07000732421875,368.0,-3958.419921875,0,-0.18619965320813595,-0.08596561959117222,0.8078490008893678,-0.9219793773006979,-0.18279195038421903,-0.20334570184610642,0.2742109703269824
1765375840.8825676,280.2799987792969,272.8999938964844,230.5399932861328,168.57000732421875,56.5099983215332,68.12000274658203,558.1900024414062,416.07000732421875,368.0,-3958.419921875,0,-0.1789435463128722,-0.09294699076787322,0.8066035366348261,-0.9269914286099291,-0.18315941870572128,-0.19385441595785,0.2637422682027781
1765375840.9190795,280.2799987792969,272.8999938964844,230.5399932861328,168.57000732421875,56.5099983215332,68.12000274658203,558.1900024414062,416.07000732421875,368.0,-3958.419921875,0,-0.17354509151188444,-0.09208237328026428,0.7880513803959032,-0.9199111541062308,-0.17917567026802342,-0.21771898993744435,0.272503191092446
1765375841.0298574,280.2799987792969,272.8999938964844,230.5399932861328,168.57000732421875,56.5099983215332,68.12000274658203,558.1900024414062,416.07000732421875,368.0,-3958.419921875,0,-0.17382393740404556,-0.0959798415424721,0.8004365509740905,-0.9185848746405156,-0.17439459150837142,-0.21853047886252466,0.2793434880973819
1765375841.145722,280.2799987792969,272.8999938964844,230.5399932861328,168.57000732421875,56.5099983215332,68.12000274658203,558.1900024414062,416.07000732421875,368.0,-3958.419921875,0,-0.17235701976925613,-0.09318805012477153,0.7878082702131796,-0.9197120195019025,-0.17896130351747974,-0.21724523563163253,0.273691725527852
1765375841.1797388,280.2799987792969,272.8999938964844,230.5399932861328,168.57000732421875,56.5099983215332,68.12000274658203,558.1900024414062,416.07000732421875,368.0,-3958.419921875,0,-0.17989200360612986,-0.09560133324209635,0.8168594850262829,-0.9256027188340032,-0.17195774154060842,-0.21341275906133503,0.26104623399157334
1765375841.2169836,280.2799987792969,272.8999938964844,230.5399932861328,168.57000732421875,56.5099983215332,68.12000274658203,558.1900024414062,416.07000732421875,368.0,-3958.419921875,0,-0.17886912451336798,-0.09276183289667768,0.8062713667198066,-0.9206570402571367,-0.18152560549983568,-0.20081144450951868,0.28127181253529043
1765375841.2539287,280.2799987792969,272.8999938964844,230.5399932861328,168.57000732421875,56.5099983215332,68.12000274658203,558.1900024414062,416.07000732421875,368.0,-3958.419921875,0,-0.1840088975298638,-0.09281075196630116,0.8220926564545238,-0.9274302973230245,-0.17913983821552515,-0.1943004753266225,0.26463047303606285
1765375841.2847068,280.2799987792969,272.8999938964844,230.5399932861328,168.57000732421875,56.5099983215332,68.12000274658203,558.280029296875,416.07000732421875,368.0899963378906,-3958.419921875,0,-0.18019110723332252,-0.0883674404701915,0.7980207337923616,-0.9191854164274512,-0.1693722536254217,-0.2375597655288837,0.2645308445735595
1765375841.3913047,280.2799987792969,272.8999938964844,230.5399932861328,168.57000732421875,56.5099983215332,68.12000274658203,558.280029296875,416.07000732421875,368.0899963378906,-3958.419921875,0,-0.18333719780932956,-0.08264541768678522,0.7886798556897844,-0.9147813049856843,-0.17950071894553732,-0.22819529297479094,0.28085861961291697
1765375841.428249,280.2799987792969,272.8999938964844,230.5399932861328,168.57000732421875,56.5099983215332,68.12000274658203,558.280029296875,416.07000732421875,368.0899963378906,-3958.419921875,0,-0.1898263901497683,-0.0833525561727445,0.8078408196613835,-0.924435368004284,-0.18097859417052564,-0.23669583887596218,0.23799386272265294
1765375841.4773357,280.2799987792969,272.8999938964844,230.5399932861328,168.57000732421875,56.5099983215332,68.12000274658203,558.280029296875,416.07000732421875,368.0,-3958.419921875,0,-0.18728334728885468,-0.08046605965934622,0.7909526939803347,-0.9218765493369088,-0.181494762471832,-0.22324243480299225,0.25954979152601765
1765375841.778285,280.2799987792969,272.8999938964844,230.5399932861328,168.57000732421875,56.5099983215332,68.12000274658203,558.280029296875,416.07000732421875,368.0899963378906,-3958.419921875,0,-0.19549762357176953,-0.08672448320429203,0.8054325333053427,-0.9199002802357882,-0.17724603570794528,-0.22863622278483645,0.26475043886388333
1765375841.8344831,280.2799987792969,272.8999938964844,230.5399932861328,168.57000732421875,56.5099983215332,68.12000274658203,558.280029296875,416.07000732421875,368.0899963378906,-3958.419921875,0,-0.19032194159251242,-0.0882255566334951,0.7941506854004182,-0.912246201538061,-0.1865590848358053,-0.26323274872854374,0.25241056959133384
1765375841.926085,280.2799987792969,272.8999938964844,230.5399932861328,168.57000732421875,56.5099983215332,68.12000274658203,558.280029296875,416.07000732421875,368.0899963378906,-3958.419921875,0,-0.18467960339465125,-0.08915417870962178,0.7847477727942125,-0.911861133948457,-0.17288871861101496,-0.24726947914651806,0.2783461299423529
1765375842.0583453,280.2799987792969,272.8999938964844,230.5399932861328,168.57000732421875,56.5099983215332,68.12000274658203,558.280029296875,416.07000732421875,368.0899963378906,-3958.419921875,0,-0.18185881033294574,-0.09213907790726021,0.7958772668738681,-0.921046376897904,-0.1664776612791356,-0.22216951835539775,0.27312902630808833
1765375842.348897,280.2799987792969,272.8999938964844,230.5399932861328,168.57000732421875,56.5099983215332,68.12000274658203,558.280029296875,416.07000732421875,368.0899963378906,-3958.419921875,0,-0.17657256233650043,-0.08821208751208962,0.812429702436341,-0.9264817182407776,-0.16575341299181404,-0.22797354362614947,0.24937019720431247
1765375842.3838718,280.2799987792969,272.8999938964844,230.5399932861328,168.57000732421875,56.5099983215332,68.12000274658203,558.280029296875,416.07000732421875,368.0899963378906,-3958.419921875,0,-0.17349214439561186,-0.08544994560216461,0.7976017722064321,-0.9208048762249682,-0.16894097393094232,-0.23166218281291248,0.2644049173180078
1765375842.577279,280.2799987792969,272.8999938964844,230.5399932861328,168.57000732421875,56.5099983215332,68.12000274658203,558.3699951171875,416.07000732421875,368.0,-3958.419921875,0,-0.18295716495713285,-0.08211733263607428,0.8000637953218694,-0.9273081481884264,-0.1714285498110713,-0.231779650439101,0.23872587680298235
1765375842.6209128,280.2799987792969,272.8999938964844,230.5399932861328,168.57000732421875,56.5099983215332,68.12000274658203,558.3699951171875,416.07000732421875,368.0,-3958.419921875,0,-0.18252126054790205,-0.08151244854313276,0.790061491050874,-0.9219805295124888,-0.18095103687813016,-0.22043086974939272,0.26195201299880627
1765375842.6597264,280.2799987792969,272.8999938964844,230.5399932861328,168.57000732421875,56.5099983215332,68.12000274658203,558.3699951171875,416.07000732421875,368.0,-3958.419921875,0,-0.1923948178729214,-0.08497488367780637,0.8150244198642461,-0.9257087644571147,-0.16731886740566687,-0.23784478568602846,0.24186264271138336
1765375842.7079215,280.2799987792969,272.8999938964844,230.5399932861328,168.57000732421875,56.5099983215332,68.12000274658203,558.280029296875,416.07000732421875,368.0,-3958.419921875,0,-0.19128143516464868,-0.08491532133247504,0.8047736533021201,-0.9207134510724624,-0.17700031167769348,-0.22530968724993175,0.26493994699096196
1765375842.7552834,280.2799987792969,272.8999938964844,230.5399932861328,168.57000732421875,56.5099983215332,68.12000274658203,558.280029296875,416.07000732421875,368.0,-3958.419921875,0,-0.18961951390455675,-0.08390810032009491,0.7911956134102417,-0.9207850417889923,-0.18142843526764763,-0.22592708768750125,0.261142835902157
1765375843.181241,280.2799987792969,272.8999938964844,230.5399932861328,168.57000732421875,56.5099983215332,68.12000274658203,558.3699951171875,416.07000732421875,368.0899963378906,-3958.419921875,0,-0.18482951804175163,-0.0869447450282509,0.7994427471407072,-0.9251804343762265,-0.17115957398680065,-0.23573763158162522,0.2432556949721005
1765375843.4271512,280.20001220703125,272.8999938964844,230.5399932861328,168.57000732421875,56.5099983215332,68.12000274658203,558.3699951171875,416.07000732421875,368.0,-3958.419921875,0,-0.17492129138412552,-0.08322432475342462,0.7987179793090788,0.9743048957576992,0.13710115926475838,-0.005885606674199534,0.1786017969252129
1765375843.5443783,280.2799987792969,272.8999938964844,230.6199951171875,168.57000732421875,56.5099983215332,68.19999694824219,558.3699951171875,416.07000732421875,368.0899963378906,-3958.419921875,0,-0.1713063177718589,-0.08233600375180461,0.7830238725266199,-0.9206300311902003,-0.17360642060570328,-0.2325619807515582,0.26118208496012607
1765375843.5747192,280.2799987792969,272.8999938964844,230.6199951171875,168.57000732421875,56.5099983215332,68.19999694824219,558.3699951171875,416.07000732421875,368.0899963378906,-3958.419921875,0,-0.1756819012855088,-0.08459547706921085,0.7990404922480644,-0.9245536736807588,-0.1726989078964567,-0.1970515985340533,0.2766699463439397
1765375843.6060648,280.2799987792969,272.8999938964844,230.6199951171875,168.57000732421875,56.5099983215332,68.19999694824219,558.3699951171875,416.07000732421875,368.0899963378906,-3958.419921875,0,-0.17422181459629252,-0.08362582809178734,0.7885448289584066,-0.9220849039411078,-0.17995085579998457,-0.21556449401157662,0.26628756700661826
1765375843.647577,280.2799987792969,272.8999938964844,230.6199951171875,168.57000732421875,56.5099983215332,68.19999694824219,558.3699951171875,416.07000732421875,368.0899963378906,-3958.419921875,0,-0.1780684730120277,-0.08578706116196749,0.7994231512309709,-0.924106023755421,-0.17286806513117314,-0.1989681338011227,0.27668821920791736
1765375843.8726592,280.2799987792969,272.8999938964844,230.5399932861328,168.57000732421875,56.5099983215332,68.12000274658203,558.3699951171875,416.07000732421875,368.0899963378906,-3958.419921875,0,-0.18505243040483932,-0.08776057489716625,0.7887298444824368,-0.9132468914215313,-0.17923346875950347,-0.2308594969391169,0.2838298286973444
1765375843.9180682,280.2799987792969,272.8999938964844,230.5399932861328,168.57000732421875,56.5099983215332,68.12000274658203,558.3699951171875,416.07000732421875,368.0899963378906,-3958.419921875,0,-0.1898243912961915,-0.08878896643552972,0.8004936064875052,-0.9194055610443307,-0.17408375781813684,-0.25981747553061857,0.2385018637108993
1765375843.9512393,280.2799987792969,272.8999938964844,230.5399932861328,168.57000732421875,56.5099983215332,68.12000274658203,558.3699951171875,416.07000732421875,368.0899963378906,-3958.419921875,0,-0.18881545211835749,-0.08712097252741112,0.7854991954252457,-0.9175421062027916,-0.17481821623596241,-0.24609888659376633,0.2588250618358467
1765375844.1050797,280.2799987792969,272.8999938964844,230.5399932861328,168.57000732421875,56.5099983215332,68.12000274658203,558.3699951171875,419.05999755859375,368.0,-3958.419921875,0,-0.19257468573788689,-0.08566439327385356,0.7916344843911067,-0.9200789009006611,-0.18155427403817773,-0.2284716923810377,0.2613303416682532
1765375844.285493,280.2799987792969,272.8999938964844,230.5399932861328,168.57000732421875,56.5099983215332,68.12000274658203,557.9299926757812,431.80999755859375,368.0,-3958.419921875,0,-0.18963402714304312,-0.08277536842497196,0.7912559960772424,-0.9210830632901464,-0.18152420205611655,-0.2255619072340901,0.2603397407098083
1765375844.3760688,280.2799987792969,272.8999938964844,230.5399932861328,168.57000732421875,56.5099983215332,68.12000274658203,557.9299926757812,431.80999755859375,368.0,-3958.419921875,0,-0.18828114057807177,-0.08313173094464481,0.8043337639022166,-0.9214151948888666,-0.17685919360570954,-0.22279096496962583,0.2647244797765273
1765375844.4870996,280.2799987792969,272.8999938964844,230.5399932861328,168.57000732421875,56.5099983215332,68.12000274658203,557.8400268554688,445.6099853515625,368.0,-3958.419921875,0,-0.18528384245455531,-0.08430178336393065,0.8127886781706823,-0.9223963575490272,-0.18985237033610317,-0.2343686321805536,0.241272421357823
1765375844.5213165,280.2799987792969,272.8999938964844,230.5399932861328,168.57000732421875,56.5099983215332,68.12000274658203,557.8400268554688,445.6099853515625,368.0,-3958.419921875,0,-0.1801776029916049,-0.08298998880240688,0.7960438719102482,-0.9235987238639964,-0.1670549893012708,-0.2183012462269852,0.2672126376541626
1765375844.6906161,280.2799987792969,272.8999938964844,230.5399932861328,168.57000732421875,56.5099983215332,68.12000274658203,557.9299926757812,459.489990234375,368.0899963378906,-3958.419921875,0,-0.17578814259207393,-0.08709412253576902,0.7995204553376798,-0.9302086837237578,-0.17417931922433888,-0.1907265140317088,0.2607618958451797
1765375844.7656848,280.2799987792969,272.8999938964844,230.5399932861328,168.57000732421875,56.5099983215332,68.12000274658203,557.9299926757812,459.489990234375,368.0899963378906,-3958.419921875,0,-0.17850223385970165,-0.08910104085271298,0.8098906138352159,-0.9291670872089506,-0.16318837407361073,-0.21059465581310624,0.25625762341402664
1765375844.8032587,280.2799987792969,272.8999938964844,230.5399932861328,168.57000732421875,56.5099983215332,68.12000274658203,557.9299926757812,459.489990234375,368.0899963378906,-3958.419921875,0,-0.17418658035518753,-0.08701398112822122,0.7883858546529366,-0.9212018155245336,-0.17966613670801623,-0.21659501789145932,0.26868921195187223
1765375844.876965,280.2799987792969,272.8999938964844,230.5399932861328,168.57000732421875,56.5099983215332,68.12000274658203,557.8400268554688,473.1199951171875,368.0899963378906,-3958.419921875,0,-0.17594897632396891,-0.08761119102022522,0.7886521373542417,-0.9209038963013659,-0.1797941277343153,-0.21796964935397248,0.2685131605149479
1765375844.9940517,280.2799987792969,272.8999938964844,230.5399932861328,168.57000732421875,56.5099983215332,68.12000274658203,557.8400268554688,473.1199951171875,368.0899963378906,-3958.419921875,0,-0.1820215900057556,-0.08813434662924363,0.7997779907302969,-0.9160005808710441,-0.1762871929792998,-0.27238048685044963,0.23595472408600146
1765375845.0681949,280.2799987792969,272.8999938964844,230.5399932861328,168.57000732421875,56.5099983215332,68.12000274658203,557.8400268554688,473.1199951171875,368.0899963378906,-3958.419921875,0,-0.1842528434599158,-0.0855051854228408,0.7901691031120527,-0.9207944541445353,-0.18078672462636727,-0.22287558646204547,0.26415943362813454
1765375845.1112492,280.2799987792969,272.8999938964844,230.5399932861328,168.57000732421875,56.5099983215332,68.12000274658203,557.9299926757812,487.0899963378906,368.0899963378906,-3958.419921875,0,-0.18617299708054755,-0.08352896003824017,0.7862810336378647,-0.9196343731810681,-0.17488183624376716,-0.24168164086662314,0.2554974510320775
1765375845.29483,280.2799987792969,272.8999938964844,230.5399932861328,168.57000732421875,56.5099983215332,68.12000274658203,557.9299926757812,499.6600036621094,368.0,-3958.419921875,0,-0.1903997228622391,-0.08176022164983941,0.7897076817384746,-0.9199880219142242,-0.18172738878103584,-0.22833709033774582,0.2616474132822097
1765375845.34193,280.2799987792969,272.8999938964844,230.5399932861328,168.57000732421875,56.5099983215332,68.12000274658203,557.9299926757812,499.6600036621094,368.0,-3958.419921875,0,-0.18583588531143977,-0.0798170202841599,0.7696404262832255,-0.9163481966150554,-0.17565051607889665,-0.23206471046476218,0.2749524484678385
1765375845.3753972,280.2799987792969,272.8999938964844,230.5399932861328,168.57000732421875,56.5099983215332,68.12000274658203,557.9299926757812,499.6600036621094,368.0,-3958.419921875,0,-0.19039651099133767,-0.0815204889606615,0.7873582349855199,-0.9255026051865406,-0.17649936554516604,-0.24000656736277645,0.23385839599599012
1765375845.4827375,280.2799987792969,272.8999938964844,230.5399932861328,168.57000732421875,56.5099983215332,68.12000274658203,557.9299926757812,504.1400146484375,368.0,-3958.419921875,0,-0.18901745316723226,-0.08446312465605628,0.7910602443245187,-0.9206867685879235,-0.1813256755781335,-0.22571040365704176,0.26174737286978844
1765375845.5175662,280.2799987792969,272.8999938964844,230.5399932861328,168.57000732421875,56.5099983215332,68.12000274658203,557.9299926757812,504.1400146484375,368.0,-3958.419921875,0,-0.18961514465617305,-0.08851985603041969,0.8019998792985453,-0.9290896299354773,-0.17534233170271799,-0.2003125876661098,0.25675356566544305
1765375845.5532415,280.2799987792969,272.8999938964844,230.5399932861328,168.57000732421875,56.5099983215332,68.12000274658203,557.9299926757812,504.1400146484375,368.0,-3958.419921875,0,-0.18539783282454067,-0.08892143821734032,0.7901997789066931,-0.9197934384410941,-0.18060914550349041,-0.2247432630035731,0.2661781976340567
1765375845.5901551,280.2799987792969,272.8999938964844,230.5399932861328,168.57000732421875,56.5099983215332,68.12000274658203,557.9299926757812,504.1400146484375,368.0,-3958.419921875,0,-0.18697723117680234,-0.09181295507909469,0.8030588982272514,-0.9217298338729315,-0.17971852714414505,-0.1897441206691212,0.286552845076121
1765375845.627849,280.2799987792969,272.8999938964844,230.5399932861328,168.57000732421875,56.5099983215332,68.12000274658203,557.9299926757812,504.1400146484375,368.0,-3958.419921875,0,-0.18240248782963958,-0.09168966092138263,0.7895488761046411,-0.9192957599195429,-0.18008683324004507,-0.2236070991470018,0.2691912024910646
1765375845.8822591,280.2799987792969,272.8999938964844,230.5399932861328,168.57000732421875,56.5099983215332,68.12000274658203,557.9299926757812,504.1400146484375,368.0899963378906,-3958.419921875,0,-0.17328058847900968,-0.09596246387308674,0.7849581054835217,-0.9196058269224815,-0.17640158049078314,-0.25100099256547437,0.2453693282008155
1765375845.9297237,280.2799987792969,272.8999938964844,230.5399932861328,168.57000732421875,56.5099983215332,68.12000274658203,557.9299926757812,504.1400146484375,368.0899963378906,-3958.419921875,0,-0.17570612342089842,-0.09740819672130209,0.7991493880733447,-0.9275848719287509,-0.17346502303886602,-0.19404943676539413,0.26803172805114295
1765375846.118049,280.2799987792969,272.8999938964844,230.5399932861328,168.57000732421875,56.5099983215332,68.12000274658203,557.8400268554688,504.1400146484375,368.0,-3958.419921875,0,-0.17475807447129765,-0.08871850021390705,0.7884033651858687,-0.9207068619621296,-0.17958152044312964,-0.21750870312296686,0.26970227273226116
1765375846.1595232,280.2799987792969,272.8999938964844,230.5399932861328,168.57000732421875,56.5099983215332,68.12000274658203,557.8400268554688,504.1400146484375,368.0,-3958.419921875,0,-0.1803000316630991,-0.08949696385158418,0.8068591752740253,-0.9304548385171122,-0.18076709798633778,-0.22674761246808742,0.22397002032797733
1765375846.2573886,280.2799987792969,272.8999938964844,230.5399932861328,168.57000732421875,56.5099983215332,68.12000274658203,557.8400268554688,504.1400146484375,368.0,-3958.419921875,0,-0.17793652197339635,-0.0848651365268082,0.7855489324773833,-0.9158731697226798,-0.17675108552717672,-0.25475642241816226,0.25501873653477886
1765375846.411024,280.2799987792969,272.8999938964844,230.5399932861328,168.57000732421875,56.5099983215332,68.12000274658203,557.9299926757812,504.1400146484375,368.0899963378906,-3958.419921875,0,-0.18830159607419772,-0.08521069762134972,0.7874593280376861,-0.9229328207533047,-0.1785557956126782,-0.208472665815905,0.2699110665331856
1765375846.562473,280.2799987792969,272.8999938964844,230.5399932861328,168.57000732421875,56.5099983215332,68.12000274658203,557.9299926757812,504.1400146484375,368.0899963378906,-3958.419921875,0,-0.18668152402652993,-0.0866594328415609,0.7725774800406712,-0.9178423293341432,-0.17902252092062376,-0.24584015871796572,0.2551058835997804
1765375846.5993037,280.2799987792969,272.8999938964844,230.5399932861328,168.57000732421875,56.5099983215332,68.12000274658203,557.9299926757812,504.1400146484375,368.0899963378906,-3958.419921875,0,-0.1905224517129482,-0.08945031082963892,0.7873072452971835,-0.9189527630460244,-0.1783904153721803,-0.26198975878196945,0.23465729327422147
1765375846.9635057,280.2799987792969,272.8999938964844,230.5399932861328,168.57000732421875,56.5099983215332,68.12000274658203,557.9299926757812,504.3999938964844,368.0899963378906,-3958.419921875,0,-0.18002473263374968,-0.09277273121072534,0.7890943736638508,-0.9191991411476403,-0.17976323814401848,-0.2223365307187773,0.2707851255762687
1765375847.005396,280.2799987792969,272.8999938964844,230.5399932861328,168.57000732421875,56.5099983215332,68.12000274658203,557.9299926757812,504.3999938964844,368.0899963378906,-3958.419921875,0,-0.1793823824479198,-0.092150083820057,0.804680198509994,-0.9337551828746228,-0.17805310623282158,-0.20528246378942178,0.23293230749762495
1765375847.0999656,280.2799987792969,272.8999938964844,230.5399932861328,168.57000732421875,56.5099983215332,68.12000274658203,557.8400268554688,512.75,368.0899963378906,-3958.419921875,0,-0.1752834736055637,-0.08850081564842545,0.7979136686576328,-0.9257544940489604,-0.17024000013953078,-0.2295270879949972,0.247617194429593
1765375847.182659,280.2799987792969,272.8999938964844,230.5399932861328,168.57000732421875,56.5099983215332,68.12000274658203,557.8400268554688,512.75,368.0899963378906,-3958.419921875,0,-0.17242571745751895,-0.08641734287888152,0.7881213209760131,-0.9214981872457715,-0.1795362426071767,-0.2152227405527011,0.2688624191705469
1765375847.251747,280.2799987792969,272.8999938964844,230.5399932861328,168.57000732421875,56.5099983215332,68.12000274658203,557.8400268554688,512.75,368.0899963378906,-3958.419921875,0,-0.1748638405812646,-0.08779512693260004,0.7984544696596467,0.9746291087879998,0.13733585873029228,-0.006515068164091271,0.1766196934000848
1765375847.2822344,280.2799987792969,272.8999938964844,230.5399932861328,168.57000732421875,56.5099983215332,68.19999694824219,557.8400268554688,525.5,368.0,-3958.419921875,0,-0.17552662285520035,-0.08848256294908943,0.7990199425657983,-0.9322963054668617,-0.17142406491728257,-0.22431491412909424,0.2260977843308787
1765375847.3183205,280.2799987792969,272.8999938964844,230.5399932861328,168.57000732421875,56.5099983215332,68.19999694824219,557.8400268554688,525.5,368.0,-3958.419921875,0,-0.17895286534781119,-0.09100662252930136,0.8112650730732825,-0.932097775997172,-0.1872773954215883,-0.20455033586016066,0.2329808430852783
1765375847.421638,280.2799987792969,272.8999938964844,230.5399932861328,168.57000732421875,56.5099983215332,68.19999694824219,557.8400268554688,525.5,368.0,-3958.419921875,0,-0.186691144343057,-0.10052739929997037,0.8234759390960549,-0.9327176823628863,-0.1804087505653669,-0.18919687246879563,0.24838468385767148
1765375847.490459,280.2799987792969,272.8999938964844,230.5399932861328,168.57000732421875,56.5099983215332,68.12000274658203,557.8400268554688,538.4199829101562,368.0899963378906,-3958.419921875,0,-0.18659839170137826,-0.10431937060356744,0.8114933431409846,-0.9217243488739586,-0.1855763719064643,-0.22028348921756852,0.25973220682280457
1765375847.6560085,280.2799987792969,272.8999938964844,230.5399932861328,168.57000732421875,56.5099983215332,68.12000274658203,557.8400268554688,538.4199829101562,368.0899963378906,-3958.419921875,0,-0.18869608908692606,-0.1145686772811652,0.8055040243148693,-0.9221877412263016,-0.17920723096308036,-0.24253146199520922,0.24214257833958802
1765375847.6930442,280.2799987792969,272.8999938964844,230.5399932861328,168.57000732421875,56.5099983215332,68.12000274658203,557.8400268554688,551.510009765625,368.0899963378906,-3958.419921875,0,-0.18543936942793077,-0.1145478813542377,0.7903777814281784,-0.9260325099013201,-0.180990459703215,-0.22150743502957726,0.24625332551845427
1765375847.7791655,280.2799987792969,272.8999938964844,230.5399932861328,168.57000732421875,56.5099983215332,68.12000274658203,557.8400268554688,551.510009765625,368.0899963378906,-3958.419921875,0,-0.18104265130611333,-0.11700364737618257,0.7728184600140678,-0.9206625915969431,-0.18117614694130454,-0.20981117919705883,0.2748360698624601
1765375847.8175695,280.2799987792969,272.8999938964844,230.5399932861328,168.57000732421875,56.5099983215332,68.12000274658203,557.8400268554688,551.510009765625,368.0899963378906,-3958.419921875,0,-0.18382321121140335,-0.1214898688993446,0.7901768932161171,-0.926019852980044,-0.18321986243297178,-0.2409134226497855,0.2255624895323392
1765375847.9272954,280.2799987792969,272.8999938964844,230.5399932861328,168.57000732421875,56.5099983215332,68.12000274658203,557.8400268554688,564.3499755859375,368.0899963378906,-3958.419921875,0,-0.1792508566219371,-0.12093169014712414,0.7820025406802205,-0.9226371358299644,-0.19298754673078203,-0.22107921873374003,0.2502408868238626
1765375848.0134697,280.2799987792969,272.8999938964844,230.5399932861328,168.57000732421875,56.5099983215332,68.12000274658203,557.8400268554688,564.3499755859375,368.0899963378906,-3958.419921875,0,-0.18069864747994377,-0.12391080781063409,0.8021662430095158,-0.9276411564015031,-0.19917274258990078,-0.21397840106102672,0.23243353337818015
1765375848.0878165,280.2799987792969,272.8999938964844,230.6199951171875,168.57000732421875,56.5099983215332,68.12000274658203,557.8400268554688,577.27001953125,368.0899963378906,-3958.419921875,0,-0.17553065882801358,-0.12298780360268566,0.8036511235869735,-0.9343919330622421,-0.17935835463991057,-0.2277632177657404,0.20704157235218887
1765375848.1691723,280.2799987792969,272.8999938964844,230.6199951171875,168.57000732421875,56.5099983215332,68.12000274658203,557.8400268554688,577.27001953125,368.0899963378906,-3958.419921875,0,-0.1665675227429254,-0.12047156557907625,0.787254556381517,-0.9323220391800525,-0.18050398932602182,-0.2040924891916635,0.23778179272621064
1765375848.3057618,280.2799987792969,272.8999938964844,230.5399932861328,168.57000732421875,56.5099983215332,68.12000274658203,557.9299926757812,586.6699829101562,368.0899963378906,-3958.419921875,0,-0.16411656916397446,-0.12334684123932764,0.7939012802658761,-0.931114104457181,-0.18918345550508675,-0.20093569799251373,0.23845542542856546
1765375848.4841223,280.2799987792969,272.8999938964844,230.5399932861328,168.57000732421875,56.5099983215332,68.12000274658203,557.8400268554688,586.760009765625,368.0899963378906,-3958.419921875,0,-0.1647849534881858,-0.1356320465893676,0.8006158345333622,-0.9336209209177185,-0.1985339528098168,-0.19803620895349172,0.22297512316352625
1765375848.5217686,280.2799987792969,272.8999938964844,230.5399932861328,168.57000732421875,56.5099983215332,68.12000274658203,557.8400268554688,586.760009765625,368.0899963378906,-3958.419921875,0,-0.16113148255107593,-0.13332730917885816,0.7787926172011951,-0.9206367106480893,-0.1906529494965052,-0.2114122071804909,0.26717855174100863
1765375848.6018276,280.2799987792969,272.8999938964844,230.5399932861328,168.57000732421875,56.5099983215332,68.12000274658203,557.8400268554688,586.760009765625,368.0899963378906,-3958.419921875,0,-0.1654432352719632,-0.1367836864988483,0.78734251177371,-0.9257183080562823,-0.18348085281285498,-0.250162640500251,0.2163308671420327
1765375848.7842436,280.2799987792969,272.8999938964844,230.5399932861328,168.57000732421875,56.5099983215332,68.19999694824219,557.8400268554688,586.8499755859375,368.0899963378906,-3958.419921875,0,-0.16933579466422696,-0.13361043573035378,0.777183787486368,-0.9222752116309451,-0.1892772103852115,-0.19858280807754633,0.27230027538716245
1765375848.8151875,280.2799987792969,272.8999938964844,230.5399932861328,168.57000732421875,56.5099983215332,68.19999694824219,557.8400268554688,586.8499755859375,368.0899963378906,-3958.419921875,0,-0.17579263922506463,-0.1363922766393142,0.8008683053966604,-0.9246362582141248,-0.19791337202345838,-0.2147417472946113,0.2444669080651692
1765375848.8810728,280.2799987792969,272.8999938964844,230.5399932861328,168.57000732421875,56.5099983215332,68.12000274658203,557.8400268554688,586.8499755859375,368.0899963378906,-3958.419921875,0,-0.1728320233677874,-0.12938092777277677,0.7778048522855258,-0.9296814920701316,-0.19124508730905618,-0.1933970487640451,0.2484254846262012
1765375848.9173563,280.2799987792969,272.8999938964844,230.5399932861328,168.57000732421875,56.5099983215332,68.12000274658203,557.8400268554688,586.8499755859375,368.0899963378906,-3958.419921875,0,-0.17892412109456618,-0.13142855124770902,0.7999457080712478,0.975876509582123,0.16670388477235473,0.046816933507627743,0.13297754541485726
1765375848.9552877,280.2799987792969,272.8999938964844,230.5399932861328,168.57000732421875,56.5099983215332,68.12000274658203,557.8400268554688,586.8499755859375,368.0899963378906,-3958.419921875,0,-0.1761056144827698,-0.1269950181702455,0.7855266424120451,-0.9365182285179171,-0.2016813470033551,-0.18384116986508514,0.22013783452012867
1765375849.2996554,280.2799987792969,272.8999938964844,230.5399932861328,168.57000732421875,56.5099983215332,68.12000274658203,557.8400268554688,586.8499755859375,368.0899963378906,-3958.419921875,0,-0.17289712297278206,-0.12432065988158975,0.7955299347579977,-0.9319150790939076,-0.19211816460964196,-0.22836666908801392,0.2060911464232857
1765375849.3459783,280.2799987792969,272.8999938964844,230.5399932861328,168.57000732421875,56.5099983215332,68.12000274658203,557.8400268554688,586.8499755859375,368.0899963378906,-3958.419921875,0,-0.16875140087242463,-0.12291709860963115,0.7803180020219077,-0.9229550050814309,-0.19209962854205603,-0.21383399220449617,0.25598206008825564
1765375849.4761446,280.2799987792969,272.8999938964844,230.5399932861328,168.57000732421875,56.5099983215332,68.12000274658203,557.8400268554688,586.8499755859375,368.0899963378906,-3958.419921875,0,-0.1644721505073322,-0.13310652084557895,0.7907832909060935,-0.9306958824463534,-0.18661433149552015,-0.1831832737902069,0.25578145726652235
1765375849.5137465,280.2799987792969,272.8999938964844,230.5399932861328,168.57000732421875,56.5099983215332,68.12000274658203,557.8400268554688,586.8499755859375,368.0899963378906,-3958.419921875,0,-0.16114096967671462,-0.13221390502396216,0.7788383212139404,-0.920954597126087,-0.19074936755852123,-0.21106476478306357,0.2662873896289892
1765375849.7663903,280.2799987792969,272.8999938964844,230.5399932861328,168.57000732421875,56.5099983215332,68.12000274658203,557.9299926757812,586.9299926757812,368.0899963378906,-3958.419921875,0,-0.1657671661706829,-0.13564015095790044,0.7976162603298919,0.9758606780658825,0.16772444892108201,0.0414079938103117,0.1336032345698285
1765375849.9260604,280.2799987792969,272.8999938964844,230.5399932861328,168.57000732421875,56.5099983215332,68.12000274658203,557.8400268554688,586.8499755859375,368.0899963378906,-3958.419921875,0,-0.16640021487527865,-0.12620835289764396,0.7798320412930861,-0.9222237608869526,-0.1916510951103936,-0.213148125743447,0.25950157820438724
1765375849.9970438,280.2799987792969,272.8999938964844,230.5399932861328,168.57000732421875,56.5099983215332,68.12000274658203,557.8400268554688,586.8499755859375,368.0899963378906,-3958.419921875,0,-0.1725138183959629,-0.12646416293523866,0.7964039320675277,-0.9323460312424693,-0.19189082283052789,-0.22724630336537507,0.20559160427072737
1765375850.0798452,280.2799987792969,272.8999938964844,230.5399932861328,168.57000732421875,56.5099983215332,68.12000274658203,557.8400268554688,586.9299926757812,368.0899963378906,-3958.419921875,0,-0.17108525987386078,-0.12185547347149464,0.7807124215357191,-0.9230598229276399,-0.19235494634843187,-0.21524009841986216,0.25422792518583404
1765375850.1384866,280.2799987792969,272.8999938964844,230.5399932861328,168.57000732421875,56.5099983215332,68.12000274658203,557.8400268554688,586.9299926757812,368.0899963378906,-3958.419921875,0,-0.17444102218167526,-0.1224926699760787,0.7902025345886171,-0.934154550338651,-0.18322444504473806,-0.22874676127096305,0.2036148276223656
1765375850.5175326,280.2799987792969,272.8999938964844,230.5399932861328,168.57000732421875,56.5099983215332,68.12000274658203,557.8400268554688,586.9299926757812,368.0899963378906,-3958.419921875,0,-0.17037097035888502,-0.130920804312652,0.7819676931365009,-0.9240740298694672,-0.19449839160031634,-0.23311582438353204,0.2321951235656755
1765375850.908228,280.2799987792969,272.8999938964844,230.5399932861328,168.57000732421875,56.5099983215332,68.19999694824219,557.8400268554688,586.9299926757812,368.0899963378906,-3958.419921875,0,-0.16530136658315112,-0.13155985218603458,0.7981488823700067,0.9772159075520368,0.1721371680549791,0.05297480571516352,0.11230109242879949
1765375851.1441133,280.2799987792969,272.8999938964844,230.5399932861328,168.57000732421875,56.5099983215332,68.12000274658203,557.8400268554688,586.9299926757812,368.0899963378906,-3958.419921875,0,-0.16295718546943022,-0.12278424247767518,0.7794773259122326,-0.9234642343745836,-0.191687024222558,-0.20938825917941176,0.25812099777716707
1765375851.185664,280.2799987792969,272.8999938964844,230.5399932861328,168.57000732421875,56.5099983215332,68.12000274658203,557.8400268554688,586.9299926757812,368.0899963378906,-3958.419921875,0,-0.16725437214024716,-0.12467049841003337,0.795934232995106,-0.9334502408290228,-0.19187852908231934,-0.22220649874194892,0.20610082457450082
1765375851.3272867,280.2799987792969,272.8999938964844,230.5399932861328,168.57000732421875,56.5099983215332,68.12000274658203,557.8400268554688,586.9299926757812,368.0899963378906,-3958.419921875,0,-0.16873319281144566,-0.12251494472327998,0.7822046040180068,-0.9265670927570042,-0.19516659740128744,-0.22899397050537457,0.2257103970817931
1765375851.4138258,280.2799987792969,272.8999938964844,230.5399932861328,168.57000732421875,56.5099983215332,68.12000274658203,557.8400268554688,586.9299926757812,368.0899963378906,-3958.419921875,0,-0.17508983532525527,-0.12663932614390055,0.7957104258549449,-0.9362524167538046,-0.19040372470243577,-0.20450705518932202,0.2129664248652613
1765375851.4876297,280.2799987792969,272.8999938964844,230.5399932861328,168.57000732421875,56.5099983215332,68.12000274658203,557.8400268554688,586.9299926757812,368.0899963378906,-3958.419921875,0,-0.1744654925392757,-0.12698622317721026,0.7820039316268003,-0.9293456889521013,-0.19329376959540318,-0.21165010653574126,0.2327194479736332
1765375851.8454218,280.2799987792969,272.8999938964844,230.5399932861328,168.57000732421875,56.5099983215332,68.12000274658203,557.9299926757812,586.9299926757812,368.0899963378906,-3958.419921875,0,-0.1745690937616823,-0.13172986773816442,0.7953193502846312,-0.9297550353051254,-0.19156172065338034,-0.2322548991152739,0.2119371211988013
1765375851.9648225,280.2799987792969,272.8999938964844,230.5399932861328,168.57000732421875,56.5099983215332,68.19999694824219,557.8400268554688,586.9299926757812,368.0899963378906,-3958.419921875,0,-0.16856155991354332,-0.12795799156340876,0.7879846636393738,-0.9260891727850803,-0.18191149899160255,-0.23071901683755366,0.23671879066602775
1765375852.0057673,280.2799987792969,272.8999938964844,230.5399932861328,168.57000732421875,56.5099983215332,68.19999694824219,557.8400268554688,586.9299926757812,368.0899963378906,-3958.419921875,0,-0.16854512680502326,-0.127817090185185,0.79860401151323,-0.938235367248185,-0.1977454205234846,-0.17293383043080857,0.2251777844263999
1765375852.044744,280.2799987792969,272.8999938964844,230.5399932861328,168.57000732421875,56.5099983215332,68.19999694824219,557.8400268554688,586.9299926757812,368.0899963378906,-3958.419921875,0,-0.1658933054249884,-0.1256791594341839,0.7887870307652838,-0.9343115307730177,-0.18273955714400064,-0.22283512108380324,0.20979210311868712
1765375852.1590335,280.2799987792969,272.8999938964844,230.5399932861328,168.57000732421875,56.5099983215332,68.12000274658203,557.8400268554688,586.9299926757812,368.0899963378906,-3958.419921875,0,-0.1618004243158047,-0.12275815023579126,0.7793122215815801,-0.9235647226657401,-0.19160233701847623,-0.2084995073025402,0.2585434256580718
1765375852.3248446,280.2799987792969,272.8999938964844,230.5399932861328,168.57000732421875,56.5099983215332,68.12000274658203,557.8400268554688,586.9299926757812,368.0899963378906,-3958.419921875,0,-0.16607015684868415,-0.1257874293136383,0.7957520650621388,-0.9333036073685951,-0.19175248679517715,-0.221584825940414,0.2075464410525733
1765375852.49516,280.2799987792969,272.8999938964844,230.5399932861328,168.57000732421875,56.5099983215332,68.12000274658203,557.8400268554688,586.9299926757812,368.0899963378906,-3958.419921875,0,-0.16811261046918585,-0.12693380845474866,0.7799613699753931,-0.9281834122129624,-0.1929097632828422,-0.2097436856085038,0.23930934555554037
1765375852.8209295,280.2799987792969,272.8999938964844,230.5399932861328,168.57000732421875,56.5099983215332,68.12000274658203,557.8400268554688,586.9299926757812,368.0899963378906,-3958.419921875,0,-0.175864924953651,-0.12868964521275084,0.7889389909369682,-0.9380736862017287,-0.18283413290098482,-0.23100480140359023,0.18228061013375424
1765375852.901217,280.2799987792969,272.8999938964844,230.5399932861328,168.57000732421875,56.5099983215332,68.12000274658203,557.8400268554688,586.9299926757812,368.0899963378906,-3958.419921875,0,-0.1705508139611769,-0.123752069248999,0.7776162269730363,-0.9313745863023237,-0.19151529451508587,-0.1894406584187955,0.24489897691666354
1765375852.9421504,280.2799987792969,272.8999938964844,230.5399932861328,168.57000732421875,56.5099983215332,68.12000274658203,557.8400268554688,586.9299926757812,368.0899963378906,-3958.419921875,0,-0.17191185573646128,-0.1250522317972035,0.7884095076949841,-0.9276960556585113,-0.18474588543546328,-0.2525321863460534,0.20365775455304697
1765375853.14083,280.2799987792969,272.8999938964844,230.5399932861328,168.57000732421875,56.5099983215332,68.12000274658203,557.8400268554688,586.9299926757812,368.0899963378906,-3958.419921875,0,-0.16527275762232096,-0.12283689346605442,0.7798104865115898,-0.9232619428339849,-0.19185421726843166,-0.21116576201623152,0.2572709956113152
1765375853.220064,280.2799987792969,272.8999938964844,230.5399932861328,168.57000732421875,56.5099983215332,68.12000274658203,557.8400268554688,586.9299926757812,368.0899963378906,-3958.419921875,0,-0.16621840902458643,-0.12628113280937833,0.7943847896013458,-0.9302325111573295,-0.18905845332635543,-0.2032603404858732,0.2400200208260595
1765375853.2779164,280.2799987792969,272.8999938964844,230.5399932861328,168.57000732421875,56.5099983215332,68.12000274658203,557.8400268554688,586.9299926757812,368.0899963378906,-3958.419921875,0,-0.16235425090060557,-0.1255573905924939,0.7792776088171102,-0.9227388464600582,-0.1914080561039056,-0.20984271492372658,0.26054176687342284
1765375853.318301,280.2799987792969,272.8999938964844,230.5399932861328,168.57000732421875,56.5099983215332,68.12000274658203,557.8400268554688,586.9299926757812,368.0899963378906,-3958.419921875,0,-0.16509462038636413,-0.12802464768438002,0.7910365143932911,-0.9320515540374872,-0.18700575334195055,-0.18179181471417197,0.25151637110980046
1765375853.3607202,280.2799987792969,272.8999938964844,230.5399932861328,168.57000732421875,56.5099983215332,68.12000274658203,557.8400268554688,586.9299926757812,368.0899963378906,-3958.419921875,0,-0.16217325953438416,-0.1261714027039757,0.7744178518042294,-0.9272770426376044,-0.1856163396892247,-0.22626507396249454,0.2334694347069433
1765375853.4123054,280.2799987792969,272.8999938964844,230.5399932861328,168.57000732421875,56.5099983215332,68.12000274658203,557.8400268554688,586.9299926757812,368.0899963378906,-3958.419921875,0,-0.16738125125137784,-0.1304449661491834,0.7944743041192875,-0.9358737539234028,-0.1898691401799151,-0.19963924638772065,0.21962285315149
1765375853.4936917,280.2799987792969,272.8999938964844,230.5399932861328,168.57000732421875,56.5099983215332,68.12000274658203,557.8400268554688,586.9299926757812,368.0899963378906,-3958.419921875,0,-0.16578649015270017,-0.12799489461446753,0.7795863896321948,-0.9280827621784562,-0.19269453177757856,-0.208274852141531,0.2411488957794547
1765375853.571233,280.2799987792969,272.8999938964844,230.5399932861328,168.57000732421875,56.5099983215332,68.12000274658203,557.8400268554688,586.9299926757812,368.0899963378906,-3958.419921875,0,-0.17091579220821157,-0.1305234050155466,0.7949503591722336,-0.9355602105475228,-0.18998804865834965,-0.20258183534453714,0.2181564433971785
1765375853.6114757,280.2799987792969,272.8999938964844,230.5399932861328,168.57000732421875,56.5099983215332,68.12000274658203,557.8400268554688,586.9299926757812,368.0899963378906,-3958.419921875,0,-0.16765938457431315,-0.12687209936670138,0.7752919907129965,-0.926151711312141,-0.18580593584852903,-0.23130510102128524,0.23284568297174432
1765375853.6467822,280.2799987792969,272.8999938964844,230.5399932861328,168.57000732421875,56.5099983215332,68.12000274658203,557.8400268554688,586.9299926757812,368.0899963378906,-3958.419921875,0,-0.17386350881875695,-0.12929653292822008,0.7953433274090763,-0.928799270213997,-0.18924704358027533,-0.21026676581346945,0.2393853782928602
1765375853.8890061,280.2799987792969,272.8999938964844,230.5399932861328,168.57000732421875,56.5099983215332,68.12000274658203,557.8400268554688,586.9299926757812,368.0899963378906,-3958.419921875,0,-0.17347596009046373,-0.12445364407663786,0.7820052298394906,-0.9246438713854048,-0.19520861573644543,-0.23465956131273055,0.22773273312413525
1765375854.0589054,280.2799987792969,272.8999938964844,230.5399932861328,168.57000732421875,56.5099983215332,68.12000274658203,557.8400268554688,586.9299926757812,368.0899963378906,-3958.419921875,0,-0.17628491591248438,-0.12552896182214138,0.7959325047908462,-0.936448252357846,-0.1905200451241787,-0.20504767322603576,0.2114763219994282
1765375854.1776268,280.2799987792969,272.8999938964844,230.5399932861328,168.57000732421875,56.5099983215332,68.12000274658203,557.8400268554688,586.9299926757812,368.0899963378906,-3958.419921875,0,-0.16999812335989356,-0.12305544314098252,0.7776517039365022,-0.9252540761060554,-0.19014256702945384,-0.19533447344256316,0.2638089125437125
1765375854.258677,280.2799987792969,272.8999938964844,230.5399932861328,168.57000732421875,56.5099983215332,68.12000274658203,557.8400268554688,586.9299926757812,368.0899963378906,-3958.419921875,0,-0.17089548810184993,-0.1256989197719456,0.7889152674332903,-0.9382502998981762,-0.18134501810241396,-0.20159898182366015,0.21484461752178294
1765375854.3113902,280.2799987792969,272.8999938964844,230.5399932861328,168.57000732421875,56.5099983215332,68.12000274658203,557.8400268554688,586.9299926757812,368.0899963378906,-3958.419921875,0,-0.16691801582954927,-0.12405292372032865,0.7751071160932429,-0.9221490233031171,-0.18792038896319005,-0.2514630160629809,0.2260386201195266
1765375854.346791,280.2799987792969,272.8999938964844,230.5399932861328,168.57000732421875,56.5099983215332,68.12000274658203,557.8400268554688,586.9299926757812,368.0899963378906,-3958.419921875,0,-0.16900545918012685,-0.12670349772956324,0.7880922338961287,-0.9277441959694399,-0.18450935825938042,-0.25050954721623536,0.20613580550997448
1765375854.3837087,280.2799987792969,272.8999938964844,230.5399932861328,168.57000732421875,56.5099983215332,68.12000274658203,557.8400268554688,586.9299926757812,368.0899963378906,-3958.419921875,0,-0.16475684131104287,-0.12569987847354494,0.7767002902792719,-0.9248008542370109,-0.18953031843423304,-0.1923851398937202,0.26797312616153707
1765375854.4680746,280.2799987792969,272.8999938964844,230.5399932861328,168.57000732421875,56.5099983215332,68.12000274658203,557.8400268554688,586.9299926757812,368.0899963378906,-3958.419921875,0,-0.1675376944400639,-0.1297673097599459,0.7950920216904094,0.9796997290964818,0.17049397082206244,0.0287491483911255,0.1014580365884878
1765375854.6315913,280.2799987792969,272.8999938964844,230.5399932861328,168.57000732421875,56.5099983215332,68.12000274658203,557.9299926757812,586.9299926757812,368.0899963378906,-3958.419921875,0,-0.16243444532078713,-0.12675122461093352,0.7762922181133206,-0.9246327065008171,-0.18926349874423382,-0.19101861915652585,0.2697138729238812
1765375854.6704988,280.2799987792969,272.8999938964844,230.5399932861328,168.57000732421875,56.5099983215332,68.12000274658203,557.9299926757812,586.9299926757812,368.0899963378906,-3958.419921875,0,-0.16567669095986423,-0.12917326945338337,0.7910964891033377,-0.9317125981437395,-0.1869650487083218,-0.18265492786655219,0.2521762922001235
1765375854.9311514,282.9200134277344,275.2699890136719,233.08999633789062,171.3000030517578,59.33000183105469,70.58000183105469,557.75,586.6699829101562,368.0899963378906,-3958.419921875,0,-0.17325001685554353,-0.12462265778214257,0.7892905184773941,-0.9383367003665375,-0.1814963344997986,-0.20314686023994932,0.2128724277191073
1765375854.971026,282.9200134277344,275.2699890136719,233.08999633789062,171.3000030517578,59.33000183105469,70.58000183105469,557.75,586.6699829101562,368.0899963378906,-3958.419921875,0,-0.1705702626272718,-0.1223971500579213,0.7752194449510145,-0.9219727173094195,-0.188283002778961,-0.25428304049291645,0.22328447039438484
1765375855.1483862,285.6400146484375,277.7300109863281,235.80999755859375,174.11000061035156,62.22999954223633,73.12000274658203,557.6699829101562,586.5800170898438,368.0899963378906,-3958.419921875,0,-0.174795416768492,-0.1256524206646646,0.7886135850511837,-0.927073150016178,-0.18477438423787082,-0.25516660811986014,0.20318416165932507
1765375855.279628,288.4599914550781,280.20001220703125,238.4499969482422,176.9199981689453,65.12999725341797,75.66999816894531,557.6699829101562,586.3200073242188,368.0899963378906,-3958.419921875,0,-0.17123358854940718,-0.12632312492046602,0.7813883860003816,-0.9289868358324264,-0.1931462916173946,-0.21027013668495126,0.2355088926197836
1765375855.4641917,288.4599914550781,280.20001220703125,238.4499969482422,176.9199981689453,65.12999725341797,75.66999816894531,557.6699829101562,586.3200073242188,368.0899963378906,-3958.419921875,0,-0.1707209542773517,-0.12927532468022113,0.7960657361380004,-0.9318319391508494,-0.19161402261633298,-0.22667826768812382,0.20878282130737388
1765375855.6158798,291.17999267578125,282.739990234375,241.0,179.74000549316406,67.94000244140625,78.12999725341797,557.6699829101562,586.1400146484375,368.0899963378906,-3958.419921875,0,-0.16882136699713587,-0.12825472917299038,0.8018266207359209,0.9837403612442733,0.17574327623419195,0.0072130110158290205,0.036292905498798
1765375855.6522207,291.17999267578125,282.739990234375,241.0,179.74000549316406,67.94000244140625,78.12999725341797,557.6699829101562,586.1400146484375,368.0899963378906,-3958.419921875,0,-0.1656414694285677,-0.1256038772204565,0.7887549438849444,0.9823906083423222,0.17380694835726682,0.006660779124265362,0.06823101468536366
1765375855.739515,294.0799865722656,285.2900085449219,243.80999755859375,182.5500030517578,70.83999633789062,80.7699966430664,557.6699829101562,585.8800048828125,368.0899963378906,-3958.419921875,0,-0.16846373903204093,-0.12680470913333258,0.8030674626584954,-0.9412810201633406,-0.1791225858644827,-0.21951116090589212,0.18363003717047346
1765375855.9178736,296.80999755859375,287.8399963378906,246.4499969482422,185.19000244140625,73.73999786376953,83.31999969482422,557.6699829101562,585.7899780273438,368.0899963378906,-3958.419921875,0,-0.16744394507655372,-0.1199888631945933,0.7887097147099795,-0.9400579838688857,-0.18161943259547497,-0.19652929289179244,0.21138023962403799
1765375856.128697,299.5299987792969,290.3900146484375,249.1699981689453,187.72999572753906,76.55000305175781,85.87000274658203,557.6699829101562,585.530029296875,368.0899963378906,-3958.419921875,0,-0.1716439647594358,-0.11711846760797773,0.7884824561716723,-0.9300193779290827,-0.18544374268548003,-0.24981772217108844,0.19561615645046398
1765375856.283923,302.260009765625,292.760009765625,251.88999938964844,190.11000061035156,79.19000244140625,88.51000213623047,557.6699829101562,585.530029296875,368.0899963378906,-3958.419921875,0,-0.17204837624875377,-0.11487670621941067,0.7838420093083643,-0.9377415953409959,-0.1748323692658479,-0.22499656950866923,0.1986224728814561
1765375856.714484,307.8800048828125,297.69000244140625,257.0799865722656,194.58999633789062,84.63999938964844,93.5999984741211,557.6699829101562,585.530029296875,368.0899963378906,-3958.419921875,0,-0.16628985469986976,-0.11074744983669818,0.7886224085270155,-0.9358012373082122,-0.18122765870371782,-0.19856695956030684,0.22804329094310904
1765375856.794401,307.8800048828125,297.69000244140625,257.0799865722656,194.58999633789062,84.63999938964844,93.5999984741211,557.6699829101562,585.530029296875,368.0899963378906,-3958.419921875,0,-0.16786842410841304,-0.11107705063670291,0.8022668758379127,-0.9361939743030778,-0.17715173378870974,-0.19759241304708516,0.23046766367647442
1765375856.8975375,310.6099853515625,300.1499938964844,259.79998779296875,196.7899932861328,87.27999877929688,96.05999755859375,557.6699829101562,585.530029296875,368.0899963378906,-3958.419921875,0,-0.1670956367392285,-0.11009128864468899,0.8034596774313245,-0.9368539083115209,-0.15969148969564245,-0.2401160551955269,0.19785768278627336
1765375856.9340975,310.6099853515625,300.1499938964844,259.79998779296875,196.7899932861328,87.27999877929688,96.05999755859375,557.6699829101562,585.530029296875,368.0899963378906,-3958.419921875,0,-0.1641276510186766,-0.10760732812000628,0.7884868108583727,-0.9319581611489095,-0.183400945711543,-0.22078815836032062,0.2215190016858894
1765375857.087821,313.3299865722656,302.6099853515625,262.44000244140625,198.80999755859375,89.91000366210938,98.61000061035156,557.6699829101562,585.530029296875,368.0899963378906,-3958.419921875,0,-0.1661218208106756,-0.10701277700898916,0.7946089339630853,-0.9379573789011575,-0.16830000622001182,-0.1972654093983255,0.23021168850891485
1765375857.296652,316.04998779296875,304.9800109863281,265.1700134277344,200.8300018310547,92.37000274658203,101.25,557.6699829101562,585.530029296875,368.0899963378906,-3958.419921875,0,-0.1700830655453468,-0.10496687740054572,0.7964335331086297,-0.934113496949299,-0.17079838479535692,-0.2229512890997557,0.22034656624782328
1765375857.557103,318.69000244140625,307.3500061035156,267.79998779296875,200.74000549316406,94.91999816894531,103.80000305175781,557.6699829101562,585.530029296875,368.0899963378906,-3958.419921875,0,-0.17090493450097913,-0.10211258801470285,0.7909705763108859,-0.9318159519557532,-0.16429821647816734,-0.24454576283376803,0.21194928077947636
1765375857.7445927,321.5,309.80999755859375,270.3500061035156,200.74000549316406,97.47000122070312,106.3499984741211,557.6699829101562,585.530029296875,368.0899963378906,-3958.419921875,0,-0.16875265970374395,-0.10372276958384229,0.7902267965763301,-0.9315571975746467,-0.1640813875338018,-0.2437141916714342,0.21420055716499056
1765375857.8765256,324.32000732421875,312.2799987792969,272.989990234375,200.74000549316406,100.0199966430664,108.9000015258789,557.6699829101562,585.530029296875,368.0899963378906,-3958.419921875,0,-0.1663817060914799,-0.10411188188215331,0.7856814645383662,-0.9400868770876855,-0.1797353378965023,-0.1734482016116131,0.2320508418352549
1765375858.0517318,324.32000732421875,312.2799987792969,272.989990234375,200.74000549316406,100.0199966430664,108.9000015258789,557.6699829101562,585.530029296875,368.0899963378906,-3958.419921875,0,-0.1671168846937759,-0.10585793396105858,0.799268746896606,0.9778934125246728,0.1444263648586588,0.04665509610089209,0.1438360208097418
1765375858.0870786,326.95001220703125,314.739990234375,275.7099914550781,200.74000549316406,102.4800033569336,111.44999694824219,557.6699829101562,585.530029296875,368.0899963378906,-3958.419921875,0,-0.16773015322961032,-0.10607844500843881,0.8037277817201006,-0.9376968969570834,-0.16004165879831828,-0.23958419938960646,0.19419219420198414
1765375858.2852893,329.67999267578125,317.20001220703125,278.44000244140625,200.74000549316406,104.94000244140625,113.98999786376953,557.6699829101562,585.530029296875,368.0899963378906,-3958.419921875,0,-0.16538407639462993,-0.10309811394464653,0.7902485086149814,0.9783987820654504,0.16237918215006075,0.0011418134448562569,0.1279356116145077
1765375858.321308,329.67999267578125,317.20001220703125,278.44000244140625,200.74000549316406,104.94000244140625,113.98999786376953,557.6699829101562,585.530029296875,368.0899963378906,-3958.419921875,0,-0.1706102664260533,-0.10570153936450713,0.8119011760008974,-0.948413015389114,-0.16736617063973647,-0.2119325222313647,0.16609010562514215
1765375858.3560255,329.67999267578125,317.20001220703125,278.44000244140625,200.74000549316406,104.94000244140625,113.98999786376953,557.6699829101562,585.530029296875,368.0899963378906,-3958.419921875,0,-0.1680776144164577,-0.10371195656259104,0.7977998119888112,-0.9360760490229654,-0.17075252715018396,-0.2182697967139345,0.21671063831717707
1765375858.4953203,332.30999755859375,319.57000732421875,281.1600036621094,200.74000549316406,107.48999786376953,116.45999908447266,557.6699829101562,585.530029296875,368.0899963378906,-3958.419921875,0,-0.17043776525155857,-0.10375011343911988,0.7980920239192517,-0.9358110708112797,-0.17087514420663943,-0.22012364550266864,0.2158816933647264
1765375858.7244644,335.0400085449219,322.0299987792969,283.79998779296875,200.74000549316406,110.04000091552734,119.0,557.6699829101562,585.530029296875,368.0899963378906,-3958.419921875,0,-0.17296365426851168,-0.10435276712469124,0.7971778793707418,-0.9350501934307288,-0.17364176902176148,-0.24531174583423823,0.18802079451993564
1765375858.9182043,337.5899963378906,324.489990234375,286.44000244140625,200.74000549316406,112.58999633789062,121.55000305175781,557.6699829101562,585.4400024414062,368.0899963378906,-3958.419921875,0,-0.17110612166592956,-0.1035419605188233,0.7965019186299489,-0.93933876233223,-0.16884343617079509,-0.19785354240329295,0.22358121432862194
1765375859.1823754,340.2200012207031,326.95001220703125,289.1600036621094,200.74000549316406,115.13999938964844,124.19000244140625,557.6699829101562,585.3499755859375,368.0899963378906,-3958.419921875,0,-0.16889051632966148,-0.10259752793980352,0.7969170887045506,-0.9360870938833112,-0.17365443508483772,-0.24141580138183347,0.18789225817906893
1765375859.3157358,342.7699890136719,329.3299865722656,291.8800048828125,200.74000549316406,117.51000213623047,126.91000366210938,557.6699829101562,585.1799926757812,368.0899963378906,-3958.419921875,0,-0.16934112341263272,-0.10236824644859771,0.7962924689213969,-0.9397682961367604,-0.16882066059701414,-0.19609711221502601,0.22334067411182784
1765375859.5194678,345.2300109863281,331.70001220703125,294.6099853515625,200.74000549316406,119.87999725341797,129.63999938964844,557.6699829101562,585.0900268554688,368.0899963378906,-3958.419921875,0,-0.17145305702636518,-0.10013182703817373,0.7888659461677702,-0.9310202787406713,-0.1811544402264395,-0.20623407712625916,0.24052404202442693
1765375859.78686,347.70001220703125,334.1600036621094,297.3299865722656,200.74000549316406,122.33999633789062,132.27999877929688,557.6699829101562,585.0900268554688,368.0899963378906,-3958.419921875,0,-0.17640989091063883,-0.09761050525498273,0.7913946607166945,-0.9319709660615965,-0.16500857047789672,-0.24806794967345536,0.2065540666069382
1765375859.9164636,349.9800109863281,336.6199951171875,299.9700012207031,200.74000549316406,124.62999725341797,134.91000366210938,557.6699829101562,585.0900268554688,368.0899963378906,-3958.419921875,0,-0.17512894633131995,-0.09562820734739431,0.7868595369490431,-0.9351543061744232,-0.17950882743466978,-0.18524526870430785,0.24279043420022126
1765375860.0481396,349.9800109863281,336.6199951171875,299.9700012207031,200.74000549316406,124.62999725341797,134.91000366210938,557.6699829101562,585.0900268554688,368.0899963378906,-3958.419921875,0,-0.17543024672566604,-0.09526471587943325,0.7979532865601544,-0.9367961104495461,-0.1744747367252975,-0.24461087541477278,0.1792683277103304
1765375860.1140895,352.2699890136719,339.0799865722656,302.70001220703125,200.74000549316406,126.91000366210938,137.3699951171875,557.6699829101562,585.0900268554688,368.0899963378906,-3958.419921875,0,-0.17425530138313208,-0.09431570424428908,0.798468772546818,-0.9369649631472738,-0.17180853950151842,-0.2212380347996405,0.2088832581773277
1765375860.3528516,354.3699951171875,341.5400085449219,305.3299865722656,200.74000549316406,129.3699951171875,139.8300018310547,557.6699829101562,585.0900268554688,368.0899963378906,-3958.419921875,0,-0.17214109431307442,-0.09234264231466986,0.8012824156643649,-0.9504478013670313,-0.17774277108150066,-0.1585770651567826,0.19977436925468506
1765375860.4275753,354.3699951171875,341.5400085449219,305.3299865722656,200.74000549316406,129.3699951171875,139.8300018310547,557.6699829101562,585.0900268554688,368.0899963378906,-3958.419921875,0,-0.17021797512625675,-0.09073286178935575,0.79156039077096,0.978003382970025,0.16154929072908897,0.004751001034989598,0.13186598330608398
1765375860.4988127,356.4800109863281,343.9200134277344,307.9700012207031,200.74000549316406,129.2899932861328,142.2100067138672,557.6699829101562,585.0900268554688,368.0899963378906,-3958.419921875,0,-0.17403239824962624,-0.09172002032131889,0.8052832594027526,0.9804371103493404,0.15593479550494624,0.03798728153493535,0.11394901773271923
1765375860.8169472,358.510009765625,346.20001220703125,310.69000244140625,200.74000549316406,129.2899932861328,144.5800018310547,557.6699829101562,585.0900268554688,368.0899963378906,-3958.419921875,0,-0.17703454873851876,-0.0869681639891384,0.7853193227484753,-0.9323819515789362,-0.17909467375407798,-0.24671686811792226,0.194215810862191
1765375861.1062744,358.510009765625,350.67999267578125,315.9700012207031,200.74000549316406,129.2899932861328,148.97000122070312,557.6699829101562,585.0900268554688,368.0,-3958.419921875,0,-0.17773279892489688,-0.08665777460521758,0.7915306431199272,-0.94099901663051,-0.1835276448158496,-0.19788853972414858,0.20415332506379835
1765375861.3592582,358.510009765625,352.8800048828125,318.42999267578125,200.74000549316406,129.2899932861328,148.97000122070312,557.6699829101562,585.0900268554688,368.0,-3958.419921875,0,-0.174979737529994,-0.08627357552330102,0.7924750826631286,0.9779407927123508,0.16105354642518163,0.007197058719485431,0.13282230038212442
1765375861.5171344,358.510009765625,355.0799865722656,320.8900146484375,200.74000549316406,129.2899932861328,148.97000122070312,557.6699829101562,585.0900268554688,368.0,-3958.419921875,0,-0.17966950540144427,-0.08675455225382706,0.7989192712069354,-0.9380987001266111,-0.17529383580210245,-0.24537432387862523,0.1703946628614163
1765375861.652948,358.510009765625,355.0799865722656,320.8900146484375,200.74000549316406,129.2899932861328,148.97000122070312,557.6699829101562,585.0900268554688,368.0,-3958.419921875,0,-0.17995461773742766,-0.08466986933421636,0.7863219265282447,-0.9321978365715632,-0.17637472117489555,-0.22850851631090607,0.2183643954383674
1765375861.727827,358.510009765625,357.2799987792969,323.3500061035156,200.74000549316406,129.2899932861328,148.97000122070312,557.6699829101562,585.0900268554688,368.0,-3958.419921875,0,-0.18439883884265224,-0.08566395943426629,0.799471514490237,-0.9376197252406813,-0.17550767458237482,-0.24887261461696442,0.16771621476766205
1765375861.7637334,358.510009765625,357.2799987792969,323.3500061035156,200.74000549316406,129.2899932861328,148.97000122070312,557.6699829101562,585.0900268554688,368.0,-3958.419921875,0,-0.181461064551434,-0.08394652579225294,0.7848613070060407,-0.9362111527695991,-0.17415988240209485,-0.20772938465901924,0.2236638449564259
1765375861.916965,358.510009765625,359.3800048828125,325.7200012207031,200.74000549316406,129.2899932861328,148.97000122070312,557.6699829101562,585.0900268554688,368.0,-3958.419921875,0,-0.18376546086640472,-0.08467966429044065,0.7929669303862276,-0.9476378221674607,-0.18437162006810506,-0.1943482730393319,0.1738344398495412
1765375862.0881944,358.510009765625,361.6700134277344,328.010009765625,200.74000549316406,129.2899932861328,148.97000122070312,557.6699829101562,585.0900268554688,368.0,-3958.419921875,0,-0.18319682501048848,-0.08418561429248439,0.7923837454560508,-0.9357336748086151,-0.18627660233194365,-0.22719934355054855,0.1951511607524585
1765375862.3527617,358.510009765625,363.9599914550781,330.2099914550781,200.74000549316406,129.2899932861328,148.97000122070312,557.6699829101562,585.0900268554688,368.0,-3958.419921875,0,-0.18459540108503802,-0.08370405277244397,0.7904766775647974,-0.9321433038574107,-0.16923186108806515,-0.27387753070685744,0.16571220969009817
1765375862.4826386,358.510009765625,366.3299865722656,332.3999938964844,200.74000549316406,129.2899932861328,148.97000122070312,557.6699829101562,585.0900268554688,368.0,-3958.419921875,0,-0.186822750854176,-0.08418457682739301,0.794302241113708,0.9782003724287888,0.160227513483329,0.011715135151814637,0.1315824111023324
1765375862.7219489,360.44000244140625,368.6099853515625,334.6000061035156,200.74000549316406,129.2899932861328,148.97000122070312,557.6699829101562,585.0900268554688,368.0,-3958.419921875,0,-0.18944650222128556,-0.08231082690417897,0.7934937390263677,-0.9392162531923227,-0.16682868497240402,-0.2524737861797522,0.16216660230088698
1765375862.8348017,360.44000244140625,368.6099853515625,334.6000061035156,200.74000549316406,129.2899932861328,148.97000122070312,557.6699829101562,585.0900268554688,368.0,-3958.419921875,0,-0.18760163335800134,-0.07993393963662832,0.7787392824781215,-0.92712302824298,-0.17389216265557159,-0.2762415922687992,0.1841059178009586
1765375862.8731081,362.7200012207031,370.80999755859375,336.79998779296875,200.74000549316406,129.2899932861328,148.97000122070312,557.6699829101562,585.0900268554688,368.0,-3958.419921875,0,-0.19207083871973907,-0.08124055804802364,0.7942578992006707,-0.9412914497736519,-0.18455417753803005,-0.2060169047619048,0.19356445202723066
1765375862.9150076,362.7200012207031,370.80999755859375,336.79998779296875,200.74000549316406,129.2899932861328,148.97000122070312,557.6699829101562,585.0900268554688,368.0,-3958.419921875,0,-0.1871508255660171,-0.078897999055818,0.7727752750486654,-0.9358279397548789,-0.17913384527086895,-0.2135774982793687,0.21568909309776815
1765375863.0940545,365.010009765625,373.010009765625,338.82000732421875,200.74000549316406,129.2899932861328,148.97000122070312,557.6699829101562,585.0900268554688,368.0,-3958.419921875,0,-0.19414327454529878,-0.07940163466198452,0.7887618998132828,-0.9376954873476404,-0.17803792821515535,-0.23354945288400122,0.1856995481478348
1765375863.1534066,365.010009765625,373.010009765625,338.82000732421875,200.74000549316406,129.2899932861328,148.97000122070312,557.6699829101562,585.0900268554688,368.0,-3958.419921875,0,-0.19128526780291263,-0.07792151204754887,0.775454885615726,-0.9380722578581034,-0.1820010452495801,-0.23260128108020361,0.18108755508015567
1765375863.1953046,365.010009765625,373.010009765625,338.82000732421875,200.74000549316406,129.2899932861328,148.97000122070312,557.6699829101562,585.0900268554688,368.0,-3958.419921875,0,-0.1953332542413081,-0.07885583067076556,0.7889804065859127,-0.9376951337735564,-0.17812203816247224,-0.23424119325427048,0.18474695938243363
1765375863.350777,367.2099914550781,375.2099914550781,340.8399963378906,200.74000549316406,129.2899932861328,148.97000122070312,557.6699829101562,585.0900268554688,368.0,-3958.419921875,0,-0.19300659825563996,-0.07678950477465826,0.7739439731112812,-0.9359085320604131,-0.1796341309390889,-0.21691116642783395,0.21155695331800747
1765375863.6229146,367.2900085449219,377.3999938964844,340.8399963378906,200.74000549316406,129.2899932861328,148.97000122070312,557.6699829101562,585.0900268554688,368.0,-3958.419921875,0,-0.19772541228486185,-0.0783553471422143,0.79112221445835,-0.943792158366576,-0.1830296453417676,-0.1878421531291168,0.20117613238066803
1765375863.687985,367.2900085449219,379.510009765625,340.8399963378906,200.74000549316406,129.2899932861328,148.97000122070312,557.6699829101562,585.0900268554688,368.0,-3958.419921875,0,-0.19713891019017468,-0.07819148491230082,0.7893886186295999,-0.9436794111500145,-0.1779310459311516,-0.23192014544829972,0.15499276757529015
1765375863.8871148,367.2900085449219,381.45001220703125,340.8399963378906,200.74000549316406,129.2899932861328,148.97000122070312,557.6699829101562,585.0900268554688,368.0,-3958.419921875,0,-0.1937709092075207,-0.07651522039884588,0.7753476772114357,-0.9373886626243244,-0.18227281231801565,-0.23515642409257853,0.18105406176347832
1765375864.21917,367.2900085449219,383.4700012207031,340.8399963378906,200.74000549316406,129.2899932861328,148.97000122070312,557.6699829101562,585.0900268554688,368.0,-3958.419921875,0,-0.1958565321906711,-0.07693499176452402,0.7781270719132012,-0.930192299948507,-0.174221097288197,-0.28379148830950635,0.15443990915329736
1765375864.4197073,367.2900085449219,385.30999755859375,340.8399963378906,200.74000549316406,129.2899932861328,148.97000122070312,557.6699829101562,585.0900268554688,368.0,-3958.419921875,0,-0.1996071484696524,-0.07818332237675438,0.7900035425440212,0.9800450796763664,0.15038827060381998,0.017716334168008004,0.12876778079389353
1765375864.4787517,367.2099914550781,387.25,340.8399963378906,200.74000549316406,129.2899932861328,148.97000122070312,557.6699829101562,585.0900268554688,368.0,-3958.419921875,0,-0.1994918286691148,-0.07822284661476496,0.7897030724760796,-0.9433632716684068,-0.17794999813815962,-0.233888828154133,0.15393359573009144
1765375864.6372654,367.2099914550781,387.25,340.8399963378906,200.74000549316406,129.2899932861328,148.97000122070312,557.6699829101562,585.0900268554688,368.0,-3958.419921875,0,-0.1960929847247997,-0.07655018194812709,0.7756997862352931,-0.9371080522852855,-0.18234609319515432,-0.23697794382310391,0.18005514371968545
1765375864.8305693,367.2099914550781,387.4200134277344,340.8399963378906,200.74000549316406,129.2899932861328,148.97000122070312,557.6699829101562,585.0900268554688,368.0,-3958.419921875,0,-0.19924389940669518,-0.07784117327728829,0.7887225536303542,-0.9425967516856522,-0.17815495390473585,-0.2351193143370665,0.1564962751522425
1765375871.1229866,367.2900085449219,387.6000061035156,340.8399963378906,200.74000549316406,129.2899932861328,148.97000122070312,557.6699829101562,591.1500244140625,368.0,-3958.419921875,0,-0.19594944199570502,-0.07688305878049738,0.7762367672616743,-0.9377927844420695,-0.18222654541920072,-0.23580760331113887,0.1781374576377206
1765375871.1611385,367.2900085449219,387.6000061035156,340.8399963378906,200.74000549316406,129.2899932861328,148.97000122070312,557.6699829101562,591.1500244140625,368.0,-3958.419921875,0,-0.19864437754260023,-0.07839634859474431,0.7885970876332271,-0.9425404128006541,-0.1781106180603918,-0.23486695802579902,0.15726312345691693
1765375871.2311184,367.2900085449219,387.6000061035156,340.8399963378906,200.74000549316406,129.2899932861328,148.97000122070312,557.6699829101562,591.1500244140625,368.0,-3958.419921875,0,-0.20104850872831223,-0.08198742072862618,0.8015508760584505,-0.9414711955130086,-0.17177414308632843,-0.21368196777644166,0.19612661327176278
1765375871.3100529,367.2900085449219,387.6000061035156,340.8399963378906,200.74000549316406,129.2899932861328,148.97000122070312,557.6699829101562,603.9000244140625,368.0,-3958.419921875,0,-0.1968272574889678,-0.08718596382961455,0.7949907694162702,-0.9460254894844876,-0.18446995191304963,-0.20574078226911596,0.1693438531453826
1765375871.3587546,367.2900085449219,387.6000061035156,340.8399963378906,200.74000549316406,129.2899932861328,148.97000122070312,557.6699829101562,603.9000244140625,368.0,-3958.419921875,0,-0.19851360377967817,-0.090629002834617,0.8052923296471237,-0.9421670593405918,-0.17811811149716603,-0.1888787989110098,0.21194331782842177
1765375871.3911333,367.2900085449219,387.6000061035156,340.8399963378906,200.74000549316406,129.2899932861328,148.97000122070312,557.6699829101562,603.9000244140625,368.0,-3958.419921875,0,-0.19436892332691652,-0.09168406755890109,0.7943026958351981,-0.9451030303363225,-0.18416226357717255,-0.20601349956260642,0.17442178969727465
1765375871.593231,367.2900085449219,387.6000061035156,340.8399963378906,200.74000549316406,129.2899932861328,148.97000122070312,557.6699829101562,616.989990234375,368.0,-3958.419921875,0,-0.18383081334805593,-0.09994994639418756,0.7775145979732075,-0.939528957587087,-0.19204677812702092,-0.1656667236855379,0.23012585584773437
1765375871.6298223,367.2900085449219,387.6000061035156,340.8399963378906,200.74000549316406,129.2899932861328,148.97000122070312,557.6699829101562,616.989990234375,368.0,-3958.419921875,0,-0.1868296352088976,-0.10320735683491523,0.7927103298342605,-0.9402059233152447,-0.17263718495484953,-0.26479614521543665,0.1268551363281716
1765375871.6673188,367.2900085449219,387.6000061035156,340.8399963378906,200.74000549316406,129.2899932861328,148.97000122070312,557.6699829101562,616.989990234375,368.0,-3958.419921875,0,-0.1835885908091481,-0.10283991074431255,0.781797673283147,0.9756966640555076,0.16085199340517434,0.055681000479376075,0.13799377578047325
1765375871.712147,367.2099914550781,387.6000061035156,340.8399963378906,200.74000549316406,129.2899932861328,148.97000122070312,557.6699829101562,629.5599975585938,368.0,-3958.419921875,0,-0.18698888196588012,-0.10604623391510899,0.7969408934201541,-0.9524545946980935,-0.19116123737813243,-0.16504758815398365,0.17043156986633928
1765375871.7909465,367.2099914550781,387.6000061035156,340.8399963378906,200.74000549316406,129.2899932861328,148.97000122070312,557.6699829101562,629.5599975585938,368.0,-3958.419921875,0,-0.18830082225526446,-0.1102332293878033,0.8061257292573923,0.9831558493750997,0.16870323965914208,0.013584867952126874,0.06898727513650407
1765375871.8348093,367.2099914550781,387.6000061035156,340.8399963378906,200.74000549316406,129.2899932861328,148.97000122070312,557.6699829101562,629.5599975585938,368.0,-3958.419921875,0,-0.18306762946161179,-0.1107523251530652,0.790604975292189,-0.9415000442765732,-0.18406963986767383,-0.23131851825074587,0.1618263804837608
1765375871.9087114,367.2099914550781,387.6000061035156,340.8399963378906,200.74000549316406,129.2899932861328,148.97000122070312,557.6699829101562,642.739990234375,368.0,-3958.419921875,0,-0.17854116798189065,-0.11206831492527791,0.7775335089420284,0.980546358789458,0.17139202139162446,0.009689530996963026,0.095182594296896
1765375871.946433,367.2099914550781,387.6000061035156,340.8399963378906,200.74000549316406,129.2899932861328,148.97000122070312,557.6699829101562,642.739990234375,368.0,-3958.419921875,0,-0.18459289601417495,-0.11739579136028643,0.805928348787311,-0.9479629890373472,-0.17851505156772307,-0.19876070463524362,0.17318409301102972
1765375871.9872198,367.2099914550781,387.6000061035156,340.8399963378906,200.74000549316406,129.2899932861328,148.97000122070312,557.6699829101562,642.739990234375,368.0,-3958.419921875,0,-0.17887447329617173,-0.11591386747488247,0.7841125724193173,-0.9366751992299541,-0.18448317099495426,-0.26295189354220905,0.13950567174756354
1765375872.033527,367.2099914550781,387.6000061035156,340.8399963378906,200.74000549316406,129.2899932861328,148.97000122070312,557.6699829101562,642.739990234375,368.0,-3958.419921875,0,-0.182916600316821,-0.12032862964556952,0.8028665965638387,0.9837951457478868,0.1755215626345161,0.009518025504251213,0.03533694162957947
1765375872.07298,367.2900085449219,387.6000061035156,340.8399963378906,200.74000549316406,129.2899932861328,148.97000122070312,557.6699829101562,655.75,368.0,-3958.419921875,0,-0.17910750737829834,-0.11977355700000857,0.7900599727995412,-0.9457717357026156,-0.18225772792854714,-0.20116623921018303,0.17840988974386138
1765375872.1125517,367.2900085449219,387.6000061035156,340.8399963378906,200.74000549316406,129.2899932861328,148.97000122070312,557.6699829101562,655.75,368.0,-3958.419921875,0,-0.17565517610026773,-0.11919567025889168,0.7765602620745087,0.9807459026553976,0.1650608766519467,0.033452831024650076,0.09885994901868238
1765375872.206021,367.2900085449219,387.6000061035156,340.8399963378906,200.74000549316406,129.2899932861328,148.97000122070312,557.6699829101562,655.75,368.0,-3958.419921875,0,-0.18047362222865812,-0.12593726320660892,0.801727560459025,0.9781038044359261,0.17645821299803732,0.07315307217586221,0.08260795872517415
1765375872.2916005,367.2099914550781,387.6000061035156,340.8399963378906,200.74000549316406,129.2899932861328,148.97000122070312,557.6699829101562,664.719970703125,368.0,-3958.419921875,0,-0.17913926872134203,-0.12910459040138528,0.8029457494910661,-0.9491695806130543,-0.19900844872601056,-0.19605311510558848,0.14503765246273254
1765375872.4121492,367.2099914550781,387.6000061035156,340.8399963378906,200.74000549316406,129.2899932861328,148.97000122070312,557.6699829101562,664.719970703125,368.0,-3958.419921875,0,-0.17124695172774987,-0.13023263132510446,0.7794996350358172,-0.9454228430034639,-0.193331964057325,-0.17083178779654257,0.1990349212555976
1765375873.1970873,367.2900085449219,387.6000061035156,340.8399963378906,200.74000549316406,129.2899932861328,148.97000122070312,557.6699829101562,664.719970703125,368.0,-3958.419921875,0,-0.16939134201970704,-0.12587596440603807,0.7696209473363782,0.9809344295886078,0.18946769459461543,-0.021804237211797438,0.03733915896597076
1765375873.2339919,367.2900085449219,387.6000061035156,340.8399963378906,200.74000549316406,129.2899932861328,148.97000122070312,557.6699829101562,664.719970703125,368.0,-3958.419921875,0,-0.1718658484843379,-0.12821920066810605,0.7817081015594287,-0.9497764453722577,-0.19361773021930484,-0.19511362628243678,0.14955785235045632
1765375873.468781,367.2099914550781,387.6000061035156,340.8399963378906,200.74000549316406,129.2899932861328,148.97000122070312,557.6699829101562,664.719970703125,368.0,-3958.419921875,0,-0.1699455558186237,-0.12642997994692046,0.7696207941820803,0.9809396792337998,0.1894693005169928,-0.021741718815477748,0.03722939066437008
1765375873.6495974,367.2900085449219,387.6000061035156,340.8399963378906,200.74000549316406,129.2899932861328,148.97000122070312,557.6699829101562,664.719970703125,368.0,-3958.419921875,0,-0.1718658484843379,-0.12821920066810605,0.7817081015594287,-0.9497764453722577,-0.19361773021930484,-0.19511362628243678,0.14955785235045632
1765375873.7741916,367.2900085449219,387.6000061035156,340.8399963378906,200.74000549316406,129.2899932861328,148.97000122070312,557.6699829101562,664.719970703125,368.0,-3958.419921875,0,-0.16905440677186842,-0.12603178540938803,0.7676034756241615,-0.9457785445749116,-0.2051021564479365,-0.1417989015333699,0.2081564833631126
1765375874.1578028,367.2900085449219,387.6000061035156,340.8399963378906,200.74000549316406,129.2899932861328,149.05999755859375,557.6699829101562,664.719970703125,368.0,-3958.419921875,0,-0.1718658484843379,-0.12821920066810605,0.7817081015594287,-0.9497764453722577,-0.19361773021930484,-0.19511362628243678,0.14955785235045632
1765375874.272502,367.2900085449219,387.6000061035156,340.8399963378906,200.74000549316406,129.2899932861328,148.97000122070312,557.6699829101562,664.719970703125,362.989990234375,-3958.419921875,0,-0.1698412563728718,-0.12657383719457543,0.7725381138407772,-0.9428785808578788,-0.18586056704412962,-0.23083103116254075,0.15216065992859418
1765375874.479565,367.2900085449219,387.6000061035156,340.8399963378906,200.74000549316406,129.2899932861328,149.05999755859375,557.6699829101562,663.8400268554688,349.3699951171875,-3958.419921875,0,-0.17092880770829808,-0.12682248292168732,0.7749375135374357,-0.9380166122735475,-0.18654650282012536,-0.22948423552193145,0.1807269294581
1765375874.5952833,367.2900085449219,387.6000061035156,340.8399963378906,200.74000549316406,129.2899932861328,149.05999755859375,557.6699829101562,663.8400268554688,349.3699951171875,-3958.419921875,0,-0.17586211946291513,-0.12997932157925404,0.7964898053417906,0.9816535454800828,0.18194559677681268,0.04504591996149902,0.03497115317994289
1765375874.6338108,367.2900085449219,387.6000061035156,340.8399963378906,200.74000549316406,129.2899932861328,149.05999755859375,557.6699829101562,663.8400268554688,349.3699951171875,-3958.419921875,0,-0.1724474219133781,-0.12767051147981726,0.7817930662564925,-0.9498502175311108,-0.1936193818538276,-0.19547361794516588,0.14861414439437043
1765375874.7117107,367.2900085449219,387.6000061035156,340.8399963378906,200.74000549316406,129.2899932861328,149.05999755859375,557.6699829101562,663.8400268554688,335.57000732421875,-3958.419921875,0,-0.17214790958226664,-0.12708857521241088,0.7796281451519024,0.9806570475667863,0.19298839129532466,0.008921123689670424,0.03142689031625848
1765375874.8734248,367.2900085449219,387.6000061035156,340.8399963378906,200.74000549316406,129.2899932861328,148.97000122070312,557.6699829101562,663.8400268554688,321.7699890136719,-3958.419921875,0,-0.1724474219133781,-0.12767051147981726,0.7817930662564925,-0.9498502175311108,-0.1936193818538276,-0.19547361794516588,0.14861414439437043
1765375875.030381,367.2900085449219,387.6000061035156,340.8399963378906,200.74000549316406,129.2899932861328,148.97000122070312,557.6699829101562,663.8400268554688,321.7699890136719,-3958.419921875,0,-0.1699521852764988,-0.12532678304424494,0.7696509125112176,0.9809408324074442,0.18943460432593262,-0.021696534406498505,0.03740152930583784
1765375875.1072097,367.2900085449219,387.6000061035156,340.8399963378906,200.74000549316406,129.2899932861328,149.05999755859375,557.6699829101562,663.8400268554688,308.1400146484375,-3958.419921875,0,-0.170935291774463,-0.12626949942402313,0.7749668487199016,-0.9381602639407949,-0.1865865988762142,-0.22929870714348735,0.18017453533912647
1765375875.2212877,367.2900085449219,387.6000061035156,340.8399963378906,200.74000549316406,129.2899932861328,149.05999755859375,557.6699829101562,663.8400268554688,308.1400146484375,-3958.419921875,0,-0.17586211946291513,-0.12997932157925404,0.7964898053417906,0.9816535454800828,0.18194559677681268,0.04504591996149902,0.03497115317994289
1765375875.275973,367.2900085449219,387.6000061035156,340.8399963378906,200.74000549316406,129.2899932861328,149.05999755859375,557.6699829101562,663.8400268554688,294.0799865722656,-3958.419921875,0,-0.17256077863219377,-0.12760637163284155,0.7823034327767098,-0.9428915208509749,-0.19423100520618944,-0.19944088086021847,0.18290224592833415
1765375875.401301,367.2900085449219,387.6000061035156,340.8399963378906,200.74000549316406,129.2899932861328,149.05999755859375,557.6699829101562,663.8400268554688,294.0799865722656,-3958.419921875,0,-0.16868069453763157,-0.1245194492082285,0.7641731336089179,-0.9372243380583528,-0.18590361632414276,-0.2678914577605434,0.12363070996972984
1765375875.493724,367.2099914550781,387.6000061035156,340.8399963378906,200.74000549316406,129.2899932861328,149.05999755859375,557.6699829101562,663.8400268554688,280.6300048828125,-3958.419921875,0,-0.1699521852764988,-0.12532678304424494,0.7696509125112176,0.9809408324074442,0.18943460432593262,-0.021696534406498505,0.03740152930583784
1765375875.7102885,367.2900085449219,387.6000061035156,340.8399963378906,200.74000549316406,129.2899932861328,149.05999755859375,557.6699829101562,663.8400268554688,278.260009765625,-3958.419921875,0,-0.17256077863219377,-0.12760637163284155,0.7823034327767098,-0.9428915208509749,-0.19423100520618944,-0.19944088086021847,0.18290224592833415
1765375875.8461323,367.2900085449219,387.6000061035156,340.8399963378906,200.74000549316406,129.2899932861328,149.05999755859375,557.6699829101562,663.8400268554688,278.260009765625,-3958.419921875,0,-0.1699521852764988,-0.12532678304424494,0.7696509125112176,0.9809408324074442,0.18943460432593262,-0.021696534406498505,0.03740152930583784
1765375876.3361197,367.2900085449219,387.6000061035156,341.0199890136719,200.74000549316406,129.2899932861328,148.97000122070312,557.6699829101562,663.8400268554688,278.260009765625,-3958.419921875,0,-0.17291284718726524,-0.12709561070884795,0.782620766031851,-0.9439839937149335,-0.19423107437116477,-0.1976425370856517,0.1791812961583164
1765375876.4600883,367.2900085449219,387.6000061035156,341.0199890136719,200.74000549316406,129.2899932861328,148.97000122070312,557.6699829101562,663.8400268554688,278.260009765625,-3958.419921875,0,-0.16870608459015454,-0.12422061581781779,0.7649145041495129,-0.9265362217895149,-0.1896300613540033,-0.2843728063886357,0.15717244201684769
1765375876.5130143,367.2900085449219,387.6000061035156,351.2099914550781,200.74000549316406,129.2899932861328,148.97000122070312,557.6699829101562,663.75,278.260009765625,-3958.419921875,0,-0.16870608459015454,-0.12422061581781779,0.7649145041495129,-0.9265362217895149,-0.1896300613540033,-0.2843728063886357,0.15717244201684769
1765375876.5553765,367.2900085449219,387.6000061035156,351.2099914550781,200.74000549316406,129.2899932861328,148.97000122070312,557.6699829101562,663.75,278.260009765625,-3958.419921875,0,-0.17616732185184408,-0.12939010512287846,0.7966984104906771,-0.9513849865558006,-0.18992228974771502,-0.19332651740524337,0.14635910932075338
1765375876.596283,367.2900085449219,387.6000061035156,351.2099914550781,200.74000549316406,129.2899932861328,148.97000122070312,557.6699829101562,663.75,278.260009765625,-3958.419921875,0,-0.17051165791073736,-0.12530133390989234,0.7724392172185235,-0.9313383996920547,-0.18820183816867542,-0.25597390393197766,0.1779500319606525
1765375876.6898382,367.2900085449219,387.6000061035156,364.4800109863281,200.74000549316406,129.2899932861328,148.97000122070312,557.6699829101562,663.8400268554688,278.260009765625,-3958.419921875,0,-0.17419313225242883,-0.12602390152642792,0.7820491071624014,-0.9500688202954861,-0.19362060124822594,-0.19655000810547324,0.14576828800653938
1765375876.9027083,367.2900085449219,387.6000061035156,377.75,200.74000549316406,129.2899932861328,148.97000122070312,557.6699829101562,663.75,278.260009765625,-3958.419921875,0,-0.1861377754808654,-0.12272177164342711,0.7879501139968391,-0.9429000718572279,-0.1819756532193889,-0.24161526222165444,0.13945028213873362
1765375876.9878082,367.2900085449219,387.6000061035156,377.75,200.74000549316406,129.2899932861328,148.97000122070312,557.6699829101562,663.75,278.260009765625,-3958.419921875,0,-0.19117363491845205,-0.11873103513970368,0.7736260457730171,0.9792140921398576,0.19492233116127874,-0.05161243028794117,0.021936353597163824
1765375877.099552,367.2900085449219,387.6000061035156,391.1099853515625,200.74000549316406,129.2899932861328,148.97000122070312,557.6699829101562,663.75,278.260009765625,-3958.419921875,0,-0.2026392863867382,-0.11772462528592073,0.7783573935999218,-0.9316074777835316,-0.17513688753465512,-0.2875274551486626,0.13697642314724856
1765375877.2159863,367.2900085449219,387.6000061035156,391.1099853515625,200.74000549316406,129.2899932861328,148.97000122070312,557.6699829101562,663.75,278.260009765625,-3958.419921875,0,-0.20683193767334768,-0.11481833365593413,0.7661235959780486,0.9845704998761009,0.17263965513866197,-0.025765294480540133,0.012354345294658996
1765375877.255381,367.2900085449219,387.6000061035156,391.1099853515625,200.74000549316406,129.2899932861328,148.97000122070312,557.6699829101562,663.75,278.260009765625,-3958.419921875,0,-0.20571099793726175,-0.11146702801121101,0.7522086701003808,-0.9321418358661236,-0.16194724759806917,-0.29577715675521815,0.13191118362497323
1765375877.3007505,367.2900085449219,387.6000061035156,404.29998779296875,200.74000549316406,129.2899932861328,148.97000122070312,557.6699829101562,663.75,278.260009765625,-3958.419921875,0,-0.20502541566233343,-0.1098332289222427,0.7448233183584023,-0.9149224290154835,-0.16748205040242836,-0.3383395674526255,0.14280423233705813
1765375877.3777301,367.2900085449219,387.6000061035156,404.29998779296875,200.74000549316406,129.2899932861328,148.97000122070312,557.6699829101562,663.75,278.260009765625,-3958.419921875,0,-0.21107234391016186,-0.10998770124483288,0.7568986577758324,-0.9144248108243999,-0.15750050043458247,-0.357935931427775,0.10441612281897837
1765375877.4640064,367.2900085449219,387.6000061035156,404.29998779296875,200.74000549316406,129.2899932861328,148.97000122070312,557.6699829101562,663.75,278.260009765625,-3958.419921875,0,-0.2183449115205716,-0.10830443481277975,0.7648689712626812,0.9832282147250321,0.16653639543151885,-0.06654095072901593,0.03316939314159616
1765375877.505081,367.2900085449219,387.6000061035156,417.57000732421875,200.74000549316406,129.2899932861328,148.97000122070312,557.6699829101562,663.75,278.260009765625,-3958.419921875,0,-0.22156420435460503,-0.10448758260745147,0.754581424094169,-0.9061435782283518,-0.15385538991760456,-0.37406394254865655,0.12372752932866725
1765375877.68373,367.2900085449219,387.6000061035156,428.7300109863281,200.74000549316406,129.2899932861328,148.97000122070312,557.6699829101562,663.75,278.260009765625,-3958.419921875,0,-0.23340347207066922,-0.10056548049696903,0.7482380877976058,0.984392924210053,0.15163033805759618,-0.0789499291031192,0.041781814708464364
1765375877.782087,367.2900085449219,387.6000061035156,428.7300109863281,200.74000549316406,129.2899932861328,148.97000122070312,557.6699829101562,663.75,278.260009765625,-3958.419921875,0,-0.23791870510198232,-0.09814587711613446,0.7395537942568463,-0.9106803676229885,-0.13974927122725253,-0.3664158601359475,0.12988774637487624
1765375877.862049,367.2900085449219,387.6000061035156,428.7300109863281,200.74000549316406,129.2899932861328,148.97000122070312,557.6699829101562,663.75,278.260009765625,-3958.419921875,0,-0.2352574915830391,-0.09571702033133213,0.723208576993762,-0.9028413618357235,-0.13431726221151474,-0.39074169708044243,0.1189843460011248
1765375877.9835136,367.2900085449219,387.6000061035156,429.0799865722656,200.74000549316406,129.2899932861328,148.97000122070312,557.6699829101562,663.75,278.260009765625,-3958.419921875,0,-0.23745713372857088,-0.09834862907624621,0.7360626831321215,-0.9177935782831174,-0.13535935903634966,-0.3578958672167543,0.10603461610581402
1765375878.0978954,367.2900085449219,387.6000061035156,429.0799865722656,200.74000549316406,129.2899932861328,148.97000122070312,557.6699829101562,663.75,278.260009765625,-3958.419921875,0,-0.2385109205473861,-0.10053168302817786,0.7520358401087879,0.9865155586189931,0.1481514670773123,-0.06115757671964476,0.03313527146828505
1765375878.1870515,367.2900085449219,387.6000061035156,429.0799865722656,200.74000549316406,129.2899932861328,148.97000122070312,557.6699829101562,663.75,278.260009765625,-3958.419921875,0,-0.23103439554334246,-0.09781872481188025,0.7430999535239742,-0.9200258458252809,-0.1433218971127445,-0.35005213269317864,0.10234637862884001
1765375878.2349522,367.2900085449219,387.6000061035156,429.0799865722656,200.74000549316406,129.2899932861328,148.97000122070312,557.6699829101562,663.75,278.260009765625,-3958.419921875,0,-0.22505433420145154,-0.09524992716849032,0.7255692756155449,-0.9120807060259551,-0.13786058267584347,-0.3745049968908211,0.09407046690262763
1765375878.2701716,367.2900085449219,387.6000061035156,429.0799865722656,200.74000549316406,129.2899932861328,148.97000122070312,557.6699829101562,663.75,278.260009765625,-3958.419921875,0,-0.23219908017666877,-0.09783542563505063,0.7472829268804176,-0.9187730767265664,-0.13769606303913762,-0.36043570975240014,0.08355792506521774
1765375878.4032042,367.2900085449219,387.6000061035156,429.0799865722656,200.74000549316406,129.2899932861328,148.97000122070312,557.6699829101562,663.75,278.260009765625,-3958.419921875,0,-0.23727292903616848,-0.09961707317495713,0.7557189648311959,-0.9195878346303625,-0.1390358505529457,-0.3524606650929372,0.10391691981147406
1765375878.4773855,367.2900085449219,387.6000061035156,429.0799865722656,200.74000549316406,129.2899932861328,148.97000122070312,557.6699829101562,663.75,278.260009765625,-3958.419921875,0,-0.23315083346879154,-0.09812042418578171,0.7380574252273908,-0.9855470937729784,-0.1560566031627994,0.06476556166605316,0.012193628951432046
1765375878.6689713,367.2900085449219,387.6000061035156,429.0799865722656,200.74000549316406,129.2899932861328,148.97000122070312,557.6699829101562,663.75,278.260009765625,-3958.419921875,0,-0.23594301727705771,-0.0991711272128123,0.7499215044380566,0.988124497429301,0.14343069126747438,-0.03368896637708108,0.04361958192222567
1765375878.706076,367.2900085449219,387.6000061035156,429.0799865722656,200.74000549316406,129.2899932861328,148.97000122070312,557.6699829101562,663.75,278.260009765625,-3958.419921875,0,-0.22766630978275348,-0.09577215834977724,0.72556871119293,-0.9110425493316257,-0.1377447145504746,-0.3770518519291093,0.09412633997755196
1765375878.7482576,367.2900085449219,387.6000061035156,429.0799865722656,200.74000549316406,129.2899932861328,148.97000122070312,557.6699829101562,663.75,278.260009765625,-3958.419921875,0,-0.2313647844511386,-0.09724999827749646,0.7374464325780605,0.9867753346980817,0.1453407150733977,-0.07018052504980925,0.015006974284501713
1765375878.831194,367.2900085449219,387.6000061035156,429.0799865722656,200.74000549316406,129.2899932861328,148.97000122070312,557.6699829101562,663.75,278.260009765625,-3958.419921875,0,-0.2361029690314286,-0.09930096255772568,0.7530196869929876,0.9876021081624384,0.15497823957571918,-0.022471559806781827,0.010901844383803296
1765375878.875626,367.2900085449219,387.6000061035156,429.0799865722656,200.74000549316406,129.2899932861328,148.97000122070312,557.6699829101562,663.75,278.260009765625,-3958.419921875,0,-0.23273946761247116,-0.09774862302212295,0.7425657045416869,-0.9194234805963922,-0.14321452672393634,-0.3520194541014414,0.1011551610021842
1765375879.0434732,367.2900085449219,387.6000061035156,429.0799865722656,200.74000549316406,129.2899932861328,148.97000122070312,557.6699829101562,663.75,278.260009765625,-3958.419921875,0,-0.23815379774160228,-0.09992236178562937,0.7556408467523985,0.9882284851113128,0.1449966362858018,-0.04297054715496935,0.023107764011373173
1765375879.0826385,367.2900085449219,387.6000061035156,429.0799865722656,200.74000549316406,129.2899932861328,148.97000122070312,557.6699829101562,663.75,278.260009765625,-3958.419921875,0,-0.2326146731850874,-0.09758713367117114,0.7380426097541566,-0.9855430455712233,-0.15602931057123698,0.06490113978599596,0.01214914084784857
1765375879.2028623,367.2900085449219,387.6000061035156,429.0799865722656,200.74000549316406,129.2899932861328,148.97000122070312,557.6699829101562,663.75,278.260009765625,-3958.419921875,0,-0.23594301727705771,-0.0991711272128123,0.7499215044380566,0.988124497429301,0.14343069126747438,-0.03368896637708108,0.04361958192222567
1765375879.2364993,367.2900085449219,387.6000061035156,429.0799865722656,200.74000549316406,129.2899932861328,148.97000122070312,557.6699829101562,663.75,278.260009765625,-3958.419921875,0,-0.22993895778979093,-0.09685594162901795,0.7328003062385511,-0.9122323145825394,-0.13899735749664138,-0.3683432299011122,0.11329255856564605
1765375879.2894735,367.2900085449219,387.6000061035156,429.0799865722656,200.74000549316406,129.2899932861328,153.5399932861328,557.6699829101562,663.75,278.260009765625,-3958.419921875,0,-0.22766630978275348,-0.09577215834977724,0.72556871119293,-0.9110425493316257,-0.1377447145504746,-0.3770518519291093,0.09412633997755196
1765375879.496792,367.2900085449219,387.6000061035156,428.989990234375,200.74000549316406,129.2899932861328,166.89999389648438,557.6699829101562,663.75,278.260009765625,-3958.419921875,0,-0.2365061387965655,-0.09881462707960824,0.7534406605811419,0.9876370902326371,0.15459720824750722,-0.022371266195270252,0.013122791155356809
1765375879.5348272,367.2900085449219,387.6000061035156,428.989990234375,200.74000549316406,129.2899932861328,166.89999389648438,557.6699829101562,663.75,278.260009765625,-3958.419921875,0,-0.23265030308408216,-0.09675361311592677,0.7431344783321442,-0.9196479312913823,-0.14335377402252814,-0.35147278600791443,0.100817948009338
1765375879.573471,367.2900085449219,387.6000061035156,428.989990234375,200.74000549316406,129.2899932861328,166.89999389648438,557.6699829101562,663.75,278.260009765625,-3958.419921875,0,-0.22786509424078386,-0.0941468388669069,0.7291334259977512,-0.909688966296883,-0.13262287456241534,-0.3860282987120221,0.07654613206434493
1765375879.6074545,367.2900085449219,387.6000061035156,428.989990234375,200.74000549316406,129.2899932861328,166.89999389648438,557.6699829101562,663.75,278.260009765625,-3958.419921875,0,-0.23380688939218713,-0.09561059661721538,0.7495559443726459,0.9862691489622427,0.1577028810018405,-0.04281271298398933,0.023875483994328494
1765375879.681186,367.2900085449219,387.6000061035156,429.0799865722656,200.74000549316406,129.2899932861328,180.35000610351562,557.6699829101562,663.75,278.260009765625,-3958.419921875,0,-0.23035745651580025,-0.09016777388595384,0.755950053485623,0.988184520536364,0.1445351113425757,-0.044123786278361124,0.025574331779488
1765375879.7207236,367.2900085449219,387.6000061035156,429.0799865722656,200.74000549316406,129.2899932861328,180.35000610351562,557.6699829101562,663.75,278.260009765625,-3958.419921875,0,-0.23454937110736418,-0.09022342050718901,0.775486752494436,-0.9231171006117399,-0.1442883887187243,-0.34361190127091024,0.09469181983740436
1765375879.758477,367.2900085449219,387.6000061035156,429.0799865722656,200.74000549316406,129.2899932861328,180.35000610351562,557.6699829101562,663.75,278.260009765625,-3958.419921875,0,-0.23027765695419186,-0.0874284608716753,0.7668535749655039,-0.9220022427536124,-0.14272071184017782,-0.3529530234180138,0.07047571233570403
1765375879.7973957,367.2900085449219,387.6000061035156,429.0799865722656,200.74000549316406,129.2899932861328,180.35000610351562,557.6699829101562,663.75,278.260009765625,-3958.419921875,0,-0.23147358216105718,-0.08652707207873202,0.7770939507021496,-0.987758548002909,-0.15598581871974057,-0.0002886010016074995,0.0011797944648093178
1765375879.832963,367.2900085449219,387.6000061035156,429.0799865722656,200.74000549316406,129.2899932861328,180.35000610351562,557.6699829101562,663.75,278.260009765625,-3958.419921875,0,-0.22654078401344985,-0.08350734131188417,0.7663379673062635,-0.9342353344441863,-0.14484427936219335,-0.31705113835535026,0.07551854262088924
1765375879.9075553,367.2900085449219,387.6000061035156,428.989990234375,200.74000549316406,129.2899932861328,193.6199951171875,557.6699829101562,663.75,278.260009765625,-3958.419921875,0,-0.22510732715396847,-0.0794652193742851,0.7763332858991031,0.987451678093354,0.14808764937574503,-0.046805510833424074,0.02860901411457517
1765375880.0670495,367.2900085449219,387.6000061035156,428.989990234375,200.74000549316406,129.2899932861328,193.6199951171875,557.6699829101562,663.75,278.260009765625,-3958.419921875,0,-0.2174012944488739,-0.07145471283508462,0.7672051486689898,-0.9280720977111537,-0.14427078092708068,-0.33871615063287835,0.05603117454733883
1765375880.1118948,367.2900085449219,387.6000061035156,429.0799865722656,200.8300018310547,129.2899932861328,207.16000366210938,557.6699829101562,663.75,278.260009765625,-3958.419921875,0,-0.22019466045975536,-0.0708737736841935,0.780239098649679,0.9889700737880934,0.14499549417334526,-0.02517835278273616,0.016749637970680714
1765375880.2729614,367.2900085449219,387.6000061035156,428.989990234375,200.74000549316406,129.3699951171875,220.52000427246094,557.6699829101562,663.75,278.260009765625,-3958.419921875,0,-0.2089532710172774,-0.056485641762354016,0.7698560847846462,-0.9877071900131005,-0.1503607048394791,0.042506190927293436,0.0044032907526782355
1765375880.3803098,367.2900085449219,387.6000061035156,428.989990234375,200.74000549316406,129.3699951171875,220.52000427246094,557.6699829101562,663.75,278.260009765625,-3958.419921875,0,-0.20791022059620898,-0.051400506901696424,0.7831564085296266,-0.9883537843514283,-0.1455481420507143,0.04421030074419219,0.004240826794809081
1765375880.417522,367.2900085449219,387.6000061035156,428.989990234375,200.74000549316406,129.3699951171875,220.52000427246094,557.6699829101562,663.75,278.260009765625,-3958.419921875,0,-0.2035459532096142,-0.04892766037168195,0.7733423284530644,-0.926013635066794,-0.1331309564947386,-0.35158870628264305,0.03406284937693649
1765375880.4567714,367.2900085449219,387.6000061035156,428.989990234375,200.74000549316406,129.3699951171875,220.52000427246094,557.6699829101562,663.75,278.260009765625,-3958.419921875,0,-0.20732829285269172,-0.04824482805809893,0.7941783594691031,-0.947862312102299,-0.13861905158157786,-0.28365130741208194,0.04340197735270128
1765375880.5093508,367.2900085449219,387.6000061035156,428.989990234375,200.74000549316406,129.3699951171875,233.52999877929688,557.6699829101562,663.75,278.260009765625,-3958.419921875,0,-0.20306784772721928,-0.04537661341363409,0.7840612185900664,-0.9837736540906936,-0.1640249743855003,0.033768195453600235,0.06438100861812969
1765375880.5895822,367.2900085449219,387.6000061035156,428.989990234375,200.74000549316406,129.3699951171875,233.52999877929688,557.6699829101562,663.75,278.260009765625,-3958.419921875,0,-0.20313405716567492,-0.042130183606457206,0.7973674446656254,-0.9458900794555691,-0.13293670504408045,-0.29563652746010466,0.014793027779701522
1765375880.623618,367.2900085449219,387.6000061035156,428.989990234375,200.74000549316406,129.3699951171875,233.52999877929688,557.6699829101562,663.75,278.260009765625,-3958.419921875,0,-0.19758441990208256,-0.03944613446713394,0.7807808751168706,0.9867950462752768,0.1469862829010254,-0.06619734937980347,0.015763255393553534
1765375880.6638308,367.2900085449219,387.6000061035156,428.989990234375,200.74000549316406,129.3699951171875,233.52999877929688,557.6699829101562,663.75,278.260009765625,-3958.419921875,0,-0.20261535381197876,-0.03869851678944617,0.8064329957809169,-0.9884213454743426,-0.14734857323232828,0.026554459671783354,0.024627270425834315
1765375880.7050593,367.2900085449219,387.6000061035156,428.989990234375,200.74000549316406,129.3699951171875,236.50999450683594,557.6699829101562,663.75,278.260009765625,-3958.419921875,0,-0.19895826191216928,-0.035739268335579125,0.7987967606350825,-0.9860855106976765,-0.15996984816198354,-0.02732204847664233,0.03603496826937167
1765375880.9369984,367.2900085449219,387.6000061035156,429.0799865722656,200.74000549316406,129.2899932861328,236.50999450683594,557.6699829101562,663.75,278.260009765625,-3958.419921875,0,-0.19706418289970826,-0.03870456971551394,0.7770837324223077,0.9872215046893847,0.1465999347143259,-0.05088077403549884,0.03623957304013065
1765375881.1732688,367.2900085449219,387.6000061035156,428.989990234375,200.74000549316406,129.2899932861328,236.50999450683594,557.6699829101562,663.75,278.260009765625,-3958.419921875,0,-0.20597083665259788,-0.04156733504446297,0.7920307812617492,-0.9876849749127855,-0.15061566383758004,-0.0288539217306388,0.030996182652992046
1765375881.4095976,367.2900085449219,387.6000061035156,428.989990234375,200.74000549316406,129.3699951171875,236.50999450683594,557.6699829101562,663.75,278.260009765625,-3958.419921875,0,-0.20080966935620356,-0.03941815193198632,0.7802405545547166,0.9889607647551008,0.14457763228955756,-0.02673745855584754,0.018412558934767474
1765375881.9321234,367.2900085449219,387.6000061035156,428.989990234375,200.74000549316406,129.2899932861328,236.50999450683594,557.6699829101562,663.75,278.260009765625,-3958.419921875,0,-0.20366363217686595,-0.040421677108889546,0.7919311989604085,-0.9876545610826443,-0.1506609354757841,-0.028971964891625714,0.03162871708636468
1765375882.0301914,367.2900085449219,387.6000061035156,428.989990234375,200.74000549316406,129.2899932861328,236.50999450683594,557.6699829101562,663.75,278.260009765625,-3958.419921875,0,-0.20124241757175104,-0.040010730110258456,0.7808302735084809,0.9889676511348215,0.14423770121685403,-0.026403966553353544,0.021007167986213934
1765375882.1512456,367.2900085449219,387.6000061035156,428.989990234375,200.74000549316406,129.3699951171875,236.50999450683594,557.6699829101562,663.75,278.260009765625,-3958.419921875,0,-0.20770910341424326,-0.04155495951262325,0.8054593057758701,0.9866244287316288,0.1427064808128864,0.07850202775112043,0.006672975569478187
1765375882.2270365,367.2900085449219,387.6000061035156,428.989990234375,200.74000549316406,129.3699951171875,236.50999450683594,557.6699829101562,663.75,278.260009765625,-3958.419921875,0,-0.20009213788425678,-0.04007683957538043,0.777199969712528,-0.940515426844939,-0.14851576394212984,-0.3015135556428877,0.04963240363866081
1765375882.320991,367.2900085449219,387.6000061035156,428.989990234375,200.74000549316406,129.2899932861328,236.50999450683594,557.6699829101562,664.010009765625,278.260009765625,-3958.419921875,0,-0.20433256917916326,-0.040782710121264096,0.7936105115883221,-0.9614511647995841,-0.14082330995933973,-0.23085882977925398,0.049846301673968814
1765375882.3616068,367.2900085449219,387.6000061035156,428.989990234375,200.74000549316406,129.2899932861328,236.50999450683594,557.6699829101562,664.010009765625,278.260009765625,-3958.419921875,0,-0.20187665801141885,-0.04015982306173572,0.783861748718815,0.9897935959981976,0.1425069655975594,0.000597637152390399,0.0002119126403616347
1765375882.493738,367.2900085449219,387.6000061035156,428.989990234375,200.74000549316406,129.2899932861328,236.50999450683594,557.6699829101562,672.6300048828125,278.260009765625,-3958.419921875,0,-0.20124241757175104,-0.040010730110258456,0.7808302735084809,0.9889676511348215,0.14423770121685403,-0.026403966553353544,0.021007167986213934
1765375882.6184208,367.2900085449219,387.6000061035156,428.989990234375,200.74000549316406,129.2899932861328,236.50999450683594,557.6699829101562,672.6300048828125,278.260009765625,-3958.419921875,0,-0.2059139807743523,-0.04307709433287237,0.801245948008693,0.9886658478052055,0.14413665352695734,0.02330095785889914,0.03495041997633238
1765375882.6934094,367.2900085449219,387.6000061035156,428.989990234375,200.74000549316406,129.2899932861328,236.50999450683594,557.6699829101562,685.719970703125,278.260009765625,-3958.419921875,0,-0.20761101836778287,-0.052942888790154095,0.8205610759048055,-0.9777347347492057,-0.1530774262423625,-0.10882066990039574,0.09359568281894114
1765375882.7661884,367.2900085449219,387.6000061035156,428.989990234375,200.74000549316406,129.2899932861328,236.50999450683594,557.6699829101562,685.719970703125,278.260009765625,-3958.419921875,0,-0.2020258213801628,-0.060961788825660224,0.8112583306845239,-0.9695161290287929,-0.1551376097240375,-0.17950338307196673,0.06123179784928718
1765375882.8666346,367.2900085449219,387.6000061035156,428.989990234375,200.74000549316406,129.2899932861328,236.50999450683594,557.6699829101562,685.719970703125,278.260009765625,-3958.419921875,0,-0.19587104349700182,-0.07121544461218536,0.8050488938095679,-0.9803101725196061,-0.1684426636572601,-0.058954412084214466,0.08451870804994774
1765375882.9041996,367.2900085449219,387.6000061035156,428.989990234375,200.74000549316406,129.2899932861328,236.50999450683594,557.6699829101562,698.9099731445312,278.260009765625,-3958.419921875,0,-0.19658000615641272,-0.07438366524201935,0.8128362206355545,-0.9720494375889279,-0.16613936640164984,-0.12392055165798267,0.11027827842094953
1765375882.9744234,367.2900085449219,387.6000061035156,428.989990234375,200.74000549316406,129.2899932861328,236.50999450683594,557.6699829101562,698.9099731445312,278.260009765625,-3958.419921875,0,-0.18997959161272376,-0.07813523035930658,0.7942955043246288,-0.9830491085432824,-0.17384666656250283,0.0008546950472457926,0.0582327761122543
1765375883.0189471,367.2900085449219,387.6000061035156,428.989990234375,200.74000549316406,129.2899932861328,236.50999450683594,557.6699829101562,698.9099731445312,278.260009765625,-3958.419921875,0,-0.19270611437935786,-0.08211257748483757,0.8095634665616495,-0.9652791292863881,-0.15894670196877325,-0.20487482603630705,0.03159832517643022
1765375883.1009488,367.2900085449219,387.6000061035156,428.989990234375,200.74000549316406,129.2899932861328,236.50999450683594,557.6699829101562,712.0900268554688,278.260009765625,-3958.419921875,0,-0.18754941513841641,-0.08557571665200979,0.7942815650768896,-0.9837798856901346,-0.17560684634507678,0.021998548629869486,0.029247835585244034
1765375883.2385926,367.2900085449219,387.6000061035156,428.989990234375,200.74000549316406,129.2899932861328,236.50999450683594,557.6699829101562,712.0900268554688,278.260009765625,-3958.419921875,0,-0.1842700729613617,-0.09594794348214021,0.7949417159354167,-0.9837352420246339,-0.1758135579632933,0.02074680857323982,0.030399611330542718
1765375883.2896793,367.2900085449219,387.6000061035156,428.989990234375,200.74000549316406,129.2899932861328,236.50999450683594,557.6699829101562,725.3599853515625,278.260009765625,-3958.419921875,0,-0.18402466971816342,-0.09879881067884962,0.7972441290595745,-0.9595841439596833,-0.15578812031000366,-0.2331142052129003,0.024209493166843465
1765375883.3969135,367.2900085449219,387.6000061035156,428.989990234375,200.74000549316406,129.2899932861328,236.50999450683594,557.6699829101562,725.3599853515625,278.260009765625,-3958.419921875,0,-0.18257035729726057,-0.11125410119056028,0.8053772652307518,-0.9589063595828966,-0.1657390439050685,-0.22652862142865027,0.0413998375666579
1765375883.4614563,367.2900085449219,387.6000061035156,428.989990234375,200.74000549316406,129.2899932861328,236.50999450683594,557.6699829101562,725.3599853515625,278.260009765625,-3958.419921875,0,-0.17636980925614001,-0.11908997143357358,0.7909376646268816,-0.979173895488048,-0.1910369243221226,0.03958953169836376,0.05617868741977862
1765375883.496189,367.2900085449219,387.6000061035156,428.989990234375,200.74000549316406,129.2899932861328,236.50999450683594,557.6699829101562,738.280029296875,278.260009765625,-3958.419921875,0,-0.17800576526551984,-0.12383081465489663,0.8024103390599842,-0.9604524091559049,-0.17450585171612404,-0.1949025447035296,0.09535132684728236
1765375883.6304622,367.2900085449219,387.6000061035156,428.989990234375,200.74000549316406,129.2899932861328,236.50999450683594,557.6699829101562,738.280029296875,278.260009765625,-3958.419921875,0,-0.17192571047095317,-0.13158361280452235,0.790927246668085,-0.961614804470248,-0.20198056576095524,-0.08677887881028845,0.16422620092713713
1765375883.6703024,367.2900085449219,387.6000061035156,428.989990234375,200.74000549316406,129.2899932861328,236.50999450683594,557.6699829101562,738.280029296875,278.260009765625,-3958.419921875,0,-0.16766262511681213,-0.13315763799957342,0.7792217745013179,-0.9581727206813437,-0.17397402627380482,-0.21652755150880482,0.06894849499296711
1765375883.7222545,367.2900085449219,387.6000061035156,428.989990234375,200.74000549316406,129.2899932861328,236.50999450683594,557.6699829101562,741.6199951171875,278.260009765625,-3958.419921875,0,-0.16562595765643823,-0.13228968228212776,0.7708225723239163,-0.9775963021973587,-0.20199925928443413,-0.01703097589392104,0.05667199518890217
1765375883.7702942,367.2900085449219,387.6000061035156,428.989990234375,200.74000549316406,129.2899932861328,236.50999450683594,557.6699829101562,741.6199951171875,278.260009765625,-3958.419921875,0,-0.16221768918775198,-0.12939781742556733,0.7555118869546107,-0.9786954785205418,-0.19368202692410313,0.05625390296191453,0.03844387040309953
1765375883.8166091,367.2900085449219,387.6000061035156,428.989990234375,200.74000549316406,129.2899932861328,236.50999450683594,557.6699829101562,741.6199951171875,278.260009765625,-3958.419921875,0,-0.16560043924236775,-0.1311594874239136,0.7707033562097454,-0.9775810107030204,-0.20204716152200144,-0.01668121273379583,0.056868701194008255
1765375883.8549023,367.2900085449219,387.6000061035156,428.989990234375,200.74000549316406,129.2899932861328,236.50999450683594,557.6699829101562,741.6199951171875,278.260009765625,-3958.419921875,0,-0.16954564790099444,-0.13033370982307055,0.7831512759942783,0.9824628448765764,0.18645747062335738,0.0004037339607743244,0.0004550655480757956
1765375883.8959415,367.2900085449219,387.6000061035156,428.989990234375,200.74000549316406,129.2899932861328,236.50999450683594,557.6699829101562,741.6199951171875,278.260009765625,-3958.419921875,0,-0.16587125343246928,-0.1257236581158237,0.7655087801243212,-0.9770455546182029,-0.1959825450487105,0.014880888812728614,0.08216681437893121
1765375884.009209,367.2900085449219,387.6000061035156,428.989990234375,200.74000549316406,129.2899932861328,236.50999450683594,557.6699829101562,741.6199951171875,278.260009765625,-3958.419921875,0,-0.1650435422365227,-0.12115125415545969,0.7551244606001244,-0.9382827419754376,-0.16991869007099178,-0.2916914745103463,0.07529421341373192
1765375884.1237915,367.2900085449219,387.6000061035156,428.989990234375,200.74000549316406,129.2899932861328,236.50999450683594,557.6699829101562,741.6199951171875,278.260009765625,-3958.419921875,0,-0.1729290534307599,-0.12768106944338897,0.787689690050921,-0.9824865040787527,-0.18098232056204464,-0.04236037626280357,0.013086919804215908
1765375884.169339,367.2900085449219,387.6000061035156,428.989990234375,200.74000549316406,129.2899932861328,236.50999450683594,557.6699829101562,741.6199951171875,278.260009765625,-3958.419921875,0,-0.16764806481464506,-0.12441681781869049,0.7642221582280495,-0.9792871566539928,-0.19360325536615963,-0.014480191367530301,0.05748711492259417
1765375884.3325365,367.2900085449219,387.6000061035156,428.989990234375,200.74000549316406,129.2899932861328,236.50999450683594,557.6699829101562,741.6199951171875,278.260009765625,-3958.419921875,0,-0.1640906973688439,-0.12270701449152678,0.7513688471622189,-0.939437748628986,-0.17561038506836235,-0.27663733744424207,0.1004464665321996
1765375884.370445,367.2900085449219,387.6000061035156,428.989990234375,200.74000549316406,129.2899932861328,236.50999450683594,557.6699829101562,741.6199951171875,278.260009765625,-3958.419921875,0,-0.17069451428207286,-0.12681478199836346,0.7807809729025549,-0.968156408965429,-0.19409375892316594,-0.11605943022575742,0.1073824435460174
1765375884.4086137,367.2900085449219,387.6000061035156,428.989990234375,200.74000549316406,129.2899932861328,236.50999450683594,557.6699829101562,741.6199951171875,278.260009765625,-3958.419921875,0,-0.16627129095641036,-0.12335885140079432,0.7610386655827817,-0.9798133727095201,-0.1968028138959175,0.015659292845815666,0.031451449089239934
1765375884.8071496,367.2900085449219,387.6000061035156,428.989990234375,200.74000549316406,129.2899932861328,236.50999450683594,557.6699829101562,741.6199951171875,278.260009765625,-3958.419921875,0,-0.1712777425857634,-0.1262684565868288,0.7808761494780239,-0.9683829277888389,-0.19406329934914057,-0.11558284814991193,0.10589875460267087
1765375884.8604672,367.2900085449219,387.6000061035156,428.989990234375,200.74000549316406,129.2899932861328,236.50999450683594,557.6699829101562,741.6199951171875,278.260009765625,-3958.419921875,0,-0.16875384786881156,-0.12437058121801259,0.7698936191186808,-0.9775601450008659,-0.20235299565432813,-0.014019211952573375,0.05685850641578979
1765375884.948054,367.2900085449219,387.6000061035156,428.989990234375,200.74000549316406,129.2899932861328,236.50999450683594,557.6699829101562,741.6199951171875,278.260009765625,-3958.419921875,0,-0.16408023378289927,-0.12161773091902825,0.751321176765719,-0.9395797983225593,-0.1756753605565718,-0.27654896664178014,0.09924031099720056
1765375884.9853055,367.2900085449219,387.6000061035156,428.989990234375,200.74000549316406,129.2899932861328,236.50999450683594,557.6699829101562,741.6199951171875,278.260009765625,-3958.419921875,0,-0.16627129095641036,-0.12335885140079432,0.7610386655827817,-0.9798133727095201,-0.1968028138959175,0.015659292845815666,0.031451449089239934
1765375885.1117008,367.2900085449219,387.6000061035156,428.989990234375,200.74000549316406,129.2899932861328,236.50999450683594,559.4199829101562,741.6199951171875,278.260009765625,-3958.419921875,0,-0.1712777425857634,-0.1262684565868288,0.7808761494780239,-0.9683829277888389,-0.19406329934914057,-0.11558284814991193,0.10589875460267087
1765375885.2013729,367.2900085449219,387.6000061035156,428.989990234375,200.74000549316406,129.2899932861328,236.50999450683594,559.4199829101562,741.6199951171875,278.260009765625,-3958.419921875,0,-0.16763465470503677,-0.12385667665575283,0.7641608048963697,-0.9792810253799825,-0.19362404492298568,-0.014302011554338108,0.05756609265784311
1765375885.307378,367.2900085449219,387.6000061035156,428.989990234375,200.74000549316406,129.2899932861328,236.50999450683594,569.530029296875,740.739990234375,278.260009765625,-3958.419921875,0,-0.1680945263187208,-0.1288029614785706,0.771588646194227,-0.9506274337681665,-0.17809275726904392,-0.2516365108293717,0.035630301616450845
1765375885.35106,367.2900085449219,387.6000061035156,428.989990234375,200.74000549316406,129.2899932861328,236.50999450683594,569.530029296875,740.739990234375,278.260009765625,-3958.419921875,0,-0.1700926935091867,-0.1342969174702446,0.7850608900069064,-0.9739550614562773,-0.19653733242763718,-0.047379844440605785,0.10266336039070398
1765375885.3964608,367.2900085449219,387.6000061035156,428.989990234375,200.74000549316406,129.2899932861328,236.50999450683594,569.530029296875,740.739990234375,278.260009765625,-3958.419921875,0,-0.16410014194515926,-0.13188906982991766,0.761425650955239,-0.9464846786215202,-0.18114389874802855,-0.24953370315789622,0.09532351267860734
1765375885.4971485,367.2900085449219,387.6000061035156,428.989990234375,200.74000549316406,129.3699951171875,236.50999450683594,582.1900024414062,740.739990234375,278.260009765625,-3958.419921875,0,-0.16355521882623836,-0.13631534818053537,0.7668869241300369,-0.9749412147390334,-0.21159598691724896,0.056516042896254476,0.039021827469279895
1765375885.536822,367.2900085449219,387.6000061035156,428.989990234375,200.74000549316406,129.3699951171875,236.50999450683594,582.1900024414062,740.739990234375,278.260009765625,-3958.419921875,0,-0.16599037544166567,-0.13992507910575339,0.7816561053360898,-0.9786912558863673,-0.20217612316658445,0.014208964891789853,0.03295976622488508
1765375885.5806131,367.2900085449219,387.6000061035156,428.989990234375,200.74000549316406,129.3699951171875,236.50999450683594,582.1900024414062,740.739990234375,278.260009765625,-3958.419921875,0,-0.16198329419629123,-0.13807478296333858,0.7676271076907789,-0.945174745269518,-0.1893355442767935,-0.24765828353201122,0.09727346594056406
1765375885.6820588,367.2900085449219,387.6000061035156,428.989990234375,200.74000549316406,129.2899932861328,236.50999450683594,594.9299926757812,740.739990234375,278.260009765625,-3958.419921875,0,-0.16420096096416384,-0.14351017790621254,0.7859260933667518,-0.9781794248162599,-0.19809577089579705,-0.020616450343494113,0.05914423382347098
1765375885.8083854,367.2900085449219,387.6000061035156,428.989990234375,200.74000549316406,129.2899932861328,236.50999450683594,594.9299926757812,740.739990234375,278.260009765625,-3958.419921875,0,-0.15678011352880838,-0.14272729362070954,0.7628312960974843,-0.9729840079731954,-0.22049314789475405,0.03311066392948998,0.05990472347008484
1765375885.9014623,367.2900085449219,387.6000061035156,428.989990234375,200.74000549316406,129.2899932861328,236.50999450683594,608.030029296875,740.739990234375,278.260009765625,-3958.419921875,0,0.0,0.0,0.014937106918238994,-0.9313152821909844,-0.19212232364299825,-0.29927170563799865,0.07859582762504237
1765375885.9777677,367.2900085449219,387.6000061035156,428.989990234375,200.74000549316406,129.2899932861328,236.50999450683594,608.030029296875,740.739990234375,278.260009765625,-3958.419921875,0,0.0,0.0,0.02880970432145565,-0.9667384877153371,-0.22335241073556983,-0.012539086330467745,0.12398858133904714
1765375886.0537903,367.2900085449219,387.6000061035156,428.989990234375,200.74000549316406,129.2899932861328,236.50999450683594,608.030029296875,740.739990234375,278.260009765625,-3958.419921875,0,0.0,0.0,0.08867775138558986,-0.9677768561150176,-0.2317101978231507,0.05127357963486098,0.08419834335850379
1765375886.100518,367.2900085449219,387.6000061035156,428.989990234375,200.74000549316406,129.2899932861328,236.50999450683594,620.9500122070312,740.739990234375,278.260009765625,-3958.419921875,0,0.0,0.0,0.11499611499611499,-0.9566761069443684,-0.23907683025344784,-0.023586153690101242,0.16448947988196197
1765375886.2271216,367.2900085449219,387.6000061035156,428.989990234375,200.74000549316406,129.2899932861328,236.50999450683594,620.9500122070312,740.739990234375,278.260009765625,-3958.419921875,0,-0.1517071542383087,-0.16951674328858082,0.7879474986152261,-0.9534651837095114,-0.23398098700287012,-0.06873192333180123,0.1772934400649443
1765375886.265602,367.2900085449219,387.6000061035156,428.989990234375,200.74000549316406,129.2899932861328,236.50999450683594,620.9500122070312,740.739990234375,278.260009765625,-3958.419921875,0,0.0,0.0,0.1421875,-0.9680581499814769,-0.2344519858885965,0.0005214036027308608,0.08885613487889818
1765375886.3044505,367.2900085449219,387.6000061035156,428.989990234375,200.74000549316406,129.2899932861328,236.50999450683594,633.4299926757812,740.739990234375,278.260009765625,-3958.419921875,0,0.0,0.0,0.11727912431587177,-0.9566508959969527,-0.25501265600304995,0.014804972611021174,0.13988717329506867
1765375886.3549948,367.2900085449219,387.6000061035156,428.989990234375,200.74000549316406,129.2899932861328,236.50999450683594,633.4299926757812,740.739990234375,278.260009765625,-3958.419921875,0,0.0,0.0,0.14251592356687898,-0.9369480724563711,-0.20539188044085763,-0.2717061337893315,0.07821931878067777
1765375886.407613,367.2900085449219,387.6000061035156,428.989990234375,200.74000549316406,129.2899932861328,236.50999450683594,633.4299926757812,740.739990234375,278.260009765625,-3958.419921875,0,0.0,0.0,0.1559778305621536,-0.964476376802852,-0.2371255527351536,0.02783513956540224,0.11305748906934747
1765375886.4603817,367.2900085449219,387.6000061035156,428.989990234375,200.74000549316406,129.2899932861328,236.50999450683594,633.4299926757812,740.739990234375,278.260009765625,-3958.419921875,0,0.0,0.0,0.17546583850931677,-0.9616555928183389,-0.24902971177196198,0.027173054116387624,0.11164384705827086
1765375886.5020423,367.2900085449219,387.6000061035156,428.989990234375,200.74000549316406,129.2899932861328,236.50999450683594,635.5399780273438,740.739990234375,278.260009765625,-3958.419921875,0,0.0,0.0,0.13380281690140844,-0.9615707099834457,-0.23946066425857038,-0.030897885486044795,0.13071220542576698
1765375886.5862262,367.2900085449219,387.6000061035156,428.989990234375,200.74000549316406,129.2899932861328,236.50999450683594,635.5399780273438,740.739990234375,278.260009765625,-3958.419921875,0,0.0,0.0,0.11834319526627218,-0.9368627246628899,-0.21174905466375094,-0.2646985009868731,0.08593763181247555
1765375886.6384175,367.2900085449219,387.6000061035156,428.989990234375,200.74000549316406,129.2899932861328,236.50999450683594,635.5399780273438,740.739990234375,278.260009765625,-3958.419921875,0,0.0,0.0,0.10281065088757396,-0.9578879183472615,-0.24836526947397217,0.009160334685008601,0.14381069873945398
1765375886.6959693,367.2900085449219,387.6000061035156,428.989990234375,200.74000549316406,129.2899932861328,236.50999450683594,635.5399780273438,740.739990234375,278.260009765625,-3958.419921875,0,0.0,0.0,0.035179640718562874,-0.9585283510870414,-0.26073647587133086,0.027193629045317493,0.11180517363656425
1765375886.7414248,367.2900085449219,387.6000061035156,428.989990234375,200.74000549316406,129.2899932861328,236.50999450683594,635.5399780273438,740.739990234375,278.260009765625,-3958.419921875,0,0.0,0.0,0.05034324942791762,-0.9383670373202717,-0.2102763977711564,-0.2710182320069743,0.04242944415115603
1765375886.7929769,367.2900085449219,387.6000061035156,428.989990234375,200.74000549316406,129.2899932861328,236.50999450683594,635.5399780273438,740.739990234375,278.260009765625,-3958.419921875,0,0.0,0.0,0.015527950310559006,-0.961559118943482,-0.24900348195105515,0.027597394102635425,0.1124264674871053
1765375886.8364239,367.2900085449219,387.6000061035156,428.989990234375,200.74000549316406,129.2899932861328,236.50999450683594,635.5399780273438,740.739990234375,278.260009765625,-3958.419921875,0,0.0,0.0,0.05234375,-0.9348764767501823,-0.2173626272740724,-0.2694302890533988,0.07852885345069556
1765375886.8886409,367.2900085449219,387.6000061035156,428.989990234375,200.74000549316406,129.2899932861328,236.50999450683594,635.5399780273438,740.739990234375,278.260009765625,-3958.419921875,0,0.0,0.0,0.08946171341925702,-0.9260845405897213,-0.20932178205581645,-0.3039536774245888,0.07851100061629072
1765375886.9393702,367.2900085449219,387.6000061035156,428.989990234375,200.74000549316406,129.2899932861328,236.50999450683594,635.5399780273438,740.739990234375,278.260009765625,-3958.419921875,0,0.0,0.0,0.1092814371257485,-0.9617716314033973,-0.2555435300403125,0.04774657046115105,0.08609935128316712
1765375887.183924,367.2900085449219,387.6000061035156,428.989990234375,200.74000549316406,129.2899932861328,236.50999450683594,635.5399780273438,740.739990234375,278.260009765625,-3958.419921875,0,0.0,0.0,0.08832335329341318,-0.9617728431852692,-0.255571683857042,0.04734801508555228,0.08622225924468771
1765375887.2252004,367.2900085449219,387.6000061035156,428.989990234375,200.74000549316406,129.2899932861328,236.50999450683594,635.5399780273438,740.739990234375,278.260009765625,-3958.419921875,0,0.0,0.0,0.109375,-0.9610955840258468,-0.25170289412079033,0.027380716238565528,0.11041389330830549
1765375887.2678685,367.2900085449219,387.6000061035156,428.989990234375,200.74000549316406,129.2899932861328,236.50999450683594,635.5399780273438,740.739990234375,278.260009765625,-3958.419921875,0,0.0,0.0,0.09361069836552749,-0.9554790180797508,-0.26849598343468084,0.06774078710556329,0.10188689145870398
1765375887.3922894,367.2900085449219,387.6000061035156,428.989990234375,200.74000549316406,129.2899932861328,236.50999450683594,635.5399780273438,740.739990234375,278.260009765625,-3958.419921875,0,0.0,0.0,0.10695587135377711,-0.9341385120969369,-0.22014438534603176,-0.27007651516487985,0.07733282468870054
1765375887.4808536,367.2900085449219,387.6000061035156,428.989990234375,200.74000549316406,129.2899932861328,236.50999450683594,635.5399780273438,740.739990234375,278.260009765625,-3958.419921875,0,0.0,0.0,0.07589285714285714,-0.9610953333628395,-0.2517007648436816,0.027645512259814684,0.11035493109585345
1765375887.5783248,367.2900085449219,387.6000061035156,428.989990234375,200.74000549316406,129.2899932861328,236.50999450683594,635.5399780273438,740.739990234375,278.260009765625,-3958.419921875,0,0.0,0.0,0.09478324761204997,-0.957982026854797,-0.2596278344579274,0.0667485626387652,0.10202182699560247
1765375887.854028,367.2900085449219,387.6000061035156,428.989990234375,200.74000549316406,129.2899932861328,236.50999450683594,635.5399780273438,740.739990234375,278.260009765625,-3958.419921875,0,0.0,0.0,0.10695587135377711,-0.9341385120969369,-0.22014438534603176,-0.27007651516487985,0.07733282468870054
1765375887.8998032,367.2900085449219,387.6000061035156,428.989990234375,200.74000549316406,129.2899932861328,239.85000610351562,635.5399780273438,740.3900146484375,278.260009765625,-3958.419921875,0,0.0,0.0,0.0987284966342558,-0.9341385120969369,-0.22014438534603176,-0.27007651516487985,0.07733282468870054
1765375888.0294347,367.2900085449219,387.6000061035156,428.989990234375,200.74000549316406,129.2899932861328,239.85000610351562,635.5399780273438,740.3900146484375,278.260009765625,-3958.419921875,0,0.0,0.0,0.12329803328290469,-0.9396021221972704,-0.22483022875550554,-0.2527329598447154,0.05220413018394652
1765375888.0741465,367.2900085449219,387.6000061035156,428.989990234375,200.74000549316406,129.2899932861328,253.2100067138672,634.8300170898438,740.3900146484375,278.260009765625,-3958.419921875,0,0.0,0.0,0.15194610778443113,-0.961749940574541,-0.25552688070954904,0.04800620038310738,0.0862465637836767
1765375888.1203117,367.2900085449219,387.6000061035156,428.989990234375,200.74000549316406,129.2899932861328,253.2100067138672,634.8300170898438,740.3900146484375,278.260009765625,-3958.419921875,0,0.0,0.0,0.10248447204968944,-0.9622513281782835,-0.25284983515900944,0.05029689033747741,0.08723282124046527
1765375888.2023087,367.2900085449219,387.6000061035156,428.989990234375,200.74000549316406,129.2899932861328,253.2100067138672,634.8300170898438,740.3900146484375,278.260009765625,-3958.419921875,0,0.0,0.0,0.09105560032232071,-0.9365504217952247,-0.21518472231063726,-0.2682516851665367,0.06789606855035124
1765375888.242169,367.2900085449219,387.6000061035156,428.989990234375,200.74000549316406,129.2899932861328,253.2100067138672,634.8300170898438,740.3900146484375,278.260009765625,-3958.419921875,0,0.0,0.0,0.04526748971193416,-0.9590992346043402,-0.25123002458242205,0.07681987607703382,0.10540796729466695
1765375888.280314,367.2900085449219,387.6000061035156,428.989990234375,200.74000549316406,129.2899932861328,266.8399963378906,634.8300170898438,740.3900146484375,278.260009765625,-3958.419921875,0,0.0,0.0,0.07711038961038962,-0.9594978422991053,-0.25523977344129767,0.03873892361905748,0.11276455326844986
1765375888.316657,367.2900085449219,387.6000061035156,428.989990234375,200.74000549316406,129.2899932861328,266.8399963378906,634.8300170898438,740.3900146484375,278.260009765625,-3958.419921875,0,0.0,0.0,0.11333333333333333,-0.9585624002817169,-0.2545642873455836,0.09575247654426204,0.08477388518894989
1765375888.354289,367.2900085449219,387.6000061035156,428.989990234375,200.74000549316406,129.2899932861328,266.8399963378906,634.8300170898438,740.3900146484375,278.260009765625,-3958.419921875,0,0.0,0.0,0.10126582278481013,-0.9597523592501062,-0.25236578960745537,0.04420432053691986,0.11503432181540478
1765375888.3937795,367.2900085449219,387.6000061035156,428.989990234375,200.74000549316406,129.2899932861328,266.8399963378906,634.8300170898438,740.3900146484375,278.260009765625,-3958.419921875,0,0.0,0.0,0.006751054852320675,-0.959624085586493,-0.25204235212897835,0.04819435599051701,0.11521098535399504
1765375888.4373136,367.2900085449219,387.6000061035156,428.989990234375,200.74000549316406,129.2899932861328,266.8399963378906,634.8300170898438,740.3900146484375,278.260009765625,-3958.419921875,0,0.0,0.0,0.03713080168776371,-0.9623599232731948,-0.24982096842551316,0.08374694635239317,0.06662815312763118
1765375888.4759705,367.2900085449219,387.6000061035156,428.989990234375,200.74000549316406,129.2899932861328,280.2799987792969,634.8300170898438,740.3900146484375,278.260009765625,-3958.419921875,0,0.0,0.0,0.16033755274261605,-0.9598584704536037,-0.25147053266584235,0.05016840458145213,0.1136548242749846
1765375888.5158126,367.2900085449219,387.6000061035156,428.989990234375,200.74000549316406,129.2899932861328,280.2799987792969,634.8300170898438,740.3900146484375,278.260009765625,-3958.419921875,0,0.0,0.0,0.17926932880203908,-0.9620845220177187,-0.24961284584039317,0.08667424467630919,0.0676341259660335
1765375888.5531936,367.2900085449219,387.6000061035156,428.989990234375,200.74000549316406,129.2899932861328,280.2799987792969,634.8300170898438,740.3900146484375,278.260009765625,-3958.419921875,0,0.0,0.0,0.13839662447257384,-0.9590341743041003,-0.2515762376615839,0.05658771674317359,0.11730592258999195
1765375888.594382,367.2900085449219,387.6000061035156,428.989990234375,200.74000549316406,129.2899932861328,280.2799987792969,634.8300170898438,740.3900146484375,278.260009765625,-3958.419921875,0,0.0,0.0,0.046875,-0.9588139989309593,-0.24698983385641066,0.016439181484945085,0.1392892341055477
1765375888.6970627,367.2900085449219,387.6000061035156,429.0799865722656,200.74000549316406,129.2899932861328,293.82000732421875,634.8300170898438,740.3900146484375,278.260009765625,-3958.419921875,0,0.0,0.0,0.028499580888516344,-0.9435822600715743,-0.21519197117030725,-0.2507225331596776,0.021980568419675117
1765375888.7325287,367.2900085449219,387.6000061035156,429.0799865722656,200.74000549316406,129.2899932861328,293.82000732421875,634.8300170898438,740.3900146484375,278.260009765625,-3958.419921875,0,0.0,0.0,0.06244725738396625,0.959091260603587,0.22068829175444485,0.16361989767614557,0.06833125786033187
1765375888.8738985,367.2900085449219,387.6000061035156,428.989990234375,200.74000549316406,129.2899932861328,307.44000244140625,634.8300170898438,740.3900146484375,278.260009765625,-3958.419921875,0,0.0,0.0,0.01454234388366125,-0.9631226377768091,-0.24685695115393624,0.03315084117916766,0.10177156772860636
1765375888.9150496,367.2900085449219,387.6000061035156,428.989990234375,200.74000549316406,129.2899932861328,307.44000244140625,634.8300170898438,740.3900146484375,278.260009765625,-3958.419921875,0,-0.11933811117642552,-0.11076629629802576,0.8029070728110574,-0.9654136501651571,-0.23729076360416387,0.035740945850425386,0.1019419558997054
1765375888.953261,367.2900085449219,387.6000061035156,428.989990234375,200.74000549316406,129.2899932861328,307.44000244140625,634.8300170898438,740.3900146484375,278.260009765625,-3958.419921875,0,0.0,0.0,0.0017331022530329288,-0.962345409614514,-0.2374530005069011,0.0677891995092908,0.11363102381846546
1765375891.6439676,367.2900085449219,387.6000061035156,455.5400085449219,200.74000549316406,129.2899932861328,322.4700012207031,634.6599731445312,740.0399780273438,278.260009765625,-3958.419921875,0,-0.15693131992016882,-0.07850418318221257,0.8281983447118437,0.973264009533709,0.22968794322375943,0.0006007576627061952,0.0005055435078117235
1765375891.7134821,367.2900085449219,387.6000061035156,469.25,200.74000549316406,129.2899932861328,322.4700012207031,634.6599731445312,740.0399780273438,278.260009765625,-3958.419921875,0,-0.16218483135317216,-0.07707777014309738,0.8148619237834438,-0.9701523673221393,-0.23314397742646484,0.006186386513113512,0.06640782025429974
1765375891.7501314,367.2900085449219,387.6000061035156,469.25,200.74000549316406,129.2899932861328,322.4700012207031,634.6599731445312,740.0399780273438,278.260009765625,-3958.419921875,0,-0.16216011132780572,-0.07571367492686423,0.7988225918021499,-0.9703523338547515,-0.23816408113446144,0.027263564226465746,0.030836937359018934
1765375891.7901282,367.2900085449219,387.6000061035156,469.25,200.74000549316406,129.2899932861328,322.4700012207031,634.6599731445312,740.0399780273438,278.260009765625,-3958.419921875,0,-0.1613161858612389,-0.07417660352857279,0.7842096541762458,-0.9671906203971206,-0.23953115406489672,0.036550806299466464,0.07636208880740905
1765375891.8738527,367.2900085449219,387.6000061035156,483.2200012207031,200.74000549316406,129.2899932861328,322.4700012207031,634.6599731445312,740.0399780273438,278.260009765625,-3958.419921875,0,-0.16464766094893266,-0.07326529689564623,0.7805978859433493,-0.9653296486179842,-0.23747993364508807,0.026676437592308828,0.10502532214845764
1765375891.9100187,367.2900085449219,387.6000061035156,483.2200012207031,200.74000549316406,129.2899932861328,322.4700012207031,634.6599731445312,740.0399780273438,278.260009765625,-3958.419921875,0,-0.1676718987611874,-0.07365245922888256,0.790522812162666,0.9548306846455854,0.19991110386698058,0.21285712869083623,0.055006881164277786
1765375891.9492135,367.2900085449219,387.6000061035156,483.2200012207031,200.74000549316406,129.2899932861328,322.4700012207031,634.6599731445312,740.0399780273438,278.260009765625,-3958.419921875,0,-0.1657676210089248,-0.07173203194402973,0.7746654434379703,-0.9674220727988957,-0.22850621586281947,0.02782748729570233,0.10538061170988886
1765375892.0995007,367.2900085449219,387.6000061035156,496.4100036621094,200.74000549316406,129.2899932861328,322.4700012207031,634.6599731445312,740.0399780273438,278.260009765625,-3958.419921875,0,-0.1716192893956401,-0.07079201465097325,0.7903540972283623,0.9537264107131961,0.19969898080407764,0.21735548437196542,0.0572961079600098
1765375892.1396654,367.2900085449219,387.6000061035156,496.4100036621094,200.74000549316406,129.2899932861328,322.4700012207031,634.6599731445312,740.0399780273438,278.260009765625,-3958.419921875,0,-0.16795353448037176,-0.06815047483520419,0.7674483034379244,-0.9597420601703567,-0.2327828541620745,0.020304177706537075,0.15586873039766289
1765375892.2517915,367.2900085449219,387.6000061035156,496.4100036621094,200.74000549316406,129.2899932861328,322.4700012207031,634.6599731445312,740.0399780273438,278.260009765625,-3958.419921875,0,-0.17715436393845332,-0.06874551341116471,0.7899960818881837,-0.9686160631788593,-0.22515949197709903,0.02628431743945963,0.1019571477692686
1765375892.2892785,367.2900085449219,387.6000061035156,509.5899963378906,200.74000549316406,129.2899932861328,322.4700012207031,634.6599731445312,740.0399780273438,278.260009765625,-3958.419921875,0,-0.17607112085525145,-0.06731603407836947,0.7751793138051506,-0.9664700161252329,-0.22773638447837888,0.05117138918896572,0.10702025997015478
1765375892.3279946,367.2900085449219,387.6000061035156,509.5899963378906,200.74000549316406,129.2899932861328,322.4700012207031,634.6599731445312,740.0399780273438,278.260009765625,-3958.419921875,0,-0.1854718909098283,-0.069385595962612,0.8038845540687415,-0.9751502343445627,-0.2140892156197623,0.0040669278689371416,0.05684442198464457
1765375892.4406211,367.2900085449219,387.6000061035156,509.5899963378906,200.74000549316406,129.2899932861328,322.4700012207031,634.6599731445312,740.0399780273438,278.260009765625,-3958.419921875,0,-0.19844060479344713,-0.06906331064114517,0.8155532935327344,-0.9734704775116675,-0.20959765735877886,-0.007820448030822219,0.09144884928480754
1765375892.4795127,367.2900085449219,387.6000061035156,516.7100219726562,200.74000549316406,129.2899932861328,322.4700012207031,634.6599731445312,740.0399780273438,278.260009765625,-3958.419921875,0,-0.19423659496580062,-0.06614341677837135,0.7857801878167966,0.934759692504873,0.1815079159874755,0.289572647444116,0.09709209831023646
1765375892.5161626,367.2900085449219,387.6000061035156,516.7100219726562,200.74000549316406,129.2899932861328,322.4700012207031,634.6599731445312,740.0399780273438,278.260009765625,-3958.419921875,0,-0.2028137755625664,-0.06706313549186647,0.8037820101884725,-0.9753869847217628,-0.214130554257097,0.003986532418199879,0.052463733456693376
1765375892.5994039,367.2900085449219,387.6000061035156,516.7100219726562,200.74000549316406,129.2899932861328,322.4700012207031,634.6599731445312,740.0399780273438,278.260009765625,-3958.419921875,0,-0.20782859896687425,-0.0653892761265282,0.7941980565632547,-0.9701240069025564,-0.21225099757686197,-0.013776663288241148,0.11670102316431541
1765375892.6414492,367.2900085449219,387.6000061035156,516.7100219726562,200.74000549316406,129.2899932861328,322.4700012207031,634.6599731445312,740.0399780273438,278.260009765625,-3958.419921875,0,-0.2027782427545352,-0.0625496827164134,0.7664125532245682,-0.967842687277205,-0.2172053016002551,0.038394513938252585,0.12094730646122713
1765375892.6794438,367.2900085449219,387.6000061035156,516.7100219726562,200.74000549316406,129.2899932861328,322.4700012207031,634.6599731445312,740.0399780273438,278.260009765625,-3958.419921875,0,-0.20061472245131404,-0.06137897590552812,0.7483896185967803,0.9338166014170431,0.17070031732981844,0.3008341286004032,0.09136073363682365
1765375892.7572927,367.2900085449219,387.6000061035156,516.7100219726562,200.74000549316406,129.2899932861328,322.4700012207031,634.6599731445312,740.0399780273438,278.260009765625,-3958.419921875,0,-0.20154375100229863,-0.06346508548914931,0.7605300197100383,0.9351502428097015,0.16560574153856575,0.3057841666909141,0.06756334171399025
1765375892.8859675,367.2900085449219,387.6000061035156,516.7100219726562,200.74000549316406,129.2899932861328,322.4700012207031,634.6599731445312,740.0399780273438,278.260009765625,-3958.419921875,0,-0.2008698403855773,-0.06552266822247212,0.7804661587229587,-0.9691911657482021,-0.21467455108452316,0.014656333781272292,0.11986873333939778
1765375892.9413805,367.2900085449219,387.6000061035156,516.7100219726562,200.74000549316406,129.2899932861328,322.4700012207031,634.6599731445312,740.0399780273438,278.260009765625,-3958.419921875,0,-0.19387145821726628,-0.06391727686329698,0.7628469948667065,-0.974613550275342,-0.20309785362655144,0.05378268073655899,0.07737643520330124
1765375893.1214025,367.2900085449219,387.6000061035156,516.7100219726562,200.74000549316406,129.2899932861328,322.4700012207031,634.6599731445312,740.0399780273438,278.260009765625,-3958.419921875,0,-0.19060178499149397,-0.06401369783398704,0.7741204763901998,-0.9696693134574396,-0.2042639729200248,0.041764403528853265,0.12756718427473632
1765375893.2465231,367.2900085449219,387.6000061035156,516.7100219726562,200.74000549316406,129.2899932861328,322.4700012207031,634.6599731445312,740.0399780273438,278.260009765625,-3958.419921875,0,-0.18545255649201145,-0.06151552132840855,0.7471742200742916,-0.9673053392048028,-0.2101666721851756,0.06118252882760121,0.12809000279003108
1765375893.353419,367.2900085449219,387.6000061035156,516.7100219726562,200.74000549316406,129.2899932861328,322.2900085449219,634.8300170898438,739.9500122070312,278.260009765625,-3958.419921875,0,-0.19092926220429915,-0.06356596227499542,0.7604360677668053,-0.9692484477742822,-0.20806316984550266,0.04032942720057667,0.12506278880090466
1765375893.4743621,367.2900085449219,387.6000061035156,516.7100219726562,200.74000549316406,129.2899932861328,322.2900085449219,642.1300048828125,739.9500122070312,278.260009765625,-3958.419921875,0,-0.19133139135765073,-0.0643379513813175,0.7598573244120679,-0.9690674865747867,-0.2082519650066071,0.04105054080986088,0.1259133775010844
1765375893.5561676,367.2900085449219,387.6000061035156,516.7100219726562,200.74000549316406,129.2899932861328,322.2900085449219,642.1300048828125,739.9500122070312,278.260009765625,-3958.419921875,0,-0.18658184161982325,-0.06260918959765525,0.7473875905128263,-0.9673144078876793,-0.21030314846695558,0.06056001610170722,0.1280933506765874
1765375893.5974102,367.2900085449219,387.6000061035156,516.7100219726562,200.74000549316406,129.2899932861328,322.2900085449219,642.1300048828125,739.9500122070312,278.260009765625,-3958.419921875,0,-0.1895749328016437,-0.06361041642716782,0.7593983954447426,-0.9645865657328242,-0.21473839280670654,0.038317151781063,0.1482969175065199
1765375893.6358619,367.2900085449219,387.6000061035156,516.7100219726562,200.74000549316406,129.2899932861328,322.2900085449219,642.1300048828125,739.9500122070312,278.260009765625,-3958.419921875,0,-0.19405497384910078,-0.0654998397323073,0.778463509100506,-0.9715675229110302,-0.20665651916152425,0.048846932780087386,0.10470725223471848
1765375893.6768558,367.2900085449219,387.6000061035156,516.7100219726562,200.74000549316406,129.2899932861328,322.2900085449219,655.0499877929688,739.9500122070312,278.260009765625,-3958.419921875,0,-0.18903900477312705,-0.06416075992195362,0.7594424142449255,-0.9645293059838654,-0.21474729616854632,0.038298227836113925,0.14866089745186734
1765375893.7144778,367.2900085449219,387.6000061035156,516.7100219726562,200.74000549316406,129.2899932861328,322.2900085449219,655.0499877929688,739.9500122070312,278.260009765625,-3958.419921875,0,-0.19701336544142353,-0.07026662692508921,0.7944083908847994,-0.9695477720626383,-0.21195964823378838,-0.015440132983119248,0.12170385163357193
1765375893.750668,367.2900085449219,387.6000061035156,516.7100219726562,200.74000549316406,129.2899932861328,322.2900085449219,655.0499877929688,739.9500122070312,278.260009765625,-3958.419921875,0,-0.19312644100117773,-0.07126832280896632,0.7803830155026039,-0.9628428170398514,-0.2205093841799707,0.03625568773022364,0.1516405165862406
1765375893.8314934,367.2900085449219,387.6000061035156,516.7100219726562,200.74000549316406,129.2899932861328,322.2900085449219,655.0499877929688,739.9500122070312,278.260009765625,-3958.419921875,0,-0.19523551109440324,-0.07815476224791774,0.7947140546394388,-0.9637193393917498,-0.21834894139054073,0.008886155672738524,0.1532638604280851
1765375893.9124863,367.2900085449219,387.6000061035156,516.7100219726562,200.74000549316406,129.2899932861328,322.2900085449219,668.22998046875,739.9500122070312,278.260009765625,-3958.419921875,0,-0.19026115953289047,-0.08345772086479816,0.7801584343716652,-0.9566336920669363,-0.2277108062029224,0.03236237733724446,0.17875246704277728
1765375894.036946,367.2900085449219,387.6000061035156,516.7100219726562,200.74000549316406,129.2899932861328,322.2900085449219,668.22998046875,739.9500122070312,278.260009765625,-3958.419921875,0,-0.19066721741489692,-0.09198635636693182,0.7882255949440307,-0.959313731908488,-0.2307530072162433,0.03192690269860734,0.1595333392007571
1765375894.0760584,367.2900085449219,387.6000061035156,516.7100219726562,200.74000549316406,129.2899932861328,322.2900085449219,680.6199951171875,739.9500122070312,278.260009765625,-3958.419921875,0,-0.1816151766048203,-0.09140275828576203,0.7564119449481951,-0.9591361154897676,-0.22740138122560205,0.051275699376469565,0.16036622597461594
1765375894.2232156,367.2900085449219,387.6000061035156,516.7100219726562,200.74000549316406,129.2899932861328,322.2900085449219,680.6199951171875,739.9500122070312,278.260009765625,-3958.419921875,0,-0.18528546893404513,-0.1020642624186245,0.782880093591421,-0.9550465747979795,-0.2283942298946886,0.026026665232784255,0.18720237288645747
1765375894.305175,367.2900085449219,387.6000061035156,516.7100219726562,200.74000549316406,129.2899932861328,322.2900085449219,693.4600219726562,739.9500122070312,278.260009765625,-3958.419921875,0,-0.17412693884730768,-0.10146352135840617,0.7453255791967314,-0.9560819607173743,-0.2304011093666606,0.06814774151942443,0.16786452430229318
1765375894.3635013,367.2900085449219,387.6000061035156,516.7100219726562,200.74000549316406,129.2899932861328,322.2900085449219,693.4600219726562,739.9500122070312,278.260009765625,-3958.419921875,0,-0.18093439989245402,-0.10789104675913191,0.7780851314556985,-0.961453892829605,-0.22727702621954213,0.052219857635139054,0.14568682776478403
1765375894.428359,367.2900085449219,387.6000061035156,516.7100219726562,200.74000549316406,129.2899932861328,322.2900085449219,693.4600219726562,739.9500122070312,278.260009765625,-3958.419921875,0,-0.1747269975527133,-0.1058937396585824,0.7548711472395246,-0.9559234489775557,-0.24221217798856848,0.07303043788653231,0.14903078766144276
1765375894.4837625,367.2900085449219,387.6000061035156,516.7100219726562,200.74000549316406,129.2899932861328,322.2900085449219,706.4600219726562,739.9500122070312,278.260009765625,-3958.419921875,0,-0.17868828185259664,-0.11334383173429406,0.7780657737938907,-0.9556433369786305,-0.23416432534194914,0.04894201713832613,0.17180675243985416
1765375894.6514375,367.2900085449219,387.6000061035156,516.7100219726562,200.74000549316406,129.2899932861328,322.2900085449219,706.4600219726562,739.9500122070312,278.260009765625,-3958.419921875,0,-0.1724942379743709,-0.1214241774347616,0.7654805641195983,-0.947584959590732,-0.2431911726354044,0.06315143241915162,0.19736436986714997
1765375894.6942837,367.2900085449219,387.6000061035156,516.7100219726562,200.74000549316406,129.2899932861328,322.2900085449219,709.3699951171875,739.9500122070312,278.260009765625,-3958.419921875,0,-0.17319008474392897,-0.12415221893411205,0.770410337365449,-0.9499072710331786,-0.24663441079406923,0.06824180854141242,0.17941766751788674
1765375894.7351403,367.2900085449219,387.6000061035156,516.7100219726562,200.74000549316406,129.2899932861328,322.2900085449219,709.3699951171875,739.9500122070312,278.260009765625,-3958.419921875,0,-0.169145034039823,-0.12618642691829143,0.7584735468990776,-0.9473893169528044,-0.24916858089723365,0.08382068263687736,0.18259954430295156
1765375894.82527,367.2900085449219,387.6000061035156,516.7100219726562,200.74000549316406,129.2899932861328,322.2900085449219,709.3699951171875,739.9500122070312,278.260009765625,-3958.419921875,0,-0.16352847366387155,-0.12745121290601655,0.7404582920262368,-0.9486839755686671,-0.24359782444737593,0.08213432589005715,0.18415419336610245
1765375894.9896488,367.2900085449219,387.6000061035156,516.7100219726562,200.74000549316406,129.2899932861328,322.2900085449219,709.3699951171875,739.9500122070312,278.260009765625,-3958.419921875,0,-0.1673796206550777,-0.12769869669875097,0.7583592031374415,0.9250078422900118,0.18503175829878168,0.3269824101534536,0.0566237015133837
1765375895.0723197,367.2900085449219,387.6000061035156,516.7100219726562,200.74000549316406,129.2899932861328,322.2900085449219,709.3699951171875,739.9500122070312,278.260009765625,-3958.419921875,0,-0.1650566308709878,-0.12253169755484815,0.7437556863174456,-0.9491363844239976,-0.25230624094163107,0.06477357689187499,0.1768786823816749
1765375895.4875996,367.2900085449219,387.6000061035156,516.7100219726562,200.74000549316406,129.2899932861328,322.2900085449219,709.3699951171875,739.9500122070312,278.260009765625,-3958.419921875,0,-0.16713847362129414,-0.12364256139948683,0.7535707194442004,0.932306188386254,0.18353332096144712,0.30301691839059347,0.07281097693772294
1765375895.5703921,367.2900085449219,387.6000061035156,516.7100219726562,200.74000549316406,129.2899932861328,322.2900085449219,709.3699951171875,739.9500122070312,278.260009765625,-3958.419921875,0,-0.16473635815396825,-0.1222601409005696,0.7428920255407903,-0.9510316985244867,-0.24624886298580168,0.09005387564873527,0.1636780539976937
1765375895.7710257,367.2900085449219,387.6000061035156,516.7100219726562,200.74000549316406,129.2899932861328,322.2900085449219,709.3699951171875,739.9500122070312,278.260009765625,-3958.419921875,0,-0.16866928572873058,-0.12494392253776335,0.7575615280992951,-0.9471982623860012,-0.24914353168702857,0.08549448467812061,0.18284869548639737
1765375895.841693,367.2900085449219,387.6000061035156,516.7100219726562,200.74000549316406,129.2899932861328,322.2900085449219,709.3699951171875,739.9500122070312,278.260009765625,-3958.419921875,0,-0.16443330411261378,-0.12159835069528728,0.7397334977808784,-0.9447603430283564,-0.24862102208833622,0.07916298063199721,0.1983650778593637
1765375895.9321542,367.2900085449219,387.6000061035156,516.7100219726562,200.74000549316406,129.2899932861328,322.2900085449219,709.3699951171875,739.9500122070312,278.260009765625,-3958.419921875,0,-0.1670170049485968,-0.12364753822171332,0.751375437618363,-0.946454633979314,-0.2465061821308171,0.06294651674127337,0.1987361668658025
1765375895.987403,367.2900085449219,387.6000061035156,516.7100219726562,200.74000549316406,129.2899932861328,322.2900085449219,709.3699951171875,739.9500122070312,278.260009765625,-3958.419921875,0,-0.16229630429658157,-0.12061017174355675,0.7312969149905061,-0.9468049900066541,-0.2545742059145904,0.0822813163709607,0.17883531406776831
1765375896.0369387,367.2900085449219,387.6000061035156,516.7100219726562,200.74000549316406,129.2899932861328,322.2900085449219,709.3699951171875,739.9500122070312,278.260009765625,-3958.419921875,0,-0.17010105407646867,-0.12679579075217665,0.7671168789416687,-0.9521037690655664,-0.23750112454307712,0.06547662017268974,0.18111996296012745
1765375896.0790694,367.2900085449219,387.6000061035156,516.7100219726562,200.74000549316406,129.2899932861328,322.2900085449219,709.3699951171875,739.9500122070312,278.260009765625,-3958.419921875,0,-0.1653689748614184,-0.1226617240911875,0.7445422523248815,-0.9471396620694433,-0.25185203201815975,0.08318515840247794,0.18049167272996083
1765375896.4677231,367.2900085449219,387.6000061035156,516.7100219726562,200.74000549316406,129.2899932861328,322.2900085449219,709.3699951171875,739.9500122070312,278.260009765625,-3958.419921875,0,-0.1723705675528716,-0.12776526178693776,0.7754772360132971,-0.954498610401892,-0.2499490516638071,0.050855647910937225,0.15450429569684937
1765375896.5247517,367.2900085449219,387.6000061035156,516.7100219726562,200.74000549316406,129.2899932861328,322.2900085449219,709.3699951171875,739.9500122070312,278.260009765625,-3958.419921875,0,-0.165152983190989,-0.12222487406537463,0.7435952295099197,-0.937841770831533,-0.24884466988015325,0.059507476554245764,0.2344952097377637
1765375896.7461882,367.2900085449219,387.6000061035156,516.7100219726562,200.74000549316406,129.2899932861328,322.2900085449219,709.3699951171875,739.9500122070312,278.260009765625,-3958.419921875,0,-0.16254163328136792,-0.1206923470553476,0.7317934738271036,-0.944524554017038,-0.2540620424671502,0.09953448960895507,0.1828079068711749
1765375896.7862778,367.2900085449219,387.6000061035156,516.7100219726562,200.74000549316406,129.2899932861328,322.2900085449219,709.3699951171875,739.9500122070312,278.260009765625,-3958.419921875,0,-0.1650566308709878,-0.12253169755484815,0.7437556863174456,-0.9491363844239976,-0.25230624094163107,0.06477357689187499,0.1768786823816749
1765375899.4289787,367.2900085449219,387.6000061035156,516.7100219726562,200.74000549316406,129.3699951171875,322.2900085449219,709.3699951171875,739.9500122070312,278.260009765625,-3958.419921875,0,-0.1626072470549335,-0.1202060092643347,0.7321150905837635,-0.9366120969353325,-0.25092354271364203,0.07558994832936267,0.232553897619452
1765375899.4769855,367.2900085449219,387.6000061035156,516.7100219726562,200.74000549316406,129.2899932861328,322.2900085449219,709.3699951171875,739.9500122070312,278.260009765625,-3958.419921875,0,-0.16657947392343278,-0.12338516887751372,0.7506259160764558,-0.9412941426896478,-0.2520656786210204,0.05962832034468774,0.21650102543026595
1765375899.5524666,367.2900085449219,387.6000061035156,516.7100219726562,200.74000549316406,129.2899932861328,322.2900085449219,709.3699951171875,739.9500122070312,278.260009765625,-3958.419921875,0,-0.16421356063266743,-0.12136658941701538,0.7399439548856243,-0.9448035214679945,-0.24858172756342023,0.07884553932627927,0.19833509894017878
1765375899.5931814,367.2900085449219,387.6000061035156,516.7100219726562,200.74000549316406,129.2899932861328,322.2900085449219,709.3699951171875,739.9500122070312,278.260009765625,-3958.419921875,0,-0.16657947392343278,-0.12338516887751372,0.7506259160764558,-0.9412941426896478,-0.2520656786210204,0.05962832034468774,0.21650102543026595
1765375899.899641,367.2900085449219,387.6000061035156,516.7100219726562,200.74000549316406,129.2899932861328,322.2900085449219,709.3699951171875,739.9500122070312,278.260009765625,-3958.419921875,0,-0.16421356063266743,-0.12136658941701538,0.7399439548856243,-0.9448035214679945,-0.24858172756342023,0.07884553932627927,0.19833509894017878
1765375899.9516513,367.2900085449219,387.6000061035156,516.7100219726562,200.74000549316406,129.2899932861328,322.2900085449219,709.3699951171875,739.9500122070312,278.260009765625,-3958.419921875,0,-0.16657947392343278,-0.12338516887751372,0.7506259160764558,-0.9412941426896478,-0.2520656786210204,0.05962832034468774,0.21650102543026595
1765375900.3360846,367.2900085449219,387.6000061035156,516.7100219726562,200.74000549316406,129.3699951171875,322.2900085449219,709.3699951171875,739.9500122070312,278.260009765625,-3958.419921875,0,-0.16391189993890382,-0.12127313749922253,0.7385869037300912,-0.9397881148903554,-0.2541655015146186,0.07616560403213495,0.21539962328907292
1765375900.4614491,367.2900085449219,387.6000061035156,516.7100219726562,200.74000549316406,129.3699951171875,322.2900085449219,709.3699951171875,739.9500122070312,278.260009765625,-3958.419921875,0,-0.16657947392343278,-0.12338516887751372,0.7506259160764558,-0.9412941426896478,-0.2520656786210204,0.05962832034468774,0.21650102543026595
1765375900.5417182,367.2900085449219,387.6000061035156,516.7100219726562,200.74000549316406,129.2899932861328,322.2900085449219,709.3699951171875,739.9500122070312,278.260009765625,-3958.419921875,0,-0.16421356063266743,-0.12136658941701538,0.7399439548856243,-0.9448035214679945,-0.24858172756342023,0.07884553932627927,0.19833509894017878
1765375900.592154,367.2900085449219,387.6000061035156,516.7100219726562,200.74000549316406,129.2899932861328,322.2900085449219,709.3699951171875,739.9500122070312,278.260009765625,-3958.419921875,0,-0.16657947392343278,-0.12338516887751372,0.7506259160764558,-0.9412941426896478,-0.2520656786210204,0.05962832034468774,0.21650102543026595
1765375900.749351,367.2900085449219,387.6000061035156,516.7100219726562,200.74000549316406,129.2899932861328,322.2900085449219,709.3699951171875,739.9500122070312,278.260009765625,-3958.419921875,0,-0.16391189993890382,-0.12127313749922253,0.7385869037300912,-0.9397881148903554,-0.2541655015146186,0.07616560403213495,0.21539962328907292
1765375900.9772089,367.2900085449219,387.6000061035156,516.7100219726562,200.74000549316406,129.2899932861328,322.2900085449219,709.3699951171875,739.9500122070312,278.260009765625,-3958.419921875,0,-0.1670006757572196,-0.12356565467711941,0.7525230888439008,-0.9467835657243671,-0.24629251673108443,0.061205742428317486,0.19797659702682127
1765375901.0173664,367.2900085449219,387.6000061035156,516.7100219726562,200.74000549316406,129.2899932861328,322.2900085449219,709.3699951171875,739.9500122070312,278.260009765625,-3958.419921875,0,-0.16421356063266743,-0.12136658941701538,0.7399439548856243,-0.9448035214679945,-0.24858172756342023,0.07884553932627927,0.19833509894017878
1765375901.0539854,367.2900085449219,387.6000061035156,516.7100219726562,200.74000549316406,129.2899932861328,322.2900085449219,709.3699951171875,739.9500122070312,278.260009765625,-3958.419921875,0,-0.1670006757572196,-0.12356565467711941,0.7525230888439008,-0.9467835657243671,-0.24629251673108443,0.061205742428317486,0.19797659702682127
1765375901.0923486,367.2900085449219,387.6000061035156,516.7100219726562,200.74000549316406,129.2899932861328,322.2099914550781,709.3699951171875,741.0900268554688,278.260009765625,-3958.419921875,0,-0.16421356063266743,-0.12136658941701538,0.7399439548856243,-0.9448035214679945,-0.24858172756342023,0.07884553932627927,0.19833509894017878
1765375901.1694257,367.2900085449219,387.6000061035156,516.7100219726562,200.74000549316406,129.2899932861328,322.2099914550781,709.3699951171875,741.0900268554688,278.260009765625,-3958.419921875,0,-0.1680908913309478,-0.12437418917766964,0.7574131917611038,-0.9471840447475811,-0.24905979491497116,0.08588013854384104,0.18285569648281602
1765375901.2464075,367.2900085449219,387.6000061035156,516.7100219726562,200.74000549316406,129.2899932861328,322.2099914550781,709.3699951171875,741.0900268554688,278.260009765625,-3958.419921875,0,-0.16391189993890382,-0.12127313749922253,0.7385869037300912,-0.9397881148903554,-0.2541655015146186,0.07616560403213495,0.21539962328907292
1765375901.2880116,367.2900085449219,387.6000061035156,516.7100219726562,200.74000549316406,129.2899932861328,322.2099914550781,708.5700073242188,749.3599853515625,278.260009765625,-3958.419921875,0,-0.16391189993890382,-0.12127313749922253,0.7385869037300912,-0.9397881148903554,-0.2541655015146186,0.07616560403213495,0.21539962328907292
1765375901.3379598,367.2900085449219,387.6000061035156,516.7100219726562,200.74000549316406,129.2899932861328,322.2099914550781,708.5700073242188,749.3599853515625,278.260009765625,-3958.419921875,0,-0.1670006757572196,-0.12356565467711941,0.7525230888439008,-0.9467835657243671,-0.24629251673108443,0.061205742428317486,0.19797659702682127
1765375901.3872988,367.2900085449219,387.6000061035156,516.7100219726562,200.74000549316406,129.2899932861328,322.2099914550781,708.5700073242188,749.3599853515625,278.260009765625,-3958.419921875,0,-0.1639219543756345,-0.12178363998710086,0.7392468853201469,-0.9465111509963241,-0.24916989781962867,0.05998401205680059,0.196043161976487
1765375901.4742718,367.2900085449219,387.6000061035156,516.7100219726562,200.74000549316406,129.2899932861328,322.2099914550781,708.5700073242188,761.3099975585938,278.260009765625,-3958.419921875,0,-0.16613347008642487,-0.12569112015555864,0.7522762955269713,-0.9463499261739571,-0.24649074187230352,0.06192156624397954,0.19957417427031968
1765375901.5868075,367.2900085449219,387.6000061035156,516.7100219726562,200.74000549316406,129.2899932861328,322.2099914550781,708.5700073242188,761.3099975585938,278.260009765625,-3958.419921875,0,-0.16617725749396137,-0.1358190523638248,0.7713419255796213,-0.9432047017205983,-0.2529320919832528,0.06317375127939415,0.20591096290975378
1765375901.6846623,367.2900085449219,387.6000061035156,516.7100219726562,200.74000549316406,129.2899932861328,322.2099914550781,708.5700073242188,774.6699829101562,278.260009765625,-3958.419921875,0,-0.16019611570178083,-0.14806072889625968,0.7780420750927984,-0.9394102938279634,-0.26226802921054343,0.06051499446805983,0.21227745087174915
1765375901.7612207,367.2900085449219,387.6000061035156,516.7100219726562,200.74000549316406,129.2899932861328,322.2099914550781,708.5700073242188,774.6699829101562,278.260009765625,-3958.419921875,0,0.0,0.0,0.0016488046166529267,-0.9419133490419509,-0.2592731057267279,0.08109797866047769,0.19748371426671588
1765375901.8010125,367.2900085449219,387.6000061035156,516.7100219726562,200.74000549316406,129.2899932861328,322.2099914550781,708.5700073242188,774.6699829101562,278.260009765625,-3958.419921875,0,-0.1538861564144694,-0.155179202761837,0.7703199660743154,-0.9353196592938746,-0.25914935589096294,0.03701439348548992,0.23800983373505924
1765375901.8815863,367.2900085449219,387.6000061035156,516.7100219726562,200.74000549316406,129.2899932861328,322.2099914550781,708.5700073242188,787.6799926757812,278.260009765625,-3958.419921875,0,-0.1461970661786659,-0.16332122860645204,0.7591487311315307,-0.9375424939044376,-0.27157140350139797,0.07751613879088146,0.20311152884728523
1765375902.049453,367.2900085449219,387.6000061035156,516.7100219726562,200.74000549316406,129.2899932861328,322.2099914550781,708.5700073242188,787.6799926757812,278.260009765625,-3958.419921875,0,-0.14057025838172235,-0.1733619517887968,0.7612474757412229,-0.9363323841668257,-0.27175575406033353,0.07493729944898653,0.20932003641997668
1765375902.0906563,367.2900085449219,387.6000061035156,516.7100219726562,200.74000549316406,129.2899932861328,322.2099914550781,708.5700073242188,800.6799926757812,278.260009765625,-3958.419921875,0,-0.13951088612571852,-0.17587441552787195,0.7614497471209432,-0.9358604440831374,-0.2719405990052334,0.07486259300471047,0.21120874030635878
1765375902.2122316,367.2900085449219,387.6000061035156,516.7100219726562,200.74000549316406,129.2899932861328,322.2099914550781,708.5700073242188,800.6799926757812,278.260009765625,-3958.419921875,0,-0.13369100799472314,-0.17992421328656344,0.7525800438417426,-0.934408999515776,-0.27865699823419876,0.09793616243203263,0.19909446764568536
1765375902.253626,367.2900085449219,387.6000061035156,516.7100219726562,200.74000549316406,129.2899932861328,322.2099914550781,708.5700073242188,800.6799926757812,278.260009765625,-3958.419921875,0,-0.1345914210093869,-0.18511824195620843,0.766248369938798,-0.934570834127712,-0.2805110502620381,0.05138940145859233,0.21272055870660175
1765375902.2947447,367.2900085449219,387.6000061035156,516.7100219726562,200.74000549316406,129.2899932861328,322.2099914550781,708.5700073242188,813.6900024414062,278.260009765625,-3958.419921875,0,-0.13164598822548354,-0.18538322500472423,0.7571889505674979,-0.926194812073143,-0.2929087176027468,0.09191605008657137,0.21890430095727378
1765375902.3982313,367.2900085449219,387.6000061035156,516.7100219726562,200.74000549316406,129.2899932861328,322.2099914550781,708.5700073242188,813.6900024414062,278.260009765625,-3958.419921875,0,-0.12944870778913248,-0.1918847871236542,0.7652082864303089,-0.9267070570661157,-0.28574015145615506,0.04742219602694607,0.23941121852088443
1765375902.459919,367.2900085449219,387.6000061035156,516.7100219726562,200.74000549316406,129.2899932861328,322.2099914550781,708.5700073242188,813.6900024414062,278.260009765625,-3958.419921875,0,-0.12354369522306953,-0.19382041863315885,0.751843155762767,-0.9248334918292613,-0.3079350000541214,0.09247860378817636,0.20324063563656125
1765375902.5016348,367.2900085449219,387.6000061035156,516.7100219726562,200.74000549316406,129.2899932861328,322.2099914550781,708.5700073242188,817.1199951171875,278.260009765625,-3958.419921875,0,0.0,0.0,0.051587301587301584,-0.9298478682574358,-0.29646989466876966,0.07296360047783877,0.2053408299815242
1765375902.5529985,367.2900085449219,387.6000061035156,516.7100219726562,200.74000549316406,129.2899932861328,322.2099914550781,708.5700073242188,817.1199951171875,278.260009765625,-3958.419921875,0,0.0,0.0,0.1578137028483449,-0.9264656666024279,-0.3072767758766254,0.07001741955610295,0.20576664591835478
1765375902.594858,367.2900085449219,387.6000061035156,516.7100219726562,200.74000549316406,129.2899932861328,322.2099914550781,708.5700073242188,817.1199951171875,278.260009765625,-3958.419921875,0,0.0,0.0,0.05057471264367816,-0.9318273798913083,-0.3022935415072389,0.07590679829039229,0.18588842573224543
1765375902.641738,367.2900085449219,387.6000061035156,516.7100219726562,200.74000549316406,129.2899932861328,322.2099914550781,708.5700073242188,817.1199951171875,278.260009765625,-3958.419921875,0,0.0,0.0,0.08768115942028985,-0.9276732195302627,-0.3068181955822644,0.0931841165600161,0.1913157417645752
1765375902.779272,367.2900085449219,387.6000061035156,516.7100219726562,200.74000549316406,129.2899932861328,322.2099914550781,708.5700073242188,817.1199951171875,278.260009765625,-3958.419921875,0,0.0,0.0,0.04442771084337349,-0.9276928582021269,-0.3049946340772266,0.09635466227318047,0.19256171240173534
1765375902.8202567,367.2900085449219,387.6000061035156,516.7100219726562,200.74000549316406,129.2899932861328,322.2099914550781,708.5700073242188,817.1199951171875,278.260009765625,-3958.419921875,0,0.0,0.0,0.05538694992412747,-0.9251732902022838,-0.31373055045542314,0.0965909152603794,0.19051960501843426
1765375902.8671427,367.2900085449219,387.6000061035156,516.7100219726562,200.74000549316406,129.2899932861328,322.2099914550781,708.5700073242188,817.1199951171875,278.260009765625,-3958.419921875,0,0.0,0.0,0.011869436201780416,-0.9125982278405377,-0.2409159507665446,-0.32975179611925975,0.019690915790895117
1765375902.9204845,367.2900085449219,387.6000061035156,516.7999877929688,200.74000549316406,129.2899932861328,322.2099914550781,708.5700073242188,817.1199951171875,278.260009765625,-3958.419921875,0,0.0,0.0,0.03387220939183987,-0.9266233128750474,-0.306953220441418,0.07325562298317877,0.20440785258512167
1765375902.9599934,367.2900085449219,387.6000061035156,516.7999877929688,200.74000549316406,129.2899932861328,322.2099914550781,708.5700073242188,817.1199951171875,278.260009765625,-3958.419921875,0,0.0,0.0,0.08894044856921887,-0.9206925299859308,-0.31189894905662635,0.06883431473136291,0.22429032061357812
1765375903.0499296,367.2900085449219,387.6000061035156,516.7999877929688,200.74000549316406,129.2899932861328,322.2099914550781,708.5700073242188,817.1199951171875,278.260009765625,-3958.419921875,0,0.0,0.0,0.10014619883040936,-0.9182337745848735,-0.31571137636509666,0.08614491417810778,0.22305182314098787
1765375903.1333396,367.2900085449219,387.6000061035156,516.7100219726562,200.74000549316406,129.2899932861328,322.2099914550781,708.489990234375,817.1199951171875,278.260009765625,-3958.419921875,0,0.0,0.0,0.1208955223880597,-0.9239813396728739,-0.31739716322877987,0.0715278736413705,0.2010007164240686
1765375903.2185552,367.2900085449219,387.6000061035156,516.7100219726562,200.74000549316406,129.2899932861328,322.2099914550781,708.489990234375,817.1199951171875,278.260009765625,-3958.419921875,0,0.0,0.0,0.10334788937409024,-0.9231876840417663,-0.3111420111398575,0.0909616365065375,0.20649728720130278
1765375903.288412,367.2900085449219,387.6000061035156,516.7100219726562,200.74000549316406,129.2899932861328,322.2099914550781,708.5700073242188,817.1199951171875,278.260009765625,-3958.419921875,0,0.0,0.0,0.07929176289453425,-0.9266233128750474,-0.306953220441418,0.07325562298317877,0.20440785258512167
1765375903.3649867,367.2900085449219,387.6000061035156,516.7100219726562,200.74000549316406,129.2899932861328,322.2099914550781,708.5700073242188,817.1199951171875,278.260009765625,-3958.419921875,0,0.0,0.0,0.13785557986870897,-0.9215956425780901,-0.31323506755339064,0.13756407286450478,0.18336136423147958
1765375903.4088266,367.2900085449219,387.6000061035156,516.7100219726562,200.74000549316406,129.2899932861328,322.2099914550781,708.5700073242188,817.1199951171875,278.260009765625,-3958.419921875,0,0.0,0.0,0.11380323054331865,-0.9208815985664666,-0.319645022380136,0.09023728787382004,0.20411117795566408
1765375903.6706564,367.2900085449219,387.6000061035156,516.7100219726562,200.74000549316406,129.2899932861328,322.2099914550781,708.5700073242188,817.1199951171875,278.260009765625,-3958.419921875,0,0.0,0.0,0.13127690100430417,-0.9219123922031139,-0.3172433914885155,0.11290122476117558,0.1915397742157569
1765375903.7125745,367.2900085449219,387.6000061035156,516.7100219726562,200.74000549316406,129.3699951171875,322.2099914550781,708.5700073242188,817.1199951171875,278.260009765625,-3958.419921875,0,0.0,0.0,0.14181818181818182,-0.9297458502426961,-0.3103308962671765,0.10464115289229439,0.1682783940375851
1765375903.7608771,367.2900085449219,387.6000061035156,516.7100219726562,200.74000549316406,129.3699951171875,322.2099914550781,708.5700073242188,817.1199951171875,278.260009765625,-3958.419921875,0,0.0,0.0,0.10866372980910426,-0.9208815985664666,-0.319645022380136,0.09023728787382004,0.20411117795566408
1765375903.8021476,367.2900085449219,387.6000061035156,516.7100219726562,200.74000549316406,129.3699951171875,322.2099914550781,708.5700073242188,817.1199951171875,278.260009765625,-3958.419921875,0,0.0,0.0,0.15255474452554746,-0.9256029574970245,-0.31500342933531994,0.09688665492023535,0.1861316219187835
1765375903.846009,367.2900085449219,387.6000061035156,516.7100219726562,200.74000549316406,129.3699951171875,322.2099914550781,708.5700073242188,817.1199951171875,278.260009765625,-3958.419921875,0,0.0,0.0,0.11160058737151249,-0.9208815985664666,-0.319645022380136,0.09023728787382004,0.20411117795566408
1765375903.93875,367.2900085449219,387.6000061035156,516.7100219726562,200.74000549316406,129.2899932861328,322.2099914550781,708.5700073242188,817.1199951171875,278.260009765625,-3958.419921875,0,0.0,0.0,0.09649122807017543,-0.9249058717951747,-0.3152550353401543,0.0996373645977256,0.18771197774118126
1765375903.9862344,367.2900085449219,387.6000061035156,516.7100219726562,200.74000549316406,129.2899932861328,322.2099914550781,708.5700073242188,817.1199951171875,278.260009765625,-3958.419921875,0,0.0,0.0,0.12436363636363636,-0.9297458502426961,-0.3103308962671765,0.10464115289229439,0.1682783940375851
1765375904.074648,367.2900085449219,387.6000061035156,516.7100219726562,200.74000549316406,129.2899932861328,322.2099914550781,708.5700073242188,817.1199951171875,278.260009765625,-3958.419921875,0,0.0,0.0,0.15036496350364964,-0.9256029574970245,-0.31500342933531994,0.09688665492023535,0.1861316219187835
1765375904.1171505,367.2900085449219,387.6000061035156,516.7100219726562,200.74000549316406,129.2899932861328,322.2099914550781,708.5700073242188,817.1199951171875,278.260009765625,-3958.419921875,0,0.0,0.0,0.10646108663729809,-0.9208815985664666,-0.319645022380136,0.09023728787382004,0.20411117795566408
1765375904.1567433,367.2900085449219,387.6000061035156,516.7100219726562,200.74000549316406,129.2899932861328,322.2099914550781,708.5700073242188,817.1199951171875,278.260009765625,-3958.419921875,0,0.0,0.0,0.1395007342143906,-0.9208815985664666,-0.319645022380136,0.09023728787382004,0.20411117795566408
1765375904.1966596,367.2900085449219,387.6000061035156,516.7100219726562,200.74000549316406,129.2899932861328,322.2099914550781,708.5700073242188,817.1199951171875,278.260009765625,-3958.419921875,0,0.0,0.0,0.1027900146842878,-0.9208815985664666,-0.319645022380136,0.09023728787382004,0.20411117795566408
1765375904.2370424,367.2900085449219,387.6000061035156,516.7100219726562,200.74000549316406,129.2899932861328,322.2099914550781,708.5700073242188,817.1199951171875,278.260009765625,-3958.419921875,0,0.0,0.0,0.1505703422053232,-0.9270202102757595,-0.31757164234425755,0.10674751688347726,0.16848367683033616
1765375904.2870803,367.2900085449219,387.6000061035156,516.7100219726562,200.74000549316406,129.2899932861328,322.2099914550781,708.5700073242188,817.1199951171875,278.260009765625,-3958.419921875,0,0.0,0.0,0.12311178247734139,-0.9298022679099945,-0.3087268338026582,0.10648127416842139,0.1697563634479908
1765375904.3295772,367.2900085449219,387.6000061035156,516.7100219726562,200.74000549316406,129.2899932861328,322.2099914550781,708.5700073242188,817.1199951171875,278.260009765625,-3958.419921875,0,0.0,0.0,0.15255474452554746,-0.9256029574970245,-0.31500342933531994,0.09688665492023535,0.1861316219187835
1765375904.3711576,367.2900085449219,387.6000061035156,516.7100219726562,200.74000549316406,129.2899932861328,322.2099914550781,708.5700073242188,817.1199951171875,278.260009765625,-3958.419921875,0,0.0,0.0,0.10583941605839416,-0.9256029574970245,-0.31500342933531994,0.09688665492023535,0.1861316219187835
1765375904.5077221,367.2900085449219,387.6000061035156,516.7100219726562,200.74000549316406,129.2899932861328,322.2099914550781,708.5700073242188,817.1199951171875,278.260009765625,-3958.419921875,0,0.0,0.0,0.1328928046989721,-0.9208815985664666,-0.319645022380136,0.09023728787382004,0.20411117795566408
1765375904.5966585,367.2900085449219,387.6000061035156,516.7100219726562,200.74000549316406,129.2899932861328,322.2099914550781,708.5700073242188,817.1199951171875,278.260009765625,-3958.419921875,0,0.0,0.0,0.11160058737151249,-0.9208815985664666,-0.319645022380136,0.09023728787382004,0.20411117795566408
1765375904.6500263,367.2900085449219,387.6000061035156,516.7100219726562,200.74000549316406,129.2899932861328,322.2099914550781,708.5700073242188,817.1199951171875,278.260009765625,-3958.419921875,0,0.0,0.0,0.14170337738619676,-0.9208815985664666,-0.319645022380136,0.09023728787382004,0.20411117795566408
1765375904.7030895,367.2900085449219,387.6000061035156,516.7100219726562,200.74000549316406,129.2899932861328,322.2099914550781,708.5700073242188,817.2899780273438,278.260009765625,-3958.419921875,0,0.0,0.0,0.13138686131386862,-0.9256029574970245,-0.31500342933531994,0.09688665492023535,0.1861316219187835
1765375904.7606003,367.2900085449219,387.6000061035156,516.7100219726562,200.74000549316406,129.2899932861328,322.2099914550781,708.5700073242188,817.2899780273438,278.260009765625,-3958.419921875,0,0.0,0.0,0.11160058737151249,-0.9208815985664666,-0.319645022380136,0.09023728787382004,0.20411117795566408
1765375904.8551342,367.2900085449219,387.6000061035156,516.7100219726562,200.74000549316406,129.2899932861328,322.2099914550781,708.5700073242188,817.2899780273438,278.260009765625,-3958.419921875,0,0.0,0.0,0.1286549707602339,-0.9259952953870578,-0.31481658777451327,0.09567552437034799,0.1851200232808619
1765375904.9760866,367.2900085449219,387.6000061035156,516.7100219726562,200.74000549316406,129.2899932861328,322.2099914550781,708.5700073242188,817.2899780273438,278.260009765625,-3958.419921875,0,0.0,0.0,0.11233480176211454,-0.9208815985664666,-0.319645022380136,0.09023728787382004,0.20411117795566408
1765375905.021475,367.2900085449219,387.6000061035156,516.7100219726562,200.74000549316406,129.2899932861328,322.2099914550781,708.5700073242188,817.2899780273438,278.260009765625,-3958.419921875,0,0.0,0.0,0.1299559471365639,-0.9208815985664666,-0.319645022380136,0.09023728787382004,0.20411117795566408
1765375905.070813,367.2900085449219,387.6000061035156,516.7100219726562,200.74000549316406,129.2899932861328,322.2099914550781,708.5700073242188,817.2899780273438,278.260009765625,-3958.419921875,0,0.0,0.0,0.11894273127753303,-0.9208815985664666,-0.319645022380136,0.09023728787382004,0.20411117795566408
1765375905.2175436,367.2900085449219,387.6000061035156,516.7100219726562,200.74000549316406,129.2899932861328,322.1199951171875,708.5700073242188,817.2899780273438,278.260009765625,-3958.419921875,0,0.0,0.0,0.13084795321637427,-0.9259952953870578,-0.31481658777451327,0.09567552437034799,0.1851200232808619
1765375905.4337146,367.2900085449219,387.6000061035156,516.7100219726562,200.74000549316406,129.2899932861328,322.2099914550781,708.5700073242188,817.2899780273438,278.260009765625,-3958.419921875,0,0.0,0.0,0.11194029850746269,-0.9240392537017509,-0.31734260336065523,0.07209502602382767,0.20061763863932028
1765375905.4755745,367.2900085449219,387.6000061035156,516.7100219726562,200.74000549316406,129.2899932861328,322.2099914550781,708.5700073242188,817.2899780273438,278.260009765625,-3958.419921875,0,0.0,0.0,0.13636363636363635,-0.9267075099552431,-0.31908987663318,0.10624541921224107,0.1676506860087075
1765375905.5669632,367.2900085449219,387.6000061035156,516.7100219726562,200.74000549316406,129.2899932861328,322.2099914550781,708.5700073242188,817.2899780273438,278.260009765625,-3958.419921875,0,0.0,0.0,0.12164179104477611,-0.9240392537017509,-0.31734260336065523,0.07209502602382767,0.20061763863932028
1765375905.6096635,367.2900085449219,387.6000061035156,516.7100219726562,200.74000549316406,129.2899932861328,322.2099914550781,708.5700073242188,817.2899780273438,278.260009765625,-3958.419921875,0,0.0,0.0,0.13880597014925372,-0.9240392537017509,-0.31734260336065523,0.07209502602382767,0.20061763863932028
1765375905.653959,367.2900085449219,387.6000061035156,516.7100219726562,200.74000549316406,129.2899932861328,322.2099914550781,708.5700073242188,817.2899780273438,278.260009765625,-3958.419921875,0,0.0,0.0,0.10970149253731343,-0.9240392537017509,-0.31734260336065523,0.07209502602382767,0.20061763863932028
1765375905.7956245,367.2900085449219,387.6000061035156,516.7100219726562,200.74000549316406,129.3699951171875,322.2099914550781,708.5700073242188,817.2899780273438,278.260009765625,-3958.419921875,0,0.0,0.0,0.12205882352941176,-0.9225004509087155,-0.32384016742078814,0.09845888871395413,0.18554328678587612
1765375905.837092,367.2900085449219,387.6000061035156,516.7100219726562,200.74000549316406,129.3699951171875,322.2099914550781,708.5700073242188,817.2899780273438,278.260009765625,-3958.419921875,0,0.0,0.0,0.10970149253731343,-0.9240392537017509,-0.31734260336065523,0.07209502602382767,0.20061763863932028
1765375905.890328,367.2900085449219,387.6000061035156,516.7100219726562,200.74000549316406,129.2899932861328,322.2099914550781,708.5700073242188,817.2899780273438,278.260009765625,-3958.419921875,0,0.0,0.0,0.12408759124087591,-0.9256262859859181,-0.3149645643035238,0.09714000977687673,0.18594924152992642
1765375905.9835782,367.2900085449219,387.6000061035156,516.7100219726562,200.74000549316406,129.2899932861328,322.2099914550781,708.5700073242188,817.2899780273438,278.260009765625,-3958.419921875,0,0.0,0.0,0.10850439882697947,-0.9267075099552431,-0.31908987663318,0.10624541921224107,0.1676506860087075
1765375906.0232549,367.2900085449219,387.6000061035156,516.7100219726562,200.74000549316406,129.2899932861328,322.2099914550781,708.5700073242188,817.2899780273438,278.260009765625,-3958.419921875,0,0.0,0.0,0.12992700729927006,-0.9256262859859181,-0.3149645643035238,0.09714000977687673,0.18594924152992642
1765375906.0637083,367.2900085449219,387.6000061035156,516.7100219726562,200.74000549316406,129.2899932861328,322.2099914550781,708.5700073242188,817.2899780273438,278.260009765625,-3958.419921875,0,0.0,0.0,0.11386861313868613,-0.9256262859859181,-0.3149645643035238,0.09714000977687673,0.18594924152992642
1765375906.104604,367.2900085449219,387.6000061035156,516.7100219726562,200.74000549316406,129.2899932861328,322.2099914550781,708.5700073242188,817.2899780273438,278.260009765625,-3958.419921875,0,0.0,0.0,0.12795125666412796,-0.9206925463475221,-0.318251422255211,0.0925337865920185,0.20610377403530022
1765375906.1437082,367.2900085449219,387.6000061035156,516.7100219726562,200.74000549316406,129.2899932861328,322.2099914550781,708.5700073242188,817.2899780273438,278.260009765625,-3958.419921875,0,0.0,0.0,0.11615384615384615,-0.9260682055493535,-0.30923696852797855,0.12401360538717637,0.17717449490572845
1765375906.2401788,367.2900085449219,387.6000061035156,516.7100219726562,200.74000549316406,129.2899932861328,322.2099914550781,708.5700073242188,817.2899780273438,278.260009765625,-3958.419921875,0,0.0,0.0,0.1318427139552814,-0.9296802635802386,-0.3108394053709764,0.07902655720622247,0.18118574677420865
1765375906.4104304,367.2900085449219,387.6000061035156,516.7100219726562,200.74000549316406,129.2899932861328,322.2099914550781,708.5700073242188,817.2899780273438,278.260009765625,-3958.419921875,0,0.0,0.0,0.11102831594634874,-0.9241913191325927,-0.31728643917921123,0.07139006446214202,0.20025778349174417
1765375906.5282376,367.2900085449219,387.6000061035156,516.7100219726562,200.74000549316406,129.2899932861328,322.2099914550781,708.5700073242188,817.2899780273438,278.260009765625,-3958.419921875,0,0.0,0.0,0.10061919504643962,-0.9240797609452115,-0.31584219877817027,0.07343876133197574,0.20230434799192232
1765375906.5696998,367.2900085449219,387.6000061035156,516.7100219726562,200.74000549316406,129.2899932861328,322.2099914550781,708.5700073242188,817.2899780273438,278.260009765625,-3958.419921875,0,0.0,0.0,0.11917098445595854,-0.9338075215451129,-0.3076742869254316,0.08780062366766973,0.1600971466150129
1765375906.6531246,367.2900085449219,387.6000061035156,516.7100219726562,200.74000549316406,129.2899932861328,322.2099914550781,708.5700073242188,817.2899780273438,278.260009765625,-3958.419921875,0,0.0,0.0,0.13299418604651161,-0.9298999581956628,-0.3101949622171221,0.10468422865317767,0.1676495315654417
1765375906.694751,367.2900085449219,387.6000061035156,516.7100219726562,200.74000549316406,129.2899932861328,322.2099914550781,708.5700073242188,817.2899780273438,278.260009765625,-3958.419921875,0,0.0,0.0,0.11428571428571428,-0.9258618588505986,-0.3125192487971625,0.1206792722806012,0.17478000657625603
1765375906.7861767,367.2900085449219,387.6000061035156,516.7100219726562,200.74000549316406,129.2899932861328,322.2099914550781,708.5700073242188,817.2899780273438,278.260009765625,-3958.419921875,0,0.0,0.0,0.12642857142857142,-0.9258618588505986,-0.3125192487971625,0.1206792722806012,0.17478000657625603
1765375906.8696902,367.2900085449219,387.6000061035156,516.7100219726562,200.74000549316406,129.2899932861328,322.2099914550781,708.5700073242188,817.2899780273438,278.260009765625,-3958.419921875,0,0.0,0.0,0.11196911196911197,-0.9294068416645939,-0.310928124515876,0.08051273773758083,0.18178097566600307
1765375906.956305,367.2900085449219,387.6000061035156,516.7999877929688,200.74000549316406,129.3699951171875,322.2099914550781,708.5700073242188,817.2899780273438,278.260009765625,-3958.419921875,0,0.0,0.0,0.13285714285714287,-0.9258618588505986,-0.3125192487971625,0.1206792722806012,0.17478000657625603
1765375906.9917068,367.2900085449219,387.6000061035156,516.7999877929688,200.74000549316406,129.3699951171875,322.2099914550781,708.5700073242188,817.2899780273438,278.260009765625,-3958.419921875,0,0.0,0.0,0.10810810810810811,-0.9294068416645939,-0.310928124515876,0.08051273773758083,0.18178097566600307
1765375907.0297303,367.2900085449219,387.6000061035156,516.7999877929688,200.74000549316406,129.3699951171875,322.2099914550781,708.5700073242188,817.2899780273438,278.260009765625,-3958.419921875,0,0.0,0.0,0.11891891891891893,-0.9294068416645939,-0.310928124515876,0.08051273773758083,0.18178097566600307
1765375907.1582408,367.2900085449219,387.6000061035156,516.7999877929688,200.74000549316406,129.2899932861328,322.2099914550781,708.5700073242188,817.2899780273438,278.260009765625,-3958.419921875,0,0.0,0.0,0.10662604722010663,-0.9228363130027062,-0.3223470327668514,0.09879218204278264,0.18629448364673507
1765375907.4280412,367.2900085449219,387.6000061035156,516.7100219726562,200.74000549316406,129.2899932861328,322.2099914550781,708.5700073242188,817.2899780273438,278.260009765625,-3958.419921875,0,0.0,0.0,0.08978102189781022,-0.9256494263328434,-0.3149257323541914,0.09739291528737333,0.18576744247225013
1765375907.4795876,367.2900085449219,387.6000061035156,516.7100219726562,200.74000549316406,129.2899932861328,322.2099914550781,708.5700073242188,817.2899780273438,278.260009765625,-3958.419921875,0,0.0,0.0,0.11970802919708029,-0.9256494263328434,-0.3149257323541914,0.09739291528737333,0.18576744247225013
1765375907.5220385,367.2900085449219,387.6000061035156,516.7100219726562,200.74000549316406,129.2899932861328,322.2099914550781,708.5700073242188,817.2899780273438,278.260009765625,-3958.419921875,0,0.0,0.0,0.09708029197080292,-0.9256494263328434,-0.3149257323541914,0.09739291528737333,0.18576744247225013
1765375907.5622497,367.2900085449219,387.6000061035156,516.7100219726562,200.74000549316406,129.2899932861328,322.2099914550781,708.5700073242188,817.2899780273438,278.260009765625,-3958.419921875,0,0.0,0.0,0.12172573189522343,-0.928894457784335,-0.30872647655474444,0.14321079675936166,0.14606066090220202
1765375907.6043673,367.2900085449219,387.6000061035156,516.7100219726562,200.74000549316406,129.2899932861328,322.2099914550781,708.5700073242188,817.2899780273438,278.260009765625,-3958.419921875,0,0.0,0.0,0.10145985401459855,-0.9256494263328434,-0.3149257323541914,0.09739291528737333,0.18576744247225013
1765375907.7763052,367.2900085449219,387.6000061035156,516.7100219726562,200.74000549316406,129.2899932861328,322.2099914550781,708.5700073242188,817.2899780273438,278.260009765625,-3958.419921875,0,0.0,0.0,0.11313868613138686,-0.9256494263328434,-0.3149257323541914,0.09739291528737333,0.18576744247225013
1765375907.8192544,367.2900085449219,387.6000061035156,516.7100219726562,200.74000549316406,129.2899932861328,322.2099914550781,708.5700073242188,817.2899780273438,278.260009765625,-3958.419921875,0,0.0,0.0,0.09124087591240876,-0.9256494263328434,-0.3149257323541914,0.09739291528737333,0.18576744247225013
1765375907.8584645,367.2900085449219,387.6000061035156,516.7100219726562,200.74000549316406,129.2899932861328,322.2099914550781,708.5700073242188,817.2899780273438,278.260009765625,-3958.419921875,0,0.0,0.0,0.10948905109489052,-0.9256494263328434,-0.3149257323541914,0.09739291528737333,0.18576744247225013
1765375907.89948,367.2900085449219,387.6000061035156,516.7100219726562,200.74000549316406,129.2899932861328,322.2099914550781,708.5700073242188,817.2899780273438,278.260009765625,-3958.419921875,0,0.0,0.0,0.0947136563876652,-0.9209426112899118,-0.31957156047600627,0.0907611855121736,0.20371826538107338
1765375907.9411774,367.2900085449219,387.6000061035156,516.7100219726562,200.74000549316406,129.2899932861328,322.2099914550781,708.5700073242188,817.2899780273438,278.260009765625,-3958.419921875,0,0.0,0.0,0.1272166538164996,-0.9256744347453325,-0.3093747041025678,0.125296614925562,0.17808675304062668
1765375907.9839575,367.2900085449219,387.6000061035156,516.7100219726562,200.74000549316406,129.2899932861328,322.2099914550781,708.5700073242188,817.2899780273438,278.260009765625,-3958.419921875,0,0.0,0.0,0.08029197080291971,-0.9256494263328434,-0.3149257323541914,0.09739291528737333,0.18576744247225013
1765375908.1171353,367.2900085449219,387.6000061035156,516.7100219726562,200.74000549316406,129.2899932861328,322.2099914550781,708.5700073242188,817.2899780273438,278.260009765625,-3958.419921875,0,0.0,0.0,0.10802919708029197,-0.9256494263328434,-0.3149257323541914,0.09739291528737333,0.18576744247225013
1765375908.256554,367.2900085449219,387.6000061035156,516.7100219726562,200.74000549316406,129.2899932861328,322.2099914550781,708.5700073242188,817.2899780273438,278.260009765625,-3958.419921875,0,0.0,0.0,0.09124087591240876,-0.9256494263328434,-0.3149257323541914,0.09739291528737333,0.18576744247225013
1765375908.296428,367.2900085449219,387.6000061035156,516.7100219726562,200.74000549316406,129.2899932861328,322.2099914550781,708.5700073242188,817.2899780273438,278.260009765625,-3958.419921875,0,0.0,0.0,0.10364963503649635,-0.9256494263328434,-0.3149257323541914,0.09739291528737333,0.18576744247225013
1765375908.3825433,367.2900085449219,387.6000061035156,516.7100219726562,200.74000549316406,129.2899932861328,322.2099914550781,708.5700073242188,817.2899780273438,278.260009765625,-3958.419921875,0,0.0,0.0,0.06828193832599119,-0.9209426112899118,-0.31957156047600627,0.0907611855121736,0.20371826538107338
1765375908.4229386,367.2900085449219,387.6000061035156,516.7100219726562,200.74000549316406,129.2899932861328,322.2099914550781,708.5700073242188,817.2899780273438,278.260009765625,-3958.419921875,0,0.0,0.0,0.09691629955947137,-0.9209426112899118,-0.31957156047600627,0.0907611855121736,0.20371826538107338
1765375908.5173912,367.2900085449219,387.6000061035156,516.7100219726562,200.74000549316406,129.2899932861328,322.1199951171875,708.5700073242188,817.2899780273438,278.260009765625,-3958.419921875,0,0.0,0.0,0.11144806671721001,-0.9182408793740557,-0.24770172248302558,-0.30893431134214094,0.0060938822486401025
1765375908.5973966,367.2900085449219,387.6000061035156,516.7100219726562,200.74000549316406,129.2899932861328,322.1199951171875,708.5700073242188,817.2899780273438,278.260009765625,-3958.419921875,0,0.0,0.0,0.09691629955947137,-0.9209426112899118,-0.31957156047600627,0.0907611855121736,0.20371826538107338
1765375908.638504,367.2900085449219,387.6000061035156,516.7100219726562,200.74000549316406,129.2899932861328,322.1199951171875,708.5700073242188,817.2899780273438,278.260009765625,-3958.419921875,0,0.0,0.0,0.10866372980910426,-0.9209426112899118,-0.31957156047600627,0.0907611855121736,0.20371826538107338
1765375908.7065208,367.2900085449219,387.6000061035156,516.7100219726562,200.74000549316406,129.2899932861328,322.2099914550781,708.5700073242188,817.2899780273438,278.260009765625,-3958.419921875,0,0.0,0.0,0.0881057268722467,-0.9209426112899118,-0.31957156047600627,0.0907611855121736,0.20371826538107338
1765375908.7891948,367.2900085449219,387.6000061035156,516.7100219726562,200.74000549316406,129.2899932861328,322.2099914550781,708.5700073242188,817.2899780273438,278.260009765625,-3958.419921875,0,0.0,0.0,0.09911894273127753,-0.9209426112899118,-0.31957156047600627,0.0907611855121736,0.20371826538107338
1765375908.8294363,367.2900085449219,387.6000061035156,516.7100219726562,200.74000549316406,129.2899932861328,322.2099914550781,708.5700073242188,817.2899780273438,278.260009765625,-3958.419921875,0,0.0,0.0,0.08775981524249422,-0.926816851610901,-0.3068747431143842,0.07418763896073173,0.2033091484266513
1765375908.869562,367.2900085449219,387.6000061035156,516.7100219726562,200.74000549316406,129.2899932861328,322.2099914550781,708.5700073242188,817.2899780273438,278.260009765625,-3958.419921875,0,0.0,0.0,0.11897810218978103,-0.9256494263328434,-0.3149257323541914,0.09739291528737333,0.18576744247225013
1765375908.9885156,367.2900085449219,387.6000061035156,516.7100219726562,200.74000549316406,129.3699951171875,322.2099914550781,708.3099975585938,817.2899780273438,278.260009765625,-3958.419921875,0,0.0,0.0,0.09691629955947137,-0.9209426112899118,-0.31957156047600627,0.0907611855121736,0.20371826538107338
1765375909.1530771,367.2900085449219,387.6000061035156,516.7100219726562,200.74000549316406,129.2899932861328,329.1499938964844,708.3099975585938,816.6799926757812,278.260009765625,-3958.419921875,0,0.0,0.0,0.07883211678832117,-0.9302804491170084,-0.3139943608244965,0.1165731544273785,0.149654692635827
1765375909.2195897,367.2900085449219,387.6000061035156,516.7100219726562,200.74000549316406,129.2899932861328,329.1499938964844,708.3099975585938,816.6799926757812,278.260009765625,-3958.419921875,0,0.0,0.0,0.19858156028368795,-0.9255532447724671,-0.31116991125815385,0.10601337300345669,0.18784472886716894
1765375909.256044,367.2900085449219,387.6000061035156,516.7100219726562,200.74000549316406,129.2899932861328,329.1499938964844,708.3099975585938,816.6799926757812,278.260009765625,-3958.419921875,0,0.0,0.0,0.16784869976359337,-0.9259993700696516,-0.31066397794765277,0.10656895916220636,0.1861615330282626
1765375909.30183,367.2900085449219,387.6000061035156,516.7100219726562,200.74000549316406,129.2899932861328,342.69000244140625,708.3099975585938,816.1500244140625,278.260009765625,-3958.419921875,0,0.0,0.0,0.21233974358974358,-0.922025001450081,-0.3107357414245891,0.127841368804511,0.1922752717446472
1765375909.380658,367.2900085449219,387.6000061035156,516.7100219726562,200.74000549316406,129.2899932861328,342.69000244140625,708.3099975585938,816.1500244140625,278.260009765625,-3958.419921875,0,0.0,0.0,0.19047619047619047,-0.9298088794128226,-0.3055601399217714,0.09798840215445469,0.18024073263076676
1765375909.42172,367.2900085449219,387.6000061035156,516.7100219726562,200.74000549316406,129.2899932861328,342.69000244140625,708.3099975585938,816.1500244140625,278.260009765625,-3958.419921875,0,0.0,0.0,0.14848993288590603,-0.9314158081121359,-0.3093066945230009,0.10825907838181409,0.1583475073059009
1765375909.512722,367.2900085449219,387.6000061035156,516.7100219726562,200.74000549316406,129.2899932861328,356.30999755859375,708.3099975585938,816.1500244140625,278.260009765625,-3958.419921875,0,0.0,0.0,0.05039096437880104,-0.9370356178313607,-0.2960701133050013,0.13887420682310192,0.12255893929949928
1765375909.5575178,367.2900085449219,387.6000061035156,516.7100219726562,200.74000549316406,129.2899932861328,356.30999755859375,708.3099975585938,816.1500244140625,278.260009765625,-3958.419921875,0,0.0,0.0,0.03367003367003367,-0.9308157556497152,-0.30786502728604775,0.11826092611217094,0.15752938571422984
1765375909.6016436,367.2900085449219,387.6000061035156,516.7100219726562,200.74000549316406,129.2899932861328,356.30999755859375,708.3099975585938,816.1500244140625,278.260009765625,-3958.419921875,0,0.0,0.0,0.019769357495881382,-0.9302045474801972,-0.31231097460696555,0.09100515440304026,0.16999828487160673
1765375909.6830258,367.2900085449219,387.6000061035156,516.7100219726562,200.74000549316406,129.2899932861328,369.760009765625,708.3099975585938,816.1500244140625,278.260009765625,-3958.419921875,0,0.0,0.0,0.01728395061728395,-0.927987710762736,-0.307416090787215,0.0888952629109602,0.19087112937905193
1765375909.7672892,367.2900085449219,387.6000061035156,516.7100219726562,200.74000549316406,129.2899932861328,369.760009765625,708.3099975585938,816.1500244140625,278.260009765625,-3958.419921875,0,0.0,0.0,0.04875962360992301,-0.9284160198378882,-0.3051648441269115,0.09331893729482421,0.19028843359368003
1765375909.866044,367.2900085449219,387.6000061035156,516.7100219726562,200.74000549316406,129.2899932861328,369.760009765625,708.3099975585938,816.1500244140625,278.260009765625,-3958.419921875,0,0.0,0.0,0.06244653550042772,0.9356744182018973,0.2592795173444997,0.21488135705753417,0.10542066873842405
1765375909.9157076,367.2900085449219,387.6000061035156,516.7100219726562,200.74000549316406,129.2899932861328,383.54998779296875,708.3099975585938,816.0599975585938,278.260009765625,-3958.419921875,0,-0.10042704586381423,-0.13164965230346107,0.793857858838419,-0.9322910558942948,-0.3022520111238121,0.07843488471623256,0.18255157553596546
1765375909.9907918,367.2900085449219,387.6000061035156,516.7100219726562,200.74000549316406,129.2899932861328,383.54998779296875,708.3099975585938,816.0599975585938,278.260009765625,-3958.419921875,0,-0.10072719278371765,-0.12857775781077146,0.8077703845749624,-0.9351207909662115,-0.29985923593865865,0.05578048793782013,0.18033879807304248
1765375910.0430465,367.2900085449219,387.6000061035156,516.7100219726562,200.74000549316406,129.2899932861328,383.54998779296875,708.3099975585938,816.0599975585938,278.260009765625,-3958.419921875,0,-0.09810721582942489,-0.12378094168260008,0.794773206055098,-0.9243479167697548,-0.30050782144467425,0.05936165272794317,0.22749103762433667
1765375910.089953,367.2900085449219,387.6000061035156,516.7100219726562,200.74000549316406,129.2899932861328,397.0899963378906,708.3099975585938,816.0599975585938,278.260009765625,-3958.419921875,0,0.0,0.0,0.004516711833785004,-0.9393131766484207,-0.29370865105525173,0.08565697576114738,0.15520588575634517
1765375914.7004948,367.2900085449219,387.6000061035156,516.7100219726562,200.74000549316406,129.2899932861328,407.7200012207031,708.0499877929688,815.97998046875,278.260009765625,-3958.419921875,0,-0.09040382744389974,-0.10247085454587575,0.7753746235239903,-0.9192573471185053,-0.30419527184646866,0.03007058549543468,0.24804621795718396
1765375915.1913462,367.2900085449219,387.6000061035156,516.7999877929688,200.74000549316406,129.2899932861328,407.54998779296875,707.9600219726562,832.3200073242188,278.260009765625,-3958.419921875,0,-0.08180117778859207,-0.12364630879949656,0.794880754777353,-0.9122440735499298,-0.3112903735201095,0.02772954681556425,0.264839811697835
1765375915.2286665,367.2900085449219,387.6000061035156,516.7999877929688,200.74000549316406,129.2899932861328,407.54998779296875,707.9600219726562,832.3200073242188,278.260009765625,-3958.419921875,0,-0.0809100391097474,-0.1295226588132702,0.8073493374283119,-0.919869959997889,-0.3229898252998978,0.06419125943796948,0.21306410222745376
1765375957.3283403,367.2900085449219,387.6000061035156,560.5700073242188,200.74000549316406,129.2899932861328,407.54998779296875,707.8699951171875,890.5999755859375,278.260009765625,-3958.419921875,0,0.0,0.0,0.011666666666666667,-0.9099046357471278,-0.3766609491800382,0.07077898058980832,0.1587148988449003
1765375957.3674574,367.2900085449219,387.6000061035156,560.5700073242188,200.74000549316406,129.2899932861328,407.54998779296875,707.8699951171875,890.5999755859375,278.260009765625,-3958.419921875,0,0.0,0.0,0.029275808936825885,-0.9036839239238262,-0.37910090619341946,0.10738457378380763,0.1676496999049938
1765375957.4580097,367.2900085449219,387.6000061035156,560.5700073242188,200.74000549316406,129.2899932861328,407.54998779296875,707.8699951171875,890.5999755859375,278.260009765625,-3958.419921875,0,0.0,0.0,0.04920514761544285,-0.8959114913313391,-0.38792216175259214,0.0745186846544853,0.20323868174886642
1765375957.4974878,367.2900085449219,387.6000061035156,574.010009765625,200.74000549316406,129.2899932861328,407.54998779296875,707.8699951171875,890.5999755859375,278.260009765625,-3958.419921875,0,0.0,0.0,0.049924357034795766,-0.9038403734092239,-0.38763496091042154,0.08410340599133326,0.16043171000805231
1765375957.6089187,367.2900085449219,387.6000061035156,574.010009765625,200.74000549316406,129.2899932861328,407.54998779296875,707.8699951171875,890.5999755859375,278.260009765625,-3958.419921875,0,0.0,0.0,0.08961141950832673,-0.9072563019648119,-0.3786377212659531,0.08571391942281083,0.16177948756514385
1765375957.6549935,367.2900085449219,387.6000061035156,574.010009765625,200.74000549316406,129.2899932861328,407.54998779296875,707.8699951171875,890.5999755859375,278.260009765625,-3958.419921875,0,0.0,0.0,0.02698282910874898,-0.8987922532948852,-0.3791006344368717,0.0816584851802624,0.2044188987954134
1765375957.6900475,367.2900085449219,387.6000061035156,587.5499877929688,200.74000549316406,129.2899932861328,407.54998779296875,707.8699951171875,890.5999755859375,278.260009765625,-3958.419921875,0,0.0,0.0,0.11983805668016194,0.903211348600307,0.3258802304262756,0.2701252272878151,0.07101898872582149
1765375957.7819216,367.2900085449219,387.6000061035156,587.5499877929688,200.74000549316406,129.2899932861328,407.54998779296875,707.8699951171875,890.5999755859375,278.260009765625,-3958.419921875,0,0.0,0.0,0.045075125208681135,-0.9030604685323246,-0.3783544499173304,0.055604803466744,0.1955448956975295
1765375957.8633964,367.2900085449219,387.6000061035156,587.5499877929688,200.74000549316406,129.2899932861328,407.54998779296875,707.8699951171875,890.5999755859375,278.260009765625,-3958.419921875,0,0.0,0.0,0.08651399491094147,-0.91660424529077,-0.3598367234170496,0.08548430647551138,0.1518111436681138
1765375957.9026184,367.2900085449219,387.6000061035156,600.9099731445312,200.74000549316406,129.2899932861328,407.54998779296875,707.8699951171875,890.5999755859375,278.260009765625,-3958.419921875,0,0.0,0.0,0.07833333333333334,-0.9100302503287615,-0.37042984126757506,0.10269821948860931,0.15517651851656036
1765375957.96223,367.2900085449219,387.6000061035156,600.9099731445312,200.74000549316406,129.2899932861328,407.54998779296875,707.8699951171875,890.5999755859375,278.260009765625,-3958.419921875,0,0.0,0.0,0.04738154613466334,-0.9149463904705526,-0.36533691215940733,0.05191952267674836,0.16342094830148038
1765375958.026772,367.2900085449219,387.6000061035156,600.9099731445312,200.74000549316406,129.2899932861328,407.54998779296875,707.8699951171875,890.5999755859375,278.260009765625,-3958.419921875,0,0.0,0.0,0.026512013256006627,-0.9212313190309174,-0.35115733806979094,0.11747752551907345,0.1192493679405051
1765375958.093049,367.2900085449219,387.6000061035156,603.5399780273438,200.74000549316406,129.2899932861328,407.54998779296875,707.8699951171875,890.5999755859375,278.260009765625,-3958.419921875,0,0.0,0.0,0.02223926380368098,-0.9134425968815576,-0.36028915147891344,0.08517204290810275,0.16899725629648893
1765375958.1330023,367.2900085449219,387.6000061035156,603.5399780273438,200.74000549316406,129.2899932861328,407.54998779296875,707.8699951171875,890.5999755859375,278.260009765625,-3958.419921875,0,0.0,0.0,0.002336448598130841,-0.9112002922132645,-0.3518075072481637,0.05589845000711489,0.20693203860469955
1765375958.1946461,367.2900085449219,387.6000061035156,603.5399780273438,200.74000549316406,129.2899932861328,407.54998779296875,707.8699951171875,890.5999755859375,278.260009765625,-3958.419921875,0,0.0,0.0,0.016911764705882352,-0.9094354556643062,-0.3540265376167696,0.07201497695125877,0.20592767113345328
1765375958.3791704,367.2900085449219,387.6000061035156,603.5399780273438,200.74000549316406,129.2899932861328,407.54998779296875,707.8699951171875,890.5999755859375,278.260009765625,-3958.419921875,0,0.0,0.0,0.04665629860031104,-0.9163891873498509,-0.34638056639722964,0.060157445671613394,0.19139603512319991
1765375958.5376086,367.2900085449219,387.6000061035156,603.5399780273438,200.74000549316406,129.2899932861328,407.54998779296875,707.8699951171875,890.5999755859375,278.260009765625,-3958.419921875,0,0.0,0.0,0.036653386454183264,-0.9100828710976804,-0.35484100648556777,0.08586443206797581,0.196123244814469
1765375958.6669068,367.2900085449219,387.6000061035156,603.5399780273438,200.74000549316406,129.2899932861328,407.54998779296875,707.8699951171875,890.5999755859375,278.260009765625,-3958.419921875,0,0.0,0.0,0.05239520958083832,-0.9133824363386647,-0.35535296515542963,0.11394950492313566,0.16270312065557196
1765375958.7150266,367.2900085449219,387.6000061035156,603.5399780273438,200.74000549316406,129.2899932861328,407.54998779296875,707.8699951171875,890.5999755859375,278.260009765625,-3958.419921875,0,0.0,0.0,0.03908045977011494,-0.9075524262864755,-0.351569961943948,0.08258630676751509,0.21430505671767164
1765375958.7579176,367.2900085449219,387.6000061035156,603.5399780273438,200.74000549316406,129.2899932861328,407.54998779296875,707.8699951171875,890.5999755859375,278.260009765625,-3958.419921875,0,0.0,0.0,0.04961832061068702,-0.9133497646143712,-0.3470434589429191,0.12896833411478265,0.16947039233879388
1765375958.8448803,367.2900085449219,387.6000061035156,603.5399780273438,200.74000549316406,129.2899932861328,407.54998779296875,707.8699951171875,890.5999755859375,278.260009765625,-3958.419921875,0,0.0,0.0,0.06823351023502654,-0.9120547125766827,-0.3597934881826214,0.08891691354438754,0.17549538345434246
1765375958.8869393,367.2900085449219,387.6000061035156,603.5399780273438,200.74000549316406,129.2899932861328,407.54998779296875,707.8699951171875,890.5999755859375,278.260009765625,-3958.419921875,0,0.0,0.0,0.042505592841163314,-0.8998600267179504,-0.3579094791684583,0.09505297525538252,0.2304727075634604
1765375958.9713748,367.2900085449219,387.6000061035156,603.5399780273438,200.74000549316406,129.2899932861328,407.54998779296875,707.8699951171875,890.5999755859375,278.260009765625,-3958.419921875,0,0.0,0.0,0.05334335086401202,0.8995564474737973,0.29202152145268806,0.3180103320918044,0.06626505489048577
1765375959.0571198,367.2900085449219,387.6000061035156,603.5399780273438,200.74000549316406,129.2899932861328,407.54998779296875,707.8699951171875,890.5999755859375,278.260009765625,-3958.419921875,0,0.0,0.0,0.04124513618677043,-0.9103968887411895,-0.34715323051303104,0.10305201429490461,0.20010602655715073
1765375959.2248583,367.2900085449219,387.6000061035156,603.5399780273438,200.74000549316406,129.2899932861328,407.54998779296875,707.8699951171875,890.5999755859375,278.260009765625,-3958.419921875,0,0.0,0.0,0.059770114942528735,-0.907586104515803,-0.3517477728132612,0.08170179801504603,0.2142096716113653
1765375959.260304,367.2900085449219,387.6000061035156,603.5399780273438,200.74000549316406,129.2899932861328,407.54998779296875,707.8699951171875,890.5999755859375,278.260009765625,-3958.419921875,0,0.0,0.0,0.08370702541106129,-0.9125007916303388,-0.35187239680336463,0.10536918619485663,0.18007069790083638
1765375959.3015976,367.2900085449219,387.6000061035156,603.5399780273438,200.74000549316406,129.2899932861328,407.54998779296875,707.8699951171875,890.5999755859375,278.260009765625,-3958.419921875,0,0.0,0.0,0.03590944574551132,-0.90949188945655,-0.35067465145364385,0.0632594149097974,0.21412622040724055
1765375959.3439999,367.2900085449219,387.6000061035156,603.5399780273438,200.74000549316406,129.2899932861328,407.54998779296875,707.8699951171875,890.5999755859375,278.260009765625,-3958.419921875,0,0.0,0.0,0.04885496183206107,-0.9135272633517391,-0.3469015147653007,0.08271042852982015,0.19566875882224022
1765375959.4089103,367.2900085449219,387.6000061035156,603.5399780273438,200.74000549316406,129.2899932861328,407.54998779296875,707.8699951171875,890.5999755859375,278.260009765625,-3958.419921875,0,0.0,0.0,0.06962962962962962,-0.8960268605750678,-0.36213266254932036,0.07556300210633685,0.2455321415937352
1765375959.4482408,367.2900085449219,387.6000061035156,603.5399780273438,200.74000549316406,129.2899932861328,407.54998779296875,707.8699951171875,890.5999755859375,278.260009765625,-3958.419921875,0,0.0,0.0,0.03303303303303303,-0.9053020072110779,-0.35306465577175994,0.0979640768735799,0.21488756182401444
1765375959.7769315,367.2900085449219,387.6000061035156,603.5399780273438,200.74000549316406,129.2899932861328,407.54998779296875,707.8699951171875,890.5999755859375,278.260009765625,-3958.419921875,0,0.0,0.0,0.047619047619047616,-0.9076563902142428,-0.3569399532308382,0.0994924127037527,0.1971167342089537
1765375959.9942486,367.2900085449219,387.6000061035156,603.5399780273438,200.74000549316406,129.2899932861328,407.54998779296875,707.8699951171875,890.5999755859375,278.260009765625,-3958.419921875,0,0.0,0.0,0.03491078355314197,-0.9083581047443282,-0.36010623847271844,0.11016915314371568,0.18185655955702626
1765375960.2866712,367.2900085449219,387.6000061035156,603.5399780273438,200.74000549316406,129.2899932861328,407.54998779296875,707.8699951171875,890.5999755859375,278.260009765625,-3958.419921875,0,0.0,0.0,0.049107142857142856,-0.9076563902142428,-0.3569399532308382,0.0994924127037527,0.1971167342089537
1765375960.3293095,367.2900085449219,387.6000061035156,603.5399780273438,200.74000549316406,129.2899932861328,407.54998779296875,707.8699951171875,890.5999755859375,278.260009765625,-3958.419921875,0,0.0,0.0,0.038490566037735846,-0.899782039706375,-0.35768841555632913,0.09543632145084698,0.23096144038901523
1765375960.484166,367.2900085449219,387.6000061035156,603.5399780273438,200.74000549316406,129.2899932861328,407.54998779296875,707.8699951171875,890.5999755859375,278.260009765625,-3958.419921875,0,0.0,0.0,0.05789473684210526,-0.9059435764687881,-0.3531239859181351,0.13703898375960832,0.1891824615400801
1765375960.5363243,367.2900085449219,387.6000061035156,603.5399780273438,200.74000549316406,129.2899932861328,407.54998779296875,707.8699951171875,890.5999755859375,278.260009765625,-3958.419921875,0,0.0,0.0,0.04279279279279279,-0.9052205335948261,-0.3529249814189718,0.0985979688077948,0.21517012709875352
1765375961.6837862,367.2900085449219,387.6000061035156,603.5399780273438,200.74000549316406,129.2899932861328,407.54998779296875,707.8699951171875,890.5999755859375,278.260009765625,-3958.419921875,0,0.0,0.0,0.053064275037369206,-0.9124125563900471,-0.35189495756050043,0.10533424034544525,0.18049366636012695
1765375961.7255342,367.2900085449219,387.6000061035156,603.5399780273438,200.74000549316406,129.2899932861328,407.54998779296875,707.8699951171875,890.5999755859375,278.260009765625,-3958.419921875,0,0.0,0.0,0.06726457399103139,-0.9124125563900471,-0.35189495756050043,0.10533424034544525,0.18049366636012695
1765375961.7643547,367.2900085449219,387.6000061035156,603.5399780273438,200.74000549316406,129.2899932861328,407.54998779296875,707.8699951171875,890.5999755859375,278.260009765625,-3958.419921875,0,0.0,0.0,0.027439024390243903,-0.913101758451049,-0.3469151319959351,0.08495964588518452,0.19666450741531682
1765375961.8548326,367.2900085449219,387.6000061035156,603.5399780273438,200.74000549316406,129.2899932861328,407.54998779296875,707.8699951171875,890.5999755859375,278.260009765625,-3958.419921875,0,0.0,0.0,0.041158536585365856,-0.913101758451049,-0.3469151319959351,0.08495964588518452,0.19666450741531682
1765375962.1263645,367.2900085449219,387.6000061035156,603.5399780273438,200.74000549316406,129.2899932861328,407.54998779296875,707.8699951171875,890.5999755859375,278.260009765625,-3958.419921875,0,0.0,0.0,0.05754857997010463,-0.9124125563900471,-0.35189495756050043,0.10533424034544525,0.18049366636012695
1765375962.2080693,367.2900085449219,387.6000061035156,603.5399780273438,200.74000549316406,129.2899932861328,407.54998779296875,707.8699951171875,890.5999755859375,278.260009765625,-3958.419921875,0,0.0,0.0,0.036585365853658534,-0.913101758451049,-0.3469151319959351,0.08495964588518452,0.19666450741531682
1765375962.3858926,367.2900085449219,387.6000061035156,603.5399780273438,200.74000549316406,129.2899932861328,407.54998779296875,707.8699951171875,890.5999755859375,278.260009765625,-3958.419921875,0,0.0,0.0,0.05082212257100149,-0.9124125563900471,-0.35189495756050043,0.10533424034544525,0.18049366636012695
1765375962.5886445,367.2900085449219,387.6000061035156,603.5399780273438,200.74000549316406,129.3699951171875,407.54998779296875,707.8699951171875,890.5999755859375,278.260009765625,-3958.419921875,0,0.0,0.0,0.035823170731707314,-0.913101758451049,-0.3469151319959351,0.08495964588518452,0.19666450741531682
1765375962.693141,367.2900085449219,387.6000061035156,603.5399780273438,200.74000549316406,129.2899932861328,407.54998779296875,707.8699951171875,890.5999755859375,278.260009765625,-3958.419921875,0,0.0,0.0,0.0586890243902439,-0.913101758451049,-0.3469151319959351,0.08495964588518452,0.19666450741531682
1765375962.7460003,367.2900085449219,387.6000061035156,603.5399780273438,200.74000549316406,129.2899932861328,407.54998779296875,707.8699951171875,890.5999755859375,278.260009765625,-3958.419921875,0,0.0,0.0,0.02972560975609756,-0.913101758451049,-0.3469151319959351,0.08495964588518452,0.19666450741531682
1765375962.8465798,367.2900085449219,387.6000061035156,603.5399780273438,200.74000549316406,129.2899932861328,407.54998779296875,707.8699951171875,890.5999755859375,278.260009765625,-3958.419921875,0,0.0,0.0,0.045590433482810166,-0.9124125563900471,-0.35189495756050043,0.10533424034544525,0.18049366636012695
1765375962.9846473,367.2900085449219,387.6000061035156,603.5399780273438,200.74000549316406,129.2899932861328,407.54998779296875,707.8699951171875,890.5999755859375,278.260009765625,-3958.419921875,0,0.0,0.0,0.03330689928628073,-0.9131208449626255,-0.34593024292867897,0.08522427321952282,0.19819034481086686
1765375963.1598058,367.2900085449219,387.6000061035156,603.5399780273438,200.74000549316406,129.2899932861328,407.54998779296875,707.8699951171875,890.5999755859375,278.260009765625,-3958.419921875,0,0.0,0.0,0.053064275037369206,-0.9124125563900471,-0.35189495756050043,0.10533424034544525,0.18049366636012695
1765375963.2083435,367.2900085449219,387.6000061035156,603.5399780273438,200.74000549316406,129.2899932861328,407.54998779296875,707.8699951171875,890.5999755859375,278.260009765625,-3958.419921875,0,0.0,0.0,0.036585365853658534,-0.913101758451049,-0.3469151319959351,0.08495964588518452,0.19666450741531682
1765375963.3365247,367.2900085449219,387.6000061035156,603.5399780273438,200.74000549316406,129.2899932861328,407.54998779296875,707.8699951171875,890.5999755859375,278.260009765625,-3958.419921875,0,0.0,0.0,0.053064275037369206,-0.9124125563900471,-0.35189495756050043,0.10533424034544525,0.18049366636012695
1765375963.4264636,367.2900085449219,387.6000061035156,603.5399780273438,200.74000549316406,129.2899932861328,407.54998779296875,707.8699951171875,890.5999755859375,278.260009765625,-3958.419921875,0,0.0,0.0,0.04110612855007474,-0.9124125563900471,-0.35189495756050043,0.10533424034544525,0.18049366636012695
1765375963.5020316,367.2900085449219,387.6000061035156,603.5399780273438,200.74000549316406,129.3699951171875,407.54998779296875,707.8699951171875,890.5999755859375,278.260009765625,-3958.419921875,0,0.0,0.0,0.053064275037369206,-0.9124125563900471,-0.35189495756050043,0.10533424034544525,0.18049366636012695
1765375963.5530155,367.2900085449219,387.6000061035156,603.5399780273438,200.74000549316406,129.3699951171875,407.54998779296875,707.8699951171875,890.5999755859375,278.260009765625,-3958.419921875,0,0.0,0.0,0.035823170731707314,-0.913101758451049,-0.3469151319959351,0.08495964588518452,0.19666450741531682
1765375963.834335,367.2900085449219,387.6000061035156,603.5399780273438,200.74000549316406,129.2899932861328,407.54998779296875,707.8699951171875,890.5999755859375,278.260009765625,-3958.419921875,0,0.0,0.0,0.053064275037369206,-0.9124125563900471,-0.35189495756050043,0.10533424034544525,0.18049366636012695
1765375963.9456394,367.2900085449219,387.6000061035156,603.5399780273438,200.74000549316406,129.2899932861328,407.54998779296875,707.8699951171875,890.5999755859375,278.260009765625,-3958.419921875,0,0.0,0.0,0.035823170731707314,-0.913101758451049,-0.3469151319959351,0.08495964588518452,0.19666450741531682
1765375964.2624593,367.2900085449219,387.6000061035156,603.5399780273438,200.74000549316406,129.2899932861328,407.54998779296875,707.8699951171875,890.5999755859375,278.260009765625,-3958.419921875,0,0.0,0.0,0.048412698412698414,-0.9130318828695975,-0.34599565375465596,0.08531716419809218,0.19844588667866564
1765375964.5025682,367.2900085449219,387.6000061035156,603.5399780273438,200.74000549316406,129.2899932861328,407.54998779296875,707.8699951171875,890.5999755859375,278.260009765625,-3958.419921875,0,0.0,0.0,0.027439024390243903,-0.913101758451049,-0.3469151319959351,0.08495964588518452,0.19666450741531682
1765375964.5720305,367.2900085449219,387.6000061035156,603.5399780273438,200.74000549316406,129.2899932861328,407.54998779296875,707.8699951171875,890.5999755859375,278.260009765625,-3958.419921875,0,0.0,0.0,0.04059328649492584,-0.9093696806108824,-0.35058684872365836,0.06366009135409129,0.21466960254415482
1765375964.6231315,367.2900085449219,387.6000061035156,603.5399780273438,200.74000549316406,129.2899932861328,407.54998779296875,707.8699951171875,890.5999755859375,278.260009765625,-3958.419921875,0,0.0,0.0,0.027439024390243903,-0.913101758451049,-0.3469151319959351,0.08495964588518452,0.19666450741531682
1765375964.6748557,367.2900085449219,387.6000061035156,603.5399780273438,200.74000549316406,129.2899932861328,407.54998779296875,707.8699951171875,890.5999755859375,278.260009765625,-3958.419921875,0,0.0,0.0,0.041158536585365856,-0.913101758451049,-0.3469151319959351,0.08495964588518452,0.19666450741531682
1765375964.9575868,367.2900085449219,387.6000061035156,603.5399780273438,200.74000549316406,129.2899932861328,407.54998779296875,707.8699951171875,890.5999755859375,278.260009765625,-3958.419921875,0,0.0,0.0,0.025152439024390245,-0.913101758451049,-0.3469151319959351,0.08495964588518452,0.19666450741531682
1765375964.9998038,367.2900085449219,387.6000061035156,603.5399780273438,200.74000549316406,129.2899932861328,407.54998779296875,707.8699951171875,890.5999755859375,278.260009765625,-3958.419921875,0,0.0,0.0,0.036585365853658534,-0.913101758451049,-0.3469151319959351,0.08495964588518452,0.19666450741531682
1765375965.0381482,367.2900085449219,387.6000061035156,603.5399780273438,200.74000549316406,129.2899932861328,407.54998779296875,707.8699951171875,890.5999755859375,278.260009765625,-3958.419921875,0,0.0,0.0,0.024390243902439025,-0.913101758451049,-0.3469151319959351,0.08495964588518452,0.19666450741531682
1765375965.080748,370.0199890136719,389.9700012207031,603.5399780273438,203.5500030517578,132.10000610351562,407.54998779296875,707.6099853515625,889.7999877929688,280.80999755859375,-3958.419921875,0,0.0,0.0,0.03353658536585366,-0.913101758451049,-0.3469151319959351,0.08495964588518452,0.19666450741531682
1765375965.1695848,370.0199890136719,389.9700012207031,603.5399780273438,203.5500030517578,132.10000610351562,407.54998779296875,707.6099853515625,889.7999877929688,280.80999755859375,-3958.419921875,0,0.0,0.0,0.04801829268292683,-0.913101758451049,-0.3469151319959351,0.08495964588518452,0.19666450741531682
1765375965.213534,370.0199890136719,389.9700012207031,603.5399780273438,203.5500030517578,132.10000610351562,407.54998779296875,707.6099853515625,889.7999877929688,280.80999755859375,-3958.419921875,0,0.0,0.0,0.03287461773700306,-0.9100606186989371,-0.35571817156421814,0.08378881726042588,0.19553436223440723
1765375965.3101132,372.8299865722656,392.5199890136719,603.5399780273438,206.4600067138672,135.0,407.54998779296875,707.52001953125,889.6300048828125,283.3599853515625,-3958.419921875,0,0.0,0.0,0.038871951219512195,-0.913101758451049,-0.3469151319959351,0.08495964588518452,0.19666450741531682
1765375965.396322,372.8299865722656,392.5199890136719,603.5399780273438,206.4600067138672,135.0,407.54998779296875,707.52001953125,889.6300048828125,283.3599853515625,-3958.419921875,0,0.0,0.0,0.06793893129770992,-0.9134849826401552,-0.3467398390346499,0.08356628579901171,0.1957890354307374
1765375965.4935138,375.55999755859375,395.07000732421875,603.4600219726562,209.36000061035156,137.89999389648438,407.54998779296875,707.3400268554688,888.8400268554688,286.0,-3958.419921875,0,0.0,0.0,0.037285607755406416,-0.9023069879894839,-0.3615476965604794,0.09773467735935792,0.21347902795970172
1765375965.5456715,375.55999755859375,395.07000732421875,603.4600219726562,209.36000061035156,137.89999389648438,407.54998779296875,707.3400268554688,888.8400268554688,286.0,-3958.419921875,0,0.0,0.0,0.05007587253414264,-0.9088532627548257,-0.3521297927372745,0.12451768977158528,0.18570326001623996
1765375965.5899675,375.55999755859375,395.07000732421875,603.4600219726562,209.36000061035156,137.89999389648438,407.54998779296875,707.3400268554688,888.8400268554688,286.0,-3958.419921875,0,0.0,0.0,0.07100149476831091,-0.9124765557008112,-0.3517884599433939,0.10577228572903109,0.1801211767635774
1765375965.6450987,375.55999755859375,395.07000732421875,603.4600219726562,209.36000061035156,137.89999389648438,407.54998779296875,707.3400268554688,888.8400268554688,286.0,-3958.419921875,0,0.0,0.0,0.059790732436472344,-0.9124765557008112,-0.3517884599433939,0.10577228572903109,0.1801211767635774
1765375965.6909547,378.19000244140625,397.5299987792969,603.4600219726562,212.33999633789062,140.8000030517578,407.54998779296875,706.9000244140625,888.4000244140625,288.6300048828125,-3958.419921875,0,0.0,0.0,0.07035928143712575,-0.9106341923129142,-0.3480148865738258,0.10177459580942198,0.19817400980310831
1765375965.7410407,378.19000244140625,397.5299987792969,603.4600219726562,212.33999633789062,140.8000030517578,407.54998779296875,706.9000244140625,888.4000244140625,288.6300048828125,-3958.419921875,0,0.0,0.0,0.04985119047619048,-0.907710716374941,-0.3567472278681706,0.10036013349747962,0.19677528907572486
1765375965.825055,378.19000244140625,397.5299987792969,603.4600219726562,212.33999633789062,140.8000030517578,407.54998779296875,706.9000244140625,888.4000244140625,288.6300048828125,-3958.419921875,0,0.0,0.0,0.06315789473684211,-0.907681920787176,-0.3567036400925826,0.1014777946346336,0.19641359682286544
1765375965.867591,378.19000244140625,397.5299987792969,603.4600219726562,212.33999633789062,140.8000030517578,407.54998779296875,706.9000244140625,888.4000244140625,288.6300048828125,-3958.419921875,0,0.0,0.0,0.035303146584804296,-0.9104351310338785,-0.3555050139851761,0.0845753564244887,0.1938325728467613
1765375965.9155662,380.9200134277344,400.0799865722656,603.4600219726562,215.24000549316406,143.61000061035156,407.54998779296875,706.5499877929688,888.1300048828125,291.17999267578125,-3958.419921875,0,0.0,0.0,0.028985507246376812,-0.9135398895162327,-0.34669929892418155,0.08543578639493374,0.19479525864668734
1765375965.956546,380.9200134277344,400.0799865722656,603.4600219726562,215.24000549316406,143.61000061035156,407.54998779296875,706.5499877929688,888.1300048828125,291.17999267578125,-3958.419921875,0,0.0,0.0,0.009938837920489297,-0.9104331128056078,-0.3554743856014831,0.085074434878373,0.19367975841183066
1765375966.0020132,380.9200134277344,400.0799865722656,603.4600219726562,215.24000549316406,143.61000061035156,407.54998779296875,706.5499877929688,888.1300048828125,291.17999267578125,-3958.419921875,0,0.0,0.0,0.03608247422680412,-0.9105096450356804,-0.3562361066823928,0.08454677092902997,0.19214542960540157
1765375966.0870547,383.6400146484375,402.5400085449219,603.5399780273438,218.05999755859375,146.42999267578125,407.54998779296875,706.2899780273438,887.9600219726562,293.9100036621094,-3958.419921875,0,0.0,0.0,0.042748091603053436,-0.9137284052360596,-0.3465521394227245,0.0845594299445982,0.1945551822330734
1765375966.1581228,383.6400146484375,402.5400085449219,603.5399780273438,218.05999755859375,146.42999267578125,407.54998779296875,706.2899780273438,887.9600219726562,293.9100036621094,-3958.419921875,0,-0.1250410999888213,-0.14956467411193705,0.7351709681094353,-0.9135398895162327,-0.34669929892418155,0.08543578639493374,0.19479525864668734
1765375966.225764,383.6400146484375,402.5400085449219,603.5399780273438,218.05999755859375,146.42999267578125,407.54998779296875,706.2899780273438,887.9600219726562,293.9100036621094,-3958.419921875,0,0.0,0.0,0.0007485029940119761,-0.9110816478913379,-0.34775666560991014,0.10274334971242646,0.19605952282241107
1765375966.269407,383.6400146484375,402.5400085449219,603.5399780273438,218.05999755859375,146.42999267578125,407.54998779296875,706.2899780273438,887.9600219726562,293.9100036621094,-3958.419921875,0,0.0,0.0,0.01943198804185351,-0.9128687887721566,-0.35150219950113604,0.10673701608023106,0.17811228938455606
1765375966.3117902,386.4599914550781,404.9100036621094,603.4600219726562,220.8699951171875,149.41000366210938,407.54998779296875,706.2000122070312,887.9600219726562,296.7200012207031,-3958.419921875,0,0.0,0.0,0.0007936507936507937,-0.9135471163514948,-0.34569567904498855,0.0868575711330972,0.19591305732990774
1765375966.485338,389.0899963378906,407.2900085449219,603.4600219726562,223.58999633789062,152.22999572753906,407.54998779296875,705.9400024414062,887.52001953125,299.5299987792969,-3958.419921875,0,-0.12352299192788507,-0.1465185662179933,0.7246613739593278,-0.9091839220351001,-0.35182243951482384,0.1253635395431629,0.18409114568582877
1765375966.611674,389.0899963378906,407.2900085449219,603.4600219726562,223.58999633789062,152.22999572753906,407.54998779296875,705.9400024414062,887.52001953125,299.5299987792969,-3958.419921875,0,-0.12864733800193193,-0.1516966280839761,0.7516019491810682,-0.9155055221213613,-0.34956569007828164,0.09252421451944773,0.17633132737250018
1765375966.651246,389.0899963378906,407.2900085449219,603.4600219726562,223.58999633789062,152.22999572753906,407.54998779296875,705.9400024414062,887.52001953125,299.5299987792969,-3958.419921875,0,0.0,0.0,0.0045627376425855515,-0.9071304519333533,-0.3643372309536793,0.08677921914346924,0.19194294058663763
1765375966.692739,391.7300109863281,409.75,603.5399780273438,226.32000732421875,155.0399932861328,407.54998779296875,705.8499755859375,887.0800170898438,302.260009765625,-3958.419921875,0,-0.12862487116179558,-0.1509189921186222,0.7491105831858321,-0.9136424921377211,-0.3456861995876347,0.0868987339093467,0.1954662580088572
1765375966.7352211,391.7300109863281,409.75,603.5399780273438,226.32000732421875,155.0399932861328,407.54998779296875,705.8499755859375,887.0800170898438,302.260009765625,-3958.419921875,0,0.0,0.0,0.002976190476190476,-0.9060165966081064,-0.35256861412136414,0.09950252778910837,0.21196354868416004
1765375966.9058757,394.45001220703125,412.2099914550781,603.4600219726562,228.77999877929688,157.85000610351562,407.54998779296875,705.760009765625,886.5499877929688,304.8900146484375,-3958.419921875,0,0.0,0.0,0.0037965072133637054,-0.9022818520693539,-0.35633546112993214,0.08127171814747436,0.2287081249037135
1765375966.990119,394.45001220703125,412.2099914550781,603.4600219726562,228.77999877929688,157.85000610351562,407.54998779296875,705.760009765625,886.5499877929688,304.8900146484375,-3958.419921875,0,-0.1260266041059254,-0.14656846320238487,0.7347412804804319,-0.913778764560897,-0.3465108917978019,0.08700746563625283,0.19330874844819965
1765375967.0325084,394.45001220703125,412.2099914550781,603.4600219726562,228.77999877929688,157.85000610351562,407.54998779296875,705.760009765625,886.5499877929688,304.8900146484375,-3958.419921875,0,0.0,0.0,0.02450229709035222,-0.9095896047243734,-0.3515528830090585,0.12549870626640156,0.18250314011226457
1765375967.0719912,394.45001220703125,412.2099914550781,603.4600219726562,228.77999877929688,157.85000610351562,407.54998779296875,705.760009765625,886.5499877929688,304.8900146484375,-3958.419921875,0,0.0,0.0,0.04253731343283582,-0.9115078944670058,-0.34754584763232704,0.10227440272288241,0.19469254907553832
1765375967.113831,397.17999267578125,414.6700134277344,603.4600219726562,231.24000549316406,160.66000366210938,407.54998779296875,705.4099731445312,886.2899780273438,307.5299987792969,-3958.419921875,0,0.0,0.0,0.036585365853658534,-0.9138532774509176,-0.34641668935865005,0.08746791687235667,0.19291715357639724
1765375967.193444,397.17999267578125,414.6700134277344,603.4600219726562,231.24000549316406,160.66000366210938,407.54998779296875,705.4099731445312,886.2899780273438,307.5299987792969,-3958.419921875,0,0.0,0.0,0.02092675635276532,-0.9130636719260836,-0.3511720323855643,0.10801816346641069,0.1769887313938181
1765375967.3023748,399.8999938964844,417.0400085449219,603.5399780273438,233.52999877929688,163.47999572753906,407.54998779296875,705.0599975585938,886.030029296875,310.25,-3958.419921875,0,0.0,0.0,0.028963414634146343,-0.9138155125250271,-0.34624791576282826,0.08831034514953646,0.19301521400679586
1765375967.3933308,399.8999938964844,417.0400085449219,603.5399780273438,233.52999877929688,163.47999572753906,407.54998779296875,705.0599975585938,886.030029296875,310.25,-3958.419921875,0,0.0,0.0,0.05758754863813229,-0.911105670731018,-0.34641862254820754,0.10595473409078981,0.19660668614605764
1765375967.5027223,402.6300048828125,419.3299865722656,603.5399780273438,235.72000122070312,166.2899932861328,407.54998779296875,704.8800048828125,885.760009765625,313.07000732421875,-3958.419921875,0,0.0,0.0,0.04954268292682927,-0.9139093382172101,-0.34623707990171665,0.08834693941413113,0.1925731661386628
1765375967.604804,402.6300048828125,419.3299865722656,603.5399780273438,235.72000122070312,166.2899932861328,407.54998779296875,704.8800048828125,885.760009765625,313.07000732421875,-3958.419921875,0,0.0,0.0,0.06142322097378277,-0.9113235205239826,-0.34729199108627945,0.10527769082312521,0.19440761734575251
1765375967.6620538,402.6300048828125,419.3299865722656,603.5399780273438,235.72000122070312,166.2899932861328,407.54998779296875,704.8800048828125,885.760009765625,313.07000732421875,-3958.419921875,0,0.0,0.0,0.08326967150496563,-0.9136490742818474,-0.3461630898301635,0.13300397975665984,0.16651253908354072
1765375967.7164798,405.3500061035156,421.6099853515625,603.5399780273438,237.66000366210938,169.19000244140625,407.54998779296875,704.530029296875,885.4099731445312,315.8800048828125,-3958.419921875,0,0.0,0.0,0.07174887892376682,-0.9131732912935467,-0.35086202549752066,0.10926074458391163,0.17627384611693764
1765375967.7741466,405.3500061035156,421.6099853515625,603.5399780273438,237.66000366210938,169.19000244140625,407.54998779296875,704.530029296875,885.4099731445312,315.8800048828125,-3958.419921875,0,0.0,0.0,0.053064275037369206,-0.9131732912935467,-0.35086202549752066,0.10926074458391163,0.17627384611693764
1765375967.903806,408.0799865722656,424.07000732421875,603.4600219726562,239.58999633789062,172.08999633789062,407.54998779296875,704.1799926757812,885.3200073242188,318.69000244140625,-3958.419921875,0,0.0,0.0,0.0950896336710834,-0.9160711949083756,-0.34110725867115116,0.11152702226739618,0.17894448090165024
1765375967.95211,408.0799865722656,424.07000732421875,603.4600219726562,239.58999633789062,172.08999633789062,407.54998779296875,704.1799926757812,885.3200073242188,318.69000244140625,-3958.419921875,0,0.0,0.0,0.03429878048780488,-0.9141180951040949,-0.34586076557573336,0.09012751338912108,0.19143006652279698
1765375968.1145196,410.7099914550781,426.5299987792969,603.4600219726562,239.5,174.89999389648438,407.54998779296875,704.0900268554688,884.8800048828125,321.3299865722656,-3958.419921875,0,0.0,0.0,0.04573643410852713,-0.9211058245688933,-0.3394642918629301,0.12513173070514583,0.14377101399793119
1765375968.298442,413.3500061035156,429.0799865722656,603.5399780273438,239.41000366210938,177.88999938964844,407.54998779296875,703.8300170898438,884.3599853515625,324.04998779296875,-3958.419921875,0,0.0,0.0,0.030303030303030304,-0.9143538172658232,-0.33708319258026914,0.10881098579806599,0.19619425960247616
1765375968.3809853,413.3500061035156,429.0799865722656,603.5399780273438,239.41000366210938,177.88999938964844,407.54998779296875,703.8300170898438,884.3599853515625,324.04998779296875,-3958.419921875,0,0.0,0.0,0.04810725552050473,-0.9173216516117615,-0.33583244978363097,0.09039813143420508,0.19381880969038978
1765375968.4827209,416.07000732421875,431.5400085449219,603.4600219726562,239.3300018310547,180.7899932861328,407.54998779296875,703.739990234375,884.0900268554688,326.7799987792969,-3958.419921875,0,0.0,0.0,0.035168195718654434,-0.9132062542428371,-0.34190028334001804,0.12774938342209685,0.181214316484809
1765375968.6306849,416.07000732421875,431.5400085449219,603.4600219726562,239.3300018310547,180.7899932861328,407.54998779296875,703.739990234375,884.0900268554688,326.7799987792969,-3958.419921875,0,0.0,0.0,0.02471042471042471,-0.91925092416101,-0.3319390126488772,0.11349783302899466,0.1786406230635691
1765375968.6805754,418.7099914550781,433.9200134277344,603.5399780273438,239.3300018310547,183.69000244140625,407.54998779296875,703.3900146484375,883.739990234375,329.5,-3958.419921875,0,0.0,0.0,0.02471042471042471,-0.91925092416101,-0.3319390126488772,0.11349783302899466,0.1786406230635691
1765375968.7851958,418.7099914550781,433.9200134277344,603.5399780273438,239.3300018310547,183.69000244140625,407.54998779296875,703.3900146484375,883.739990234375,329.5,-3958.419921875,0,0.0,0.0,0.03875968992248062,-0.9163920141209525,-0.34077875000215124,0.11227297256027968,0.17745506370570013
1765375968.8668773,418.7099914550781,433.9200134277344,603.5399780273438,239.3300018310547,183.69000244140625,407.54998779296875,703.3900146484375,883.739990234375,329.5,-3958.419921875,0,0.0,0.0,0.013302034428794992,-0.9206571975553977,-0.3267153699030624,0.09049015130454549,0.19354308092883932
1765375968.910147,421.3500061035156,436.2900085449219,603.4600219726562,239.3300018310547,186.5,407.54998779296875,703.2999877929688,883.3900146484375,332.2300109863281,-3958.419921875,0,0.0,0.0,0.023238380809595203,-0.9100347254174951,-0.3428814299111623,0.10258218216784198,0.20915549110187076
1765375969.0409691,421.3500061035156,436.2900085449219,603.4600219726562,239.3300018310547,186.5,407.54998779296875,703.2999877929688,883.3900146484375,332.2300109863281,-3958.419921875,0,0.0,0.0,0.03953488372093023,-0.9165489407912792,-0.3406364251378876,0.11269569235101104,0.17664808498591408
1765375969.1104527,423.9800109863281,438.75,603.4600219726562,239.3300018310547,189.32000732421875,407.54998779296875,702.9500122070312,883.2999877929688,334.95001220703125,-3958.419921875,0,0.0,0.0,0.03320158102766799,-0.9194503611779152,-0.3395372559158385,0.0960531073950181,0.17349145723840403
1765375969.2972085,426.6199951171875,441.29998779296875,603.4600219726562,239.3300018310547,192.22000122070312,407.54998779296875,702.8599853515625,882.9500122070312,337.67999267578125,-3958.419921875,0,0.0,0.0,0.028744326777609682,-0.9197525175033633,-0.34047906401656797,0.09371271817754363,0.1713103615208485
1765375969.4727643,429.0799865722656,443.760009765625,603.4600219726562,239.3300018310547,195.02999877929688,407.54998779296875,702.510009765625,882.8599853515625,340.3999938964844,-3958.419921875,0,0.0,0.0,0.01598173515981735,-0.9123328106180184,-0.34173591062417935,0.08683385643266041,0.20814728303949132
1765375969.6979105,431.4599914550781,446.1300048828125,603.4600219726562,239.3300018310547,197.83999633789062,407.54998779296875,702.4199829101562,882.4199829101562,343.1199951171875,-3958.419921875,0,0.0,0.0,0.005591054313099041,-0.9233256112271594,-0.3251761677424138,0.0728805495979345,0.190836844122547
1765375969.8700228,431.4599914550781,446.1300048828125,603.4600219726562,239.3300018310547,197.83999633789062,407.54998779296875,702.4199829101562,882.4199829101562,343.1199951171875,-3958.419921875,0,0.0,0.0,0.02084942084942085,-0.9195878692759571,-0.3317425194036164,0.11392598416721599,0.17699130383094477
1765375969.914998,433.739990234375,448.510009765625,603.4600219726562,239.3300018310547,200.64999389648438,407.54998779296875,702.0700073242188,881.97998046875,345.8500061035156,-3958.419921875,0,0.0,0.0,0.0076103500761035,-0.917988508672215,-0.33670142433447814,0.08979977150549057,0.1893812288334248
1765375970.0517864,433.739990234375,448.510009765625,603.4600219726562,239.3300018310547,200.64999389648438,407.54998779296875,702.0700073242188,881.97998046875,345.8500061035156,-3958.419921875,0,0.0,0.0,0.024390243902439025,-0.9148086492455821,-0.3454955372373105,0.09160300215565648,0.18806078541430796
1765375970.101136,435.8500061035156,450.8800048828125,603.4600219726562,239.3300018310547,203.5500030517578,407.54998779296875,701.719970703125,881.6300048828125,348.6600036621094,-3958.419921875,0,0.0,0.0,0.017829457364341085,-0.9148573551935607,-0.34047074972165947,0.06911110430374336,0.20576526308911178
1765375970.1940274,435.8500061035156,450.8800048828125,603.4600219726562,239.3300018310547,203.5500030517578,407.54998779296875,701.719970703125,881.6300048828125,348.6600036621094,-3958.419921875,0,0.0,0.0,0.041053446940356314,-0.9249444962780482,-0.3299350769261164,0.1257729452651635,0.14071847802627563
1765375970.3256133,437.8699951171875,453.25,603.4600219726562,239.3300018310547,206.4600067138672,407.54998779296875,701.6300048828125,881.3699951171875,351.3900146484375,-3958.419921875,0,0.0,0.0,0.021341463414634148,-0.9149913467562345,-0.3454663164986644,0.09165448339208972,0.18719859828584776
1765375970.383228,437.8699951171875,453.25,603.4600219726562,239.3300018310547,206.4600067138672,407.54998779296875,701.6300048828125,881.3699951171875,351.3900146484375,-3958.419921875,0,0.0,0.0,0.031545741324921134,-0.9181729868532731,-0.3354968900676639,0.09166880376486751,0.18972884172993673
1765375970.4747639,439.8900146484375,455.6199951171875,603.5399780273438,239.3300018310547,209.36000061035156,407.54998779296875,701.3699951171875,881.280029296875,354.20001220703125,-3958.419921875,0,0.0,0.0,0.04503105590062112,-0.9212541797075607,-0.3352111081210247,0.1191737282861981,0.15723190468219686
1765375970.564921,439.8900146484375,455.6199951171875,603.5399780273438,239.3300018310547,209.36000061035156,407.54998779296875,701.3699951171875,881.280029296875,354.20001220703125,-3958.419921875,0,0.0,0.0,0.023148148148148147,-0.9207861563533353,-0.3353501595490874,0.07189861350263492,0.18580558154924115
1765375970.6072733,439.8900146484375,455.6199951171875,603.5399780273438,239.3300018310547,209.36000061035156,407.54998779296875,701.3699951171875,881.280029296875,354.20001220703125,-3958.419921875,0,-0.1302242116187747,-0.13413874345707638,0.7413410450853358,-0.9150579766346946,-0.34047329767007256,0.06917761731850486,0.2048445513871906
1765375970.651953,439.8900146484375,455.6199951171875,603.5399780273438,239.3300018310547,209.36000061035156,407.54998779296875,701.3699951171875,881.280029296875,354.20001220703125,-3958.419921875,0,0.0,0.0,0.03975058456742011,-0.9171362745320625,-0.3403993024997046,0.11327015613155023,0.17366416016293731
1765375970.6974132,439.79998779296875,458.0,603.4600219726562,239.3300018310547,212.33999633789062,407.54998779296875,701.280029296875,881.1900024414062,356.9200134277344,-3958.419921875,0,0.0,0.0,0.005434782608695652,-0.921333756591438,-0.33517484115609747,0.1191787870225712,0.15683861624269213
1765375970.738896,439.79998779296875,458.0,603.4600219726562,239.3300018310547,212.33999633789062,407.54998779296875,701.280029296875,881.1900024414062,356.9200134277344,-3958.419921875,0,0.0,0.0,0.049689440993788817,-0.921333756591438,-0.33517484115609747,0.1191787870225712,0.15683861624269213
1765375970.7861485,439.79998779296875,458.0,603.4600219726562,239.3300018310547,212.33999633789062,407.54998779296875,701.280029296875,881.1900024414062,356.9200134277344,-3958.419921875,0,0.0,0.0,0.004705882352941176,-0.923237897462083,-0.3302263450009298,0.09704165299767724,0.1707784041985337
1765375970.8865278,439.79998779296875,460.3699951171875,603.4600219726562,239.3300018310547,215.24000549316406,407.54998779296875,701.1900024414062,880.8400268554688,359.6499938964844,-3958.419921875,0,0.0,0.0,0.014901960784313726,-0.923237897462083,-0.3302263450009298,0.09704165299767724,0.1707784041985337
1765375971.0476983,439.79998779296875,460.3699951171875,603.4600219726562,239.3300018310547,215.24000549316406,407.54998779296875,701.1900024414062,880.8400268554688,359.6499938964844,-3958.419921875,0,-0.1312075568496539,-0.1342029827433729,0.7438904449058792,-0.9208745360321545,-0.33534354669995226,0.07194149863300013,0.1853623892506225
1765375971.090303,439.79998779296875,462.739990234375,603.4600219726562,239.3300018310547,218.13999938964844,407.54998779296875,700.8400268554688,880.8400268554688,362.2900085449219,-3958.419921875,0,0.0,0.0,0.00076103500761035,-0.918484312640225,-0.3365844488746671,0.09014110749689748,0.1870081734812216
1765375971.1321013,439.79998779296875,462.739990234375,603.4600219726562,239.3300018310547,218.13999938964844,407.54998779296875,700.8400268554688,880.8400268554688,362.2900085449219,-3958.419921875,0,0.0,0.0,0.048484848484848485,-0.9185772026728595,-0.33651675810027487,0.09000909176626673,0.18673713515741125
1765375971.215506,439.79998779296875,462.739990234375,603.4600219726562,239.3300018310547,218.13999938964844,407.54998779296875,700.8400268554688,880.8400268554688,362.2900085449219,-3958.419921875,0,0.0,0.0,0.03225806451612903,-0.9239614149924723,-0.3263666703635364,0.07229274835022116,0.18588668219347748
1765375971.3011425,439.79998779296875,465.1199951171875,603.4600219726562,239.3300018310547,221.0399932861328,407.54998779296875,700.75,880.8400268554688,364.9200134277344,-3958.419921875,0,-0.12931782092349384,-0.13093759167437286,0.7308901715798496,-0.9156980667203761,-0.3365157261775706,0.10942883517796888,0.19047190520216065
1765375971.3403506,439.79998779296875,465.1199951171875,603.4600219726562,239.3300018310547,221.0399932861328,407.54998779296875,700.75,880.8400268554688,364.9200134277344,-3958.419921875,0,0.0,0.0,0.012355212355212355,-0.9202199296814143,-0.3313970328403886,0.11455012132341057,0.17392399876529765
1765375971.3880932,439.79998779296875,465.1199951171875,603.4600219726562,239.3300018310547,221.0399932861328,407.54998779296875,700.75,880.8400268554688,364.9200134277344,-3958.419921875,0,0.0,0.0,0.032432432432432434,-0.9202199296814143,-0.3313970328403886,0.11455012132341057,0.17392399876529765
1765375971.4278533,439.79998779296875,465.1199951171875,603.4600219726562,239.3300018310547,221.0399932861328,407.54998779296875,700.75,880.8400268554688,364.9200134277344,-3958.419921875,0,0.0,0.0,0.014671814671814672,-0.9202199296814143,-0.3313970328403886,0.11455012132341057,0.17392399876529765
1765375971.468025,439.79998779296875,465.1199951171875,603.4600219726562,239.3300018310547,221.0399932861328,407.54998779296875,700.75,880.8400268554688,364.9200134277344,-3958.419921875,0,0.0,0.0,0.030303030303030304,-0.915568458099964,-0.33653918179178305,0.11010362062364344,0.19066454934501195
1765375971.5143192,439.79998779296875,467.5799865722656,603.4600219726562,239.3300018310547,223.9499969482422,407.54998779296875,700.4000244140625,880.75,367.6499938964844,-3958.419921875,0,0.0,0.0,0.008547008547008548,-0.915568458099964,-0.33653918179178305,0.11010362062364344,0.19066454934501195
1765375971.645099,439.79998779296875,467.5799865722656,603.4600219726562,239.3300018310547,223.9499969482422,407.54998779296875,700.4000244140625,880.75,367.6499938964844,-3958.419921875,0,0.0,0.0,0.02662490211433046,-0.921587466639042,-0.32642333636436915,0.09194641121543162,0.18886557196903167
1765375971.689206,439.79998779296875,470.1300048828125,603.4600219726562,239.3300018310547,226.85000610351562,407.54998779296875,700.0499877929688,880.3099975585938,370.3699951171875,-3958.419921875,0,0.0,0.0,0.03484848484848485,-0.9187428408268118,-0.33640123079421064,0.0904641776008011,0.18590867898145733
1765375971.8185945,439.79998779296875,470.1300048828125,603.4600219726562,239.3300018310547,226.85000610351562,407.54998779296875,700.0499877929688,880.3099975585938,370.3699951171875,-3958.419921875,0,0.0,0.0,0.01141552511415525,-0.9163850725594129,-0.3327058183718701,0.08880674082488611,0.20410438504805656
1765375971.8875847,439.79998779296875,472.67999267578125,603.5399780273438,239.3300018310547,229.66000366210938,407.54998779296875,699.8699951171875,879.9600219726562,373.1000061035156,-3958.419921875,0,0.0,0.0,0.03300076745970836,-0.9190932687768054,-0.327506718601969,0.1090595047706506,0.1900340416318037
1765375971.992294,439.79998779296875,472.67999267578125,603.5399780273438,239.3300018310547,229.66000366210938,407.54998779296875,699.8699951171875,879.9600219726562,373.1000061035156,-3958.419921875,0,0.0,0.0,0.043745203376822715,-0.9190932687768054,-0.327506718601969,0.1090595047706506,0.1900340416318037
1765375972.036552,439.79998779296875,472.67999267578125,603.5399780273438,239.3300018310547,229.66000366210938,407.54998779296875,699.8699951171875,879.9600219726562,373.1000061035156,-3958.419921875,0,0.0,0.0,0.029930928626247123,-0.9190932687768054,-0.327506718601969,0.1090595047706506,0.1900340416318037
1765375972.0765905,439.79998779296875,475.1400146484375,603.4600219726562,239.3300018310547,232.64999389648438,407.54998779296875,699.7000122070312,879.52001953125,375.7300109863281,-3958.419921875,0,0.0,0.0,0.031323414252153486,-0.9217561416842757,-0.32630627154943115,0.09238940226363243,0.1880266756718181
1765375972.194982,439.79998779296875,475.1400146484375,603.4600219726562,239.3300018310547,232.64999389648438,407.54998779296875,699.7000122070312,879.52001953125,375.7300109863281,-3958.419921875,0,0.0,0.0,0.043243243243243246,-0.9204626274398382,-0.3312182998585174,0.11494506896914303,0.17271543198296402
1765375972.2889664,439.79998779296875,477.6000061035156,603.5399780273438,239.3300018310547,235.5500030517578,407.54998779296875,699.52001953125,879.1699829101562,378.4599914550781,-3958.419921875,0,0.0,0.0,0.03137254901960784,-0.9278690709834342,-0.32464288145510145,0.10436738016166336,0.15090870283406008
1765375972.4153352,439.79998779296875,477.6000061035156,603.5399780273438,239.3300018310547,235.5500030517578,407.54998779296875,699.52001953125,879.1699829101562,378.4599914550781,-3958.419921875,0,0.0,0.0,0.012403100775193798,-0.9156330590450962,-0.3403019431215944,0.07023582154668889,0.20218214081131985
1765375972.4585657,439.79998779296875,477.6000061035156,603.5399780273438,239.3300018310547,235.5500030517578,407.54998779296875,699.52001953125,879.1699829101562,378.4599914550781,-3958.419921875,0,0.0,0.0,0.029320987654320986,-0.9212834075632742,-0.33514855966009716,0.0729856269215938,0.1832632646474094
1765375972.5011973,439.79998779296875,480.1499938964844,603.4600219726562,239.3300018310547,238.4499969482422,407.54998779296875,699.1699829101562,879.0800170898438,381.17999267578125,-3958.419921875,0,0.0,0.0,0.03120243531202435,-0.9136163047392697,-0.34137030749084707,0.08833027886437621,0.20240880097937453
1765375972.6996553,439.79998779296875,482.6099853515625,603.4600219726562,239.3300018310547,241.35000610351562,407.54998779296875,698.989990234375,878.8200073242188,383.9100036621094,-3958.419921875,0,0.0,0.0,0.024691358024691357,-0.924867231730015,-0.3257797052795109,0.12040397131194921,0.15489051291917602
1765375972.8325813,439.79998779296875,482.6099853515625,603.4600219726562,239.3300018310547,241.35000610351562,407.54998779296875,698.989990234375,878.8200073242188,383.9100036621094,-3958.419921875,0,0.0,0.0,0.03474903474903475,-0.9206179669779778,-0.3310672196304343,0.11533258886719719,0.1719169826070096
1765375972.8862774,439.79998779296875,485.07000732421875,603.4600219726562,239.3300018310547,244.07000732421875,407.54998779296875,698.8200073242188,878.72998046875,386.4599914550781,-3958.419921875,0,0.0,0.0,0.02386451116243264,-0.9243288117345387,-0.3262044731092514,0.0742662539699446,0.18355220794695745
1765375972.9318762,439.79998779296875,485.07000732421875,603.4600219726562,239.3300018310547,244.07000732421875,407.54998779296875,698.8200073242188,878.72998046875,386.4599914550781,-3958.419921875,0,-0.13321594703068956,-0.12859018880360268,0.7416283855072153,-0.9220154793723947,-0.3261725120979976,0.09284031258447718,0.18676087520835744
1765375972.9841487,439.79998779296875,485.07000732421875,603.4600219726562,239.3300018310547,244.07000732421875,407.54998779296875,698.8200073242188,878.72998046875,386.4599914550781,-3958.419921875,0,0.0,0.0,0.005439005439005439,-0.916108377860152,-0.33621280102286855,0.11090825791555642,0.18816415909767364
1765375973.0820134,439.79998779296875,487.3500061035156,603.5399780273438,239.3300018310547,246.7100067138672,407.54998779296875,698.72998046875,878.3800048828125,389.0899963378906,-3958.419921875,0,0.0,0.0,0.014660493827160493,-0.9268171581152695,-0.32971226109973795,0.07739169288243988,0.16220451959308615
1765375973.163838,439.79998779296875,487.3500061035156,603.5399780273438,239.3300018310547,246.7100067138672,407.54998779296875,698.72998046875,878.3800048828125,389.0899963378906,-3958.419921875,0,0.0,0.0,0.002347417840375587,-0.9221596280003973,-0.3260485066271737,0.09285158124104077,0.18625943109919874
1765375973.2189302,439.79998779296875,487.3500061035156,603.5399780273438,239.3300018310547,246.7100067138672,407.54998779296875,698.72998046875,878.3800048828125,389.0899963378906,-3958.419921875,0,0.0,0.0,0.013824884792626729,-0.9245335853517102,-0.326076243235211,0.07380264049771235,0.18293469711864155
1765375973.2792318,439.79998779296875,489.6400146484375,603.4600219726562,239.3300018310547,249.25999450683594,407.54998779296875,698.3800048828125,878.2899780273438,391.6400146484375,-3958.419921875,0,0.0,0.0,0.01486697965571205,-0.9221596280003973,-0.3260485066271737,0.09285158124104077,0.18625943109919874
1765375973.406288,439.79998779296875,489.6400146484375,603.4600219726562,239.3300018310547,249.25999450683594,407.54998779296875,698.3800048828125,878.2899780273438,391.6400146484375,-3958.419921875,0,0.0,0.0,0.004694835680751174,-0.9222501498255566,-0.32603272423095,0.09286346621076927,0.1858324528186751
1765375973.4972486,439.79998779296875,491.8399963378906,603.4600219726562,239.3300018310547,251.80999755859375,407.54998779296875,698.2899780273438,877.9400024414062,394.19000244140625,-3958.419921875,0,0.0,0.0,0.0007763975155279503,-0.9220413061875721,-0.3344557100111595,0.12068815428605907,0.15301495724232886
1765375973.5359554,439.79998779296875,491.8399963378906,603.4600219726562,239.3300018310547,251.80999755859375,407.54998779296875,698.2899780273438,877.9400024414062,394.19000244140625,-3958.419921875,0,-0.13370424066586042,-0.1261446447866084,0.7413740785725774,-0.9223266688689872,-0.3259276965838594,0.09328109632821281,0.1854273161116892
1765375973.5769448,439.79998779296875,491.8399963378906,603.4600219726562,239.3300018310547,251.80999755859375,407.54998779296875,698.2899780273438,877.9400024414062,394.19000244140625,-3958.419921875,0,0.0,0.0,0.009976976208749041,-0.9196154887571439,-0.327086610504663,0.11024451817135718,0.18753092619537515
1765375973.7116997,439.79998779296875,493.95001220703125,603.5399780273438,239.3300018310547,254.36000061035156,407.54998779296875,697.9400024414062,877.8499755859375,396.6499938964844,-3958.419921875,0,-0.13370424066586042,-0.1261446447866084,0.7413740785725774,-0.9223266688689872,-0.3259276965838594,0.09328109632821281,0.1854273161116892
1765375973.8946338,439.79998779296875,495.9700012207031,603.5399780273438,239.3300018310547,256.7300109863281,407.54998779296875,697.8499755859375,877.5,399.20001220703125,-3958.419921875,0,0.0,0.0,0.004647560030983733,-0.9258703988116351,-0.3289734541299066,0.12715068470207705,0.13554768335170836
1765375973.9332345,439.79998779296875,495.9700012207031,603.5399780273438,239.3300018310547,256.7300109863281,407.54998779296875,697.8499755859375,877.5,399.20001220703125,-3958.419921875,0,-0.1347444783645552,-0.12505179679456027,0.741222461543796,-0.9225065870957152,-0.3258951220162124,0.09330229294114638,0.18457694423458795
1765375973.971513,439.79998779296875,495.9700012207031,603.5399780273438,239.3300018310547,256.7300109863281,407.54998779296875,697.8499755859375,877.5,399.20001220703125,-3958.419921875,0,-0.13236971715799115,-0.12271231812814398,0.7281344329199421,-0.9198032050720724,-0.32704140996494746,0.11023303704242911,0.18669402146743963
1765375974.0564973,439.79998779296875,495.9700012207031,603.5399780273438,239.3300018310547,256.7300109863281,407.54998779296875,697.8499755859375,877.5,399.20001220703125,-3958.419921875,0,-0.13470090830731363,-0.12474453434657852,0.7409821967450897,-0.9224395813977635,-0.3259136476455965,0.09370843004605292,0.1846733415719902
1765375974.126627,439.79998779296875,496.04998779296875,603.4600219726562,239.3300018310547,259.1000061035156,407.54998779296875,697.5,877.4099731445312,401.6600036621094,-3958.419921875,0,0.0,0.0,0.012529365700861394,-0.9224395813977635,-0.3259136476455965,0.09370843004605292,0.1846733415719902
1765375974.1692178,439.79998779296875,496.04998779296875,603.4600219726562,239.3300018310547,259.1000061035156,407.54998779296875,697.5,877.4099731445312,401.6600036621094,-3958.419921875,0,-0.13286860839311623,-0.12253130947423589,0.7301511055352926,-0.9210994745266748,-0.330699252005953,0.1160861659068957,0.1695221662037846
1765375974.2209516,439.79998779296875,496.04998779296875,603.4600219726562,239.3300018310547,259.1000061035156,407.54998779296875,697.5,877.4099731445312,401.6600036621094,-3958.419921875,0,-0.1348809350384928,-0.12400126187403768,0.7404997901136181,-0.9267906003478303,-0.32065828748695396,0.10114052649303648,0.16735602670221927
1765375974.2752275,439.79998779296875,496.04998779296875,603.4600219726562,239.3300018310547,261.3900146484375,407.54998779296875,697.3200073242188,877.0599975585938,404.2099914550781,-3958.419921875,0,-0.1352207949821214,-0.12419856217052279,0.740906939779758,-0.922529174225676,-0.3258968279456145,0.09371803591062901,0.18425012885350422
1765375974.4091399,439.79998779296875,496.04998779296875,603.4600219726562,239.3300018310547,261.3900146484375,407.54998779296875,697.3200073242188,877.0599975585938,404.2099914550781,-3958.419921875,0,-0.13953984484231124,-0.1276003094872994,0.7661343187615873,-0.9268728147937759,-0.32322009499246646,0.05825245658742951,0.18177515421765775
1765375974.4471784,439.79998779296875,496.04998779296875,603.4600219726562,239.3300018310547,261.3900146484375,407.54998779296875,697.3200073242188,877.0599975585938,404.2099914550781,-3958.419921875,0,-0.13489545235420422,-0.12384596747709971,0.7427864781249867,-0.9194516117276819,-0.3347292768583684,0.0943555276534369,0.18347228484565098
1765375974.5015793,439.79998779296875,496.04998779296875,603.4600219726562,239.3300018310547,263.6700134277344,407.54998779296875,697.1500244140625,876.7999877929688,406.8500061035156,-3958.419921875,0,-0.1331099145965732,-0.12182568038522702,0.7321988757693094,-0.9223160501393286,-0.33412573781645,0.12141106388059442,0.1515006552836746
1765375974.5432522,439.79998779296875,496.04998779296875,603.4600219726562,239.3300018310547,263.6700134277344,407.54998779296875,697.1500244140625,876.7999877929688,406.8500061035156,-3958.419921875,0,-0.13745198800833133,-0.12488165623503095,0.7538781268489516,-0.9223136950188005,-0.3244252174024956,0.09743530230095493,0.18598948400281187
1765375974.5858722,439.79998779296875,496.04998779296875,603.4600219726562,239.3300018310547,263.6700134277344,407.54998779296875,697.1500244140625,876.7999877929688,406.8500061035156,-3958.419921875,0,-0.1343880229427067,-0.1218288175395383,0.737088842596247,-0.91942352222292,-0.3310562797916799,0.0735390482216762,0.19913345972071717
1765375974.6263938,439.79998779296875,496.04998779296875,603.4600219726562,239.3300018310547,263.6700134277344,407.54998779296875,697.1500244140625,876.7999877929688,406.8500061035156,-3958.419921875,0,-0.13251358075368858,-0.11986806832849196,0.7267832282880007,-0.9225796108970505,-0.326993608541123,0.09391227962627402,0.18194099391203228
1765375974.6901414,439.79998779296875,496.04998779296875,603.4600219726562,239.3300018310547,263.5799865722656,407.54998779296875,697.1500244140625,876.7999877929688,409.4800109863281,-3958.419921875,0,-0.13280726615791028,-0.12001304553842539,0.7276578302689014,-0.9200549027832113,-0.32677677537648586,0.11100502056988411,0.18545565601350938
1765375974.741031,439.79998779296875,496.04998779296875,603.4600219726562,239.3300018310547,263.5799865722656,407.54998779296875,697.1500244140625,876.7999877929688,409.4800109863281,-3958.419921875,0,-0.1351459580767674,-0.12199750317106076,0.7404959274841693,-0.9226818980251877,-0.3256826153245849,0.09453900978127448,0.18344297414060803
1765375974.8816376,439.79998779296875,496.04998779296875,603.4600219726562,239.3300018310547,263.5,407.54998779296875,697.1500244140625,876.7100219726562,411.94000244140625,-3958.419921875,0,-0.13523873363976097,-0.12218059779162814,0.7432002595937449,-0.9243359295751558,-0.3292796298118817,0.1000123843165315,0.16485004601365874
1765375975.007976,439.79998779296875,496.04998779296875,603.4600219726562,239.3300018310547,263.5,407.54998779296875,697.1500244140625,876.7100219726562,411.94000244140625,-3958.419921875,0,-0.13756832522848725,-0.12432430836758755,0.7537946099510295,-0.9251022531658005,-0.32445302631732026,0.07649436599615884,0.1818369238409438
1765375975.0883245,439.79998779296875,496.04998779296875,603.4600219726562,239.3300018310547,263.5,407.54998779296875,697.1500244140625,876.6199951171875,414.489990234375,-3958.419921875,0,-0.1351459580767674,-0.12199750317106076,0.7404959274841693,-0.9226818980251877,-0.3256826153245849,0.09453900978127448,0.18344297414060803
1765375975.1297927,439.79998779296875,496.04998779296875,603.4600219726562,239.3300018310547,263.5,407.54998779296875,697.1500244140625,876.6199951171875,414.489990234375,-3958.419921875,0,-0.13710968087045527,-0.12377013485541585,0.7512808302817237,-0.9195348693245154,-0.3297446771107797,0.07374423374835055,0.20071337773631975
1765375975.1772075,439.79998779296875,496.04998779296875,603.4600219726562,239.3300018310547,263.5,407.54998779296875,697.1500244140625,876.6199951171875,414.489990234375,-3958.419921875,0,-0.1351459580767674,-0.12199750317106076,0.7404959274841693,-0.9226818980251877,-0.3256826153245849,0.09453900978127448,0.18344297414060803
1765375975.3019433,439.79998779296875,496.04998779296875,603.4600219726562,239.3300018310547,263.5,407.54998779296875,697.1500244140625,876.3599853515625,417.1300048828125,-3958.419921875,0,-0.13561478300286373,-0.12254639009312934,0.7437968645798492,-0.9245173096336611,-0.32930940170968953,0.09867637788595618,0.16457835392496672
1765375975.4453957,439.79998779296875,496.04998779296875,603.4600219726562,239.3300018310547,263.5,407.54998779296875,697.1500244140625,876.3599853515625,417.1300048828125,-3958.419921875,0,-0.13781557345355264,-0.12453529331077655,0.7558944206448974,-0.9220736671911204,-0.3334936698311571,0.07633135591698413,0.18092995484203522
1765375975.4871917,439.79998779296875,496.04998779296875,603.4600219726562,239.3300018310547,263.5,407.54998779296875,697.1500244140625,876.27001953125,419.7699890136719,-3958.419921875,0,0.0,0.0,0.003129890453834116,-0.9227868957087194,-0.32561121336890964,0.09433852787475407,0.1831445467250271
1765375975.5284367,439.79998779296875,496.04998779296875,603.4600219726562,239.3300018310547,263.5,407.54998779296875,697.1500244140625,876.27001953125,419.7699890136719,-3958.419921875,0,-0.13570924864919828,-0.1218548408642487,0.7428451822531803,-0.9242352223300172,-0.3293397083726083,0.10060957508542179,0.16493126960876747
1765375975.5770817,439.79998779296875,496.04998779296875,603.4600219726562,239.3300018310547,263.5,407.54998779296875,697.1500244140625,876.27001953125,419.7699890136719,-3958.419921875,0,-0.13305454266470307,-0.1198206494042859,0.730352388610428,0.9016921129027277,0.2696642110540628,0.3331457874669231,0.056977461321546755
1765375975.620589,439.79998779296875,496.04998779296875,603.4600219726562,239.3300018310547,263.5,407.54998779296875,697.1500244140625,876.27001953125,419.7699890136719,-3958.419921875,0,-0.13512745690663452,-0.12144780057557802,0.7403943168733431,-0.9227202183211014,-0.32562866698584775,0.09474260145857664,0.18324085081482266
1765375975.7098994,439.79998779296875,496.04998779296875,603.4600219726562,239.3300018310547,263.5,407.54998779296875,697.1500244140625,876.27001953125,422.2300109863281,-3958.419921875,0,-0.13435038637260371,-0.12073374282415313,0.7368818888741059,-0.9195120338861023,-0.3309639836229054,0.07398068192403248,0.19871416604046158
1765375975.872603,439.79998779296875,496.04998779296875,603.4600219726562,239.3300018310547,263.5,407.54998779296875,697.1500244140625,876.27001953125,424.7799987792969,-3958.419921875,0,-0.13533645883958725,-0.12150627364564451,0.7415379170021014,-0.9275243636258491,-0.3202811796845945,0.09919507329360809,0.16516312619523665
1765375975.948105,439.79998779296875,496.04998779296875,603.4600219726562,239.3300018310547,263.5,407.54998779296875,697.1500244140625,876.27001953125,424.7799987792969,-3958.419921875,0,0.0,0.0,0.002352941176470588,-0.9285711021260296,-0.3238855401614395,0.10634506214893075,0.1467807648410494
1765375975.9985209,439.79998779296875,496.04998779296875,603.4600219726562,239.3300018310547,263.5,407.54998779296875,697.1500244140625,876.27001953125,424.7799987792969,-3958.419921875,0,-0.1357503427583716,-0.12176204220842554,0.743067443368231,-0.9285711021260296,-0.3238855401614395,0.10634506214893075,0.1467807648410494
1765375976.0794456,439.79998779296875,496.04998779296875,603.5399780273438,239.3300018310547,263.5,407.54998779296875,697.1500244140625,876.27001953125,427.32000732421875,-3958.419921875,0,-0.13533645883958725,-0.12150627364564451,0.7415379170021014,-0.9275243636258491,-0.3202811796845945,0.09919507329360809,0.16516312619523665
1765375976.2892942,439.79998779296875,496.04998779296875,603.4600219726562,239.3300018310547,263.5,407.54998779296875,697.1500244140625,876.27001953125,430.04998779296875,-3958.419921875,0,-0.1357503427583716,-0.12176204220842554,0.743067443368231,-0.9285711021260296,-0.3238855401614395,0.10634506214893075,0.1467807648410494
1765375976.3708036,439.79998779296875,496.04998779296875,603.4600219726562,239.3300018310547,263.5,407.54998779296875,697.1500244140625,876.27001953125,430.04998779296875,-3958.419921875,0,0.0,0.0,0.001558846453624318,-0.9275243636258491,-0.3202811796845945,0.09919507329360809,0.16516312619523665
1765375976.4124148,439.79998779296875,496.04998779296875,603.4600219726562,239.3300018310547,263.5,407.54998779296875,697.1500244140625,876.27001953125,430.04998779296875,-3958.419921875,0,-0.13533645883958725,-0.12150627364564451,0.7415379170021014,-0.9275243636258491,-0.3202811796845945,0.09919507329360809,0.16516312619523665
1765375976.5043824,439.79998779296875,496.04998779296875,603.5399780273438,239.3300018310547,263.5,407.54998779296875,697.1500244140625,876.27001953125,432.69000244140625,-3958.419921875,0,0.0,0.0,0.03507404520654715,-0.9275243636258491,-0.3202811796845945,0.09919507329360809,0.16516312619523665
1765375976.56015,439.79998779296875,496.04998779296875,603.5399780273438,239.3300018310547,263.5,407.54998779296875,697.1500244140625,876.27001953125,432.69000244140625,-3958.419921875,0,-0.13533645883958725,-0.12150627364564451,0.7415379170021014,-0.9275243636258491,-0.3202811796845945,0.09919507329360809,0.16516312619523665
1765375976.6992314,439.79998779296875,496.04998779296875,603.4600219726562,239.3300018310547,263.5,407.54998779296875,697.1500244140625,876.27001953125,435.1499938964844,-3958.419921875,0,-0.13533645883958725,-0.12150627364564451,0.7415379170021014,-0.9275243636258491,-0.3202811796845945,0.09919507329360809,0.16516312619523665
1765375976.9021993,439.79998779296875,496.04998779296875,603.4600219726562,239.3300018310547,263.5,407.54998779296875,697.1500244140625,876.27001953125,437.70001220703125,-3958.419921875,0,-0.13533645883958725,-0.12150627364564451,0.7415379170021014,-0.9275243636258491,-0.3202811796845945,0.09919507329360809,0.16516312619523665
1765375977.020523,439.79998779296875,496.04998779296875,603.4600219726562,239.3300018310547,263.5,407.54998779296875,697.1500244140625,876.27001953125,437.70001220703125,-3958.419921875,0,0.0,0.0,0.003117692907248636,-0.9275243636258491,-0.3202811796845945,0.09919507329360809,0.16516312619523665
1765375977.061591,439.79998779296875,496.04998779296875,603.4600219726562,239.3300018310547,263.5,407.54998779296875,697.1500244140625,876.27001953125,437.70001220703125,-3958.419921875,0,-0.13533645883958725,-0.12150627364564451,0.7415379170021014,-0.9275243636258491,-0.3202811796845945,0.09919507329360809,0.16516312619523665
1765375977.097039,439.79998779296875,496.04998779296875,603.4600219726562,239.3300018310547,263.5,407.54998779296875,697.1500244140625,876.27001953125,440.239990234375,-3958.419921875,0,-0.13533645883958725,-0.12150627364564451,0.7415379170021014,-0.9275243636258491,-0.3202811796845945,0.09919507329360809,0.16516312619523665
1765375977.1820855,439.79998779296875,496.04998779296875,603.4600219726562,239.3300018310547,263.5,407.54998779296875,697.1500244140625,876.27001953125,440.239990234375,-3958.419921875,0,0.0,0.0,0.003117692907248636,-0.9275243636258491,-0.3202811796845945,0.09919507329360809,0.16516312619523665
1765375977.2247994,439.79998779296875,496.04998779296875,603.4600219726562,239.3300018310547,263.5,407.54998779296875,697.1500244140625,876.27001953125,440.239990234375,-3958.419921875,0,-0.13533645883958725,-0.12150627364564451,0.7415379170021014,-0.9275243636258491,-0.3202811796845945,0.09919507329360809,0.16516312619523665
1765375977.3062506,439.79998779296875,496.04998779296875,603.4600219726562,239.3300018310547,263.5,407.54998779296875,697.1500244140625,876.27001953125,442.8800048828125,-3958.419921875,0,-0.137933279921676,-0.12396895015509174,0.75560150444064,0.9096361333423368,0.2641089892655046,0.31273399459407214,0.0707530588200328
1765375977.3541088,439.79998779296875,496.04998779296875,603.4600219726562,239.3300018310547,263.5,407.54998779296875,697.1500244140625,876.27001953125,442.8800048828125,-3958.419921875,0,-0.13533645883958725,-0.12150627364564451,0.7415379170021014,-0.9275243636258491,-0.3202811796845945,0.09919507329360809,0.16516312619523665
1765375977.503706,439.79998779296875,496.04998779296875,603.4600219726562,239.3300018310547,263.5,407.54998779296875,697.1500244140625,876.27001953125,445.3399963378906,-3958.419921875,0,0.0,0.0,0.005455962587685113,-0.9275243636258491,-0.3202811796845945,0.09919507329360809,0.16516312619523665
1765375977.5451849,439.79998779296875,496.04998779296875,603.4600219726562,239.3300018310547,263.5,407.54998779296875,697.1500244140625,876.27001953125,445.3399963378906,-3958.419921875,0,-0.13533645883958725,-0.12150627364564451,0.7415379170021014,-0.9275243636258491,-0.3202811796845945,0.09919507329360809,0.16516312619523665
1765375977.720427,439.79998779296875,496.04998779296875,603.4600219726562,239.3300018310547,263.5,407.54998779296875,697.1500244140625,876.27001953125,447.79998779296875,-3958.419921875,0,-0.13533645883958725,-0.12150627364564451,0.7415379170021014,-0.9275243636258491,-0.3202811796845945,0.09919507329360809,0.16516312619523665
1765375977.82554,439.79998779296875,496.04998779296875,603.4600219726562,239.3300018310547,263.5,407.54998779296875,697.1500244140625,876.27001953125,447.79998779296875,-3958.419921875,0,0.0,0.0,0.003117692907248636,-0.9275243636258491,-0.3202811796845945,0.09919507329360809,0.16516312619523665
1765375977.8731709,439.79998779296875,496.04998779296875,603.5399780273438,239.3300018310547,263.5,407.54998779296875,697.1500244140625,876.27001953125,450.44000244140625,-3958.419921875,0,-0.13533645883958725,-0.12150627364564451,0.7415379170021014,-0.9275243636258491,-0.3202811796845945,0.09919507329360809,0.16516312619523665
1765375978.063587,439.79998779296875,496.04998779296875,603.5399780273438,239.3300018310547,263.5,407.54998779296875,697.1500244140625,876.27001953125,450.44000244140625,-3958.419921875,0,-0.1378191998270205,-0.12388267447742735,0.7544039722653391,-0.9226630749790297,-0.3242818732847959,0.09628292649036668,0.18510460500915665
1765375978.1150122,439.79998779296875,496.04998779296875,603.4600219726562,239.3300018310547,263.5,407.54998779296875,697.1500244140625,876.27001953125,452.989990234375,-3958.419921875,0,0.0,0.0,0.02338269680436477,-0.9275243636258491,-0.3202811796845945,0.09919507329360809,0.16516312619523665
1765375978.1571593,439.79998779296875,496.04998779296875,603.4600219726562,239.3300018310547,263.5,407.54998779296875,697.1500244140625,876.27001953125,452.989990234375,-3958.419921875,0,-0.13533645883958725,-0.12150627364564451,0.7415379170021014,-0.9275243636258491,-0.3202811796845945,0.09919507329360809,0.16516312619523665
1765375978.1983707,439.79998779296875,496.04998779296875,603.4600219726562,239.3300018310547,263.5,407.54998779296875,697.1500244140625,876.27001953125,452.989990234375,-3958.419921875,0,0.0,0.0,0.003117692907248636,-0.9275243636258491,-0.3202811796845945,0.09919507329360809,0.16516312619523665
1765375978.2839022,439.79998779296875,496.04998779296875,603.5399780273438,239.3300018310547,263.5,407.54998779296875,697.1500244140625,876.27001953125,455.45001220703125,-3958.419921875,0,-0.13533645883958725,-0.12150627364564451,0.7415379170021014,-0.9275243636258491,-0.3202811796845945,0.09919507329360809,0.16516312619523665
1765375978.3296947,439.79998779296875,496.04998779296875,603.5399780273438,239.3300018310547,263.5,407.54998779296875,697.1500244140625,876.27001953125,455.45001220703125,-3958.419921875,0,0.0,0.0,0.003117692907248636,-0.9275243636258491,-0.3202811796845945,0.09919507329360809,0.16516312619523665
1765375978.3720665,439.79998779296875,496.04998779296875,603.5399780273438,239.3300018310547,263.5,407.54998779296875,697.1500244140625,876.27001953125,455.45001220703125,-3958.419921875,0,-0.13533645883958725,-0.12150627364564451,0.7415379170021014,-0.9275243636258491,-0.3202811796845945,0.09919507329360809,0.16516312619523665
1765375978.4184823,439.79998779296875,496.04998779296875,603.5399780273438,239.3300018310547,263.5,407.54998779296875,697.1500244140625,876.27001953125,455.45001220703125,-3958.419921875,0,-0.1378191998270205,-0.12388267447742735,0.7544039722653391,-0.9226630749790297,-0.3242818732847959,0.09628292649036668,0.18510460500915665
1765375978.4726596,439.79998779296875,496.04998779296875,603.4600219726562,239.3300018310547,263.5,407.54998779296875,697.1500244140625,876.27001953125,457.9100036621094,-3958.419921875,0,-0.13533645883958725,-0.12150627364564451,0.7415379170021014,-0.9275243636258491,-0.3202811796845945,0.09919507329360809,0.16516312619523665
1765375978.5301788,439.79998779296875,496.04998779296875,603.4600219726562,239.3300018310547,263.5,407.54998779296875,697.1500244140625,876.27001953125,457.9100036621094,-3958.419921875,0,0.0,0.0,0.011691348402182385,-0.9275243636258491,-0.3202811796845945,0.09919507329360809,0.16516312619523665
1765375978.594989,439.79998779296875,496.04998779296875,603.4600219726562,239.3300018310547,263.5,407.54998779296875,697.1500244140625,876.27001953125,457.9100036621094,-3958.419921875,0,-0.13533645883958725,-0.12150627364564451,0.7415379170021014,-0.9275243636258491,-0.3202811796845945,0.09919507329360809,0.16516312619523665
1765375978.7049892,439.79998779296875,496.04998779296875,603.5399780273438,239.3300018310547,263.5,407.54998779296875,697.1500244140625,876.27001953125,460.2799987792969,-3958.419921875,0,-0.13533645883958725,-0.12150627364564451,0.7415379170021014,-0.9275243636258491,-0.3202811796845945,0.09919507329360809,0.16516312619523665
1765375978.865555,439.79998779296875,496.04998779296875,603.5399780273438,239.3300018310547,263.5,407.54998779296875,697.1500244140625,876.27001953125,460.2799987792969,-3958.419921875,0,0.0,0.0,0.001597444089456869,-0.9251395120074182,-0.32440673268228587,0.07671180889926914,0.18163824896888356
1765375978.9148052,439.79998779296875,496.04998779296875,603.4600219726562,239.3300018310547,263.5,407.54998779296875,697.1500244140625,876.27001953125,462.739990234375,-3958.419921875,0,-0.13537935069061002,-0.12219580447048178,0.7425061655320807,-0.919617104772127,-0.334603536117046,0.0947765946214824,0.1826533638903346
1765375979.1013997,439.79998779296875,496.04998779296875,603.4600219726562,239.3300018310547,263.5,407.54998779296875,697.1500244140625,876.27001953125,465.1199951171875,-3958.419921875,0,-0.13561478300286373,-0.12254639009312934,0.7437968645798492,-0.9245173096336611,-0.32930940170968953,0.09867637788595618,0.16457835392496672
1765375979.2203991,439.79998779296875,496.04998779296875,603.4600219726562,239.3300018310547,263.5,407.54998779296875,697.1500244140625,876.27001953125,465.1199951171875,-3958.419921875,0,0.0,0.0,0.006274509803921568,-0.9284993014314583,-0.32391986004346723,0.10633865846668968,0.14716338276289798
1765375979.2654614,439.79998779296875,496.04998779296875,603.4600219726562,239.3300018310547,263.5,407.54998779296875,697.1500244140625,876.27001953125,465.1199951171875,-3958.419921875,0,-0.138100574516419,-0.12530999394322018,0.7597038689602075,-0.9287680173157874,-0.33160045710437475,0.08750043190930266,0.14062283340608836
1765375979.3074198,439.79998779296875,496.04998779296875,603.5399780273438,239.3300018310547,263.5,407.54998779296875,697.1500244140625,876.27001953125,467.3999938964844,-3958.419921875,0,-0.13523046576889125,-0.1223106878644348,0.743151208163863,-0.9284993014314583,-0.32391986004346723,0.10633865846668968,0.14716338276289798
1765375979.4915533,439.79998779296875,496.04998779296875,603.4600219726562,239.3300018310547,263.5,407.54998779296875,697.1500244140625,876.27001953125,469.510009765625,-3958.419921875,0,0.0,0.0,0.0007830853563038371,-0.9225926365731127,-0.3256999325317663,0.0945315368645576,0.1838645409748706
1765375979.5337782,439.79998779296875,496.04998779296875,603.4600219726562,239.3300018310547,263.5,407.54998779296875,697.1500244140625,876.27001953125,469.510009765625,-3958.419921875,0,-0.13428130400515964,-0.12235239646379537,0.7394250978155237,-0.9248818496210259,-0.3258151033045702,0.07613116494173448,0.18067132706889827
1765375979.6844118,439.79998779296875,496.04998779296875,603.5399780273438,239.3300018310547,263.5,407.54998779296875,697.1500244140625,876.27001953125,471.5299987792969,-3958.419921875,0,0.0,0.0,0.008494208494208495,-0.9211518860117994,-0.33048207735017365,0.11684664044734337,0.16913799710114813
1765375979.7671146,439.79998779296875,496.04998779296875,603.5399780273438,239.3300018310547,263.5,407.54998779296875,697.1500244140625,876.27001953125,471.5299987792969,-3958.419921875,0,-0.13431524133148745,-0.12315054952300913,0.7417967581240034,-0.9273321644511132,-0.3203858359097895,0.09898022345032417,0.16616524392460388
1765375980.0412662,439.79998779296875,496.04998779296875,603.4600219726562,239.3300018310547,263.5,407.54998779296875,697.1500244140625,876.27001953125,471.7099914550781,-3958.419921875,0,0.0,0.0,0.003837298541826554,-0.919868235954469,-0.32682347521658306,0.1110216823825552,0.1862874944013046
1765375980.0904737,439.79998779296875,496.04998779296875,603.4600219726562,239.3300018310547,263.5,407.54998779296875,697.1500244140625,876.27001953125,471.7099914550781,-3958.419921875,0,-0.1341063714423937,-0.1230882552269793,0.7406447961668366,-0.9225029973022617,-0.3257170809296125,0.09452421942427894,0.18428720818674954
1765375980.1898963,439.79998779296875,496.04998779296875,603.4600219726562,239.3300018310547,263.5,407.54998779296875,697.1500244140625,876.27001953125,471.7099914550781,-3958.419921875,0,0.0,0.0,0.010132501948558068,-0.9273321644511132,-0.3203858359097895,0.09898022345032417,0.16616524392460388
1765375980.2720692,439.79998779296875,496.04998779296875,603.4600219726562,239.3300018310547,263.5,407.54998779296875,697.1500244140625,876.27001953125,471.7099914550781,-3958.419921875,0,-0.1341063714423937,-0.1230882552269793,0.7406447961668366,-0.9225029973022617,-0.3257170809296125,0.09452421942427894,0.18428720818674954
1765375980.464057,439.79998779296875,496.04998779296875,603.4600219726562,239.3300018310547,263.5,407.54998779296875,697.1500244140625,876.27001953125,471.79998779296875,-3958.419921875,0,0.0,0.0,0.003117692907248636,-0.9273321644511132,-0.3203858359097895,0.09898022345032417,0.16616524392460388
1765375980.5137248,439.79998779296875,496.04998779296875,603.4600219726562,239.3300018310547,263.5,407.54998779296875,697.1500244140625,876.27001953125,471.7099914550781,-3958.419921875,0,-0.1341311114527122,-0.1228444289273322,0.7407817778983615,-0.922608333253066,-0.32564561422534094,0.09432415884163037,0.18398845182950735
1765375980.5673227,439.79998779296875,496.04998779296875,603.4600219726562,239.3300018310547,263.5,407.54998779296875,697.1500244140625,876.27001953125,471.7099914550781,-3958.419921875,0,-0.13194580585873325,-0.12110463821329139,0.7286867975450835,-0.9244623661651934,-0.3216053793867294,0.11503905329301284,0.16942647287604504
1765375980.623854,439.79998779296875,496.04998779296875,603.4600219726562,239.3300018310547,263.5,407.54998779296875,697.1500244140625,876.27001953125,471.7099914550781,-3958.419921875,0,0.0,0.0,0.0023492560689115116,-0.9225029973022617,-0.3257170809296125,0.09452421942427894,0.18428720818674954
1765375980.6668973,439.79998779296875,496.04998779296875,603.4600219726562,239.3300018310547,263.5,407.54998779296875,697.1500244140625,876.27001953125,471.7099914550781,-3958.419921875,0,0.0,0.0,0.025058731401722788,-0.9225029973022617,-0.3257170809296125,0.09452421942427894,0.18428720818674954
1765375980.720073,439.79998779296875,496.04998779296875,603.5399780273438,239.3300018310547,263.5,407.54998779296875,697.1500244140625,876.27001953125,471.7099914550781,-3958.419921875,0,-0.1341063714423937,-0.1230882552269793,0.7406447961668366,-0.9225029973022617,-0.3257170809296125,0.09452421942427894,0.18428720818674954
1765375981.0563326,439.79998779296875,496.04998779296875,603.4600219726562,239.3300018310547,263.5,407.54998779296875,697.1500244140625,876.27001953125,471.7099914550781,-3958.419921875,0,0.0,0.0,0.002338269680436477,-0.9273321644511132,-0.3203858359097895,0.09898022345032417,0.16616524392460388
1765375981.149356,439.79998779296875,496.04998779296875,603.4600219726562,239.3300018310547,263.5,407.54998779296875,697.1500244140625,876.27001953125,471.7099914550781,-3958.419921875,0,-0.1341063714423937,-0.1230882552269793,0.7406447961668366,-0.9225029973022617,-0.3257170809296125,0.09452421942427894,0.18428720818674954
1765375981.3951874,439.79998779296875,496.04998779296875,603.4600219726562,239.3300018310547,263.5,407.54998779296875,697.1500244140625,876.27001953125,471.7099914550781,-3958.419921875,0,-0.13194580585873325,-0.12110463821329139,0.7286867975450835,-0.9244623661651934,-0.3216053793867294,0.11503905329301284,0.16942647287604504
1765375981.4495225,439.79998779296875,496.04998779296875,603.4600219726562,239.3300018310547,263.5,407.54998779296875,697.1500244140625,876.27001953125,471.7099914550781,-3958.419921875,0,-0.1341063714423937,-0.1230882552269793,0.7406447961668366,-0.9225029973022617,-0.3257170809296125,0.09452421942427894,0.18428720818674954
1765375981.4917893,439.79998779296875,496.04998779296875,603.4600219726562,239.3300018310547,263.5,407.54998779296875,697.1500244140625,876.27001953125,471.7099914550781,-3958.419921875,0,0.0,0.0,0.003897116134060795,-0.9273321644511132,-0.3203858359097895,0.09898022345032417,0.16616524392460388
1765375981.5363047,439.79998779296875,496.04998779296875,603.4600219726562,239.3300018310547,263.5,407.54998779296875,697.1500244140625,876.27001953125,471.7099914550781,-3958.419921875,0,-0.13431524133148745,-0.12315054952300913,0.7417967581240034,-0.9273321644511132,-0.3203858359097895,0.09898022345032417,0.16616524392460388
1765375981.575242,439.79998779296875,496.04998779296875,603.4600219726562,239.3300018310547,263.5,407.54998779296875,697.1500244140625,876.27001953125,471.7099914550781,-3958.419921875,0,0.0,0.0,0.003117692907248636,-0.9273321644511132,-0.3203858359097895,0.09898022345032417,0.16616524392460388
1765375981.613556,439.79998779296875,496.04998779296875,603.4600219726562,239.3300018310547,263.5,407.54998779296875,697.1500244140625,876.27001953125,471.7099914550781,-3958.419921875,0,-0.13431524133148745,-0.12315054952300913,0.7417967581240034,-0.9273321644511132,-0.3203858359097895,0.09898022345032417,0.16616524392460388
1765375981.6532807,439.79998779296875,496.04998779296875,603.4600219726562,239.3300018310547,263.5,407.54998779296875,697.1500244140625,876.27001953125,471.7099914550781,-3958.419921875,0,0.0,0.0,0.0031323414252153485,-0.9225029973022617,-0.3257170809296125,0.09452421942427894,0.18428720818674954
1765375981.6956117,439.79998779296875,496.04998779296875,603.4600219726562,239.3300018310547,263.5,407.54998779296875,697.1500244140625,876.27001953125,471.7099914550781,-3958.419921875,0,-0.1341063714423937,-0.1230882552269793,0.7406447961668366,-0.9225029973022617,-0.3257170809296125,0.09452421942427894,0.18428720818674954
1765375981.737012,439.79998779296875,496.04998779296875,603.4600219726562,239.3300018310547,263.5,407.54998779296875,697.1500244140625,876.27001953125,471.7099914550781,-3958.419921875,0,-0.13692534878905832,-0.125555704070651,0.7554863907491219,-0.9217740554633921,-0.3335809593257577,0.07733889381791377,0.18186541659397487
1765375981.7770495,439.79998779296875,496.04998779296875,603.4600219726562,239.3300018310547,263.5,407.54998779296875,697.1500244140625,876.27001953125,471.7099914550781,-3958.419921875,0,-0.1341063714423937,-0.1230882552269793,0.7406447961668366,-0.9225029973022617,-0.3257170809296125,0.09452421942427894,0.18428720818674954
1765375981.945919,439.79998779296875,496.04998779296875,603.5399780273438,239.3300018310547,263.5,407.54998779296875,697.1500244140625,876.27001953125,471.7099914550781,-3958.419921875,0,0.0,0.0,0.002338269680436477,-0.9273321644511132,-0.3203858359097895,0.09898022345032417,0.16616524392460388
1765375982.099049,439.79998779296875,496.04998779296875,603.4600219726562,239.3300018310547,263.5,407.54998779296875,697.1500244140625,876.27001953125,471.7099914550781,-3958.419921875,0,-0.1360508584881694,-0.12487300741252831,0.7514092632918133,-0.9193399307735464,-0.3297501544781635,0.07371013895795332,0.20160789350052102
1765375982.3232067,439.79998779296875,496.04998779296875,603.4600219726562,239.3300018310547,263.5,407.54998779296875,697.1500244140625,876.27001953125,471.79998779296875,-3958.419921875,0,-0.1341063714423937,-0.1230882552269793,0.7406447961668366,-0.9225029973022617,-0.3257170809296125,0.09452421942427894,0.18428720818674954
1765375982.6605134,439.79998779296875,496.04998779296875,603.4600219726562,239.3300018310547,263.5,407.54998779296875,697.1500244140625,876.27001953125,471.7099914550781,-3958.419921875,0,-0.1360508584881694,-0.12487300741252831,0.7514092632918133,-0.9193399307735464,-0.3297501544781635,0.07371013895795332,0.20160789350052102
1765375982.7169886,439.79998779296875,496.04998779296875,603.4600219726562,239.3300018310547,263.5,407.54998779296875,697.1500244140625,876.27001953125,471.7099914550781,-3958.419921875,0,-0.13373937284309162,-0.12261439795113871,0.7386176727905593,-0.9172661588986452,-0.33087074735318384,0.09180419541788602,0.2017903168859832
1765375982.7550063,439.79998779296875,496.04998779296875,603.4600219726562,239.3300018310547,263.5,407.54998779296875,697.1500244140625,876.27001953125,471.7099914550781,-3958.419921875,0,0.0,0.0,0.011691348402182385,-0.9273321644511132,-0.3203858359097895,0.09898022345032417,0.16616524392460388
1765375982.8391654,439.79998779296875,496.04998779296875,603.4600219726562,239.3300018310547,263.5,407.54998779296875,697.1500244140625,876.27001953125,471.7099914550781,-3958.419921875,0,-0.13431524133148745,-0.12315054952300913,0.7417967581240034,-0.9273321644511132,-0.3203858359097895,0.09898022345032417,0.16616524392460388
1765375982.9353533,439.79998779296875,496.04998779296875,603.4600219726562,239.3300018310547,263.5,407.54998779296875,697.1500244140625,876.27001953125,471.79998779296875,-3958.419921875,0,-0.13692534878905832,-0.125555704070651,0.7554863907491219,-0.9217740554633921,-0.3335809593257577,0.07733889381791377,0.18186541659397487
1765375983.0250626,439.79998779296875,496.04998779296875,603.4600219726562,239.3300018310547,263.5,407.54998779296875,697.1500244140625,876.27001953125,471.79998779296875,-3958.419921875,0,-0.13431524133148745,-0.12315054952300913,0.7417967581240034,-0.9273321644511132,-0.3203858359097895,0.09898022345032417,0.16616524392460388
1765375983.1617773,439.79998779296875,496.04998779296875,603.4600219726562,239.3300018310547,263.5,407.54998779296875,697.1500244140625,876.27001953125,471.7099914550781,-3958.419921875,0,0.0,0.0,0.002338269680436477,-0.9273321644511132,-0.3203858359097895,0.09898022345032417,0.16616524392460388
1765375983.245308,439.79998779296875,496.04998779296875,603.4600219726562,239.3300018310547,263.5,407.54998779296875,697.1500244140625,876.27001953125,471.7099914550781,-3958.419921875,0,-0.1341063714423937,-0.1230882552269793,0.7406447961668366,-0.9225029973022617,-0.3257170809296125,0.09452421942427894,0.18428720818674954
1765375983.3904347,439.79998779296875,496.04998779296875,603.4600219726562,239.3300018310547,263.5,407.54998779296875,697.1500244140625,876.27001953125,471.7099914550781,-3958.419921875,0,0.0,0.0,0.0023094688221709007,-0.9201770161495851,-0.32672409059452084,0.10984708294682963,0.1856320175597463
1765375983.4663835,439.79998779296875,496.04998779296875,603.4600219726562,239.3300018310547,263.5,407.54998779296875,697.1500244140625,876.27001953125,471.7099914550781,-3958.419921875,0,-0.13431524133148745,-0.12315054952300913,0.7417967581240034,-0.9273321644511132,-0.3203858359097895,0.09898022345032417,0.16616524392460388
1765375983.573144,439.79998779296875,496.04998779296875,603.5399780273438,239.3300018310547,263.5,407.54998779296875,697.1500244140625,876.27001953125,471.7099914550781,-3958.419921875,0,0.0,0.0,0.00782472613458529,-0.922608333253066,-0.32564561422534094,0.09432415884163037,0.18398845182950735
1765375983.6503773,439.79998779296875,496.04998779296875,603.5399780273438,239.3300018310547,263.5,407.54998779296875,697.1500244140625,876.27001953125,471.7099914550781,-3958.419921875,0,-0.13431524133148745,-0.12315054952300913,0.7417967581240034,-0.9273321644511132,-0.3203858359097895,0.09898022345032417,0.16616524392460388
1765375983.9854698,439.79998779296875,496.04998779296875,603.4600219726562,239.3300018310547,263.5,407.54998779296875,697.1500244140625,876.27001953125,471.79998779296875,-3958.419921875,0,0.0,0.0,0.002338269680436477,-0.9273321644511132,-0.3203858359097895,0.09898022345032417,0.16616524392460388
1765375984.0267107,439.79998779296875,496.04998779296875,603.4600219726562,239.3300018310547,263.5,407.54998779296875,697.1500244140625,876.27001953125,471.79998779296875,-3958.419921875,0,-0.13431524133148745,-0.12315054952300913,0.7417967581240034,-0.9273321644511132,-0.3203858359097895,0.09898022345032417,0.16616524392460388
1765375984.0665612,439.79998779296875,496.04998779296875,603.4600219726562,239.3300018310547,263.5,407.54998779296875,697.1500244140625,876.27001953125,471.79998779296875,-3958.419921875,0,0.0,0.0,0.002347417840375587,-0.922608333253066,-0.32564561422534094,0.09432415884163037,0.18398845182950735
1765375984.1041381,439.79998779296875,496.04998779296875,603.4600219726562,239.3300018310547,263.5,407.54998779296875,697.1500244140625,876.27001953125,471.79998779296875,-3958.419921875,0,-0.13431524133148745,-0.12315054952300913,0.7417967581240034,-0.9273321644511132,-0.3203858359097895,0.09898022345032417,0.16616524392460388
1765375984.1833568,439.79998779296875,496.04998779296875,603.4600219726562,239.3300018310547,263.5,407.54998779296875,697.1500244140625,876.27001953125,471.79998779296875,-3958.419921875,0,0.0,0.0,0.024859663191659984,-0.9193399307735464,-0.3297501544781635,0.07371013895795332,0.20160789350052102
1765375984.2387812,439.79998779296875,496.04998779296875,603.4600219726562,239.3300018310547,263.5,407.54998779296875,697.1500244140625,876.27001953125,471.79998779296875,-3958.419921875,0,-0.13431524133148745,-0.12315054952300913,0.7417967581240034,-0.9273321644511132,-0.3203858359097895,0.09898022345032417,0.16616524392460388
1765375984.375515,439.79998779296875,496.04998779296875,603.4600219726562,239.3300018310547,263.5,407.54998779296875,697.1500244140625,876.27001953125,471.79998779296875,-3958.419921875,0,0.0,0.0,0.004698512137823023,-0.9225029973022617,-0.3257170809296125,0.09452421942427894,0.18428720818674954
1765375984.4134045,439.79998779296875,496.04998779296875,603.4600219726562,239.3300018310547,263.5,407.54998779296875,697.1500244140625,876.27001953125,471.79998779296875,-3958.419921875,0,-0.13431524133148745,-0.12315054952300913,0.7417967581240034,-0.9273321644511132,-0.3203858359097895,0.09898022345032417,0.16616524392460388
1765375984.4545078,439.79998779296875,496.04998779296875,603.4600219726562,239.3300018310547,263.5,407.54998779296875,697.1500244140625,876.27001953125,471.79998779296875,-3958.419921875,0,0.0,0.0,0.0031323414252153485,-0.9225029973022617,-0.3257170809296125,0.09452421942427894,0.18428720818674954
1765375984.5881195,439.79998779296875,496.04998779296875,603.5399780273438,239.3300018310547,263.5,407.54998779296875,697.1500244140625,876.27001953125,471.79998779296875,-3958.419921875,0,-0.1341311114527122,-0.1228444289273322,0.7407817778983615,-0.922608333253066,-0.32564561422534094,0.09432415884163037,0.18398845182950735
1765375984.632108,439.79998779296875,496.04998779296875,603.5399780273438,239.3300018310547,263.5,407.54998779296875,697.1500244140625,876.27001953125,471.79998779296875,-3958.419921875,0,-0.1360508584881694,-0.12487300741252831,0.7514092632918133,-0.9193399307735464,-0.3297501544781635,0.07371013895795332,0.20160789350052102
1765375984.8283205,439.79998779296875,496.04998779296875,603.4600219726562,239.3300018310547,263.5,407.54998779296875,697.1500244140625,876.27001953125,471.79998779296875,-3958.419921875,0,0.0,0.0,0.0112,-0.9273215408789566,-0.32804545894094306,0.08001020447103141,0.16142894372016262
1765375984.873554,439.79998779296875,496.04998779296875,603.4600219726562,239.3300018310547,263.5,407.54998779296875,697.1500244140625,876.27001953125,471.79998779296875,-3958.419921875,0,-0.13431524133148745,-0.12315054952300913,0.7417967581240034,-0.9273321644511132,-0.3203858359097895,0.09898022345032417,0.16616524392460388
1765375986.2932725,439.79998779296875,496.04998779296875,603.5399780273438,239.3300018310547,263.5,408.5199890136719,697.1500244140625,876.27001953125,471.8800048828125,-3958.419921875,0,0.0,0.0,0.002338269680436477,-0.9273321644511132,-0.3203858359097895,0.09898022345032417,0.16616524392460388
1765375986.673154,439.79998779296875,496.04998779296875,603.5399780273438,239.41000366210938,263.5,433.29998779296875,697.1500244140625,876.27001953125,471.8800048828125,-3958.419921875,0,-0.1277776329489468,-0.10555114240137364,0.7941824604689756,-0.933292558723169,-0.3115338720406715,0.07813600539631298,0.1606437395730506
1765375986.74047,439.79998779296875,496.04998779296875,603.5399780273438,239.41000366210938,263.5,433.29998779296875,697.1500244140625,876.27001953125,471.8800048828125,-3958.419921875,0,-0.1243510032065423,-0.10078977908822234,0.7815664836132176,-0.9324503347263787,-0.3100598152927521,0.132955324951132,0.12931421335811402
1765375986.9252443,439.79998779296875,496.04998779296875,603.4600219726562,239.3300018310547,263.5,446.6600036621094,697.1500244140625,876.27001953125,471.8800048828125,-3958.419921875,0,-0.11746229584519932,-0.0871573912704915,0.759825190001192,-0.9205896387987182,-0.31865183973420913,0.061538832604438515,0.2172295883440654
1765375987.034189,439.79998779296875,496.04998779296875,603.4600219726562,239.3300018310547,263.5,446.6600036621094,697.1500244140625,876.27001953125,471.8800048828125,-3958.419921875,0,-0.11894194803568586,-0.0829742001019525,0.7729815349345567,-0.9286938729989443,-0.3165035591956444,0.08270685964702502,0.17467902747049344
1765375987.073046,439.79998779296875,496.04998779296875,603.4600219726562,239.3300018310547,263.5,459.92999267578125,697.1500244140625,876.27001953125,471.8800048828125,-3958.419921875,0,-0.11707361763451804,-0.0801743151768298,0.7634869731967462,-0.9282794550603523,-0.3210352954874899,0.10653226837676213,0.15454600660844311
1765375987.1112568,439.79998779296875,496.04998779296875,603.4600219726562,239.3300018310547,263.5,459.92999267578125,697.1500244140625,876.27001953125,471.8800048828125,-3958.419921875,0,-0.12057262142870133,-0.0806005021287481,0.7919247893834943,-0.9392683829554483,-0.30323838065167835,0.09292388095848088,0.13109745088146826
1765375987.1471274,439.79998779296875,496.04998779296875,603.4600219726562,239.3300018310547,263.5,459.92999267578125,697.1500244140625,876.27001953125,471.8800048828125,-3958.419921875,0,-0.121347738317076,-0.07928462716807488,0.8046628231604078,-0.936916894123805,-0.3077078074442944,0.06673491518287979,0.1518192670208952
1765375987.1841102,439.79998779296875,496.04998779296875,603.4600219726562,239.3300018310547,263.5,459.92999267578125,697.1500244140625,876.27001953125,471.8800048828125,-3958.419921875,0,-0.11791908717299311,-0.07536874203970213,0.7894276053519172,-0.9344621868943187,-0.3083702746437843,0.09147124454036616,0.1527128233091143
1765375987.2232897,439.79998779296875,496.04998779296875,603.4600219726562,239.3300018310547,263.5,459.92999267578125,697.1500244140625,876.27001953125,471.8800048828125,-3958.419921875,0,-0.1183085303491383,-0.07376045451662329,0.7997760075307271,-0.9311100171641239,-0.31276653401821963,0.06919168518636946,0.17442402883755792
1765375987.3010173,439.79998779296875,496.04998779296875,603.4600219726562,239.3300018310547,263.5,473.54998779296875,697.1500244140625,876.27001953125,471.8800048828125,-3958.419921875,0,-0.11548363885984093,-0.06843124227569561,0.8031846768539213,-0.9292425438924145,-0.3068214742683007,0.052279894816117944,0.19908714209158848
1765375994.9411385,439.79998779296875,496.04998779296875,628.9500122070312,239.3300018310547,263.5,491.75,767.9000244140625,876.27001953125,471.8800048828125,-3958.419921875,0,-0.1383566598247919,-0.1111046552687581,0.7901394214633588,-0.901860585490183,-0.33790037533000994,0.019324304168322304,0.26850957517294044
1765375995.1806743,439.79998779296875,496.04998779296875,642.6599731445312,239.3300018310547,263.5,491.75,767.989990234375,876.27001953125,471.8800048828125,-3958.419921875,0,-0.14456426599193448,-0.10854963741100165,0.7281871189754727,-0.9072790472674607,-0.323211000035674,0.07453170307276873,0.25850416840442114
1765375995.2778018,439.79998779296875,496.04998779296875,656.3699951171875,239.3300018310547,263.5,491.75,767.9000244140625,876.27001953125,471.8800048828125,-3958.419921875,0,-0.15223570538656622,-0.10906221987880292,0.7478328429826081,-0.9122394791225938,-0.3163393553892159,0.09143317624770787,0.24369759794329068
1765375995.442386,439.79998779296875,496.04998779296875,656.3699951171875,239.3300018310547,263.5,491.75,767.9000244140625,876.27001953125,471.8800048828125,-3958.419921875,0,-0.15556872203272126,-0.10490685127423088,0.7238607171311185,-0.8983263659970312,-0.3241153278976571,0.10148116040606057,0.27867645838678495
1765375995.5103576,439.79998779296875,496.04998779296875,669.9000244140625,239.3300018310547,263.5,491.75,767.9000244140625,876.27001953125,471.8800048828125,-3958.419921875,0,-0.16659735730693412,-0.10992745671126954,0.7500483941980517,-0.9117059271972254,-0.3172839114084873,0.10358713895139346,0.2395682084890301
1765375995.5704658,439.79998779296875,496.04998779296875,669.9000244140625,239.3300018310547,263.5,491.75,767.9000244140625,876.27001953125,471.8800048828125,-3958.419921875,0,-0.17220405386665086,-0.11237149137396088,0.7611220604379662,-0.9165628629267221,-0.3074341704242982,0.08544615219674637,0.24103050477867893
1765375995.708858,439.79998779296875,496.04998779296875,683.4400024414062,239.3300018310547,263.5,491.75,767.9000244140625,876.27001953125,471.8800048828125,-3958.419921875,0,-0.18454367735921226,-0.11255185712370501,0.7450872502241378,-0.9201553255440872,-0.2914777222338031,0.10922329785403725,0.237539860907885
1765375995.7966688,439.79998779296875,496.04998779296875,683.4400024414062,239.3300018310547,263.5,491.75,767.9000244140625,876.27001953125,471.8800048828125,-3958.419921875,0,-0.18434916982606725,-0.10958757680555736,0.7237950044749534,-0.9150654303925478,-0.29669930197678984,0.08670044485922915,0.2590517615616592
1765375995.8467224,439.79998779296875,496.04998779296875,683.4400024414062,239.3300018310547,263.5,491.75,767.9000244140625,876.27001953125,471.8800048828125,-3958.419921875,0,-0.17913829562099398,-0.10447638071183313,0.6925532862892413,-0.9070895453793693,-0.301597726045422,0.095871214052234,0.2775537400645695
1765375995.976738,439.79998779296875,496.04998779296875,689.3300170898438,239.3300018310547,263.5,491.75,767.989990234375,876.27001953125,471.8800048828125,-3958.419921875,0,-0.17931853592120597,-0.10540506456517003,0.6937354707510767,-0.9149434780755725,-0.2881028507879842,0.09380610810117121,0.26660006259887215
1765375996.0549285,439.79998779296875,496.04998779296875,689.3300170898438,239.3300018310547,263.5,491.75,767.989990234375,876.27001953125,471.8800048828125,-3958.419921875,0,-0.1794871733662435,-0.10729994897346476,0.7061909362522502,-0.9111465884281355,-0.29429829215227843,0.1004546773203815,0.2703872545747678
1765375996.1824915,439.79998779296875,496.04998779296875,689.3300170898438,239.3300018310547,263.5,491.75,767.9000244140625,876.27001953125,471.8800048828125,-3958.419921875,0,-0.18054844108585552,-0.10868673322711417,0.7221356089362793,-0.9161731481353718,-0.2864688576360553,0.10196201248828776,0.2610863923105797
1765375996.2789602,439.79998779296875,496.04998779296875,689.3300170898438,239.3300018310547,263.5,491.75,767.9000244140625,876.27001953125,471.8800048828125,-3958.419921875,0,-0.17657248077395737,-0.10611254296178006,0.7092919693881565,-0.9084749563007459,-0.3022826531899754,0.10146203181976625,0.2701923526930243
1765375996.5448236,439.79998779296875,496.04998779296875,689.3300170898438,239.3300018310547,263.5,491.75,767.9000244140625,876.27001953125,471.8800048828125,-3958.419921875,0,-0.17451109082158328,-0.10504835142349,0.6979809535140993,-0.9167695317477206,-0.29069838370142287,0.09809800959191693,0.25574373088416
1765375996.8113732,439.79998779296875,496.04998779296875,689.3300170898438,239.3300018310547,263.5,491.75,767.9000244140625,876.27001953125,471.8800048828125,-3958.419921875,0,-0.17899092484821744,-0.10805845663776746,0.7153744746190411,-0.9167289049721533,-0.29142085806957296,0.11718489541825763,0.24687992740675127
1765375996.893485,439.79998779296875,496.04998779296875,689.3300170898438,239.3300018310547,263.5,491.75,767.9000244140625,876.27001953125,471.8800048828125,-3958.419921875,0,-0.1729723819136611,-0.10436651474994442,0.6918270981349962,-0.9063732545498331,-0.30073904566036935,0.098480416260459,0.279902049769559
1765375996.9290648,439.79998779296875,496.04998779296875,689.3300170898438,239.3300018310547,263.5,491.75,767.9000244140625,876.27001953125,471.8800048828125,-3958.419921875,0,-0.17774614343231657,-0.10686966595044903,0.7109146673971756,-0.9148175066497064,-0.28773745000696066,0.11438933678365742,0.2592897395210642
1765375997.0113516,439.79998779296875,496.04998779296875,689.3300170898438,239.3300018310547,263.5,491.75,767.9000244140625,876.27001953125,471.8800048828125,-3958.419921875,0,-0.1709929148888677,-0.10304813800675444,0.6863837787781594,-0.9039985004888557,-0.2969292001571692,0.09778413329498982,0.2916470889339923
1765375997.0500917,439.79998779296875,496.04998779296875,689.3300170898438,239.3300018310547,263.5,491.75,767.9000244140625,876.27001953125,471.8800048828125,-3958.419921875,0,-0.17334461246203237,-0.10449626879758162,0.6968200656941191,-0.9102550585720219,-0.29471618200697264,0.11145137296372674,0.2686199766803994
1765375997.342821,439.79998779296875,496.04998779296875,689.3300170898438,239.3300018310547,263.5,491.75,767.9000244140625,876.27001953125,471.8800048828125,-3958.419921875,0,-0.17640911600955286,-0.1064205685957451,0.7071048667343445,-0.9113613476286312,-0.2937207164998941,0.0990984556963254,0.2707916742182402
1765375997.6111696,439.79998779296875,496.04998779296875,689.3300170898438,239.3300018310547,263.5,491.75,767.9000244140625,876.27001953125,471.8800048828125,-3958.419921875,0,-0.17901985598207384,-0.10812671856198955,0.7175819043828918,-0.9121630631352695,-0.29251343917386524,0.087166380645429,0.2734894079110485
1765375997.653025,439.79998779296875,496.04998779296875,689.3300170898438,239.3300018310547,263.5,491.75,767.9000244140625,876.27001953125,471.8800048828125,-3958.419921875,0,-0.17645385658138804,-0.10657888985141242,0.7072674025304191,-0.9147473170486347,-0.30200248667762203,0.11342306001258569,0.2432427870466848
1765375997.8803585,439.79998779296875,496.04998779296875,689.3300170898438,239.3300018310547,263.5,491.75,767.9000244140625,876.27001953125,471.8800048828125,-3958.419921875,0,-0.17853562504887335,-0.10788810210372482,0.7177127676627478,-0.9122255528306021,-0.2923666943432504,0.08709497737644892,0.2734606401614291
1765375998.108791,439.79998779296875,496.04998779296875,689.3300170898438,239.3300018310547,263.5,491.75,767.989990234375,876.27001953125,471.8800048828125,-3958.419921875,0,-0.17341595230054224,-0.10479026363050142,0.69710727163731,-0.9103148648944767,-0.2947018011006596,0.11103771317517516,0.26860439578124123
1765375998.90664,439.79998779296875,496.04998779296875,713.5800170898438,239.3300018310547,263.5,491.75,767.1099853515625,876.27001953125,471.8800048828125,-3958.419921875,0,-0.20347829616871377,-0.1059416964614367,0.7255392993439798,-0.9276240935732484,-0.26684999235917123,0.12399649949380821,0.23006410131439828
1765375998.9900482,439.79998779296875,496.04998779296875,713.5800170898438,239.3300018310547,263.5,491.75,767.1099853515625,876.27001953125,471.8800048828125,-3958.419921875,0,-0.21435303345638992,-0.10791919017171431,0.7265466369856358,-0.9304893260150986,-0.2691502773927661,0.10546976639990768,0.22499749049025783
1765375999.035553,439.79998779296875,496.04998779296875,713.5800170898438,239.3300018310547,263.5,491.75,767.1099853515625,876.27001953125,471.8800048828125,-3958.419921875,0,-0.21284316183996124,-0.10624298843514597,0.7118739500940652,-0.9223190803424552,-0.2589199895738722,0.1120311149765963,0.2640776066091449
1765375999.0760584,439.79998779296875,496.04998779296875,726.9400024414062,239.3300018310547,263.5,491.75,767.1099853515625,876.27001953125,471.8800048828125,-3958.419921875,0,-0.2138370363166019,-0.10566024640096931,0.7070975136497374,-0.9235381898460371,-0.26394944971869266,0.1226711901214297,0.24971920030966088
1765375999.151367,439.79998779296875,496.04998779296875,726.9400024414062,239.3300018310547,263.5,491.75,767.1099853515625,876.27001953125,471.8800048828125,-3958.419921875,0,-0.21218337036202536,-0.1027493536570506,0.6893201756724374,-0.917643916789047,-0.269084187141848,0.11659366554431971,0.2681963075159815
1765375999.189599,439.79998779296875,496.04998779296875,726.9400024414062,239.3300018310547,263.5,491.75,767.1099853515625,876.27001953125,471.8800048828125,-3958.419921875,0,-0.20886035602445588,-0.09864975804341106,0.6691295708553813,-0.912690703114903,-0.2643828888485486,0.12302340101582512,0.28629113037993287
1765375999.2734516,439.79998779296875,496.04998779296875,740.1300048828125,239.3300018310547,263.5,491.75,767.1099853515625,876.27001953125,471.8800048828125,-3958.419921875,0,-0.21601053549876598,-0.10036695976527599,0.6849264961226623,-0.9147525839693698,-0.2652442174436061,0.1255413990791611,0.27769150572413476
1765375999.476867,439.79998779296875,496.04998779296875,753.489990234375,239.3300018310547,263.5,491.75,767.1099853515625,876.27001953125,471.8800048828125,-3958.419921875,0,-0.22387052960830986,-0.0980626553745367,0.6852152933708479,-0.9111003895203549,-0.25685880760356533,0.12365529059646871,0.29770623486893094
1765375999.644647,439.79998779296875,496.04998779296875,753.489990234375,239.3300018310547,263.5,491.75,767.1099853515625,876.27001953125,471.8800048828125,-3958.419921875,0,-0.24030693937101272,-0.09637947122900488,0.6881117968868469,-0.9292462574164846,-0.226181804214027,0.14252402202918632,0.2550099756177551
1765375999.6821208,439.79998779296875,496.04998779296875,767.1099853515625,239.3300018310547,263.5,491.75,767.1099853515625,876.27001953125,471.8800048828125,-3958.419921875,0,-0.23644245653952203,-0.09375817890378547,0.6694593639392981,-0.9153657422655899,-0.24289998264938514,0.1361952150492688,0.290785177946156
1765376000.0157964,439.79998779296875,496.04998779296875,774.1400146484375,239.3300018310547,263.5799865722656,491.75,767.1099853515625,876.27001953125,471.8800048828125,-3958.419921875,0,-0.24039264982952263,-0.09033229877608792,0.6492069935155631,-0.9184852450132228,-0.22730657317610112,0.13482248572669045,0.29417592326091946
1765376000.1732066,439.79998779296875,496.04998779296875,774.3200073242188,239.3300018310547,263.5799865722656,491.75,767.1099853515625,876.27001953125,471.8800048828125,-3958.419921875,0,-0.2379610076310743,-0.0912586785110978,0.6609469624260993,-0.9257263359907937,-0.20415343109859907,0.16137478947151535,0.2744272303302897
1765376000.2550216,439.79998779296875,496.04998779296875,774.3200073242188,239.3300018310547,263.5799865722656,491.75,767.1099853515625,876.27001953125,471.8800048828125,-3958.419921875,0,-0.23156673771881545,-0.08937437437052607,0.6490350689304594,-0.9161935186093443,-0.22425917171935544,0.14775017809558397,0.29743427043752213
1765376000.6860356,439.79998779296875,496.04998779296875,774.3200073242188,239.3300018310547,263.5,491.8399963378906,767.1099853515625,876.27001953125,471.8800048828125,-3958.419921875,0,-0.22681234325444133,-0.08769453216338073,0.6360283792173864,-0.9133669866472047,-0.22315851822055136,0.15320128638495456,0.3041223262087283
1765376000.7464454,439.79998779296875,496.04998779296875,774.3200073242188,239.3300018310547,263.5,491.8399963378906,767.1099853515625,876.27001953125,471.8800048828125,-3958.419921875,0,-0.23161936721164528,-0.08953780447465927,0.6485271098369007,-0.9157247025324027,-0.22433167081668737,0.1492960182400506,0.29805078355576026
1765376000.8118153,439.79998779296875,496.04998779296875,774.3200073242188,239.3300018310547,263.5,491.8399963378906,767.1099853515625,876.27001953125,471.8800048828125,-3958.419921875,0,-0.22740133056294645,-0.08770242191117605,0.6360654857500004,-0.9183662105692175,-0.21201208366089486,0.16645434904694828,0.28973665517130887
1765376000.8782043,439.79998779296875,496.04998779296875,774.3200073242188,239.3300018310547,263.5,491.75,767.1099853515625,876.27001953125,471.8800048828125,-3958.419921875,0,-0.23208325533998345,-0.0897956837289371,0.6478700463375037,-0.912200796992304,-0.22960275002106215,0.14676938203725814,0.3059918816664462
1765376001.0091214,439.79998779296875,496.04998779296875,774.3200073242188,239.3300018310547,263.5,491.75,767.1099853515625,876.27001953125,471.8800048828125,-3958.419921875,0,-0.22570089853892664,-0.08703682461213255,0.6329071308433926,-0.9173187818090784,-0.2089472253957653,0.16287686808557228,0.2972178248059068
1765376001.3211105,439.79998779296875,496.04998779296875,774.3200073242188,239.3300018310547,263.5,491.75,767.1099853515625,876.27001953125,471.8800048828125,-3958.419921875,0,-0.23780147013793868,-0.09209877273841233,0.666176478911695,-0.9254772418335037,-0.19891170347516185,0.1508450129072491,0.28490663584738046
1765376001.359222,439.79998779296875,496.04998779296875,774.3200073242188,239.3300018310547,263.5,491.75,767.1099853515625,876.27001953125,471.8800048828125,-3958.419921875,0,-0.23357513694318263,-0.09038590467465854,0.6546681743658236,-0.917729115657994,-0.2128970908857939,0.1488065142265308,0.3005074379939899
1765376001.3974302,439.79998779296875,496.04998779296875,774.3200073242188,239.3300018310547,263.5,491.75,767.1099853515625,876.27001953125,471.8800048828125,-3958.419921875,0,-0.22463444377260675,-0.08691908594686194,0.6296084403093278,-0.9072931673312965,-0.22529581627181217,0.15215698960487262,0.32079456697198705
1765376001.4387848,439.79998779296875,496.04998779296875,774.3200073242188,239.3300018310547,263.5,491.75,767.1099853515625,876.27001953125,471.8800048828125,-3958.419921875,0,-0.23135174598311256,-0.08964064493147524,0.6484348883085673,-0.9121255514881794,-0.22933167695353043,0.14731348332612665,0.30615796233054143
1765376002.1799984,439.79998779296875,496.04998779296875,774.3200073242188,239.3300018310547,263.5,491.75,767.1099853515625,876.27001953125,471.8800048828125,-3958.419921875,0,-0.2261790494768147,-0.08772165871541567,0.6345751025831708,-0.9147005476489372,-0.22473136992817438,0.14404150938734941,0.303431644813712
1765376002.2153492,439.79998779296875,496.04998779296875,774.3200073242188,239.3300018310547,263.5,491.75,767.1099853515625,876.27001953125,471.8800048828125,-3958.419921875,0,-0.23178890351618728,-0.08985731396152956,0.6499802419932221,-0.9180032411200012,-0.2177789446032065,0.159202053822209,0.2906838258993387
1765376002.477767,439.79998779296875,496.04998779296875,774.22998046875,239.3300018310547,263.5,491.75,767.1099853515625,876.27001953125,471.8800048828125,-3958.419921875,0,-0.2352425641909694,-0.09131661680295933,0.6596710651713924,-0.9194192330018814,-0.21583729756438289,0.1509714411065468,0.29204478926450406
1765376002.583298,439.79998779296875,496.04998779296875,774.22998046875,239.3300018310547,263.5,491.75,767.1099853515625,876.27001953125,471.8800048828125,-3958.419921875,0,-0.2317490735325771,-0.08977124534996674,0.6501915172662128,-0.919633046725272,-0.21117605214797291,0.17057233441190034,0.2838746432904233
1765376003.1045282,439.79998779296875,496.04998779296875,774.22998046875,239.3300018310547,263.5,491.75,767.1099853515625,876.27001953125,471.8800048828125,-3958.419921875,0,-0.22464254075768225,-0.08698521033262113,0.6309021702942602,-0.9112476950991881,-0.22029772751579801,0.15249746508792725,0.31279557632669447
1765376003.244281,439.79998779296875,496.04998779296875,774.22998046875,239.3300018310547,263.5,491.75,767.1099853515625,876.27001953125,471.8800048828125,-3958.419921875,0,-0.233075752069687,-0.09025983633846466,0.6545767807328694,-0.9197730804107459,-0.2204247461846703,0.16150206170453152,0.28168687560185873
1765376003.661264,439.79998779296875,496.04998779296875,774.3200073242188,239.3300018310547,263.5,491.75,767.1099853515625,876.27001953125,471.8800048828125,-3958.419921875,0,-0.2259297651688798,-0.08757382191783086,0.635158850302604,-0.9146941951097751,-0.2245409909268668,0.14436727746426406,0.303436916052773
1765376003.999303,439.79998779296875,496.04998779296875,774.22998046875,239.3300018310547,263.5,491.75,767.1099853515625,876.27001953125,471.8800048828125,-3958.419921875,0,-0.23305284163783155,-0.09036958884598152,0.6545095674120686,-0.9232369982045014,-0.2153932314840365,0.16302904879957095,0.27324115763316636
1765376004.047466,439.79998779296875,496.04998779296875,774.22998046875,239.3300018310547,263.5,491.75,767.1099853515625,876.27001953125,471.8800048828125,-3958.419921875,0,-0.2259297651688798,-0.08757382191783086,0.635158850302604,-0.9146941951097751,-0.2245409909268668,0.14436727746426406,0.303436916052773
1765376004.0906565,439.79998779296875,496.04998779296875,774.22998046875,239.3300018310547,263.5,491.75,767.1099853515625,876.27001953125,471.8800048828125,-3958.419921875,0,-0.23305284163783155,-0.09036958884598152,0.6545095674120686,-0.9232369982045014,-0.2153932314840365,0.16302904879957095,0.27324115763316636
1765376004.221718,439.79998779296875,496.04998779296875,774.22998046875,239.3300018310547,263.5,491.75,767.1099853515625,876.27001953125,471.8800048828125,-3958.419921875,0,-0.22620909606251602,-0.0876131651978092,0.6362607051154775,-0.9168062049961161,-0.2180901841721402,0.15522038676516653,0.29632699097593795
1765376004.2626388,439.79998779296875,496.04998779296875,774.22998046875,239.3300018310547,263.5,491.75,767.1099853515625,876.27001953125,471.8800048828125,-3958.419921875,0,-0.2333671303451094,-0.09062759897177051,0.6563962541154986,-0.9237237230678272,-0.20096823299543987,0.15990580390072195,0.28421186929343173
1765376004.4284627,439.79998779296875,496.04998779296875,774.3200073242188,239.3300018310547,263.5,491.75,767.1099853515625,876.27001953125,471.8800048828125,-3958.419921875,0,-0.22627665506319508,-0.08757023172202628,0.636768007994285,-0.9186828543721488,-0.21159538094554714,0.16593026342092454,0.28933778793343384
1765376004.5878332,439.79998779296875,496.04998779296875,774.3200073242188,239.3300018310547,263.5,491.75,767.1099853515625,876.27001953125,471.8800048828125,-3958.419921875,0,-0.2333671303451094,-0.09062759897177051,0.6563962541154986,-0.9237237230678272,-0.20096823299543987,0.15990580390072195,0.28421186929343173
1765376004.6322184,439.79998779296875,496.04998779296875,774.3200073242188,239.3300018310547,263.5,491.75,767.1099853515625,876.27001953125,471.8800048828125,-3958.419921875,0,-0.22627665506319508,-0.08757023172202628,0.636768007994285,-0.9186828543721488,-0.21159538094554714,0.16593026342092454,0.28933778793343384
1765376004.680182,439.79998779296875,496.04998779296875,774.3200073242188,239.3300018310547,263.5,491.75,767.1099853515625,876.27001953125,471.8800048828125,-3958.419921875,0,-0.23293483726360972,-0.0903864798274832,0.6555175987521487,-0.9218643677441806,-0.20754022576165748,0.14886690983077006,0.29143058407082106
1765376004.726815,439.79998779296875,496.04998779296875,774.3200073242188,239.3300018310547,263.5,491.75,767.1099853515625,876.27001953125,471.8800048828125,-3958.419921875,0,-0.2254372828940339,-0.08749607797920214,0.633776554938828,-0.910647548135781,-0.22950936105065256,0.14415252153895364,0.31187585157939607
1765376004.8835368,439.79998779296875,496.04998779296875,774.3200073242188,239.3300018310547,263.5,491.75,767.1099853515625,876.27001953125,471.8800048828125,-3958.419921875,0,-0.23293483726360972,-0.0903864798274832,0.6555175987521487,-0.9218643677441806,-0.20754022576165748,0.14886690983077006,0.29143058407082106
1765376005.5576813,439.79998779296875,496.04998779296875,774.3200073242188,239.3300018310547,263.5,491.75,767.1099853515625,876.27001953125,471.8800048828125,-3958.419921875,0,-0.22627665506319508,-0.08757023172202628,0.636768007994285,-0.9186828543721488,-0.21159538094554714,0.16593026342092454,0.28933778793343384
1765376005.597186,439.79998779296875,496.04998779296875,774.3200073242188,239.3300018310547,263.5,491.75,767.1099853515625,876.27001953125,471.8800048828125,-3958.419921875,0,-0.23293678054526126,-0.0903162262964741,0.6558502961489155,-0.9241343517726571,-0.2007300263995031,0.1591743143906542,0.28345492413018825
1765376005.7307892,439.79998779296875,496.04998779296875,774.3200073242188,239.3300018310547,263.5,491.75,767.1099853515625,876.27001953125,471.8800048828125,-3958.419921875,0,-0.22311649664049676,-0.08674947071673436,0.6275759001205921,-0.9048358662521216,-0.23150940495985,0.14188033952023138,0.32794118347126316
1765376005.7681355,439.79998779296875,496.04998779296875,774.3200073242188,239.3300018310547,263.5,491.75,767.1099853515625,876.27001953125,471.8800048828125,-3958.419921875,0,-0.23258774845557242,-0.09036855507773678,0.654542808903201,-0.9175951813760497,-0.2127441544151946,0.1492260163824165,0.30081656189819955
1765376005.8817823,439.79998779296875,496.04998779296875,774.3200073242188,239.3300018310547,263.5,491.75,767.1099853515625,876.27001953125,471.8800048828125,-3958.419921875,0,-0.22311649664049676,-0.08674947071673436,0.6275759001205921,-0.9048358662521216,-0.23150940495985,0.14188033952023138,0.32794118347126316
1765376005.9397113,439.79998779296875,496.04998779296875,774.3200073242188,239.3300018310547,263.5,491.75,767.1099853515625,876.27001953125,471.8800048828125,-3958.419921875,0,-0.23569167027458293,-0.09145664432208542,0.6632832294567547,-0.918466444221229,-0.2108264514610309,0.14195543879953113,0.30301856642653796
1765376006.0553584,439.79998779296875,496.04998779296875,774.3200073242188,239.3300018310547,263.5,491.75,767.1099853515625,876.27001953125,471.8800048828125,-3958.419921875,0,-0.2322780212540798,-0.09001266510666397,0.6536702188970498,-0.9171162994493951,-0.21283686083945338,0.1507467001296107,0.3014524777677038
1765376006.0930598,442.0,498.5199890136719,774.22998046875,242.13999938964844,266.2200012207031,491.75,767.1099853515625,876.27001953125,474.0799865722656,-3958.419921875,0,-0.23258774845557242,-0.09036855507773678,0.654542808903201,-0.9175951813760497,-0.2127441544151946,0.1492260163824165,0.30081656189819955
1765376006.3900647,444.2900085449219,501.1499938964844,774.22998046875,245.0399932861328,269.1199951171875,491.75,767.02001953125,876.27001953125,476.3699951171875,-3958.419921875,0,-0.23293678054526126,-0.0903162262964741,0.6558502961489155,-0.9241343517726571,-0.2007300263995031,0.1591743143906542,0.28345492413018825
1765376006.5160544,446.30999755859375,503.6099853515625,774.22998046875,247.85000610351562,271.92999267578125,491.75,766.6699829101562,876.27001953125,476.4599914550781,-3958.419921875,0,-0.23293678054526126,-0.0903162262964741,0.6558502961489155,-0.9241343517726571,-0.2007300263995031,0.1591743143906542,0.28345492413018825
1765376006.7109241,446.30999755859375,506.07000732421875,774.22998046875,250.66000366210938,274.8299865722656,491.75,766.5800170898438,876.27001953125,476.4599914550781,-3958.419921875,0,-0.23294901225430026,-0.0901816348369816,0.6548961093091228,-0.9176982399615851,-0.21279655176805,0.14885861916289386,0.3006471011467657
1765376006.7613704,446.30999755859375,506.07000732421875,774.22998046875,250.66000366210938,274.8299865722656,491.75,766.5800170898438,876.27001953125,476.4599914550781,-3958.419921875,0,-0.2259297651688798,-0.08757382191783086,0.635158850302604,-0.9146941951097751,-0.2245409909268668,0.14436727746426406,0.303436916052773
1765376006.796253,446.30999755859375,506.07000732421875,774.22998046875,250.66000366210938,274.8299865722656,491.75,766.5800170898438,876.27001953125,476.4599914550781,-3958.419921875,0,-0.23478335382618926,-0.09096742255895286,0.6597127080901527,-0.9231631466934661,-0.21060022663580458,0.15227442398795404,0.2832487403804341
1765376006.872445,446.30999755859375,506.07000732421875,774.22998046875,250.66000366210938,274.8299865722656,491.75,766.5800170898438,876.27001953125,476.4599914550781,-3958.419921875,0,-0.2228140016244378,-0.08625177296322246,0.626393632105945,-0.9136376334925755,-0.2262799134434345,0.151990834304314,0.3015998370781993
1765376006.9121523,446.30999755859375,508.5400085449219,774.22998046875,253.55999755859375,277.6499938964844,491.75,766.22998046875,876.27001953125,476.4599914550781,-3958.419921875,0,-0.2338688541882156,-0.09020966200509714,0.6568211685770976,-0.9131299215734993,-0.22742986297768342,0.13979121825025406,0.30810358494058016
1765376007.0738792,446.3999938964844,511.0,774.22998046875,256.2900085449219,280.54998779296875,491.75,765.8800048828125,876.27001953125,476.4599914550781,-3958.419921875,0,-0.22613279328658886,-0.08666788300405366,0.6360458063390926,-0.9169560975294655,-0.21790391046155194,0.1554614005154259,0.2958735438644009
1765376007.1965888,446.3999938964844,511.0,774.22998046875,256.2900085449219,280.54998779296875,491.75,765.8800048828125,876.27001953125,476.4599914550781,-3958.419921875,0,-0.23243018922819286,-0.08842388163931186,0.654098852356676,-0.9179001496844063,-0.21238175504970797,0.149713939375615,0.29989838560416626
1765376007.2720006,446.3999938964844,511.0,774.22998046875,256.2900085449219,280.54998779296875,491.75,765.8800048828125,876.27001953125,476.4599914550781,-3958.419921875,0,-0.2275654076270405,-0.08615288310244228,0.6407279418581641,-0.9185723998632851,-0.20650459462414872,0.1567256191323974,0.2983583062629359
1765376007.313895,446.3999938964844,513.4600219726562,774.22998046875,258.75,283.45001220703125,491.75,765.4400024414062,876.27001953125,476.4599914550781,-3958.419921875,0,-0.2322980839633358,-0.08822774758097833,0.6543903341404594,-0.9179361748952981,-0.21235806973543142,0.1495572800978915,0.2998830588855451
1765376007.557343,446.3999938964844,515.8300170898438,774.1400146484375,261.0400085449219,286.260009765625,491.75,765.4400024414062,876.27001953125,476.4599914550781,-3958.419921875,0,-0.22420557504291538,-0.08394227384048393,0.6344791429335351,-0.916925478631746,-0.21725886247735024,0.15735597490694164,0.2954409424437941
1765376007.627296,446.3999938964844,515.8300170898438,774.1400146484375,261.0400085449219,286.260009765625,491.75,765.4400024414062,876.27001953125,476.4599914550781,-3958.419921875,0,-0.23086990494222467,-0.08606039974968677,0.6540064763461045,-0.9236948199563313,-0.19995279775943095,0.16291675676327766,0.28331058684728305
1765376007.7584062,446.3999938964844,518.2899780273438,773.9600219726562,263.2300109863281,289.1600036621094,491.75,765.1799926757812,876.27001953125,476.4599914550781,-3958.419921875,0,-0.22758496208411763,-0.08445731833361282,0.6453508864540155,-0.9258477198011249,-0.19689610021871384,0.17142018025129807,0.273227098327257
1765376007.8570628,446.3999938964844,518.2899780273438,773.9600219726562,263.2300109863281,289.1600036621094,491.75,765.1799926757812,876.27001953125,476.4599914550781,-3958.419921875,0,-0.23209882077137464,-0.08579306364667694,0.6591654793577862,-0.9257372056343921,-0.2023573554374929,0.1649179874914795,0.27361320181294563
1765376007.8954048,446.3999938964844,520.75,773.8800048828125,265.1700134277344,292.05999755859375,491.75,765.1799926757812,876.27001953125,476.4599914550781,-3958.419921875,0,-0.23027072399167006,-0.08492300743816625,0.6543111598023444,-0.9238168395311461,-0.19966373027970924,0.16319039311311961,0.2829588970240405
1765376008.114165,446.3999938964844,523.2100219726562,773.8800048828125,266.9200134277344,294.8699951171875,491.75,765.1799926757812,876.27001953125,476.4599914550781,-3958.419921875,0,-0.2255480368606409,-0.08270854344290667,0.6435295334043499,-0.9186293696115244,-0.21449812406149765,0.15011262191389674,0.2959338385574842
1765376008.2421787,446.3999938964844,523.2100219726562,773.8800048828125,266.9200134277344,294.8699951171875,491.75,765.1799926757812,876.27001953125,476.4599914550781,-3958.419921875,0,-0.2320790941822554,-0.08482502474346891,0.6618332835369354,-0.9193101560572849,-0.20916726040370115,0.1440161829402159,0.3006280645523153
1765376008.29788,446.3999938964844,525.5900268554688,773.8800048828125,268.67999267578125,297.69000244140625,491.75,765.1799926757812,876.1799926757812,476.4599914550781,-3958.419921875,0,-0.23172431350839706,-0.08463137138597804,0.6621814690556959,-0.91941261617404,-0.20896366772230612,0.14399186203437586,0.30046791918592936
1765376008.3395708,446.3999938964844,525.5900268554688,773.8800048828125,268.67999267578125,297.69000244140625,491.75,765.1799926757812,876.1799926757812,476.4599914550781,-3958.419921875,0,-0.22623671130759235,-0.08255074964126921,0.6468260123897964,-0.9184783421745409,-0.22373230425448948,0.1404739942949342,0.29429313263498086
1765376008.392327,446.3999938964844,525.5900268554688,773.8800048828125,268.67999267578125,297.69000244140625,491.75,765.1799926757812,876.1799926757812,476.4599914550781,-3958.419921875,0,-0.23342644460794904,-0.08489599620536456,0.6670355474899727,-0.9229921947773957,-0.2050694575497437,0.15862556961543256,0.28437625538085853
1765376008.5069726,446.3999938964844,528.0499877929688,773.8800048828125,268.510009765625,300.4100036621094,491.75,765.0900268554688,876.010009765625,476.4599914550781,-3958.419921875,0,-0.22747129738458483,-0.08264961448999253,0.6503606788971313,-0.9155137639068006,-0.21751634759689303,0.14321468948666924,0.3066117077682252
1765376008.9565022,446.3999938964844,532.8800048828125,773.8800048828125,268.510009765625,305.6000061035156,491.75,765.0900268554688,875.9199829101562,476.4599914550781,-3958.419921875,0,-0.23285054546484263,-0.08390119247705534,0.666761615731596,-0.9230682257349676,-0.20480807720277577,0.15906813162566386,0.28407046951790216
1765376008.9899173,446.3999938964844,532.8800048828125,773.8800048828125,268.510009765625,305.6000061035156,491.75,765.0900268554688,875.9199829101562,476.4599914550781,-3958.419921875,0,-0.2249881350594958,-0.08098999644206847,0.6445700295986153,-0.9226582643306761,-0.20079183632240427,0.17192359970442467,0.2807608263153069
1765376009.0449493,446.3999938964844,532.8800048828125,773.8800048828125,268.510009765625,305.6000061035156,491.75,765.0900268554688,875.9199829101562,476.4599914550781,-3958.419921875,0,-0.23148888060769693,-0.08333321972353396,0.6632060402552047,-0.9255608407594504,-0.1966738131688891,0.15627904542467028,0.2832550109484775
1765376009.0863264,446.3999938964844,535.1699829101562,773.8800048828125,268.510009765625,308.05999755859375,491.75,765.0900268554688,875.9199829101562,476.4599914550781,-3958.419921875,0,-0.23148888060769693,-0.08333321972353396,0.6632060402552047,-0.9255608407594504,-0.1966738131688891,0.15627904542467028,0.2832550109484775
1765376009.1856172,446.3999938964844,535.1699829101562,773.8800048828125,268.510009765625,308.05999755859375,491.75,765.0900268554688,875.9199829101562,476.4599914550781,-3958.419921875,0,-0.22204010686743172,-0.07985004339471168,0.6364680048313639,-0.9129079765103086,-0.2161548093922097,0.14927392642312737,0.3123994553303418
1765376009.3172362,446.3999938964844,537.4500122070312,773.8800048828125,268.510009765625,310.3399963378906,491.75,765.0900268554688,875.8300170898438,476.4599914550781,-3958.419921875,0,-0.22274893339320728,-0.07991841833678928,0.6388216952833587,-0.9189473441971693,-0.20458832451863224,0.16015189418222833,0.2966997924729182
1765376009.6861231,446.3999938964844,542.2000122070312,773.8800048828125,268.510009765625,312.6300048828125,491.75,765.0900268554688,875.6500244140625,476.4599914550781,-3958.419921875,0,-0.2306296721492367,-0.08236040449078397,0.6621124511309884,-0.9216023698061901,-0.2016501552514619,0.1565622265710233,0.29236031889741687
1765376009.9173944,446.30999755859375,544.5700073242188,773.8800048828125,268.510009765625,312.6300048828125,491.75,765.0900268554688,875.5700073242188,476.4599914550781,-3958.419921875,0,-0.23039330750625245,-0.08235128769122531,0.6610978808013014,-0.9194978129749789,-0.20848832396394607,0.14526136520791189,0.29992586831227036
1765376009.9582045,446.30999755859375,544.5700073242188,773.8800048828125,268.510009765625,312.6300048828125,491.75,765.0900268554688,875.5700073242188,476.4599914550781,-3958.419921875,0,-0.22483779568265178,-0.08032833088104283,0.6458239970460038,-0.9179169398116845,-0.20917582459330927,0.14195730149631874,0.3058138168303467
1765376010.0603156,446.30999755859375,544.5700073242188,773.8800048828125,268.510009765625,312.6300048828125,491.75,765.0900268554688,875.5700073242188,476.4599914550781,-3958.419921875,0,-0.2306296721492367,-0.08236040449078397,0.6621124511309884,-0.9216023698061901,-0.2016501552514619,0.1565622265710233,0.29236031889741687
1765376010.2590532,446.3999938964844,546.8599853515625,773.8800048828125,268.510009765625,312.6300048828125,491.75,765.0900268554688,875.5700073242188,476.4599914550781,-3958.419921875,0,-0.23039330750625245,-0.08235128769122531,0.6610978808013014,-0.9194978129749789,-0.20848832396394607,0.14526136520791189,0.29992586831227036
1765376010.296143,446.3999938964844,549.1400146484375,773.8800048828125,268.510009765625,312.6300048828125,491.75,765.0900268554688,875.5700073242188,476.4599914550781,-3958.419921875,0,-0.23039330750625245,-0.08235128769122531,0.6610978808013014,-0.9194978129749789,-0.20848832396394607,0.14526136520791189,0.29992586831227036
1765376010.5475519,446.3999938964844,551.4299926757812,773.8800048828125,268.510009765625,312.6300048828125,491.75,765.0900268554688,875.5700073242188,476.4599914550781,-3958.419921875,0,-0.23039330750625245,-0.08235128769122531,0.6610978808013014,-0.9194978129749789,-0.20848832396394607,0.14526136520791189,0.29992586831227036
1765376010.756422,446.3999938964844,553.7999877929688,773.8800048828125,268.510009765625,312.6300048828125,491.75,765.0,875.5700073242188,476.4599914550781,-3958.419921875,0,-0.2306296721492367,-0.08236040449078397,0.6621124511309884,-0.9216023698061901,-0.2016501552514619,0.1565622265710233,0.29236031889741687
1765376010.9099362,446.30999755859375,556.0800170898438,773.8800048828125,268.510009765625,312.6300048828125,491.75,764.8200073242188,875.5700073242188,476.4599914550781,-3958.419921875,0,-0.2306296721492367,-0.08236040449078397,0.6621124511309884,-0.9216023698061901,-0.2016501552514619,0.1565622265710233,0.29236031889741687
1765376011.223505,446.30999755859375,558.3699951171875,773.8800048828125,268.510009765625,312.6300048828125,491.75,764.3800048828125,875.5700073242188,476.4599914550781,-3958.419921875,0,-0.23363169000508469,-0.08266582321402716,0.6703962847806417,-0.9207387805257409,-0.20634693155674963,0.13702573998334208,0.30147137252996903
1765376011.3816855,446.30999755859375,560.6500244140625,773.8800048828125,268.510009765625,312.6300048828125,491.75,763.9500122070312,875.47998046875,476.4599914550781,-3958.419921875,0,-0.23220964550144774,-0.08103734470274582,0.6649248611142539,-0.922973853629103,-0.20443015021361496,0.16095779553853848,0.28358449755946824
1765376011.4568691,446.30999755859375,560.6500244140625,773.8800048828125,268.510009765625,312.6300048828125,491.75,763.9500122070312,875.47998046875,476.4599914550781,-3958.419921875,0,-0.22550862314365464,-0.07893130498322777,0.646741280928727,-0.9203115852037514,-0.20230376378674053,0.15332444218561003,0.29764305590076956
1765376011.5349662,446.30999755859375,562.9400024414062,773.8800048828125,268.510009765625,312.6300048828125,491.75,763.6799926757812,875.3900146484375,476.4599914550781,-3958.419921875,0,-0.22432630461863703,-0.07860072459670249,0.6440018599429507,-0.9229404423360213,-0.20022097114901574,0.17268645580402325,0.2797711396741621
1765376011.7203398,446.3999938964844,565.1400146484375,773.8800048828125,268.510009765625,312.6300048828125,491.75,763.510009765625,875.2999877929688,476.4599914550781,-3958.419921875,0,-0.22229009761375373,-0.07707405296343894,0.6371814327023086,-0.9173825683432136,-0.21063696664657958,0.15011118151114283,0.30250276819769023
1765376011.9869657,446.3999938964844,567.510009765625,773.8800048828125,268.510009765625,312.6300048828125,491.75,763.3300170898438,875.2100219726562,476.4599914550781,-3958.419921875,0,-0.23282491815831088,-0.08045062198609769,0.6670517215979328,-0.9179415943312439,-0.21300115188669866,0.12807296121172415,0.3092103738525181
1765376012.111342,446.3999938964844,569.8800048828125,773.8800048828125,268.510009765625,312.6300048828125,491.75,763.1500244140625,875.1300048828125,476.4599914550781,-3958.419921875,0,-0.22514274165559794,-0.07794840202640198,0.6453643461184161,-0.9183764875232541,-0.20881465635564078,0.14235461027650786,0.30449340122332647
1765376012.2883077,446.30999755859375,572.1699829101562,773.8800048828125,268.510009765625,312.6300048828125,491.75,762.97998046875,875.0399780273438,476.4599914550781,-3958.419921875,0,-0.22265779679509698,-0.07643835073968801,0.6385598082433369,-0.9198561239470561,-0.20376136840028125,0.1601357042755993,0.29445300508043915
1765376012.3268185,446.30999755859375,572.1699829101562,773.8800048828125,268.510009765625,312.6300048828125,491.75,762.97998046875,875.0399780273438,476.4599914550781,-3958.419921875,0,-0.23119062345845667,-0.07941143300398057,0.6623504726555143,-0.926119481897791,-0.19592531940257535,0.1572018560537089,0.2814312543404431
1765376012.4005694,446.30999755859375,572.1699829101562,773.8800048828125,268.510009765625,312.6300048828125,491.75,762.97998046875,875.0399780273438,476.4599914550781,-3958.419921875,0,-0.22543455964409617,-0.07762482324586338,0.6458937431408409,0.850070417794439,0.08028826953750513,0.45695841579566093,0.24924502963746456
1765376012.5234063,446.30999755859375,574.1900024414062,773.8800048828125,268.510009765625,312.6300048828125,491.75,762.8900146484375,874.9500122070312,476.4599914550781,-3958.419921875,0,-0.22563126907264977,-0.07734406422701462,0.647093067199156,-0.9208908291430681,-0.20187184928512408,0.15290690052410522,0.2963567394855534
1765376012.731031,446.3999938964844,576.2999877929688,773.8800048828125,268.510009765625,312.6300048828125,491.75,762.5399780273438,874.6900024414062,476.4599914550781,-3958.419921875,0,-0.2284641026755347,-0.07799702056547483,0.6535336982204012,-0.9145309452478368,-0.22448810727653185,0.14479239702630214,0.3037653726791058
1765376013.0938206,446.30999755859375,580.25,773.8800048828125,268.510009765625,312.6300048828125,491.75,762.010009765625,874.6900024414062,476.4599914550781,-3958.419921875,0,-0.22977792470357788,-0.07754122414500007,0.6566024769035873,-0.9227235650697987,-0.20574752688945852,0.16730406543228918,0.2797472561681006
1765376013.1809034,446.30999755859375,580.25,773.8800048828125,268.510009765625,312.6300048828125,491.75,762.010009765625,874.6900024414062,476.4599914550781,-3958.419921875,0,-0.23467720004699205,-0.07875311293372361,0.670963338825648,-0.9238836987283071,-0.19880822402598627,0.14864480619337647,0.29123688446944634
1765376013.2205403,446.30999755859375,580.25,773.8800048828125,268.510009765625,312.6300048828125,491.75,762.010009765625,874.6900024414062,476.4599914550781,-3958.419921875,0,-0.23100413993869867,-0.07775125080526768,0.6594594560314139,-0.9120492046942517,-0.2150307266076497,0.12668758383430082,0.3253894450245676
1765376013.269985,446.30999755859375,580.25,773.8800048828125,268.510009765625,312.6300048828125,491.75,762.010009765625,874.6900024414062,476.4599914550781,-3958.419921875,0,-0.23434086730662243,-0.07871899582815041,0.6696627046930642,-0.9214812835230569,-0.20581157735276745,0.13758877842962602,0.2993044717248786
1765376013.4645205,446.30999755859375,580.6900024414062,773.8800048828125,268.510009765625,312.6300048828125,491.75,762.010009765625,874.5999755859375,476.4599914550781,-3958.419921875,0,-0.22506449641168488,-0.07583110209245084,0.6431340141222441,-0.9218073949971868,-0.20648766596203855,0.16208450288879364,0.2852412737619555
1765376013.5906003,446.30999755859375,580.6099853515625,773.8800048828125,268.510009765625,312.6300048828125,491.75,762.010009765625,874.5999755859375,476.4599914550781,-3958.419921875,0,-0.23460307525041071,-0.07892868341372022,0.6704096898591885,-0.9254899943240114,-0.20066079775505252,0.1378480326834185,0.2901748344287603
1765376013.628987,446.30999755859375,580.6099853515625,773.8800048828125,268.510009765625,312.6300048828125,491.75,762.010009765625,874.5999755859375,476.4599914550781,-3958.419921875,0,-0.22612305694603754,-0.07587715942956433,0.6465011010483278,-0.9215147039111519,-0.20180419780238687,0.15170635520367803,0.2950777829923711
1765376013.8863525,446.3999938964844,580.6099853515625,773.8800048828125,268.510009765625,312.6300048828125,491.75,762.010009765625,874.5999755859375,476.4599914550781,-3958.419921875,0,-0.23467720004699205,-0.07875311293372361,0.670963338825648,-0.9238836987283071,-0.19880822402598627,0.14864480619337647,0.29123688446944634
1765376014.1549442,446.30999755859375,580.6099853515625,773.8800048828125,268.510009765625,312.6300048828125,491.75,762.010009765625,874.5999755859375,476.4599914550781,-3958.419921875,0,-0.2308746984308673,-0.07763164221956106,0.6594161585089229,-0.9222206870778141,-0.20951475025262264,0.13431549671481982,0.2959255330223414
1765376014.2746768,446.30999755859375,580.6099853515625,773.8800048828125,268.510009765625,312.6300048828125,491.75,762.010009765625,874.5999755859375,476.4599914550781,-3958.419921875,0,-0.23645168281548296,-0.0795119081517057,0.67534101286042,-0.9272572452385025,-0.2035061173967689,0.14052081330371902,0.28112837345820796
1765376014.86408,446.30999755859375,580.6099853515625,773.8800048828125,268.510009765625,312.6300048828125,491.75,762.010009765625,874.5999755859375,476.4599914550781,-3958.419921875,0,-0.22860413534300497,-0.07674923750882567,0.6539420980157743,-0.9197799013120213,-0.2065765642919733,0.1345488809512848,0.30533204034711087
1765376014.9348025,446.3999938964844,580.6099853515625,773.8800048828125,268.510009765625,312.6300048828125,491.75,762.010009765625,874.5999755859375,476.4599914550781,-3958.419921875,0,-0.23467720004699205,-0.07875311293372361,0.670963338825648,-0.9238836987283071,-0.19880822402598627,0.14864480619337647,0.29123688446944634
1765376015.0362077,446.3999938964844,580.6099853515625,773.8800048828125,268.510009765625,312.6300048828125,491.75,762.010009765625,874.5999755859375,476.4599914550781,-3958.419921875,0,-0.22544837519069683,-0.07557222966604128,0.6449085465084049,-0.9188336992601405,-0.20845102059607978,0.142746782939368,0.30317678188944414
1765376015.0804362,446.30999755859375,580.6099853515625,773.8800048828125,268.510009765625,312.6300048828125,491.75,762.010009765625,874.5999755859375,476.4599914550781,-3958.419921875,0,-0.23467720004699205,-0.07875311293372361,0.670963338825648,-0.9238836987283071,-0.19880822402598627,0.14864480619337647,0.29123688446944634
1765376015.3882554,446.30999755859375,580.6099853515625,773.8800048828125,268.510009765625,312.6300048828125,491.75,762.010009765625,874.5999755859375,476.4599914550781,-3958.419921875,0,-0.2249328905125775,-0.07547506207903909,0.6431089419454812,-0.9164932188864634,-0.2151400986345368,0.13141016055278842,0.3106224193424249
1765376015.4258132,446.30999755859375,580.6099853515625,773.8800048828125,268.510009765625,312.6300048828125,491.75,762.010009765625,874.5999755859375,476.4599914550781,-3958.419921875,0,-0.23467720004699205,-0.07875311293372361,0.670963338825648,-0.9238836987283071,-0.19880822402598627,0.14864480619337647,0.29123688446944634
1765376015.5156474,446.30999755859375,580.6099853515625,773.8800048828125,268.510009765625,312.6300048828125,491.75,762.010009765625,874.5999755859375,476.4599914550781,-3958.419921875,0,-0.23120179419014925,-0.07766397031927225,0.6606837192803474,-0.9242966403753227,-0.20266686230127065,0.1463871169681109,0.2883967328206301
1765376015.552694,446.30999755859375,580.6099853515625,773.8800048828125,268.510009765625,312.6300048828125,491.75,762.010009765625,874.5999755859375,476.4599914550781,-3958.419921875,0,-0.23495614789475044,-0.07864779165419253,0.6720991886101519,-0.9301296835351142,-0.18636475895044136,0.15950723798256158,0.27328444789154577
1765376015.6280057,446.30999755859375,580.6099853515625,773.8800048828125,268.510009765625,312.6300048828125,491.75,762.010009765625,874.5999755859375,476.4599914550781,-3958.419921875,0,-0.2249328905125775,-0.07547506207903909,0.6431089419454812,-0.9164932188864634,-0.2151400986345368,0.13141016055278842,0.3106224193424249
1765376015.6635902,446.30999755859375,580.6099853515625,773.8800048828125,268.510009765625,312.6300048828125,491.75,762.010009765625,874.5999755859375,476.4599914550781,-3958.419921875,0,-0.23467720004699205,-0.07875311293372361,0.670963338825648,-0.9238836987283071,-0.19880822402598627,0.14864480619337647,0.29123688446944634
1765376015.9235592,446.30999755859375,580.6099853515625,773.8800048828125,268.510009765625,312.6300048828125,491.75,762.010009765625,874.5999755859375,476.4599914550781,-3958.419921875,0,-0.23101626373977055,-0.07748193040775894,0.6601559136822766,-0.9203911358879936,-0.20774622316316177,0.14604201204148876,0.2973102663197561
1765376015.9677725,446.30999755859375,580.6099853515625,773.8800048828125,268.510009765625,312.6300048828125,491.75,762.010009765625,874.5999755859375,476.4599914550781,-3958.419921875,0,-0.23467720004699205,-0.07875311293372361,0.670963338825648,-0.9238836987283071,-0.19880822402598627,0.14864480619337647,0.29123688446944634
1765376016.0046995,446.30999755859375,580.6099853515625,773.8800048828125,268.510009765625,312.6300048828125,491.75,762.010009765625,874.5999755859375,476.4599914550781,-3958.419921875,0,-0.23125251397023427,-0.07748333334289982,0.6611655294412645,-0.922469128733001,-0.20086155899885033,0.15729013469213782,0.2897674139368654
1765376016.0433547,446.30999755859375,580.6099853515625,773.8800048828125,268.510009765625,312.6300048828125,491.75,762.010009765625,874.5999755859375,476.4599914550781,-3958.419921875,0,-0.23467720004699205,-0.07875311293372361,0.670963338825648,-0.9238836987283071,-0.19880822402598627,0.14864480619337647,0.29123688446944634
1765376016.1208313,446.30999755859375,580.6099853515625,773.8800048828125,268.510009765625,312.6300048828125,491.75,762.010009765625,874.5999755859375,476.4599914550781,-3958.419921875,0,-0.2249328905125775,-0.07547506207903909,0.6431089419454812,-0.9164932188864634,-0.2151400986345368,0.13141016055278842,0.3106224193424249
1765376016.1731434,446.30999755859375,580.6099853515625,773.8800048828125,268.510009765625,312.6300048828125,491.75,762.010009765625,874.5999755859375,476.4599914550781,-3958.419921875,0,-0.23434086730662243,-0.07871899582815041,0.6696627046930642,-0.9214812835230569,-0.20581157735276745,0.13758877842962602,0.2993044717248786
1765376017.2650294,446.30999755859375,580.6099853515625,773.8800048828125,268.510009765625,312.6300048828125,491.75,762.010009765625,874.5999755859375,476.4599914550781,-3958.419921875,0,-0.23101626373977055,-0.07748193040775894,0.6601559136822766,-0.9203911358879936,-0.20774622316316177,0.14604201204148876,0.2973102663197561
1765376017.402196,446.30999755859375,580.6900024414062,773.8800048828125,268.510009765625,312.6300048828125,491.75,762.010009765625,874.5999755859375,476.4599914550781,-3958.419921875,0,-0.22544837519069683,-0.07557222966604128,0.6449085465084049,-0.9188336992601405,-0.20845102059607978,0.142746782939368,0.30317678188944414
1765376017.6225212,446.30999755859375,580.6099853515625,773.8800048828125,268.510009765625,312.6300048828125,491.75,762.010009765625,874.5999755859375,476.4599914550781,-3958.419921875,0,-0.23467720004699205,-0.07875311293372361,0.670963338825648,-0.9238836987283071,-0.19880822402598627,0.14864480619337647,0.29123688446944634
1765376017.824684,446.30999755859375,580.6900024414062,773.8800048828125,268.510009765625,312.6300048828125,491.75,762.010009765625,874.5999755859375,476.4599914550781,-3958.419921875,0,-0.23125251397023427,-0.07748333334289982,0.6611655294412645,-0.922469128733001,-0.20086155899885033,0.15729013469213782,0.2897674139368654
1765376017.984847,446.30999755859375,580.6099853515625,773.8800048828125,268.510009765625,312.6300048828125,491.75,762.010009765625,874.5999755859375,476.4599914550781,-3958.419921875,0,-0.23467720004699205,-0.07875311293372361,0.670963338825648,-0.9238836987283071,-0.19880822402598627,0.14864480619337647,0.29123688446944634
1765376018.0635314,446.30999755859375,580.6099853515625,773.8800048828125,268.510009765625,312.6300048828125,491.75,762.010009765625,874.5999755859375,476.4599914550781,-3958.419921875,0,-0.23125251397023427,-0.07748333334289982,0.6611655294412645,-0.922469128733001,-0.20086155899885033,0.15729013469213782,0.2897674139368654
1765376018.1486385,446.30999755859375,580.6099853515625,773.8800048828125,268.510009765625,312.6300048828125,491.75,762.010009765625,874.5999755859375,476.4599914550781,-3958.419921875,0,-0.23467720004699205,-0.07875311293372361,0.670963338825648,-0.9238836987283071,-0.19880822402598627,0.14864480619337647,0.29123688446944634
1765376018.4560122,446.30999755859375,580.6099853515625,773.8800048828125,268.510009765625,312.6300048828125,491.75,762.010009765625,874.5999755859375,476.4599914550781,-3958.419921875,0,-0.23125251397023427,-0.07748333334289982,0.6611655294412645,-0.922469128733001,-0.20086155899885033,0.15729013469213782,0.2897674139368654
1765376018.7568536,446.30999755859375,580.6099853515625,773.8800048828125,268.510009765625,312.6300048828125,491.75,762.010009765625,874.5999755859375,476.4599914550781,-3958.419921875,0,-0.22544837519069683,-0.07557222966604128,0.6449085465084049,-0.9188336992601405,-0.20845102059607978,0.142746782939368,0.30317678188944414
1765376018.8070402,446.30999755859375,580.6099853515625,773.8800048828125,268.510009765625,312.6300048828125,491.75,762.010009765625,874.5999755859375,476.4599914550781,-3958.419921875,0,-0.23129117626121123,-0.07761612638614256,0.661273315557788,-0.9260853338547046,-0.19579517085621145,0.15823992981674073,0.28105218394490417
1765376018.8642023,446.30999755859375,580.6099853515625,773.8800048828125,268.510009765625,312.6300048828125,491.75,762.010009765625,874.5999755859375,476.4599914550781,-3958.419921875,0,-0.23467720004699205,-0.07875311293372361,0.670963338825648,-0.9238836987283071,-0.19880822402598627,0.14864480619337647,0.29123688446944634
1765376019.2222445,446.30999755859375,580.6099853515625,773.8800048828125,268.510009765625,312.6300048828125,491.75,762.010009765625,874.5999755859375,476.4599914550781,-3958.419921875,0,-0.23125251397023427,-0.07748333334289982,0.6611655294412645,-0.922469128733001,-0.20086155899885033,0.15729013469213782,0.2897674139368654
1765376019.6739717,446.30999755859375,580.6900024414062,773.8800048828125,268.510009765625,312.6300048828125,491.75,762.010009765625,874.5999755859375,476.4599914550781,-3958.419921875,0,-0.22544837519069683,-0.07557222966604128,0.6449085465084049,-0.9188336992601405,-0.20845102059607978,0.142746782939368,0.30317678188944414
1765376019.7128112,446.30999755859375,580.6900024414062,773.8800048828125,268.510009765625,312.6300048828125,491.75,762.010009765625,874.5999755859375,476.4599914550781,-3958.419921875,0,-0.23101626373977055,-0.07748193040775894,0.6601559136822766,-0.9203911358879936,-0.20774622316316177,0.14604201204148876,0.2973102663197561
1765376019.751188,446.30999755859375,580.6900024414062,773.8800048828125,268.510009765625,312.6300048828125,491.75,762.010009765625,874.5999755859375,476.4599914550781,-3958.419921875,0,-0.2356600463572157,-0.07916375729167574,0.6734314744860025,-0.9245864739564589,-0.21039756371929574,0.13020996274589478,0.2896861801319838
1765376020.158278,446.3999938964844,580.6900024414062,773.8800048828125,268.510009765625,312.6300048828125,491.75,762.010009765625,874.5999755859375,476.4599914550781,-3958.419921875,0,-0.23129117626121123,-0.07761612638614256,0.661273315557788,-0.9260853338547046,-0.19579517085621145,0.15823992981674073,0.28105218394490417
1765376020.2297206,446.3999938964844,580.6900024414062,773.8800048828125,268.510009765625,312.6300048828125,491.75,762.010009765625,874.5999755859375,476.4599914550781,-3958.419921875,0,-0.22544837519069683,-0.07557222966604128,0.6449085465084049,-0.9188336992601405,-0.20845102059607978,0.142746782939368,0.30317678188944414
1765376020.4359934,446.30999755859375,580.6900024414062,773.8800048828125,268.510009765625,312.6300048828125,491.75,762.010009765625,874.5999755859375,476.4599914550781,-3958.419921875,0,-0.23129117626121123,-0.07761612638614256,0.661273315557788,-0.9260853338547046,-0.19579517085621145,0.15823992981674073,0.28105218394490417
1765376020.857768,446.30999755859375,580.6900024414062,773.8800048828125,268.510009765625,312.6300048828125,491.75,762.010009765625,874.5999755859375,476.4599914550781,-3958.419921875,0,-0.22544837519069683,-0.07557222966604128,0.6449085465084049,-0.9188336992601405,-0.20845102059607978,0.142746782939368,0.30317678188944414
1765376020.8943942,446.30999755859375,580.6900024414062,773.8800048828125,268.510009765625,312.6300048828125,491.75,762.010009765625,874.5999755859375,476.4599914550781,-3958.419921875,0,-0.23125251397023427,-0.07748333334289982,0.6611655294412645,-0.922469128733001,-0.20086155899885033,0.15729013469213782,0.2897674139368654
1765376021.6916466,446.30999755859375,580.6900024414062,773.8800048828125,268.510009765625,312.6300048828125,491.75,762.010009765625,874.5999755859375,476.4599914550781,-3958.419921875,0,-0.22544837519069683,-0.07557222966604128,0.6449085465084049,-0.9188336992601405,-0.20845102059607978,0.142746782939368,0.30317678188944414
1765376021.864547,446.30999755859375,580.6900024414062,773.8800048828125,268.510009765625,312.6300048828125,491.75,762.010009765625,874.5999755859375,476.4599914550781,-3958.419921875,0,-0.2307311858017555,-0.07734794537285145,0.6600168812050207,-0.9238529947616606,-0.20258435965356633,0.1481469165265645,0.2889770101882446
1765376021.901892,446.30999755859375,580.6099853515625,773.8800048828125,268.510009765625,312.6300048828125,491.75,762.010009765625,874.5999755859375,476.4599914550781,-3958.419921875,0,-0.22544837519069683,-0.07557222966604128,0.6449085465084049,-0.9188336992601405,-0.20845102059607978,0.142746782939368,0.30317678188944414
1765376022.1692414,446.30999755859375,580.6900024414062,773.8800048828125,268.510009765625,312.6300048828125,491.75,762.010009765625,874.5999755859375,476.4599914550781,-3958.419921875,0,-0.22956745608633444,-0.07703322383317997,0.6563600442654144,-0.9133484735388289,-0.21958472056268985,0.13694284159109424,0.3143624890419547
1765376022.208574,446.30999755859375,580.6900024414062,773.8800048828125,268.510009765625,312.6300048828125,491.75,762.010009765625,874.5999755859375,476.4599914550781,-3958.419921875,0,-0.22544837519069683,-0.07557222966604128,0.6449085465084049,-0.9188336992601405,-0.20845102059607978,0.142746782939368,0.30317678188944414
1765376022.2593868,446.30999755859375,580.6900024414062,773.8800048828125,268.510009765625,312.6300048828125,491.75,762.010009765625,874.5999755859375,476.4599914550781,-3958.419921875,0,-0.23125251397023427,-0.07748333334289982,0.6611655294412645,-0.922469128733001,-0.20086155899885033,0.15729013469213782,0.2897674139368654
1765376022.9649677,446.30999755859375,580.6900024414062,773.8800048828125,268.510009765625,312.6300048828125,491.75,762.010009765625,874.5999755859375,476.4599914550781,-3958.419921875,0,-0.22544837519069683,-0.07557222966604128,0.6449085465084049,-0.9188336992601405,-0.20845102059607978,0.142746782939368,0.30317678188944414
1765376023.046721,446.30999755859375,580.6900024414062,773.8800048828125,268.510009765625,312.6300048828125,491.75,762.010009765625,874.5999755859375,476.4599914550781,-3958.419921875,0,-0.2307311858017555,-0.07734794537285145,0.6600168812050207,-0.9238529947616606,-0.20258435965356633,0.1481469165265645,0.2889770101882446
1765376023.465301,446.30999755859375,580.6900024414062,773.8800048828125,268.510009765625,312.6300048828125,491.75,762.010009765625,874.5999755859375,476.4599914550781,-3958.419921875,0,-0.22544837519069683,-0.07557222966604128,0.6449085465084049,-0.9188336992601405,-0.20845102059607978,0.142746782939368,0.30317678188944414
1765376023.5947673,446.3999938964844,580.6099853515625,773.8800048828125,268.510009765625,312.6300048828125,491.75,762.010009765625,874.5999755859375,476.4599914550781,-3958.419921875,0,-0.23052163404386378,-0.07743363662317641,0.6587446866373942,-0.9162906271692693,-0.21291191080808783,0.1459191637924383,0.3062476162126189
1765376024.1565297,446.3999938964844,580.6099853515625,773.8800048828125,268.510009765625,312.6300048828125,491.75,762.010009765625,874.5999755859375,476.4599914550781,-3958.419921875,0,-0.22544837519069683,-0.07557222966604128,0.6449085465084049,-0.9188336992601405,-0.20845102059607978,0.142746782939368,0.30317678188944414
1765376024.1942487,446.3999938964844,580.6099853515625,773.8800048828125,268.510009765625,312.6300048828125,491.75,762.010009765625,874.5999755859375,476.4599914550781,-3958.419921875,0,-0.23058313650875759,-0.07717879176255821,0.6595961199642715,-0.9201654559834357,-0.20761958521362,0.1471770183392033,0.2975375047339445
1765376024.6061187,446.3999938964844,580.6900024414062,773.8800048828125,268.510009765625,312.6300048828125,491.75,762.010009765625,874.5999755859375,476.4599914550781,-3958.419921875,0,-0.22544837519069683,-0.07557222966604128,0.6449085465084049,-0.9188336992601405,-0.20845102059607978,0.142746782939368,0.30317678188944414
1765376024.6476448,446.3999938964844,580.6900024414062,773.8800048828125,268.510009765625,312.6300048828125,491.75,762.010009765625,874.5999755859375,476.4599914550781,-3958.419921875,0,-0.2307311858017555,-0.07734794537285145,0.6600168812050207,-0.9238529947616606,-0.20258435965356633,0.1481469165265645,0.2889770101882446
1765376025.1364927,446.30999755859375,580.6900024414062,773.8800048828125,268.510009765625,312.6300048828125,491.75,762.010009765625,874.5999755859375,476.4599914550781,-3958.419921875,0,-0.22574131830195307,-0.07559435503610722,0.6460734074369382,-0.9209073835459182,-0.20173183840092823,0.1539245722335645,0.2958734228833458
1765376025.1741924,446.30999755859375,580.6900024414062,773.8800048828125,268.510009765625,312.6300048828125,491.75,762.010009765625,874.5999755859375,476.4599914550781,-3958.419921875,0,-0.22988739250181123,-0.07725966840570925,0.657272531432398,-0.9173943955077223,-0.21458873955019864,0.13707347996348676,0.3058595380889364
1765376025.4210048,446.30999755859375,580.6099853515625,773.8800048828125,268.510009765625,312.6300048828125,491.75,762.010009765625,874.5999755859375,476.4599914550781,-3958.419921875,0,-0.22544837519069683,-0.07557222966604128,0.6449085465084049,-0.9188336992601405,-0.20845102059607978,0.142746782939368,0.30317678188944414
1765376025.4617596,446.30999755859375,580.6099853515625,773.8800048828125,268.510009765625,312.6300048828125,491.75,762.010009765625,874.5999755859375,476.4599914550781,-3958.419921875,0,-0.2307311858017555,-0.07734794537285145,0.6600168812050207,-0.9238529947616606,-0.20258435965356633,0.1481469165265645,0.2889770101882446
1765376025.9365265,446.3999938964844,580.6099853515625,773.8800048828125,268.510009765625,312.6300048828125,491.75,762.010009765625,874.5999755859375,476.4599914550781,-3958.419921875,0,-0.22544837519069683,-0.07557222966604128,0.6449085465084049,-0.9188336992601405,-0.20845102059607978,0.142746782939368,0.30317678188944414
1765376026.0706549,446.3999938964844,580.6099853515625,773.8800048828125,268.510009765625,312.6300048828125,491.75,762.010009765625,874.5999755859375,476.4599914550781,-3958.419921875,0,-0.2307311858017555,-0.07734794537285145,0.6600168812050207,-0.9238529947616606,-0.20258435965356633,0.1481469165265645,0.2889770101882446
1765376026.1632426,446.30999755859375,580.6099853515625,773.8800048828125,268.510009765625,312.6300048828125,491.75,762.010009765625,874.5999755859375,476.4599914550781,-3958.419921875,0,-0.22544837519069683,-0.07557222966604128,0.6449085465084049,-0.9188336992601405,-0.20845102059607978,0.142746782939368,0.30317678188944414
1765376026.2093713,446.30999755859375,580.6099853515625,773.8800048828125,268.510009765625,312.6300048828125,491.75,762.010009765625,874.5999755859375,476.4599914550781,-3958.419921875,0,-0.22988739250181123,-0.07725966840570925,0.657272531432398,-0.9173943955077223,-0.21458873955019864,0.13707347996348676,0.3058595380889364
1765376026.7985234,446.30999755859375,580.6099853515625,773.8800048828125,268.510009765625,312.6300048828125,491.75,762.010009765625,874.5999755859375,476.4599914550781,-3958.419921875,0,-0.22544837519069683,-0.07557222966604128,0.6449085465084049,-0.9188336992601405,-0.20845102059607978,0.142746782939368,0.30317678188944414
1765376027.076508,446.3999938964844,580.6900024414062,773.8800048828125,268.510009765625,312.6300048828125,491.75,762.010009765625,874.5999755859375,476.4599914550781,-3958.419921875,0,-0.2289955908718105,-0.07680360980119255,0.6553935546373297,-0.9221666563216361,-0.19974866351006676,0.1455257336824517,0.29754224948853875
1765376027.4448285,446.3999938964844,580.6900024414062,773.8800048828125,268.510009765625,312.6300048828125,491.75,762.010009765625,874.5999755859375,476.4599914550781,-3958.419921875,0,-0.22490351738146822,-0.07550444887333199,0.6433521585792102,-0.9147823083234121,-0.21348402568016817,0.14270474398448837,0.31182247385684175
1765376027.4828327,446.30999755859375,580.6900024414062,773.8800048828125,268.510009765625,312.6300048828125,491.75,762.010009765625,874.5999755859375,476.4599914550781,-3958.419921875,0,-0.2307311858017555,-0.07734794537285145,0.6600168812050207,-0.9238529947616606,-0.20258435965356633,0.1481469165265645,0.2889770101882446
1765376027.5188937,446.30999755859375,580.6900024414062,773.8800048828125,268.510009765625,312.6300048828125,491.75,762.010009765625,874.5999755859375,476.4599914550781,-3958.419921875,0,-0.22544837519069683,-0.07557222966604128,0.6449085465084049,-0.9188336992601405,-0.20845102059607978,0.142746782939368,0.30317678188944414
1765376027.9925203,446.3999938964844,580.6099853515625,773.8800048828125,268.510009765625,312.6300048828125,491.75,762.010009765625,874.5999755859375,476.4599914550781,-3958.419921875,0,-0.2289955908718105,-0.07680360980119255,0.6553935546373297,-0.9221666563216361,-0.19974866351006676,0.1455257336824517,0.29754224948853875
1765376028.0578182,446.3999938964844,580.6099853515625,773.8800048828125,268.510009765625,312.6300048828125,491.75,762.010009765625,874.5999755859375,476.4599914550781,-3958.419921875,0,-0.22544837519069683,-0.07557222966604128,0.6449085465084049,-0.9188336992601405,-0.20845102059607978,0.142746782939368,0.30317678188944414
1765376028.31419,446.30999755859375,580.6900024414062,773.8800048828125,268.510009765625,312.6300048828125,491.75,762.010009765625,874.5999755859375,476.4599914550781,-3958.419921875,0,-0.22988739250181123,-0.07725966840570925,0.657272531432398,-0.9173943955077223,-0.21458873955019864,0.13707347996348676,0.3058595380889364
1765376028.352975,446.30999755859375,580.6900024414062,773.8800048828125,268.510009765625,312.6300048828125,491.75,762.010009765625,874.5999755859375,476.4599914550781,-3958.419921875,0,-0.22544837519069683,-0.07557222966604128,0.6449085465084049,-0.9188336992601405,-0.20845102059607978,0.142746782939368,0.30317678188944414
1765376028.4575074,446.30999755859375,580.6900024414062,773.8800048828125,268.510009765625,312.6300048828125,491.75,762.010009765625,874.5999755859375,476.4599914550781,-3958.419921875,0,-0.2307602708661896,-0.07727988567462199,0.6604345561972953,-0.9258303583412094,-0.19569195668689934,0.1593213828787147,0.2813529858015629
1765376028.5295253,446.30999755859375,580.6900024414062,773.8800048828125,268.510009765625,312.6300048828125,491.75,762.010009765625,874.5999755859375,476.4599914550781,-3958.419921875,0,-0.22574131830195307,-0.07559435503610722,0.6460734074369382,-0.9209073835459182,-0.20173183840092823,0.1539245722335645,0.2958734228833458
1765376029.0171945,446.30999755859375,580.6900024414062,773.8800048828125,268.510009765625,312.6300048828125,491.75,762.010009765625,874.5999755859375,476.4599914550781,-3958.419921875,0,-0.2309105401150446,-0.0774881731570106,0.6612121305479421,-0.9243643395642249,-0.20246947664349624,0.14647542141436373,0.28827353276217993
1765376029.2139482,446.3999938964844,580.6099853515625,773.8800048828125,268.510009765625,312.6300048828125,491.75,762.010009765625,874.5999755859375,476.4599914550781,-3958.419921875,0,-0.22574131830195307,-0.07559435503610722,0.6460734074369382,-0.9209073835459182,-0.20173183840092823,0.1539245722335645,0.2958734228833458
1765376029.2519538,446.3999938964844,580.6099853515625,773.8800048828125,268.510009765625,312.6300048828125,491.75,762.010009765625,874.5999755859375,476.4599914550781,-3958.419921875,0,-0.2309105401150446,-0.0774881731570106,0.6612121305479421,-0.9243643395642249,-0.20246947664349624,0.14647542141436373,0.28827353276217993
1765376029.4632933,446.30999755859375,580.6900024414062,773.8800048828125,268.510009765625,312.6300048828125,491.75,762.010009765625,874.5999755859375,476.4599914550781,-3958.419921875,0,-0.22544837519069683,-0.07557222966604128,0.6449085465084049,-0.9188336992601405,-0.20845102059607978,0.142746782939368,0.30317678188944414
1765376029.5017176,446.30999755859375,580.6900024414062,773.8800048828125,268.510009765625,312.6300048828125,491.75,762.010009765625,874.5999755859375,476.4599914550781,-3958.419921875,0,-0.2300443627367394,-0.07739237124034594,0.6584006453877732,-0.9179809031360888,-0.21451043620725913,0.13485531098578232,0.30513993402134376
1765376029.7706175,446.30999755859375,580.6099853515625,773.8800048828125,268.510009765625,312.6300048828125,491.75,762.010009765625,874.5999755859375,476.4599914550781,-3958.419921875,0,-0.22544837519069683,-0.07557222966604128,0.6449085465084049,-0.9188336992601405,-0.20845102059607978,0.142746782939368,0.30317678188944414
1765376029.8277752,446.30999755859375,580.6099853515625,773.8800048828125,268.510009765625,312.6300048828125,491.75,762.010009765625,874.5999755859375,476.4599914550781,-3958.419921875,0,-0.2289955908718105,-0.07680360980119255,0.6553935546373297,-0.9221666563216361,-0.19974866351006676,0.1455257336824517,0.29754224948853875
1765376030.2378044,446.30999755859375,580.6900024414062,773.8800048828125,268.510009765625,312.6300048828125,491.75,762.010009765625,874.5999755859375,476.4599914550781,-3958.419921875,0,-0.22544837519069683,-0.07557222966604128,0.6449085465084049,-0.9188336992601405,-0.20845102059607978,0.142746782939368,0.30317678188944414
1765376030.4650445,446.3999938964844,580.6099853515625,773.8800048828125,268.510009765625,312.6300048828125,491.75,762.010009765625,874.5999755859375,476.4599914550781,-3958.419921875,0,-0.2300443627367394,-0.07739237124034594,0.6584006453877732,-0.9179809031360888,-0.21451043620725913,0.13485531098578232,0.30513993402134376
1765376030.6404736,446.30999755859375,580.6900024414062,773.8800048828125,268.510009765625,312.6300048828125,491.75,762.010009765625,874.5999755859375,476.4599914550781,-3958.419921875,0,-0.22544837519069683,-0.07557222966604128,0.6449085465084049,-0.9188336992601405,-0.20845102059607978,0.142746782939368,0.30317678188944414
1765376030.7140167,446.3999938964844,580.6099853515625,773.8800048828125,268.510009765625,312.6300048828125,491.75,762.010009765625,874.5999755859375,476.4599914550781,-3958.419921875,0,-0.2309105401150446,-0.0774881731570106,0.6612121305479421,-0.9243643395642249,-0.20246947664349624,0.14647542141436373,0.28827353276217993
1765376030.9285696,446.30999755859375,580.6900024414062,773.8800048828125,268.510009765625,312.6300048828125,491.75,762.010009765625,874.5999755859375,476.4599914550781,-3958.419921875,0,-0.22544837519069683,-0.07557222966604128,0.6449085465084049,-0.9188336992601405,-0.20845102059607978,0.142746782939368,0.30317678188944414
1765376031.0480127,446.30999755859375,580.6900024414062,773.8800048828125,268.510009765625,312.6300048828125,491.75,762.010009765625,874.5999755859375,476.4599914550781,-3958.419921875,0,-0.23104331109294873,-0.077454846212981,0.6619278963789138,-0.9263978167238447,-0.19554850475597607,0.15765832815536387,0.28052044314140717
1765376031.3673117,446.30999755859375,580.6099853515625,773.8800048828125,268.510009765625,312.6300048828125,491.75,762.010009765625,874.5999755859375,476.4599914550781,-3958.419921875,0,-0.22574131830195307,-0.07559435503610722,0.6460734074369382,-0.9209073835459182,-0.20173183840092823,0.1539245722335645,0.2958734228833458
1765376031.4086468,446.30999755859375,580.6099853515625,773.8800048828125,268.510009765625,312.6300048828125,491.75,762.010009765625,874.5999755859375,476.4599914550781,-3958.419921875,0,-0.23104331109294873,-0.077454846212981,0.6619278963789138,-0.9263978167238447,-0.19554850475597607,0.15765832815536387,0.28052044314140717
1765376031.546476,446.30999755859375,580.6900024414062,773.8800048828125,268.510009765625,312.6300048828125,491.75,762.010009765625,874.5999755859375,476.4599914550781,-3958.419921875,0,-0.22574131830195307,-0.07559435503610722,0.6460734074369382,-0.9209073835459182,-0.20173183840092823,0.1539245722335645,0.2958734228833458
1765376031.6244242,446.30999755859375,580.6900024414062,773.8800048828125,268.510009765625,312.6300048828125,491.75,762.010009765625,874.5999755859375,476.4599914550781,-3958.419921875,0,-0.23104331109294873,-0.077454846212981,0.6619278963789138,-0.9263978167238447,-0.19554850475597607,0.15765832815536387,0.28052044314140717
1765376031.668758,446.30999755859375,580.6900024414062,773.8800048828125,268.510009765625,312.6300048828125,491.75,762.010009765625,874.5999755859375,476.4599914550781,-3958.419921875,0,-0.22544837519069683,-0.07557222966604128,0.6449085465084049,-0.9188336992601405,-0.20845102059607978,0.142746782939368,0.30317678188944414
1765376031.7431633,446.3999938964844,580.6900024414062,773.8800048828125,268.510009765625,312.6300048828125,491.75,761.75,874.5999755859375,476.4599914550781,-3958.419921875,0,-0.23104331109294873,-0.077454846212981,0.6619278963789138,-0.9263978167238447,-0.19554850475597607,0.15765832815536387,0.28052044314140717
1765376031.899804,446.30999755859375,580.6900024414062,773.8800048828125,268.510009765625,312.6300048828125,491.75,761.6599731445312,880.0499877929688,476.4599914550781,-3958.419921875,0,-0.23173984359352431,-0.07748582750563363,0.6632560924580231,-0.9191568870759199,-0.20283845017401753,0.13733649880324367,0.30845723555847065
1765376032.1663437,446.30999755859375,580.6099853515625,773.8800048828125,268.510009765625,312.6300048828125,491.75,761.6599731445312,891.8300170898438,476.5400085449219,-3958.419921875,0,-0.2241936923810083,-0.10000832858357095,0.6783541452774257,-0.9169385859546234,-0.20855314553189053,0.15068549701214673,0.3049968787815575
1765376032.25236,446.30999755859375,580.6099853515625,773.8800048828125,268.510009765625,312.6300048828125,491.75,761.6599731445312,891.8300170898438,476.5400085449219,-3958.419921875,0,-0.21894090953075757,-0.103219407901226,0.6675442335375823,-0.9127457072028147,-0.2324884143782988,0.14774199732921436,0.3016897634787641
1765376032.2927713,446.3999938964844,580.6099853515625,773.8800048828125,268.510009765625,312.6300048828125,491.75,761.6599731445312,904.47998046875,476.5400085449219,-3958.419921875,0,-0.21979859849981834,-0.1057228442622376,0.6720151902461908,-0.9116667266281716,-0.2277558176958732,0.13621424564988277,0.31374630889747895
1765376032.3733332,446.3999938964844,580.6099853515625,773.8800048828125,268.510009765625,312.6300048828125,491.75,761.6599731445312,904.47998046875,476.5400085449219,-3958.419921875,0,-0.22210471755619657,-0.11395749003740448,0.6866173736825057,-0.9207947112232644,-0.20783022219975966,0.15160059239332674,0.29319099390952685
1765376032.7013745,446.3999938964844,580.6099853515625,773.8800048828125,268.510009765625,312.6300048828125,491.75,761.6599731445312,930.6699829101562,476.5400085449219,-3958.419921875,0,-0.20993241976376983,-0.14493186694803753,0.6917292092093891,-0.9191922041909095,-0.22790423949958089,0.1258557287997891,0.29547535413473863
1765376032.7351723,446.3999938964844,580.6099853515625,773.8800048828125,268.510009765625,312.6300048828125,491.75,761.6599731445312,930.6699829101562,476.5400085449219,-3958.419921875,0,-0.20149675606644477,-0.14216741110782047,0.6670661490330129,-0.9172879612383484,-0.23211269558337344,0.1687347759521027,0.2761069866928546
1765376032.8707197,446.3999938964844,580.6099853515625,773.8800048828125,268.510009765625,312.6300048828125,491.75,761.6599731445312,930.6699829101562,476.5400085449219,-3958.419921875,0,-0.20472210084871154,-0.1556782627501298,0.6896872421606928,-0.9222487570346058,-0.229235939563995,0.13724842161355397,0.2794118553764769
1765376032.9342725,446.30999755859375,580.6099853515625,773.8800048828125,268.510009765625,312.6300048828125,491.75,761.6599731445312,943.4199829101562,476.5400085449219,-3958.419921875,0,-0.19830089602628617,-0.15375170334586283,0.6704903297861787,-0.9043469119775087,-0.2582017995832146,0.14294064717344457,0.308312284663408
1765376033.073807,446.3999938964844,580.6900024414062,773.8800048828125,268.510009765625,312.6300048828125,491.75,761.6599731445312,949.9199829101562,476.5400085449219,-3958.419921875,0,-0.19359021654142894,-0.16134921316202105,0.6679883440079596,-0.9002962932967279,-0.25548224698765926,0.13925259353215763,0.3237346458828225
1765376033.2038302,446.3999938964844,580.6900024414062,773.8800048828125,268.510009765625,312.6300048828125,491.75,761.6599731445312,949.9199829101562,476.5400085449219,-3958.419921875,0,-0.18747279987401097,-0.16441969018085612,0.6562252762242378,-0.9146895591315682,-0.24436933849269002,0.16422149267748515,0.2768716998234402
1765376033.361873,446.3999938964844,580.6900024414062,773.8800048828125,268.510009765625,312.6300048828125,491.75,761.6599731445312,950.010009765625,476.5400085449219,-3958.419921875,0,-0.18409961075144377,-0.15253782187750886,0.632458399985751,-0.9050458611863029,-0.2547815383525601,0.16422592284172244,0.29834242596558513
1765376033.4033463,446.3999938964844,580.6900024414062,773.8800048828125,268.510009765625,312.6300048828125,491.75,761.6599731445312,950.010009765625,476.5400085449219,-3958.419921875,0,-0.19087414670140634,-0.1585532490677466,0.6549259386440416,-0.9120067861796536,-0.24871122701093618,0.16271998245387992,0.28268101250558575
1765376033.443203,446.3999938964844,580.6900024414062,773.8800048828125,268.510009765625,312.6300048828125,491.75,761.6599731445312,950.010009765625,476.5400085449219,-3958.419921875,0,-0.1935257238089787,-0.16177621828228703,0.6652582501231562,-0.9155613153444077,-0.24101214464353202,0.16642789208745906,0.27561273685094556
1765376033.482248,446.3999938964844,580.6900024414062,773.8800048828125,268.510009765625,312.6300048828125,491.75,761.6599731445312,950.010009765625,476.5400085449219,-3958.419921875,0,-0.18520754618481464,-0.15611536450741037,0.6382512018363643,-0.904386469540982,-0.24995400196335651,0.1531044566191461,0.3101082649286486
1765376033.5255256,446.3999938964844,580.6900024414062,773.8800048828125,268.510009765625,312.6300048828125,491.75,761.6599731445312,950.010009765625,476.5400085449219,-3958.419921875,0,-0.18978205758798025,-0.1607665571885545,0.6548125787280878,-0.9126287806373545,-0.24353567917734753,0.17578798975814772,0.27730428120891476
1765376033.5641725,446.3999938964844,580.6900024414062,773.8800048828125,268.510009765625,312.6300048828125,491.75,761.6599731445312,950.010009765625,476.5400085449219,-3958.419921875,0,-0.19254302104054308,-0.1636526267838115,0.6655949301544262,-0.9135732236822438,-0.24672628126594637,0.1535146560532618,0.28450546124874054
1765376033.6040163,446.3999938964844,580.6900024414062,773.8800048828125,268.510009765625,312.6300048828125,491.75,761.6599731445312,950.010009765625,476.5400085449219,-3958.419921875,0,-0.18557269399826345,-0.1575711412548715,0.6422875730321046,-0.9140348888372487,-0.24382387741442563,0.1593358096266272,0.2823158489378537
1765376033.6450849,446.3999938964844,580.6900024414062,773.8800048828125,268.510009765625,312.6300048828125,491.75,761.6599731445312,950.010009765625,476.5400085449219,-3958.419921875,0,-0.19238506577976142,-0.1626813426929406,0.6650448605056367,-0.9175773085068216,-0.2418074340491954,0.15606988424296714,0.2742685526711148
1765376033.7306175,446.30999755859375,580.6900024414062,773.8800048828125,268.510009765625,312.6300048828125,491.75,761.6599731445312,950.010009765625,476.5400085449219,-3958.419921875,0,-0.18637601307500065,-0.1556200754394982,0.6418677282214132,-0.9144506781776343,-0.243620556500305,0.15953755433217828,0.2810280242051564
1765376033.8636193,446.30999755859375,580.6900024414062,773.8800048828125,268.510009765625,312.6300048828125,491.75,761.6599731445312,950.010009765625,476.5400085449219,-3958.419921875,0,-0.19094640329683768,-0.1610811856834758,0.6580115047458056,-0.9169823031844045,-0.24730566161606274,0.16818098183341842,0.26400477785224585
1765376033.9616787,446.30999755859375,580.6900024414062,773.8800048828125,268.510009765625,312.6300048828125,491.75,761.6599731445312,950.010009765625,476.5400085449219,-3958.419921875,0,-0.18783906840166134,-0.15773711800015727,0.6477146476272991,-0.9158923419596235,-0.23302565501489567,0.1609065215522489,0.28451599843690784
1765376034.101146,446.3999938964844,580.6099853515625,773.8800048828125,268.510009765625,312.6300048828125,491.75,761.6599731445312,950.010009765625,476.5400085449219,-3958.419921875,0,-0.19301363893740034,-0.1619686511532052,0.6655651783807343,-0.9143238274800634,-0.24633697954561223,0.15277333650824088,0.28282563296612984
1765376034.1395051,446.3999938964844,580.6099853515625,773.8800048828125,268.510009765625,312.6300048828125,491.75,761.6599731445312,950.010009765625,476.5400085449219,-3958.419921875,0,-0.19013636472049042,-0.1601590412336817,0.6552359871554352,-0.9102176428294859,-0.2542554123719734,0.14898400420855173,0.29096699890447786
1765376034.1865687,446.3999938964844,580.6099853515625,773.8800048828125,268.510009765625,312.6300048828125,491.75,761.6599731445312,950.010009765625,476.5400085449219,-3958.419921875,0,-0.18436785231684163,-0.15504915348092824,0.6357221403805259,-0.9151455685220461,-0.24348477594221452,0.18243442980467142,0.2644644231662834
1765376034.2528548,446.3999938964844,580.6099853515625,773.8800048828125,268.510009765625,312.6300048828125,491.75,761.6599731445312,950.010009765625,476.5400085449219,-3958.419921875,0,-0.18115961355833177,-0.15215677933672028,0.6238880882407568,-0.9103346457851712,-0.24794583847839083,0.17530369341780108,0.281215769363157
1765376034.3007934,446.30999755859375,580.6900024414062,773.8800048828125,268.510009765625,312.6300048828125,491.75,761.6599731445312,950.010009765625,476.5400085449219,-3958.419921875,0,-0.1904647175890958,-0.1595482577352936,0.6551401539573257,-0.9117969926137278,-0.2488155034375084,0.1626211814062126,0.2833221503302355
1765376034.3529053,446.30999755859375,580.6900024414062,773.8800048828125,268.510009765625,312.6300048828125,491.75,761.6599731445312,950.010009765625,476.5400085449219,-3958.419921875,0,-0.18644922886668716,-0.15602715501893774,0.6421236453652261,-0.9105973214120822,-0.24829183235886082,0.15739274988430849,0.29050164630321124
1765376034.4401507,446.30999755859375,580.6900024414062,773.8800048828125,268.510009765625,312.6300048828125,491.75,761.6599731445312,950.010009765625,476.5400085449219,-3958.419921875,0,-0.19137132151456254,-0.16064634898254346,0.6586629968218594,-0.9137748448526926,-0.25198422842714324,0.1645894410491915,0.2728182498175837
1765376034.572156,446.3999938964844,580.6099853515625,773.8800048828125,268.510009765625,312.6300048828125,491.75,761.6599731445312,950.010009765625,476.5400085449219,-3958.419921875,0,-0.1839271062465978,-0.15427432299092025,0.6330313370238604,-0.9100927725029762,-0.24515361096052996,0.17715025436631335,0.2832819087919485
1765376034.6231658,446.3999938964844,580.6099853515625,773.8800048828125,268.510009765625,312.6300048828125,491.75,761.6599731445312,950.010009765625,476.5400085449219,-3958.419921875,0,-0.19048909380096768,-0.15945176481170817,0.6552207617526385,-0.9158633554411552,-0.24394320126076507,0.16429508880116717,0.27330048026766246
1765376034.6722174,446.3999938964844,580.6099853515625,773.8800048828125,268.510009765625,312.6300048828125,491.75,761.6599731445312,950.010009765625,476.5400085449219,-3958.419921875,0,-0.18664222311762543,-0.15634128772236824,0.6419967081664049,-0.906893345775757,-0.2530220703774448,0.1542925644585792,0.2995297912434751
1765376034.7794747,446.30999755859375,580.6900024414062,773.8800048828125,268.510009765625,312.6300048828125,491.75,761.6599731445312,950.010009765625,476.5400085449219,-3958.419921875,0,-0.18368224300834296,-0.1541646341958083,0.6325829840112828,-0.9122473422933495,-0.245931015845752,0.1676951289285411,0.2814268389074452
1765376034.9095569,446.30999755859375,580.6900024414062,773.8800048828125,268.510009765625,312.6300048828125,491.75,761.6599731445312,950.010009765625,476.5400085449219,-3958.419921875,0,-0.1904647175890958,-0.1595482577352936,0.6551401539573257,-0.9117969926137278,-0.2488155034375084,0.1626211814062126,0.2833221503302355
1765376035.0104685,446.30999755859375,580.6900024414062,773.8800048828125,268.510009765625,312.6300048828125,491.75,761.6599731445312,950.010009765625,476.5400085449219,-3958.419921875,0,-0.18405884177073492,-0.15428828288377305,0.6331028733031663,-0.9050396327348098,-0.2550157610313199,0.16278342655289701,0.2989511345430134
1765376035.0506034,446.30999755859375,580.6900024414062,773.8800048828125,268.510009765625,312.6300048828125,491.75,761.6599731445312,950.010009765625,476.5400085449219,-3958.419921875,0,-0.1904647175890958,-0.1595482577352936,0.6551401539573257,-0.9117969926137278,-0.2488155034375084,0.1626211814062126,0.2833221503302355
1765376035.0923727,446.30999755859375,580.6099853515625,773.8800048828125,268.510009765625,312.6300048828125,491.75,761.4000244140625,951.1500244140625,476.5400085449219,-3958.419921875,0,-0.19223973157498417,-0.1612553164383589,0.6616682772830296,-0.912054520821407,-0.24336409780629553,0.15050387625219508,0.2937329572608859
1765376035.2506793,446.30999755859375,580.6099853515625,773.8800048828125,268.510009765625,312.6300048828125,491.75,761.4000244140625,951.1500244140625,476.5400085449219,-3958.419921875,0,-0.19508507357844623,-0.16519093010771663,0.6748018952134447,-0.9169450414379006,-0.23886558420829096,0.15911168418300667,0.2771975750610491
1765376035.5039184,446.30999755859375,580.6900024414062,773.8800048828125,268.510009765625,312.6300048828125,491.75,761.4000244140625,979.4500122070312,476.5400085449219,-3958.419921875,0,-0.17573232241146908,-0.19434660035058335,0.6636412628902146,-0.9068115102868511,-0.2691984536776889,0.16198967069300332,0.2810416765136332
1765376035.6273506,446.30999755859375,580.6900024414062,773.8800048828125,268.510009765625,312.6300048828125,491.75,761.4000244140625,979.4500122070312,476.5400085449219,-3958.419921875,0,-0.17082771977110178,-0.19660348502788888,0.6544563477969506,-0.9100880010704686,-0.26758316199558,0.16159939789204394,0.2720748358906699
1765376035.6731226,446.3999938964844,580.6900024414062,773.8800048828125,268.510009765625,312.6300048828125,491.75,761.4000244140625,991.4099731445312,476.5400085449219,-3958.419921875,0,-0.1719808182052882,-0.20079898790371306,0.6620895990870391,-0.9060586023499847,-0.2666359503929008,0.14650141149127993,0.294109529761838
1765376035.8051903,446.3999938964844,580.6900024414062,773.8800048828125,268.510009765625,312.6300048828125,491.75,761.4000244140625,991.4099731445312,476.5400085449219,-3958.419921875,0,-0.1683487505270614,-0.2160104954873059,0.6689755499811902,-0.9010531550235941,-0.27577144178457486,0.14430304333972616,0.30204296946126247
1765376035.8933718,446.3999938964844,580.6099853515625,773.8800048828125,268.510009765625,312.6300048828125,491.75,761.4000244140625,1005.469970703125,476.5400085449219,-3958.419921875,0,0.0,0.0,0.0006993006993006993,-0.8950344986497288,-0.2947725833443802,0.14209389177269963,0.3030374502535905
1765376036.1040194,446.3999938964844,580.6900024414062,773.8800048828125,268.510009765625,312.6300048828125,491.75,761.4000244140625,1018.0399780273438,476.5400085449219,-3958.419921875,0,0.0,0.0,0.007899934167215274,-0.9001280436563751,-0.29455136853040104,0.15406022357571345,0.2815571768433831
1765376040.0452757,446.3999938964844,580.6900024414062,841.6400146484375,268.510009765625,312.6300048828125,491.75,761.4000244140625,1021.2899780273438,476.5400085449219,-3958.419921875,0,-0.24009995285781566,-0.22043651304378725,0.6018485528440559,-0.9245405224738253,-0.23603529585832028,0.1730317261333759,0.244074134566131
1765376040.0884182,446.3999938964844,580.6900024414062,855.0900268554688,268.510009765625,312.6300048828125,491.75,761.4000244140625,1021.2899780273438,476.5400085449219,-3958.419921875,0,-0.24357007624415503,-0.21885282346837398,0.6010381888236402,-0.9325804779028453,-0.22529168532994626,0.19388716740302853,0.20480496837753515
1765376040.1527753,446.3999938964844,580.6900024414062,855.0900268554688,268.510009765625,312.6300048828125,491.75,761.4000244140625,1021.2899780273438,476.5400085449219,-3958.419921875,0,-0.24667698093366272,-0.21354574583409414,0.5908553564058775,-0.9365771520728383,-0.204196738505931,0.19514948854642614,0.2074695334711585
1765376040.2482529,446.3999938964844,580.6900024414062,855.0900268554688,268.510009765625,312.6300048828125,491.75,761.4000244140625,1021.2899780273438,476.5400085449219,-3958.419921875,0,-0.2556892405980862,-0.21339808177375497,0.5955118109327877,-0.937840717802964,-0.19121052329794924,0.1695330225864957,0.23484436987850602
1765376040.2976227,446.3999938964844,580.6900024414062,858.52001953125,268.510009765625,312.6300048828125,491.75,761.4000244140625,1021.2899780273438,476.5400085449219,-3958.419921875,0,-0.24855920585781227,-0.2044798149025342,0.5726570027681008,-0.9338805159380608,-0.19822538184925698,0.17322448637255256,0.24200652318262625
1765376040.3444023,446.3999938964844,580.6900024414062,858.52001953125,268.510009765625,312.6300048828125,491.75,761.4000244140625,1021.2899780273438,476.5400085449219,-3958.419921875,0,-0.24439187198958365,-0.198825684124778,0.5579622772380091,-0.9318273653452784,-0.20205848622578854,0.17170050460667446,0.24776816998079706
1765376040.4023948,446.3999938964844,580.6900024414062,858.52001953125,268.510009765625,312.6300048828125,491.75,761.4000244140625,1021.2899780273438,476.5400085449219,-3958.419921875,0,-0.25073748552198066,-0.2030111214480995,0.5694252181301873,-0.933279296204289,-0.20499918313130727,0.13890985994984686,0.2601329294815208
1765376040.4553928,446.3999938964844,580.6900024414062,858.52001953125,268.510009765625,312.6300048828125,491.75,761.4000244140625,1021.2899780273438,476.5400085449219,-3958.419921875,0,-0.2467760785420945,-0.19939168329897403,0.5592823908959591,-0.9328235764968512,-0.20161382607448775,0.14398372796916012,0.26165000735205857
1765376040.5044081,446.3999938964844,580.6900024414062,858.4299926757812,268.5899963378906,312.6300048828125,491.75,761.4000244140625,1021.2899780273438,476.5400085449219,-3958.419921875,0,-0.24880266098024945,-0.2034957323411539,0.5699219908785162,-0.9338802643206328,-0.1912968414731009,0.15215111897550093,0.26100422860433403
1765376040.6972263,446.3999938964844,580.6900024414062,858.52001953125,268.510009765625,312.6300048828125,491.75,761.4000244140625,1021.2899780273438,476.5400085449219,-3958.419921875,0,-0.23676302681928332,-0.19747072301362104,0.5530398164447511,-0.9329212290702539,-0.1934000578861607,0.18640134731345398,0.23981020762137217
1765376040.8095396,446.3999938964844,580.6900024414062,858.52001953125,268.510009765625,312.6300048828125,491.75,761.4000244140625,1021.2899780273438,476.5400085449219,-3958.419921875,0,-0.24216455338415038,-0.20220178184303705,0.5668694255534771,-0.9322810119724262,-0.2001706059477057,0.15280173535839114,0.25968340898421194
1765376041.6930199,446.3999938964844,580.6900024414062,858.52001953125,268.510009765625,312.6300048828125,491.75,761.4000244140625,1021.2899780273438,476.5400085449219,-3958.419921875,0,-0.23754471923363313,-0.1966094024167529,0.5537134511479285,-0.931926746894997,-0.19267404605142968,0.16811583591648496,0.25715037646089783
1765376041.741627,446.3999938964844,580.6900024414062,858.52001953125,268.510009765625,312.6300048828125,491.75,761.4000244140625,1021.2899780273438,476.5400085449219,-3958.419921875,0,-0.24179621887760758,-0.1999003927812434,0.562674730691458,-0.9358508488183691,-0.19414730181313425,0.17024034439940963,0.23980875526841883
1765376041.8947575,446.3999938964844,580.6900024414062,858.52001953125,268.510009765625,312.6300048828125,491.75,761.4000244140625,1021.2899780273438,476.5400085449219,-3958.419921875,0,-0.23734243783247347,-0.1952874112224534,0.5513963725826054,-0.9297717320346344,-0.20399807145290622,0.15313159355127556,0.26544307903815867
1765376041.9537632,446.3999938964844,580.6900024414062,858.52001953125,268.510009765625,312.6300048828125,491.75,761.4000244140625,1021.2899780273438,476.5400085449219,-3958.419921875,0,-0.24386287278999014,-0.20072616112674946,0.5670204915522705,-0.9362369694186068,-0.18628560765688804,0.1563918138902517,0.2535736776991723
1765376042.130661,446.3999938964844,580.6900024414062,862.8200073242188,268.510009765625,312.6300048828125,491.75,761.4000244140625,1020.22998046875,476.5400085449219,-3958.419921875,0,-0.23788095429884332,-0.19680652588376737,0.5542659709568065,-0.9345194424217871,-0.19260780522744686,0.1598919507567463,0.2530023896810864
1765376042.1907809,446.3999938964844,580.6900024414062,862.8200073242188,268.510009765625,312.6300048828125,491.75,761.4000244140625,1020.22998046875,476.5400085449219,-3958.419921875,0,-0.24353674173385462,-0.20096635054894052,0.5662628887785576,-0.9323826400539361,-0.200367522306779,0.15292152744655463,0.25909549392860376
1765376042.2841084,446.3999938964844,580.6900024414062,876.1799926757812,268.5899963378906,312.6300048828125,491.75,761.4000244140625,1020.0599975585938,476.5400085449219,-3958.419921875,0,-0.24455394561648838,-0.2011816057653851,0.5674361703094493,-0.933610287990979,-0.20256771626178569,0.15677169113550693,0.25052103174064927
1765376042.5505168,446.3999938964844,580.6900024414062,890.1599731445312,268.510009765625,312.6300048828125,491.75,761.4000244140625,1020.0599975585938,476.5400085449219,-3958.419921875,0,-0.27364244024014395,-0.17929342146824598,0.5444237244721077,-0.9387781254155985,-0.14394915553172727,0.17243688259106452,0.26122747440717853
1765376042.8184888,446.4800109863281,580.6900024414062,903.8699951171875,268.510009765625,312.6300048828125,491.75,761.4000244140625,1020.0599975585938,476.5400085449219,-3958.419921875,0,-0.27907349181632085,-0.1646383970233115,0.5285383959144273,-0.939491498386108,-0.12159039944485145,0.17998109027630907,0.2649118841539922
1765376042.9827332,446.3999938964844,580.6900024414062,917.3099975585938,268.510009765625,312.6300048828125,491.75,761.4000244140625,1020.0599975585938,476.5400085449219,-3958.419921875,0,-0.28333305675159803,-0.1598639196224478,0.5256811587344067,-0.9348080594836068,-0.12163131936759375,0.1767654146275364,0.28300830776665775
1765376043.0743675,446.3999938964844,580.6900024414062,931.1099853515625,268.510009765625,312.6300048828125,491.75,761.4000244140625,1020.0599975585938,476.5400085449219,-3958.419921875,0,-0.2882994595091372,-0.15865347653611306,0.5288811177583523,-0.9389200583832921,-0.10288596712203618,0.1947355233072598,0.2644270744404333
1765376043.2617855,446.3999938964844,580.6900024414062,931.1099853515625,268.510009765625,312.6300048828125,491.75,761.4000244140625,1020.0599975585938,476.5400085449219,-3958.419921875,0,-0.299095912713246,-0.14849048012199323,0.5259461293443219,-0.9326734731105955,-0.10288809289110867,0.18999191965361983,0.2888551598351372
1765376043.3138084,446.3999938964844,580.6900024414062,941.3099975585938,268.510009765625,312.6300048828125,491.75,761.4000244140625,1020.0599975585938,476.5400085449219,-3958.419921875,0,-0.3014993474444237,-0.14665922376392707,0.5265037684816348,-0.9381195329599801,-0.08230104680434996,0.18832710665355168,0.2787313769085906
1765376043.3612733,446.3999938964844,580.6900024414062,941.3099975585938,268.510009765625,312.6300048828125,491.75,761.4000244140625,1020.0599975585938,476.5400085449219,-3958.419921875,0,-0.291597549711183,-0.138052726326244,0.50476984160321,-0.9358974404973363,-0.07607014627536268,0.19470886780000057,0.2835450061563807
1765376044.088262,446.3999938964844,580.6900024414062,941.47998046875,268.510009765625,312.6300048828125,491.75,761.4000244140625,1020.0599975585938,476.5400085449219,-3958.419921875,0,-0.2929367954270897,-0.14036714331958922,0.5159307441007099,-0.9381551270987567,-0.06971386570840221,0.1921569990801842,0.2794291003650206
1765376045.121973,446.4800109863281,580.6900024414062,941.47998046875,268.510009765625,312.6300048828125,491.75,761.4000244140625,1020.0599975585938,476.5400085449219,-3958.419921875,0,-0.28476151464780086,-0.13615772390379882,0.5028066831454978,-0.9372446222181942,-0.05460618300127179,0.20190893420293377,0.278968573839674
1765376045.1769009,446.4800109863281,580.6900024414062,941.47998046875,268.510009765625,312.6300048828125,491.75,761.4000244140625,1020.0599975585938,476.5400085449219,-3958.419921875,0,-0.29213080365697414,-0.1397332383083825,0.5156707282099953,-0.9350693116007096,-0.07451601131148618,0.16779494327074498,0.30321214285310055
1765376045.225822,446.4800109863281,580.6900024414062,941.47998046875,268.510009765625,312.6300048828125,491.75,761.4000244140625,1020.0599975585938,476.5400085449219,-3958.419921875,0,-0.2853500194461452,-0.13612383026849834,0.5036889410304197,-0.9350793771174261,-0.0656321697887629,0.19750356073570796,0.28689949507662427
1765376045.293902,446.4800109863281,580.6900024414062,941.47998046875,268.510009765625,312.6300048828125,491.75,761.4000244140625,1020.0599975585938,476.5400085449219,-3958.419921875,0,-0.2916906492318499,-0.1391566166046933,0.5145605837569096,-0.9363371901442711,-0.07132860772387695,0.17842529863136133,0.2938525291387061
1765376045.991703,446.3999938964844,580.6900024414062,941.1300048828125,268.510009765625,312.6300048828125,491.75,760.780029296875,987.280029296875,476.5400085449219,-3958.419921875,0,-0.3123008346758071,-0.09715324966035362,0.5298929134681977,-0.9399056413793194,-0.04249755768695762,0.16500696067579917,0.2958784308166264
1765376046.1015909,446.4800109863281,580.6900024414062,941.1300048828125,268.510009765625,312.6300048828125,491.75,760.780029296875,973.8300170898438,476.5400085449219,-3958.419921875,0,-0.3098250840859725,-0.09276842045018995,0.525047251723155,-0.9390671281476111,-0.034934998723954724,0.1787548427290107,0.29151188808980383
1765376046.4899201,446.3999938964844,580.6900024414062,941.1300048828125,268.510009765625,312.6300048828125,491.75,760.780029296875,946.489990234375,476.5400085449219,-3958.419921875,0,-0.31911144628581867,-0.053834849880485154,0.5296400608137202,-0.9390894364477584,0.002166431037816941,0.18324276644378815,0.2907377262668492
1765376046.6241388,446.3999938964844,580.6900024414062,941.1300048828125,268.510009765625,312.6300048828125,491.75,760.780029296875,946.489990234375,476.5400085449219,-3958.419921875,0,-0.31329934070859633,-0.045843790763093764,0.5190658178548482,-0.9360130235291039,-0.01186196028702935,0.18332328088911504,0.30021906729271014
1765376047.0515397,446.4800109863281,580.6900024414062,941.1300048828125,268.510009765625,312.6300048828125,491.75,760.780029296875,929.7899780273438,476.5400085449219,-3958.419921875,0,-0.3169094398610305,-0.02539276474490337,0.5269424886502168,-0.9327919814995222,0.020094345050882315,0.1819936124166234,0.3104410758690269
1765376047.1592677,446.4800109863281,580.6900024414062,941.1300048828125,268.510009765625,312.6300048828125,491.75,760.780029296875,929.7100219726562,476.5400085449219,-3958.419921875,0,-0.2951425640449912,-0.02698322172560513,0.4906131486541567,-0.9251358205489628,-0.0029670433238443428,0.18147463586985735,0.33343944986611046
1765376047.3618603,446.4800109863281,580.6900024414062,941.1300048828125,268.510009765625,312.6300048828125,491.75,760.780029296875,929.7100219726562,476.5400085449219,-3958.419921875,0,-0.3136730918171014,-0.02327172544534807,0.5240765592146965,-0.9320918812971739,0.003998390379758687,0.16760222359567323,0.32108913457177635
1765376047.75379,446.4800109863281,580.6900024414062,941.1300048828125,268.510009765625,312.6300048828125,491.75,760.780029296875,929.7100219726562,476.5400085449219,-3958.419921875,0,-0.3067389250322125,-0.02452984863440459,0.5129487741873467,-0.9304659627498417,0.014040879706040735,0.1893318303292502,0.31335188508331463
1765376047.820762,446.4800109863281,580.6900024414062,941.1300048828125,268.510009765625,312.6300048828125,491.75,760.780029296875,929.7100219726562,476.5400085449219,-3958.419921875,0,-0.31363221712396105,-0.023820119867459084,0.5236934416898766,-0.9321095376152592,0.0038103969025446997,0.16725742099421162,0.3212199338217946
1765376048.4504545,446.4800109863281,580.6900024414062,940.8699951171875,268.510009765625,312.6300048828125,491.75,759.2899780273438,905.0999755859375,476.5400085449219,-3958.419921875,0,-0.30515514672755073,0.012604474670784939,0.5063582740320358,-0.924204345326483,0.01481413418752403,0.16403421578386726,0.3445571731369014
1765376048.4940803,446.3999938964844,580.6900024414062,940.8699951171875,268.510009765625,312.6300048828125,491.75,759.2899780273438,891.6500244140625,476.5400085449219,-3958.419921875,0,-0.31601677322304156,0.014289618315030938,0.5250000502712315,-0.9296587248625956,0.02709332635455841,0.16504241309149356,0.3282706335248936
1765376048.5378618,446.3999938964844,580.6900024414062,940.8699951171875,268.510009765625,312.6300048828125,491.75,759.2899780273438,891.6500244140625,476.5400085449219,-3958.419921875,0,-0.3219936541894973,0.015734492671670004,0.5357237473856068,-0.9322787766213758,0.035917864542143796,0.17097215696474058,0.31675654880508364
1765376048.5915048,446.3999938964844,580.6900024414062,940.8699951171875,268.510009765625,312.6300048828125,491.75,759.2899780273438,891.6500244140625,476.5400085449219,-3958.419921875,0,-0.3110577830057032,0.016043681865056968,0.5175338298653128,-0.9288450315507865,0.014976893858563878,0.1696964550581463,0.3289767668916247
1765376048.6348252,446.3999938964844,580.6900024414062,940.8699951171875,268.510009765625,312.6300048828125,491.75,759.2899780273438,891.6500244140625,476.5400085449219,-3958.419921875,0,-0.3162940820465561,0.017757606847595808,0.527033063374705,-0.929860848430471,0.030394164951685232,0.17349896583856736,0.32300635620062035
1765376048.9203374,446.4800109863281,580.6900024414062,940.8699951171875,268.5899963378906,312.6300048828125,491.75,759.2899780273438,864.1400146484375,476.5400085449219,-3958.419921875,0,-0.3123707573780009,0.045365572487422484,0.5238097413926591,-0.9242736077418868,0.036155766547568864,0.15946213793186326,0.3449389585757948
1765376048.964553,446.4800109863281,580.6900024414062,940.8699951171875,268.5899963378906,312.6300048828125,491.75,759.2899780273438,864.1400146484375,476.5400085449219,-3958.419921875,0,-0.29487817860899784,0.043467254415492436,0.4935868189449874,-0.9222371991200483,0.03307960257472874,0.16552350803234098,0.3478307875122238
1765376049.0972416,446.4800109863281,580.6900024414062,940.8699951171875,268.510009765625,312.6300048828125,491.75,759.2899780273438,850.9600219726562,476.5400085449219,-3958.419921875,0,-0.31185275572962484,0.04791808079789504,0.5218353174250805,-0.9258063100083131,0.04371127694864308,0.16405295979282222,0.3377256682568336
1765376049.4009595,446.4800109863281,580.6900024414062,940.8699951171875,268.510009765625,312.6300048828125,491.75,759.2899780273438,839.530029296875,476.5400085449219,-3958.419921875,0,-0.3016478346791207,0.06194529453748972,0.5059804904232122,-0.9244834047102077,0.042304718504953875,0.16738509302737845,0.3398867103019105
1765376049.5598965,446.4800109863281,580.6900024414062,940.8699951171875,268.510009765625,312.6300048828125,491.75,759.2899780273438,839.530029296875,476.5400085449219,-3958.419921875,0,-0.3108256558171925,0.06098486179537089,0.5235822115474646,-0.9260558450232659,0.047217139066490055,0.1732661703225152,0.331918586250288
1765376049.6552572,446.4800109863281,580.6900024414062,940.8699951171875,268.510009765625,312.6300048828125,491.75,759.2899780273438,839.530029296875,476.5400085449219,-3958.419921875,0,-0.293978585815592,0.057062953573296195,0.49520745768035423,-0.9218749635171909,0.029749122317320742,0.18106496719791146,0.34128729688511167
1765376049.9519994,446.4800109863281,580.6900024414062,940.8699951171875,268.510009765625,312.6300048828125,491.75,759.2899780273438,839.530029296875,476.5400085449219,-3958.419921875,0,-0.30807872783721074,0.06117418836048468,0.519583609889549,-0.9247400057201757,0.05648084626000649,0.1836337628091841,0.3285490480627561
1765376050.0013025,446.4800109863281,580.6900024414062,940.8699951171875,268.510009765625,312.6300048828125,491.75,759.2899780273438,839.530029296875,476.5400085449219,-3958.419921875,0,-0.29407371738106536,0.05781243551899687,0.4955176086747795,-0.923111321367396,0.02710199233690891,0.17646654875364887,0.3405738209928743
1765376050.0457392,446.4800109863281,580.6900024414062,940.8699951171875,268.510009765625,312.6300048828125,491.75,759.2899780273438,839.530029296875,476.5400085449219,-3958.419921875,0,-0.31150682408756464,0.06107976595310744,0.5252096983742361,-0.9252630879668974,0.040224190539118194,0.16876417697326151,0.3373260812803719
1765376050.0929265,446.4800109863281,580.6900024414062,940.8699951171875,268.510009765625,312.6300048828125,491.75,759.2899780273438,839.530029296875,476.5400085449219,-3958.419921875,0,-0.29985533072121723,0.0588731991350892,0.5054119250479667,-0.9233083857705175,0.041353380369826165,0.17914293676073528,0.33719331385211215
1765376050.1374066,446.4800109863281,580.6900024414062,940.8699951171875,268.510009765625,312.6300048828125,491.75,759.2899780273438,839.530029296875,476.5400085449219,-3958.419921875,0,-0.2939728814489277,0.05793575741306391,0.49580345969630885,-0.922262393645398,0.03055248233734631,0.1703708274003333,0.34564780378502774
1765376050.1842515,446.4800109863281,580.6900024414062,940.8699951171875,268.510009765625,312.6300048828125,491.75,759.2899780273438,839.530029296875,476.5400085449219,-3958.419921875,0,-0.30174846795499655,0.06003003061023796,0.5090633133560796,-0.9241997246388615,0.041030316599911576,0.18136018515449875,0.33358636863320673
1765376050.249794,446.4800109863281,580.6900024414062,940.8699951171875,268.510009765625,312.6300048828125,491.75,759.2899780273438,839.530029296875,476.5400085449219,-3958.419921875,0,-0.2931945489497118,0.05851196858911033,0.49464097945693813,-0.9209181853283123,0.033312748890165944,0.17563549909819973,0.34634105755673206
1765376050.5124125,446.3999938964844,580.6900024414062,940.8699951171875,268.510009765625,312.6300048828125,491.75,759.2899780273438,839.530029296875,476.5400085449219,-3958.419921875,0,-0.3055360294577157,0.06076186324047621,0.5160786703680049,-0.9257318377183439,0.035282135168247686,0.17757781599351352,0.3320268887297555
1765376050.8175504,446.3999938964844,580.6900024414062,940.8699951171875,268.510009765625,312.6300048828125,491.75,759.2899780273438,839.530029296875,476.5400085449219,-3958.419921875,0,-0.2913361235586746,0.05775174718827827,0.49195187733686413,-0.9225429053290315,0.02836096371055479,0.17453801763947627,0.34299668214570234
1765376051.322065,446.3999938964844,580.6900024414062,940.8699951171875,268.510009765625,312.6300048828125,491.75,759.2899780273438,839.530029296875,476.5400085449219,-3958.419921875,0,-0.316717511408713,0.06292467000210264,0.5352935023554737,-0.9277085701267503,0.04041469112285645,0.16094556202735663,0.33439495767508676
1765376051.3625412,446.3999938964844,580.6900024414062,940.8699951171875,268.510009765625,312.6300048828125,491.75,759.2899780273438,839.530029296875,476.5400085449219,-3958.419921875,0,-0.30944624391053943,0.06138878340596199,0.5230055651303882,-0.9258475489185576,0.02795225791637207,0.16381179298548684,0.33939753080680424
1765376051.4121096,446.3999938964844,580.6900024414062,940.8699951171875,268.510009765625,312.6300048828125,491.75,759.2899780273438,839.530029296875,476.5400085449219,-3958.419921875,0,-0.29733156211260825,0.0589735901926242,0.502382221385713,-0.9216302944000198,0.03566149347965553,0.17347587911066764,0.34529983737863895
1765376051.4713085,446.3999938964844,580.6900024414062,940.8699951171875,268.510009765625,312.6300048828125,491.75,759.2899780273438,839.530029296875,476.5400085449219,-3958.419921875,0,-0.3049009147341766,0.06041460339096259,0.5154812306594313,-0.923968517795181,0.037795728234717385,0.1720719286535649,0.3394774107654681
1765376051.6149917,446.4800109863281,580.6900024414062,940.8699951171875,268.510009765625,312.6300048828125,491.75,759.2899780273438,839.530029296875,476.5400085449219,-3958.419921875,0,-0.29209170312216265,0.05802529031133198,0.49353034301666676,-0.919228958179657,0.0357935162227589,0.18094313864500253,0.3478455508090466
1765376051.9857075,446.3999938964844,580.6900024414062,940.8699951171875,268.510009765625,312.6300048828125,491.75,759.2899780273438,839.530029296875,476.5400085449219,-3958.419921875,0,-0.3065130377896498,0.06082543268125139,0.5182017775669817,-0.9254911867511708,0.0440824725010211,0.17868068115834151,0.3310528855710178
1765376052.1260178,446.3999938964844,580.6900024414062,940.8699951171875,268.510009765625,312.6300048828125,491.75,759.2899780273438,839.530029296875,476.5400085449219,-3958.419921875,0,-0.29561455955689375,0.05838163870915358,0.49963125904302325,-0.9230206957984213,0.03011529056863094,0.17253775465767818,0.3425734776941324
1765376052.3157938,446.3999938964844,580.6900024414062,940.8699951171875,268.510009765625,312.6300048828125,491.75,759.2899780273438,839.530029296875,476.5400085449219,-3958.419921875,0,-0.3095369107822828,0.061461048482820586,0.5236296998593777,-0.9279632244613348,0.04102490689906447,0.1754037347649936,0.3262433767783453
1765376052.3725975,446.3999938964844,580.6900024414062,940.8699951171875,268.510009765625,312.6300048828125,491.75,759.2899780273438,839.530029296875,476.5400085449219,-3958.419921875,0,-0.2922223940672031,0.05783742518498333,0.4941993309737097,-0.9229549896331144,0.0375609885051007,0.17501360934359667,0.3407543041523974
1765376052.6040847,446.4800109863281,580.6900024414062,940.8699951171875,268.510009765625,312.6300048828125,491.75,759.2899780273438,839.530029296875,476.5400085449219,-3958.419921875,0,-0.29875270085487576,0.059236578841559015,0.5054002568368081,-0.9224482471671708,0.026646095000407044,0.16366644707249353,0.34870117725942706
1765376052.713015,446.4800109863281,580.6900024414062,940.8699951171875,268.510009765625,312.6300048828125,491.75,759.2000122070312,839.530029296875,476.5400085449219,-3958.419921875,0,-0.2931659928766434,0.05791743061212119,0.4956464615256788,-0.9221409367784862,0.030777564009975278,0.17071937125615066,0.34577988742668714
1765376053.1739972,446.4800109863281,580.6900024414062,940.8699951171875,268.510009765625,312.6300048828125,491.75,759.2899780273438,839.530029296875,476.5400085449219,-3958.419921875,0,-0.309080447966748,0.061314744764192027,0.5231807142652749,-0.9258808408260308,0.047760346600016323,0.17398738208352624,0.33195181692476033
1765376053.257248,446.4800109863281,580.6900024414062,940.8699951171875,268.510009765625,312.6300048828125,491.75,759.2899780273438,839.530029296875,476.5400085449219,-3958.419921875,0,-0.29496579407869034,0.05830639647406161,0.4989902864657724,-0.9219055335697964,0.03317785661045336,0.1773918147920395,0.34281417859959046
1765376053.5620174,446.4800109863281,580.6900024414062,940.8699951171875,268.510009765625,312.6300048828125,491.75,759.2899780273438,839.530029296875,476.5400085449219,-3958.419921875,0,-0.30874112817369803,0.06135880137661235,0.5227611402763035,-0.926754505309032,0.04424204323671982,0.18050532881302536,0.3264759635405849
1765376053.617296,446.4800109863281,580.6900024414062,940.8699951171875,268.510009765625,312.6300048828125,491.75,759.2899780273438,839.530029296875,476.5400085449219,-3958.419921875,0,-0.2925811489482672,0.05813834863905986,0.49525682823071776,-0.9201924037364605,0.04127233385157958,0.1875626660852912,0.34111989220087446
1765376053.7209716,446.4800109863281,580.6900024414062,940.8699951171875,268.510009765625,312.6300048828125,491.75,759.2899780273438,839.530029296875,476.5400085449219,-3958.419921875,0,-0.31177249595419504,0.061865522875761546,0.5278953751346284,-0.9271692409074838,0.04775086487295398,0.175669590669762,0.32744045036134944
1765376053.9063854,446.3999938964844,580.6900024414062,940.8699951171875,268.510009765625,312.6300048828125,491.75,759.2899780273438,839.530029296875,476.5400085449219,-3958.419921875,0,-0.2952090731939817,0.05837260819683044,0.49955389858778054,-0.922960124421629,0.030226958838825816,0.17271174886090623,0.34263915639105597
1765376053.9556875,446.3999938964844,580.6900024414062,940.8699951171875,268.510009765625,312.6300048828125,491.75,759.2899780273438,839.530029296875,476.5400085449219,-3958.419921875,0,-0.3094605058177579,0.06144629064973091,0.5243031372163828,-0.9274291304611252,0.04521888967505261,0.16861340843808217,0.3307566756447543
1765376054.0731828,446.3999938964844,580.6900024414062,940.8699951171875,268.510009765625,312.6300048828125,491.75,759.2899780273438,839.530029296875,476.5400085449219,-3958.419921875,0,-0.31462662618902126,0.06254695224882167,0.5328925341811491,-0.9280672107545641,0.04723386607310937,0.16620160031805692,0.3299048988265375
1765376054.131152,446.3999938964844,580.6900024414062,940.8699951171875,268.510009765625,312.6300048828125,491.75,759.2899780273438,839.530029296875,476.5400085449219,-3958.419921875,0,-0.3058461730336259,0.060806217345268726,0.5180273204379529,-0.9242792248870966,0.028264795964479998,0.16285943479680887,0.34407240553240853
1765376054.1968665,446.3999938964844,580.6900024414062,940.8699951171875,268.510009765625,312.6300048828125,491.75,759.2899780273438,839.530029296875,476.5400085449219,-3958.419921875,0,-0.2927627965746716,0.05790828406940657,0.4955681073907128,-0.9220802480526366,0.030890051180315015,0.1708934593790226,0.34584569742984556
1765376054.2440422,446.3999938964844,580.6900024414062,940.8699951171875,268.510009765625,312.6300048828125,491.75,759.2899780273438,839.530029296875,476.5400085449219,-3958.419921875,0,-0.3074693823788605,0.06103319597425182,0.5207715270407496,-0.9263628718688064,0.03479770281725164,0.16881247627697327,0.334878033550808
1765376054.3427298,446.4800109863281,580.6900024414062,940.8699951171875,268.5899963378906,312.6300048828125,491.75,759.2899780273438,839.530029296875,476.5400085449219,-3958.419921875,0,-0.2941354369083839,0.058501536253257325,0.49834900015396616,-0.920608919072197,0.03650623594500246,0.17201523125189436,0.3486506461763783
1765376054.4404764,446.4800109863281,580.6900024414062,940.8699951171875,268.5899963378906,312.6300048828125,491.75,759.2899780273438,839.530029296875,476.5400085449219,-3958.419921875,0,-0.3064940260713231,0.06095143821211922,0.5192755830847127,-0.9270612924024555,0.041802571743760904,0.17351468402814071,0.32970071208796503
1765376054.5314202,446.4800109863281,580.6900024414062,940.8699951171875,268.510009765625,312.6300048828125,491.75,759.2899780273438,839.530029296875,476.5400085449219,-3958.419921875,0,-0.296054997255069,0.05864774780254107,0.5011399327207716,-0.9223995905681756,0.02396749801031256,0.16826752146554447,0.3468293464783947
