[0.000000] (-) TimerEvent: {}
[0.000201] (air_pkg) JobQueued: {'identifier': 'air_pkg', 'dependencies': OrderedDict()}
[0.000303] (vacuum_switch) JobQueued: {'identifier': 'vacuum_switch', 'dependencies': OrderedDict()}
[0.000332] (yolo_msgs) JobQueued: {'identifier': 'yolo_msgs', 'dependencies': OrderedDict()}
[0.000356] (yolo_ros) JobQueued: {'identifier': 'yolo_ros', 'dependencies': OrderedDict([('yolo_msgs', '/home/matsunaga-h/pickup_ws/install/yolo_msgs')])}
[0.000382] (yolo_bringup) JobQueued: {'identifier': 'yolo_bringup', 'dependencies': OrderedDict([('yolo_msgs', '/home/matsunaga-h/pickup_ws/install/yolo_msgs'), ('yolo_ros', '/home/matsunaga-h/pickup_ws/install/yolo_ros')])}
[0.000419] (yolo_msgs) JobStarted: {'identifier': 'yolo_msgs'}
[0.005515] (air_pkg) JobStarted: {'identifier': 'air_pkg'}
[0.009221] (vacuum_switch) JobStarted: {'identifier': 'vacuum_switch'}
[0.012731] (yolo_msgs) JobProgress: {'identifier': 'yolo_msgs', 'progress': 'cmake'}
[0.013091] (yolo_msgs) Command: {'cmd': ['/usr/bin/cmake', '/home/matsunaga-h/pickup_ws/src/yolo_ros/yolo_msgs', '-DCMAKE_INSTALL_PREFIX=/home/matsunaga-h/pickup_ws/install/yolo_msgs'], 'cwd': '/home/matsunaga-h/pickup_ws/build/yolo_msgs', 'env': OrderedDict([('GJS_DEBUG_TOPICS', 'JS ERROR;JS LOG'), ('LESSOPEN', '| /usr/bin/lesspipe %s'), ('LANGUAGE', 'ja:en'), ('USER', 'matsunaga-h'), ('LC_TIME', 'ja_JP.UTF-8'), ('XDG_SESSION_TYPE', 'wayland'), ('SHLVL', '1'), ('LD_LIBRARY_PATH', '/opt/ros/humble/opt/rviz_ogre_vendor/lib:/opt/ros/humble/lib/x86_64-linux-gnu:/opt/ros/humble/lib'), ('HOME', '/home/matsunaga-h'), ('OLDPWD', '/home/matsunaga-h/pickup_ws/src'), ('DESKTOP_SESSION', 'ubuntu'), ('ROS_PYTHON_VERSION', '3'), ('GNOME_SHELL_SESSION_MODE', 'ubuntu'), ('GTK_MODULES', 'gail:atk-bridge'), ('LC_MONETARY', 'ja_JP.UTF-8'), ('MANAGERPID', '2068'), ('SYSTEMD_EXEC_PID', '2236'), ('DBUS_SESSION_BUS_ADDRESS', 'unix:path=/run/user/1000/bus'), ('COLORTERM', 'truecolor'), ('TERMINATOR_DBUS_NAME', 'net.tenshu.Terminator25ef4b219e3b005583550f2b0f9f990c3'), ('IM_CONFIG_PHASE', '1'), ('WAYLAND_DISPLAY', 'wayland-0'), ('COLCON_PREFIX_PATH', '/home/matsunaga-h/pickup_ws/install'), ('ROS_DISTRO', 'humble'), ('LOGNAME', 'matsunaga-h'), ('JOURNAL_STREAM', '8:15755'), ('_', '/usr/bin/colcon'), ('ROS_VERSION', '2'), ('XDG_SESSION_CLASS', 'user'), ('USERNAME', 'matsunaga-h'), ('TERM', 'xterm-256color'), ('GNOME_DESKTOP_SESSION_ID', 'this-is-deprecated'), ('ROS_LOCALHOST_ONLY', '0'), ('PATH', '/opt/ros/humble/bin:/home/matsunaga-h/.local/bin:/usr/local/sbin:/usr/local/bin:/usr/sbin:/usr/bin:/sbin:/bin:/usr/games:/usr/local/games:/snap/bin:/snap/bin'), ('SESSION_MANAGER', 'local/matsunagah-NUC13ANH-B:@/tmp/.ICE-unix/2206,unix/matsunagah-NUC13ANH-B:/tmp/.ICE-unix/2206'), ('INVOCATION_ID', '741cca31c22a48bea7c1cb2486f1ecb7'), ('PAPERSIZE', 'a4'), ('XDG_MENU_PREFIX', 'gnome-'), ('LC_ADDRESS', 'ja_JP.UTF-8'), ('GNOME_SETUP_DISPLAY', ':1'), ('XDG_RUNTIME_DIR', '/run/user/1000'), ('DISPLAY', ':0'), ('TERMINATOR_DBUS_PATH', '/net/tenshu/Terminator2'), ('LANG', 'ja_JP.UTF-8'), ('XDG_CURRENT_DESKTOP', 'ubuntu:GNOME'), ('IBUS_DISABLE_SNOOPER', '1'), ('LC_TELEPHONE', 'ja_JP.UTF-8'), ('XMODIFIERS', '@im=ibus'), ('XDG_SESSION_DESKTOP', 'ubuntu'), ('XAUTHORITY', '/run/user/1000/.mutter-Xwaylandauth.VC0T62'), ('LS_COLORS', 'rs=0:di=01;34:ln=01;36:mh=00:pi=40;33:so=01;35:do=01;35:bd=40;33;01:cd=40;33;01:or=40;31;01:mi=00:su=37;41:sg=30;43:ca=30;41:tw=30;42:ow=34;42:st=37;44:ex=01;32:*.tar=01;31:*.tgz=01;31:*.arc=01;31:*.arj=01;31:*.taz=01;31:*.lha=01;31:*.lz4=01;31:*.lzh=01;31:*.lzma=01;31:*.tlz=01;31:*.txz=01;31:*.tzo=01;31:*.t7z=01;31:*.zip=01;31:*.z=01;31:*.dz=01;31:*.gz=01;31:*.lrz=01;31:*.lz=01;31:*.lzo=01;31:*.xz=01;31:*.zst=01;31:*.tzst=01;31:*.bz2=01;31:*.bz=01;31:*.tbz=01;31:*.tbz2=01;31:*.tz=01;31:*.deb=01;31:*.rpm=01;31:*.jar=01;31:*.war=01;31:*.ear=01;31:*.sar=01;31:*.rar=01;31:*.alz=01;31:*.ace=01;31:*.zoo=01;31:*.cpio=01;31:*.7z=01;31:*.rz=01;31:*.cab=01;31:*.wim=01;31:*.swm=01;31:*.dwm=01;31:*.esd=01;31:*.jpg=01;35:*.jpeg=01;35:*.mjpg=01;35:*.mjpeg=01;35:*.gif=01;35:*.bmp=01;35:*.pbm=01;35:*.pgm=01;35:*.ppm=01;35:*.tga=01;35:*.xbm=01;35:*.xpm=01;35:*.tif=01;35:*.tiff=01;35:*.png=01;35:*.svg=01;35:*.svgz=01;35:*.mng=01;35:*.pcx=01;35:*.mov=01;35:*.mpg=01;35:*.mpeg=01;35:*.m2v=01;35:*.mkv=01;35:*.webm=01;35:*.webp=01;35:*.ogm=01;35:*.mp4=01;35:*.m4v=01;35:*.mp4v=01;35:*.vob=01;35:*.qt=01;35:*.nuv=01;35:*.wmv=01;35:*.asf=01;35:*.rm=01;35:*.rmvb=01;35:*.flc=01;35:*.avi=01;35:*.fli=01;35:*.flv=01;35:*.gl=01;35:*.dl=01;35:*.xcf=01;35:*.xwd=01;35:*.yuv=01;35:*.cgm=01;35:*.emf=01;35:*.ogv=01;35:*.ogx=01;35:*.aac=00;36:*.au=00;36:*.flac=00;36:*.m4a=00;36:*.mid=00;36:*.midi=00;36:*.mka=00;36:*.mp3=00;36:*.mpc=00;36:*.ogg=00;36:*.ra=00;36:*.wav=00;36:*.oga=00;36:*.opus=00;36:*.spx=00;36:*.xspf=00;36:'), ('SSH_AGENT_LAUNCHER', 'gnome-keyring'), ('SSH_AUTH_SOCK', '/run/user/1000/keyring/ssh'), ('AMENT_PREFIX_PATH', '/home/matsunaga-h/pickup_ws/install/vacuum_switch:/home/matsunaga-h/pickup_ws/install/my_package:/home/matsunaga-h/pickup_ws/install/air_pkg:/opt/ros/humble'), ('SHELL', '/bin/bash'), ('LC_NAME', 'ja_JP.UTF-8'), ('TERMINATOR_UUID', 'urn:uuid:0fcceb4a-4399-4c27-91eb-6a9355bd3a9d'), ('QT_ACCESSIBILITY', '1'), ('GDMSESSION', 'ubuntu'), ('LESSCLOSE', '/usr/bin/lesspipe %s %s'), ('LC_MEASUREMENT', 'ja_JP.UTF-8'), ('GJS_DEBUG_OUTPUT', 'stderr'), ('LC_IDENTIFICATION', 'ja_JP.UTF-8'), ('QT_IM_MODULE', 'ibus'), ('PWD', '/home/matsunaga-h/pickup_ws/build/yolo_msgs'), ('LC_ALL', 'en_US.UTF-8'), ('XDG_CONFIG_DIRS', '/etc/xdg/xdg-ubuntu:/etc/xdg'), ('XDG_DATA_DIRS', '/usr/share/ubuntu:/usr/local/share/:/usr/share/:/var/lib/snapd/desktop'), ('PYTHONPATH', '/home/matsunaga-h/pickup_ws/install/vacuum_switch/lib/python3.10/site-packages:/home/matsunaga-h/pickup_ws/install/my_package/lib/python3.10/site-packages:/home/matsunaga-h/pickup_ws/install/air_pkg/lib/python3.10/site-packages:/opt/ros/humble/lib/python3.10/site-packages:/opt/ros/humble/local/lib/python3.10/dist-packages'), ('LC_NUMERIC', 'ja_JP.UTF-8'), ('LC_PAPER', 'ja_JP.UTF-8'), ('COLCON', '1'), ('VTE_VERSION', '6800'), ('CMAKE_PREFIX_PATH', '/home/matsunaga-h/pickup_ws/install/vacuum_switch:/home/matsunaga-h/pickup_ws/install/my_package:/home/matsunaga-h/pickup_ws/install/air_pkg:/opt/ros/humble')]), 'shell': False}
[0.099345] (-) TimerEvent: {}
[0.183252] (yolo_msgs) StdoutLine: {'line': b'-- The C compiler identification is GNU 11.4.0\n'}
[0.199498] (-) TimerEvent: {}
[0.206617] (yolo_msgs) StdoutLine: {'line': b'-- The CXX compiler identification is GNU 11.4.0\n'}
[0.213942] (yolo_msgs) StdoutLine: {'line': b'-- Detecting C compiler ABI info\n'}
[0.274540] (yolo_msgs) StdoutLine: {'line': b'-- Detecting C compiler ABI info - done\n'}
[0.280703] (yolo_msgs) StdoutLine: {'line': b'-- Check for working C compiler: /usr/bin/cc - skipped\n'}
[0.281007] (yolo_msgs) StdoutLine: {'line': b'-- Detecting C compile features\n'}
[0.281706] (yolo_msgs) StdoutLine: {'line': b'-- Detecting C compile features - done\n'}
[0.284005] (yolo_msgs) StdoutLine: {'line': b'-- Detecting CXX compiler ABI info\n'}
[0.299590] (-) TimerEvent: {}
[0.351196] (yolo_msgs) StdoutLine: {'line': b'-- Detecting CXX compiler ABI info - done\n'}
[0.357334] (yolo_msgs) StdoutLine: {'line': b'-- Check for working CXX compiler: /usr/bin/c++ - skipped\n'}
[0.358809] (yolo_msgs) StdoutLine: {'line': b'-- Detecting CXX compile features\n'}
[0.358983] (yolo_msgs) StdoutLine: {'line': b'-- Detecting CXX compile features - done\n'}
[0.362320] (yolo_msgs) StdoutLine: {'line': b'-- Found ament_cmake: 1.3.11 (/opt/ros/humble/share/ament_cmake/cmake)\n'}
[0.399690] (-) TimerEvent: {}
[0.497515] (yolo_msgs) StdoutLine: {'line': b'-- Found Python3: /usr/bin/python3 (found version "3.10.12") found components: Interpreter \n'}
[0.499765] (-) TimerEvent: {}
[0.577354] (yolo_msgs) StdoutLine: {'line': b'-- Found rosidl_default_generators: 1.2.0 (/opt/ros/humble/share/rosidl_default_generators/cmake)\n'}
[0.580183] (yolo_msgs) StdoutLine: {'line': b'-- Using all available rosidl_typesupport_c: rosidl_typesupport_fastrtps_c;rosidl_typesupport_introspection_c\n'}
[0.585464] (yolo_msgs) StdoutLine: {'line': b'-- Found rosidl_adapter: 3.1.6 (/opt/ros/humble/share/rosidl_adapter/cmake)\n'}
[0.599995] (-) TimerEvent: {}
[0.615344] (vacuum_switch) Command: {'cmd': ['/usr/bin/python3', '-W', 'ignore:setup.py install is deprecated', '-W', 'ignore:easy_install command is deprecated', 'setup.py', 'egg_info', '--egg-base', '../../build/vacuum_switch', 'build', '--build-base', '/home/matsunaga-h/pickup_ws/build/vacuum_switch/build', 'install', '--record', '/home/matsunaga-h/pickup_ws/build/vacuum_switch/install.log', '--single-version-externally-managed', 'install_data'], 'cwd': '/home/matsunaga-h/pickup_ws/src/vacuum_switch', 'env': {'GJS_DEBUG_TOPICS': 'JS ERROR;JS LOG', 'LESSOPEN': '| /usr/bin/lesspipe %s', 'LANGUAGE': 'ja:en', 'USER': 'matsunaga-h', 'LC_TIME': 'ja_JP.UTF-8', 'XDG_SESSION_TYPE': 'wayland', 'SHLVL': '1', 'LD_LIBRARY_PATH': '/opt/ros/humble/opt/rviz_ogre_vendor/lib:/opt/ros/humble/lib/x86_64-linux-gnu:/opt/ros/humble/lib', 'HOME': '/home/matsunaga-h', 'OLDPWD': '/home/matsunaga-h/pickup_ws/src', 'DESKTOP_SESSION': 'ubuntu', 'ROS_PYTHON_VERSION': '3', 'GNOME_SHELL_SESSION_MODE': 'ubuntu', 'GTK_MODULES': 'gail:atk-bridge', 'LC_MONETARY': 'ja_JP.UTF-8', 'MANAGERPID': '2068', 'SYSTEMD_EXEC_PID': '2236', 'DBUS_SESSION_BUS_ADDRESS': 'unix:path=/run/user/1000/bus', 'COLORTERM': 'truecolor', 'TERMINATOR_DBUS_NAME': 'net.tenshu.Terminator25ef4b219e3b005583550f2b0f9f990c3', 'IM_CONFIG_PHASE': '1', 'WAYLAND_DISPLAY': 'wayland-0', 'COLCON_PREFIX_PATH': '/home/matsunaga-h/pickup_ws/install', 'ROS_DISTRO': 'humble', 'LOGNAME': 'matsunaga-h', 'JOURNAL_STREAM': '8:15755', '_': '/usr/bin/colcon', 'ROS_VERSION': '2', 'XDG_SESSION_CLASS': 'user', 'USERNAME': 'matsunaga-h', 'TERM': 'xterm-256color', 'GNOME_DESKTOP_SESSION_ID': 'this-is-deprecated', 'ROS_LOCALHOST_ONLY': '0', 'PATH': '/opt/ros/humble/bin:/home/matsunaga-h/.local/bin:/usr/local/sbin:/usr/local/bin:/usr/sbin:/usr/bin:/sbin:/bin:/usr/games:/usr/local/games:/snap/bin:/snap/bin', 'SESSION_MANAGER': 'local/matsunagah-NUC13ANH-B:@/tmp/.ICE-unix/2206,unix/matsunagah-NUC13ANH-B:/tmp/.ICE-unix/2206', 'INVOCATION_ID': '741cca31c22a48bea7c1cb2486f1ecb7', 'PAPERSIZE': 'a4', 'XDG_MENU_PREFIX': 'gnome-', 'LC_ADDRESS': 'ja_JP.UTF-8', 'GNOME_SETUP_DISPLAY': ':1', 'XDG_RUNTIME_DIR': '/run/user/1000', 'DISPLAY': ':0', 'TERMINATOR_DBUS_PATH': '/net/tenshu/Terminator2', 'LANG': 'ja_JP.UTF-8', 'XDG_CURRENT_DESKTOP': 'ubuntu:GNOME', 'IBUS_DISABLE_SNOOPER': '1', 'LC_TELEPHONE': 'ja_JP.UTF-8', 'XMODIFIERS': '@im=ibus', 'XDG_SESSION_DESKTOP': 'ubuntu', 'XAUTHORITY': '/run/user/1000/.mutter-Xwaylandauth.VC0T62', 'LS_COLORS': 'rs=0:di=01;34:ln=01;36:mh=00:pi=40;33:so=01;35:do=01;35:bd=40;33;01:cd=40;33;01:or=40;31;01:mi=00:su=37;41:sg=30;43:ca=30;41:tw=30;42:ow=34;42:st=37;44:ex=01;32:*.tar=01;31:*.tgz=01;31:*.arc=01;31:*.arj=01;31:*.taz=01;31:*.lha=01;31:*.lz4=01;31:*.lzh=01;31:*.lzma=01;31:*.tlz=01;31:*.txz=01;31:*.tzo=01;31:*.t7z=01;31:*.zip=01;31:*.z=01;31:*.dz=01;31:*.gz=01;31:*.lrz=01;31:*.lz=01;31:*.lzo=01;31:*.xz=01;31:*.zst=01;31:*.tzst=01;31:*.bz2=01;31:*.bz=01;31:*.tbz=01;31:*.tbz2=01;31:*.tz=01;31:*.deb=01;31:*.rpm=01;31:*.jar=01;31:*.war=01;31:*.ear=01;31:*.sar=01;31:*.rar=01;31:*.alz=01;31:*.ace=01;31:*.zoo=01;31:*.cpio=01;31:*.7z=01;31:*.rz=01;31:*.cab=01;31:*.wim=01;31:*.swm=01;31:*.dwm=01;31:*.esd=01;31:*.jpg=01;35:*.jpeg=01;35:*.mjpg=01;35:*.mjpeg=01;35:*.gif=01;35:*.bmp=01;35:*.pbm=01;35:*.pgm=01;35:*.ppm=01;35:*.tga=01;35:*.xbm=01;35:*.xpm=01;35:*.tif=01;35:*.tiff=01;35:*.png=01;35:*.svg=01;35:*.svgz=01;35:*.mng=01;35:*.pcx=01;35:*.mov=01;35:*.mpg=01;35:*.mpeg=01;35:*.m2v=01;35:*.mkv=01;35:*.webm=01;35:*.webp=01;35:*.ogm=01;35:*.mp4=01;35:*.m4v=01;35:*.mp4v=01;35:*.vob=01;35:*.qt=01;35:*.nuv=01;35:*.wmv=01;35:*.asf=01;35:*.rm=01;35:*.rmvb=01;35:*.flc=01;35:*.avi=01;35:*.fli=01;35:*.flv=01;35:*.gl=01;35:*.dl=01;35:*.xcf=01;35:*.xwd=01;35:*.yuv=01;35:*.cgm=01;35:*.emf=01;35:*.ogv=01;35:*.ogx=01;35:*.aac=00;36:*.au=00;36:*.flac=00;36:*.m4a=00;36:*.mid=00;36:*.midi=00;36:*.mka=00;36:*.mp3=00;36:*.mpc=00;36:*.ogg=00;36:*.ra=00;36:*.wav=00;36:*.oga=00;36:*.opus=00;36:*.spx=00;36:*.xspf=00;36:', 'SSH_AGENT_LAUNCHER': 'gnome-keyring', 'SSH_AUTH_SOCK': '/run/user/1000/keyring/ssh', 'AMENT_PREFIX_PATH': '/home/matsunaga-h/pickup_ws/install/vacuum_switch:/home/matsunaga-h/pickup_ws/install/my_package:/home/matsunaga-h/pickup_ws/install/air_pkg:/opt/ros/humble', 'SHELL': '/bin/bash', 'LC_NAME': 'ja_JP.UTF-8', 'TERMINATOR_UUID': 'urn:uuid:0fcceb4a-4399-4c27-91eb-6a9355bd3a9d', 'QT_ACCESSIBILITY': '1', 'GDMSESSION': 'ubuntu', 'LESSCLOSE': '/usr/bin/lesspipe %s %s', 'LC_MEASUREMENT': 'ja_JP.UTF-8', 'GJS_DEBUG_OUTPUT': 'stderr', 'LC_IDENTIFICATION': 'ja_JP.UTF-8', 'QT_IM_MODULE': 'ibus', 'PWD': '/home/matsunaga-h/pickup_ws/build/vacuum_switch', 'LC_ALL': 'en_US.UTF-8', 'XDG_CONFIG_DIRS': '/etc/xdg/xdg-ubuntu:/etc/xdg', 'XDG_DATA_DIRS': '/usr/share/ubuntu:/usr/local/share/:/usr/share/:/var/lib/snapd/desktop', 'PYTHONPATH': '/home/matsunaga-h/pickup_ws/build/vacuum_switch/prefix_override:/usr/lib/python3/dist-packages/colcon_core/task/python/colcon_distutils_commands:/home/matsunaga-h/pickup_ws/install/vacuum_switch/lib/python3.10/site-packages:/home/matsunaga-h/pickup_ws/install/vacuum_switch/lib/python3.10/site-packages:/home/matsunaga-h/pickup_ws/install/my_package/lib/python3.10/site-packages:/home/matsunaga-h/pickup_ws/install/air_pkg/lib/python3.10/site-packages:/opt/ros/humble/lib/python3.10/site-packages:/opt/ros/humble/local/lib/python3.10/dist-packages', 'LC_NUMERIC': 'ja_JP.UTF-8', 'LC_PAPER': 'ja_JP.UTF-8', 'COLCON': '1', 'VTE_VERSION': '6800'}, 'shell': False}
[0.617137] (air_pkg) Command: {'cmd': ['/usr/bin/python3', '-W', 'ignore:setup.py install is deprecated', '-W', 'ignore:easy_install command is deprecated', 'setup.py', 'egg_info', '--egg-base', '../../build/air_pkg', 'build', '--build-base', '/home/matsunaga-h/pickup_ws/build/air_pkg/build', 'install', '--record', '/home/matsunaga-h/pickup_ws/build/air_pkg/install.log', '--single-version-externally-managed', 'install_data'], 'cwd': '/home/matsunaga-h/pickup_ws/src/air_pkg', 'env': {'GJS_DEBUG_TOPICS': 'JS ERROR;JS LOG', 'LESSOPEN': '| /usr/bin/lesspipe %s', 'LANGUAGE': 'ja:en', 'USER': 'matsunaga-h', 'LC_TIME': 'ja_JP.UTF-8', 'XDG_SESSION_TYPE': 'wayland', 'SHLVL': '1', 'LD_LIBRARY_PATH': '/opt/ros/humble/opt/rviz_ogre_vendor/lib:/opt/ros/humble/lib/x86_64-linux-gnu:/opt/ros/humble/lib', 'HOME': '/home/matsunaga-h', 'OLDPWD': '/home/matsunaga-h/pickup_ws/src', 'DESKTOP_SESSION': 'ubuntu', 'ROS_PYTHON_VERSION': '3', 'GNOME_SHELL_SESSION_MODE': 'ubuntu', 'GTK_MODULES': 'gail:atk-bridge', 'LC_MONETARY': 'ja_JP.UTF-8', 'MANAGERPID': '2068', 'SYSTEMD_EXEC_PID': '2236', 'DBUS_SESSION_BUS_ADDRESS': 'unix:path=/run/user/1000/bus', 'COLORTERM': 'truecolor', 'TERMINATOR_DBUS_NAME': 'net.tenshu.Terminator25ef4b219e3b005583550f2b0f9f990c3', 'IM_CONFIG_PHASE': '1', 'WAYLAND_DISPLAY': 'wayland-0', 'COLCON_PREFIX_PATH': '/home/matsunaga-h/pickup_ws/install', 'ROS_DISTRO': 'humble', 'LOGNAME': 'matsunaga-h', 'JOURNAL_STREAM': '8:15755', '_': '/usr/bin/colcon', 'ROS_VERSION': '2', 'XDG_SESSION_CLASS': 'user', 'USERNAME': 'matsunaga-h', 'TERM': 'xterm-256color', 'GNOME_DESKTOP_SESSION_ID': 'this-is-deprecated', 'ROS_LOCALHOST_ONLY': '0', 'PATH': '/opt/ros/humble/bin:/home/matsunaga-h/.local/bin:/usr/local/sbin:/usr/local/bin:/usr/sbin:/usr/bin:/sbin:/bin:/usr/games:/usr/local/games:/snap/bin:/snap/bin', 'SESSION_MANAGER': 'local/matsunagah-NUC13ANH-B:@/tmp/.ICE-unix/2206,unix/matsunagah-NUC13ANH-B:/tmp/.ICE-unix/2206', 'INVOCATION_ID': '741cca31c22a48bea7c1cb2486f1ecb7', 'PAPERSIZE': 'a4', 'XDG_MENU_PREFIX': 'gnome-', 'LC_ADDRESS': 'ja_JP.UTF-8', 'GNOME_SETUP_DISPLAY': ':1', 'XDG_RUNTIME_DIR': '/run/user/1000', 'DISPLAY': ':0', 'TERMINATOR_DBUS_PATH': '/net/tenshu/Terminator2', 'LANG': 'ja_JP.UTF-8', 'XDG_CURRENT_DESKTOP': 'ubuntu:GNOME', 'IBUS_DISABLE_SNOOPER': '1', 'LC_TELEPHONE': 'ja_JP.UTF-8', 'XMODIFIERS': '@im=ibus', 'XDG_SESSION_DESKTOP': 'ubuntu', 'XAUTHORITY': '/run/user/1000/.mutter-Xwaylandauth.VC0T62', 'LS_COLORS': 'rs=0:di=01;34:ln=01;36:mh=00:pi=40;33:so=01;35:do=01;35:bd=40;33;01:cd=40;33;01:or=40;31;01:mi=00:su=37;41:sg=30;43:ca=30;41:tw=30;42:ow=34;42:st=37;44:ex=01;32:*.tar=01;31:*.tgz=01;31:*.arc=01;31:*.arj=01;31:*.taz=01;31:*.lha=01;31:*.lz4=01;31:*.lzh=01;31:*.lzma=01;31:*.tlz=01;31:*.txz=01;31:*.tzo=01;31:*.t7z=01;31:*.zip=01;31:*.z=01;31:*.dz=01;31:*.gz=01;31:*.lrz=01;31:*.lz=01;31:*.lzo=01;31:*.xz=01;31:*.zst=01;31:*.tzst=01;31:*.bz2=01;31:*.bz=01;31:*.tbz=01;31:*.tbz2=01;31:*.tz=01;31:*.deb=01;31:*.rpm=01;31:*.jar=01;31:*.war=01;31:*.ear=01;31:*.sar=01;31:*.rar=01;31:*.alz=01;31:*.ace=01;31:*.zoo=01;31:*.cpio=01;31:*.7z=01;31:*.rz=01;31:*.cab=01;31:*.wim=01;31:*.swm=01;31:*.dwm=01;31:*.esd=01;31:*.jpg=01;35:*.jpeg=01;35:*.mjpg=01;35:*.mjpeg=01;35:*.gif=01;35:*.bmp=01;35:*.pbm=01;35:*.pgm=01;35:*.ppm=01;35:*.tga=01;35:*.xbm=01;35:*.xpm=01;35:*.tif=01;35:*.tiff=01;35:*.png=01;35:*.svg=01;35:*.svgz=01;35:*.mng=01;35:*.pcx=01;35:*.mov=01;35:*.mpg=01;35:*.mpeg=01;35:*.m2v=01;35:*.mkv=01;35:*.webm=01;35:*.webp=01;35:*.ogm=01;35:*.mp4=01;35:*.m4v=01;35:*.mp4v=01;35:*.vob=01;35:*.qt=01;35:*.nuv=01;35:*.wmv=01;35:*.asf=01;35:*.rm=01;35:*.rmvb=01;35:*.flc=01;35:*.avi=01;35:*.fli=01;35:*.flv=01;35:*.gl=01;35:*.dl=01;35:*.xcf=01;35:*.xwd=01;35:*.yuv=01;35:*.cgm=01;35:*.emf=01;35:*.ogv=01;35:*.ogx=01;35:*.aac=00;36:*.au=00;36:*.flac=00;36:*.m4a=00;36:*.mid=00;36:*.midi=00;36:*.mka=00;36:*.mp3=00;36:*.mpc=00;36:*.ogg=00;36:*.ra=00;36:*.wav=00;36:*.oga=00;36:*.opus=00;36:*.spx=00;36:*.xspf=00;36:', 'SSH_AGENT_LAUNCHER': 'gnome-keyring', 'SSH_AUTH_SOCK': '/run/user/1000/keyring/ssh', 'AMENT_PREFIX_PATH': '/home/matsunaga-h/pickup_ws/install/vacuum_switch:/home/matsunaga-h/pickup_ws/install/my_package:/home/matsunaga-h/pickup_ws/install/air_pkg:/opt/ros/humble', 'SHELL': '/bin/bash', 'LC_NAME': 'ja_JP.UTF-8', 'TERMINATOR_UUID': 'urn:uuid:0fcceb4a-4399-4c27-91eb-6a9355bd3a9d', 'QT_ACCESSIBILITY': '1', 'GDMSESSION': 'ubuntu', 'LESSCLOSE': '/usr/bin/lesspipe %s %s', 'LC_MEASUREMENT': 'ja_JP.UTF-8', 'GJS_DEBUG_OUTPUT': 'stderr', 'LC_IDENTIFICATION': 'ja_JP.UTF-8', 'QT_IM_MODULE': 'ibus', 'PWD': '/home/matsunaga-h/pickup_ws/build/air_pkg', 'LC_ALL': 'en_US.UTF-8', 'XDG_CONFIG_DIRS': '/etc/xdg/xdg-ubuntu:/etc/xdg', 'XDG_DATA_DIRS': '/usr/share/ubuntu:/usr/local/share/:/usr/share/:/var/lib/snapd/desktop', 'PYTHONPATH': '/home/matsunaga-h/pickup_ws/build/air_pkg/prefix_override:/usr/lib/python3/dist-packages/colcon_core/task/python/colcon_distutils_commands:/home/matsunaga-h/pickup_ws/install/air_pkg/lib/python3.10/site-packages:/home/matsunaga-h/pickup_ws/install/vacuum_switch/lib/python3.10/site-packages:/home/matsunaga-h/pickup_ws/install/my_package/lib/python3.10/site-packages:/home/matsunaga-h/pickup_ws/install/air_pkg/lib/python3.10/site-packages:/opt/ros/humble/lib/python3.10/site-packages:/opt/ros/humble/local/lib/python3.10/dist-packages', 'LC_NUMERIC': 'ja_JP.UTF-8', 'LC_PAPER': 'ja_JP.UTF-8', 'COLCON': '1', 'VTE_VERSION': '6800'}, 'shell': False}
[0.623559] (yolo_msgs) StdoutLine: {'line': b'-- Using all available rosidl_typesupport_cpp: rosidl_typesupport_fastrtps_cpp;rosidl_typesupport_introspection_cpp\n'}
[0.655777] (yolo_msgs) StdoutLine: {'line': b'-- Found std_msgs: 4.8.0 (/opt/ros/humble/share/std_msgs/cmake)\n'}
[0.677119] (yolo_msgs) StdoutLine: {'line': b'-- Found geometry_msgs: 4.8.0 (/opt/ros/humble/share/geometry_msgs/cmake)\n'}
[0.700075] (-) TimerEvent: {}
[0.774630] (vacuum_switch) StdoutLine: {'line': b'running egg_info\n'}
[0.774816] (air_pkg) StdoutLine: {'line': b'running egg_info\n'}
[0.775006] (air_pkg) StdoutLine: {'line': b'writing ../../build/air_pkg/air_pkg.egg-info/PKG-INFO\n'}
[0.775090] (vacuum_switch) StdoutLine: {'line': b'writing ../../build/vacuum_switch/vacuum_switch.egg-info/PKG-INFO\n'}
[0.775259] (air_pkg) StdoutLine: {'line': b'writing dependency_links to ../../build/air_pkg/air_pkg.egg-info/dependency_links.txt\n'}
[0.775337] (vacuum_switch) StdoutLine: {'line': b'writing dependency_links to ../../build/vacuum_switch/vacuum_switch.egg-info/dependency_links.txt\n'}
[0.775375] (vacuum_switch) StdoutLine: {'line': b'writing entry points to ../../build/vacuum_switch/vacuum_switch.egg-info/entry_points.txt\n'}
[0.775407] (vacuum_switch) StdoutLine: {'line': b'writing requirements to ../../build/vacuum_switch/vacuum_switch.egg-info/requires.txt\n'}
[0.775577] (vacuum_switch) StdoutLine: {'line': b'writing top-level names to ../../build/vacuum_switch/vacuum_switch.egg-info/top_level.txt\n'}
[0.775619] (air_pkg) StdoutLine: {'line': b'writing entry points to ../../build/air_pkg/air_pkg.egg-info/entry_points.txt\n'}
[0.775651] (air_pkg) StdoutLine: {'line': b'writing requirements to ../../build/air_pkg/air_pkg.egg-info/requires.txt\n'}
[0.775682] (air_pkg) StdoutLine: {'line': b'writing top-level names to ../../build/air_pkg/air_pkg.egg-info/top_level.txt\n'}
[0.776763] (vacuum_switch) StdoutLine: {'line': b"reading manifest file '../../build/vacuum_switch/vacuum_switch.egg-info/SOURCES.txt'\n"}
[0.776846] (air_pkg) StdoutLine: {'line': b"reading manifest file '../../build/air_pkg/air_pkg.egg-info/SOURCES.txt'\n"}
[0.777386] (vacuum_switch) StdoutLine: {'line': b"writing manifest file '../../build/vacuum_switch/vacuum_switch.egg-info/SOURCES.txt'\n"}
[0.777464] (vacuum_switch) StdoutLine: {'line': b'running build\n'}
[0.777502] (vacuum_switch) StdoutLine: {'line': b'running build_py\n'}
[0.777531] (air_pkg) StdoutLine: {'line': b"writing manifest file '../../build/air_pkg/air_pkg.egg-info/SOURCES.txt'\n"}
[0.777591] (air_pkg) StdoutLine: {'line': b'running build\n'}
[0.777619] (air_pkg) StdoutLine: {'line': b'running build_py\n'}
[0.777650] (vacuum_switch) StdoutLine: {'line': b'copying vacuum_switch/switch.py -> /home/matsunaga-h/pickup_ws/build/vacuum_switch/build/lib/vacuum_switch\n'}
[0.777717] (air_pkg) StdoutLine: {'line': b'running install\n'}
[0.777784] (vacuum_switch) StdoutLine: {'line': b'running install\n'}
[0.777830] (air_pkg) StdoutLine: {'line': b'running install_lib\n'}
[0.777954] (vacuum_switch) StdoutLine: {'line': b'running install_lib\n'}
[0.778539] (vacuum_switch) StdoutLine: {'line': b'copying /home/matsunaga-h/pickup_ws/build/vacuum_switch/build/lib/vacuum_switch/switch.py -> /home/matsunaga-h/pickup_ws/install/vacuum_switch/lib/python3.10/site-packages/vacuum_switch\n'}
[0.778948] (vacuum_switch) StdoutLine: {'line': b'byte-compiling /home/matsunaga-h/pickup_ws/install/vacuum_switch/lib/python3.10/site-packages/vacuum_switch/switch.py to switch.cpython-310.pyc\n'}
[0.779020] (air_pkg) StdoutLine: {'line': b'running install_data\n'}
[0.779055] (air_pkg) StdoutLine: {'line': b'running install_egg_info\n'}
[0.779102] (vacuum_switch) StdoutLine: {'line': b'running install_data\n'}
[0.779150] (vacuum_switch) StdoutLine: {'line': b'running install_egg_info\n'}
[0.780427] (vacuum_switch) StdoutLine: {'line': b"removing '/home/matsunaga-h/pickup_ws/install/vacuum_switch/lib/python3.10/site-packages/vacuum_switch-0.0.0-py3.10.egg-info' (and everything under it)\n"}
[0.780464] (air_pkg) StdoutLine: {'line': b"removing '/home/matsunaga-h/pickup_ws/install/air_pkg/lib/python3.10/site-packages/air_pkg-0.0.0-py3.10.egg-info' (and everything under it)\n"}
[0.780525] (air_pkg) StdoutLine: {'line': b'Copying ../../build/air_pkg/air_pkg.egg-info to /home/matsunaga-h/pickup_ws/install/air_pkg/lib/python3.10/site-packages/air_pkg-0.0.0-py3.10.egg-info\n'}
[0.780552] (vacuum_switch) StdoutLine: {'line': b'Copying ../../build/vacuum_switch/vacuum_switch.egg-info to /home/matsunaga-h/pickup_ws/install/vacuum_switch/lib/python3.10/site-packages/vacuum_switch-0.0.0-py3.10.egg-info\n'}
[0.780961] (vacuum_switch) StdoutLine: {'line': b'running install_scripts\n'}
[0.781020] (air_pkg) StdoutLine: {'line': b'running install_scripts\n'}
[0.794942] (vacuum_switch) StdoutLine: {'line': b"writing list of installed files to '/home/matsunaga-h/pickup_ws/build/vacuum_switch/install.log'\n"}
[0.794978] (air_pkg) StdoutLine: {'line': b'Installing arduino_reader script to /home/matsunaga-h/pickup_ws/install/air_pkg/lib/air_pkg\n'}
[0.795120] (air_pkg) StdoutLine: {'line': b'Installing hello_node script to /home/matsunaga-h/pickup_ws/install/air_pkg/lib/air_pkg\n'}
[0.795282] (air_pkg) StdoutLine: {'line': b"writing list of installed files to '/home/matsunaga-h/pickup_ws/build/air_pkg/install.log'\n"}
[0.800172] (-) TimerEvent: {}
[0.814665] (vacuum_switch) CommandEnded: {'returncode': 0}
[0.823882] (vacuum_switch) JobEnded: {'identifier': 'vacuum_switch', 'rc': 0}
[0.825048] (air_pkg) CommandEnded: {'returncode': 0}
[0.828257] (air_pkg) JobEnded: {'identifier': 'air_pkg', 'rc': 0}
[0.900262] (-) TimerEvent: {}
[0.948502] (yolo_msgs) StdoutLine: {'line': b'-- Found ament_cmake_ros: 0.10.0 (/opt/ros/humble/share/ament_cmake_ros/cmake)\n'}
[1.000461] (-) TimerEvent: {}
[1.100789] (-) TimerEvent: {}
[1.154085] (yolo_msgs) StdoutLine: {'line': b'-- Using all available rosidl_typesupport_c: rosidl_typesupport_fastrtps_c;rosidl_typesupport_introspection_c\n'}
[1.200912] (-) TimerEvent: {}
[1.301248] (-) TimerEvent: {}
[1.401610] (-) TimerEvent: {}
[1.410286] (yolo_msgs) StdoutLine: {'line': b'-- Using all available rosidl_typesupport_cpp: rosidl_typesupport_fastrtps_cpp;rosidl_typesupport_introspection_cpp\n'}
[1.431972] (yolo_msgs) StdoutLine: {'line': b'-- Found PythonInterp: /usr/bin/python3 (found suitable version "3.10.12", minimum required is "3.6") \n'}
[1.433200] (yolo_msgs) StdoutLine: {'line': b'-- Found python_cmake_module: 0.10.0 (/opt/ros/humble/share/python_cmake_module/cmake)\n'}
[1.465448] (yolo_msgs) StdoutLine: {'line': b'-- Found PythonLibs: /usr/lib/x86_64-linux-gnu/libpython3.10.so (found suitable version "3.10.12", minimum required is "3.5") \n'}
[1.465583] (yolo_msgs) StdoutLine: {'line': b'-- Using PYTHON_EXECUTABLE: /usr/bin/python3\n'}
[1.465624] (yolo_msgs) StdoutLine: {'line': b'-- Using PYTHON_INCLUDE_DIRS: /usr/include/python3.10\n'}
[1.465657] (yolo_msgs) StdoutLine: {'line': b'-- Using PYTHON_LIBRARIES: /usr/lib/x86_64-linux-gnu/libpython3.10.so\n'}
[1.490241] (yolo_msgs) StdoutLine: {'line': b'-- Found PythonExtra: .so  \n'}
[1.501793] (-) TimerEvent: {}
[1.550561] (yolo_msgs) StdoutLine: {'line': b'-- Configuring done\n'}
[1.582651] (yolo_msgs) StdoutLine: {'line': b'-- Generating done\n'}
[1.590829] (yolo_msgs) StdoutLine: {'line': b'-- Build files have been written to: /home/matsunaga-h/pickup_ws/build/yolo_msgs\n'}
[1.595969] (yolo_msgs) CommandEnded: {'returncode': 0}
[1.596281] (yolo_msgs) JobProgress: {'identifier': 'yolo_msgs', 'progress': 'build'}
[1.596299] (yolo_msgs) Command: {'cmd': ['/usr/bin/cmake', '--build', '/home/matsunaga-h/pickup_ws/build/yolo_msgs', '--', '-j16', '-l16'], 'cwd': '/home/matsunaga-h/pickup_ws/build/yolo_msgs', 'env': OrderedDict([('GJS_DEBUG_TOPICS', 'JS ERROR;JS LOG'), ('LESSOPEN', '| /usr/bin/lesspipe %s'), ('LANGUAGE', 'ja:en'), ('USER', 'matsunaga-h'), ('LC_TIME', 'ja_JP.UTF-8'), ('XDG_SESSION_TYPE', 'wayland'), ('SHLVL', '1'), ('LD_LIBRARY_PATH', '/opt/ros/humble/opt/rviz_ogre_vendor/lib:/opt/ros/humble/lib/x86_64-linux-gnu:/opt/ros/humble/lib'), ('HOME', '/home/matsunaga-h'), ('OLDPWD', '/home/matsunaga-h/pickup_ws/src'), ('DESKTOP_SESSION', 'ubuntu'), ('ROS_PYTHON_VERSION', '3'), ('GNOME_SHELL_SESSION_MODE', 'ubuntu'), ('GTK_MODULES', 'gail:atk-bridge'), ('LC_MONETARY', 'ja_JP.UTF-8'), ('MANAGERPID', '2068'), ('SYSTEMD_EXEC_PID', '2236'), ('DBUS_SESSION_BUS_ADDRESS', 'unix:path=/run/user/1000/bus'), ('COLORTERM', 'truecolor'), ('TERMINATOR_DBUS_NAME', 'net.tenshu.Terminator25ef4b219e3b005583550f2b0f9f990c3'), ('IM_CONFIG_PHASE', '1'), ('WAYLAND_DISPLAY', 'wayland-0'), ('COLCON_PREFIX_PATH', '/home/matsunaga-h/pickup_ws/install'), ('ROS_DISTRO', 'humble'), ('LOGNAME', 'matsunaga-h'), ('JOURNAL_STREAM', '8:15755'), ('_', '/usr/bin/colcon'), ('ROS_VERSION', '2'), ('XDG_SESSION_CLASS', 'user'), ('USERNAME', 'matsunaga-h'), ('TERM', 'xterm-256color'), ('GNOME_DESKTOP_SESSION_ID', 'this-is-deprecated'), ('ROS_LOCALHOST_ONLY', '0'), ('PATH', '/opt/ros/humble/bin:/home/matsunaga-h/.local/bin:/usr/local/sbin:/usr/local/bin:/usr/sbin:/usr/bin:/sbin:/bin:/usr/games:/usr/local/games:/snap/bin:/snap/bin'), ('SESSION_MANAGER', 'local/matsunagah-NUC13ANH-B:@/tmp/.ICE-unix/2206,unix/matsunagah-NUC13ANH-B:/tmp/.ICE-unix/2206'), ('INVOCATION_ID', '741cca31c22a48bea7c1cb2486f1ecb7'), ('PAPERSIZE', 'a4'), ('XDG_MENU_PREFIX', 'gnome-'), ('LC_ADDRESS', 'ja_JP.UTF-8'), ('GNOME_SETUP_DISPLAY', ':1'), ('XDG_RUNTIME_DIR', '/run/user/1000'), ('DISPLAY', ':0'), ('TERMINATOR_DBUS_PATH', '/net/tenshu/Terminator2'), ('LANG', 'ja_JP.UTF-8'), ('XDG_CURRENT_DESKTOP', 'ubuntu:GNOME'), ('IBUS_DISABLE_SNOOPER', '1'), ('LC_TELEPHONE', 'ja_JP.UTF-8'), ('XMODIFIERS', '@im=ibus'), ('XDG_SESSION_DESKTOP', 'ubuntu'), ('XAUTHORITY', '/run/user/1000/.mutter-Xwaylandauth.VC0T62'), ('LS_COLORS', 'rs=0:di=01;34:ln=01;36:mh=00:pi=40;33:so=01;35:do=01;35:bd=40;33;01:cd=40;33;01:or=40;31;01:mi=00:su=37;41:sg=30;43:ca=30;41:tw=30;42:ow=34;42:st=37;44:ex=01;32:*.tar=01;31:*.tgz=01;31:*.arc=01;31:*.arj=01;31:*.taz=01;31:*.lha=01;31:*.lz4=01;31:*.lzh=01;31:*.lzma=01;31:*.tlz=01;31:*.txz=01;31:*.tzo=01;31:*.t7z=01;31:*.zip=01;31:*.z=01;31:*.dz=01;31:*.gz=01;31:*.lrz=01;31:*.lz=01;31:*.lzo=01;31:*.xz=01;31:*.zst=01;31:*.tzst=01;31:*.bz2=01;31:*.bz=01;31:*.tbz=01;31:*.tbz2=01;31:*.tz=01;31:*.deb=01;31:*.rpm=01;31:*.jar=01;31:*.war=01;31:*.ear=01;31:*.sar=01;31:*.rar=01;31:*.alz=01;31:*.ace=01;31:*.zoo=01;31:*.cpio=01;31:*.7z=01;31:*.rz=01;31:*.cab=01;31:*.wim=01;31:*.swm=01;31:*.dwm=01;31:*.esd=01;31:*.jpg=01;35:*.jpeg=01;35:*.mjpg=01;35:*.mjpeg=01;35:*.gif=01;35:*.bmp=01;35:*.pbm=01;35:*.pgm=01;35:*.ppm=01;35:*.tga=01;35:*.xbm=01;35:*.xpm=01;35:*.tif=01;35:*.tiff=01;35:*.png=01;35:*.svg=01;35:*.svgz=01;35:*.mng=01;35:*.pcx=01;35:*.mov=01;35:*.mpg=01;35:*.mpeg=01;35:*.m2v=01;35:*.mkv=01;35:*.webm=01;35:*.webp=01;35:*.ogm=01;35:*.mp4=01;35:*.m4v=01;35:*.mp4v=01;35:*.vob=01;35:*.qt=01;35:*.nuv=01;35:*.wmv=01;35:*.asf=01;35:*.rm=01;35:*.rmvb=01;35:*.flc=01;35:*.avi=01;35:*.fli=01;35:*.flv=01;35:*.gl=01;35:*.dl=01;35:*.xcf=01;35:*.xwd=01;35:*.yuv=01;35:*.cgm=01;35:*.emf=01;35:*.ogv=01;35:*.ogx=01;35:*.aac=00;36:*.au=00;36:*.flac=00;36:*.m4a=00;36:*.mid=00;36:*.midi=00;36:*.mka=00;36:*.mp3=00;36:*.mpc=00;36:*.ogg=00;36:*.ra=00;36:*.wav=00;36:*.oga=00;36:*.opus=00;36:*.spx=00;36:*.xspf=00;36:'), ('SSH_AGENT_LAUNCHER', 'gnome-keyring'), ('SSH_AUTH_SOCK', '/run/user/1000/keyring/ssh'), ('AMENT_PREFIX_PATH', '/home/matsunaga-h/pickup_ws/install/vacuum_switch:/home/matsunaga-h/pickup_ws/install/my_package:/home/matsunaga-h/pickup_ws/install/air_pkg:/opt/ros/humble'), ('SHELL', '/bin/bash'), ('LC_NAME', 'ja_JP.UTF-8'), ('TERMINATOR_UUID', 'urn:uuid:0fcceb4a-4399-4c27-91eb-6a9355bd3a9d'), ('QT_ACCESSIBILITY', '1'), ('GDMSESSION', 'ubuntu'), ('LESSCLOSE', '/usr/bin/lesspipe %s %s'), ('LC_MEASUREMENT', 'ja_JP.UTF-8'), ('GJS_DEBUG_OUTPUT', 'stderr'), ('LC_IDENTIFICATION', 'ja_JP.UTF-8'), ('QT_IM_MODULE', 'ibus'), ('PWD', '/home/matsunaga-h/pickup_ws/build/yolo_msgs'), ('LC_ALL', 'en_US.UTF-8'), ('XDG_CONFIG_DIRS', '/etc/xdg/xdg-ubuntu:/etc/xdg'), ('XDG_DATA_DIRS', '/usr/share/ubuntu:/usr/local/share/:/usr/share/:/var/lib/snapd/desktop'), ('PYTHONPATH', '/home/matsunaga-h/pickup_ws/install/vacuum_switch/lib/python3.10/site-packages:/home/matsunaga-h/pickup_ws/install/my_package/lib/python3.10/site-packages:/home/matsunaga-h/pickup_ws/install/air_pkg/lib/python3.10/site-packages:/opt/ros/humble/lib/python3.10/site-packages:/opt/ros/humble/local/lib/python3.10/dist-packages'), ('LC_NUMERIC', 'ja_JP.UTF-8'), ('LC_PAPER', 'ja_JP.UTF-8'), ('COLCON', '1'), ('VTE_VERSION', '6800'), ('CMAKE_PREFIX_PATH', '/home/matsunaga-h/pickup_ws/install/vacuum_switch:/home/matsunaga-h/pickup_ws/install/my_package:/home/matsunaga-h/pickup_ws/install/air_pkg:/opt/ros/humble')]), 'shell': False}
[1.601973] (-) TimerEvent: {}
[1.644638] (yolo_msgs) StdoutLine: {'line': b'[  1%] \x1b[34m\x1b[1mGenerating C code for ROS interfaces\x1b[0m\n'}
[1.656338] (yolo_msgs) StdoutLine: {'line': b'[  1%] \x1b[34m\x1b[1mGenerating C++ code for ROS interfaces\x1b[0m\n'}
[1.665480] (yolo_msgs) StdoutLine: {'line': b'[  1%] Built target ament_cmake_python_copy_yolo_msgs\n'}
[1.702064] (-) TimerEvent: {}
[1.802293] (-) TimerEvent: {}
[1.830485] (yolo_msgs) StdoutLine: {'line': b'running egg_info\n'}
[1.830892] (yolo_msgs) StdoutLine: {'line': b'creating yolo_msgs.egg-info\n'}
[1.830995] (yolo_msgs) StdoutLine: {'line': b'writing yolo_msgs.egg-info/PKG-INFO\n'}
[1.831066] (yolo_msgs) StdoutLine: {'line': b'writing dependency_links to yolo_msgs.egg-info/dependency_links.txt\n'}
[1.831144] (yolo_msgs) StdoutLine: {'line': b'writing top-level names to yolo_msgs.egg-info/top_level.txt\n'}
[1.831225] (yolo_msgs) StdoutLine: {'line': b"writing manifest file 'yolo_msgs.egg-info/SOURCES.txt'\n"}
[1.832529] (yolo_msgs) StdoutLine: {'line': b"reading manifest file 'yolo_msgs.egg-info/SOURCES.txt'\n"}
[1.832708] (yolo_msgs) StdoutLine: {'line': b"writing manifest file 'yolo_msgs.egg-info/SOURCES.txt'\n"}
[1.853889] (yolo_msgs) StdoutLine: {'line': b'[  1%] Built target ament_cmake_python_build_yolo_msgs_egg\n'}
[1.902510] (-) TimerEvent: {}
[2.002907] (-) TimerEvent: {}
[2.103287] (-) TimerEvent: {}
[2.203575] (-) TimerEvent: {}
[2.304136] (-) TimerEvent: {}
[2.313987] (yolo_msgs) StdoutLine: {'line': b'[  1%] Built target yolo_msgs__cpp\n'}
[2.325367] (yolo_msgs) StdoutLine: {'line': b'[  3%] \x1b[34m\x1b[1mGenerating C++ type support for eProsima Fast-RTPS\x1b[0m\n'}
[2.325568] (yolo_msgs) StdoutLine: {'line': b'[  3%] \x1b[34m\x1b[1mGenerating C++ type support dispatch for ROS interfaces\x1b[0m\n'}
[2.327251] (yolo_msgs) StdoutLine: {'line': b'[  3%] \x1b[34m\x1b[1mGenerating C++ introspection for ROS interfaces\x1b[0m\n'}
[2.358642] (yolo_msgs) StdoutLine: {'line': b'[  4%] \x1b[32mBuilding C object CMakeFiles/yolo_msgs__rosidl_generator_c.dir/rosidl_generator_c/yolo_msgs/msg/detail/key_point2_d_array__functions.c.o\x1b[0m\n'}
[2.358827] (yolo_msgs) StdoutLine: {'line': b'[  4%] \x1b[32mBuilding C object CMakeFiles/yolo_msgs__rosidl_generator_c.dir/rosidl_generator_c/yolo_msgs/msg/detail/key_point2_d__functions.c.o\x1b[0m\n'}
[2.358973] (yolo_msgs) StdoutLine: {'line': b'[  4%] \x1b[32mBuilding C object CMakeFiles/yolo_msgs__rosidl_generator_c.dir/rosidl_generator_c/yolo_msgs/msg/detail/vector2__functions.c.o\x1b[0m\n'}
[2.359032] (yolo_msgs) StdoutLine: {'line': b'[  5%] \x1b[32mBuilding C object CMakeFiles/yolo_msgs__rosidl_generator_c.dir/rosidl_generator_c/yolo_msgs/msg/detail/pose2_d__functions.c.o\x1b[0m\n'}
[2.359207] (yolo_msgs) StdoutLine: {'line': b'[  6%] \x1b[32mBuilding C object CMakeFiles/yolo_msgs__rosidl_generator_c.dir/rosidl_generator_c/yolo_msgs/msg/detail/detection__functions.c.o\x1b[0m\n'}
[2.359362] (yolo_msgs) StdoutLine: {'line': b'[  7%] \x1b[32mBuilding C object CMakeFiles/yolo_msgs__rosidl_generator_c.dir/rosidl_generator_c/yolo_msgs/msg/detail/bounding_box2_d__functions.c.o\x1b[0m\n'}
[2.360005] (yolo_msgs) StdoutLine: {'line': b'[  8%] \x1b[32mBuilding C object CMakeFiles/yolo_msgs__rosidl_generator_c.dir/rosidl_generator_c/yolo_msgs/srv/detail/set_classes__functions.c.o\x1b[0m\n'}
[2.361191] (yolo_msgs) StdoutLine: {'line': b'[  9%] \x1b[32mBuilding C object CMakeFiles/yolo_msgs__rosidl_generator_c.dir/rosidl_generator_c/yolo_msgs/msg/detail/mask__functions.c.o\x1b[0m\n'}
[2.361377] (yolo_msgs) StdoutLine: {'line': b'[ 10%] \x1b[32mBuilding C object CMakeFiles/yolo_msgs__rosidl_generator_c.dir/rosidl_generator_c/yolo_msgs/msg/detail/point2_d__functions.c.o\x1b[0m\n'}
[2.362105] (yolo_msgs) StdoutLine: {'line': b'[ 13%] \x1b[32mBuilding C object CMakeFiles/yolo_msgs__rosidl_generator_c.dir/rosidl_generator_c/yolo_msgs/msg/detail/bounding_box3_d__functions.c.o\x1b[0m\n'}
[2.362271] (yolo_msgs) StdoutLine: {'line': b'[ 13%] \x1b[32mBuilding C object CMakeFiles/yolo_msgs__rosidl_generator_c.dir/rosidl_generator_c/yolo_msgs/msg/detail/key_point3_d__functions.c.o\x1b[0m\n'}
[2.362342] (yolo_msgs) StdoutLine: {'line': b'[ 12%] \x1b[32mBuilding C object CMakeFiles/yolo_msgs__rosidl_generator_c.dir/rosidl_generator_c/yolo_msgs/msg/detail/key_point3_d_array__functions.c.o\x1b[0m\n'}
[2.362402] (yolo_msgs) StdoutLine: {'line': b'[ 13%] \x1b[32mBuilding C object CMakeFiles/yolo_msgs__rosidl_generator_c.dir/rosidl_generator_c/yolo_msgs/msg/detail/detection_array__functions.c.o\x1b[0m\n'}
[2.404921] (-) TimerEvent: {}
[2.424618] (yolo_msgs) StdoutLine: {'line': b'[ 14%] \x1b[32m\x1b[1mLinking C shared library libyolo_msgs__rosidl_generator_c.so\x1b[0m\n'}
[2.464597] (yolo_msgs) StdoutLine: {'line': b'[ 14%] Built target yolo_msgs__rosidl_generator_c\n'}
[2.474171] (yolo_msgs) StdoutLine: {'line': b'[ 15%] \x1b[34m\x1b[1mGenerating C type support for eProsima Fast-RTPS\x1b[0m\n'}
[2.475720] (yolo_msgs) StdoutLine: {'line': b'[ 17%] \x1b[34m\x1b[1mGenerating C type support dispatch for ROS interfaces\x1b[0m\n'}
[2.475886] (yolo_msgs) StdoutLine: {'line': b'[ 17%] \x1b[34m\x1b[1mGenerating C introspection for ROS interfaces\x1b[0m\n'}
[2.505019] (-) TimerEvent: {}
[2.605307] (-) TimerEvent: {}
[2.705554] (-) TimerEvent: {}
[2.805848] (-) TimerEvent: {}
[2.843025] (yolo_msgs) StdoutLine: {'line': b'[ 18%] \x1b[32mBuilding CXX object CMakeFiles/yolo_msgs__rosidl_typesupport_cpp.dir/rosidl_typesupport_cpp/yolo_msgs/msg/vector2__type_support.cpp.o\x1b[0m\n'}
[2.843280] (yolo_msgs) StdoutLine: {'line': b'[ 18%] \x1b[32mBuilding CXX object CMakeFiles/yolo_msgs__rosidl_typesupport_cpp.dir/rosidl_typesupport_cpp/yolo_msgs/msg/key_point2_d_array__type_support.cpp.o\x1b[0m\n'}
[2.843383] (yolo_msgs) StdoutLine: {'line': b'[ 18%] \x1b[32mBuilding CXX object CMakeFiles/yolo_msgs__rosidl_typesupport_cpp.dir/rosidl_typesupport_cpp/yolo_msgs/msg/pose2_d__type_support.cpp.o\x1b[0m\n'}
[2.843476] (yolo_msgs) StdoutLine: {'line': b'[ 19%] \x1b[32mBuilding CXX object CMakeFiles/yolo_msgs__rosidl_typesupport_cpp.dir/rosidl_typesupport_cpp/yolo_msgs/msg/point2_d__type_support.cpp.o\x1b[0m\n'}
[2.843569] (yolo_msgs) StdoutLine: {'line': b'[ 20%] \x1b[32mBuilding CXX object CMakeFiles/yolo_msgs__rosidl_typesupport_cpp.dir/rosidl_typesupport_cpp/yolo_msgs/msg/bounding_box2_d__type_support.cpp.o\x1b[0m\n'}
[2.843666] (yolo_msgs) StdoutLine: {'line': b'[ 21%] \x1b[32mBuilding CXX object CMakeFiles/yolo_msgs__rosidl_typesupport_cpp.dir/rosidl_typesupport_cpp/yolo_msgs/msg/bounding_box3_d__type_support.cpp.o\x1b[0m\n'}
[2.843760] (yolo_msgs) StdoutLine: {'line': b'[ 23%] \x1b[32mBuilding CXX object CMakeFiles/yolo_msgs__rosidl_typesupport_cpp.dir/rosidl_typesupport_cpp/yolo_msgs/msg/mask__type_support.cpp.o\x1b[0m\n'}
[2.843848] (yolo_msgs) StdoutLine: {'line': b'[ 23%] \x1b[32mBuilding CXX object CMakeFiles/yolo_msgs__rosidl_typesupport_cpp.dir/rosidl_typesupport_cpp/yolo_msgs/msg/key_point2_d__type_support.cpp.o\x1b[0m\n'}
[2.843957] (yolo_msgs) StdoutLine: {'line': b'[ 24%] \x1b[32mBuilding CXX object CMakeFiles/yolo_msgs__rosidl_typesupport_cpp.dir/rosidl_typesupport_cpp/yolo_msgs/msg/detection__type_support.cpp.o\x1b[0m\n'}
[2.844046] (yolo_msgs) StdoutLine: {'line': b'[ 25%] \x1b[32mBuilding CXX object CMakeFiles/yolo_msgs__rosidl_typesupport_cpp.dir/rosidl_typesupport_cpp/yolo_msgs/msg/key_point3_d_array__type_support.cpp.o\x1b[0m\n'}
[2.844761] (yolo_msgs) StdoutLine: {'line': b'[ 26%] \x1b[32mBuilding CXX object CMakeFiles/yolo_msgs__rosidl_typesupport_cpp.dir/rosidl_typesupport_cpp/yolo_msgs/msg/key_point3_d__type_support.cpp.o\x1b[0m\n'}
[2.905923] (-) TimerEvent: {}
[3.006237] (-) TimerEvent: {}
[3.109939] (-) TimerEvent: {}
[3.141127] (yolo_msgs) StdoutLine: {'line': b'[ 26%] \x1b[32mBuilding CXX object CMakeFiles/yolo_msgs__rosidl_typesupport_cpp.dir/rosidl_typesupport_cpp/yolo_msgs/srv/set_classes__type_support.cpp.o\x1b[0m\n'}
[3.141948] (yolo_msgs) StdoutLine: {'line': b'[ 27%] \x1b[32mBuilding CXX object CMakeFiles/yolo_msgs__rosidl_typesupport_cpp.dir/rosidl_typesupport_cpp/yolo_msgs/msg/detection_array__type_support.cpp.o\x1b[0m\n'}
[3.178265] (yolo_msgs) StdoutLine: {'line': b'[ 28%] \x1b[32mBuilding CXX object CMakeFiles/yolo_msgs__rosidl_typesupport_fastrtps_cpp.dir/rosidl_typesupport_fastrtps_cpp/yolo_msgs/msg/detail/dds_fastrtps/point2_d__type_support.cpp.o\x1b[0m\n'}
[3.183843] (yolo_msgs) StdoutLine: {'line': b'[ 29%] \x1b[32mBuilding CXX object CMakeFiles/yolo_msgs__rosidl_typesupport_fastrtps_cpp.dir/rosidl_typesupport_fastrtps_cpp/yolo_msgs/msg/detail/dds_fastrtps/vector2__type_support.cpp.o\x1b[0m\n'}
[3.199727] (yolo_msgs) StdoutLine: {'line': b'[ 30%] \x1b[32mBuilding CXX object CMakeFiles/yolo_msgs__rosidl_typesupport_fastrtps_cpp.dir/rosidl_typesupport_fastrtps_cpp/yolo_msgs/msg/detail/dds_fastrtps/pose2_d__type_support.cpp.o\x1b[0m\n'}
[3.212392] (yolo_msgs) StdoutLine: {'line': b'[ 30%] \x1b[32mBuilding CXX object CMakeFiles/yolo_msgs__rosidl_typesupport_fastrtps_cpp.dir/rosidl_typesupport_fastrtps_cpp/yolo_msgs/msg/detail/dds_fastrtps/bounding_box2_d__type_support.cpp.o\x1b[0m\n'}
[3.212602] (-) TimerEvent: {}
[3.212731] (yolo_msgs) StdoutLine: {'line': b'[ 31%] \x1b[32mBuilding CXX object CMakeFiles/yolo_msgs__rosidl_typesupport_fastrtps_cpp.dir/rosidl_typesupport_fastrtps_cpp/yolo_msgs/msg/detail/dds_fastrtps/bounding_box3_d__type_support.cpp.o\x1b[0m\n'}
[3.215623] (yolo_msgs) StdoutLine: {'line': b'[ 32%] \x1b[32mBuilding CXX object CMakeFiles/yolo_msgs__rosidl_typesupport_fastrtps_cpp.dir/rosidl_typesupport_fastrtps_cpp/yolo_msgs/msg/detail/dds_fastrtps/mask__type_support.cpp.o\x1b[0m\n'}
[3.221463] (yolo_msgs) StdoutLine: {'line': b'[ 33%] \x1b[32mBuilding CXX object CMakeFiles/yolo_msgs__rosidl_typesupport_fastrtps_cpp.dir/rosidl_typesupport_fastrtps_cpp/yolo_msgs/msg/detail/dds_fastrtps/key_point2_d__type_support.cpp.o\x1b[0m\n'}
[3.238675] (yolo_msgs) StdoutLine: {'line': b'[ 34%] \x1b[32mBuilding CXX object CMakeFiles/yolo_msgs__rosidl_typesupport_fastrtps_cpp.dir/rosidl_typesupport_fastrtps_cpp/yolo_msgs/msg/detail/dds_fastrtps/key_point2_d_array__type_support.cpp.o\x1b[0m\n'}
[3.240289] (yolo_msgs) StdoutLine: {'line': b'[ 34%] \x1b[32mBuilding CXX object CMakeFiles/yolo_msgs__rosidl_typesupport_fastrtps_cpp.dir/rosidl_typesupport_fastrtps_cpp/yolo_msgs/msg/detail/dds_fastrtps/key_point3_d__type_support.cpp.o\x1b[0m\n'}
[3.249034] (yolo_msgs) StdoutLine: {'line': b'[ 35%] \x1b[32mBuilding C object CMakeFiles/yolo_msgs__rosidl_typesupport_introspection_c.dir/rosidl_typesupport_introspection_c/yolo_msgs/msg/detail/point2_d__type_support.c.o\x1b[0m\n'}
[3.257858] (yolo_msgs) StdoutLine: {'line': b'[ 36%] \x1b[32mBuilding CXX object CMakeFiles/yolo_msgs__rosidl_typesupport_fastrtps_cpp.dir/rosidl_typesupport_fastrtps_cpp/yolo_msgs/msg/detail/dds_fastrtps/key_point3_d_array__type_support.cpp.o\x1b[0m\n'}
[3.286957] (yolo_msgs) StdoutLine: {'line': b'[ 37%] \x1b[32mBuilding C object CMakeFiles/yolo_msgs__rosidl_typesupport_introspection_c.dir/rosidl_typesupport_introspection_c/yolo_msgs/msg/detail/vector2__type_support.c.o\x1b[0m\n'}
[3.312729] (-) TimerEvent: {}
[3.321379] (yolo_msgs) StdoutLine: {'line': b'[ 37%] \x1b[32mBuilding C object CMakeFiles/yolo_msgs__rosidl_typesupport_introspection_c.dir/rosidl_typesupport_introspection_c/yolo_msgs/msg/detail/pose2_d__type_support.c.o\x1b[0m\n'}
[3.345990] (yolo_msgs) StdoutLine: {'line': b'[ 38%] \x1b[32mBuilding CXX object CMakeFiles/yolo_msgs__rosidl_typesupport_fastrtps_c.dir/rosidl_typesupport_fastrtps_c/yolo_msgs/msg/detail/point2_d__type_support_c.cpp.o\x1b[0m\n'}
[3.364582] (yolo_msgs) StdoutLine: {'line': b'[ 39%] \x1b[32mBuilding C object CMakeFiles/yolo_msgs__rosidl_typesupport_introspection_c.dir/rosidl_typesupport_introspection_c/yolo_msgs/msg/detail/bounding_box2_d__type_support.c.o\x1b[0m\n'}
[3.408560] (yolo_msgs) StdoutLine: {'line': b'[ 40%] \x1b[32mBuilding C object CMakeFiles/yolo_msgs__rosidl_typesupport_introspection_c.dir/rosidl_typesupport_introspection_c/yolo_msgs/msg/detail/bounding_box3_d__type_support.c.o\x1b[0m\n'}
[3.412880] (-) TimerEvent: {}
[3.431268] (yolo_msgs) StdoutLine: {'line': b'[ 41%] \x1b[32mBuilding C object CMakeFiles/yolo_msgs__rosidl_typesupport_introspection_c.dir/rosidl_typesupport_introspection_c/yolo_msgs/msg/detail/mask__type_support.c.o\x1b[0m\n'}
[3.461886] (yolo_msgs) StdoutLine: {'line': b'[ 42%] \x1b[32mBuilding CXX object CMakeFiles/yolo_msgs__rosidl_typesupport_fastrtps_cpp.dir/rosidl_typesupport_fastrtps_cpp/yolo_msgs/msg/detail/dds_fastrtps/detection__type_support.cpp.o\x1b[0m\n'}
[3.471972] (yolo_msgs) StdoutLine: {'line': b'[ 43%] \x1b[32m\x1b[1mLinking CXX shared library libyolo_msgs__rosidl_typesupport_cpp.so\x1b[0m\n'}
[3.477054] (yolo_msgs) StdoutLine: {'line': b'[ 43%] \x1b[32mBuilding CXX object CMakeFiles/yolo_msgs__rosidl_typesupport_c.dir/rosidl_typesupport_c/yolo_msgs/msg/point2_d__type_support.cpp.o\x1b[0m\n'}
[3.477300] (yolo_msgs) StdoutLine: {'line': b'[ 44%] \x1b[32mBuilding CXX object CMakeFiles/yolo_msgs__rosidl_typesupport_introspection_cpp.dir/rosidl_typesupport_introspection_cpp/yolo_msgs/msg/detail/point2_d__type_support.cpp.o\x1b[0m\n'}
[3.477552] (yolo_msgs) StdoutLine: {'line': b'[ 45%] \x1b[32mBuilding C object CMakeFiles/yolo_msgs__rosidl_typesupport_introspection_c.dir/rosidl_typesupport_introspection_c/yolo_msgs/msg/detail/key_point2_d__type_support.c.o\x1b[0m\n'}
[3.512959] (-) TimerEvent: {}
[3.518622] (yolo_msgs) StdoutLine: {'line': b'[ 46%] \x1b[32mBuilding C object CMakeFiles/yolo_msgs__rosidl_typesupport_introspection_c.dir/rosidl_typesupport_introspection_c/yolo_msgs/msg/detail/key_point2_d_array__type_support.c.o\x1b[0m\n'}
[3.518860] (yolo_msgs) StdoutLine: {'line': b'[ 46%] \x1b[32mBuilding CXX object CMakeFiles/yolo_msgs__rosidl_typesupport_c.dir/rosidl_typesupport_c/yolo_msgs/msg/vector2__type_support.cpp.o\x1b[0m\n'}
[3.524068] (yolo_msgs) StdoutLine: {'line': b'[ 46%] Built target yolo_msgs__rosidl_typesupport_cpp\n'}
[3.535652] (yolo_msgs) StdoutLine: {'line': b'[ 47%] \x1b[32mBuilding CXX object CMakeFiles/yolo_msgs__rosidl_typesupport_fastrtps_cpp.dir/rosidl_typesupport_fastrtps_cpp/yolo_msgs/msg/detail/dds_fastrtps/detection_array__type_support.cpp.o\x1b[0m\n'}
[3.556143] (yolo_msgs) StdoutLine: {'line': b'[ 48%] \x1b[32mBuilding CXX object CMakeFiles/yolo_msgs__rosidl_typesupport_c.dir/rosidl_typesupport_c/yolo_msgs/msg/pose2_d__type_support.cpp.o\x1b[0m\n'}
[3.560074] (yolo_msgs) StdoutLine: {'line': b'[ 49%] \x1b[32mBuilding C object CMakeFiles/yolo_msgs__rosidl_typesupport_introspection_c.dir/rosidl_typesupport_introspection_c/yolo_msgs/msg/detail/key_point3_d__type_support.c.o\x1b[0m\n'}
[3.597258] (yolo_msgs) StdoutLine: {'line': b'[ 50%] \x1b[32mBuilding CXX object CMakeFiles/yolo_msgs__rosidl_typesupport_c.dir/rosidl_typesupport_c/yolo_msgs/msg/bounding_box2_d__type_support.cpp.o\x1b[0m\n'}
[3.597764] (yolo_msgs) StdoutLine: {'line': b'[ 51%] \x1b[32mBuilding C object CMakeFiles/yolo_msgs__rosidl_typesupport_introspection_c.dir/rosidl_typesupport_introspection_c/yolo_msgs/msg/detail/key_point3_d_array__type_support.c.o\x1b[0m\n'}
[3.613058] (-) TimerEvent: {}
[3.626426] (yolo_msgs) StdoutLine: {'line': b'[ 52%] \x1b[32mBuilding CXX object CMakeFiles/yolo_msgs__rosidl_typesupport_c.dir/rosidl_typesupport_c/yolo_msgs/msg/bounding_box3_d__type_support.cpp.o\x1b[0m\n'}
[3.626707] (yolo_msgs) StdoutLine: {'line': b'[ 53%] \x1b[32mBuilding CXX object CMakeFiles/yolo_msgs__rosidl_typesupport_fastrtps_cpp.dir/rosidl_typesupport_fastrtps_cpp/yolo_msgs/srv/detail/dds_fastrtps/set_classes__type_support.cpp.o\x1b[0m\n'}
[3.631071] (yolo_msgs) StdoutLine: {'line': b'[ 53%] \x1b[32mBuilding CXX object CMakeFiles/yolo_msgs__rosidl_typesupport_fastrtps_c.dir/rosidl_typesupport_fastrtps_c/yolo_msgs/msg/detail/vector2__type_support_c.cpp.o\x1b[0m\n'}
[3.637248] (yolo_msgs) StdoutLine: {'line': b'[ 54%] \x1b[32mBuilding C object CMakeFiles/yolo_msgs__rosidl_typesupport_introspection_c.dir/rosidl_typesupport_introspection_c/yolo_msgs/msg/detail/detection__type_support.c.o\x1b[0m\n'}
[3.639319] (yolo_msgs) StdoutLine: {'line': b'[ 55%] \x1b[32mBuilding CXX object CMakeFiles/yolo_msgs__rosidl_typesupport_introspection_cpp.dir/rosidl_typesupport_introspection_cpp/yolo_msgs/msg/detail/vector2__type_support.cpp.o\x1b[0m\n'}
[3.660733] (yolo_msgs) StdoutLine: {'line': b'[ 56%] \x1b[32mBuilding CXX object CMakeFiles/yolo_msgs__rosidl_typesupport_fastrtps_c.dir/rosidl_typesupport_fastrtps_c/yolo_msgs/msg/detail/pose2_d__type_support_c.cpp.o\x1b[0m\n'}
[3.663948] (yolo_msgs) StdoutLine: {'line': b'[ 56%] \x1b[32mBuilding CXX object CMakeFiles/yolo_msgs__rosidl_typesupport_c.dir/rosidl_typesupport_c/yolo_msgs/msg/mask__type_support.cpp.o\x1b[0m\n'}
[3.674914] (yolo_msgs) StdoutLine: {'line': b'[ 57%] \x1b[32mBuilding C object CMakeFiles/yolo_msgs__rosidl_typesupport_introspection_c.dir/rosidl_typesupport_introspection_c/yolo_msgs/msg/detail/detection_array__type_support.c.o\x1b[0m\n'}
[3.683525] (yolo_msgs) StdoutLine: {'line': b'[ 58%] \x1b[32mBuilding CXX object CMakeFiles/yolo_msgs__rosidl_typesupport_c.dir/rosidl_typesupport_c/yolo_msgs/msg/key_point2_d__type_support.cpp.o\x1b[0m\n'}
[3.698460] (yolo_msgs) StdoutLine: {'line': b'[ 59%] \x1b[32mBuilding CXX object CMakeFiles/yolo_msgs__rosidl_typesupport_fastrtps_c.dir/rosidl_typesupport_fastrtps_c/yolo_msgs/msg/detail/bounding_box2_d__type_support_c.cpp.o\x1b[0m\n'}
[3.707831] (yolo_msgs) StdoutLine: {'line': b'[ 60%] \x1b[32mBuilding CXX object CMakeFiles/yolo_msgs__rosidl_typesupport_introspection_cpp.dir/rosidl_typesupport_introspection_cpp/yolo_msgs/msg/detail/pose2_d__type_support.cpp.o\x1b[0m\n'}
[3.714955] (-) TimerEvent: {}
[3.715688] (yolo_msgs) StdoutLine: {'line': b'[ 60%] \x1b[32mBuilding C object CMakeFiles/yolo_msgs__rosidl_typesupport_introspection_c.dir/rosidl_typesupport_introspection_c/yolo_msgs/srv/detail/set_classes__type_support.c.o\x1b[0m\n'}
[3.718978] (yolo_msgs) StdoutLine: {'line': b'[ 61%] \x1b[32mBuilding CXX object CMakeFiles/yolo_msgs__rosidl_typesupport_c.dir/rosidl_typesupport_c/yolo_msgs/msg/key_point2_d_array__type_support.cpp.o\x1b[0m\n'}
[3.752139] (yolo_msgs) StdoutLine: {'line': b'[ 62%] \x1b[32mBuilding CXX object CMakeFiles/yolo_msgs__rosidl_typesupport_c.dir/rosidl_typesupport_c/yolo_msgs/msg/key_point3_d__type_support.cpp.o\x1b[0m\n'}
[3.761988] (yolo_msgs) StdoutLine: {'line': b'[ 63%] \x1b[32m\x1b[1mLinking C shared library libyolo_msgs__rosidl_typesupport_introspection_c.so\x1b[0m\n'}
[3.770967] (yolo_msgs) StdoutLine: {'line': b'[ 64%] \x1b[32mBuilding CXX object CMakeFiles/yolo_msgs__rosidl_typesupport_c.dir/rosidl_typesupport_c/yolo_msgs/msg/key_point3_d_array__type_support.cpp.o\x1b[0m\n'}
[3.786063] (yolo_msgs) StdoutLine: {'line': b'[ 65%] \x1b[32mBuilding CXX object CMakeFiles/yolo_msgs__rosidl_typesupport_fastrtps_c.dir/rosidl_typesupport_fastrtps_c/yolo_msgs/msg/detail/bounding_box3_d__type_support_c.cpp.o\x1b[0m\n'}
[3.790730] (yolo_msgs) StdoutLine: {'line': b'[ 65%] \x1b[32mBuilding CXX object CMakeFiles/yolo_msgs__rosidl_typesupport_c.dir/rosidl_typesupport_c/yolo_msgs/msg/detection__type_support.cpp.o\x1b[0m\n'}
[3.803322] (yolo_msgs) StdoutLine: {'line': b'[ 65%] Built target yolo_msgs__rosidl_typesupport_introspection_c\n'}
[3.807672] (yolo_msgs) StdoutLine: {'line': b'[ 66%] \x1b[32mBuilding CXX object CMakeFiles/yolo_msgs__rosidl_typesupport_fastrtps_c.dir/rosidl_typesupport_fastrtps_c/yolo_msgs/msg/detail/mask__type_support_c.cpp.o\x1b[0m\n'}
[3.815260] (yolo_msgs) StdoutLine: {'line': b'[ 67%] \x1b[32mBuilding CXX object CMakeFiles/yolo_msgs__rosidl_typesupport_introspection_cpp.dir/rosidl_typesupport_introspection_cpp/yolo_msgs/msg/detail/bounding_box2_d__type_support.cpp.o\x1b[0m\n'}
[3.815468] (-) TimerEvent: {}
[3.828941] (yolo_msgs) StdoutLine: {'line': b'[ 68%] \x1b[32mBuilding CXX object CMakeFiles/yolo_msgs__rosidl_typesupport_c.dir/rosidl_typesupport_c/yolo_msgs/msg/detection_array__type_support.cpp.o\x1b[0m\n'}
[3.829174] (yolo_msgs) StdoutLine: {'line': b'[ 68%] \x1b[32mBuilding CXX object CMakeFiles/yolo_msgs__rosidl_typesupport_introspection_cpp.dir/rosidl_typesupport_introspection_cpp/yolo_msgs/msg/detail/bounding_box3_d__type_support.cpp.o\x1b[0m\n'}
[3.843795] (yolo_msgs) StdoutLine: {'line': b'[ 68%] \x1b[32mBuilding CXX object CMakeFiles/yolo_msgs__rosidl_typesupport_fastrtps_c.dir/rosidl_typesupport_fastrtps_c/yolo_msgs/msg/detail/key_point2_d__type_support_c.cpp.o\x1b[0m\n'}
[3.866953] (yolo_msgs) StdoutLine: {'line': b'[ 69%] \x1b[32mBuilding CXX object CMakeFiles/yolo_msgs__rosidl_typesupport_c.dir/rosidl_typesupport_c/yolo_msgs/srv/set_classes__type_support.cpp.o\x1b[0m\n'}
[3.869517] (yolo_msgs) StdoutLine: {'line': b'[ 70%] \x1b[32mBuilding CXX object CMakeFiles/yolo_msgs__rosidl_typesupport_introspection_cpp.dir/rosidl_typesupport_introspection_cpp/yolo_msgs/msg/detail/mask__type_support.cpp.o\x1b[0m\n'}
[3.899373] (yolo_msgs) StdoutLine: {'line': b'[ 72%] \x1b[32mBuilding CXX object CMakeFiles/yolo_msgs__rosidl_typesupport_introspection_cpp.dir/rosidl_typesupport_introspection_cpp/yolo_msgs/msg/detail/key_point2_d__type_support.cpp.o\x1b[0m\n'}
[3.899594] (yolo_msgs) StdoutLine: {'line': b'[ 72%] \x1b[32m\x1b[1mLinking CXX shared library libyolo_msgs__rosidl_typesupport_c.so\x1b[0m\n'}
[3.915953] (-) TimerEvent: {}
[3.949964] (yolo_msgs) StdoutLine: {'line': b'[ 72%] Built target yolo_msgs__rosidl_typesupport_c\n'}
[3.958007] (yolo_msgs) StdoutLine: {'line': b'[ 73%] \x1b[32mBuilding CXX object CMakeFiles/yolo_msgs__rosidl_typesupport_fastrtps_c.dir/rosidl_typesupport_fastrtps_c/yolo_msgs/msg/detail/key_point2_d_array__type_support_c.cpp.o\x1b[0m\n'}
[3.974224] (yolo_msgs) StdoutLine: {'line': b'[ 74%] \x1b[32mBuilding CXX object CMakeFiles/yolo_msgs__rosidl_typesupport_fastrtps_c.dir/rosidl_typesupport_fastrtps_c/yolo_msgs/msg/detail/key_point3_d__type_support_c.cpp.o\x1b[0m\n'}
[4.016088] (-) TimerEvent: {}
[4.018222] (yolo_msgs) StdoutLine: {'line': b'[ 75%] \x1b[32mBuilding CXX object CMakeFiles/yolo_msgs__rosidl_typesupport_fastrtps_c.dir/rosidl_typesupport_fastrtps_c/yolo_msgs/msg/detail/key_point3_d_array__type_support_c.cpp.o\x1b[0m\n'}
[4.068263] (yolo_msgs) StdoutLine: {'line': b'[ 76%] \x1b[32mBuilding CXX object CMakeFiles/yolo_msgs__rosidl_typesupport_introspection_cpp.dir/rosidl_typesupport_introspection_cpp/yolo_msgs/msg/detail/key_point2_d_array__type_support.cpp.o\x1b[0m\n'}
[4.112007] (yolo_msgs) StdoutLine: {'line': b'[ 77%] \x1b[32mBuilding CXX object CMakeFiles/yolo_msgs__rosidl_typesupport_fastrtps_c.dir/rosidl_typesupport_fastrtps_c/yolo_msgs/msg/detail/detection__type_support_c.cpp.o\x1b[0m\n'}
[4.116210] (-) TimerEvent: {}
[4.116454] (yolo_msgs) StdoutLine: {'line': b'[ 78%] \x1b[32mBuilding CXX object CMakeFiles/yolo_msgs__rosidl_typesupport_introspection_cpp.dir/rosidl_typesupport_introspection_cpp/yolo_msgs/msg/detail/key_point3_d__type_support.cpp.o\x1b[0m\n'}
[4.142688] (yolo_msgs) StdoutLine: {'line': b'[ 78%] \x1b[32mBuilding CXX object CMakeFiles/yolo_msgs__rosidl_typesupport_fastrtps_c.dir/rosidl_typesupport_fastrtps_c/yolo_msgs/msg/detail/detection_array__type_support_c.cpp.o\x1b[0m\n'}
[4.202032] (yolo_msgs) StdoutLine: {'line': b'[ 78%] \x1b[32mBuilding CXX object CMakeFiles/yolo_msgs__rosidl_typesupport_introspection_cpp.dir/rosidl_typesupport_introspection_cpp/yolo_msgs/msg/detail/key_point3_d_array__type_support.cpp.o\x1b[0m\n'}
[4.208940] (yolo_msgs) StdoutLine: {'line': b'[ 79%] \x1b[32mBuilding CXX object CMakeFiles/yolo_msgs__rosidl_typesupport_introspection_cpp.dir/rosidl_typesupport_introspection_cpp/yolo_msgs/msg/detail/detection__type_support.cpp.o\x1b[0m\n'}
[4.216341] (-) TimerEvent: {}
[4.217426] (yolo_msgs) StdoutLine: {'line': b'[ 80%] \x1b[32mBuilding CXX object CMakeFiles/yolo_msgs__rosidl_typesupport_fastrtps_c.dir/rosidl_typesupport_fastrtps_c/yolo_msgs/srv/detail/set_classes__type_support_c.cpp.o\x1b[0m\n'}
[4.246972] (yolo_msgs) StdoutLine: {'line': b'[ 80%] \x1b[32m\x1b[1mLinking CXX shared library libyolo_msgs__rosidl_typesupport_fastrtps_cpp.so\x1b[0m\n'}
[4.257614] (yolo_msgs) StdoutLine: {'line': b'[ 81%] \x1b[32mBuilding CXX object CMakeFiles/yolo_msgs__rosidl_typesupport_introspection_cpp.dir/rosidl_typesupport_introspection_cpp/yolo_msgs/msg/detail/detection_array__type_support.cpp.o\x1b[0m\n'}
[4.277483] (yolo_msgs) StdoutLine: {'line': b'[ 82%] \x1b[32mBuilding CXX object CMakeFiles/yolo_msgs__rosidl_typesupport_introspection_cpp.dir/rosidl_typesupport_introspection_cpp/yolo_msgs/srv/detail/set_classes__type_support.cpp.o\x1b[0m\n'}
[4.316485] (-) TimerEvent: {}
[4.358438] (yolo_msgs) StdoutLine: {'line': b'[ 82%] Built target yolo_msgs__rosidl_typesupport_fastrtps_cpp\n'}
[4.416644] (-) TimerEvent: {}
[4.517073] (-) TimerEvent: {}
[4.617504] (-) TimerEvent: {}
[4.623691] (yolo_msgs) StdoutLine: {'line': b'[ 83%] \x1b[32m\x1b[1mLinking CXX shared library libyolo_msgs__rosidl_typesupport_fastrtps_c.so\x1b[0m\n'}
[4.688204] (yolo_msgs) StdoutLine: {'line': b'[ 83%] Built target yolo_msgs__rosidl_typesupport_fastrtps_c\n'}
[4.693320] (yolo_msgs) StdoutLine: {'line': b'[ 84%] \x1b[32m\x1b[1mLinking CXX shared library libyolo_msgs__rosidl_typesupport_introspection_cpp.so\x1b[0m\n'}
[4.717735] (-) TimerEvent: {}
[4.764305] (yolo_msgs) StdoutLine: {'line': b'[ 84%] Built target yolo_msgs__rosidl_typesupport_introspection_cpp\n'}
[4.785762] (yolo_msgs) StdoutLine: {'line': b'[ 84%] Built target yolo_msgs\n'}
[4.816180] (yolo_msgs) StdoutLine: {'line': b'[ 85%] \x1b[34m\x1b[1mGenerating Python code for ROS interfaces\x1b[0m\n'}
[4.817934] (-) TimerEvent: {}
[4.918320] (-) TimerEvent: {}
[5.018630] (-) TimerEvent: {}
[5.118922] (-) TimerEvent: {}
[5.219111] (-) TimerEvent: {}
[5.319416] (-) TimerEvent: {}
[5.419727] (-) TimerEvent: {}
[5.520045] (-) TimerEvent: {}
[5.620341] (-) TimerEvent: {}
[5.720574] (-) TimerEvent: {}
[5.820891] (-) TimerEvent: {}
[5.902355] (yolo_msgs) StdoutLine: {'line': b'[ 85%] Built target yolo_msgs__py\n'}
[5.921019] (-) TimerEvent: {}
[5.934756] (yolo_msgs) StdoutLine: {'line': b'[ 86%] \x1b[32mBuilding C object CMakeFiles/yolo_msgs__rosidl_generator_py.dir/rosidl_generator_py/yolo_msgs/msg/_pose2_d_s.c.o\x1b[0m\n'}
[5.935834] (yolo_msgs) StdoutLine: {'line': b'[ 87%] \x1b[32mBuilding C object CMakeFiles/yolo_msgs__rosidl_generator_py.dir/rosidl_generator_py/yolo_msgs/msg/_bounding_box2_d_s.c.o\x1b[0m\n'}
[5.937036] (yolo_msgs) StdoutLine: {'line': b'[ 88%] \x1b[32mBuilding C object CMakeFiles/yolo_msgs__rosidl_generator_py.dir/rosidl_generator_py/yolo_msgs/msg/_vector2_s.c.o\x1b[0m\n'}
[5.937320] (yolo_msgs) StdoutLine: {'line': b'[ 88%] \x1b[32mBuilding C object CMakeFiles/yolo_msgs__rosidl_generator_py.dir/rosidl_generator_py/yolo_msgs/msg/_point2_d_s.c.o\x1b[0m\n'}
[5.937993] (yolo_msgs) StdoutLine: {'line': b'[ 88%] \x1b[32mBuilding C object CMakeFiles/yolo_msgs__rosidl_generator_py.dir/rosidl_generator_py/yolo_msgs/msg/_key_point2_d_s.c.o\x1b[0m\n'}
[5.940633] (yolo_msgs) StdoutLine: {'line': b'[ 89%] \x1b[32mBuilding C object CMakeFiles/yolo_msgs__rosidl_generator_py.dir/rosidl_generator_py/yolo_msgs/msg/_bounding_box3_d_s.c.o\x1b[0m\n'}
[5.942429] (yolo_msgs) StdoutLine: {'line': b'[ 90%] \x1b[32mBuilding C object CMakeFiles/yolo_msgs__rosidl_generator_py.dir/rosidl_generator_py/yolo_msgs/msg/_mask_s.c.o\x1b[0m\n'}
[5.944440] (yolo_msgs) StdoutLine: {'line': b'[ 93%] \x1b[32mBuilding C object CMakeFiles/yolo_msgs__rosidl_generator_py.dir/rosidl_generator_py/yolo_msgs/msg/_key_point3_d_array_s.c.o\x1b[0m\n'}
[5.944992] (yolo_msgs) StdoutLine: {'line': b'[ 93%] \x1b[32mBuilding C object CMakeFiles/yolo_msgs__rosidl_generator_py.dir/rosidl_generator_py/yolo_msgs/msg/_key_point3_d_s.c.o\x1b[0m\n'}
[5.945341] (yolo_msgs) StdoutLine: {'line': b'[ 93%] \x1b[32mBuilding C object CMakeFiles/yolo_msgs__rosidl_generator_py.dir/rosidl_generator_py/yolo_msgs/msg/_key_point2_d_array_s.c.o\x1b[0m\n'}
[5.946550] (yolo_msgs) StdoutLine: {'line': b'[ 94%] \x1b[32mBuilding C object CMakeFiles/yolo_msgs__rosidl_generator_py.dir/rosidl_generator_py/yolo_msgs/msg/_detection_s.c.o\x1b[0m\n'}
[5.947736] (yolo_msgs) StdoutLine: {'line': b'[ 94%] \x1b[32mBuilding C object CMakeFiles/yolo_msgs__rosidl_generator_py.dir/rosidl_generator_py/yolo_msgs/msg/_detection_array_s.c.o\x1b[0m\n'}
[5.948837] (yolo_msgs) StdoutLine: {'line': b'[ 95%] \x1b[32mBuilding C object CMakeFiles/yolo_msgs__rosidl_generator_py.dir/rosidl_generator_py/yolo_msgs/srv/_set_classes_s.c.o\x1b[0m\n'}
[6.021142] (-) TimerEvent: {}
[6.100365] (yolo_msgs) StdoutLine: {'line': b'[ 96%] \x1b[32m\x1b[1mLinking C shared library rosidl_generator_py/yolo_msgs/libyolo_msgs__rosidl_generator_py.so\x1b[0m\n'}
[6.121272] (-) TimerEvent: {}
[6.144062] (yolo_msgs) StdoutLine: {'line': b'[ 96%] Built target yolo_msgs__rosidl_generator_py\n'}
[6.169801] (yolo_msgs) StdoutLine: {'line': b'[ 97%] \x1b[32mBuilding C object CMakeFiles/yolo_msgs__rosidl_typesupport_c__pyext.dir/rosidl_generator_py/yolo_msgs/_yolo_msgs_s.ep.rosidl_typesupport_c.c.o\x1b[0m\n'}
[6.171481] (yolo_msgs) StdoutLine: {'line': b'[ 98%] \x1b[32mBuilding C object CMakeFiles/yolo_msgs__rosidl_typesupport_introspection_c__pyext.dir/rosidl_generator_py/yolo_msgs/_yolo_msgs_s.ep.rosidl_typesupport_introspection_c.c.o\x1b[0m\n'}
[6.172547] (yolo_msgs) StdoutLine: {'line': b'[ 99%] \x1b[32mBuilding C object CMakeFiles/yolo_msgs__rosidl_typesupport_fastrtps_c__pyext.dir/rosidl_generator_py/yolo_msgs/_yolo_msgs_s.ep.rosidl_typesupport_fastrtps_c.c.o\x1b[0m\n'}
[6.221364] (-) TimerEvent: {}
[6.257966] (yolo_msgs) StdoutLine: {'line': b'[ 99%] \x1b[32m\x1b[1mLinking C shared library rosidl_generator_py/yolo_msgs/yolo_msgs_s__rosidl_typesupport_c.cpython-310-x86_64-linux-gnu.so\x1b[0m\n'}
[6.260607] (yolo_msgs) StdoutLine: {'line': b'[100%] \x1b[32m\x1b[1mLinking C shared library rosidl_generator_py/yolo_msgs/yolo_msgs_s__rosidl_typesupport_introspection_c.cpython-310-x86_64-linux-gnu.so\x1b[0m\n'}
[6.263061] (yolo_msgs) StdoutLine: {'line': b'[100%] \x1b[32m\x1b[1mLinking C shared library rosidl_generator_py/yolo_msgs/yolo_msgs_s__rosidl_typesupport_fastrtps_c.cpython-310-x86_64-linux-gnu.so\x1b[0m\n'}
[6.293529] (yolo_msgs) StdoutLine: {'line': b'[100%] Built target yolo_msgs__rosidl_typesupport_introspection_c__pyext\n'}
[6.297336] (yolo_msgs) StdoutLine: {'line': b'[100%] Built target yolo_msgs__rosidl_typesupport_c__pyext\n'}
[6.299445] (yolo_msgs) StdoutLine: {'line': b'[100%] Built target yolo_msgs__rosidl_typesupport_fastrtps_c__pyext\n'}
[6.315156] (yolo_msgs) CommandEnded: {'returncode': 0}
[6.316743] (yolo_msgs) JobProgress: {'identifier': 'yolo_msgs', 'progress': 'install'}
[6.321502] (-) TimerEvent: {}
[6.327668] (yolo_msgs) Command: {'cmd': ['/usr/bin/cmake', '--install', '/home/matsunaga-h/pickup_ws/build/yolo_msgs'], 'cwd': '/home/matsunaga-h/pickup_ws/build/yolo_msgs', 'env': OrderedDict([('GJS_DEBUG_TOPICS', 'JS ERROR;JS LOG'), ('LESSOPEN', '| /usr/bin/lesspipe %s'), ('LANGUAGE', 'ja:en'), ('USER', 'matsunaga-h'), ('LC_TIME', 'ja_JP.UTF-8'), ('XDG_SESSION_TYPE', 'wayland'), ('SHLVL', '1'), ('LD_LIBRARY_PATH', '/opt/ros/humble/opt/rviz_ogre_vendor/lib:/opt/ros/humble/lib/x86_64-linux-gnu:/opt/ros/humble/lib'), ('HOME', '/home/matsunaga-h'), ('OLDPWD', '/home/matsunaga-h/pickup_ws/src'), ('DESKTOP_SESSION', 'ubuntu'), ('ROS_PYTHON_VERSION', '3'), ('GNOME_SHELL_SESSION_MODE', 'ubuntu'), ('GTK_MODULES', 'gail:atk-bridge'), ('LC_MONETARY', 'ja_JP.UTF-8'), ('MANAGERPID', '2068'), ('SYSTEMD_EXEC_PID', '2236'), ('DBUS_SESSION_BUS_ADDRESS', 'unix:path=/run/user/1000/bus'), ('COLORTERM', 'truecolor'), ('TERMINATOR_DBUS_NAME', 'net.tenshu.Terminator25ef4b219e3b005583550f2b0f9f990c3'), ('IM_CONFIG_PHASE', '1'), ('WAYLAND_DISPLAY', 'wayland-0'), ('COLCON_PREFIX_PATH', '/home/matsunaga-h/pickup_ws/install'), ('ROS_DISTRO', 'humble'), ('LOGNAME', 'matsunaga-h'), ('JOURNAL_STREAM', '8:15755'), ('_', '/usr/bin/colcon'), ('ROS_VERSION', '2'), ('XDG_SESSION_CLASS', 'user'), ('USERNAME', 'matsunaga-h'), ('TERM', 'xterm-256color'), ('GNOME_DESKTOP_SESSION_ID', 'this-is-deprecated'), ('ROS_LOCALHOST_ONLY', '0'), ('PATH', '/opt/ros/humble/bin:/home/matsunaga-h/.local/bin:/usr/local/sbin:/usr/local/bin:/usr/sbin:/usr/bin:/sbin:/bin:/usr/games:/usr/local/games:/snap/bin:/snap/bin'), ('SESSION_MANAGER', 'local/matsunagah-NUC13ANH-B:@/tmp/.ICE-unix/2206,unix/matsunagah-NUC13ANH-B:/tmp/.ICE-unix/2206'), ('INVOCATION_ID', '741cca31c22a48bea7c1cb2486f1ecb7'), ('PAPERSIZE', 'a4'), ('XDG_MENU_PREFIX', 'gnome-'), ('LC_ADDRESS', 'ja_JP.UTF-8'), ('GNOME_SETUP_DISPLAY', ':1'), ('XDG_RUNTIME_DIR', '/run/user/1000'), ('DISPLAY', ':0'), ('TERMINATOR_DBUS_PATH', '/net/tenshu/Terminator2'), ('LANG', 'ja_JP.UTF-8'), ('XDG_CURRENT_DESKTOP', 'ubuntu:GNOME'), ('IBUS_DISABLE_SNOOPER', '1'), ('LC_TELEPHONE', 'ja_JP.UTF-8'), ('XMODIFIERS', '@im=ibus'), ('XDG_SESSION_DESKTOP', 'ubuntu'), ('XAUTHORITY', '/run/user/1000/.mutter-Xwaylandauth.VC0T62'), ('LS_COLORS', 'rs=0:di=01;34:ln=01;36:mh=00:pi=40;33:so=01;35:do=01;35:bd=40;33;01:cd=40;33;01:or=40;31;01:mi=00:su=37;41:sg=30;43:ca=30;41:tw=30;42:ow=34;42:st=37;44:ex=01;32:*.tar=01;31:*.tgz=01;31:*.arc=01;31:*.arj=01;31:*.taz=01;31:*.lha=01;31:*.lz4=01;31:*.lzh=01;31:*.lzma=01;31:*.tlz=01;31:*.txz=01;31:*.tzo=01;31:*.t7z=01;31:*.zip=01;31:*.z=01;31:*.dz=01;31:*.gz=01;31:*.lrz=01;31:*.lz=01;31:*.lzo=01;31:*.xz=01;31:*.zst=01;31:*.tzst=01;31:*.bz2=01;31:*.bz=01;31:*.tbz=01;31:*.tbz2=01;31:*.tz=01;31:*.deb=01;31:*.rpm=01;31:*.jar=01;31:*.war=01;31:*.ear=01;31:*.sar=01;31:*.rar=01;31:*.alz=01;31:*.ace=01;31:*.zoo=01;31:*.cpio=01;31:*.7z=01;31:*.rz=01;31:*.cab=01;31:*.wim=01;31:*.swm=01;31:*.dwm=01;31:*.esd=01;31:*.jpg=01;35:*.jpeg=01;35:*.mjpg=01;35:*.mjpeg=01;35:*.gif=01;35:*.bmp=01;35:*.pbm=01;35:*.pgm=01;35:*.ppm=01;35:*.tga=01;35:*.xbm=01;35:*.xpm=01;35:*.tif=01;35:*.tiff=01;35:*.png=01;35:*.svg=01;35:*.svgz=01;35:*.mng=01;35:*.pcx=01;35:*.mov=01;35:*.mpg=01;35:*.mpeg=01;35:*.m2v=01;35:*.mkv=01;35:*.webm=01;35:*.webp=01;35:*.ogm=01;35:*.mp4=01;35:*.m4v=01;35:*.mp4v=01;35:*.vob=01;35:*.qt=01;35:*.nuv=01;35:*.wmv=01;35:*.asf=01;35:*.rm=01;35:*.rmvb=01;35:*.flc=01;35:*.avi=01;35:*.fli=01;35:*.flv=01;35:*.gl=01;35:*.dl=01;35:*.xcf=01;35:*.xwd=01;35:*.yuv=01;35:*.cgm=01;35:*.emf=01;35:*.ogv=01;35:*.ogx=01;35:*.aac=00;36:*.au=00;36:*.flac=00;36:*.m4a=00;36:*.mid=00;36:*.midi=00;36:*.mka=00;36:*.mp3=00;36:*.mpc=00;36:*.ogg=00;36:*.ra=00;36:*.wav=00;36:*.oga=00;36:*.opus=00;36:*.spx=00;36:*.xspf=00;36:'), ('SSH_AGENT_LAUNCHER', 'gnome-keyring'), ('SSH_AUTH_SOCK', '/run/user/1000/keyring/ssh'), ('AMENT_PREFIX_PATH', '/home/matsunaga-h/pickup_ws/install/vacuum_switch:/home/matsunaga-h/pickup_ws/install/my_package:/home/matsunaga-h/pickup_ws/install/air_pkg:/opt/ros/humble'), ('SHELL', '/bin/bash'), ('LC_NAME', 'ja_JP.UTF-8'), ('TERMINATOR_UUID', 'urn:uuid:0fcceb4a-4399-4c27-91eb-6a9355bd3a9d'), ('QT_ACCESSIBILITY', '1'), ('GDMSESSION', 'ubuntu'), ('LESSCLOSE', '/usr/bin/lesspipe %s %s'), ('LC_MEASUREMENT', 'ja_JP.UTF-8'), ('GJS_DEBUG_OUTPUT', 'stderr'), ('LC_IDENTIFICATION', 'ja_JP.UTF-8'), ('QT_IM_MODULE', 'ibus'), ('PWD', '/home/matsunaga-h/pickup_ws/build/yolo_msgs'), ('LC_ALL', 'en_US.UTF-8'), ('XDG_CONFIG_DIRS', '/etc/xdg/xdg-ubuntu:/etc/xdg'), ('XDG_DATA_DIRS', '/usr/share/ubuntu:/usr/local/share/:/usr/share/:/var/lib/snapd/desktop'), ('PYTHONPATH', '/home/matsunaga-h/pickup_ws/install/vacuum_switch/lib/python3.10/site-packages:/home/matsunaga-h/pickup_ws/install/my_package/lib/python3.10/site-packages:/home/matsunaga-h/pickup_ws/install/air_pkg/lib/python3.10/site-packages:/opt/ros/humble/lib/python3.10/site-packages:/opt/ros/humble/local/lib/python3.10/dist-packages'), ('LC_NUMERIC', 'ja_JP.UTF-8'), ('LC_PAPER', 'ja_JP.UTF-8'), ('COLCON', '1'), ('VTE_VERSION', '6800'), ('CMAKE_PREFIX_PATH', '/home/matsunaga-h/pickup_ws/install/vacuum_switch:/home/matsunaga-h/pickup_ws/install/my_package:/home/matsunaga-h/pickup_ws/install/air_pkg:/opt/ros/humble')]), 'shell': False}
[6.336481] (yolo_msgs) StdoutLine: {'line': b'-- Install configuration: ""\n'}
[6.336627] (yolo_msgs) StdoutLine: {'line': b'-- Installing: /home/matsunaga-h/pickup_ws/install/yolo_msgs/share/ament_index/resource_index/rosidl_interfaces/yolo_msgs\n'}
[6.336671] (yolo_msgs) StdoutLine: {'line': b'-- Installing: /home/matsunaga-h/pickup_ws/install/yolo_msgs/include/yolo_msgs/yolo_msgs\n'}
[6.336705] (yolo_msgs) StdoutLine: {'line': b'-- Installing: /home/matsunaga-h/pickup_ws/install/yolo_msgs/include/yolo_msgs/yolo_msgs/msg\n'}
[6.336738] (yolo_msgs) StdoutLine: {'line': b'-- Installing: /home/matsunaga-h/pickup_ws/install/yolo_msgs/include/yolo_msgs/yolo_msgs/msg/detection_array.h\n'}
[6.336793] (yolo_msgs) StdoutLine: {'line': b'-- Installing: /home/matsunaga-h/pickup_ws/install/yolo_msgs/include/yolo_msgs/yolo_msgs/msg/point2_d.h\n'}
[6.336868] (yolo_msgs) StdoutLine: {'line': b'-- Installing: /home/matsunaga-h/pickup_ws/install/yolo_msgs/include/yolo_msgs/yolo_msgs/msg/key_point2_d.h\n'}
[6.336908] (yolo_msgs) StdoutLine: {'line': b'-- Installing: /home/matsunaga-h/pickup_ws/install/yolo_msgs/include/yolo_msgs/yolo_msgs/msg/mask.h\n'}
[6.336940] (yolo_msgs) StdoutLine: {'line': b'-- Installing: /home/matsunaga-h/pickup_ws/install/yolo_msgs/include/yolo_msgs/yolo_msgs/msg/pose2_d.h\n'}
[6.336970] (yolo_msgs) StdoutLine: {'line': b'-- Installing: /home/matsunaga-h/pickup_ws/install/yolo_msgs/include/yolo_msgs/yolo_msgs/msg/key_point2_d_array.h\n'}
[6.337009] (yolo_msgs) StdoutLine: {'line': b'-- Installing: /home/matsunaga-h/pickup_ws/install/yolo_msgs/include/yolo_msgs/yolo_msgs/msg/key_point3_d_array.h\n'}
[6.337039] (yolo_msgs) StdoutLine: {'line': b'-- Installing: /home/matsunaga-h/pickup_ws/install/yolo_msgs/include/yolo_msgs/yolo_msgs/msg/bounding_box2_d.h\n'}
[6.337069] (yolo_msgs) StdoutLine: {'line': b'-- Installing: /home/matsunaga-h/pickup_ws/install/yolo_msgs/include/yolo_msgs/yolo_msgs/msg/bounding_box3_d.h\n'}
[6.337129] (yolo_msgs) StdoutLine: {'line': b'-- Installing: /home/matsunaga-h/pickup_ws/install/yolo_msgs/include/yolo_msgs/yolo_msgs/msg/rosidl_generator_c__visibility_control.h\n'}
[6.337178] (yolo_msgs) StdoutLine: {'line': b'-- Installing: /home/matsunaga-h/pickup_ws/install/yolo_msgs/include/yolo_msgs/yolo_msgs/msg/vector2.h\n'}
[6.337212] (yolo_msgs) StdoutLine: {'line': b'-- Installing: /home/matsunaga-h/pickup_ws/install/yolo_msgs/include/yolo_msgs/yolo_msgs/msg/detail\n'}
[6.337262] (yolo_msgs) StdoutLine: {'line': b'-- Installing: /home/matsunaga-h/pickup_ws/install/yolo_msgs/include/yolo_msgs/yolo_msgs/msg/detail/detection_array__functions.h\n'}
[6.337293] (yolo_msgs) StdoutLine: {'line': b'-- Installing: /home/matsunaga-h/pickup_ws/install/yolo_msgs/include/yolo_msgs/yolo_msgs/msg/detail/key_point3_d_array__type_support.h\n'}
[6.337325] (yolo_msgs) StdoutLine: {'line': b'-- Installing: /home/matsunaga-h/pickup_ws/install/yolo_msgs/include/yolo_msgs/yolo_msgs/msg/detail/key_point2_d_array__struct.h\n'}
[6.337355] (yolo_msgs) StdoutLine: {'line': b'-- Installing: /home/matsunaga-h/pickup_ws/install/yolo_msgs/include/yolo_msgs/yolo_msgs/msg/detail/key_point2_d__struct.h\n'}
[6.337402] (yolo_msgs) StdoutLine: {'line': b'-- Installing: /home/matsunaga-h/pickup_ws/install/yolo_msgs/include/yolo_msgs/yolo_msgs/msg/detail/mask__struct.h\n'}
[6.337432] (yolo_msgs) StdoutLine: {'line': b'-- Installing: /home/matsunaga-h/pickup_ws/install/yolo_msgs/include/yolo_msgs/yolo_msgs/msg/detail/detection__struct.h\n'}
[6.337461] (yolo_msgs) StdoutLine: {'line': b'-- Installing: /home/matsunaga-h/pickup_ws/install/yolo_msgs/include/yolo_msgs/yolo_msgs/msg/detail/vector2__functions.h\n'}
[6.337490] (yolo_msgs) StdoutLine: {'line': b'-- Installing: /home/matsunaga-h/pickup_ws/install/yolo_msgs/include/yolo_msgs/yolo_msgs/msg/detail/key_point2_d__type_support.h\n'}
[6.337534] (yolo_msgs) StdoutLine: {'line': b'-- Installing: /home/matsunaga-h/pickup_ws/install/yolo_msgs/include/yolo_msgs/yolo_msgs/msg/detail/key_point3_d__functions.h\n'}
[6.337589] (yolo_msgs) StdoutLine: {'line': b'-- Installing: /home/matsunaga-h/pickup_ws/install/yolo_msgs/include/yolo_msgs/yolo_msgs/msg/detail/pose2_d__struct.h\n'}
[6.337621] (yolo_msgs) StdoutLine: {'line': b'-- Installing: /home/matsunaga-h/pickup_ws/install/yolo_msgs/include/yolo_msgs/yolo_msgs/msg/detail/detection_array__struct.h\n'}
[6.337653] (yolo_msgs) StdoutLine: {'line': b'-- Installing: /home/matsunaga-h/pickup_ws/install/yolo_msgs/include/yolo_msgs/yolo_msgs/msg/detail/key_point3_d__functions.c\n'}
[6.337683] (yolo_msgs) StdoutLine: {'line': b'-- Installing: /home/matsunaga-h/pickup_ws/install/yolo_msgs/include/yolo_msgs/yolo_msgs/msg/detail/detection__functions.h\n'}
[6.337732] (yolo_msgs) StdoutLine: {'line': b'-- Installing: /home/matsunaga-h/pickup_ws/install/yolo_msgs/include/yolo_msgs/yolo_msgs/msg/detail/detection_array__type_support.h\n'}
[6.337764] (yolo_msgs) StdoutLine: {'line': b'-- Installing: /home/matsunaga-h/pickup_ws/install/yolo_msgs/include/yolo_msgs/yolo_msgs/msg/detail/point2_d__struct.h\n'}
[6.337793] (yolo_msgs) StdoutLine: {'line': b'-- Installing: /home/matsunaga-h/pickup_ws/install/yolo_msgs/include/yolo_msgs/yolo_msgs/msg/detail/bounding_box3_d__functions.c\n'}
[6.337843] (yolo_msgs) StdoutLine: {'line': b'-- Installing: /home/matsunaga-h/pickup_ws/install/yolo_msgs/include/yolo_msgs/yolo_msgs/msg/detail/detection_array__functions.c\n'}
[6.337878] (yolo_msgs) StdoutLine: {'line': b'-- Installing: /home/matsunaga-h/pickup_ws/install/yolo_msgs/include/yolo_msgs/yolo_msgs/msg/detail/bounding_box2_d__functions.h\n'}
[6.337910] (yolo_msgs) StdoutLine: {'line': b'-- Installing: /home/matsunaga-h/pickup_ws/install/yolo_msgs/include/yolo_msgs/yolo_msgs/msg/detail/key_point2_d__functions.h\n'}
[6.337952] (yolo_msgs) StdoutLine: {'line': b'-- Installing: /home/matsunaga-h/pickup_ws/install/yolo_msgs/include/yolo_msgs/yolo_msgs/msg/detail/mask__type_support.h\n'}
[6.337998] (yolo_msgs) StdoutLine: {'line': b'-- Installing: /home/matsunaga-h/pickup_ws/install/yolo_msgs/include/yolo_msgs/yolo_msgs/msg/detail/point2_d__type_support.h\n'}
[6.338044] (yolo_msgs) StdoutLine: {'line': b'-- Installing: /home/matsunaga-h/pickup_ws/install/yolo_msgs/include/yolo_msgs/yolo_msgs/msg/detail/point2_d__functions.c\n'}
[6.338087] (yolo_msgs) StdoutLine: {'line': b'-- Installing: /home/matsunaga-h/pickup_ws/install/yolo_msgs/include/yolo_msgs/yolo_msgs/msg/detail/point2_d__functions.h\n'}
[6.338130] (yolo_msgs) StdoutLine: {'line': b'-- Installing: /home/matsunaga-h/pickup_ws/install/yolo_msgs/include/yolo_msgs/yolo_msgs/msg/detail/detection__functions.c\n'}
[6.338173] (yolo_msgs) StdoutLine: {'line': b'-- Installing: /home/matsunaga-h/pickup_ws/install/yolo_msgs/include/yolo_msgs/yolo_msgs/msg/detail/key_point3_d__struct.h\n'}
[6.338217] (yolo_msgs) StdoutLine: {'line': b'-- Installing: /home/matsunaga-h/pickup_ws/install/yolo_msgs/include/yolo_msgs/yolo_msgs/msg/detail/key_point2_d_array__type_support.h\n'}
[6.338253] (yolo_msgs) StdoutLine: {'line': b'-- Installing: /home/matsunaga-h/pickup_ws/install/yolo_msgs/include/yolo_msgs/yolo_msgs/msg/detail/pose2_d__functions.h\n'}
[6.338288] (yolo_msgs) StdoutLine: {'line': b'-- Installing: /home/matsunaga-h/pickup_ws/install/yolo_msgs/include/yolo_msgs/yolo_msgs/msg/detail/bounding_box3_d__type_support.h\n'}
[6.338326] (yolo_msgs) StdoutLine: {'line': b'-- Installing: /home/matsunaga-h/pickup_ws/install/yolo_msgs/include/yolo_msgs/yolo_msgs/msg/detail/key_point2_d__functions.c\n'}
[6.338364] (yolo_msgs) StdoutLine: {'line': b'-- Installing: /home/matsunaga-h/pickup_ws/install/yolo_msgs/include/yolo_msgs/yolo_msgs/msg/detail/bounding_box3_d__functions.h\n'}
[6.338403] (yolo_msgs) StdoutLine: {'line': b'-- Installing: /home/matsunaga-h/pickup_ws/install/yolo_msgs/include/yolo_msgs/yolo_msgs/msg/detail/key_point2_d_array__functions.h\n'}
[6.338441] (yolo_msgs) StdoutLine: {'line': b'-- Installing: /home/matsunaga-h/pickup_ws/install/yolo_msgs/include/yolo_msgs/yolo_msgs/msg/detail/key_point3_d_array__functions.c\n'}
[6.338480] (yolo_msgs) StdoutLine: {'line': b'-- Installing: /home/matsunaga-h/pickup_ws/install/yolo_msgs/include/yolo_msgs/yolo_msgs/msg/detail/detection__type_support.h\n'}
[6.338517] (yolo_msgs) StdoutLine: {'line': b'-- Installing: /home/matsunaga-h/pickup_ws/install/yolo_msgs/include/yolo_msgs/yolo_msgs/msg/detail/key_point3_d__type_support.h\n'}
[6.338567] (yolo_msgs) StdoutLine: {'line': b'-- Installing: /home/matsunaga-h/pickup_ws/install/yolo_msgs/include/yolo_msgs/yolo_msgs/msg/detail/bounding_box2_d__type_support.h\n'}
[6.338604] (yolo_msgs) StdoutLine: {'line': b'-- Installing: /home/matsunaga-h/pickup_ws/install/yolo_msgs/include/yolo_msgs/yolo_msgs/msg/detail/vector2__struct.h\n'}
[6.338642] (yolo_msgs) StdoutLine: {'line': b'-- Installing: /home/matsunaga-h/pickup_ws/install/yolo_msgs/include/yolo_msgs/yolo_msgs/msg/detail/pose2_d__type_support.h\n'}
[6.338681] (yolo_msgs) StdoutLine: {'line': b'-- Installing: /home/matsunaga-h/pickup_ws/install/yolo_msgs/include/yolo_msgs/yolo_msgs/msg/detail/key_point2_d_array__functions.c\n'}
[6.338720] (yolo_msgs) StdoutLine: {'line': b'-- Installing: /home/matsunaga-h/pickup_ws/install/yolo_msgs/include/yolo_msgs/yolo_msgs/msg/detail/mask__functions.h\n'}
[6.338760] (yolo_msgs) StdoutLine: {'line': b'-- Installing: /home/matsunaga-h/pickup_ws/install/yolo_msgs/include/yolo_msgs/yolo_msgs/msg/detail/pose2_d__functions.c\n'}
[6.338799] (yolo_msgs) StdoutLine: {'line': b'-- Installing: /home/matsunaga-h/pickup_ws/install/yolo_msgs/include/yolo_msgs/yolo_msgs/msg/detail/key_point3_d_array__struct.h\n'}
[6.338838] (yolo_msgs) StdoutLine: {'line': b'-- Installing: /home/matsunaga-h/pickup_ws/install/yolo_msgs/include/yolo_msgs/yolo_msgs/msg/detail/mask__functions.c\n'}
[6.338884] (yolo_msgs) StdoutLine: {'line': b'-- Installing: /home/matsunaga-h/pickup_ws/install/yolo_msgs/include/yolo_msgs/yolo_msgs/msg/detail/vector2__functions.c\n'}
[6.338947] (yolo_msgs) StdoutLine: {'line': b'-- Installing: /home/matsunaga-h/pickup_ws/install/yolo_msgs/include/yolo_msgs/yolo_msgs/msg/detail/bounding_box2_d__struct.h\n'}
[6.338985] (yolo_msgs) StdoutLine: {'line': b'-- Installing: /home/matsunaga-h/pickup_ws/install/yolo_msgs/include/yolo_msgs/yolo_msgs/msg/detail/bounding_box3_d__struct.h\n'}
[6.339022] (yolo_msgs) StdoutLine: {'line': b'-- Installing: /home/matsunaga-h/pickup_ws/install/yolo_msgs/include/yolo_msgs/yolo_msgs/msg/detail/key_point3_d_array__functions.h\n'}
[6.339066] (yolo_msgs) StdoutLine: {'line': b'-- Installing: /home/matsunaga-h/pickup_ws/install/yolo_msgs/include/yolo_msgs/yolo_msgs/msg/detail/vector2__type_support.h\n'}
[6.339104] (yolo_msgs) StdoutLine: {'line': b'-- Installing: /home/matsunaga-h/pickup_ws/install/yolo_msgs/include/yolo_msgs/yolo_msgs/msg/detail/bounding_box2_d__functions.c\n'}
[6.339146] (yolo_msgs) StdoutLine: {'line': b'-- Installing: /home/matsunaga-h/pickup_ws/install/yolo_msgs/include/yolo_msgs/yolo_msgs/msg/key_point3_d.h\n'}
[6.339183] (yolo_msgs) StdoutLine: {'line': b'-- Installing: /home/matsunaga-h/pickup_ws/install/yolo_msgs/include/yolo_msgs/yolo_msgs/msg/detection.h\n'}
[6.339220] (yolo_msgs) StdoutLine: {'line': b'-- Installing: /home/matsunaga-h/pickup_ws/install/yolo_msgs/include/yolo_msgs/yolo_msgs/srv\n'}
[6.339257] (yolo_msgs) StdoutLine: {'line': b'-- Installing: /home/matsunaga-h/pickup_ws/install/yolo_msgs/include/yolo_msgs/yolo_msgs/srv/set_classes.h\n'}
[6.339294] (yolo_msgs) StdoutLine: {'line': b'-- Installing: /home/matsunaga-h/pickup_ws/install/yolo_msgs/include/yolo_msgs/yolo_msgs/srv/detail\n'}
[6.339332] (yolo_msgs) StdoutLine: {'line': b'-- Installing: /home/matsunaga-h/pickup_ws/install/yolo_msgs/include/yolo_msgs/yolo_msgs/srv/detail/set_classes__struct.h\n'}
[6.339371] (yolo_msgs) StdoutLine: {'line': b'-- Installing: /home/matsunaga-h/pickup_ws/install/yolo_msgs/include/yolo_msgs/yolo_msgs/srv/detail/set_classes__type_support.h\n'}
[6.339408] (yolo_msgs) StdoutLine: {'line': b'-- Installing: /home/matsunaga-h/pickup_ws/install/yolo_msgs/include/yolo_msgs/yolo_msgs/srv/detail/set_classes__functions.h\n'}
[6.339446] (yolo_msgs) StdoutLine: {'line': b'-- Installing: /home/matsunaga-h/pickup_ws/install/yolo_msgs/include/yolo_msgs/yolo_msgs/srv/detail/set_classes__functions.c\n'}
[6.339518] (yolo_msgs) StdoutLine: {'line': b'-- Installing: /home/matsunaga-h/pickup_ws/install/yolo_msgs/share/yolo_msgs/environment/library_path.sh\n'}
[6.339570] (yolo_msgs) StdoutLine: {'line': b'-- Installing: /home/matsunaga-h/pickup_ws/install/yolo_msgs/share/yolo_msgs/environment/library_path.dsv\n'}
[6.339645] (yolo_msgs) StdoutLine: {'line': b'-- Installing: /home/matsunaga-h/pickup_ws/install/yolo_msgs/lib/libyolo_msgs__rosidl_generator_c.so\n'}
[6.339828] (yolo_msgs) StdoutLine: {'line': b'-- Set runtime path of "/home/matsunaga-h/pickup_ws/install/yolo_msgs/lib/libyolo_msgs__rosidl_generator_c.so" to ""\n'}
[6.339872] (yolo_msgs) StdoutLine: {'line': b'-- Up-to-date: /home/matsunaga-h/pickup_ws/install/yolo_msgs/include/yolo_msgs/yolo_msgs\n'}
[6.339909] (yolo_msgs) StdoutLine: {'line': b'-- Up-to-date: /home/matsunaga-h/pickup_ws/install/yolo_msgs/include/yolo_msgs/yolo_msgs/msg\n'}
[6.339938] (yolo_msgs) StdoutLine: {'line': b'-- Installing: /home/matsunaga-h/pickup_ws/install/yolo_msgs/include/yolo_msgs/yolo_msgs/msg/rosidl_typesupport_fastrtps_c__visibility_control.h\n'}
[6.339981] (yolo_msgs) StdoutLine: {'line': b'-- Up-to-date: /home/matsunaga-h/pickup_ws/install/yolo_msgs/include/yolo_msgs/yolo_msgs/msg/detail\n'}
[6.340011] (yolo_msgs) StdoutLine: {'line': b'-- Installing: /home/matsunaga-h/pickup_ws/install/yolo_msgs/include/yolo_msgs/yolo_msgs/msg/detail/key_point3_d_array__rosidl_typesupport_fastrtps_c.h\n'}
[6.340049] (yolo_msgs) StdoutLine: {'line': b'-- Installing: /home/matsunaga-h/pickup_ws/install/yolo_msgs/include/yolo_msgs/yolo_msgs/msg/detail/pose2_d__rosidl_typesupport_fastrtps_c.h\n'}
[6.340093] (yolo_msgs) StdoutLine: {'line': b'-- Installing: /home/matsunaga-h/pickup_ws/install/yolo_msgs/include/yolo_msgs/yolo_msgs/msg/detail/bounding_box3_d__rosidl_typesupport_fastrtps_c.h\n'}
[6.340127] (yolo_msgs) StdoutLine: {'line': b'-- Installing: /home/matsunaga-h/pickup_ws/install/yolo_msgs/include/yolo_msgs/yolo_msgs/msg/detail/vector2__rosidl_typesupport_fastrtps_c.h\n'}
[6.340153] (yolo_msgs) StdoutLine: {'line': b'-- Installing: /home/matsunaga-h/pickup_ws/install/yolo_msgs/include/yolo_msgs/yolo_msgs/msg/detail/detection_array__rosidl_typesupport_fastrtps_c.h\n'}
[6.340196] (yolo_msgs) StdoutLine: {'line': b'-- Installing: /home/matsunaga-h/pickup_ws/install/yolo_msgs/include/yolo_msgs/yolo_msgs/msg/detail/key_point2_d_array__rosidl_typesupport_fastrtps_c.h\n'}
[6.340224] (yolo_msgs) StdoutLine: {'line': b'-- Installing: /home/matsunaga-h/pickup_ws/install/yolo_msgs/include/yolo_msgs/yolo_msgs/msg/detail/point2_d__rosidl_typesupport_fastrtps_c.h\n'}
[6.340263] (yolo_msgs) StdoutLine: {'line': b'-- Installing: /home/matsunaga-h/pickup_ws/install/yolo_msgs/include/yolo_msgs/yolo_msgs/msg/detail/key_point2_d__rosidl_typesupport_fastrtps_c.h\n'}
[6.340307] (yolo_msgs) StdoutLine: {'line': b'-- Installing: /home/matsunaga-h/pickup_ws/install/yolo_msgs/include/yolo_msgs/yolo_msgs/msg/detail/detection__rosidl_typesupport_fastrtps_c.h\n'}
[6.340334] (yolo_msgs) StdoutLine: {'line': b'-- Installing: /home/matsunaga-h/pickup_ws/install/yolo_msgs/include/yolo_msgs/yolo_msgs/msg/detail/mask__rosidl_typesupport_fastrtps_c.h\n'}
[6.340372] (yolo_msgs) StdoutLine: {'line': b'-- Installing: /home/matsunaga-h/pickup_ws/install/yolo_msgs/include/yolo_msgs/yolo_msgs/msg/detail/key_point3_d__rosidl_typesupport_fastrtps_c.h\n'}
[6.340411] (yolo_msgs) StdoutLine: {'line': b'-- Installing: /home/matsunaga-h/pickup_ws/install/yolo_msgs/include/yolo_msgs/yolo_msgs/msg/detail/bounding_box2_d__rosidl_typesupport_fastrtps_c.h\n'}
[6.340457] (yolo_msgs) StdoutLine: {'line': b'-- Up-to-date: /home/matsunaga-h/pickup_ws/install/yolo_msgs/include/yolo_msgs/yolo_msgs/srv\n'}
[6.340484] (yolo_msgs) StdoutLine: {'line': b'-- Up-to-date: /home/matsunaga-h/pickup_ws/install/yolo_msgs/include/yolo_msgs/yolo_msgs/srv/detail\n'}
[6.340509] (yolo_msgs) StdoutLine: {'line': b'-- Installing: /home/matsunaga-h/pickup_ws/install/yolo_msgs/include/yolo_msgs/yolo_msgs/srv/detail/set_classes__rosidl_typesupport_fastrtps_c.h\n'}
[6.340548] (yolo_msgs) StdoutLine: {'line': b'-- Installing: /home/matsunaga-h/pickup_ws/install/yolo_msgs/lib/libyolo_msgs__rosidl_typesupport_fastrtps_c.so\n'}
[6.340675] (yolo_msgs) StdoutLine: {'line': b'-- Set runtime path of "/home/matsunaga-h/pickup_ws/install/yolo_msgs/lib/libyolo_msgs__rosidl_typesupport_fastrtps_c.so" to ""\n'}
[6.340710] (yolo_msgs) StdoutLine: {'line': b'-- Up-to-date: /home/matsunaga-h/pickup_ws/install/yolo_msgs/include/yolo_msgs/yolo_msgs\n'}
[6.340753] (yolo_msgs) StdoutLine: {'line': b'-- Up-to-date: /home/matsunaga-h/pickup_ws/install/yolo_msgs/include/yolo_msgs/yolo_msgs/msg\n'}
[6.340781] (yolo_msgs) StdoutLine: {'line': b'-- Installing: /home/matsunaga-h/pickup_ws/install/yolo_msgs/include/yolo_msgs/yolo_msgs/msg/rosidl_typesupport_introspection_c__visibility_control.h\n'}
[6.340822] (yolo_msgs) StdoutLine: {'line': b'-- Up-to-date: /home/matsunaga-h/pickup_ws/install/yolo_msgs/include/yolo_msgs/yolo_msgs/msg/detail\n'}
[6.340856] (yolo_msgs) StdoutLine: {'line': b'-- Installing: /home/matsunaga-h/pickup_ws/install/yolo_msgs/include/yolo_msgs/yolo_msgs/msg/detail/detection_array__rosidl_typesupport_introspection_c.h\n'}
[6.340886] (yolo_msgs) StdoutLine: {'line': b'-- Installing: /home/matsunaga-h/pickup_ws/install/yolo_msgs/include/yolo_msgs/yolo_msgs/msg/detail/bounding_box2_d__type_support.c\n'}
[6.340924] (yolo_msgs) StdoutLine: {'line': b'-- Installing: /home/matsunaga-h/pickup_ws/install/yolo_msgs/include/yolo_msgs/yolo_msgs/msg/detail/key_point2_d__type_support.c\n'}
[6.340959] (yolo_msgs) StdoutLine: {'line': b'-- Installing: /home/matsunaga-h/pickup_ws/install/yolo_msgs/include/yolo_msgs/yolo_msgs/msg/detail/mask__type_support.c\n'}
[6.340996] (yolo_msgs) StdoutLine: {'line': b'-- Installing: /home/matsunaga-h/pickup_ws/install/yolo_msgs/include/yolo_msgs/yolo_msgs/msg/detail/detection_array__type_support.c\n'}
[6.341032] (yolo_msgs) StdoutLine: {'line': b'-- Installing: /home/matsunaga-h/pickup_ws/install/yolo_msgs/include/yolo_msgs/yolo_msgs/msg/detail/key_point3_d__rosidl_typesupport_introspection_c.h\n'}
[6.341069] (yolo_msgs) StdoutLine: {'line': b'-- Installing: /home/matsunaga-h/pickup_ws/install/yolo_msgs/include/yolo_msgs/yolo_msgs/msg/detail/bounding_box3_d__rosidl_typesupport_introspection_c.h\n'}
[6.341106] (yolo_msgs) StdoutLine: {'line': b'-- Installing: /home/matsunaga-h/pickup_ws/install/yolo_msgs/include/yolo_msgs/yolo_msgs/msg/detail/detection__type_support.c\n'}
[6.341146] (yolo_msgs) StdoutLine: {'line': b'-- Installing: /home/matsunaga-h/pickup_ws/install/yolo_msgs/include/yolo_msgs/yolo_msgs/msg/detail/mask__rosidl_typesupport_introspection_c.h\n'}
[6.341185] (yolo_msgs) StdoutLine: {'line': b'-- Installing: /home/matsunaga-h/pickup_ws/install/yolo_msgs/include/yolo_msgs/yolo_msgs/msg/detail/key_point2_d__rosidl_typesupport_introspection_c.h\n'}
[6.341230] (yolo_msgs) StdoutLine: {'line': b'-- Installing: /home/matsunaga-h/pickup_ws/install/yolo_msgs/include/yolo_msgs/yolo_msgs/msg/detail/key_point2_d_array__rosidl_typesupport_introspection_c.h\n'}
[6.341269] (yolo_msgs) StdoutLine: {'line': b'-- Installing: /home/matsunaga-h/pickup_ws/install/yolo_msgs/include/yolo_msgs/yolo_msgs/msg/detail/pose2_d__type_support.c\n'}
[6.341362] (yolo_msgs) StdoutLine: {'line': b'-- Installing: /home/matsunaga-h/pickup_ws/install/yolo_msgs/include/yolo_msgs/yolo_msgs/msg/detail/bounding_box2_d__rosidl_typesupport_introspection_c.h\n'}
[6.341404] (yolo_msgs) StdoutLine: {'line': b'-- Installing: /home/matsunaga-h/pickup_ws/install/yolo_msgs/include/yolo_msgs/yolo_msgs/msg/detail/point2_d__type_support.c\n'}
[6.341446] (yolo_msgs) StdoutLine: {'line': b'-- Installing: /home/matsunaga-h/pickup_ws/install/yolo_msgs/include/yolo_msgs/yolo_msgs/msg/detail/bounding_box3_d__type_support.c\n'}
[6.341499] (yolo_msgs) StdoutLine: {'line': b'-- Installing: /home/matsunaga-h/pickup_ws/install/yolo_msgs/include/yolo_msgs/yolo_msgs/msg/detail/detection__rosidl_typesupport_introspection_c.h\n'}
[6.341539] (yolo_msgs) StdoutLine: {'line': b'-- Installing: /home/matsunaga-h/pickup_ws/install/yolo_msgs/include/yolo_msgs/yolo_msgs/msg/detail/key_point3_d_array__rosidl_typesupport_introspection_c.h\n'}
[6.341577] (yolo_msgs) StdoutLine: {'line': b'-- Installing: /home/matsunaga-h/pickup_ws/install/yolo_msgs/include/yolo_msgs/yolo_msgs/msg/detail/vector2__rosidl_typesupport_introspection_c.h\n'}
[6.341616] (yolo_msgs) StdoutLine: {'line': b'-- Installing: /home/matsunaga-h/pickup_ws/install/yolo_msgs/include/yolo_msgs/yolo_msgs/msg/detail/point2_d__rosidl_typesupport_introspection_c.h\n'}
[6.341657] (yolo_msgs) StdoutLine: {'line': b'-- Installing: /home/matsunaga-h/pickup_ws/install/yolo_msgs/include/yolo_msgs/yolo_msgs/msg/detail/key_point3_d_array__type_support.c\n'}
[6.341699] (yolo_msgs) StdoutLine: {'line': b'-- Installing: /home/matsunaga-h/pickup_ws/install/yolo_msgs/include/yolo_msgs/yolo_msgs/msg/detail/pose2_d__rosidl_typesupport_introspection_c.h\n'}
[6.341739] (yolo_msgs) StdoutLine: {'line': b'-- Installing: /home/matsunaga-h/pickup_ws/install/yolo_msgs/include/yolo_msgs/yolo_msgs/msg/detail/key_point2_d_array__type_support.c\n'}
[6.341781] (yolo_msgs) StdoutLine: {'line': b'-- Installing: /home/matsunaga-h/pickup_ws/install/yolo_msgs/include/yolo_msgs/yolo_msgs/msg/detail/key_point3_d__type_support.c\n'}
[6.341828] (yolo_msgs) StdoutLine: {'line': b'-- Installing: /home/matsunaga-h/pickup_ws/install/yolo_msgs/include/yolo_msgs/yolo_msgs/msg/detail/vector2__type_support.c\n'}
[6.341872] (yolo_msgs) StdoutLine: {'line': b'-- Up-to-date: /home/matsunaga-h/pickup_ws/install/yolo_msgs/include/yolo_msgs/yolo_msgs/srv\n'}
[6.341915] (yolo_msgs) StdoutLine: {'line': b'-- Up-to-date: /home/matsunaga-h/pickup_ws/install/yolo_msgs/include/yolo_msgs/yolo_msgs/srv/detail\n'}
[6.341941] (yolo_msgs) StdoutLine: {'line': b'-- Installing: /home/matsunaga-h/pickup_ws/install/yolo_msgs/include/yolo_msgs/yolo_msgs/srv/detail/set_classes__rosidl_typesupport_introspection_c.h\n'}
[6.341979] (yolo_msgs) StdoutLine: {'line': b'-- Installing: /home/matsunaga-h/pickup_ws/install/yolo_msgs/include/yolo_msgs/yolo_msgs/srv/detail/set_classes__type_support.c\n'}
[6.342023] (yolo_msgs) StdoutLine: {'line': b'-- Installing: /home/matsunaga-h/pickup_ws/install/yolo_msgs/lib/libyolo_msgs__rosidl_typesupport_introspection_c.so\n'}
[6.342184] (yolo_msgs) StdoutLine: {'line': b'-- Set runtime path of "/home/matsunaga-h/pickup_ws/install/yolo_msgs/lib/libyolo_msgs__rosidl_typesupport_introspection_c.so" to ""\n'}
[6.342221] (yolo_msgs) StdoutLine: {'line': b'-- Installing: /home/matsunaga-h/pickup_ws/install/yolo_msgs/lib/libyolo_msgs__rosidl_typesupport_c.so\n'}
[6.342328] (yolo_msgs) StdoutLine: {'line': b'-- Set runtime path of "/home/matsunaga-h/pickup_ws/install/yolo_msgs/lib/libyolo_msgs__rosidl_typesupport_c.so" to ""\n'}
[6.342370] (yolo_msgs) StdoutLine: {'line': b'-- Up-to-date: /home/matsunaga-h/pickup_ws/install/yolo_msgs/include/yolo_msgs/yolo_msgs\n'}
[6.342398] (yolo_msgs) StdoutLine: {'line': b'-- Up-to-date: /home/matsunaga-h/pickup_ws/install/yolo_msgs/include/yolo_msgs/yolo_msgs/msg\n'}
[6.342440] (yolo_msgs) StdoutLine: {'line': b'-- Installing: /home/matsunaga-h/pickup_ws/install/yolo_msgs/include/yolo_msgs/yolo_msgs/msg/key_point3_d_array.hpp\n'}
[6.342475] (yolo_msgs) StdoutLine: {'line': b'-- Installing: /home/matsunaga-h/pickup_ws/install/yolo_msgs/include/yolo_msgs/yolo_msgs/msg/key_point2_d.hpp\n'}
[6.342501] (yolo_msgs) StdoutLine: {'line': b'-- Installing: /home/matsunaga-h/pickup_ws/install/yolo_msgs/include/yolo_msgs/yolo_msgs/msg/key_point3_d.hpp\n'}
[6.342543] (yolo_msgs) StdoutLine: {'line': b'-- Installing: /home/matsunaga-h/pickup_ws/install/yolo_msgs/include/yolo_msgs/yolo_msgs/msg/key_point2_d_array.hpp\n'}
[6.342576] (yolo_msgs) StdoutLine: {'line': b'-- Installing: /home/matsunaga-h/pickup_ws/install/yolo_msgs/include/yolo_msgs/yolo_msgs/msg/detection_array.hpp\n'}
[6.342602] (yolo_msgs) StdoutLine: {'line': b'-- Installing: /home/matsunaga-h/pickup_ws/install/yolo_msgs/include/yolo_msgs/yolo_msgs/msg/bounding_box3_d.hpp\n'}
[6.342638] (yolo_msgs) StdoutLine: {'line': b'-- Installing: /home/matsunaga-h/pickup_ws/install/yolo_msgs/include/yolo_msgs/yolo_msgs/msg/rosidl_generator_cpp__visibility_control.hpp\n'}
[6.342681] (yolo_msgs) StdoutLine: {'line': b'-- Installing: /home/matsunaga-h/pickup_ws/install/yolo_msgs/include/yolo_msgs/yolo_msgs/msg/pose2_d.hpp\n'}
[6.342708] (yolo_msgs) StdoutLine: {'line': b'-- Installing: /home/matsunaga-h/pickup_ws/install/yolo_msgs/include/yolo_msgs/yolo_msgs/msg/detection.hpp\n'}
[6.342745] (yolo_msgs) StdoutLine: {'line': b'-- Installing: /home/matsunaga-h/pickup_ws/install/yolo_msgs/include/yolo_msgs/yolo_msgs/msg/point2_d.hpp\n'}
[6.342788] (yolo_msgs) StdoutLine: {'line': b'-- Up-to-date: /home/matsunaga-h/pickup_ws/install/yolo_msgs/include/yolo_msgs/yolo_msgs/msg/detail\n'}
[6.342817] (yolo_msgs) StdoutLine: {'line': b'-- Installing: /home/matsunaga-h/pickup_ws/install/yolo_msgs/include/yolo_msgs/yolo_msgs/msg/detail/point2_d__builder.hpp\n'}
[6.342854] (yolo_msgs) StdoutLine: {'line': b'-- Installing: /home/matsunaga-h/pickup_ws/install/yolo_msgs/include/yolo_msgs/yolo_msgs/msg/detail/key_point3_d_array__traits.hpp\n'}
[6.342903] (yolo_msgs) StdoutLine: {'line': b'-- Installing: /home/matsunaga-h/pickup_ws/install/yolo_msgs/include/yolo_msgs/yolo_msgs/msg/detail/vector2__traits.hpp\n'}
[6.342942] (yolo_msgs) StdoutLine: {'line': b'-- Installing: /home/matsunaga-h/pickup_ws/install/yolo_msgs/include/yolo_msgs/yolo_msgs/msg/detail/pose2_d__builder.hpp\n'}
[6.342981] (yolo_msgs) StdoutLine: {'line': b'-- Installing: /home/matsunaga-h/pickup_ws/install/yolo_msgs/include/yolo_msgs/yolo_msgs/msg/detail/key_point3_d_array__struct.hpp\n'}
[6.343020] (yolo_msgs) StdoutLine: {'line': b'-- Installing: /home/matsunaga-h/pickup_ws/install/yolo_msgs/include/yolo_msgs/yolo_msgs/msg/detail/key_point3_d__builder.hpp\n'}
[6.343059] (yolo_msgs) StdoutLine: {'line': b'-- Installing: /home/matsunaga-h/pickup_ws/install/yolo_msgs/include/yolo_msgs/yolo_msgs/msg/detail/detection_array__builder.hpp\n'}
[6.343096] (yolo_msgs) StdoutLine: {'line': b'-- Installing: /home/matsunaga-h/pickup_ws/install/yolo_msgs/include/yolo_msgs/yolo_msgs/msg/detail/key_point3_d_array__type_support.hpp\n'}
[6.343133] (yolo_msgs) StdoutLine: {'line': b'-- Installing: /home/matsunaga-h/pickup_ws/install/yolo_msgs/include/yolo_msgs/yolo_msgs/msg/detail/bounding_box3_d__traits.hpp\n'}
[6.343168] (yolo_msgs) StdoutLine: {'line': b'-- Installing: /home/matsunaga-h/pickup_ws/install/yolo_msgs/include/yolo_msgs/yolo_msgs/msg/detail/vector2__struct.hpp\n'}
[6.343210] (yolo_msgs) StdoutLine: {'line': b'-- Installing: /home/matsunaga-h/pickup_ws/install/yolo_msgs/include/yolo_msgs/yolo_msgs/msg/detail/key_point2_d__struct.hpp\n'}
[6.343253] (yolo_msgs) StdoutLine: {'line': b'-- Installing: /home/matsunaga-h/pickup_ws/install/yolo_msgs/include/yolo_msgs/yolo_msgs/msg/detail/bounding_box2_d__struct.hpp\n'}
[6.343299] (yolo_msgs) StdoutLine: {'line': b'-- Installing: /home/matsunaga-h/pickup_ws/install/yolo_msgs/include/yolo_msgs/yolo_msgs/msg/detail/detection_array__traits.hpp\n'}
[6.343340] (yolo_msgs) StdoutLine: {'line': b'-- Installing: /home/matsunaga-h/pickup_ws/install/yolo_msgs/include/yolo_msgs/yolo_msgs/msg/detail/key_point3_d__type_support.hpp\n'}
[6.343382] (yolo_msgs) StdoutLine: {'line': b'-- Installing: /home/matsunaga-h/pickup_ws/install/yolo_msgs/include/yolo_msgs/yolo_msgs/msg/detail/bounding_box3_d__builder.hpp\n'}
[6.343425] (yolo_msgs) StdoutLine: {'line': b'-- Installing: /home/matsunaga-h/pickup_ws/install/yolo_msgs/include/yolo_msgs/yolo_msgs/msg/detail/key_point3_d_array__builder.hpp\n'}
[6.343466] (yolo_msgs) StdoutLine: {'line': b'-- Installing: /home/matsunaga-h/pickup_ws/install/yolo_msgs/include/yolo_msgs/yolo_msgs/msg/detail/pose2_d__struct.hpp\n'}
[6.343511] (yolo_msgs) StdoutLine: {'line': b'-- Installing: /home/matsunaga-h/pickup_ws/install/yolo_msgs/include/yolo_msgs/yolo_msgs/msg/detail/key_point2_d_array__type_support.hpp\n'}
[6.343580] (yolo_msgs) StdoutLine: {'line': b'-- Installing: /home/matsunaga-h/pickup_ws/install/yolo_msgs/include/yolo_msgs/yolo_msgs/msg/detail/key_point2_d__type_support.hpp\n'}
[6.343628] (yolo_msgs) StdoutLine: {'line': b'-- Installing: /home/matsunaga-h/pickup_ws/install/yolo_msgs/include/yolo_msgs/yolo_msgs/msg/detail/mask__type_support.hpp\n'}
[6.343664] (yolo_msgs) StdoutLine: {'line': b'-- Installing: /home/matsunaga-h/pickup_ws/install/yolo_msgs/include/yolo_msgs/yolo_msgs/msg/detail/bounding_box2_d__traits.hpp\n'}
[6.343701] (yolo_msgs) StdoutLine: {'line': b'-- Installing: /home/matsunaga-h/pickup_ws/install/yolo_msgs/include/yolo_msgs/yolo_msgs/msg/detail/detection__traits.hpp\n'}
[6.343743] (yolo_msgs) StdoutLine: {'line': b'-- Installing: /home/matsunaga-h/pickup_ws/install/yolo_msgs/include/yolo_msgs/yolo_msgs/msg/detail/detection__type_support.hpp\n'}
[6.343783] (yolo_msgs) StdoutLine: {'line': b'-- Installing: /home/matsunaga-h/pickup_ws/install/yolo_msgs/include/yolo_msgs/yolo_msgs/msg/detail/key_point2_d_array__struct.hpp\n'}
[6.343825] (yolo_msgs) StdoutLine: {'line': b'-- Installing: /home/matsunaga-h/pickup_ws/install/yolo_msgs/include/yolo_msgs/yolo_msgs/msg/detail/mask__traits.hpp\n'}
[6.343865] (yolo_msgs) StdoutLine: {'line': b'-- Installing: /home/matsunaga-h/pickup_ws/install/yolo_msgs/include/yolo_msgs/yolo_msgs/msg/detail/detection_array__struct.hpp\n'}
[6.343913] (yolo_msgs) StdoutLine: {'line': b'-- Installing: /home/matsunaga-h/pickup_ws/install/yolo_msgs/include/yolo_msgs/yolo_msgs/msg/detail/mask__builder.hpp\n'}
[6.343954] (yolo_msgs) StdoutLine: {'line': b'-- Installing: /home/matsunaga-h/pickup_ws/install/yolo_msgs/include/yolo_msgs/yolo_msgs/msg/detail/detection__builder.hpp\n'}
[6.343994] (yolo_msgs) StdoutLine: {'line': b'-- Installing: /home/matsunaga-h/pickup_ws/install/yolo_msgs/include/yolo_msgs/yolo_msgs/msg/detail/key_point3_d__struct.hpp\n'}
[6.344036] (yolo_msgs) StdoutLine: {'line': b'-- Installing: /home/matsunaga-h/pickup_ws/install/yolo_msgs/include/yolo_msgs/yolo_msgs/msg/detail/key_point2_d__builder.hpp\n'}
[6.344076] (yolo_msgs) StdoutLine: {'line': b'-- Installing: /home/matsunaga-h/pickup_ws/install/yolo_msgs/include/yolo_msgs/yolo_msgs/msg/detail/detection_array__type_support.hpp\n'}
[6.344115] (yolo_msgs) StdoutLine: {'line': b'-- Installing: /home/matsunaga-h/pickup_ws/install/yolo_msgs/include/yolo_msgs/yolo_msgs/msg/detail/mask__struct.hpp\n'}
[6.344156] (yolo_msgs) StdoutLine: {'line': b'-- Installing: /home/matsunaga-h/pickup_ws/install/yolo_msgs/include/yolo_msgs/yolo_msgs/msg/detail/vector2__builder.hpp\n'}
[6.344198] (yolo_msgs) StdoutLine: {'line': b'-- Installing: /home/matsunaga-h/pickup_ws/install/yolo_msgs/include/yolo_msgs/yolo_msgs/msg/detail/bounding_box3_d__struct.hpp\n'}
[6.344239] (yolo_msgs) StdoutLine: {'line': b'-- Installing: /home/matsunaga-h/pickup_ws/install/yolo_msgs/include/yolo_msgs/yolo_msgs/msg/detail/key_point3_d__traits.hpp\n'}
[6.344280] (yolo_msgs) StdoutLine: {'line': b'-- Installing: /home/matsunaga-h/pickup_ws/install/yolo_msgs/include/yolo_msgs/yolo_msgs/msg/detail/key_point2_d_array__traits.hpp\n'}
[6.344320] (yolo_msgs) StdoutLine: {'line': b'-- Installing: /home/matsunaga-h/pickup_ws/install/yolo_msgs/include/yolo_msgs/yolo_msgs/msg/detail/detection__struct.hpp\n'}
[6.344363] (yolo_msgs) StdoutLine: {'line': b'-- Installing: /home/matsunaga-h/pickup_ws/install/yolo_msgs/include/yolo_msgs/yolo_msgs/msg/detail/pose2_d__type_support.hpp\n'}
[6.344404] (yolo_msgs) StdoutLine: {'line': b'-- Installing: /home/matsunaga-h/pickup_ws/install/yolo_msgs/include/yolo_msgs/yolo_msgs/msg/detail/point2_d__struct.hpp\n'}
[6.344449] (yolo_msgs) StdoutLine: {'line': b'-- Installing: /home/matsunaga-h/pickup_ws/install/yolo_msgs/include/yolo_msgs/yolo_msgs/msg/detail/bounding_box2_d__type_support.hpp\n'}
[6.344490] (yolo_msgs) StdoutLine: {'line': b'-- Installing: /home/matsunaga-h/pickup_ws/install/yolo_msgs/include/yolo_msgs/yolo_msgs/msg/detail/bounding_box3_d__type_support.hpp\n'}
[6.344531] (yolo_msgs) StdoutLine: {'line': b'-- Installing: /home/matsunaga-h/pickup_ws/install/yolo_msgs/include/yolo_msgs/yolo_msgs/msg/detail/point2_d__traits.hpp\n'}
[6.344571] (yolo_msgs) StdoutLine: {'line': b'-- Installing: /home/matsunaga-h/pickup_ws/install/yolo_msgs/include/yolo_msgs/yolo_msgs/msg/detail/vector2__type_support.hpp\n'}
[6.344611] (yolo_msgs) StdoutLine: {'line': b'-- Installing: /home/matsunaga-h/pickup_ws/install/yolo_msgs/include/yolo_msgs/yolo_msgs/msg/detail/pose2_d__traits.hpp\n'}
[6.344652] (yolo_msgs) StdoutLine: {'line': b'-- Installing: /home/matsunaga-h/pickup_ws/install/yolo_msgs/include/yolo_msgs/yolo_msgs/msg/detail/bounding_box2_d__builder.hpp\n'}
[6.344743] (yolo_msgs) StdoutLine: {'line': b'-- Installing: /home/matsunaga-h/pickup_ws/install/yolo_msgs/include/yolo_msgs/yolo_msgs/msg/detail/key_point2_d_array__builder.hpp\n'}
[6.344770] (yolo_msgs) StdoutLine: {'line': b'-- Installing: /home/matsunaga-h/pickup_ws/install/yolo_msgs/include/yolo_msgs/yolo_msgs/msg/detail/point2_d__type_support.hpp\n'}
[6.344808] (yolo_msgs) StdoutLine: {'line': b'-- Installing: /home/matsunaga-h/pickup_ws/install/yolo_msgs/include/yolo_msgs/yolo_msgs/msg/detail/key_point2_d__traits.hpp\n'}
[6.344847] (yolo_msgs) StdoutLine: {'line': b'-- Installing: /home/matsunaga-h/pickup_ws/install/yolo_msgs/include/yolo_msgs/yolo_msgs/msg/vector2.hpp\n'}
[6.344889] (yolo_msgs) StdoutLine: {'line': b'-- Installing: /home/matsunaga-h/pickup_ws/install/yolo_msgs/include/yolo_msgs/yolo_msgs/msg/mask.hpp\n'}
[6.344931] (yolo_msgs) StdoutLine: {'line': b'-- Installing: /home/matsunaga-h/pickup_ws/install/yolo_msgs/include/yolo_msgs/yolo_msgs/msg/bounding_box2_d.hpp\n'}
[6.344961] (yolo_msgs) StdoutLine: {'line': b'-- Up-to-date: /home/matsunaga-h/pickup_ws/install/yolo_msgs/include/yolo_msgs/yolo_msgs/srv\n'}
[6.345004] (yolo_msgs) StdoutLine: {'line': b'-- Installing: /home/matsunaga-h/pickup_ws/install/yolo_msgs/include/yolo_msgs/yolo_msgs/srv/set_classes.hpp\n'}
[6.345030] (yolo_msgs) StdoutLine: {'line': b'-- Up-to-date: /home/matsunaga-h/pickup_ws/install/yolo_msgs/include/yolo_msgs/yolo_msgs/srv/detail\n'}
[6.345057] (yolo_msgs) StdoutLine: {'line': b'-- Installing: /home/matsunaga-h/pickup_ws/install/yolo_msgs/include/yolo_msgs/yolo_msgs/srv/detail/set_classes__traits.hpp\n'}
[6.345098] (yolo_msgs) StdoutLine: {'line': b'-- Installing: /home/matsunaga-h/pickup_ws/install/yolo_msgs/include/yolo_msgs/yolo_msgs/srv/detail/set_classes__struct.hpp\n'}
[6.345126] (yolo_msgs) StdoutLine: {'line': b'-- Installing: /home/matsunaga-h/pickup_ws/install/yolo_msgs/include/yolo_msgs/yolo_msgs/srv/detail/set_classes__type_support.hpp\n'}
[6.345162] (yolo_msgs) StdoutLine: {'line': b'-- Installing: /home/matsunaga-h/pickup_ws/install/yolo_msgs/include/yolo_msgs/yolo_msgs/srv/detail/set_classes__builder.hpp\n'}
[6.345204] (yolo_msgs) StdoutLine: {'line': b'-- Up-to-date: /home/matsunaga-h/pickup_ws/install/yolo_msgs/include/yolo_msgs/yolo_msgs\n'}
[6.345231] (yolo_msgs) StdoutLine: {'line': b'-- Up-to-date: /home/matsunaga-h/pickup_ws/install/yolo_msgs/include/yolo_msgs/yolo_msgs/msg\n'}
[6.345257] (yolo_msgs) StdoutLine: {'line': b'-- Installing: /home/matsunaga-h/pickup_ws/install/yolo_msgs/include/yolo_msgs/yolo_msgs/msg/rosidl_typesupport_fastrtps_cpp__visibility_control.h\n'}
[6.345302] (yolo_msgs) StdoutLine: {'line': b'-- Up-to-date: /home/matsunaga-h/pickup_ws/install/yolo_msgs/include/yolo_msgs/yolo_msgs/msg/detail\n'}
[6.345328] (yolo_msgs) StdoutLine: {'line': b'-- Installing: /home/matsunaga-h/pickup_ws/install/yolo_msgs/include/yolo_msgs/yolo_msgs/msg/detail/pose2_d__rosidl_typesupport_fastrtps_cpp.hpp\n'}
[6.345355] (yolo_msgs) StdoutLine: {'line': b'-- Installing: /home/matsunaga-h/pickup_ws/install/yolo_msgs/include/yolo_msgs/yolo_msgs/msg/detail/vector2__rosidl_typesupport_fastrtps_cpp.hpp\n'}
[6.345396] (yolo_msgs) StdoutLine: {'line': b'-- Installing: /home/matsunaga-h/pickup_ws/install/yolo_msgs/include/yolo_msgs/yolo_msgs/msg/detail/key_point3_d__rosidl_typesupport_fastrtps_cpp.hpp\n'}
[6.345423] (yolo_msgs) StdoutLine: {'line': b'-- Installing: /home/matsunaga-h/pickup_ws/install/yolo_msgs/include/yolo_msgs/yolo_msgs/msg/detail/key_point2_d_array__rosidl_typesupport_fastrtps_cpp.hpp\n'}
[6.345460] (yolo_msgs) StdoutLine: {'line': b'-- Installing: /home/matsunaga-h/pickup_ws/install/yolo_msgs/include/yolo_msgs/yolo_msgs/msg/detail/dds_fastrtps\n'}
[6.345497] (yolo_msgs) StdoutLine: {'line': b'-- Installing: /home/matsunaga-h/pickup_ws/install/yolo_msgs/include/yolo_msgs/yolo_msgs/msg/detail/key_point2_d__rosidl_typesupport_fastrtps_cpp.hpp\n'}
[6.345536] (yolo_msgs) StdoutLine: {'line': b'-- Installing: /home/matsunaga-h/pickup_ws/install/yolo_msgs/include/yolo_msgs/yolo_msgs/msg/detail/mask__rosidl_typesupport_fastrtps_cpp.hpp\n'}
[6.345575] (yolo_msgs) StdoutLine: {'line': b'-- Installing: /home/matsunaga-h/pickup_ws/install/yolo_msgs/include/yolo_msgs/yolo_msgs/msg/detail/bounding_box2_d__rosidl_typesupport_fastrtps_cpp.hpp\n'}
[6.345614] (yolo_msgs) StdoutLine: {'line': b'-- Installing: /home/matsunaga-h/pickup_ws/install/yolo_msgs/include/yolo_msgs/yolo_msgs/msg/detail/detection__rosidl_typesupport_fastrtps_cpp.hpp\n'}
[6.345652] (yolo_msgs) StdoutLine: {'line': b'-- Installing: /home/matsunaga-h/pickup_ws/install/yolo_msgs/include/yolo_msgs/yolo_msgs/msg/detail/key_point3_d_array__rosidl_typesupport_fastrtps_cpp.hpp\n'}
[6.345691] (yolo_msgs) StdoutLine: {'line': b'-- Installing: /home/matsunaga-h/pickup_ws/install/yolo_msgs/include/yolo_msgs/yolo_msgs/msg/detail/point2_d__rosidl_typesupport_fastrtps_cpp.hpp\n'}
[6.345724] (yolo_msgs) StdoutLine: {'line': b'-- Installing: /home/matsunaga-h/pickup_ws/install/yolo_msgs/include/yolo_msgs/yolo_msgs/msg/detail/detection_array__rosidl_typesupport_fastrtps_cpp.hpp\n'}
[6.345760] (yolo_msgs) StdoutLine: {'line': b'-- Installing: /home/matsunaga-h/pickup_ws/install/yolo_msgs/include/yolo_msgs/yolo_msgs/msg/detail/bounding_box3_d__rosidl_typesupport_fastrtps_cpp.hpp\n'}
[6.345799] (yolo_msgs) StdoutLine: {'line': b'-- Up-to-date: /home/matsunaga-h/pickup_ws/install/yolo_msgs/include/yolo_msgs/yolo_msgs/srv\n'}
[6.345842] (yolo_msgs) StdoutLine: {'line': b'-- Up-to-date: /home/matsunaga-h/pickup_ws/install/yolo_msgs/include/yolo_msgs/yolo_msgs/srv/detail\n'}
[6.345874] (yolo_msgs) StdoutLine: {'line': b'-- Installing: /home/matsunaga-h/pickup_ws/install/yolo_msgs/include/yolo_msgs/yolo_msgs/srv/detail/set_classes__rosidl_typesupport_fastrtps_cpp.hpp\n'}
[6.345915] (yolo_msgs) StdoutLine: {'line': b'-- Installing: /home/matsunaga-h/pickup_ws/install/yolo_msgs/include/yolo_msgs/yolo_msgs/srv/detail/dds_fastrtps\n'}
[6.345956] (yolo_msgs) StdoutLine: {'line': b'-- Installing: /home/matsunaga-h/pickup_ws/install/yolo_msgs/lib/libyolo_msgs__rosidl_typesupport_fastrtps_cpp.so\n'}
[6.346199] (yolo_msgs) StdoutLine: {'line': b'-- Set runtime path of "/home/matsunaga-h/pickup_ws/install/yolo_msgs/lib/libyolo_msgs__rosidl_typesupport_fastrtps_cpp.so" to ""\n'}
[6.346243] (yolo_msgs) StdoutLine: {'line': b'-- Up-to-date: /home/matsunaga-h/pickup_ws/install/yolo_msgs/include/yolo_msgs/yolo_msgs\n'}
[6.346291] (yolo_msgs) StdoutLine: {'line': b'-- Up-to-date: /home/matsunaga-h/pickup_ws/install/yolo_msgs/include/yolo_msgs/yolo_msgs/msg\n'}
[6.346318] (yolo_msgs) StdoutLine: {'line': b'-- Up-to-date: /home/matsunaga-h/pickup_ws/install/yolo_msgs/include/yolo_msgs/yolo_msgs/msg/detail\n'}
[6.346345] (yolo_msgs) StdoutLine: {'line': b'-- Installing: /home/matsunaga-h/pickup_ws/install/yolo_msgs/include/yolo_msgs/yolo_msgs/msg/detail/detection__rosidl_typesupport_introspection_cpp.hpp\n'}
[6.346385] (yolo_msgs) StdoutLine: {'line': b'-- Installing: /home/matsunaga-h/pickup_ws/install/yolo_msgs/include/yolo_msgs/yolo_msgs/msg/detail/pose2_d__rosidl_typesupport_introspection_cpp.hpp\n'}
[6.346434] (yolo_msgs) StdoutLine: {'line': b'-- Installing: /home/matsunaga-h/pickup_ws/install/yolo_msgs/include/yolo_msgs/yolo_msgs/msg/detail/mask__rosidl_typesupport_introspection_cpp.hpp\n'}
[6.346462] (yolo_msgs) StdoutLine: {'line': b'-- Installing: /home/matsunaga-h/pickup_ws/install/yolo_msgs/include/yolo_msgs/yolo_msgs/msg/detail/bounding_box3_d__rosidl_typesupport_introspection_cpp.hpp\n'}
[6.346489] (yolo_msgs) StdoutLine: {'line': b'-- Installing: /home/matsunaga-h/pickup_ws/install/yolo_msgs/include/yolo_msgs/yolo_msgs/msg/detail/point2_d__type_support.cpp\n'}
[6.346531] (yolo_msgs) StdoutLine: {'line': b'-- Installing: /home/matsunaga-h/pickup_ws/install/yolo_msgs/include/yolo_msgs/yolo_msgs/msg/detail/detection_array__rosidl_typesupport_introspection_cpp.hpp\n'}
[6.346559] (yolo_msgs) StdoutLine: {'line': b'-- Installing: /home/matsunaga-h/pickup_ws/install/yolo_msgs/include/yolo_msgs/yolo_msgs/msg/detail/vector2__rosidl_typesupport_introspection_cpp.hpp\n'}
[6.346597] (yolo_msgs) StdoutLine: {'line': b'-- Installing: /home/matsunaga-h/pickup_ws/install/yolo_msgs/include/yolo_msgs/yolo_msgs/msg/detail/vector2__type_support.cpp\n'}
[6.346635] (yolo_msgs) StdoutLine: {'line': b'-- Installing: /home/matsunaga-h/pickup_ws/install/yolo_msgs/include/yolo_msgs/yolo_msgs/msg/detail/key_point2_d__rosidl_typesupport_introspection_cpp.hpp\n'}
[6.346674] (yolo_msgs) StdoutLine: {'line': b'-- Installing: /home/matsunaga-h/pickup_ws/install/yolo_msgs/include/yolo_msgs/yolo_msgs/msg/detail/bounding_box2_d__type_support.cpp\n'}
[6.346746] (yolo_msgs) StdoutLine: {'line': b'-- Installing: /home/matsunaga-h/pickup_ws/install/yolo_msgs/include/yolo_msgs/yolo_msgs/msg/detail/detection_array__type_support.cpp\n'}
[6.346774] (yolo_msgs) StdoutLine: {'line': b'-- Installing: /home/matsunaga-h/pickup_ws/install/yolo_msgs/include/yolo_msgs/yolo_msgs/msg/detail/key_point2_d_array__rosidl_typesupport_introspection_cpp.hpp\n'}
[6.346817] (yolo_msgs) StdoutLine: {'line': b'-- Installing: /home/matsunaga-h/pickup_ws/install/yolo_msgs/include/yolo_msgs/yolo_msgs/msg/detail/point2_d__rosidl_typesupport_introspection_cpp.hpp\n'}
[6.346857] (yolo_msgs) StdoutLine: {'line': b'-- Installing: /home/matsunaga-h/pickup_ws/install/yolo_msgs/include/yolo_msgs/yolo_msgs/msg/detail/pose2_d__type_support.cpp\n'}
[6.346904] (yolo_msgs) StdoutLine: {'line': b'-- Installing: /home/matsunaga-h/pickup_ws/install/yolo_msgs/include/yolo_msgs/yolo_msgs/msg/detail/key_point3_d__type_support.cpp\n'}
[6.346943] (yolo_msgs) StdoutLine: {'line': b'-- Installing: /home/matsunaga-h/pickup_ws/install/yolo_msgs/include/yolo_msgs/yolo_msgs/msg/detail/bounding_box2_d__rosidl_typesupport_introspection_cpp.hpp\n'}
[6.346980] (yolo_msgs) StdoutLine: {'line': b'-- Installing: /home/matsunaga-h/pickup_ws/install/yolo_msgs/include/yolo_msgs/yolo_msgs/msg/detail/mask__type_support.cpp\n'}
[6.347018] (yolo_msgs) StdoutLine: {'line': b'-- Installing: /home/matsunaga-h/pickup_ws/install/yolo_msgs/include/yolo_msgs/yolo_msgs/msg/detail/detection__type_support.cpp\n'}
[6.347055] (yolo_msgs) StdoutLine: {'line': b'-- Installing: /home/matsunaga-h/pickup_ws/install/yolo_msgs/include/yolo_msgs/yolo_msgs/msg/detail/key_point3_d_array__rosidl_typesupport_introspection_cpp.hpp\n'}
[6.347100] (yolo_msgs) StdoutLine: {'line': b'-- Installing: /home/matsunaga-h/pickup_ws/install/yolo_msgs/include/yolo_msgs/yolo_msgs/msg/detail/key_point3_d_array__type_support.cpp\n'}
[6.347160] (yolo_msgs) StdoutLine: {'line': b'-- Installing: /home/matsunaga-h/pickup_ws/install/yolo_msgs/include/yolo_msgs/yolo_msgs/msg/detail/key_point3_d__rosidl_typesupport_introspection_cpp.hpp\n'}
[6.347214] (yolo_msgs) StdoutLine: {'line': b'-- Installing: /home/matsunaga-h/pickup_ws/install/yolo_msgs/include/yolo_msgs/yolo_msgs/msg/detail/bounding_box3_d__type_support.cpp\n'}
[6.347254] (yolo_msgs) StdoutLine: {'line': b'-- Installing: /home/matsunaga-h/pickup_ws/install/yolo_msgs/include/yolo_msgs/yolo_msgs/msg/detail/key_point2_d__type_support.cpp\n'}
[6.347289] (yolo_msgs) StdoutLine: {'line': b'-- Installing: /home/matsunaga-h/pickup_ws/install/yolo_msgs/include/yolo_msgs/yolo_msgs/msg/detail/key_point2_d_array__type_support.cpp\n'}
[6.347329] (yolo_msgs) StdoutLine: {'line': b'-- Up-to-date: /home/matsunaga-h/pickup_ws/install/yolo_msgs/include/yolo_msgs/yolo_msgs/srv\n'}
[6.347370] (yolo_msgs) StdoutLine: {'line': b'-- Up-to-date: /home/matsunaga-h/pickup_ws/install/yolo_msgs/include/yolo_msgs/yolo_msgs/srv/detail\n'}
[6.347396] (yolo_msgs) StdoutLine: {'line': b'-- Installing: /home/matsunaga-h/pickup_ws/install/yolo_msgs/include/yolo_msgs/yolo_msgs/srv/detail/set_classes__type_support.cpp\n'}
[6.347434] (yolo_msgs) StdoutLine: {'line': b'-- Installing: /home/matsunaga-h/pickup_ws/install/yolo_msgs/include/yolo_msgs/yolo_msgs/srv/detail/set_classes__rosidl_typesupport_introspection_cpp.hpp\n'}
[6.347470] (yolo_msgs) StdoutLine: {'line': b'-- Installing: /home/matsunaga-h/pickup_ws/install/yolo_msgs/lib/libyolo_msgs__rosidl_typesupport_introspection_cpp.so\n'}
[6.347782] (yolo_msgs) StdoutLine: {'line': b'-- Set runtime path of "/home/matsunaga-h/pickup_ws/install/yolo_msgs/lib/libyolo_msgs__rosidl_typesupport_introspection_cpp.so" to ""\n'}
[6.347843] (yolo_msgs) StdoutLine: {'line': b'-- Installing: /home/matsunaga-h/pickup_ws/install/yolo_msgs/lib/libyolo_msgs__rosidl_typesupport_cpp.so\n'}
[6.347901] (yolo_msgs) StdoutLine: {'line': b'-- Set runtime path of "/home/matsunaga-h/pickup_ws/install/yolo_msgs/lib/libyolo_msgs__rosidl_typesupport_cpp.so" to ""\n'}
[6.347940] (yolo_msgs) StdoutLine: {'line': b'-- Installing: /home/matsunaga-h/pickup_ws/install/yolo_msgs/share/yolo_msgs/environment/pythonpath.sh\n'}
[6.347989] (yolo_msgs) StdoutLine: {'line': b'-- Installing: /home/matsunaga-h/pickup_ws/install/yolo_msgs/share/yolo_msgs/environment/pythonpath.dsv\n'}
[6.348046] (yolo_msgs) StdoutLine: {'line': b'-- Installing: /home/matsunaga-h/pickup_ws/install/yolo_msgs/local/lib/python3.10/dist-packages/yolo_msgs-4.2.0-py3.10.egg-info\n'}
[6.348120] (yolo_msgs) StdoutLine: {'line': b'-- Installing: /home/matsunaga-h/pickup_ws/install/yolo_msgs/local/lib/python3.10/dist-packages/yolo_msgs-4.2.0-py3.10.egg-info/PKG-INFO\n'}
[6.348155] (yolo_msgs) StdoutLine: {'line': b'-- Installing: /home/matsunaga-h/pickup_ws/install/yolo_msgs/local/lib/python3.10/dist-packages/yolo_msgs-4.2.0-py3.10.egg-info/SOURCES.txt\n'}
[6.348191] (yolo_msgs) StdoutLine: {'line': b'-- Installing: /home/matsunaga-h/pickup_ws/install/yolo_msgs/local/lib/python3.10/dist-packages/yolo_msgs-4.2.0-py3.10.egg-info/top_level.txt\n'}
[6.348229] (yolo_msgs) StdoutLine: {'line': b'-- Installing: /home/matsunaga-h/pickup_ws/install/yolo_msgs/local/lib/python3.10/dist-packages/yolo_msgs-4.2.0-py3.10.egg-info/dependency_links.txt\n'}
[6.348287] (yolo_msgs) StdoutLine: {'line': b'-- Installing: /home/matsunaga-h/pickup_ws/install/yolo_msgs/local/lib/python3.10/dist-packages/yolo_msgs\n'}
[6.348324] (yolo_msgs) StdoutLine: {'line': b'-- Installing: /home/matsunaga-h/pickup_ws/install/yolo_msgs/local/lib/python3.10/dist-packages/yolo_msgs/_yolo_msgs_s.ep.rosidl_typesupport_c.c\n'}
[6.348393] (yolo_msgs) StdoutLine: {'line': b'-- Installing: /home/matsunaga-h/pickup_ws/install/yolo_msgs/local/lib/python3.10/dist-packages/yolo_msgs/_yolo_msgs_s.ep.rosidl_typesupport_fastrtps_c.c\n'}
[6.348462] (yolo_msgs) StdoutLine: {'line': b'-- Installing: /home/matsunaga-h/pickup_ws/install/yolo_msgs/local/lib/python3.10/dist-packages/yolo_msgs/yolo_msgs_s__rosidl_typesupport_fastrtps_c.cpython-310-x86_64-linux-gnu.so\n'}
[6.348536] (yolo_msgs) StdoutLine: {'line': b'-- Installing: /home/matsunaga-h/pickup_ws/install/yolo_msgs/local/lib/python3.10/dist-packages/yolo_msgs/yolo_msgs_s__rosidl_typesupport_c.cpython-310-x86_64-linux-gnu.so\n'}
[6.348589] (yolo_msgs) StdoutLine: {'line': b'-- Installing: /home/matsunaga-h/pickup_ws/install/yolo_msgs/local/lib/python3.10/dist-packages/yolo_msgs/libyolo_msgs__rosidl_generator_py.so\n'}
[6.348669] (yolo_msgs) StdoutLine: {'line': b'-- Installing: /home/matsunaga-h/pickup_ws/install/yolo_msgs/local/lib/python3.10/dist-packages/yolo_msgs/_yolo_msgs_s.ep.rosidl_typesupport_introspection_c.c\n'}
[6.348737] (yolo_msgs) StdoutLine: {'line': b'-- Installing: /home/matsunaga-h/pickup_ws/install/yolo_msgs/local/lib/python3.10/dist-packages/yolo_msgs/yolo_msgs_s__rosidl_typesupport_introspection_c.cpython-310-x86_64-linux-gnu.so\n'}
[6.348796] (yolo_msgs) StdoutLine: {'line': b'-- Installing: /home/matsunaga-h/pickup_ws/install/yolo_msgs/local/lib/python3.10/dist-packages/yolo_msgs/__init__.py\n'}
[6.348839] (yolo_msgs) StdoutLine: {'line': b'-- Installing: /home/matsunaga-h/pickup_ws/install/yolo_msgs/local/lib/python3.10/dist-packages/yolo_msgs/msg\n'}
[6.348881] (yolo_msgs) StdoutLine: {'line': b'-- Installing: /home/matsunaga-h/pickup_ws/install/yolo_msgs/local/lib/python3.10/dist-packages/yolo_msgs/msg/_bounding_box2_d.py\n'}
[6.348921] (yolo_msgs) StdoutLine: {'line': b'-- Installing: /home/matsunaga-h/pickup_ws/install/yolo_msgs/local/lib/python3.10/dist-packages/yolo_msgs/msg/_key_point3_d_array.py\n'}
[6.348959] (yolo_msgs) StdoutLine: {'line': b'-- Installing: /home/matsunaga-h/pickup_ws/install/yolo_msgs/local/lib/python3.10/dist-packages/yolo_msgs/msg/_key_point3_d_s.c\n'}
[6.348997] (yolo_msgs) StdoutLine: {'line': b'-- Installing: /home/matsunaga-h/pickup_ws/install/yolo_msgs/local/lib/python3.10/dist-packages/yolo_msgs/msg/_vector2_s.c\n'}
[6.349033] (yolo_msgs) StdoutLine: {'line': b'-- Installing: /home/matsunaga-h/pickup_ws/install/yolo_msgs/local/lib/python3.10/dist-packages/yolo_msgs/msg/_key_point3_d_array_s.c\n'}
[6.349070] (yolo_msgs) StdoutLine: {'line': b'-- Installing: /home/matsunaga-h/pickup_ws/install/yolo_msgs/local/lib/python3.10/dist-packages/yolo_msgs/msg/_key_point2_d_array.py\n'}
[6.349108] (yolo_msgs) StdoutLine: {'line': b'-- Installing: /home/matsunaga-h/pickup_ws/install/yolo_msgs/local/lib/python3.10/dist-packages/yolo_msgs/msg/_bounding_box3_d_s.c\n'}
[6.349145] (yolo_msgs) StdoutLine: {'line': b'-- Installing: /home/matsunaga-h/pickup_ws/install/yolo_msgs/local/lib/python3.10/dist-packages/yolo_msgs/msg/_detection_array.py\n'}
[6.349182] (yolo_msgs) StdoutLine: {'line': b'-- Installing: /home/matsunaga-h/pickup_ws/install/yolo_msgs/local/lib/python3.10/dist-packages/yolo_msgs/msg/_mask.py\n'}
[6.349218] (yolo_msgs) StdoutLine: {'line': b'-- Installing: /home/matsunaga-h/pickup_ws/install/yolo_msgs/local/lib/python3.10/dist-packages/yolo_msgs/msg/_pose2_d_s.c\n'}
[6.349257] (yolo_msgs) StdoutLine: {'line': b'-- Installing: /home/matsunaga-h/pickup_ws/install/yolo_msgs/local/lib/python3.10/dist-packages/yolo_msgs/msg/_key_point2_d_array_s.c\n'}
[6.349293] (yolo_msgs) StdoutLine: {'line': b'-- Installing: /home/matsunaga-h/pickup_ws/install/yolo_msgs/local/lib/python3.10/dist-packages/yolo_msgs/msg/_point2_d.py\n'}
[6.349329] (yolo_msgs) StdoutLine: {'line': b'-- Installing: /home/matsunaga-h/pickup_ws/install/yolo_msgs/local/lib/python3.10/dist-packages/yolo_msgs/msg/_detection_s.c\n'}
[6.349369] (yolo_msgs) StdoutLine: {'line': b'-- Installing: /home/matsunaga-h/pickup_ws/install/yolo_msgs/local/lib/python3.10/dist-packages/yolo_msgs/msg/_mask_s.c\n'}
[6.349406] (yolo_msgs) StdoutLine: {'line': b'-- Installing: /home/matsunaga-h/pickup_ws/install/yolo_msgs/local/lib/python3.10/dist-packages/yolo_msgs/msg/_bounding_box2_d_s.c\n'}
[6.349444] (yolo_msgs) StdoutLine: {'line': b'-- Installing: /home/matsunaga-h/pickup_ws/install/yolo_msgs/local/lib/python3.10/dist-packages/yolo_msgs/msg/_vector2.py\n'}
[6.349485] (yolo_msgs) StdoutLine: {'line': b'-- Installing: /home/matsunaga-h/pickup_ws/install/yolo_msgs/local/lib/python3.10/dist-packages/yolo_msgs/msg/_key_point2_d_s.c\n'}
[6.349524] (yolo_msgs) StdoutLine: {'line': b'-- Installing: /home/matsunaga-h/pickup_ws/install/yolo_msgs/local/lib/python3.10/dist-packages/yolo_msgs/msg/_key_point2_d.py\n'}
[6.349562] (yolo_msgs) StdoutLine: {'line': b'-- Installing: /home/matsunaga-h/pickup_ws/install/yolo_msgs/local/lib/python3.10/dist-packages/yolo_msgs/msg/_point2_d_s.c\n'}
[6.349598] (yolo_msgs) StdoutLine: {'line': b'-- Installing: /home/matsunaga-h/pickup_ws/install/yolo_msgs/local/lib/python3.10/dist-packages/yolo_msgs/msg/__init__.py\n'}
[6.349636] (yolo_msgs) StdoutLine: {'line': b'-- Installing: /home/matsunaga-h/pickup_ws/install/yolo_msgs/local/lib/python3.10/dist-packages/yolo_msgs/msg/_key_point3_d.py\n'}
[6.349675] (yolo_msgs) StdoutLine: {'line': b'-- Installing: /home/matsunaga-h/pickup_ws/install/yolo_msgs/local/lib/python3.10/dist-packages/yolo_msgs/msg/_bounding_box3_d.py\n'}
[6.349714] (yolo_msgs) StdoutLine: {'line': b'-- Installing: /home/matsunaga-h/pickup_ws/install/yolo_msgs/local/lib/python3.10/dist-packages/yolo_msgs/msg/_detection.py\n'}
[6.349754] (yolo_msgs) StdoutLine: {'line': b'-- Installing: /home/matsunaga-h/pickup_ws/install/yolo_msgs/local/lib/python3.10/dist-packages/yolo_msgs/msg/_detection_array_s.c\n'}
[6.349792] (yolo_msgs) StdoutLine: {'line': b'-- Installing: /home/matsunaga-h/pickup_ws/install/yolo_msgs/local/lib/python3.10/dist-packages/yolo_msgs/msg/_pose2_d.py\n'}
[6.349830] (yolo_msgs) StdoutLine: {'line': b'-- Installing: /home/matsunaga-h/pickup_ws/install/yolo_msgs/local/lib/python3.10/dist-packages/yolo_msgs/srv\n'}
[6.349874] (yolo_msgs) StdoutLine: {'line': b'-- Installing: /home/matsunaga-h/pickup_ws/install/yolo_msgs/local/lib/python3.10/dist-packages/yolo_msgs/srv/_set_classes_s.c\n'}
[6.349911] (yolo_msgs) StdoutLine: {'line': b'-- Installing: /home/matsunaga-h/pickup_ws/install/yolo_msgs/local/lib/python3.10/dist-packages/yolo_msgs/srv/_set_classes.py\n'}
[6.349948] (yolo_msgs) StdoutLine: {'line': b'-- Installing: /home/matsunaga-h/pickup_ws/install/yolo_msgs/local/lib/python3.10/dist-packages/yolo_msgs/srv/__init__.py\n'}
[6.382328] (yolo_msgs) StdoutLine: {'line': b"Listing '/home/matsunaga-h/pickup_ws/install/yolo_msgs/local/lib/python3.10/dist-packages/yolo_msgs'...\n"}
[6.382441] (yolo_msgs) StdoutLine: {'line': b"Compiling '/home/matsunaga-h/pickup_ws/install/yolo_msgs/local/lib/python3.10/dist-packages/yolo_msgs/__init__.py'...\n"}
[6.382483] (yolo_msgs) StdoutLine: {'line': b"Listing '/home/matsunaga-h/pickup_ws/install/yolo_msgs/local/lib/python3.10/dist-packages/yolo_msgs/msg'...\n"}
[6.382512] (yolo_msgs) StdoutLine: {'line': b"Compiling '/home/matsunaga-h/pickup_ws/install/yolo_msgs/local/lib/python3.10/dist-packages/yolo_msgs/msg/__init__.py'...\n"}
[6.382539] (yolo_msgs) StdoutLine: {'line': b"Compiling '/home/matsunaga-h/pickup_ws/install/yolo_msgs/local/lib/python3.10/dist-packages/yolo_msgs/msg/_bounding_box2_d.py'...\n"}
[6.382566] (yolo_msgs) StdoutLine: {'line': b"Compiling '/home/matsunaga-h/pickup_ws/install/yolo_msgs/local/lib/python3.10/dist-packages/yolo_msgs/msg/_bounding_box3_d.py'...\n"}
[6.382593] (yolo_msgs) StdoutLine: {'line': b"Compiling '/home/matsunaga-h/pickup_ws/install/yolo_msgs/local/lib/python3.10/dist-packages/yolo_msgs/msg/_detection.py'...\n"}
[6.382619] (yolo_msgs) StdoutLine: {'line': b"Compiling '/home/matsunaga-h/pickup_ws/install/yolo_msgs/local/lib/python3.10/dist-packages/yolo_msgs/msg/_detection_array.py'...\n"}
[6.382645] (yolo_msgs) StdoutLine: {'line': b"Compiling '/home/matsunaga-h/pickup_ws/install/yolo_msgs/local/lib/python3.10/dist-packages/yolo_msgs/msg/_key_point2_d.py'...\n"}
[6.382671] (yolo_msgs) StdoutLine: {'line': b"Compiling '/home/matsunaga-h/pickup_ws/install/yolo_msgs/local/lib/python3.10/dist-packages/yolo_msgs/msg/_key_point2_d_array.py'...\n"}
[6.382754] (yolo_msgs) StdoutLine: {'line': b"Compiling '/home/matsunaga-h/pickup_ws/install/yolo_msgs/local/lib/python3.10/dist-packages/yolo_msgs/msg/_key_point3_d.py'...\n"}
[6.382780] (yolo_msgs) StdoutLine: {'line': b"Compiling '/home/matsunaga-h/pickup_ws/install/yolo_msgs/local/lib/python3.10/dist-packages/yolo_msgs/msg/_key_point3_d_array.py'...\n"}
[6.382810] (yolo_msgs) StdoutLine: {'line': b"Compiling '/home/matsunaga-h/pickup_ws/install/yolo_msgs/local/lib/python3.10/dist-packages/yolo_msgs/msg/_mask.py'...\n"}
[6.382836] (yolo_msgs) StdoutLine: {'line': b"Compiling '/home/matsunaga-h/pickup_ws/install/yolo_msgs/local/lib/python3.10/dist-packages/yolo_msgs/msg/_point2_d.py'...\n"}
[6.382869] (yolo_msgs) StdoutLine: {'line': b"Compiling '/home/matsunaga-h/pickup_ws/install/yolo_msgs/local/lib/python3.10/dist-packages/yolo_msgs/msg/_pose2_d.py'...\n"}
[6.382913] (yolo_msgs) StdoutLine: {'line': b"Compiling '/home/matsunaga-h/pickup_ws/install/yolo_msgs/local/lib/python3.10/dist-packages/yolo_msgs/msg/_vector2.py'...\n"}
[6.382940] (yolo_msgs) StdoutLine: {'line': b"Listing '/home/matsunaga-h/pickup_ws/install/yolo_msgs/local/lib/python3.10/dist-packages/yolo_msgs/srv'...\n"}
[6.382965] (yolo_msgs) StdoutLine: {'line': b"Compiling '/home/matsunaga-h/pickup_ws/install/yolo_msgs/local/lib/python3.10/dist-packages/yolo_msgs/srv/__init__.py'...\n"}
[6.382989] (yolo_msgs) StdoutLine: {'line': b"Compiling '/home/matsunaga-h/pickup_ws/install/yolo_msgs/local/lib/python3.10/dist-packages/yolo_msgs/srv/_set_classes.py'...\n"}
[6.385788] (yolo_msgs) StdoutLine: {'line': b'-- Installing: /home/matsunaga-h/pickup_ws/install/yolo_msgs/local/lib/python3.10/dist-packages/yolo_msgs/yolo_msgs_s__rosidl_typesupport_fastrtps_c.cpython-310-x86_64-linux-gnu.so\n'}
[6.385888] (yolo_msgs) StdoutLine: {'line': b'-- Set runtime path of "/home/matsunaga-h/pickup_ws/install/yolo_msgs/local/lib/python3.10/dist-packages/yolo_msgs/yolo_msgs_s__rosidl_typesupport_fastrtps_c.cpython-310-x86_64-linux-gnu.so" to ""\n'}
[6.386082] (yolo_msgs) StdoutLine: {'line': b'-- Installing: /home/matsunaga-h/pickup_ws/install/yolo_msgs/local/lib/python3.10/dist-packages/yolo_msgs/yolo_msgs_s__rosidl_typesupport_introspection_c.cpython-310-x86_64-linux-gnu.so\n'}
[6.386167] (yolo_msgs) StdoutLine: {'line': b'-- Set runtime path of "/home/matsunaga-h/pickup_ws/install/yolo_msgs/local/lib/python3.10/dist-packages/yolo_msgs/yolo_msgs_s__rosidl_typesupport_introspection_c.cpython-310-x86_64-linux-gnu.so" to ""\n'}
[6.386204] (yolo_msgs) StdoutLine: {'line': b'-- Installing: /home/matsunaga-h/pickup_ws/install/yolo_msgs/local/lib/python3.10/dist-packages/yolo_msgs/yolo_msgs_s__rosidl_typesupport_c.cpython-310-x86_64-linux-gnu.so\n'}
[6.386246] (yolo_msgs) StdoutLine: {'line': b'-- Set runtime path of "/home/matsunaga-h/pickup_ws/install/yolo_msgs/local/lib/python3.10/dist-packages/yolo_msgs/yolo_msgs_s__rosidl_typesupport_c.cpython-310-x86_64-linux-gnu.so" to ""\n'}
[6.386279] (yolo_msgs) StdoutLine: {'line': b'-- Installing: /home/matsunaga-h/pickup_ws/install/yolo_msgs/lib/libyolo_msgs__rosidl_generator_py.so\n'}
[6.386463] (yolo_msgs) StdoutLine: {'line': b'-- Set runtime path of "/home/matsunaga-h/pickup_ws/install/yolo_msgs/lib/libyolo_msgs__rosidl_generator_py.so" to ""\n'}
[6.386547] (yolo_msgs) StdoutLine: {'line': b'-- Installing: /home/matsunaga-h/pickup_ws/install/yolo_msgs/share/yolo_msgs/msg/Point2D.idl\n'}
[6.386584] (yolo_msgs) StdoutLine: {'line': b'-- Installing: /home/matsunaga-h/pickup_ws/install/yolo_msgs/share/yolo_msgs/msg/Vector2.idl\n'}
[6.386633] (yolo_msgs) StdoutLine: {'line': b'-- Installing: /home/matsunaga-h/pickup_ws/install/yolo_msgs/share/yolo_msgs/msg/Pose2D.idl\n'}
[6.386664] (yolo_msgs) StdoutLine: {'line': b'-- Installing: /home/matsunaga-h/pickup_ws/install/yolo_msgs/share/yolo_msgs/msg/BoundingBox2D.idl\n'}
[6.386709] (yolo_msgs) StdoutLine: {'line': b'-- Installing: /home/matsunaga-h/pickup_ws/install/yolo_msgs/share/yolo_msgs/msg/BoundingBox3D.idl\n'}
[6.386740] (yolo_msgs) StdoutLine: {'line': b'-- Installing: /home/matsunaga-h/pickup_ws/install/yolo_msgs/share/yolo_msgs/msg/Mask.idl\n'}
[6.386781] (yolo_msgs) StdoutLine: {'line': b'-- Installing: /home/matsunaga-h/pickup_ws/install/yolo_msgs/share/yolo_msgs/msg/KeyPoint2D.idl\n'}
[6.386823] (yolo_msgs) StdoutLine: {'line': b'-- Installing: /home/matsunaga-h/pickup_ws/install/yolo_msgs/share/yolo_msgs/msg/KeyPoint2DArray.idl\n'}
[6.386866] (yolo_msgs) StdoutLine: {'line': b'-- Installing: /home/matsunaga-h/pickup_ws/install/yolo_msgs/share/yolo_msgs/msg/KeyPoint3D.idl\n'}
[6.386908] (yolo_msgs) StdoutLine: {'line': b'-- Installing: /home/matsunaga-h/pickup_ws/install/yolo_msgs/share/yolo_msgs/msg/KeyPoint3DArray.idl\n'}
[6.386962] (yolo_msgs) StdoutLine: {'line': b'-- Installing: /home/matsunaga-h/pickup_ws/install/yolo_msgs/share/yolo_msgs/msg/Detection.idl\n'}
[6.387029] (yolo_msgs) StdoutLine: {'line': b'-- Installing: /home/matsunaga-h/pickup_ws/install/yolo_msgs/share/yolo_msgs/msg/DetectionArray.idl\n'}
[6.387102] (yolo_msgs) StdoutLine: {'line': b'-- Installing: /home/matsunaga-h/pickup_ws/install/yolo_msgs/share/yolo_msgs/srv/SetClasses.idl\n'}
[6.387162] (yolo_msgs) StdoutLine: {'line': b'-- Installing: /home/matsunaga-h/pickup_ws/install/yolo_msgs/share/yolo_msgs/msg/Point2D.msg\n'}
[6.387224] (yolo_msgs) StdoutLine: {'line': b'-- Installing: /home/matsunaga-h/pickup_ws/install/yolo_msgs/share/yolo_msgs/msg/Vector2.msg\n'}
[6.387280] (yolo_msgs) StdoutLine: {'line': b'-- Installing: /home/matsunaga-h/pickup_ws/install/yolo_msgs/share/yolo_msgs/msg/Pose2D.msg\n'}
[6.387329] (yolo_msgs) StdoutLine: {'line': b'-- Installing: /home/matsunaga-h/pickup_ws/install/yolo_msgs/share/yolo_msgs/msg/BoundingBox2D.msg\n'}
[6.387386] (yolo_msgs) StdoutLine: {'line': b'-- Installing: /home/matsunaga-h/pickup_ws/install/yolo_msgs/share/yolo_msgs/msg/BoundingBox3D.msg\n'}
[6.387439] (yolo_msgs) StdoutLine: {'line': b'-- Installing: /home/matsunaga-h/pickup_ws/install/yolo_msgs/share/yolo_msgs/msg/Mask.msg\n'}
[6.387493] (yolo_msgs) StdoutLine: {'line': b'-- Installing: /home/matsunaga-h/pickup_ws/install/yolo_msgs/share/yolo_msgs/msg/KeyPoint2D.msg\n'}
[6.387541] (yolo_msgs) StdoutLine: {'line': b'-- Installing: /home/matsunaga-h/pickup_ws/install/yolo_msgs/share/yolo_msgs/msg/KeyPoint2DArray.msg\n'}
[6.387600] (yolo_msgs) StdoutLine: {'line': b'-- Installing: /home/matsunaga-h/pickup_ws/install/yolo_msgs/share/yolo_msgs/msg/KeyPoint3D.msg\n'}
[6.387653] (yolo_msgs) StdoutLine: {'line': b'-- Installing: /home/matsunaga-h/pickup_ws/install/yolo_msgs/share/yolo_msgs/msg/KeyPoint3DArray.msg\n'}
[6.387707] (yolo_msgs) StdoutLine: {'line': b'-- Installing: /home/matsunaga-h/pickup_ws/install/yolo_msgs/share/yolo_msgs/msg/Detection.msg\n'}
[6.387755] (yolo_msgs) StdoutLine: {'line': b'-- Installing: /home/matsunaga-h/pickup_ws/install/yolo_msgs/share/yolo_msgs/msg/DetectionArray.msg\n'}
[6.387813] (yolo_msgs) StdoutLine: {'line': b'-- Installing: /home/matsunaga-h/pickup_ws/install/yolo_msgs/share/yolo_msgs/srv/SetClasses.srv\n'}
[6.387871] (yolo_msgs) StdoutLine: {'line': b'-- Installing: /home/matsunaga-h/pickup_ws/install/yolo_msgs/share/yolo_msgs/srv/SetClasses_Request.msg\n'}
[6.387931] (yolo_msgs) StdoutLine: {'line': b'-- Installing: /home/matsunaga-h/pickup_ws/install/yolo_msgs/share/yolo_msgs/srv/SetClasses_Response.msg\n'}
[6.388010] (yolo_msgs) StdoutLine: {'line': b'-- Installing: /home/matsunaga-h/pickup_ws/install/yolo_msgs/share/ament_index/resource_index/package_run_dependencies/yolo_msgs\n'}
[6.388084] (yolo_msgs) StdoutLine: {'line': b'-- Installing: /home/matsunaga-h/pickup_ws/install/yolo_msgs/share/ament_index/resource_index/parent_prefix_path/yolo_msgs\n'}
[6.388140] (yolo_msgs) StdoutLine: {'line': b'-- Installing: /home/matsunaga-h/pickup_ws/install/yolo_msgs/share/yolo_msgs/environment/ament_prefix_path.sh\n'}
[6.388196] (yolo_msgs) StdoutLine: {'line': b'-- Installing: /home/matsunaga-h/pickup_ws/install/yolo_msgs/share/yolo_msgs/environment/ament_prefix_path.dsv\n'}
[6.388247] (yolo_msgs) StdoutLine: {'line': b'-- Installing: /home/matsunaga-h/pickup_ws/install/yolo_msgs/share/yolo_msgs/environment/path.sh\n'}
[6.388304] (yolo_msgs) StdoutLine: {'line': b'-- Installing: /home/matsunaga-h/pickup_ws/install/yolo_msgs/share/yolo_msgs/environment/path.dsv\n'}
[6.388354] (yolo_msgs) StdoutLine: {'line': b'-- Installing: /home/matsunaga-h/pickup_ws/install/yolo_msgs/share/yolo_msgs/local_setup.bash\n'}
[6.388406] (yolo_msgs) StdoutLine: {'line': b'-- Installing: /home/matsunaga-h/pickup_ws/install/yolo_msgs/share/yolo_msgs/local_setup.sh\n'}
[6.388459] (yolo_msgs) StdoutLine: {'line': b'-- Installing: /home/matsunaga-h/pickup_ws/install/yolo_msgs/share/yolo_msgs/local_setup.zsh\n'}
[6.388513] (yolo_msgs) StdoutLine: {'line': b'-- Installing: /home/matsunaga-h/pickup_ws/install/yolo_msgs/share/yolo_msgs/local_setup.dsv\n'}
[6.388563] (yolo_msgs) StdoutLine: {'line': b'-- Installing: /home/matsunaga-h/pickup_ws/install/yolo_msgs/share/yolo_msgs/package.dsv\n'}
[6.388637] (yolo_msgs) StdoutLine: {'line': b'-- Installing: /home/matsunaga-h/pickup_ws/install/yolo_msgs/share/ament_index/resource_index/packages/yolo_msgs\n'}
[6.388713] (yolo_msgs) StdoutLine: {'line': b'-- Installing: /home/matsunaga-h/pickup_ws/install/yolo_msgs/share/yolo_msgs/cmake/export_yolo_msgs__rosidl_generator_cExport.cmake\n'}
[6.388778] (yolo_msgs) StdoutLine: {'line': b'-- Installing: /home/matsunaga-h/pickup_ws/install/yolo_msgs/share/yolo_msgs/cmake/export_yolo_msgs__rosidl_generator_cExport-noconfig.cmake\n'}
[6.388842] (yolo_msgs) StdoutLine: {'line': b'-- Installing: /home/matsunaga-h/pickup_ws/install/yolo_msgs/share/yolo_msgs/cmake/export_yolo_msgs__rosidl_typesupport_fastrtps_cExport.cmake\n'}
[6.388911] (yolo_msgs) StdoutLine: {'line': b'-- Installing: /home/matsunaga-h/pickup_ws/install/yolo_msgs/share/yolo_msgs/cmake/export_yolo_msgs__rosidl_typesupport_fastrtps_cExport-noconfig.cmake\n'}
[6.388981] (yolo_msgs) StdoutLine: {'line': b'-- Installing: /home/matsunaga-h/pickup_ws/install/yolo_msgs/share/yolo_msgs/cmake/yolo_msgs__rosidl_typesupport_introspection_cExport.cmake\n'}
[6.389045] (yolo_msgs) StdoutLine: {'line': b'-- Installing: /home/matsunaga-h/pickup_ws/install/yolo_msgs/share/yolo_msgs/cmake/yolo_msgs__rosidl_typesupport_introspection_cExport-noconfig.cmake\n'}
[6.389108] (yolo_msgs) StdoutLine: {'line': b'-- Installing: /home/matsunaga-h/pickup_ws/install/yolo_msgs/share/yolo_msgs/cmake/yolo_msgs__rosidl_typesupport_cExport.cmake\n'}
[6.389166] (yolo_msgs) StdoutLine: {'line': b'-- Installing: /home/matsunaga-h/pickup_ws/install/yolo_msgs/share/yolo_msgs/cmake/yolo_msgs__rosidl_typesupport_cExport-noconfig.cmake\n'}
[6.389228] (yolo_msgs) StdoutLine: {'line': b'-- Installing: /home/matsunaga-h/pickup_ws/install/yolo_msgs/share/yolo_msgs/cmake/export_yolo_msgs__rosidl_generator_cppExport.cmake\n'}
[6.389293] (yolo_msgs) StdoutLine: {'line': b'-- Installing: /home/matsunaga-h/pickup_ws/install/yolo_msgs/share/yolo_msgs/cmake/export_yolo_msgs__rosidl_typesupport_fastrtps_cppExport.cmake\n'}
[6.389350] (yolo_msgs) StdoutLine: {'line': b'-- Installing: /home/matsunaga-h/pickup_ws/install/yolo_msgs/share/yolo_msgs/cmake/export_yolo_msgs__rosidl_typesupport_fastrtps_cppExport-noconfig.cmake\n'}
[6.389414] (yolo_msgs) StdoutLine: {'line': b'-- Installing: /home/matsunaga-h/pickup_ws/install/yolo_msgs/share/yolo_msgs/cmake/yolo_msgs__rosidl_typesupport_introspection_cppExport.cmake\n'}
[6.389472] (yolo_msgs) StdoutLine: {'line': b'-- Installing: /home/matsunaga-h/pickup_ws/install/yolo_msgs/share/yolo_msgs/cmake/yolo_msgs__rosidl_typesupport_introspection_cppExport-noconfig.cmake\n'}
[6.389539] (yolo_msgs) StdoutLine: {'line': b'-- Installing: /home/matsunaga-h/pickup_ws/install/yolo_msgs/share/yolo_msgs/cmake/yolo_msgs__rosidl_typesupport_cppExport.cmake\n'}
[6.389597] (yolo_msgs) StdoutLine: {'line': b'-- Installing: /home/matsunaga-h/pickup_ws/install/yolo_msgs/share/yolo_msgs/cmake/yolo_msgs__rosidl_typesupport_cppExport-noconfig.cmake\n'}
[6.389664] (yolo_msgs) StdoutLine: {'line': b'-- Installing: /home/matsunaga-h/pickup_ws/install/yolo_msgs/share/yolo_msgs/cmake/export_yolo_msgs__rosidl_generator_pyExport.cmake\n'}
[6.389723] (yolo_msgs) StdoutLine: {'line': b'-- Installing: /home/matsunaga-h/pickup_ws/install/yolo_msgs/share/yolo_msgs/cmake/export_yolo_msgs__rosidl_generator_pyExport-noconfig.cmake\n'}
[6.389782] (yolo_msgs) StdoutLine: {'line': b'-- Installing: /home/matsunaga-h/pickup_ws/install/yolo_msgs/share/yolo_msgs/cmake/rosidl_cmake-extras.cmake\n'}
[6.389836] (yolo_msgs) StdoutLine: {'line': b'-- Installing: /home/matsunaga-h/pickup_ws/install/yolo_msgs/share/yolo_msgs/cmake/ament_cmake_export_dependencies-extras.cmake\n'}
[6.389899] (yolo_msgs) StdoutLine: {'line': b'-- Installing: /home/matsunaga-h/pickup_ws/install/yolo_msgs/share/yolo_msgs/cmake/ament_cmake_export_include_directories-extras.cmake\n'}
[6.389956] (yolo_msgs) StdoutLine: {'line': b'-- Installing: /home/matsunaga-h/pickup_ws/install/yolo_msgs/share/yolo_msgs/cmake/ament_cmake_export_libraries-extras.cmake\n'}
[6.390023] (yolo_msgs) StdoutLine: {'line': b'-- Installing: /home/matsunaga-h/pickup_ws/install/yolo_msgs/share/yolo_msgs/cmake/ament_cmake_export_targets-extras.cmake\n'}
[6.390076] (yolo_msgs) StdoutLine: {'line': b'-- Installing: /home/matsunaga-h/pickup_ws/install/yolo_msgs/share/yolo_msgs/cmake/rosidl_cmake_export_typesupport_targets-extras.cmake\n'}
[6.390133] (yolo_msgs) StdoutLine: {'line': b'-- Installing: /home/matsunaga-h/pickup_ws/install/yolo_msgs/share/yolo_msgs/cmake/rosidl_cmake_export_typesupport_libraries-extras.cmake\n'}
[6.390189] (yolo_msgs) StdoutLine: {'line': b'-- Installing: /home/matsunaga-h/pickup_ws/install/yolo_msgs/share/yolo_msgs/cmake/yolo_msgsConfig.cmake\n'}
[6.390228] (yolo_msgs) StdoutLine: {'line': b'-- Installing: /home/matsunaga-h/pickup_ws/install/yolo_msgs/share/yolo_msgs/cmake/yolo_msgsConfig-version.cmake\n'}
[6.390289] (yolo_msgs) StdoutLine: {'line': b'-- Installing: /home/matsunaga-h/pickup_ws/install/yolo_msgs/share/yolo_msgs/package.xml\n'}
[6.392129] (yolo_msgs) CommandEnded: {'returncode': 0}
[6.400798] (yolo_msgs) JobEnded: {'identifier': 'yolo_msgs', 'rc': 0}
[6.401133] (yolo_ros) JobStarted: {'identifier': 'yolo_ros'}
[6.421611] (-) TimerEvent: {}
[6.521930] (-) TimerEvent: {}
[6.622134] (-) TimerEvent: {}
[6.722371] (-) TimerEvent: {}
[6.808843] (yolo_ros) Command: {'cmd': ['/usr/bin/python3', '-W', 'ignore:setup.py install is deprecated', '-W', 'ignore:easy_install command is deprecated', 'setup.py', 'egg_info', '--egg-base', '../../../build/yolo_ros', 'build', '--build-base', '/home/matsunaga-h/pickup_ws/build/yolo_ros/build', 'install', '--record', '/home/matsunaga-h/pickup_ws/build/yolo_ros/install.log', '--single-version-externally-managed', 'install_data'], 'cwd': '/home/matsunaga-h/pickup_ws/src/yolo_ros/yolo_ros', 'env': {'GJS_DEBUG_TOPICS': 'JS ERROR;JS LOG', 'LESSOPEN': '| /usr/bin/lesspipe %s', 'LANGUAGE': 'ja:en', 'USER': 'matsunaga-h', 'LC_TIME': 'ja_JP.UTF-8', 'XDG_SESSION_TYPE': 'wayland', 'SHLVL': '1', 'LD_LIBRARY_PATH': '/home/matsunaga-h/pickup_ws/install/yolo_msgs/lib:/opt/ros/humble/opt/rviz_ogre_vendor/lib:/opt/ros/humble/lib/x86_64-linux-gnu:/opt/ros/humble/lib', 'HOME': '/home/matsunaga-h', 'OLDPWD': '/home/matsunaga-h/pickup_ws/src', 'DESKTOP_SESSION': 'ubuntu', 'ROS_PYTHON_VERSION': '3', 'GNOME_SHELL_SESSION_MODE': 'ubuntu', 'GTK_MODULES': 'gail:atk-bridge', 'LC_MONETARY': 'ja_JP.UTF-8', 'MANAGERPID': '2068', 'SYSTEMD_EXEC_PID': '2236', 'DBUS_SESSION_BUS_ADDRESS': 'unix:path=/run/user/1000/bus', 'COLORTERM': 'truecolor', 'TERMINATOR_DBUS_NAME': 'net.tenshu.Terminator25ef4b219e3b005583550f2b0f9f990c3', 'IM_CONFIG_PHASE': '1', 'WAYLAND_DISPLAY': 'wayland-0', 'COLCON_PREFIX_PATH': '/home/matsunaga-h/pickup_ws/install', 'ROS_DISTRO': 'humble', 'LOGNAME': 'matsunaga-h', 'JOURNAL_STREAM': '8:15755', '_': '/usr/bin/colcon', 'ROS_VERSION': '2', 'XDG_SESSION_CLASS': 'user', 'USERNAME': 'matsunaga-h', 'TERM': 'xterm-256color', 'GNOME_DESKTOP_SESSION_ID': 'this-is-deprecated', 'ROS_LOCALHOST_ONLY': '0', 'PATH': '/opt/ros/humble/bin:/home/matsunaga-h/.local/bin:/usr/local/sbin:/usr/local/bin:/usr/sbin:/usr/bin:/sbin:/bin:/usr/games:/usr/local/games:/snap/bin:/snap/bin', 'SESSION_MANAGER': 'local/matsunagah-NUC13ANH-B:@/tmp/.ICE-unix/2206,unix/matsunagah-NUC13ANH-B:/tmp/.ICE-unix/2206', 'INVOCATION_ID': '741cca31c22a48bea7c1cb2486f1ecb7', 'PAPERSIZE': 'a4', 'XDG_MENU_PREFIX': 'gnome-', 'LC_ADDRESS': 'ja_JP.UTF-8', 'GNOME_SETUP_DISPLAY': ':1', 'XDG_RUNTIME_DIR': '/run/user/1000', 'DISPLAY': ':0', 'TERMINATOR_DBUS_PATH': '/net/tenshu/Terminator2', 'LANG': 'ja_JP.UTF-8', 'XDG_CURRENT_DESKTOP': 'ubuntu:GNOME', 'IBUS_DISABLE_SNOOPER': '1', 'LC_TELEPHONE': 'ja_JP.UTF-8', 'XMODIFIERS': '@im=ibus', 'XDG_SESSION_DESKTOP': 'ubuntu', 'XAUTHORITY': '/run/user/1000/.mutter-Xwaylandauth.VC0T62', 'LS_COLORS': 'rs=0:di=01;34:ln=01;36:mh=00:pi=40;33:so=01;35:do=01;35:bd=40;33;01:cd=40;33;01:or=40;31;01:mi=00:su=37;41:sg=30;43:ca=30;41:tw=30;42:ow=34;42:st=37;44:ex=01;32:*.tar=01;31:*.tgz=01;31:*.arc=01;31:*.arj=01;31:*.taz=01;31:*.lha=01;31:*.lz4=01;31:*.lzh=01;31:*.lzma=01;31:*.tlz=01;31:*.txz=01;31:*.tzo=01;31:*.t7z=01;31:*.zip=01;31:*.z=01;31:*.dz=01;31:*.gz=01;31:*.lrz=01;31:*.lz=01;31:*.lzo=01;31:*.xz=01;31:*.zst=01;31:*.tzst=01;31:*.bz2=01;31:*.bz=01;31:*.tbz=01;31:*.tbz2=01;31:*.tz=01;31:*.deb=01;31:*.rpm=01;31:*.jar=01;31:*.war=01;31:*.ear=01;31:*.sar=01;31:*.rar=01;31:*.alz=01;31:*.ace=01;31:*.zoo=01;31:*.cpio=01;31:*.7z=01;31:*.rz=01;31:*.cab=01;31:*.wim=01;31:*.swm=01;31:*.dwm=01;31:*.esd=01;31:*.jpg=01;35:*.jpeg=01;35:*.mjpg=01;35:*.mjpeg=01;35:*.gif=01;35:*.bmp=01;35:*.pbm=01;35:*.pgm=01;35:*.ppm=01;35:*.tga=01;35:*.xbm=01;35:*.xpm=01;35:*.tif=01;35:*.tiff=01;35:*.png=01;35:*.svg=01;35:*.svgz=01;35:*.mng=01;35:*.pcx=01;35:*.mov=01;35:*.mpg=01;35:*.mpeg=01;35:*.m2v=01;35:*.mkv=01;35:*.webm=01;35:*.webp=01;35:*.ogm=01;35:*.mp4=01;35:*.m4v=01;35:*.mp4v=01;35:*.vob=01;35:*.qt=01;35:*.nuv=01;35:*.wmv=01;35:*.asf=01;35:*.rm=01;35:*.rmvb=01;35:*.flc=01;35:*.avi=01;35:*.fli=01;35:*.flv=01;35:*.gl=01;35:*.dl=01;35:*.xcf=01;35:*.xwd=01;35:*.yuv=01;35:*.cgm=01;35:*.emf=01;35:*.ogv=01;35:*.ogx=01;35:*.aac=00;36:*.au=00;36:*.flac=00;36:*.m4a=00;36:*.mid=00;36:*.midi=00;36:*.mka=00;36:*.mp3=00;36:*.mpc=00;36:*.ogg=00;36:*.ra=00;36:*.wav=00;36:*.oga=00;36:*.opus=00;36:*.spx=00;36:*.xspf=00;36:', 'SSH_AGENT_LAUNCHER': 'gnome-keyring', 'SSH_AUTH_SOCK': '/run/user/1000/keyring/ssh', 'AMENT_PREFIX_PATH': '/home/matsunaga-h/pickup_ws/install/yolo_msgs:/home/matsunaga-h/pickup_ws/install/vacuum_switch:/home/matsunaga-h/pickup_ws/install/my_package:/home/matsunaga-h/pickup_ws/install/air_pkg:/opt/ros/humble', 'SHELL': '/bin/bash', 'LC_NAME': 'ja_JP.UTF-8', 'TERMINATOR_UUID': 'urn:uuid:0fcceb4a-4399-4c27-91eb-6a9355bd3a9d', 'QT_ACCESSIBILITY': '1', 'GDMSESSION': 'ubuntu', 'LESSCLOSE': '/usr/bin/lesspipe %s %s', 'LC_MEASUREMENT': 'ja_JP.UTF-8', 'GJS_DEBUG_OUTPUT': 'stderr', 'LC_IDENTIFICATION': 'ja_JP.UTF-8', 'QT_IM_MODULE': 'ibus', 'PWD': '/home/matsunaga-h/pickup_ws/build/yolo_ros', 'LC_ALL': 'en_US.UTF-8', 'XDG_CONFIG_DIRS': '/etc/xdg/xdg-ubuntu:/etc/xdg', 'XDG_DATA_DIRS': '/usr/share/ubuntu:/usr/local/share/:/usr/share/:/var/lib/snapd/desktop', 'PYTHONPATH': '/home/matsunaga-h/pickup_ws/build/yolo_ros/prefix_override:/usr/lib/python3/dist-packages/colcon_core/task/python/colcon_distutils_commands:/home/matsunaga-h/pickup_ws/install/yolo_ros/lib/python3.10/site-packages:/home/matsunaga-h/pickup_ws/install/yolo_msgs/local/lib/python3.10/dist-packages:/home/matsunaga-h/pickup_ws/install/vacuum_switch/lib/python3.10/site-packages:/home/matsunaga-h/pickup_ws/install/my_package/lib/python3.10/site-packages:/home/matsunaga-h/pickup_ws/install/air_pkg/lib/python3.10/site-packages:/opt/ros/humble/lib/python3.10/site-packages:/opt/ros/humble/local/lib/python3.10/dist-packages', 'LC_NUMERIC': 'ja_JP.UTF-8', 'LC_PAPER': 'ja_JP.UTF-8', 'COLCON': '1', 'VTE_VERSION': '6800', 'CMAKE_PREFIX_PATH': '/home/matsunaga-h/pickup_ws/install/yolo_msgs'}, 'shell': False}
[6.822564] (-) TimerEvent: {}
[6.922910] (-) TimerEvent: {}
[6.968234] (yolo_ros) StdoutLine: {'line': b'running egg_info\n'}
[6.968628] (yolo_ros) StdoutLine: {'line': b'creating ../../../build/yolo_ros/yolo_ros.egg-info\n'}
[6.968705] (yolo_ros) StdoutLine: {'line': b'writing ../../../build/yolo_ros/yolo_ros.egg-info/PKG-INFO\n'}
[6.968845] (yolo_ros) StdoutLine: {'line': b'writing dependency_links to ../../../build/yolo_ros/yolo_ros.egg-info/dependency_links.txt\n'}
[6.968936] (yolo_ros) StdoutLine: {'line': b'writing entry points to ../../../build/yolo_ros/yolo_ros.egg-info/entry_points.txt\n'}
[6.968970] (yolo_ros) StdoutLine: {'line': b'writing requirements to ../../../build/yolo_ros/yolo_ros.egg-info/requires.txt\n'}
[6.968998] (yolo_ros) StdoutLine: {'line': b'writing top-level names to ../../../build/yolo_ros/yolo_ros.egg-info/top_level.txt\n'}
[6.969132] (yolo_ros) StdoutLine: {'line': b"writing manifest file '../../../build/yolo_ros/yolo_ros.egg-info/SOURCES.txt'\n"}
[6.970094] (yolo_ros) StdoutLine: {'line': b"reading manifest file '../../../build/yolo_ros/yolo_ros.egg-info/SOURCES.txt'\n"}
[6.970513] (yolo_ros) StdoutLine: {'line': b"writing manifest file '../../../build/yolo_ros/yolo_ros.egg-info/SOURCES.txt'\n"}
[6.970698] (yolo_ros) StdoutLine: {'line': b'running build\n'}
[6.970771] (yolo_ros) StdoutLine: {'line': b'running build_py\n'}
[6.970807] (yolo_ros) StdoutLine: {'line': b'creating /home/matsunaga-h/pickup_ws/build/yolo_ros/build\n'}
[6.970837] (yolo_ros) StdoutLine: {'line': b'creating /home/matsunaga-h/pickup_ws/build/yolo_ros/build/lib\n'}
[6.970918] (yolo_ros) StdoutLine: {'line': b'creating /home/matsunaga-h/pickup_ws/build/yolo_ros/build/lib/yolo_ros\n'}
[6.970951] (yolo_ros) StdoutLine: {'line': b'copying yolo_ros/tracking_node.py -> /home/matsunaga-h/pickup_ws/build/yolo_ros/build/lib/yolo_ros\n'}
[6.970978] (yolo_ros) StdoutLine: {'line': b'copying yolo_ros/detect_3d_node.py -> /home/matsunaga-h/pickup_ws/build/yolo_ros/build/lib/yolo_ros\n'}
[6.971004] (yolo_ros) StdoutLine: {'line': b'copying yolo_ros/__init__.py -> /home/matsunaga-h/pickup_ws/build/yolo_ros/build/lib/yolo_ros\n'}
[6.971030] (yolo_ros) StdoutLine: {'line': b'copying yolo_ros/debug_node.py -> /home/matsunaga-h/pickup_ws/build/yolo_ros/build/lib/yolo_ros\n'}
[6.971069] (yolo_ros) StdoutLine: {'line': b'copying yolo_ros/yolo_node.py -> /home/matsunaga-h/pickup_ws/build/yolo_ros/build/lib/yolo_ros\n'}
[6.971094] (yolo_ros) StdoutLine: {'line': b'running install\n'}
[6.971119] (yolo_ros) StdoutLine: {'line': b'running install_lib\n'}
[6.971530] (yolo_ros) StdoutLine: {'line': b'creating /home/matsunaga-h/pickup_ws/install/yolo_ros/lib/python3.10/site-packages/yolo_ros\n'}
[6.971588] (yolo_ros) StdoutLine: {'line': b'copying /home/matsunaga-h/pickup_ws/build/yolo_ros/build/lib/yolo_ros/tracking_node.py -> /home/matsunaga-h/pickup_ws/install/yolo_ros/lib/python3.10/site-packages/yolo_ros\n'}
[6.971633] (yolo_ros) StdoutLine: {'line': b'copying /home/matsunaga-h/pickup_ws/build/yolo_ros/build/lib/yolo_ros/detect_3d_node.py -> /home/matsunaga-h/pickup_ws/install/yolo_ros/lib/python3.10/site-packages/yolo_ros\n'}
[6.971677] (yolo_ros) StdoutLine: {'line': b'copying /home/matsunaga-h/pickup_ws/build/yolo_ros/build/lib/yolo_ros/__init__.py -> /home/matsunaga-h/pickup_ws/install/yolo_ros/lib/python3.10/site-packages/yolo_ros\n'}
[6.971702] (yolo_ros) StdoutLine: {'line': b'copying /home/matsunaga-h/pickup_ws/build/yolo_ros/build/lib/yolo_ros/debug_node.py -> /home/matsunaga-h/pickup_ws/install/yolo_ros/lib/python3.10/site-packages/yolo_ros\n'}
[6.971726] (yolo_ros) StdoutLine: {'line': b'copying /home/matsunaga-h/pickup_ws/build/yolo_ros/build/lib/yolo_ros/yolo_node.py -> /home/matsunaga-h/pickup_ws/install/yolo_ros/lib/python3.10/site-packages/yolo_ros\n'}
[6.971931] (yolo_ros) StdoutLine: {'line': b'byte-compiling /home/matsunaga-h/pickup_ws/install/yolo_ros/lib/python3.10/site-packages/yolo_ros/tracking_node.py to tracking_node.cpython-310.pyc\n'}
[6.972917] (yolo_ros) StdoutLine: {'line': b'byte-compiling /home/matsunaga-h/pickup_ws/install/yolo_ros/lib/python3.10/site-packages/yolo_ros/detect_3d_node.py to detect_3d_node.cpython-310.pyc\n'}
[6.974427] (yolo_ros) StdoutLine: {'line': b'byte-compiling /home/matsunaga-h/pickup_ws/install/yolo_ros/lib/python3.10/site-packages/yolo_ros/__init__.py to __init__.cpython-310.pyc\n'}
[6.974557] (yolo_ros) StdoutLine: {'line': b'byte-compiling /home/matsunaga-h/pickup_ws/install/yolo_ros/lib/python3.10/site-packages/yolo_ros/debug_node.py to debug_node.cpython-310.pyc\n'}
[6.975933] (yolo_ros) StdoutLine: {'line': b'byte-compiling /home/matsunaga-h/pickup_ws/install/yolo_ros/lib/python3.10/site-packages/yolo_ros/yolo_node.py to yolo_node.cpython-310.pyc\n'}
[6.977218] (yolo_ros) StdoutLine: {'line': b'running install_data\n'}
[6.977362] (yolo_ros) StdoutLine: {'line': b'creating /home/matsunaga-h/pickup_ws/install/yolo_ros/share/ament_index\n'}
[6.977441] (yolo_ros) StdoutLine: {'line': b'creating /home/matsunaga-h/pickup_ws/install/yolo_ros/share/ament_index/resource_index\n'}
[6.977516] (yolo_ros) StdoutLine: {'line': b'creating /home/matsunaga-h/pickup_ws/install/yolo_ros/share/ament_index/resource_index/packages\n'}
[6.977591] (yolo_ros) StdoutLine: {'line': b'copying resource/yolo_ros -> /home/matsunaga-h/pickup_ws/install/yolo_ros/share/ament_index/resource_index/packages\n'}
[6.977706] (yolo_ros) StdoutLine: {'line': b'copying package.xml -> /home/matsunaga-h/pickup_ws/install/yolo_ros/share/yolo_ros\n'}
[6.977783] (yolo_ros) StdoutLine: {'line': b'running install_egg_info\n'}
[6.978549] (yolo_ros) StdoutLine: {'line': b'Copying ../../../build/yolo_ros/yolo_ros.egg-info to /home/matsunaga-h/pickup_ws/install/yolo_ros/lib/python3.10/site-packages/yolo_ros-0.0.0-py3.10.egg-info\n'}
[6.978867] (yolo_ros) StdoutLine: {'line': b'running install_scripts\n'}
[6.992066] (yolo_ros) StdoutLine: {'line': b'Installing debug_node script to /home/matsunaga-h/pickup_ws/install/yolo_ros/lib/yolo_ros\n'}
[6.992291] (yolo_ros) StdoutLine: {'line': b'Installing detect_3d_node script to /home/matsunaga-h/pickup_ws/install/yolo_ros/lib/yolo_ros\n'}
[6.992397] (yolo_ros) StdoutLine: {'line': b'Installing tracking_node script to /home/matsunaga-h/pickup_ws/install/yolo_ros/lib/yolo_ros\n'}
[6.992481] (yolo_ros) StdoutLine: {'line': b'Installing yolo_node script to /home/matsunaga-h/pickup_ws/install/yolo_ros/lib/yolo_ros\n'}
[6.992600] (yolo_ros) StdoutLine: {'line': b"writing list of installed files to '/home/matsunaga-h/pickup_ws/build/yolo_ros/install.log'\n"}
[7.008280] (yolo_ros) CommandEnded: {'returncode': 0}
[7.012043] (yolo_ros) JobEnded: {'identifier': 'yolo_ros', 'rc': 0}
[7.012665] (yolo_bringup) JobStarted: {'identifier': 'yolo_bringup'}
[7.020371] (yolo_bringup) JobProgress: {'identifier': 'yolo_bringup', 'progress': 'cmake'}
[7.021117] (yolo_bringup) Command: {'cmd': ['/usr/bin/cmake', '/home/matsunaga-h/pickup_ws/src/yolo_ros/yolo_bringup', '-DCMAKE_INSTALL_PREFIX=/home/matsunaga-h/pickup_ws/install/yolo_bringup'], 'cwd': '/home/matsunaga-h/pickup_ws/build/yolo_bringup', 'env': OrderedDict([('GJS_DEBUG_TOPICS', 'JS ERROR;JS LOG'), ('LESSOPEN', '| /usr/bin/lesspipe %s'), ('LANGUAGE', 'ja:en'), ('USER', 'matsunaga-h'), ('LC_TIME', 'ja_JP.UTF-8'), ('XDG_SESSION_TYPE', 'wayland'), ('SHLVL', '1'), ('LD_LIBRARY_PATH', '/home/matsunaga-h/pickup_ws/install/yolo_msgs/lib:/opt/ros/humble/opt/rviz_ogre_vendor/lib:/opt/ros/humble/lib/x86_64-linux-gnu:/opt/ros/humble/lib'), ('HOME', '/home/matsunaga-h'), ('OLDPWD', '/home/matsunaga-h/pickup_ws/src'), ('DESKTOP_SESSION', 'ubuntu'), ('ROS_PYTHON_VERSION', '3'), ('GNOME_SHELL_SESSION_MODE', 'ubuntu'), ('GTK_MODULES', 'gail:atk-bridge'), ('LC_MONETARY', 'ja_JP.UTF-8'), ('MANAGERPID', '2068'), ('SYSTEMD_EXEC_PID', '2236'), ('DBUS_SESSION_BUS_ADDRESS', 'unix:path=/run/user/1000/bus'), ('COLORTERM', 'truecolor'), ('TERMINATOR_DBUS_NAME', 'net.tenshu.Terminator25ef4b219e3b005583550f2b0f9f990c3'), ('IM_CONFIG_PHASE', '1'), ('WAYLAND_DISPLAY', 'wayland-0'), ('COLCON_PREFIX_PATH', '/home/matsunaga-h/pickup_ws/install'), ('ROS_DISTRO', 'humble'), ('LOGNAME', 'matsunaga-h'), ('JOURNAL_STREAM', '8:15755'), ('_', '/usr/bin/colcon'), ('ROS_VERSION', '2'), ('XDG_SESSION_CLASS', 'user'), ('USERNAME', 'matsunaga-h'), ('TERM', 'xterm-256color'), ('GNOME_DESKTOP_SESSION_ID', 'this-is-deprecated'), ('ROS_LOCALHOST_ONLY', '0'), ('PATH', '/opt/ros/humble/bin:/home/matsunaga-h/.local/bin:/usr/local/sbin:/usr/local/bin:/usr/sbin:/usr/bin:/sbin:/bin:/usr/games:/usr/local/games:/snap/bin:/snap/bin'), ('SESSION_MANAGER', 'local/matsunagah-NUC13ANH-B:@/tmp/.ICE-unix/2206,unix/matsunagah-NUC13ANH-B:/tmp/.ICE-unix/2206'), ('INVOCATION_ID', '741cca31c22a48bea7c1cb2486f1ecb7'), ('PAPERSIZE', 'a4'), ('XDG_MENU_PREFIX', 'gnome-'), ('LC_ADDRESS', 'ja_JP.UTF-8'), ('GNOME_SETUP_DISPLAY', ':1'), ('XDG_RUNTIME_DIR', '/run/user/1000'), ('DISPLAY', ':0'), ('TERMINATOR_DBUS_PATH', '/net/tenshu/Terminator2'), ('LANG', 'ja_JP.UTF-8'), ('XDG_CURRENT_DESKTOP', 'ubuntu:GNOME'), ('IBUS_DISABLE_SNOOPER', '1'), ('LC_TELEPHONE', 'ja_JP.UTF-8'), ('XMODIFIERS', '@im=ibus'), ('XDG_SESSION_DESKTOP', 'ubuntu'), ('XAUTHORITY', '/run/user/1000/.mutter-Xwaylandauth.VC0T62'), ('LS_COLORS', 'rs=0:di=01;34:ln=01;36:mh=00:pi=40;33:so=01;35:do=01;35:bd=40;33;01:cd=40;33;01:or=40;31;01:mi=00:su=37;41:sg=30;43:ca=30;41:tw=30;42:ow=34;42:st=37;44:ex=01;32:*.tar=01;31:*.tgz=01;31:*.arc=01;31:*.arj=01;31:*.taz=01;31:*.lha=01;31:*.lz4=01;31:*.lzh=01;31:*.lzma=01;31:*.tlz=01;31:*.txz=01;31:*.tzo=01;31:*.t7z=01;31:*.zip=01;31:*.z=01;31:*.dz=01;31:*.gz=01;31:*.lrz=01;31:*.lz=01;31:*.lzo=01;31:*.xz=01;31:*.zst=01;31:*.tzst=01;31:*.bz2=01;31:*.bz=01;31:*.tbz=01;31:*.tbz2=01;31:*.tz=01;31:*.deb=01;31:*.rpm=01;31:*.jar=01;31:*.war=01;31:*.ear=01;31:*.sar=01;31:*.rar=01;31:*.alz=01;31:*.ace=01;31:*.zoo=01;31:*.cpio=01;31:*.7z=01;31:*.rz=01;31:*.cab=01;31:*.wim=01;31:*.swm=01;31:*.dwm=01;31:*.esd=01;31:*.jpg=01;35:*.jpeg=01;35:*.mjpg=01;35:*.mjpeg=01;35:*.gif=01;35:*.bmp=01;35:*.pbm=01;35:*.pgm=01;35:*.ppm=01;35:*.tga=01;35:*.xbm=01;35:*.xpm=01;35:*.tif=01;35:*.tiff=01;35:*.png=01;35:*.svg=01;35:*.svgz=01;35:*.mng=01;35:*.pcx=01;35:*.mov=01;35:*.mpg=01;35:*.mpeg=01;35:*.m2v=01;35:*.mkv=01;35:*.webm=01;35:*.webp=01;35:*.ogm=01;35:*.mp4=01;35:*.m4v=01;35:*.mp4v=01;35:*.vob=01;35:*.qt=01;35:*.nuv=01;35:*.wmv=01;35:*.asf=01;35:*.rm=01;35:*.rmvb=01;35:*.flc=01;35:*.avi=01;35:*.fli=01;35:*.flv=01;35:*.gl=01;35:*.dl=01;35:*.xcf=01;35:*.xwd=01;35:*.yuv=01;35:*.cgm=01;35:*.emf=01;35:*.ogv=01;35:*.ogx=01;35:*.aac=00;36:*.au=00;36:*.flac=00;36:*.m4a=00;36:*.mid=00;36:*.midi=00;36:*.mka=00;36:*.mp3=00;36:*.mpc=00;36:*.ogg=00;36:*.ra=00;36:*.wav=00;36:*.oga=00;36:*.opus=00;36:*.spx=00;36:*.xspf=00;36:'), ('SSH_AGENT_LAUNCHER', 'gnome-keyring'), ('SSH_AUTH_SOCK', '/run/user/1000/keyring/ssh'), ('AMENT_PREFIX_PATH', '/home/matsunaga-h/pickup_ws/install/yolo_ros:/home/matsunaga-h/pickup_ws/install/yolo_msgs:/home/matsunaga-h/pickup_ws/install/vacuum_switch:/home/matsunaga-h/pickup_ws/install/my_package:/home/matsunaga-h/pickup_ws/install/air_pkg:/opt/ros/humble'), ('SHELL', '/bin/bash'), ('LC_NAME', 'ja_JP.UTF-8'), ('TERMINATOR_UUID', 'urn:uuid:0fcceb4a-4399-4c27-91eb-6a9355bd3a9d'), ('QT_ACCESSIBILITY', '1'), ('GDMSESSION', 'ubuntu'), ('LESSCLOSE', '/usr/bin/lesspipe %s %s'), ('LC_MEASUREMENT', 'ja_JP.UTF-8'), ('GJS_DEBUG_OUTPUT', 'stderr'), ('LC_IDENTIFICATION', 'ja_JP.UTF-8'), ('QT_IM_MODULE', 'ibus'), ('PWD', '/home/matsunaga-h/pickup_ws/build/yolo_bringup'), ('LC_ALL', 'en_US.UTF-8'), ('XDG_CONFIG_DIRS', '/etc/xdg/xdg-ubuntu:/etc/xdg'), ('XDG_DATA_DIRS', '/usr/share/ubuntu:/usr/local/share/:/usr/share/:/var/lib/snapd/desktop'), ('PYTHONPATH', '/home/matsunaga-h/pickup_ws/install/yolo_ros/lib/python3.10/site-packages:/home/matsunaga-h/pickup_ws/install/yolo_msgs/local/lib/python3.10/dist-packages:/home/matsunaga-h/pickup_ws/install/vacuum_switch/lib/python3.10/site-packages:/home/matsunaga-h/pickup_ws/install/my_package/lib/python3.10/site-packages:/home/matsunaga-h/pickup_ws/install/air_pkg/lib/python3.10/site-packages:/opt/ros/humble/lib/python3.10/site-packages:/opt/ros/humble/local/lib/python3.10/dist-packages'), ('LC_NUMERIC', 'ja_JP.UTF-8'), ('LC_PAPER', 'ja_JP.UTF-8'), ('COLCON', '1'), ('VTE_VERSION', '6800'), ('CMAKE_PREFIX_PATH', '/home/matsunaga-h/pickup_ws/install/yolo_msgs:/home/matsunaga-h/pickup_ws/install/vacuum_switch:/home/matsunaga-h/pickup_ws/install/my_package:/home/matsunaga-h/pickup_ws/install/air_pkg:/opt/ros/humble')]), 'shell': False}
[7.022974] (-) TimerEvent: {}
[7.084266] (yolo_bringup) StdoutLine: {'line': b'-- The C compiler identification is GNU 11.4.0\n'}
[7.123171] (-) TimerEvent: {}
[7.148479] (yolo_bringup) StdoutLine: {'line': b'-- The CXX compiler identification is GNU 11.4.0\n'}
[7.154164] (yolo_bringup) StdoutLine: {'line': b'-- Detecting C compiler ABI info\n'}
[7.223334] (-) TimerEvent: {}
[7.244158] (yolo_bringup) StdoutLine: {'line': b'-- Detecting C compiler ABI info - done\n'}
[7.251936] (yolo_bringup) StdoutLine: {'line': b'-- Check for working C compiler: /usr/bin/cc - skipped\n'}
[7.252111] (yolo_bringup) StdoutLine: {'line': b'-- Detecting C compile features\n'}
[7.252293] (yolo_bringup) StdoutLine: {'line': b'-- Detecting C compile features - done\n'}
[7.254171] (yolo_bringup) StdoutLine: {'line': b'-- Detecting CXX compiler ABI info\n'}
[7.323505] (-) TimerEvent: {}
[7.349166] (yolo_bringup) StdoutLine: {'line': b'-- Detecting CXX compiler ABI info - done\n'}
[7.358852] (yolo_bringup) StdoutLine: {'line': b'-- Check for working CXX compiler: /usr/bin/c++ - skipped\n'}
[7.359224] (yolo_bringup) StdoutLine: {'line': b'-- Detecting CXX compile features\n'}
[7.359633] (yolo_bringup) StdoutLine: {'line': b'-- Detecting CXX compile features - done\n'}
[7.362781] (yolo_bringup) StdoutLine: {'line': b'-- Found ament_cmake: 1.3.11 (/opt/ros/humble/share/ament_cmake/cmake)\n'}
[7.423697] (-) TimerEvent: {}
[7.504692] (yolo_bringup) StdoutLine: {'line': b'-- Found Python3: /usr/bin/python3 (found version "3.10.12") found components: Interpreter \n'}
[7.523918] (-) TimerEvent: {}
[7.623038] (yolo_bringup) StdoutLine: {'line': b'-- Configuring done\n'}
[7.624040] (-) TimerEvent: {}
[7.624291] (yolo_bringup) StdoutLine: {'line': b'-- Generating done\n'}
[7.625089] (yolo_bringup) StdoutLine: {'line': b'-- Build files have been written to: /home/matsunaga-h/pickup_ws/build/yolo_bringup\n'}
[7.628361] (yolo_bringup) CommandEnded: {'returncode': 0}
[7.628835] (yolo_bringup) JobProgress: {'identifier': 'yolo_bringup', 'progress': 'build'}
[7.628875] (yolo_bringup) Command: {'cmd': ['/usr/bin/cmake', '--build', '/home/matsunaga-h/pickup_ws/build/yolo_bringup', '--', '-j16', '-l16'], 'cwd': '/home/matsunaga-h/pickup_ws/build/yolo_bringup', 'env': OrderedDict([('GJS_DEBUG_TOPICS', 'JS ERROR;JS LOG'), ('LESSOPEN', '| /usr/bin/lesspipe %s'), ('LANGUAGE', 'ja:en'), ('USER', 'matsunaga-h'), ('LC_TIME', 'ja_JP.UTF-8'), ('XDG_SESSION_TYPE', 'wayland'), ('SHLVL', '1'), ('LD_LIBRARY_PATH', '/home/matsunaga-h/pickup_ws/install/yolo_msgs/lib:/opt/ros/humble/opt/rviz_ogre_vendor/lib:/opt/ros/humble/lib/x86_64-linux-gnu:/opt/ros/humble/lib'), ('HOME', '/home/matsunaga-h'), ('OLDPWD', '/home/matsunaga-h/pickup_ws/src'), ('DESKTOP_SESSION', 'ubuntu'), ('ROS_PYTHON_VERSION', '3'), ('GNOME_SHELL_SESSION_MODE', 'ubuntu'), ('GTK_MODULES', 'gail:atk-bridge'), ('LC_MONETARY', 'ja_JP.UTF-8'), ('MANAGERPID', '2068'), ('SYSTEMD_EXEC_PID', '2236'), ('DBUS_SESSION_BUS_ADDRESS', 'unix:path=/run/user/1000/bus'), ('COLORTERM', 'truecolor'), ('TERMINATOR_DBUS_NAME', 'net.tenshu.Terminator25ef4b219e3b005583550f2b0f9f990c3'), ('IM_CONFIG_PHASE', '1'), ('WAYLAND_DISPLAY', 'wayland-0'), ('COLCON_PREFIX_PATH', '/home/matsunaga-h/pickup_ws/install'), ('ROS_DISTRO', 'humble'), ('LOGNAME', 'matsunaga-h'), ('JOURNAL_STREAM', '8:15755'), ('_', '/usr/bin/colcon'), ('ROS_VERSION', '2'), ('XDG_SESSION_CLASS', 'user'), ('USERNAME', 'matsunaga-h'), ('TERM', 'xterm-256color'), ('GNOME_DESKTOP_SESSION_ID', 'this-is-deprecated'), ('ROS_LOCALHOST_ONLY', '0'), ('PATH', '/opt/ros/humble/bin:/home/matsunaga-h/.local/bin:/usr/local/sbin:/usr/local/bin:/usr/sbin:/usr/bin:/sbin:/bin:/usr/games:/usr/local/games:/snap/bin:/snap/bin'), ('SESSION_MANAGER', 'local/matsunagah-NUC13ANH-B:@/tmp/.ICE-unix/2206,unix/matsunagah-NUC13ANH-B:/tmp/.ICE-unix/2206'), ('INVOCATION_ID', '741cca31c22a48bea7c1cb2486f1ecb7'), ('PAPERSIZE', 'a4'), ('XDG_MENU_PREFIX', 'gnome-'), ('LC_ADDRESS', 'ja_JP.UTF-8'), ('GNOME_SETUP_DISPLAY', ':1'), ('XDG_RUNTIME_DIR', '/run/user/1000'), ('DISPLAY', ':0'), ('TERMINATOR_DBUS_PATH', '/net/tenshu/Terminator2'), ('LANG', 'ja_JP.UTF-8'), ('XDG_CURRENT_DESKTOP', 'ubuntu:GNOME'), ('IBUS_DISABLE_SNOOPER', '1'), ('LC_TELEPHONE', 'ja_JP.UTF-8'), ('XMODIFIERS', '@im=ibus'), ('XDG_SESSION_DESKTOP', 'ubuntu'), ('XAUTHORITY', '/run/user/1000/.mutter-Xwaylandauth.VC0T62'), ('LS_COLORS', 'rs=0:di=01;34:ln=01;36:mh=00:pi=40;33:so=01;35:do=01;35:bd=40;33;01:cd=40;33;01:or=40;31;01:mi=00:su=37;41:sg=30;43:ca=30;41:tw=30;42:ow=34;42:st=37;44:ex=01;32:*.tar=01;31:*.tgz=01;31:*.arc=01;31:*.arj=01;31:*.taz=01;31:*.lha=01;31:*.lz4=01;31:*.lzh=01;31:*.lzma=01;31:*.tlz=01;31:*.txz=01;31:*.tzo=01;31:*.t7z=01;31:*.zip=01;31:*.z=01;31:*.dz=01;31:*.gz=01;31:*.lrz=01;31:*.lz=01;31:*.lzo=01;31:*.xz=01;31:*.zst=01;31:*.tzst=01;31:*.bz2=01;31:*.bz=01;31:*.tbz=01;31:*.tbz2=01;31:*.tz=01;31:*.deb=01;31:*.rpm=01;31:*.jar=01;31:*.war=01;31:*.ear=01;31:*.sar=01;31:*.rar=01;31:*.alz=01;31:*.ace=01;31:*.zoo=01;31:*.cpio=01;31:*.7z=01;31:*.rz=01;31:*.cab=01;31:*.wim=01;31:*.swm=01;31:*.dwm=01;31:*.esd=01;31:*.jpg=01;35:*.jpeg=01;35:*.mjpg=01;35:*.mjpeg=01;35:*.gif=01;35:*.bmp=01;35:*.pbm=01;35:*.pgm=01;35:*.ppm=01;35:*.tga=01;35:*.xbm=01;35:*.xpm=01;35:*.tif=01;35:*.tiff=01;35:*.png=01;35:*.svg=01;35:*.svgz=01;35:*.mng=01;35:*.pcx=01;35:*.mov=01;35:*.mpg=01;35:*.mpeg=01;35:*.m2v=01;35:*.mkv=01;35:*.webm=01;35:*.webp=01;35:*.ogm=01;35:*.mp4=01;35:*.m4v=01;35:*.mp4v=01;35:*.vob=01;35:*.qt=01;35:*.nuv=01;35:*.wmv=01;35:*.asf=01;35:*.rm=01;35:*.rmvb=01;35:*.flc=01;35:*.avi=01;35:*.fli=01;35:*.flv=01;35:*.gl=01;35:*.dl=01;35:*.xcf=01;35:*.xwd=01;35:*.yuv=01;35:*.cgm=01;35:*.emf=01;35:*.ogv=01;35:*.ogx=01;35:*.aac=00;36:*.au=00;36:*.flac=00;36:*.m4a=00;36:*.mid=00;36:*.midi=00;36:*.mka=00;36:*.mp3=00;36:*.mpc=00;36:*.ogg=00;36:*.ra=00;36:*.wav=00;36:*.oga=00;36:*.opus=00;36:*.spx=00;36:*.xspf=00;36:'), ('SSH_AGENT_LAUNCHER', 'gnome-keyring'), ('SSH_AUTH_SOCK', '/run/user/1000/keyring/ssh'), ('AMENT_PREFIX_PATH', '/home/matsunaga-h/pickup_ws/install/yolo_ros:/home/matsunaga-h/pickup_ws/install/yolo_msgs:/home/matsunaga-h/pickup_ws/install/vacuum_switch:/home/matsunaga-h/pickup_ws/install/my_package:/home/matsunaga-h/pickup_ws/install/air_pkg:/opt/ros/humble'), ('SHELL', '/bin/bash'), ('LC_NAME', 'ja_JP.UTF-8'), ('TERMINATOR_UUID', 'urn:uuid:0fcceb4a-4399-4c27-91eb-6a9355bd3a9d'), ('QT_ACCESSIBILITY', '1'), ('GDMSESSION', 'ubuntu'), ('LESSCLOSE', '/usr/bin/lesspipe %s %s'), ('LC_MEASUREMENT', 'ja_JP.UTF-8'), ('GJS_DEBUG_OUTPUT', 'stderr'), ('LC_IDENTIFICATION', 'ja_JP.UTF-8'), ('QT_IM_MODULE', 'ibus'), ('PWD', '/home/matsunaga-h/pickup_ws/build/yolo_bringup'), ('LC_ALL', 'en_US.UTF-8'), ('XDG_CONFIG_DIRS', '/etc/xdg/xdg-ubuntu:/etc/xdg'), ('XDG_DATA_DIRS', '/usr/share/ubuntu:/usr/local/share/:/usr/share/:/var/lib/snapd/desktop'), ('PYTHONPATH', '/home/matsunaga-h/pickup_ws/install/yolo_ros/lib/python3.10/site-packages:/home/matsunaga-h/pickup_ws/install/yolo_msgs/local/lib/python3.10/dist-packages:/home/matsunaga-h/pickup_ws/install/vacuum_switch/lib/python3.10/site-packages:/home/matsunaga-h/pickup_ws/install/my_package/lib/python3.10/site-packages:/home/matsunaga-h/pickup_ws/install/air_pkg/lib/python3.10/site-packages:/opt/ros/humble/lib/python3.10/site-packages:/opt/ros/humble/local/lib/python3.10/dist-packages'), ('LC_NUMERIC', 'ja_JP.UTF-8'), ('LC_PAPER', 'ja_JP.UTF-8'), ('COLCON', '1'), ('VTE_VERSION', '6800'), ('CMAKE_PREFIX_PATH', '/home/matsunaga-h/pickup_ws/install/yolo_msgs:/home/matsunaga-h/pickup_ws/install/vacuum_switch:/home/matsunaga-h/pickup_ws/install/my_package:/home/matsunaga-h/pickup_ws/install/air_pkg:/opt/ros/humble')]), 'shell': False}
[7.671533] (yolo_bringup) CommandEnded: {'returncode': 0}
[7.672292] (yolo_bringup) JobProgress: {'identifier': 'yolo_bringup', 'progress': 'install'}
[7.672638] (yolo_bringup) Command: {'cmd': ['/usr/bin/cmake', '--install', '/home/matsunaga-h/pickup_ws/build/yolo_bringup'], 'cwd': '/home/matsunaga-h/pickup_ws/build/yolo_bringup', 'env': OrderedDict([('GJS_DEBUG_TOPICS', 'JS ERROR;JS LOG'), ('LESSOPEN', '| /usr/bin/lesspipe %s'), ('LANGUAGE', 'ja:en'), ('USER', 'matsunaga-h'), ('LC_TIME', 'ja_JP.UTF-8'), ('XDG_SESSION_TYPE', 'wayland'), ('SHLVL', '1'), ('LD_LIBRARY_PATH', '/home/matsunaga-h/pickup_ws/install/yolo_msgs/lib:/opt/ros/humble/opt/rviz_ogre_vendor/lib:/opt/ros/humble/lib/x86_64-linux-gnu:/opt/ros/humble/lib'), ('HOME', '/home/matsunaga-h'), ('OLDPWD', '/home/matsunaga-h/pickup_ws/src'), ('DESKTOP_SESSION', 'ubuntu'), ('ROS_PYTHON_VERSION', '3'), ('GNOME_SHELL_SESSION_MODE', 'ubuntu'), ('GTK_MODULES', 'gail:atk-bridge'), ('LC_MONETARY', 'ja_JP.UTF-8'), ('MANAGERPID', '2068'), ('SYSTEMD_EXEC_PID', '2236'), ('DBUS_SESSION_BUS_ADDRESS', 'unix:path=/run/user/1000/bus'), ('COLORTERM', 'truecolor'), ('TERMINATOR_DBUS_NAME', 'net.tenshu.Terminator25ef4b219e3b005583550f2b0f9f990c3'), ('IM_CONFIG_PHASE', '1'), ('WAYLAND_DISPLAY', 'wayland-0'), ('COLCON_PREFIX_PATH', '/home/matsunaga-h/pickup_ws/install'), ('ROS_DISTRO', 'humble'), ('LOGNAME', 'matsunaga-h'), ('JOURNAL_STREAM', '8:15755'), ('_', '/usr/bin/colcon'), ('ROS_VERSION', '2'), ('XDG_SESSION_CLASS', 'user'), ('USERNAME', 'matsunaga-h'), ('TERM', 'xterm-256color'), ('GNOME_DESKTOP_SESSION_ID', 'this-is-deprecated'), ('ROS_LOCALHOST_ONLY', '0'), ('PATH', '/opt/ros/humble/bin:/home/matsunaga-h/.local/bin:/usr/local/sbin:/usr/local/bin:/usr/sbin:/usr/bin:/sbin:/bin:/usr/games:/usr/local/games:/snap/bin:/snap/bin'), ('SESSION_MANAGER', 'local/matsunagah-NUC13ANH-B:@/tmp/.ICE-unix/2206,unix/matsunagah-NUC13ANH-B:/tmp/.ICE-unix/2206'), ('INVOCATION_ID', '741cca31c22a48bea7c1cb2486f1ecb7'), ('PAPERSIZE', 'a4'), ('XDG_MENU_PREFIX', 'gnome-'), ('LC_ADDRESS', 'ja_JP.UTF-8'), ('GNOME_SETUP_DISPLAY', ':1'), ('XDG_RUNTIME_DIR', '/run/user/1000'), ('DISPLAY', ':0'), ('TERMINATOR_DBUS_PATH', '/net/tenshu/Terminator2'), ('LANG', 'ja_JP.UTF-8'), ('XDG_CURRENT_DESKTOP', 'ubuntu:GNOME'), ('IBUS_DISABLE_SNOOPER', '1'), ('LC_TELEPHONE', 'ja_JP.UTF-8'), ('XMODIFIERS', '@im=ibus'), ('XDG_SESSION_DESKTOP', 'ubuntu'), ('XAUTHORITY', '/run/user/1000/.mutter-Xwaylandauth.VC0T62'), ('LS_COLORS', 'rs=0:di=01;34:ln=01;36:mh=00:pi=40;33:so=01;35:do=01;35:bd=40;33;01:cd=40;33;01:or=40;31;01:mi=00:su=37;41:sg=30;43:ca=30;41:tw=30;42:ow=34;42:st=37;44:ex=01;32:*.tar=01;31:*.tgz=01;31:*.arc=01;31:*.arj=01;31:*.taz=01;31:*.lha=01;31:*.lz4=01;31:*.lzh=01;31:*.lzma=01;31:*.tlz=01;31:*.txz=01;31:*.tzo=01;31:*.t7z=01;31:*.zip=01;31:*.z=01;31:*.dz=01;31:*.gz=01;31:*.lrz=01;31:*.lz=01;31:*.lzo=01;31:*.xz=01;31:*.zst=01;31:*.tzst=01;31:*.bz2=01;31:*.bz=01;31:*.tbz=01;31:*.tbz2=01;31:*.tz=01;31:*.deb=01;31:*.rpm=01;31:*.jar=01;31:*.war=01;31:*.ear=01;31:*.sar=01;31:*.rar=01;31:*.alz=01;31:*.ace=01;31:*.zoo=01;31:*.cpio=01;31:*.7z=01;31:*.rz=01;31:*.cab=01;31:*.wim=01;31:*.swm=01;31:*.dwm=01;31:*.esd=01;31:*.jpg=01;35:*.jpeg=01;35:*.mjpg=01;35:*.mjpeg=01;35:*.gif=01;35:*.bmp=01;35:*.pbm=01;35:*.pgm=01;35:*.ppm=01;35:*.tga=01;35:*.xbm=01;35:*.xpm=01;35:*.tif=01;35:*.tiff=01;35:*.png=01;35:*.svg=01;35:*.svgz=01;35:*.mng=01;35:*.pcx=01;35:*.mov=01;35:*.mpg=01;35:*.mpeg=01;35:*.m2v=01;35:*.mkv=01;35:*.webm=01;35:*.webp=01;35:*.ogm=01;35:*.mp4=01;35:*.m4v=01;35:*.mp4v=01;35:*.vob=01;35:*.qt=01;35:*.nuv=01;35:*.wmv=01;35:*.asf=01;35:*.rm=01;35:*.rmvb=01;35:*.flc=01;35:*.avi=01;35:*.fli=01;35:*.flv=01;35:*.gl=01;35:*.dl=01;35:*.xcf=01;35:*.xwd=01;35:*.yuv=01;35:*.cgm=01;35:*.emf=01;35:*.ogv=01;35:*.ogx=01;35:*.aac=00;36:*.au=00;36:*.flac=00;36:*.m4a=00;36:*.mid=00;36:*.midi=00;36:*.mka=00;36:*.mp3=00;36:*.mpc=00;36:*.ogg=00;36:*.ra=00;36:*.wav=00;36:*.oga=00;36:*.opus=00;36:*.spx=00;36:*.xspf=00;36:'), ('SSH_AGENT_LAUNCHER', 'gnome-keyring'), ('SSH_AUTH_SOCK', '/run/user/1000/keyring/ssh'), ('AMENT_PREFIX_PATH', '/home/matsunaga-h/pickup_ws/install/yolo_ros:/home/matsunaga-h/pickup_ws/install/yolo_msgs:/home/matsunaga-h/pickup_ws/install/vacuum_switch:/home/matsunaga-h/pickup_ws/install/my_package:/home/matsunaga-h/pickup_ws/install/air_pkg:/opt/ros/humble'), ('SHELL', '/bin/bash'), ('LC_NAME', 'ja_JP.UTF-8'), ('TERMINATOR_UUID', 'urn:uuid:0fcceb4a-4399-4c27-91eb-6a9355bd3a9d'), ('QT_ACCESSIBILITY', '1'), ('GDMSESSION', 'ubuntu'), ('LESSCLOSE', '/usr/bin/lesspipe %s %s'), ('LC_MEASUREMENT', 'ja_JP.UTF-8'), ('GJS_DEBUG_OUTPUT', 'stderr'), ('LC_IDENTIFICATION', 'ja_JP.UTF-8'), ('QT_IM_MODULE', 'ibus'), ('PWD', '/home/matsunaga-h/pickup_ws/build/yolo_bringup'), ('LC_ALL', 'en_US.UTF-8'), ('XDG_CONFIG_DIRS', '/etc/xdg/xdg-ubuntu:/etc/xdg'), ('XDG_DATA_DIRS', '/usr/share/ubuntu:/usr/local/share/:/usr/share/:/var/lib/snapd/desktop'), ('PYTHONPATH', '/home/matsunaga-h/pickup_ws/install/yolo_ros/lib/python3.10/site-packages:/home/matsunaga-h/pickup_ws/install/yolo_msgs/local/lib/python3.10/dist-packages:/home/matsunaga-h/pickup_ws/install/vacuum_switch/lib/python3.10/site-packages:/home/matsunaga-h/pickup_ws/install/my_package/lib/python3.10/site-packages:/home/matsunaga-h/pickup_ws/install/air_pkg/lib/python3.10/site-packages:/opt/ros/humble/lib/python3.10/site-packages:/opt/ros/humble/local/lib/python3.10/dist-packages'), ('LC_NUMERIC', 'ja_JP.UTF-8'), ('LC_PAPER', 'ja_JP.UTF-8'), ('COLCON', '1'), ('VTE_VERSION', '6800'), ('CMAKE_PREFIX_PATH', '/home/matsunaga-h/pickup_ws/install/yolo_msgs:/home/matsunaga-h/pickup_ws/install/vacuum_switch:/home/matsunaga-h/pickup_ws/install/my_package:/home/matsunaga-h/pickup_ws/install/air_pkg:/opt/ros/humble')]), 'shell': False}
[7.679851] (yolo_bringup) StdoutLine: {'line': b'-- Install configuration: ""\n'}
[7.680275] (yolo_bringup) StdoutLine: {'line': b'-- Installing: /home/matsunaga-h/pickup_ws/install/yolo_bringup/share/yolo_bringup//launch\n'}
[7.680396] (yolo_bringup) StdoutLine: {'line': b'-- Installing: /home/matsunaga-h/pickup_ws/install/yolo_bringup/share/yolo_bringup//launch/yolo.launch.py\n'}
[7.680499] (yolo_bringup) StdoutLine: {'line': b'-- Installing: /home/matsunaga-h/pickup_ws/install/yolo_bringup/share/yolo_bringup//launch/yolov5.launch.py\n'}
[7.680597] (yolo_bringup) StdoutLine: {'line': b'-- Installing: /home/matsunaga-h/pickup_ws/install/yolo_bringup/share/yolo_bringup//launch/yolov8.launch.py\n'}
[7.680695] (yolo_bringup) StdoutLine: {'line': b'-- Installing: /home/matsunaga-h/pickup_ws/install/yolo_bringup/share/yolo_bringup//launch/yolo-world.launch.py\n'}
[7.680792] (yolo_bringup) StdoutLine: {'line': b'-- Installing: /home/matsunaga-h/pickup_ws/install/yolo_bringup/share/yolo_bringup//launch/yolov9.launch.py\n'}
[7.680900] (yolo_bringup) StdoutLine: {'line': b'-- Installing: /home/matsunaga-h/pickup_ws/install/yolo_bringup/share/yolo_bringup//launch/yolov10.launch.py\n'}
[7.681004] (yolo_bringup) StdoutLine: {'line': b'-- Installing: /home/matsunaga-h/pickup_ws/install/yolo_bringup/share/yolo_bringup//launch/yolov12.launch.py\n'}
[7.681102] (yolo_bringup) StdoutLine: {'line': b'-- Installing: /home/matsunaga-h/pickup_ws/install/yolo_bringup/share/yolo_bringup//launch/yolov11.launch.py\n'}
[7.681346] (yolo_bringup) StdoutLine: {'line': b'-- Installing: /home/matsunaga-h/pickup_ws/install/yolo_bringup/share/ament_index/resource_index/package_run_dependencies/yolo_bringup\n'}
[7.681467] (yolo_bringup) StdoutLine: {'line': b'-- Installing: /home/matsunaga-h/pickup_ws/install/yolo_bringup/share/ament_index/resource_index/parent_prefix_path/yolo_bringup\n'}
[7.681583] (yolo_bringup) StdoutLine: {'line': b'-- Installing: /home/matsunaga-h/pickup_ws/install/yolo_bringup/share/yolo_bringup/environment/ament_prefix_path.sh\n'}
[7.681694] (yolo_bringup) StdoutLine: {'line': b'-- Installing: /home/matsunaga-h/pickup_ws/install/yolo_bringup/share/yolo_bringup/environment/ament_prefix_path.dsv\n'}
[7.681803] (yolo_bringup) StdoutLine: {'line': b'-- Installing: /home/matsunaga-h/pickup_ws/install/yolo_bringup/share/yolo_bringup/environment/path.sh\n'}
[7.682076] (yolo_bringup) StdoutLine: {'line': b'-- Installing: /home/matsunaga-h/pickup_ws/install/yolo_bringup/share/yolo_bringup/environment/path.dsv\n'}
[7.682218] (yolo_bringup) StdoutLine: {'line': b'-- Installing: /home/matsunaga-h/pickup_ws/install/yolo_bringup/share/yolo_bringup/local_setup.bash\n'}
[7.682337] (yolo_bringup) StdoutLine: {'line': b'-- Installing: /home/matsunaga-h/pickup_ws/install/yolo_bringup/share/yolo_bringup/local_setup.sh\n'}
[7.682447] (yolo_bringup) StdoutLine: {'line': b'-- Installing: /home/matsunaga-h/pickup_ws/install/yolo_bringup/share/yolo_bringup/local_setup.zsh\n'}
[7.682555] (yolo_bringup) StdoutLine: {'line': b'-- Installing: /home/matsunaga-h/pickup_ws/install/yolo_bringup/share/yolo_bringup/local_setup.dsv\n'}
[7.682663] (yolo_bringup) StdoutLine: {'line': b'-- Installing: /home/matsunaga-h/pickup_ws/install/yolo_bringup/share/yolo_bringup/package.dsv\n'}
[7.682771] (yolo_bringup) StdoutLine: {'line': b'-- Installing: /home/matsunaga-h/pickup_ws/install/yolo_bringup/share/ament_index/resource_index/packages/yolo_bringup\n'}
[7.682891] (yolo_bringup) StdoutLine: {'line': b'-- Installing: /home/matsunaga-h/pickup_ws/install/yolo_bringup/share/yolo_bringup/cmake/yolo_bringupConfig.cmake\n'}
[7.683313] (yolo_bringup) StdoutLine: {'line': b'-- Installing: /home/matsunaga-h/pickup_ws/install/yolo_bringup/share/yolo_bringup/cmake/yolo_bringupConfig-version.cmake\n'}
[7.683444] (yolo_bringup) StdoutLine: {'line': b'-- Installing: /home/matsunaga-h/pickup_ws/install/yolo_bringup/share/yolo_bringup/package.xml\n'}
[7.684145] (yolo_bringup) CommandEnded: {'returncode': 0}
[7.697463] (yolo_bringup) JobEnded: {'identifier': 'yolo_bringup', 'rc': 0}
[7.698429] (-) EventReactorShutdown: {}
